========================================================================
DERIV DEMO EXECUTION PREFLIGHT
========================================================================
[OK] MT5_ACCOUNT_INFO {'login': 41108926, 'server': 'Deriv-Demo', 'currency': 'USD', 'balance': 10000.0, 'equity': 10000.0, 'margin': 0.0, 'free_margin': 10000.0, 'profit': 0.0, 'leverage': 1000, 'trade_mode': 0, 'snapshot_time': datetime.datetime(2026, 9, 3, 13, 19, 30, 95688, tzinfo=datetime.timezone.utc), 'broker': 'MT5'}
[OK] MT5_TERMINAL_CONNECTED {'trade_allowed': True, 'tradeapi_disabled': False}
[OK] MT5_AUTOTRADING_ALLOWED {'trade_allowed': True, 'tradeapi_disabled': False}
[OK] DEMO_ACCOUNT {'trade_mode': 0, 'server': 'Deriv-Demo'}
[OK] FREE_MARGIN {'free_margin': 10000.0, 'required': 0.0}
[OK] DATABASE_READY {}
[OK] SYMBOL:Boom 100 Index {'visible': True, 'trade_mode': 4, 'volume_min': 0.1, 'volume_step': 0.01, 'point': 0.001, 'stops_level_points': 22451}
[OK] SYMBOL:Boom 1000 Index {'visible': True, 'trade_mode': 4, 'volume_min': 0.2, 'volume_step': 0.01, 'point': 0.0001, 'stops_level_points': 26160}
[OK] SYMBOL:Boom 150 Index {'visible': True, 'trade_mode': 4, 'volume_min': 0.5, 'volume_step': 0.01, 'point': 0.0001, 'stops_level_points': 1000}
[OK] SYMBOL:Boom 200 Index {'visible': True, 'trade_mode': 4, 'volume_min': 0.1, 'volume_step': 0.01, 'point': 0.001, 'stops_level_points': 22998}
[OK] SYMBOL:Boom 300 Index {'visible': True, 'trade_mode': 4, 'volume_min': 0.5, 'volume_step': 0.01, 'point': 0.001, 'stops_level_points': 1668}
[OK] SYMBOL:Boom 50 Index {'visible': True, 'trade_mode': 4, 'volume_min': 0.1, 'volume_step': 0.01, 'point': 0.0001, 'stops_level_points': 21359}
[OK] SYMBOL:Boom 500 Index {'visible': True, 'trade_mode': 4, 'volume_min': 0.2, 'volume_step': 0.01, 'point': 0.001, 'stops_level_points': 1173}
[OK] SYMBOL:Boom 600 Index {'visible': True, 'trade_mode': 4, 'volume_min': 0.2, 'volume_step': 0.01, 'point': 0.001, 'stops_level_points': 1530}
[OK] SYMBOL:Boom 900 Index {'visible': True, 'trade_mode': 4, 'volume_min': 0.2, 'volume_step': 0.01, 'point': 0.001, 'stops_level_points': 1287}
[OK] SYMBOL:Boom 99 Index {'visible': True, 'trade_mode': 4, 'volume_min': 0.1, 'volume_step': 0.01, 'point': 0.001, 'stops_level_points': 22522}
========================================================================
STATUS: READY FOR DEMO EXECUTION
DAEMONBLACKFX VERSION: v100-entry-quality-recoverable-quarantine-winrate-audit
BOT ACTIVO: BOOM | MAGIC=26082101 | ESTRATEGIA=SMC/ORB | instrumentos=10 | auto_export=False
========================================================================================
BOT SMC MT5 - DERIV DEMO
========================================================================================
Cuenta: 41108926 | Servidor: Deriv-Demo
Balance: 10000.00 USD
Modo: EJECUCIÓN DEMO
Riesgo por trade: 1.00% | R:R mínimo: 1.50
Intervalo: 30s | Símbolos: 10
Reporte XLSX: C:\TradingBoot\smc_synthetic_bot\storage\exports\deriv_demo_trading_report.xlsx
Pipeline: SMC -> TradeLifecycleManager -> MT5TradeExecutor -> SQLite -> XLSX
========================================================================================
Daemon activo: señales=30s | monitor posiciones/BE=2s | símbolos=10
Progreso: se mostrará cada símbolo y su tiempo de análisis.
{'action': 'POSITION_MONITOR_STARTED', 'signal_interval_seconds': 30, 'position_monitor_interval_seconds': 2, 'monitor_mode': 'BACKGROUND_DECOUPLED'}

========================================================================================
CICLO #0001 | 2026-09-03 13:19:41 UTC | símbolos=10
========================================================================================
[01/10] START Boom 100 Index
[01/10] END   Boom 100 Index | 2.50s | DIRECCIÓN BLOQUEADA POR POLÍTICA DEL INSTRUMENTO
    Motivo: BOOM_BUY_ONLY_REQUIRES_BUY_H1_CONTEXT
[02/10] START Boom 1000 Index
[02/10] END   Boom 1000 Index | 4.39s | NO M5 CONFIRMATION
    Motivo: NO_DIRECTIONAL_M5_CONFIRMATION
[03/10] START Boom 150 Index
[03/10] END   Boom 150 Index | 6.78s | STALE M5 SIGNAL
    Motivo: M5_CONFIRMATION_TOO_OLD_FOR_LIVE_ENTRY
[04/10] START Boom 200 Index
[04/10] END   Boom 200 Index | 4.20s | STALE M5 SIGNAL
    Motivo: M5_CONFIRMATION_TOO_OLD_FOR_LIVE_ENTRY
[05/10] START Boom 300 Index
[05/10] END   Boom 300 Index | 1.18s | DIRECCIÓN BLOQUEADA POR POLÍTICA DEL INSTRUMENTO
    Motivo: BOOM_BUY_ONLY_REQUIRES_BUY_H1_CONTEXT
[06/10] START Boom 50 Index
[06/10] END   Boom 50 Index | 4.57s | NO M5 CONFIRMATION
    Motivo: NO_DIRECTIONAL_M5_CONFIRMATION
[07/10] START Boom 500 Index
[07/10] END   Boom 500 Index | 1.31s | DIRECCIÓN BLOQUEADA POR POLÍTICA DEL INSTRUMENTO
    Motivo: BOOM_BUY_ONLY_REQUIRES_BUY_H1_CONTEXT
[08/10] START Boom 600 Index
[08/10] END   Boom 600 Index | 1.33s | DIRECCIÓN BLOQUEADA POR POLÍTICA DEL INSTRUMENTO
    Motivo: BOOM_BUY_ONLY_REQUIRES_BUY_H1_CONTEXT
[09/10] START Boom 900 Index
[09/10] END   Boom 900 Index | 5.01s | STALE M5 SIGNAL
    Motivo: M5_CONFIRMATION_TOO_OLD_FOR_LIVE_ENTRY
[10/10] START Boom 99 Index
[10/10] END   Boom 99 Index | 6.00s | STALE M5 SIGNAL
    Motivo: M5_CONFIRMATION_TOO_OLD_FOR_LIVE_ENTRY
----------------------------------------------------------------------------------------
RESUMEN DEL CICLO #0001
Símbolos analizados: 10
Sin señal: 0
Esperando/otros: 6
Señales rechazadas: 4
Bloqueadas por estado/límites: 0
Validadas DRY RUN: 0
Nuevas órdenes: 0
Operaciones cerradas sincronizadas: 0
Errores: 0
Duración del ciclo: 41.91s
Intervalo objetivo: 30s
Próximo ciclo en: 0.00s
[AVISO] Ciclo excedio el intervalo por: 11.91s
----------------------------------------------------------------------------------------

========================================================================================
CICLO #0002 | 2026-09-03 13:20:23 UTC | símbolos=10
========================================================================================
[01/10] START Boom 100 Index
[01/10] END   Boom 100 Index | 0.01s | DIRECCIÓN BLOQUEADA POR POLÍTICA DEL INSTRUMENTO
    Motivo: BOOM_BUY_ONLY_REQUIRES_BUY_H1_CONTEXT
[02/10] START Boom 1000 Index
[02/10] END   Boom 1000 Index | 0.68s | NO M5 CONFIRMATION
    Motivo: NO_DIRECTIONAL_M5_CONFIRMATION
[03/10] START Boom 150 Index
[03/10] END   Boom 150 Index | 1.51s | STALE M5 SIGNAL
    Motivo: M5_CONFIRMATION_TOO_OLD_FOR_LIVE_ENTRY
[04/10] START Boom 200 Index
[04/10] END   Boom 200 Index | 0.02s | STALE M5 SIGNAL
    Motivo: M5_CONFIRMATION_TOO_OLD_FOR_LIVE_ENTRY
[05/10] START Boom 300 Index
[05/10] END   Boom 300 Index | 0.01s | DIRECCIÓN BLOQUEADA POR POLÍTICA DEL INSTRUMENTO
    Motivo: BOOM_BUY_ONLY_REQUIRES_BUY_H1_CONTEXT
[06/10] START Boom 50 Index
[06/10] END   Boom 50 Index | 0.01s | NO M5 CONFIRMATION
    Motivo: NO_DIRECTIONAL_M5_CONFIRMATION
[07/10] START Boom 500 Index
[07/10] END   Boom 500 Index | 0.01s | DIRECCIÓN BLOQUEADA POR POLÍTICA DEL INSTRUMENTO
    Motivo: BOOM_BUY_ONLY_REQUIRES_BUY_H1_CONTEXT
[08/10] START Boom 600 Index
[08/10] END   Boom 600 Index | 0.01s | DIRECCIÓN BLOQUEADA POR POLÍTICA DEL INSTRUMENTO
    Motivo: BOOM_BUY_ONLY_REQUIRES_BUY_H1_CONTEXT
[09/10] START Boom 900 Index
[09/10] END   Boom 900 Index | 0.02s | STALE M5 SIGNAL
    Motivo: M5_CONFIRMATION_TOO_OLD_FOR_LIVE_ENTRY
[10/10] START Boom 99 Index
[10/10] END   Boom 99 Index | 0.02s | STALE M5 SIGNAL
    Motivo: M5_CONFIRMATION_TOO_OLD_FOR_LIVE_ENTRY
----------------------------------------------------------------------------------------
RESUMEN DEL CICLO #0002
Símbolos analizados: 10
Sin señal: 0
Esperando/otros: 6
Señales rechazadas: 4
Bloqueadas por estado/límites: 0
Validadas DRY RUN: 0
Nuevas órdenes: 0
Operaciones cerradas sincronizadas: 0
Errores: 0
Duración del ciclo: 2.38s
Intervalo objetivo: 30s
Próximo ciclo en: 27.62s
----------------------------------------------------------------------------------------

========================================================================================
CICLO #0003 | 2026-09-03 13:20:53 UTC | símbolos=0
========================================================================================
----------------------------------------------------------------------------------------
RESUMEN DEL CICLO #0003
Símbolos analizados: 0
Sin señal: 0
Esperando/otros: 0
Señales rechazadas: 0
Bloqueadas por estado/límites: 0
Validadas DRY RUN: 0
Nuevas órdenes: 0
Operaciones cerradas sincronizadas: 0
Errores: 0
Duración del ciclo: 0.04s
Intervalo objetivo: 30s
Próximo ciclo en: 29.96s
----------------------------------------------------------------------------------------

========================================================================================
CICLO #0004 | 2026-09-03 13:21:23 UTC | símbolos=0
========================================================================================
----------------------------------------------------------------------------------------
RESUMEN DEL CICLO #0004
Símbolos analizados: 0
Sin señal: 0
Esperando/otros: 0
Señales rechazadas: 0
Bloqueadas por estado/límites: 0
Validadas DRY RUN: 0
Nuevas órdenes: 0
Operaciones cerradas sincronizadas: 0
Errores: 0
Duración del ciclo: 0.03s
Intervalo objetivo: 30s
Próximo ciclo en: 29.97s
----------------------------------------------------------------------------------------

========================================================================================
CICLO #0005 | 2026-09-03 13:21:53 UTC | símbolos=0
========================================================================================
----------------------------------------------------------------------------------------
RESUMEN DEL CICLO #0005
Símbolos analizados: 0
Sin señal: 0
Esperando/otros: 0
Señales rechazadas: 0
Bloqueadas por estado/límites: 0
Validadas DRY RUN: 0
Nuevas órdenes: 0
Operaciones cerradas sincronizadas: 0
Errores: 0
Duración del ciclo: 0.05s
Intervalo objetivo: 30s
Próximo ciclo en: 29.95s
----------------------------------------------------------------------------------------

========================================================================================
CICLO #0006 | 2026-09-03 13:22:23 UTC | símbolos=0
========================================================================================
----------------------------------------------------------------------------------------
RESUMEN DEL CICLO #0006
Símbolos analizados: 0
Sin señal: 0
Esperando/otros: 0
Señales rechazadas: 0
Bloqueadas por estado/límites: 0
Validadas DRY RUN: 0
Nuevas órdenes: 0
Operaciones cerradas sincronizadas: 0
Errores: 0
Duración del ciclo: 0.03s
Intervalo objetivo: 30s
Próximo ciclo en: 29.97s
----------------------------------------------------------------------------------------

========================================================================================
CICLO #0007 | 2026-09-03 13:22:53 UTC | símbolos=0
========================================================================================
----------------------------------------------------------------------------------------
RESUMEN DEL CICLO #0007
Símbolos analizados: 0
Sin señal: 0
Esperando/otros: 0
Señales rechazadas: 0
Bloqueadas por estado/límites: 0
Validadas DRY RUN: 0
Nuevas órdenes: 0
Operaciones cerradas sincronizadas: 0
Errores: 0
Duración del ciclo: 0.04s
Intervalo objetivo: 30s
Próximo ciclo en: 29.96s
----------------------------------------------------------------------------------------

========================================================================================
CICLO #0008 | 2026-09-03 13:23:23 UTC | símbolos=0
========================================================================================
----------------------------------------------------------------------------------------
RESUMEN DEL CICLO #0008
Símbolos analizados: 0
Sin señal: 0
Esperando/otros: 0
Señales rechazadas: 0
Bloqueadas por estado/límites: 0
Validadas DRY RUN: 0
Nuevas órdenes: 0
Operaciones cerradas sincronizadas: 0
Errores: 0
Duración del ciclo: 0.04s
Intervalo objetivo: 30s
Próximo ciclo en: 29.96s
----------------------------------------------------------------------------------------
Bot detenido por el usuario.
========================================================================
DERIV DEMO EXECUTION PREFLIGHT
========================================================================
[OK] MT5_ACCOUNT_INFO {'login': 41108926, 'server': 'Deriv-Demo', 'currency': 'USD', 'balance': 9999.39, 'equity': 9999.39, 'margin': 0.0, 'free_margin': 9999.39, 'profit': 0.0, 'leverage': 1000, 'trade_mode': 0, 'snapshot_time': datetime.datetime(2026, 9, 3, 13, 24, 52, 839422, tzinfo=datetime.timezone.utc), 'broker': 'MT5'}
[OK] MT5_TERMINAL_CONNECTED {'trade_allowed': True, 'tradeapi_disabled': False}
[OK] MT5_AUTOTRADING_ALLOWED {'trade_allowed': True, 'tradeapi_disabled': False}
[OK] DEMO_ACCOUNT {'trade_mode': 0, 'server': 'Deriv-Demo'}
[OK] FREE_MARGIN {'free_margin': 9999.39, 'required': 0.0}
[OK] DATABASE_READY {}
[OK] SYMBOL:Boom 100 Index {'visible': True, 'trade_mode': 4, 'volume_min': 0.1, 'volume_step': 0.01, 'point': 0.001, 'stops_level_points': 22451}
[OK] SYMBOL:Boom 1000 Index {'visible': True, 'trade_mode': 4, 'volume_min': 0.2, 'volume_step': 0.01, 'point': 0.0001, 'stops_level_points': 26160}
[OK] SYMBOL:Boom 150 Index {'visible': True, 'trade_mode': 4, 'volume_min': 0.5, 'volume_step': 0.01, 'point': 0.0001, 'stops_level_points': 1000}
[OK] SYMBOL:Boom 200 Index {'visible': True, 'trade_mode': 4, 'volume_min': 0.1, 'volume_step': 0.01, 'point': 0.001, 'stops_level_points': 22998}
[OK] SYMBOL:Boom 300 Index {'visible': True, 'trade_mode': 4, 'volume_min': 0.5, 'volume_step': 0.01, 'point': 0.001, 'stops_level_points': 1668}
[OK] SYMBOL:Boom 50 Index {'visible': True, 'trade_mode': 4, 'volume_min': 0.1, 'volume_step': 0.01, 'point': 0.0001, 'stops_level_points': 21359}
[OK] SYMBOL:Boom 500 Index {'visible': True, 'trade_mode': 4, 'volume_min': 0.2, 'volume_step': 0.01, 'point': 0.001, 'stops_level_points': 1173}
[OK] SYMBOL:Boom 600 Index {'visible': True, 'trade_mode': 4, 'volume_min': 0.2, 'volume_step': 0.01, 'point': 0.001, 'stops_level_points': 1530}
[OK] SYMBOL:Boom 900 Index {'visible': True, 'trade_mode': 4, 'volume_min': 0.2, 'volume_step': 0.01, 'point': 0.001, 'stops_level_points': 1287}
[OK] SYMBOL:Boom 99 Index {'visible': True, 'trade_mode': 4, 'volume_min': 0.1, 'volume_step': 0.01, 'point': 0.001, 'stops_level_points': 22522}
========================================================================
STATUS: READY FOR DEMO EXECUTION
DAEMONBLACKFX VERSION: v100-entry-quality-recoverable-quarantine-winrate-audit
BOT ACTIVO: BOOM | MAGIC=26082101 | ESTRATEGIA=SMC/ORB | instrumentos=10 | auto_export=False
========================================================================================
BOT SMC MT5 - DERIV DEMO
========================================================================================
Cuenta: 41108926 | Servidor: Deriv-Demo
Balance: 9999.39 USD
Modo: EJECUCIÓN DEMO
Riesgo por trade: 1.00% | R:R mínimo: 1.50
Intervalo: 30s | Símbolos: 10
Reporte XLSX: C:\TradingBoot\smc_synthetic_bot\storage\exports\deriv_demo_trading_report.xlsx
Pipeline: SMC -> TradeLifecycleManager -> MT5TradeExecutor -> SQLite -> XLSX
========================================================================================
Daemon activo: señales=30s | monitor posiciones/BE=2s | símbolos=10
Progreso: se mostrará cada símbolo y su tiempo de análisis.
{'action': 'POSITION_MONITOR_STARTED', 'signal_interval_seconds': 30, 'position_monitor_interval_seconds': 2, 'monitor_mode': 'BACKGROUND_DECOUPLED'}

========================================================================================
CICLO #0001 | 2026-09-03 13:25:02 UTC | símbolos=10
========================================================================================
[01/10] START Boom 100 Index
[01/10] END   Boom 100 Index | 3.45s | DIRECCIÓN BLOQUEADA POR POLÍTICA DEL INSTRUMENTO
    Motivo: BOOM_BUY_ONLY_REQUIRES_BUY_H1_CONTEXT
[02/10] START Boom 1000 Index
[02/10] END   Boom 1000 Index | 4.60s | NO M5 CONFIRMATION
    Motivo: NO_DIRECTIONAL_M5_CONFIRMATION
[03/10] START Boom 150 Index
[03/10] END   Boom 150 Index | 5.61s | STALE M5 SIGNAL
    Motivo: M5_CONFIRMATION_TOO_OLD_FOR_LIVE_ENTRY
[04/10] START Boom 200 Index
[04/10] END   Boom 200 Index | 4.56s | STALE M5 SIGNAL
    Motivo: M5_CONFIRMATION_TOO_OLD_FOR_LIVE_ENTRY
[05/10] START Boom 300 Index
[05/10] END   Boom 300 Index | 1.50s | DIRECCIÓN BLOQUEADA POR POLÍTICA DEL INSTRUMENTO
    Motivo: BOOM_BUY_ONLY_REQUIRES_BUY_H1_CONTEXT
[06/10] START Boom 50 Index
[06/10] END   Boom 50 Index | 4.25s | NO M5 CONFIRMATION
    Motivo: NO_DIRECTIONAL_M5_CONFIRMATION
[07/10] START Boom 500 Index
[07/10] END   Boom 500 Index | 1.02s | DIRECCIÓN BLOQUEADA POR POLÍTICA DEL INSTRUMENTO
    Motivo: BOOM_BUY_ONLY_REQUIRES_BUY_H1_CONTEXT
[08/10] START Boom 600 Index
[08/10] END   Boom 600 Index | 1.21s | DIRECCIÓN BLOQUEADA POR POLÍTICA DEL INSTRUMENTO
    Motivo: BOOM_BUY_ONLY_REQUIRES_BUY_H1_CONTEXT
[09/10] START Boom 900 Index
[09/10] END   Boom 900 Index | 4.56s | STALE M5 SIGNAL
    Motivo: M5_CONFIRMATION_TOO_OLD_FOR_LIVE_ENTRY
[10/10] START Boom 99 Index
[10/10] END   Boom 99 Index | 5.51s | STALE M5 SIGNAL
    Motivo: M5_CONFIRMATION_TOO_OLD_FOR_LIVE_ENTRY
----------------------------------------------------------------------------------------
RESUMEN DEL CICLO #0001
Símbolos analizados: 10
Sin señal: 0
Esperando/otros: 6
Señales rechazadas: 4
Bloqueadas por estado/límites: 0
Validadas DRY RUN: 0
Nuevas órdenes: 0
Operaciones cerradas sincronizadas: 0
Errores: 0
Duración del ciclo: 40.37s
Intervalo objetivo: 30s
Próximo ciclo en: 0.00s
[AVISO] Ciclo excedio el intervalo por: 10.37s
----------------------------------------------------------------------------------------

========================================================================================
CICLO #0002 | 2026-09-03 13:25:42 UTC | símbolos=0
========================================================================================
----------------------------------------------------------------------------------------
RESUMEN DEL CICLO #0002
Símbolos analizados: 0
Sin señal: 0
Esperando/otros: 0
Señales rechazadas: 0
Bloqueadas por estado/límites: 0
Validadas DRY RUN: 0
Nuevas órdenes: 0
Operaciones cerradas sincronizadas: 0
Errores: 0
Duración del ciclo: 0.05s
Intervalo objetivo: 30s
Próximo ciclo en: 29.95s
----------------------------------------------------------------------------------------

========================================================================================
CICLO #0003 | 2026-09-03 13:26:12 UTC | símbolos=0
========================================================================================
----------------------------------------------------------------------------------------
RESUMEN DEL CICLO #0003
Símbolos analizados: 0
Sin señal: 0
Esperando/otros: 0
Señales rechazadas: 0
Bloqueadas por estado/límites: 0
Validadas DRY RUN: 0
Nuevas órdenes: 0
Operaciones cerradas sincronizadas: 0
Errores: 0
Duración del ciclo: 0.05s
Intervalo objetivo: 30s
Próximo ciclo en: 29.95s
----------------------------------------------------------------------------------------

========================================================================================
CICLO #0004 | 2026-09-03 13:26:42 UTC | símbolos=0
========================================================================================
----------------------------------------------------------------------------------------
RESUMEN DEL CICLO #0004
Símbolos analizados: 0
Sin señal: 0
Esperando/otros: 0
Señales rechazadas: 0
Bloqueadas por estado/límites: 0
Validadas DRY RUN: 0
Nuevas órdenes: 0
Operaciones cerradas sincronizadas: 0
Errores: 0
Duración del ciclo: 0.04s
Intervalo objetivo: 30s
Próximo ciclo en: 29.96s
----------------------------------------------------------------------------------------

========================================================================================
CICLO #0005 | 2026-09-03 13:27:12 UTC | símbolos=0
========================================================================================
----------------------------------------------------------------------------------------
RESUMEN DEL CICLO #0005
Símbolos analizados: 0
Sin señal: 0
Esperando/otros: 0
Señales rechazadas: 0
Bloqueadas por estado/límites: 0
Validadas DRY RUN: 0
Nuevas órdenes: 0
Operaciones cerradas sincronizadas: 0
Errores: 0
Duración del ciclo: 0.04s
Intervalo objetivo: 30s
Próximo ciclo en: 29.96s
----------------------------------------------------------------------------------------

========================================================================================
CICLO #0006 | 2026-09-03 13:27:42 UTC | símbolos=0
========================================================================================
----------------------------------------------------------------------------------------
RESUMEN DEL CICLO #0006
Símbolos analizados: 0
Sin señal: 0
Esperando/otros: 0
Señales rechazadas: 0
Bloqueadas por estado/límites: 0
Validadas DRY RUN: 0
Nuevas órdenes: 0
Operaciones cerradas sincronizadas: 0
Errores: 0
Duración del ciclo: 0.03s
Intervalo objetivo: 30s
Próximo ciclo en: 29.97s
----------------------------------------------------------------------------------------

========================================================================================
CICLO #0007 | 2026-09-03 13:28:12 UTC | símbolos=0
========================================================================================
----------------------------------------------------------------------------------------
RESUMEN DEL CICLO #0007
Símbolos analizados: 0
Sin señal: 0
Esperando/otros: 0
Señales rechazadas: 0
Bloqueadas por estado/límites: 0
Validadas DRY RUN: 0
Nuevas órdenes: 0
Operaciones cerradas sincronizadas: 0
Errores: 0
Duración del ciclo: 0.03s
Intervalo objetivo: 30s
Próximo ciclo en: 29.97s
----------------------------------------------------------------------------------------

========================================================================================
CICLO #0008 | 2026-09-03 13:28:42 UTC | símbolos=0
========================================================================================
----------------------------------------------------------------------------------------
RESUMEN DEL CICLO #0008
Símbolos analizados: 0
Sin señal: 0
Esperando/otros: 0
Señales rechazadas: 0
Bloqueadas por estado/límites: 0
Validadas DRY RUN: 0
Nuevas órdenes: 0
Operaciones cerradas sincronizadas: 0
Errores: 0
Duración del ciclo: 0.03s
Intervalo objetivo: 30s
Próximo ciclo en: 29.97s
----------------------------------------------------------------------------------------

========================================================================================
CICLO #0009 | 2026-09-03 13:29:12 UTC | símbolos=0
========================================================================================
----------------------------------------------------------------------------------------
RESUMEN DEL CICLO #0009
Símbolos analizados: 0
Sin señal: 0
Esperando/otros: 0
Señales rechazadas: 0
Bloqueadas por estado/límites: 0
Validadas DRY RUN: 0
Nuevas órdenes: 0
Operaciones cerradas sincronizadas: 0
Errores: 0
Duración del ciclo: 0.08s
Intervalo objetivo: 30s
Próximo ciclo en: 29.92s
----------------------------------------------------------------------------------------

========================================================================================
CICLO #0010 | 2026-09-03 13:29:42 UTC | símbolos=0
========================================================================================
----------------------------------------------------------------------------------------
RESUMEN DEL CICLO #0010
Símbolos analizados: 0
Sin señal: 0
Esperando/otros: 0
Señales rechazadas: 0
Bloqueadas por estado/límites: 0
Validadas DRY RUN: 0
Nuevas órdenes: 0
Operaciones cerradas sincronizadas: 0
Errores: 0
Duración del ciclo: 0.03s
Intervalo objetivo: 30s
Próximo ciclo en: 29.97s
----------------------------------------------------------------------------------------

========================================================================================
CICLO #0011 | 2026-09-03 13:30:12 UTC | símbolos=10
========================================================================================
[01/10] START Boom 100 Index
[01/10] END   Boom 100 Index | 0.03s | DIRECCIÓN BLOQUEADA POR POLÍTICA DEL INSTRUMENTO
    Motivo: BOOM_BUY_ONLY_REQUIRES_BUY_H1_CONTEXT
[02/10] START Boom 1000 Index
[02/10] END   Boom 1000 Index | 1.96s | NO M5 CONFIRMATION
    Motivo: NO_DIRECTIONAL_M5_CONFIRMATION
[03/10] START Boom 150 Index
[03/10] END   Boom 150 Index | 2.83s | STALE M5 SIGNAL
    Motivo: M5_CONFIRMATION_TOO_OLD_FOR_LIVE_ENTRY
[04/10] START Boom 200 Index
[04/10] END   Boom 200 Index | 2.10s | STALE M5 SIGNAL
    Motivo: M5_CONFIRMATION_TOO_OLD_FOR_LIVE_ENTRY
[05/10] START Boom 300 Index
[05/10] END   Boom 300 Index | 0.01s | DIRECCIÓN BLOQUEADA POR POLÍTICA DEL INSTRUMENTO
    Motivo: BOOM_BUY_ONLY_REQUIRES_BUY_H1_CONTEXT
[06/10] START Boom 50 Index
[06/10] END   Boom 50 Index | 2.31s | NO M5 CONFIRMATION
    Motivo: NO_DIRECTIONAL_M5_CONFIRMATION
[07/10] START Boom 500 Index
[07/10] END   Boom 500 Index | 0.01s | DIRECCIÓN BLOQUEADA POR POLÍTICA DEL INSTRUMENTO
    Motivo: BOOM_BUY_ONLY_REQUIRES_BUY_H1_CONTEXT
[08/10] START Boom 600 Index
[08/10] END   Boom 600 Index | 0.01s | DIRECCIÓN BLOQUEADA POR POLÍTICA DEL INSTRUMENTO
    Motivo: BOOM_BUY_ONLY_REQUIRES_BUY_H1_CONTEXT
[09/10] START Boom 900 Index
[09/10] END   Boom 900 Index | 2.74s | STALE M5 SIGNAL
    Motivo: M5_CONFIRMATION_TOO_OLD_FOR_LIVE_ENTRY
[10/10] START Boom 99 Index
[10/10] END   Boom 99 Index | 2.67s | STALE M5 SIGNAL
    Motivo: M5_CONFIRMATION_TOO_OLD_FOR_LIVE_ENTRY
----------------------------------------------------------------------------------------
RESUMEN DEL CICLO #0011
Símbolos analizados: 10
Sin señal: 0
Esperando/otros: 6
Señales rechazadas: 4
Bloqueadas por estado/límites: 0
Validadas DRY RUN: 0
Nuevas órdenes: 0
Operaciones cerradas sincronizadas: 0
Errores: 0
Duración del ciclo: 14.78s
Intervalo objetivo: 30s
Próximo ciclo en: 15.22s
----------------------------------------------------------------------------------------

========================================================================================
CICLO #0012 | 2026-09-03 13:30:42 UTC | símbolos=0
========================================================================================
----------------------------------------------------------------------------------------
RESUMEN DEL CICLO #0012
Símbolos analizados: 0
Sin señal: 0
Esperando/otros: 0
Señales rechazadas: 0
Bloqueadas por estado/límites: 0
Validadas DRY RUN: 0
Nuevas órdenes: 0
Operaciones cerradas sincronizadas: 0
Errores: 0
Duración del ciclo: 0.08s
Intervalo objetivo: 30s
Próximo ciclo en: 29.92s
----------------------------------------------------------------------------------------

========================================================================================
CICLO #0013 | 2026-09-03 13:31:12 UTC | símbolos=0
========================================================================================
----------------------------------------------------------------------------------------
RESUMEN DEL CICLO #0013
Símbolos analizados: 0
Sin señal: 0
Esperando/otros: 0
Señales rechazadas: 0
Bloqueadas por estado/límites: 0
Validadas DRY RUN: 0
Nuevas órdenes: 0
Operaciones cerradas sincronizadas: 0
Errores: 0
Duración del ciclo: 0.03s
Intervalo objetivo: 30s
Próximo ciclo en: 29.97s
----------------------------------------------------------------------------------------

========================================================================================
CICLO #0014 | 2026-09-03 13:31:42 UTC | símbolos=0
========================================================================================
----------------------------------------------------------------------------------------
RESUMEN DEL CICLO #0014
Símbolos analizados: 0
Sin señal: 0
Esperando/otros: 0
Señales rechazadas: 0
Bloqueadas por estado/límites: 0
Validadas DRY RUN: 0
Nuevas órdenes: 0
Operaciones cerradas sincronizadas: 0
Errores: 0
Duración del ciclo: 0.04s
Intervalo objetivo: 30s
Próximo ciclo en: 29.96s
----------------------------------------------------------------------------------------

========================================================================================
CICLO #0015 | 2026-09-03 13:32:12 UTC | símbolos=0
========================================================================================
----------------------------------------------------------------------------------------
RESUMEN DEL CICLO #0015
Símbolos analizados: 0
Sin señal: 0
Esperando/otros: 0
Señales rechazadas: 0
Bloqueadas por estado/límites: 0
Validadas DRY RUN: 0
Nuevas órdenes: 0
Operaciones cerradas sincronizadas: 0
Errores: 0
Duración del ciclo: 0.03s
Intervalo objetivo: 30s
Próximo ciclo en: 29.97s
----------------------------------------------------------------------------------------

========================================================================================
CICLO #0016 | 2026-09-03 13:32:42 UTC | símbolos=0
========================================================================================
----------------------------------------------------------------------------------------
RESUMEN DEL CICLO #0016
Símbolos analizados: 0
Sin señal: 0
Esperando/otros: 0
Señales rechazadas: 0
Bloqueadas por estado/límites: 0
Validadas DRY RUN: 0
Nuevas órdenes: 0
Operaciones cerradas sincronizadas: 0
Errores: 0
Duración del ciclo: 0.04s
Intervalo objetivo: 30s
Próximo ciclo en: 29.96s
----------------------------------------------------------------------------------------

========================================================================================
CICLO #0017 | 2026-09-03 13:33:12 UTC | símbolos=0
========================================================================================
----------------------------------------------------------------------------------------
RESUMEN DEL CICLO #0017
Símbolos analizados: 0
Sin señal: 0
Esperando/otros: 0
Señales rechazadas: 0
Bloqueadas por estado/límites: 0
Validadas DRY RUN: 0
Nuevas órdenes: 0
Operaciones cerradas sincronizadas: 0
Errores: 0
Duración del ciclo: 0.03s
Intervalo objetivo: 30s
Próximo ciclo en: 29.97s
----------------------------------------------------------------------------------------

========================================================================================
CICLO #0018 | 2026-09-03 13:33:42 UTC | símbolos=0
========================================================================================
----------------------------------------------------------------------------------------
RESUMEN DEL CICLO #0018
Símbolos analizados: 0
Sin señal: 0
Esperando/otros: 0
Señales rechazadas: 0
Bloqueadas por estado/límites: 0
Validadas DRY RUN: 0
Nuevas órdenes: 0
Operaciones cerradas sincronizadas: 0
Errores: 0
Duración del ciclo: 0.02s
Intervalo objetivo: 30s
Próximo ciclo en: 29.98s
----------------------------------------------------------------------------------------

========================================================================================
CICLO #0019 | 2026-09-03 13:34:12 UTC | símbolos=0
========================================================================================
----------------------------------------------------------------------------------------
RESUMEN DEL CICLO #0019
Símbolos analizados: 0
Sin señal: 0
Esperando/otros: 0
Señales rechazadas: 0
Bloqueadas por estado/límites: 0
Validadas DRY RUN: 0
Nuevas órdenes: 0
Operaciones cerradas sincronizadas: 0
Errores: 0
Duración del ciclo: 0.03s
Intervalo objetivo: 30s
Próximo ciclo en: 29.97s
----------------------------------------------------------------------------------------

========================================================================================
CICLO #0020 | 2026-09-03 13:34:42 UTC | símbolos=0
========================================================================================
----------------------------------------------------------------------------------------
RESUMEN DEL CICLO #0020
Símbolos analizados: 0
Sin señal: 0
Esperando/otros: 0
Señales rechazadas: 0
Bloqueadas por estado/límites: 0
Validadas DRY RUN: 0
Nuevas órdenes: 0
Operaciones cerradas sincronizadas: 0
Errores: 0
Duración del ciclo: 0.04s
Intervalo objetivo: 30s
Próximo ciclo en: 29.96s
----------------------------------------------------------------------------------------

========================================================================================
CICLO #0021 | 2026-09-03 13:35:12 UTC | símbolos=10
========================================================================================
[01/10] START Boom 100 Index
[01/10] END   Boom 100 Index | 0.01s | DIRECCIÓN BLOQUEADA POR POLÍTICA DEL INSTRUMENTO
    Motivo: BOOM_BUY_ONLY_REQUIRES_BUY_H1_CONTEXT
[02/10] START Boom 1000 Index
[02/10] END   Boom 1000 Index | 0.67s | NO M5 CONFIRMATION
    Motivo: NO_DIRECTIONAL_M5_CONFIRMATION
[03/10] START Boom 150 Index
[03/10] END   Boom 150 Index | 1.07s | STALE M5 SIGNAL
    Motivo: M5_CONFIRMATION_TOO_OLD_FOR_LIVE_ENTRY
[04/10] START Boom 200 Index
[04/10] END   Boom 200 Index | 0.69s | STALE M5 SIGNAL
    Motivo: M5_CONFIRMATION_TOO_OLD_FOR_LIVE_ENTRY
[05/10] START Boom 300 Index
[05/10] END   Boom 300 Index | 0.01s | DIRECCIÓN BLOQUEADA POR POLÍTICA DEL INSTRUMENTO
    Motivo: BOOM_BUY_ONLY_REQUIRES_BUY_H1_CONTEXT
[06/10] START Boom 50 Index
[06/10] END   Boom 50 Index | 0.61s | NO M5 CONFIRMATION
    Motivo: NO_DIRECTIONAL_M5_CONFIRMATION
    Confirmaciones: 10/13 | 76.9% | calidad=78.00 | decisión=RECHAZADA
    Faltantes: rechazo del precio, desplazamiento, microestructura M5
    Críticas faltantes: CHOCH REQUIRES MICRO STRUCTURE, DISPLACEMENT REQUIRED FOR LIVE ENTRY
    Rechazo técnico: choch micro structure not confirmed, desplazamiento no confirmado, rechazo del precio no confirmado, microestructura M5 no confirmada, calidad de la operación insuficiente, falta una confirmación estructural crítica, porcentaje de confirmaciones inferior al 80%
[07/10] START Boom 500 Index
[07/10] END   Boom 500 Index | 0.01s | DIRECCIÓN BLOQUEADA POR POLÍTICA DEL INSTRUMENTO
    Motivo: BOOM_BUY_ONLY_REQUIRES_BUY_H1_CONTEXT
[08/10] START Boom 600 Index
[08/10] END   Boom 600 Index | 0.02s | DIRECCIÓN BLOQUEADA POR POLÍTICA DEL INSTRUMENTO
    Motivo: BOOM_BUY_ONLY_REQUIRES_BUY_H1_CONTEXT
[09/10] START Boom 900 Index
[09/10] END   Boom 900 Index | 0.63s | STALE M5 SIGNAL
    Motivo: M5_CONFIRMATION_TOO_OLD_FOR_LIVE_ENTRY
[10/10] START Boom 99 Index
[10/10] END   Boom 99 Index | 0.62s | STALE M5 SIGNAL
    Motivo: M5_CONFIRMATION_TOO_OLD_FOR_LIVE_ENTRY
----------------------------------------------------------------------------------------
RESUMEN DEL CICLO #0021
Símbolos analizados: 10
Sin señal: 0
Esperando/otros: 6
Señales rechazadas: 4
Bloqueadas por estado/límites: 0
Validadas DRY RUN: 0
Nuevas órdenes: 0
Operaciones cerradas sincronizadas: 0
Errores: 0
Duración del ciclo: 4.43s
Intervalo objetivo: 30s
Próximo ciclo en: 25.57s
----------------------------------------------------------------------------------------

========================================================================================
CICLO #0022 | 2026-09-03 13:35:42 UTC | símbolos=0
========================================================================================
----------------------------------------------------------------------------------------
RESUMEN DEL CICLO #0022
Símbolos analizados: 0
Sin señal: 0
Esperando/otros: 0
Señales rechazadas: 0
Bloqueadas por estado/límites: 0
Validadas DRY RUN: 0
Nuevas órdenes: 0
Operaciones cerradas sincronizadas: 0
Errores: 0
Duración del ciclo: 0.03s
Intervalo objetivo: 30s
Próximo ciclo en: 29.97s
----------------------------------------------------------------------------------------

========================================================================================
CICLO #0023 | 2026-09-03 13:36:12 UTC | símbolos=0
========================================================================================
----------------------------------------------------------------------------------------
RESUMEN DEL CICLO #0023
Símbolos analizados: 0
Sin señal: 0
Esperando/otros: 0
Señales rechazadas: 0
Bloqueadas por estado/límites: 0
Validadas DRY RUN: 0
Nuevas órdenes: 0
Operaciones cerradas sincronizadas: 0
Errores: 0
Duración del ciclo: 0.05s
Intervalo objetivo: 30s
Próximo ciclo en: 29.95s
----------------------------------------------------------------------------------------

========================================================================================
CICLO #0024 | 2026-09-03 13:36:42 UTC | símbolos=0
========================================================================================
----------------------------------------------------------------------------------------
RESUMEN DEL CICLO #0024
Símbolos analizados: 0
Sin señal: 0
Esperando/otros: 0
Señales rechazadas: 0
Bloqueadas por estado/límites: 0
Validadas DRY RUN: 0
Nuevas órdenes: 0
Operaciones cerradas sincronizadas: 0
Errores: 0
Duración del ciclo: 0.03s
Intervalo objetivo: 30s
Próximo ciclo en: 29.97s
----------------------------------------------------------------------------------------

========================================================================================
CICLO #0025 | 2026-09-03 13:37:12 UTC | símbolos=0
========================================================================================
----------------------------------------------------------------------------------------
RESUMEN DEL CICLO #0025
Símbolos analizados: 0
Sin señal: 0
Esperando/otros: 0
Señales rechazadas: 0
Bloqueadas por estado/límites: 0
Validadas DRY RUN: 0
Nuevas órdenes: 0
Operaciones cerradas sincronizadas: 0
Errores: 0
Duración del ciclo: 0.04s
Intervalo objetivo: 30s
Próximo ciclo en: 29.96s
----------------------------------------------------------------------------------------

========================================================================================
CICLO #0026 | 2026-09-03 13:37:42 UTC | símbolos=0
========================================================================================
----------------------------------------------------------------------------------------
RESUMEN DEL CICLO #0026
Símbolos analizados: 0
Sin señal: 0
Esperando/otros: 0
Señales rechazadas: 0
Bloqueadas por estado/límites: 0
Validadas DRY RUN: 0
Nuevas órdenes: 0
Operaciones cerradas sincronizadas: 0
Errores: 0
Duración del ciclo: 0.03s
Intervalo objetivo: 30s
Próximo ciclo en: 29.97s
----------------------------------------------------------------------------------------

========================================================================================
CICLO #0027 | 2026-09-03 13:38:12 UTC | símbolos=0
========================================================================================
----------------------------------------------------------------------------------------
RESUMEN DEL CICLO #0027
Símbolos analizados: 0
Sin señal: 0
Esperando/otros: 0
Señales rechazadas: 0
Bloqueadas por estado/límites: 0
Validadas DRY RUN: 0
Nuevas órdenes: 0
Operaciones cerradas sincronizadas: 0
Errores: 0
Duración del ciclo: 0.04s
Intervalo objetivo: 30s
Próximo ciclo en: 29.96s
----------------------------------------------------------------------------------------

========================================================================================
CICLO #0028 | 2026-09-03 13:38:42 UTC | símbolos=0
========================================================================================
----------------------------------------------------------------------------------------
RESUMEN DEL CICLO #0028
Símbolos analizados: 0
Sin señal: 0
Esperando/otros: 0
Señales rechazadas: 0
Bloqueadas por estado/límites: 0
Validadas DRY RUN: 0
Nuevas órdenes: 0
Operaciones cerradas sincronizadas: 0
Errores: 0
Duración del ciclo: 0.03s
Intervalo objetivo: 30s
Próximo ciclo en: 29.97s
----------------------------------------------------------------------------------------

========================================================================================
CICLO #0029 | 2026-09-03 13:39:12 UTC | símbolos=0
========================================================================================
----------------------------------------------------------------------------------------
RESUMEN DEL CICLO #0029
Símbolos analizados: 0
Sin señal: 0
Esperando/otros: 0
Señales rechazadas: 0
Bloqueadas por estado/límites: 0
Validadas DRY RUN: 0
Nuevas órdenes: 0
Operaciones cerradas sincronizadas: 0
Errores: 0
Duración del ciclo: 0.03s
Intervalo objetivo: 30s
Próximo ciclo en: 29.97s
----------------------------------------------------------------------------------------

========================================================================================
CICLO #0030 | 2026-09-03 13:39:42 UTC | símbolos=0
========================================================================================
----------------------------------------------------------------------------------------
RESUMEN DEL CICLO #0030
Símbolos analizados: 0
Sin señal: 0
Esperando/otros: 0
Señales rechazadas: 0
Bloqueadas por estado/límites: 0
Validadas DRY RUN: 0
Nuevas órdenes: 0
Operaciones cerradas sincronizadas: 0
Errores: 0
Duración del ciclo: 0.03s
Intervalo objetivo: 30s
Próximo ciclo en: 29.97s
----------------------------------------------------------------------------------------

========================================================================================
CICLO #0031 | 2026-09-03 13:40:12 UTC | símbolos=10
========================================================================================
[01/10] START Boom 100 Index
[01/10] END   Boom 100 Index | 0.01s | DIRECCIÓN BLOQUEADA POR POLÍTICA DEL INSTRUMENTO
    Motivo: BOOM_BUY_ONLY_REQUIRES_BUY_H1_CONTEXT
[02/10] START Boom 1000 Index
[02/10] END   Boom 1000 Index | 0.52s | NO M5 CONFIRMATION
    Motivo: NO_DIRECTIONAL_M5_CONFIRMATION
[03/10] START Boom 150 Index
[03/10] END   Boom 150 Index | 1.00s | STALE M5 SIGNAL
    Motivo: M5_CONFIRMATION_TOO_OLD_FOR_LIVE_ENTRY
[04/10] START Boom 200 Index
[04/10] END   Boom 200 Index | 0.61s | STALE M5 SIGNAL
    Motivo: M5_CONFIRMATION_TOO_OLD_FOR_LIVE_ENTRY
[05/10] START Boom 300 Index
[05/10] END   Boom 300 Index | 0.01s | DIRECCIÓN BLOQUEADA POR POLÍTICA DEL INSTRUMENTO
    Motivo: BOOM_BUY_ONLY_REQUIRES_BUY_H1_CONTEXT
[06/10] START Boom 50 Index
[06/10] END   Boom 50 Index | 0.53s | NO M5 CONFIRMATION
    Motivo: NO_DIRECTIONAL_M5_CONFIRMATION
    Confirmaciones: 10/13 | 76.9% | calidad=78.00 | decisión=RECHAZADA
    Faltantes: rechazo del precio, desplazamiento, microestructura M5
    Críticas faltantes: CHOCH REQUIRES MICRO STRUCTURE, DISPLACEMENT REQUIRED FOR LIVE ENTRY
    Rechazo técnico: choch micro structure not confirmed, desplazamiento no confirmado, rechazo del precio no confirmado, microestructura M5 no confirmada, calidad de la operación insuficiente, falta una confirmación estructural crítica, porcentaje de confirmaciones inferior al 80%
[07/10] START Boom 500 Index
[07/10] END   Boom 500 Index | 0.01s | DIRECCIÓN BLOQUEADA POR POLÍTICA DEL INSTRUMENTO
    Motivo: BOOM_BUY_ONLY_REQUIRES_BUY_H1_CONTEXT
[08/10] START Boom 600 Index
[08/10] END   Boom 600 Index | 0.01s | DIRECCIÓN BLOQUEADA POR POLÍTICA DEL INSTRUMENTO
    Motivo: BOOM_BUY_ONLY_REQUIRES_BUY_H1_CONTEXT
[09/10] START Boom 900 Index
[09/10] END   Boom 900 Index | 0.61s | STALE M5 SIGNAL
    Motivo: M5_CONFIRMATION_TOO_OLD_FOR_LIVE_ENTRY
[10/10] START Boom 99 Index
[10/10] END   Boom 99 Index | 0.59s | STALE M5 SIGNAL
    Motivo: M5_CONFIRMATION_TOO_OLD_FOR_LIVE_ENTRY
----------------------------------------------------------------------------------------
RESUMEN DEL CICLO #0031
Símbolos analizados: 10
Sin señal: 0
Esperando/otros: 6
Señales rechazadas: 4
Bloqueadas por estado/límites: 0
Validadas DRY RUN: 0
Nuevas órdenes: 0
Operaciones cerradas sincronizadas: 0
Errores: 0
Duración del ciclo: 3.95s
Intervalo objetivo: 30s
Próximo ciclo en: 26.05s
----------------------------------------------------------------------------------------

========================================================================================
CICLO #0032 | 2026-09-03 13:40:42 UTC | símbolos=0
========================================================================================
----------------------------------------------------------------------------------------
RESUMEN DEL CICLO #0032
Símbolos analizados: 0
Sin señal: 0
Esperando/otros: 0
Señales rechazadas: 0
Bloqueadas por estado/límites: 0
Validadas DRY RUN: 0
Nuevas órdenes: 0
Operaciones cerradas sincronizadas: 0
Errores: 0
Duración del ciclo: 0.03s
Intervalo objetivo: 30s
Próximo ciclo en: 29.97s
----------------------------------------------------------------------------------------

========================================================================================
CICLO #0033 | 2026-09-03 13:41:12 UTC | símbolos=0
========================================================================================
----------------------------------------------------------------------------------------
RESUMEN DEL CICLO #0033
Símbolos analizados: 0
Sin señal: 0
Esperando/otros: 0
Señales rechazadas: 0
Bloqueadas por estado/límites: 0
Validadas DRY RUN: 0
Nuevas órdenes: 0
Operaciones cerradas sincronizadas: 0
Errores: 0
Duración del ciclo: 0.03s
Intervalo objetivo: 30s
Próximo ciclo en: 29.97s
----------------------------------------------------------------------------------------

========================================================================================
CICLO #0034 | 2026-09-03 13:41:42 UTC | símbolos=0
========================================================================================
----------------------------------------------------------------------------------------
RESUMEN DEL CICLO #0034
Símbolos analizados: 0
Sin señal: 0
Esperando/otros: 0
Señales rechazadas: 0
Bloqueadas por estado/límites: 0
Validadas DRY RUN: 0
Nuevas órdenes: 0
Operaciones cerradas sincronizadas: 0
Errores: 0
Duración del ciclo: 0.03s
Intervalo objetivo: 30s
Próximo ciclo en: 29.97s
----------------------------------------------------------------------------------------

========================================================================================
CICLO #0035 | 2026-09-03 13:42:12 UTC | símbolos=0
========================================================================================
----------------------------------------------------------------------------------------
RESUMEN DEL CICLO #0035
Símbolos analizados: 0
Sin señal: 0
Esperando/otros: 0
Señales rechazadas: 0
Bloqueadas por estado/límites: 0
Validadas DRY RUN: 0
Nuevas órdenes: 0
Operaciones cerradas sincronizadas: 0
Errores: 0
Duración del ciclo: 0.03s
Intervalo objetivo: 30s
Próximo ciclo en: 29.97s
----------------------------------------------------------------------------------------

========================================================================================
CICLO #0036 | 2026-09-03 13:42:42 UTC | símbolos=0
========================================================================================
----------------------------------------------------------------------------------------
RESUMEN DEL CICLO #0036
Símbolos analizados: 0
Sin señal: 0
Esperando/otros: 0
Señales rechazadas: 0
Bloqueadas por estado/límites: 0
Validadas DRY RUN: 0
Nuevas órdenes: 0
Operaciones cerradas sincronizadas: 0
Errores: 0
Duración del ciclo: 0.03s
Intervalo objetivo: 30s
Próximo ciclo en: 29.97s
----------------------------------------------------------------------------------------

========================================================================================
CICLO #0037 | 2026-09-03 13:43:12 UTC | símbolos=0
========================================================================================
----------------------------------------------------------------------------------------
RESUMEN DEL CICLO #0037
Símbolos analizados: 0
Sin señal: 0
Esperando/otros: 0
Señales rechazadas: 0
Bloqueadas por estado/límites: 0
Validadas DRY RUN: 0
Nuevas órdenes: 0
Operaciones cerradas sincronizadas: 0
Errores: 0
Duración del ciclo: 0.03s
Intervalo objetivo: 30s
Próximo ciclo en: 29.97s
----------------------------------------------------------------------------------------

========================================================================================
CICLO #0038 | 2026-09-03 13:43:42 UTC | símbolos=0
========================================================================================
----------------------------------------------------------------------------------------
RESUMEN DEL CICLO #0038
Símbolos analizados: 0
Sin señal: 0
Esperando/otros: 0
Señales rechazadas: 0
Bloqueadas por estado/límites: 0
Validadas DRY RUN: 0
Nuevas órdenes: 0
Operaciones cerradas sincronizadas: 0
Errores: 0
Duración del ciclo: 0.03s
Intervalo objetivo: 30s
Próximo ciclo en: 29.97s
----------------------------------------------------------------------------------------

========================================================================================
CICLO #0039 | 2026-09-03 13:44:12 UTC | símbolos=0
========================================================================================
----------------------------------------------------------------------------------------
RESUMEN DEL CICLO #0039
Símbolos analizados: 0
Sin señal: 0
Esperando/otros: 0
Señales rechazadas: 0
Bloqueadas por estado/límites: 0
Validadas DRY RUN: 0
Nuevas órdenes: 0
Operaciones cerradas sincronizadas: 0
Errores: 0
Duración del ciclo: 0.03s
Intervalo objetivo: 30s
Próximo ciclo en: 29.97s
----------------------------------------------------------------------------------------

========================================================================================
CICLO #0040 | 2026-09-03 13:44:42 UTC | símbolos=0
========================================================================================
----------------------------------------------------------------------------------------
RESUMEN DEL CICLO #0040
Símbolos analizados: 0
Sin señal: 0
Esperando/otros: 0
Señales rechazadas: 0
Bloqueadas por estado/límites: 0
Validadas DRY RUN: 0
Nuevas órdenes: 0
Operaciones cerradas sincronizadas: 0
Errores: 0
Duración del ciclo: 0.02s
Intervalo objetivo: 30s
Próximo ciclo en: 29.98s
----------------------------------------------------------------------------------------

========================================================================================
CICLO #0041 | 2026-09-03 13:45:12 UTC | símbolos=10
========================================================================================
[01/10] START Boom 100 Index
[01/10] END   Boom 100 Index | 0.01s | DIRECCIÓN BLOQUEADA POR POLÍTICA DEL INSTRUMENTO
    Motivo: BOOM_BUY_ONLY_REQUIRES_BUY_H1_CONTEXT
[02/10] START Boom 1000 Index
[02/10] END   Boom 1000 Index | 1.80s | NO M5 CONFIRMATION
    Motivo: NO_DIRECTIONAL_M5_CONFIRMATION
[03/10] START Boom 150 Index
[03/10] END   Boom 150 Index | 2.32s | STALE M5 SIGNAL
    Motivo: M5_CONFIRMATION_TOO_OLD_FOR_LIVE_ENTRY
[04/10] START Boom 200 Index
[04/10] END   Boom 200 Index | 2.77s | STALE M5 SIGNAL
    Motivo: M5_CONFIRMATION_TOO_OLD_FOR_LIVE_ENTRY
[05/10] START Boom 300 Index
[05/10] END   Boom 300 Index | 0.01s | DIRECCIÓN BLOQUEADA POR POLÍTICA DEL INSTRUMENTO
    Motivo: BOOM_BUY_ONLY_REQUIRES_BUY_H1_CONTEXT
[06/10] START Boom 50 Index
[06/10] END   Boom 50 Index | 2.36s | NO M5 CONFIRMATION
    Motivo: NO_DIRECTIONAL_M5_CONFIRMATION
    Confirmaciones: 10/13 | 76.9% | calidad=78.00 | decisión=RECHAZADA
    Faltantes: rechazo del precio, desplazamiento, microestructura M5
    Críticas faltantes: CHOCH REQUIRES MICRO STRUCTURE, DISPLACEMENT REQUIRED FOR LIVE ENTRY
    Rechazo técnico: choch micro structure not confirmed, desplazamiento no confirmado, rechazo del precio no confirmado, microestructura M5 no confirmada, calidad de la operación insuficiente, falta una confirmación estructural crítica, porcentaje de confirmaciones inferior al 80%
[07/10] START Boom 500 Index
[07/10] END   Boom 500 Index | 0.01s | DIRECCIÓN BLOQUEADA POR POLÍTICA DEL INSTRUMENTO
    Motivo: BOOM_BUY_ONLY_REQUIRES_BUY_H1_CONTEXT
[08/10] START Boom 600 Index
[08/10] END   Boom 600 Index | 0.01s | DIRECCIÓN BLOQUEADA POR POLÍTICA DEL INSTRUMENTO
    Motivo: BOOM_BUY_ONLY_REQUIRES_BUY_H1_CONTEXT
[09/10] START Boom 900 Index
[09/10] END   Boom 900 Index | 2.42s | STALE M5 SIGNAL
    Motivo: M5_CONFIRMATION_TOO_OLD_FOR_LIVE_ENTRY
[10/10] START Boom 99 Index
[10/10] END   Boom 99 Index | 2.36s | STALE M5 SIGNAL
    Motivo: M5_CONFIRMATION_TOO_OLD_FOR_LIVE_ENTRY
----------------------------------------------------------------------------------------
RESUMEN DEL CICLO #0041
Símbolos analizados: 10
Sin señal: 0
Esperando/otros: 6
Señales rechazadas: 4
Bloqueadas por estado/límites: 0
Validadas DRY RUN: 0
Nuevas órdenes: 0
Operaciones cerradas sincronizadas: 0
Errores: 0
Duración del ciclo: 14.18s
Intervalo objetivo: 30s
Próximo ciclo en: 15.82s
----------------------------------------------------------------------------------------

========================================================================================
CICLO #0042 | 2026-09-03 13:45:42 UTC | símbolos=0
========================================================================================
----------------------------------------------------------------------------------------
RESUMEN DEL CICLO #0042
Símbolos analizados: 0
Sin señal: 0
Esperando/otros: 0
Señales rechazadas: 0
Bloqueadas por estado/límites: 0
Validadas DRY RUN: 0
Nuevas órdenes: 0
Operaciones cerradas sincronizadas: 0
Errores: 0
Duración del ciclo: 11.87s
Intervalo objetivo: 30s
Próximo ciclo en: 18.13s
----------------------------------------------------------------------------------------

========================================================================================
CICLO #0043 | 2026-09-03 13:46:12 UTC | símbolos=0
========================================================================================
----------------------------------------------------------------------------------------
RESUMEN DEL CICLO #0043
Símbolos analizados: 0
Sin señal: 0
Esperando/otros: 0
Señales rechazadas: 0
Bloqueadas por estado/límites: 0
Validadas DRY RUN: 0
Nuevas órdenes: 0
Operaciones cerradas sincronizadas: 0
Errores: 0
Duración del ciclo: 0.02s
Intervalo objetivo: 30s
Próximo ciclo en: 29.98s
----------------------------------------------------------------------------------------

========================================================================================
CICLO #0044 | 2026-09-03 13:46:42 UTC | símbolos=0
========================================================================================
----------------------------------------------------------------------------------------
RESUMEN DEL CICLO #0044
Símbolos analizados: 0
Sin señal: 0
Esperando/otros: 0
Señales rechazadas: 0
Bloqueadas por estado/límites: 0
Validadas DRY RUN: 0
Nuevas órdenes: 0
Operaciones cerradas sincronizadas: 0
Errores: 0
Duración del ciclo: 0.03s
Intervalo objetivo: 30s
Próximo ciclo en: 29.97s
----------------------------------------------------------------------------------------

========================================================================================
CICLO #0045 | 2026-09-03 13:47:12 UTC | símbolos=0
========================================================================================
----------------------------------------------------------------------------------------
RESUMEN DEL CICLO #0045
Símbolos analizados: 0
Sin señal: 0
Esperando/otros: 0
Señales rechazadas: 0
Bloqueadas por estado/límites: 0
Validadas DRY RUN: 0
Nuevas órdenes: 0
Operaciones cerradas sincronizadas: 0
Errores: 0
Duración del ciclo: 0.03s
Intervalo objetivo: 30s
Próximo ciclo en: 29.97s
----------------------------------------------------------------------------------------

========================================================================================
CICLO #0046 | 2026-09-03 13:47:42 UTC | símbolos=0
========================================================================================
----------------------------------------------------------------------------------------
RESUMEN DEL CICLO #0046
Símbolos analizados: 0
Sin señal: 0
Esperando/otros: 0
Señales rechazadas: 0
Bloqueadas por estado/límites: 0
Validadas DRY RUN: 0
Nuevas órdenes: 0
Operaciones cerradas sincronizadas: 0
Errores: 0
Duración del ciclo: 0.03s
Intervalo objetivo: 30s
Próximo ciclo en: 29.97s
----------------------------------------------------------------------------------------

========================================================================================
CICLO #0047 | 2026-09-03 13:48:12 UTC | símbolos=0
========================================================================================
----------------------------------------------------------------------------------------
RESUMEN DEL CICLO #0047
Símbolos analizados: 0
Sin señal: 0
Esperando/otros: 0
Señales rechazadas: 0
Bloqueadas por estado/límites: 0
Validadas DRY RUN: 0
Nuevas órdenes: 0
Operaciones cerradas sincronizadas: 0
Errores: 0
Duración del ciclo: 0.03s
Intervalo objetivo: 30s
Próximo ciclo en: 29.97s
----------------------------------------------------------------------------------------

========================================================================================
CICLO #0048 | 2026-09-03 13:48:42 UTC | símbolos=0
========================================================================================
----------------------------------------------------------------------------------------
RESUMEN DEL CICLO #0048
Símbolos analizados: 0
Sin señal: 0
Esperando/otros: 0
Señales rechazadas: 0
Bloqueadas por estado/límites: 0
Validadas DRY RUN: 0
Nuevas órdenes: 0
Operaciones cerradas sincronizadas: 0
Errores: 0
Duración del ciclo: 0.03s
Intervalo objetivo: 30s
Próximo ciclo en: 29.97s
----------------------------------------------------------------------------------------

========================================================================================
CICLO #0049 | 2026-09-03 13:49:12 UTC | símbolos=0
========================================================================================
----------------------------------------------------------------------------------------
RESUMEN DEL CICLO #0049
Símbolos analizados: 0
Sin señal: 0
Esperando/otros: 0
Señales rechazadas: 0
Bloqueadas por estado/límites: 0
Validadas DRY RUN: 0
Nuevas órdenes: 0
Operaciones cerradas sincronizadas: 0
Errores: 0
Duración del ciclo: 0.03s
Intervalo objetivo: 30s
Próximo ciclo en: 29.97s
----------------------------------------------------------------------------------------

========================================================================================
CICLO #0050 | 2026-09-03 13:49:42 UTC | símbolos=0
========================================================================================
----------------------------------------------------------------------------------------
RESUMEN DEL CICLO #0050
Símbolos analizados: 0
Sin señal: 0
Esperando/otros: 0
Señales rechazadas: 0
Bloqueadas por estado/límites: 0
Validadas DRY RUN: 0
Nuevas órdenes: 0
Operaciones cerradas sincronizadas: 0
Errores: 0
Duración del ciclo: 0.03s
Intervalo objetivo: 30s
Próximo ciclo en: 29.97s
----------------------------------------------------------------------------------------

========================================================================================
CICLO #0051 | 2026-09-03 13:50:12 UTC | símbolos=10
========================================================================================
[01/10] START Boom 100 Index
[01/10] END   Boom 100 Index | 0.02s | DIRECCIÓN BLOQUEADA POR POLÍTICA DEL INSTRUMENTO
    Motivo: BOOM_BUY_ONLY_REQUIRES_BUY_H1_CONTEXT
[02/10] START Boom 1000 Index
[02/10] END   Boom 1000 Index | 0.63s | NO M5 CONFIRMATION
    Motivo: NO_DIRECTIONAL_M5_CONFIRMATION
[03/10] START Boom 150 Index
[03/10] END   Boom 150 Index | 1.15s | STALE M5 SIGNAL
    Motivo: M5_CONFIRMATION_TOO_OLD_FOR_LIVE_ENTRY
[04/10] START Boom 200 Index
[04/10] END   Boom 200 Index | 0.63s | STALE M5 SIGNAL
    Motivo: M5_CONFIRMATION_TOO_OLD_FOR_LIVE_ENTRY
[05/10] START Boom 300 Index
[05/10] END   Boom 300 Index | 0.01s | DIRECCIÓN BLOQUEADA POR POLÍTICA DEL INSTRUMENTO
    Motivo: BOOM_BUY_ONLY_REQUIRES_BUY_H1_CONTEXT
[06/10] START Boom 50 Index
[06/10] END   Boom 50 Index | 0.60s | NO M5 CONFIRMATION
    Motivo: NO_DIRECTIONAL_M5_CONFIRMATION
    Confirmaciones: 10/13 | 76.9% | calidad=78.00 | decisión=RECHAZADA
    Faltantes: rechazo del precio, desplazamiento, microestructura M5
    Críticas faltantes: CHOCH REQUIRES MICRO STRUCTURE, DISPLACEMENT REQUIRED FOR LIVE ENTRY
    Rechazo técnico: choch micro structure not confirmed, desplazamiento no confirmado, rechazo del precio no confirmado, microestructura M5 no confirmada, calidad de la operación insuficiente, falta una confirmación estructural crítica, porcentaje de confirmaciones inferior al 80%
[07/10] START Boom 500 Index
[07/10] END   Boom 500 Index | 0.01s | DIRECCIÓN BLOQUEADA POR POLÍTICA DEL INSTRUMENTO
    Motivo: BOOM_BUY_ONLY_REQUIRES_BUY_H1_CONTEXT
[08/10] START Boom 600 Index
[08/10] END   Boom 600 Index | 0.01s | DIRECCIÓN BLOQUEADA POR POLÍTICA DEL INSTRUMENTO
    Motivo: BOOM_BUY_ONLY_REQUIRES_BUY_H1_CONTEXT
[09/10] START Boom 900 Index
[09/10] END   Boom 900 Index | 0.62s | STALE M5 SIGNAL
    Motivo: M5_CONFIRMATION_TOO_OLD_FOR_LIVE_ENTRY
[10/10] START Boom 99 Index
[10/10] END   Boom 99 Index | 0.52s | STALE M5 SIGNAL
    Motivo: M5_CONFIRMATION_TOO_OLD_FOR_LIVE_ENTRY
----------------------------------------------------------------------------------------
RESUMEN DEL CICLO #0051
Símbolos analizados: 10
Sin señal: 0
Esperando/otros: 6
Señales rechazadas: 4
Bloqueadas por estado/límites: 0
Validadas DRY RUN: 0
Nuevas órdenes: 0
Operaciones cerradas sincronizadas: 0
Errores: 0
Duración del ciclo: 4.27s
Intervalo objetivo: 30s
Próximo ciclo en: 25.73s
----------------------------------------------------------------------------------------

========================================================================================
CICLO #0052 | 2026-09-03 13:50:42 UTC | símbolos=0
========================================================================================
----------------------------------------------------------------------------------------
RESUMEN DEL CICLO #0052
Símbolos analizados: 0
Sin señal: 0
Esperando/otros: 0
Señales rechazadas: 0
Bloqueadas por estado/límites: 0
Validadas DRY RUN: 0
Nuevas órdenes: 0
Operaciones cerradas sincronizadas: 0
Errores: 0
Duración del ciclo: 0.03s
Intervalo objetivo: 30s
Próximo ciclo en: 29.97s
----------------------------------------------------------------------------------------

========================================================================================
CICLO #0053 | 2026-09-03 13:51:12 UTC | símbolos=0
========================================================================================
----------------------------------------------------------------------------------------
RESUMEN DEL CICLO #0053
Símbolos analizados: 0
Sin señal: 0
Esperando/otros: 0
Señales rechazadas: 0
Bloqueadas por estado/límites: 0
Validadas DRY RUN: 0
Nuevas órdenes: 0
Operaciones cerradas sincronizadas: 0
Errores: 0
Duración del ciclo: 0.03s
Intervalo objetivo: 30s
Próximo ciclo en: 29.97s
----------------------------------------------------------------------------------------

========================================================================================
CICLO #0054 | 2026-09-03 13:51:42 UTC | símbolos=0
========================================================================================
----------------------------------------------------------------------------------------
RESUMEN DEL CICLO #0054
Símbolos analizados: 0
Sin señal: 0
Esperando/otros: 0
Señales rechazadas: 0
Bloqueadas por estado/límites: 0
Validadas DRY RUN: 0
Nuevas órdenes: 0
Operaciones cerradas sincronizadas: 0
Errores: 0
Duración del ciclo: 0.04s
Intervalo objetivo: 30s
Próximo ciclo en: 29.96s
----------------------------------------------------------------------------------------

========================================================================================
CICLO #0055 | 2026-09-03 13:52:12 UTC | símbolos=0
========================================================================================
----------------------------------------------------------------------------------------
RESUMEN DEL CICLO #0055
Símbolos analizados: 0
Sin señal: 0
Esperando/otros: 0
Señales rechazadas: 0
Bloqueadas por estado/límites: 0
Validadas DRY RUN: 0
Nuevas órdenes: 0
Operaciones cerradas sincronizadas: 0
Errores: 0
Duración del ciclo: 0.03s
Intervalo objetivo: 30s
Próximo ciclo en: 29.97s
----------------------------------------------------------------------------------------

========================================================================================
CICLO #0056 | 2026-09-03 13:52:42 UTC | símbolos=0
========================================================================================
----------------------------------------------------------------------------------------
RESUMEN DEL CICLO #0056
Símbolos analizados: 0
Sin señal: 0
Esperando/otros: 0
Señales rechazadas: 0
Bloqueadas por estado/límites: 0
Validadas DRY RUN: 0
Nuevas órdenes: 0
Operaciones cerradas sincronizadas: 0
Errores: 0
Duración del ciclo: 0.03s
Intervalo objetivo: 30s
Próximo ciclo en: 29.97s
----------------------------------------------------------------------------------------

========================================================================================
CICLO #0057 | 2026-09-03 13:53:12 UTC | símbolos=0
========================================================================================
----------------------------------------------------------------------------------------
RESUMEN DEL CICLO #0057
Símbolos analizados: 0
Sin señal: 0
Esperando/otros: 0
Señales rechazadas: 0
Bloqueadas por estado/límites: 0
Validadas DRY RUN: 0
Nuevas órdenes: 0
Operaciones cerradas sincronizadas: 0
Errores: 0
Duración del ciclo: 0.03s
Intervalo objetivo: 30s
Próximo ciclo en: 29.97s
----------------------------------------------------------------------------------------

========================================================================================
CICLO #0058 | 2026-09-03 13:53:42 UTC | símbolos=0
========================================================================================
----------------------------------------------------------------------------------------
RESUMEN DEL CICLO #0058
Símbolos analizados: 0
Sin señal: 0
Esperando/otros: 0
Señales rechazadas: 0
Bloqueadas por estado/límites: 0
Validadas DRY RUN: 0
Nuevas órdenes: 0
Operaciones cerradas sincronizadas: 0
Errores: 0
Duración del ciclo: 0.03s
Intervalo objetivo: 30s
Próximo ciclo en: 29.97s
----------------------------------------------------------------------------------------

========================================================================================
CICLO #0059 | 2026-09-03 13:54:12 UTC | símbolos=0
========================================================================================
----------------------------------------------------------------------------------------
RESUMEN DEL CICLO #0059
Símbolos analizados: 0
Sin señal: 0
Esperando/otros: 0
Señales rechazadas: 0
Bloqueadas por estado/límites: 0
Validadas DRY RUN: 0
Nuevas órdenes: 0
Operaciones cerradas sincronizadas: 0
Errores: 0
Duración del ciclo: 0.03s
Intervalo objetivo: 30s
Próximo ciclo en: 29.97s
----------------------------------------------------------------------------------------

========================================================================================
CICLO #0060 | 2026-09-03 13:54:42 UTC | símbolos=0
========================================================================================
----------------------------------------------------------------------------------------
RESUMEN DEL CICLO #0060
Símbolos analizados: 0
Sin señal: 0
Esperando/otros: 0
Señales rechazadas: 0
Bloqueadas por estado/límites: 0
Validadas DRY RUN: 0
Nuevas órdenes: 0
Operaciones cerradas sincronizadas: 0
Errores: 0
Duración del ciclo: 0.03s
Intervalo objetivo: 30s
Próximo ciclo en: 29.97s
----------------------------------------------------------------------------------------

========================================================================================
CICLO #0061 | 2026-09-03 13:55:12 UTC | símbolos=10
========================================================================================
[01/10] START Boom 100 Index
[01/10] END   Boom 100 Index | 0.02s | DIRECCIÓN BLOQUEADA POR POLÍTICA DEL INSTRUMENTO
    Motivo: BOOM_BUY_ONLY_REQUIRES_BUY_H1_CONTEXT
[02/10] START Boom 1000 Index
[02/10] END   Boom 1000 Index | 0.60s | NO M5 CONFIRMATION
    Motivo: NO_DIRECTIONAL_M5_CONFIRMATION
[03/10] START Boom 150 Index
[03/10] END   Boom 150 Index | 1.02s | STALE M5 SIGNAL
    Motivo: M5_CONFIRMATION_TOO_OLD_FOR_LIVE_ENTRY
[04/10] START Boom 200 Index
[04/10] END   Boom 200 Index | 0.58s | STALE M5 SIGNAL
    Motivo: M5_CONFIRMATION_TOO_OLD_FOR_LIVE_ENTRY
[05/10] START Boom 300 Index
[05/10] END   Boom 300 Index | 0.01s | DIRECCIÓN BLOQUEADA POR POLÍTICA DEL INSTRUMENTO
    Motivo: BOOM_BUY_ONLY_REQUIRES_BUY_H1_CONTEXT
[06/10] START Boom 50 Index
[06/10] END   Boom 50 Index | 0.49s | NO M5 CONFIRMATION
    Motivo: NO_DIRECTIONAL_M5_CONFIRMATION
    Confirmaciones: 10/13 | 76.9% | calidad=78.00 | decisión=RECHAZADA
    Faltantes: rechazo del precio, desplazamiento, microestructura M5
    Críticas faltantes: CHOCH REQUIRES MICRO STRUCTURE, DISPLACEMENT REQUIRED FOR LIVE ENTRY
    Rechazo técnico: choch micro structure not confirmed, desplazamiento no confirmado, rechazo del precio no confirmado, microestructura M5 no confirmada, calidad de la operación insuficiente, falta una confirmación estructural crítica, porcentaje de confirmaciones inferior al 80%
[07/10] START Boom 500 Index
[07/10] END   Boom 500 Index | 0.04s | DIRECCIÓN BLOQUEADA POR POLÍTICA DEL INSTRUMENTO
    Motivo: BOOM_BUY_ONLY_REQUIRES_BUY_H1_CONTEXT
[08/10] START Boom 600 Index
[08/10] END   Boom 600 Index | 0.01s | DIRECCIÓN BLOQUEADA POR POLÍTICA DEL INSTRUMENTO
    Motivo: BOOM_BUY_ONLY_REQUIRES_BUY_H1_CONTEXT
[09/10] START Boom 900 Index
[09/10] END   Boom 900 Index | 0.58s | STALE M5 SIGNAL
    Motivo: M5_CONFIRMATION_TOO_OLD_FOR_LIVE_ENTRY
[10/10] START Boom 99 Index
[10/10] END   Boom 99 Index | 0.52s | STALE M5 SIGNAL
    Motivo: M5_CONFIRMATION_TOO_OLD_FOR_LIVE_ENTRY
----------------------------------------------------------------------------------------
RESUMEN DEL CICLO #0061
Símbolos analizados: 10
Sin señal: 0
Esperando/otros: 6
Señales rechazadas: 4
Bloqueadas por estado/límites: 0
Validadas DRY RUN: 0
Nuevas órdenes: 0
Operaciones cerradas sincronizadas: 0
Errores: 0
Duración del ciclo: 3.94s
Intervalo objetivo: 30s
Próximo ciclo en: 26.06s
----------------------------------------------------------------------------------------

========================================================================================
CICLO #0062 | 2026-09-03 13:55:42 UTC | símbolos=0
========================================================================================
----------------------------------------------------------------------------------------
RESUMEN DEL CICLO #0062
Símbolos analizados: 0
Sin señal: 0
Esperando/otros: 0
Señales rechazadas: 0
Bloqueadas por estado/límites: 0
Validadas DRY RUN: 0
Nuevas órdenes: 0
Operaciones cerradas sincronizadas: 0
Errores: 0
Duración del ciclo: 0.02s
Intervalo objetivo: 30s
Próximo ciclo en: 29.98s
----------------------------------------------------------------------------------------

========================================================================================
CICLO #0063 | 2026-09-03 13:56:12 UTC | símbolos=0
========================================================================================
----------------------------------------------------------------------------------------
RESUMEN DEL CICLO #0063
Símbolos analizados: 0
Sin señal: 0
Esperando/otros: 0
Señales rechazadas: 0
Bloqueadas por estado/límites: 0
Validadas DRY RUN: 0
Nuevas órdenes: 0
Operaciones cerradas sincronizadas: 0
Errores: 0
Duración del ciclo: 0.02s
Intervalo objetivo: 30s
Próximo ciclo en: 29.98s
----------------------------------------------------------------------------------------

========================================================================================
CICLO #0064 | 2026-09-03 13:56:42 UTC | símbolos=0
========================================================================================
----------------------------------------------------------------------------------------
RESUMEN DEL CICLO #0064
Símbolos analizados: 0
Sin señal: 0
Esperando/otros: 0
Señales rechazadas: 0
Bloqueadas por estado/límites: 0
Validadas DRY RUN: 0
Nuevas órdenes: 0
Operaciones cerradas sincronizadas: 0
Errores: 0
Duración del ciclo: 0.03s
Intervalo objetivo: 30s
Próximo ciclo en: 29.97s
----------------------------------------------------------------------------------------

========================================================================================
CICLO #0065 | 2026-09-03 13:57:12 UTC | símbolos=0
========================================================================================
----------------------------------------------------------------------------------------
RESUMEN DEL CICLO #0065
Símbolos analizados: 0
Sin señal: 0
Esperando/otros: 0
Señales rechazadas: 0
Bloqueadas por estado/límites: 0
Validadas DRY RUN: 0
Nuevas órdenes: 0
Operaciones cerradas sincronizadas: 0
Errores: 0
Duración del ciclo: 0.03s
Intervalo objetivo: 30s
Próximo ciclo en: 29.97s
----------------------------------------------------------------------------------------

========================================================================================
CICLO #0066 | 2026-09-03 13:57:42 UTC | símbolos=0
========================================================================================
----------------------------------------------------------------------------------------
RESUMEN DEL CICLO #0066
Símbolos analizados: 0
Sin señal: 0
Esperando/otros: 0
Señales rechazadas: 0
Bloqueadas por estado/límites: 0
Validadas DRY RUN: 0
Nuevas órdenes: 0
Operaciones cerradas sincronizadas: 0
Errores: 0
Duración del ciclo: 0.03s
Intervalo objetivo: 30s
Próximo ciclo en: 29.97s
----------------------------------------------------------------------------------------

========================================================================================
CICLO #0067 | 2026-09-03 13:58:12 UTC | símbolos=0
========================================================================================
----------------------------------------------------------------------------------------
RESUMEN DEL CICLO #0067
Símbolos analizados: 0
Sin señal: 0
Esperando/otros: 0
Señales rechazadas: 0
Bloqueadas por estado/límites: 0
Validadas DRY RUN: 0
Nuevas órdenes: 0
Operaciones cerradas sincronizadas: 0
Errores: 0
Duración del ciclo: 0.02s
Intervalo objetivo: 30s
Próximo ciclo en: 29.98s
----------------------------------------------------------------------------------------

========================================================================================
CICLO #0068 | 2026-09-03 13:58:42 UTC | símbolos=0
========================================================================================
----------------------------------------------------------------------------------------
RESUMEN DEL CICLO #0068
Símbolos analizados: 0
Sin señal: 0
Esperando/otros: 0
Señales rechazadas: 0
Bloqueadas por estado/límites: 0
Validadas DRY RUN: 0
Nuevas órdenes: 0
Operaciones cerradas sincronizadas: 0
Errores: 0
Duración del ciclo: 0.03s
Intervalo objetivo: 30s
Próximo ciclo en: 29.97s
----------------------------------------------------------------------------------------

========================================================================================
CICLO #0069 | 2026-09-03 13:59:12 UTC | símbolos=0
========================================================================================
----------------------------------------------------------------------------------------
RESUMEN DEL CICLO #0069
Símbolos analizados: 0
Sin señal: 0
Esperando/otros: 0
Señales rechazadas: 0
Bloqueadas por estado/límites: 0
Validadas DRY RUN: 0
Nuevas órdenes: 0
Operaciones cerradas sincronizadas: 0
Errores: 0
Duración del ciclo: 0.02s
Intervalo objetivo: 30s
Próximo ciclo en: 29.98s
----------------------------------------------------------------------------------------

========================================================================================
CICLO #0070 | 2026-09-03 13:59:42 UTC | símbolos=0
========================================================================================
----------------------------------------------------------------------------------------
RESUMEN DEL CICLO #0070
Símbolos analizados: 0
Sin señal: 0
Esperando/otros: 0
Señales rechazadas: 0
Bloqueadas por estado/límites: 0
Validadas DRY RUN: 0
Nuevas órdenes: 0
Operaciones cerradas sincronizadas: 0
Errores: 0
Duración del ciclo: 0.03s
Intervalo objetivo: 30s
Próximo ciclo en: 29.97s
----------------------------------------------------------------------------------------

========================================================================================
CICLO #0071 | 2026-09-03 14:00:12 UTC | símbolos=10
========================================================================================
[01/10] START Boom 100 Index
[01/10] END   Boom 100 Index | 1.61s | DIRECCIÓN BLOQUEADA POR POLÍTICA DEL INSTRUMENTO
    Motivo: BOOM_BUY_ONLY_REQUIRES_BUY_H1_CONTEXT
[02/10] START Boom 1000 Index
[02/10] END   Boom 1000 Index | 3.43s | NO M5 CONFIRMATION
    Motivo: NO_DIRECTIONAL_M5_CONFIRMATION
[03/10] START Boom 150 Index
[03/10] END   Boom 150 Index | 4.53s | STALE M5 SIGNAL
    Motivo: M5_CONFIRMATION_TOO_OLD_FOR_LIVE_ENTRY
[04/10] START Boom 200 Index
[04/10] END   Boom 200 Index | 3.45s | STALE M5 SIGNAL
    Motivo: M5_CONFIRMATION_TOO_OLD_FOR_LIVE_ENTRY
[05/10] START Boom 300 Index
[05/10] END   Boom 300 Index | 1.04s | DIRECCIÓN BLOQUEADA POR POLÍTICA DEL INSTRUMENTO
    Motivo: BOOM_BUY_ONLY_REQUIRES_BUY_H1_CONTEXT
[06/10] START Boom 50 Index
[06/10] END   Boom 50 Index | 3.57s | NO M5 CONFIRMATION
    Motivo: NO_DIRECTIONAL_M5_CONFIRMATION
    Confirmaciones: 10/13 | 76.9% | calidad=78.00 | decisión=RECHAZADA
    Faltantes: rechazo del precio, desplazamiento, microestructura M5
    Críticas faltantes: CHOCH REQUIRES MICRO STRUCTURE, DISPLACEMENT REQUIRED FOR LIVE ENTRY
    Rechazo técnico: choch micro structure not confirmed, desplazamiento no confirmado, rechazo del precio no confirmado, microestructura M5 no confirmada, calidad de la operación insuficiente, falta una confirmación estructural crítica, porcentaje de confirmaciones inferior al 80%
[07/10] START Boom 500 Index
[07/10] END   Boom 500 Index | 0.95s | DIRECCIÓN BLOQUEADA POR POLÍTICA DEL INSTRUMENTO
    Motivo: BOOM_BUY_ONLY_REQUIRES_BUY_H1_CONTEXT
[08/10] START Boom 600 Index
[08/10] END   Boom 600 Index | 1.22s | DIRECCIÓN BLOQUEADA POR POLÍTICA DEL INSTRUMENTO
    Motivo: BOOM_BUY_ONLY_REQUIRES_BUY_H1_CONTEXT
[09/10] START Boom 900 Index
[09/10] END   Boom 900 Index | 3.66s | STALE M5 SIGNAL
    Motivo: M5_CONFIRMATION_TOO_OLD_FOR_LIVE_ENTRY
[10/10] START Boom 99 Index
[10/10] END   Boom 99 Index | 4.22s | STALE M5 SIGNAL
    Motivo: M5_CONFIRMATION_TOO_OLD_FOR_LIVE_ENTRY
----------------------------------------------------------------------------------------
RESUMEN DEL CICLO #0071
Símbolos analizados: 10
Sin señal: 0
Esperando/otros: 6
Señales rechazadas: 4
Bloqueadas por estado/límites: 0
Validadas DRY RUN: 0
Nuevas órdenes: 0
Operaciones cerradas sincronizadas: 0
Errores: 0
Duración del ciclo: 27.78s
Intervalo objetivo: 30s
Próximo ciclo en: 2.22s
----------------------------------------------------------------------------------------

========================================================================================
CICLO #0072 | 2026-09-03 14:00:42 UTC | símbolos=0
========================================================================================
----------------------------------------------------------------------------------------
RESUMEN DEL CICLO #0072
Símbolos analizados: 0
Sin señal: 0
Esperando/otros: 0
Señales rechazadas: 0
Bloqueadas por estado/límites: 0
Validadas DRY RUN: 0
Nuevas órdenes: 0
Operaciones cerradas sincronizadas: 0
Errores: 0
Duración del ciclo: 0.03s
Intervalo objetivo: 30s
Próximo ciclo en: 29.97s
----------------------------------------------------------------------------------------

========================================================================================
CICLO #0073 | 2026-09-03 14:01:12 UTC | símbolos=0
========================================================================================
----------------------------------------------------------------------------------------
RESUMEN DEL CICLO #0073
Símbolos analizados: 0
Sin señal: 0
Esperando/otros: 0
Señales rechazadas: 0
Bloqueadas por estado/límites: 0
Validadas DRY RUN: 0
Nuevas órdenes: 0
Operaciones cerradas sincronizadas: 0
Errores: 0
Duración del ciclo: 0.02s
Intervalo objetivo: 30s
Próximo ciclo en: 29.98s
----------------------------------------------------------------------------------------

========================================================================================
CICLO #0074 | 2026-09-03 14:01:42 UTC | símbolos=0
========================================================================================
----------------------------------------------------------------------------------------
RESUMEN DEL CICLO #0074
Símbolos analizados: 0
Sin señal: 0
Esperando/otros: 0
Señales rechazadas: 0
Bloqueadas por estado/límites: 0
Validadas DRY RUN: 0
Nuevas órdenes: 0
Operaciones cerradas sincronizadas: 0
Errores: 0
Duración del ciclo: 0.03s
Intervalo objetivo: 30s
Próximo ciclo en: 29.97s
----------------------------------------------------------------------------------------

========================================================================================
CICLO #0075 | 2026-09-03 14:02:12 UTC | símbolos=0
========================================================================================
----------------------------------------------------------------------------------------
RESUMEN DEL CICLO #0075
Símbolos analizados: 0
Sin señal: 0
Esperando/otros: 0
Señales rechazadas: 0
Bloqueadas por estado/límites: 0
Validadas DRY RUN: 0
Nuevas órdenes: 0
Operaciones cerradas sincronizadas: 0
Errores: 0
Duración del ciclo: 0.03s
Intervalo objetivo: 30s
Próximo ciclo en: 29.97s
----------------------------------------------------------------------------------------

========================================================================================
CICLO #0076 | 2026-09-03 14:02:42 UTC | símbolos=0
========================================================================================
----------------------------------------------------------------------------------------
RESUMEN DEL CICLO #0076
Símbolos analizados: 0
Sin señal: 0
Esperando/otros: 0
Señales rechazadas: 0
Bloqueadas por estado/límites: 0
Validadas DRY RUN: 0
Nuevas órdenes: 0
Operaciones cerradas sincronizadas: 0
Errores: 0
Duración del ciclo: 0.03s
Intervalo objetivo: 30s
Próximo ciclo en: 29.97s
----------------------------------------------------------------------------------------

========================================================================================
CICLO #0077 | 2026-09-03 14:03:12 UTC | símbolos=0
========================================================================================
----------------------------------------------------------------------------------------
RESUMEN DEL CICLO #0077
Símbolos analizados: 0
Sin señal: 0
Esperando/otros: 0
Señales rechazadas: 0
Bloqueadas por estado/límites: 0
Validadas DRY RUN: 0
Nuevas órdenes: 0
Operaciones cerradas sincronizadas: 0
Errores: 0
Duración del ciclo: 0.03s
Intervalo objetivo: 30s
Próximo ciclo en: 29.97s
----------------------------------------------------------------------------------------

========================================================================================
CICLO #0078 | 2026-09-03 14:03:42 UTC | símbolos=0
========================================================================================
----------------------------------------------------------------------------------------
RESUMEN DEL CICLO #0078
Símbolos analizados: 0
Sin señal: 0
Esperando/otros: 0
Señales rechazadas: 0
Bloqueadas por estado/límites: 0
Validadas DRY RUN: 0
Nuevas órdenes: 0
Operaciones cerradas sincronizadas: 0
Errores: 0
Duración del ciclo: 0.03s
Intervalo objetivo: 30s
Próximo ciclo en: 29.97s
----------------------------------------------------------------------------------------

========================================================================================
CICLO #0079 | 2026-09-03 14:04:12 UTC | símbolos=0
========================================================================================
----------------------------------------------------------------------------------------
RESUMEN DEL CICLO #0079
Símbolos analizados: 0
Sin señal: 0
Esperando/otros: 0
Señales rechazadas: 0
Bloqueadas por estado/límites: 0
Validadas DRY RUN: 0
Nuevas órdenes: 0
Operaciones cerradas sincronizadas: 0
Errores: 0
Duración del ciclo: 0.03s
Intervalo objetivo: 30s
Próximo ciclo en: 29.97s
----------------------------------------------------------------------------------------

========================================================================================
CICLO #0080 | 2026-09-03 14:04:42 UTC | símbolos=0
========================================================================================
----------------------------------------------------------------------------------------
RESUMEN DEL CICLO #0080
Símbolos analizados: 0
Sin señal: 0
Esperando/otros: 0
Señales rechazadas: 0
Bloqueadas por estado/límites: 0
Validadas DRY RUN: 0
Nuevas órdenes: 0
Operaciones cerradas sincronizadas: 0
Errores: 0
Duración del ciclo: 0.03s
Intervalo objetivo: 30s
Próximo ciclo en: 29.97s
----------------------------------------------------------------------------------------

========================================================================================
CICLO #0081 | 2026-09-03 14:05:12 UTC | símbolos=10
========================================================================================
[01/10] START Boom 100 Index
[01/10] END   Boom 100 Index | 0.01s | DIRECCIÓN BLOQUEADA POR POLÍTICA DEL INSTRUMENTO
    Motivo: BOOM_BUY_ONLY_REQUIRES_BUY_H1_CONTEXT
[02/10] START Boom 1000 Index
[02/10] END   Boom 1000 Index | 0.51s | NO M5 CONFIRMATION
    Motivo: NO_DIRECTIONAL_M5_CONFIRMATION
[03/10] START Boom 150 Index
[03/10] END   Boom 150 Index | 0.98s | STALE M5 SIGNAL
    Motivo: M5_CONFIRMATION_TOO_OLD_FOR_LIVE_ENTRY
[04/10] START Boom 200 Index
[04/10] END   Boom 200 Index | 0.56s | STALE M5 SIGNAL
    Motivo: M5_CONFIRMATION_TOO_OLD_FOR_LIVE_ENTRY
[05/10] START Boom 300 Index
[05/10] END   Boom 300 Index | 0.01s | DIRECCIÓN BLOQUEADA POR POLÍTICA DEL INSTRUMENTO
    Motivo: BOOM_BUY_ONLY_REQUIRES_BUY_H1_CONTEXT
[06/10] START Boom 50 Index
[06/10] END   Boom 50 Index | 0.56s | NO M5 CONFIRMATION
    Motivo: NO_DIRECTIONAL_M5_CONFIRMATION
    Confirmaciones: 10/13 | 76.9% | calidad=78.00 | decisión=RECHAZADA
    Faltantes: rechazo del precio, desplazamiento, microestructura M5
    Críticas faltantes: CHOCH REQUIRES MICRO STRUCTURE, DISPLACEMENT REQUIRED FOR LIVE ENTRY
    Rechazo técnico: choch micro structure not confirmed, desplazamiento no confirmado, rechazo del precio no confirmado, microestructura M5 no confirmada, calidad de la operación insuficiente, falta una confirmación estructural crítica, porcentaje de confirmaciones inferior al 80%
[07/10] START Boom 500 Index
[07/10] END   Boom 500 Index | 0.01s | DIRECCIÓN BLOQUEADA POR POLÍTICA DEL INSTRUMENTO
    Motivo: BOOM_BUY_ONLY_REQUIRES_BUY_H1_CONTEXT
[08/10] START Boom 600 Index
[08/10] END   Boom 600 Index | 0.01s | DIRECCIÓN BLOQUEADA POR POLÍTICA DEL INSTRUMENTO
    Motivo: BOOM_BUY_ONLY_REQUIRES_BUY_H1_CONTEXT
[09/10] START Boom 900 Index
[09/10] END   Boom 900 Index | 0.57s | STALE M5 SIGNAL
    Motivo: M5_CONFIRMATION_TOO_OLD_FOR_LIVE_ENTRY
[10/10] START Boom 99 Index
[10/10] END   Boom 99 Index | 0.51s | STALE M5 SIGNAL
    Motivo: M5_CONFIRMATION_TOO_OLD_FOR_LIVE_ENTRY
----------------------------------------------------------------------------------------
RESUMEN DEL CICLO #0081
Símbolos analizados: 10
Sin señal: 0
Esperando/otros: 6
Señales rechazadas: 4
Bloqueadas por estado/límites: 0
Validadas DRY RUN: 0
Nuevas órdenes: 0
Operaciones cerradas sincronizadas: 0
Errores: 0
Duración del ciclo: 3.79s
Intervalo objetivo: 30s
Próximo ciclo en: 26.21s
----------------------------------------------------------------------------------------

========================================================================================
CICLO #0082 | 2026-09-03 14:05:42 UTC | símbolos=0
========================================================================================
----------------------------------------------------------------------------------------
RESUMEN DEL CICLO #0082
Símbolos analizados: 0
Sin señal: 0
Esperando/otros: 0
Señales rechazadas: 0
Bloqueadas por estado/límites: 0
Validadas DRY RUN: 0
Nuevas órdenes: 0
Operaciones cerradas sincronizadas: 0
Errores: 0
Duración del ciclo: 0.02s
Intervalo objetivo: 30s
Próximo ciclo en: 29.98s
----------------------------------------------------------------------------------------

========================================================================================
CICLO #0083 | 2026-09-03 14:06:12 UTC | símbolos=0
========================================================================================
----------------------------------------------------------------------------------------
RESUMEN DEL CICLO #0083
Símbolos analizados: 0
Sin señal: 0
Esperando/otros: 0
Señales rechazadas: 0
Bloqueadas por estado/límites: 0
Validadas DRY RUN: 0
Nuevas órdenes: 0
Operaciones cerradas sincronizadas: 0
Errores: 0
Duración del ciclo: 0.03s
Intervalo objetivo: 30s
Próximo ciclo en: 29.97s
----------------------------------------------------------------------------------------

========================================================================================
CICLO #0084 | 2026-09-03 14:06:42 UTC | símbolos=0
========================================================================================
----------------------------------------------------------------------------------------
RESUMEN DEL CICLO #0084
Símbolos analizados: 0
Sin señal: 0
Esperando/otros: 0
Señales rechazadas: 0
Bloqueadas por estado/límites: 0
Validadas DRY RUN: 0
Nuevas órdenes: 0
Operaciones cerradas sincronizadas: 0
Errores: 0
Duración del ciclo: 0.03s
Intervalo objetivo: 30s
Próximo ciclo en: 29.97s
----------------------------------------------------------------------------------------

========================================================================================
CICLO #0085 | 2026-09-03 14:07:12 UTC | símbolos=0
========================================================================================
----------------------------------------------------------------------------------------
RESUMEN DEL CICLO #0085
Símbolos analizados: 0
Sin señal: 0
Esperando/otros: 0
Señales rechazadas: 0
Bloqueadas por estado/límites: 0
Validadas DRY RUN: 0
Nuevas órdenes: 0
Operaciones cerradas sincronizadas: 0
Errores: 0
Duración del ciclo: 0.03s
Intervalo objetivo: 30s
Próximo ciclo en: 29.97s
----------------------------------------------------------------------------------------

========================================================================================
CICLO #0086 | 2026-09-03 14:07:42 UTC | símbolos=0
========================================================================================
----------------------------------------------------------------------------------------
RESUMEN DEL CICLO #0086
Símbolos analizados: 0
Sin señal: 0
Esperando/otros: 0
Señales rechazadas: 0
Bloqueadas por estado/límites: 0
Validadas DRY RUN: 0
Nuevas órdenes: 0
Operaciones cerradas sincronizadas: 0
Errores: 0
Duración del ciclo: 0.03s
Intervalo objetivo: 30s
Próximo ciclo en: 29.97s
----------------------------------------------------------------------------------------

========================================================================================
CICLO #0087 | 2026-09-03 14:08:12 UTC | símbolos=0
========================================================================================
----------------------------------------------------------------------------------------
RESUMEN DEL CICLO #0087
Símbolos analizados: 0
Sin señal: 0
Esperando/otros: 0
Señales rechazadas: 0
Bloqueadas por estado/límites: 0
Validadas DRY RUN: 0
Nuevas órdenes: 0
Operaciones cerradas sincronizadas: 0
Errores: 0
Duración del ciclo: 0.02s
Intervalo objetivo: 30s
Próximo ciclo en: 29.98s
----------------------------------------------------------------------------------------

========================================================================================
CICLO #0088 | 2026-09-03 14:08:42 UTC | símbolos=0
========================================================================================
----------------------------------------------------------------------------------------
RESUMEN DEL CICLO #0088
Símbolos analizados: 0
Sin señal: 0
Esperando/otros: 0
Señales rechazadas: 0
Bloqueadas por estado/límites: 0
Validadas DRY RUN: 0
Nuevas órdenes: 0
Operaciones cerradas sincronizadas: 0
Errores: 0
Duración del ciclo: 0.03s
Intervalo objetivo: 30s
Próximo ciclo en: 29.97s
----------------------------------------------------------------------------------------

========================================================================================
CICLO #0089 | 2026-09-03 14:09:12 UTC | símbolos=0
========================================================================================
----------------------------------------------------------------------------------------
RESUMEN DEL CICLO #0089
Símbolos analizados: 0
Sin señal: 0
Esperando/otros: 0
Señales rechazadas: 0
Bloqueadas por estado/límites: 0
Validadas DRY RUN: 0
Nuevas órdenes: 0
Operaciones cerradas sincronizadas: 0
Errores: 0
Duración del ciclo: 0.03s
Intervalo objetivo: 30s
Próximo ciclo en: 29.97s
----------------------------------------------------------------------------------------

========================================================================================
CICLO #0090 | 2026-09-03 14:09:42 UTC | símbolos=0
========================================================================================
----------------------------------------------------------------------------------------
RESUMEN DEL CICLO #0090
Símbolos analizados: 0
Sin señal: 0
Esperando/otros: 0
Señales rechazadas: 0
Bloqueadas por estado/límites: 0
Validadas DRY RUN: 0
Nuevas órdenes: 0
Operaciones cerradas sincronizadas: 0
Errores: 0
Duración del ciclo: 0.03s
Intervalo objetivo: 30s
Próximo ciclo en: 29.97s
----------------------------------------------------------------------------------------

========================================================================================
CICLO #0091 | 2026-09-03 14:10:12 UTC | símbolos=10
========================================================================================
[01/10] START Boom 100 Index
[01/10] END   Boom 100 Index | 0.01s | DIRECCIÓN BLOQUEADA POR POLÍTICA DEL INSTRUMENTO
    Motivo: BOOM_BUY_ONLY_REQUIRES_BUY_H1_CONTEXT
[02/10] START Boom 1000 Index
[02/10] END   Boom 1000 Index | 0.59s | NO M5 CONFIRMATION
    Motivo: NO_DIRECTIONAL_M5_CONFIRMATION
[03/10] START Boom 150 Index
[03/10] END   Boom 150 Index | 1.10s | STALE M5 SIGNAL
    Motivo: M5_CONFIRMATION_TOO_OLD_FOR_LIVE_ENTRY
[04/10] START Boom 200 Index
[04/10] END   Boom 200 Index | 0.63s | STALE M5 SIGNAL
    Motivo: M5_CONFIRMATION_TOO_OLD_FOR_LIVE_ENTRY
[05/10] START Boom 300 Index
[05/10] END   Boom 300 Index | 0.01s | DIRECCIÓN BLOQUEADA POR POLÍTICA DEL INSTRUMENTO
    Motivo: BOOM_BUY_ONLY_REQUIRES_BUY_H1_CONTEXT
[06/10] START Boom 50 Index
[06/10] END   Boom 50 Index | 0.58s | NO M5 CONFIRMATION
    Motivo: NO_DIRECTIONAL_M5_CONFIRMATION
    Confirmaciones: 10/13 | 76.9% | calidad=78.00 | decisión=RECHAZADA
    Faltantes: rechazo del precio, desplazamiento, microestructura M5
    Críticas faltantes: CHOCH REQUIRES MICRO STRUCTURE, DISPLACEMENT REQUIRED FOR LIVE ENTRY
    Rechazo técnico: choch micro structure not confirmed, desplazamiento no confirmado, rechazo del precio no confirmado, microestructura M5 no confirmada, calidad de la operación insuficiente, falta una confirmación estructural crítica, porcentaje de confirmaciones inferior al 80%
[07/10] START Boom 500 Index
[07/10] END   Boom 500 Index | 0.01s | DIRECCIÓN BLOQUEADA POR POLÍTICA DEL INSTRUMENTO
    Motivo: BOOM_BUY_ONLY_REQUIRES_BUY_H1_CONTEXT
[08/10] START Boom 600 Index
[08/10] END   Boom 600 Index | 0.01s | DIRECCIÓN BLOQUEADA POR POLÍTICA DEL INSTRUMENTO
    Motivo: BOOM_BUY_ONLY_REQUIRES_BUY_H1_CONTEXT
[09/10] START Boom 900 Index
[09/10] END   Boom 900 Index | 0.68s | STALE M5 SIGNAL
    Motivo: M5_CONFIRMATION_TOO_OLD_FOR_LIVE_ENTRY
[10/10] START Boom 99 Index
[10/10] END   Boom 99 Index | 0.69s | STALE M5 SIGNAL
    Motivo: M5_CONFIRMATION_TOO_OLD_FOR_LIVE_ENTRY
----------------------------------------------------------------------------------------
RESUMEN DEL CICLO #0091
Símbolos analizados: 10
Sin señal: 0
Esperando/otros: 6
Señales rechazadas: 4
Bloqueadas por estado/límites: 0
Validadas DRY RUN: 0
Nuevas órdenes: 0
Operaciones cerradas sincronizadas: 0
Errores: 0
Duración del ciclo: 4.39s
Intervalo objetivo: 30s
Próximo ciclo en: 25.61s
----------------------------------------------------------------------------------------

========================================================================================
CICLO #0092 | 2026-09-03 14:10:42 UTC | símbolos=0
========================================================================================
----------------------------------------------------------------------------------------
RESUMEN DEL CICLO #0092
Símbolos analizados: 0
Sin señal: 0
Esperando/otros: 0
Señales rechazadas: 0
Bloqueadas por estado/límites: 0
Validadas DRY RUN: 0
Nuevas órdenes: 0
Operaciones cerradas sincronizadas: 0
Errores: 0
Duración del ciclo: 0.03s
Intervalo objetivo: 30s
Próximo ciclo en: 29.97s
----------------------------------------------------------------------------------------
Bot detenido por el usuario.
========================================================================
DERIV DEMO EXECUTION PREFLIGHT
========================================================================
[OK] MT5_ACCOUNT_INFO {'login': 41108926, 'server': 'Deriv-Demo', 'currency': 'USD', 'balance': 9986.48, 'equity': 9955.67, 'margin': 43.51, 'free_margin': 9912.16, 'profit': -30.81, 'leverage': 1000, 'trade_mode': 0, 'snapshot_time': datetime.datetime(2026, 9, 3, 14, 12, 13, 795253, tzinfo=datetime.timezone.utc), 'broker': 'MT5'}
[OK] MT5_TERMINAL_CONNECTED {'trade_allowed': True, 'tradeapi_disabled': False}
[OK] MT5_AUTOTRADING_ALLOWED {'trade_allowed': True, 'tradeapi_disabled': False}
[OK] DEMO_ACCOUNT {'trade_mode': 0, 'server': 'Deriv-Demo'}
[OK] FREE_MARGIN {'free_margin': 9912.16, 'required': 0.0}
[OK] DATABASE_READY {}
[OK] SYMBOL:Boom 100 Index {'visible': True, 'trade_mode': 4, 'volume_min': 0.1, 'volume_step': 0.01, 'point': 0.001, 'stops_level_points': 22451}
[OK] SYMBOL:Boom 1000 Index {'visible': True, 'trade_mode': 4, 'volume_min': 0.2, 'volume_step': 0.01, 'point': 0.0001, 'stops_level_points': 26160}
[OK] SYMBOL:Boom 150 Index {'visible': True, 'trade_mode': 4, 'volume_min': 0.5, 'volume_step': 0.01, 'point': 0.0001, 'stops_level_points': 1000}
[OK] SYMBOL:Boom 200 Index {'visible': True, 'trade_mode': 4, 'volume_min': 0.1, 'volume_step': 0.01, 'point': 0.001, 'stops_level_points': 22998}
[OK] SYMBOL:Boom 300 Index {'visible': True, 'trade_mode': 4, 'volume_min': 0.5, 'volume_step': 0.01, 'point': 0.001, 'stops_level_points': 1668}
[OK] SYMBOL:Boom 50 Index {'visible': True, 'trade_mode': 4, 'volume_min': 0.1, 'volume_step': 0.01, 'point': 0.0001, 'stops_level_points': 21359}
[OK] SYMBOL:Boom 500 Index {'visible': True, 'trade_mode': 4, 'volume_min': 0.2, 'volume_step': 0.01, 'point': 0.001, 'stops_level_points': 1173}
[OK] SYMBOL:Boom 600 Index {'visible': True, 'trade_mode': 4, 'volume_min': 0.2, 'volume_step': 0.01, 'point': 0.001, 'stops_level_points': 1530}
[OK] SYMBOL:Boom 900 Index {'visible': True, 'trade_mode': 4, 'volume_min': 0.2, 'volume_step': 0.01, 'point': 0.001, 'stops_level_points': 1287}
[OK] SYMBOL:Boom 99 Index {'visible': True, 'trade_mode': 4, 'volume_min': 0.1, 'volume_step': 0.01, 'point': 0.001, 'stops_level_points': 22522}
========================================================================
STATUS: READY FOR DEMO EXECUTION
DAEMONBLACKFX VERSION: v100-entry-quality-recoverable-quarantine-winrate-audit
BOT ACTIVO: BOOM | MAGIC=26082101 | ESTRATEGIA=SMC/ORB | instrumentos=10 | auto_export=False
========================================================================================
BOT SMC MT5 - DERIV DEMO
========================================================================================
Cuenta: 41108926 | Servidor: Deriv-Demo
Balance: 9986.48 USD
Modo: EJECUCIÓN DEMO
Riesgo por trade: 1.00% | R:R mínimo: 1.50
Intervalo: 30s | Símbolos: 10
Reporte XLSX: C:\TradingBoot\smc_synthetic_bot\storage\exports\deriv_demo_trading_report.xlsx
Pipeline: SMC -> TradeLifecycleManager -> MT5TradeExecutor -> SQLite -> XLSX
========================================================================================
Daemon activo: señales=30s | monitor posiciones/BE=2s | símbolos=10
Progreso: se mostrará cada símbolo y su tiempo de análisis.
{'action': 'POSITION_MONITOR_STARTED', 'signal_interval_seconds': 30, 'position_monitor_interval_seconds': 2, 'monitor_mode': 'BACKGROUND_DECOUPLED'}

========================================================================================
CICLO #0001 | 2026-09-03 14:12:19 UTC | símbolos=10
========================================================================================
[01/10] START Boom 100 Index
[01/10] END   Boom 100 Index | 1.68s | DIRECCIÓN BLOQUEADA POR POLÍTICA DEL INSTRUMENTO
    Motivo: BOOM_BUY_ONLY_REQUIRES_BUY_H1_CONTEXT
[02/10] START Boom 1000 Index
[02/10] END   Boom 1000 Index | 3.22s | NO M5 CONFIRMATION
    Motivo: NO_DIRECTIONAL_M5_CONFIRMATION
[03/10] START Boom 150 Index
[03/10] END   Boom 150 Index | 4.21s | STALE M5 SIGNAL
    Motivo: M5_CONFIRMATION_TOO_OLD_FOR_LIVE_ENTRY
[04/10] START Boom 200 Index
[04/10] END   Boom 200 Index | 3.72s | STALE M5 SIGNAL
    Motivo: M5_CONFIRMATION_TOO_OLD_FOR_LIVE_ENTRY
[05/10] START Boom 300 Index
[05/10] END   Boom 300 Index | 2.25s | DIRECCIÓN BLOQUEADA POR POLÍTICA DEL INSTRUMENTO
    Motivo: BOOM_BUY_ONLY_REQUIRES_BUY_H1_CONTEXT
[06/10] START Boom 50 Index
[06/10] END   Boom 50 Index | 4.12s | NO M5 CONFIRMATION
    Motivo: NO_DIRECTIONAL_M5_CONFIRMATION
    Confirmaciones: 10/13 | 76.9% | calidad=78.00 | decisión=RECHAZADA
    Faltantes: rechazo del precio, desplazamiento, microestructura M5
    Críticas faltantes: CHOCH REQUIRES MICRO STRUCTURE, DISPLACEMENT REQUIRED FOR LIVE ENTRY
    Rechazo técnico: choch micro structure not confirmed, desplazamiento no confirmado, rechazo del precio no confirmado, microestructura M5 no confirmada, calidad de la operación insuficiente, falta una confirmación estructural crítica, porcentaje de confirmaciones inferior al 80%
[07/10] START Boom 500 Index
[07/10] END   Boom 500 Index | 0.96s | DIRECCIÓN BLOQUEADA POR POLÍTICA DEL INSTRUMENTO
    Motivo: BOOM_BUY_ONLY_REQUIRES_BUY_H1_CONTEXT
[08/10] START Boom 600 Index
[08/10] END   Boom 600 Index | 1.16s | DIRECCIÓN BLOQUEADA POR POLÍTICA DEL INSTRUMENTO
    Motivo: BOOM_BUY_ONLY_REQUIRES_BUY_H1_CONTEXT
[09/10] START Boom 900 Index
[09/10] END   Boom 900 Index | 3.85s | STALE M5 SIGNAL
    Motivo: M5_CONFIRMATION_TOO_OLD_FOR_LIVE_ENTRY
[10/10] START Boom 99 Index
[10/10] END   Boom 99 Index | 4.57s | STALE M5 SIGNAL
    Motivo: M5_CONFIRMATION_TOO_OLD_FOR_LIVE_ENTRY
----------------------------------------------------------------------------------------
RESUMEN DEL CICLO #0001
Símbolos analizados: 10
Sin señal: 0
Esperando/otros: 6
Señales rechazadas: 4
Bloqueadas por estado/límites: 0
Validadas DRY RUN: 0
Nuevas órdenes: 0
Operaciones cerradas sincronizadas: 0
Errores: 0
Duración del ciclo: 34.49s
Intervalo objetivo: 30s
Próximo ciclo en: 0.00s
[AVISO] Ciclo excedio el intervalo por: 4.49s
----------------------------------------------------------------------------------------

========================================================================================
CICLO #0002 | 2026-09-03 14:12:54 UTC | símbolos=0
========================================================================================
----------------------------------------------------------------------------------------
RESUMEN DEL CICLO #0002
Símbolos analizados: 0
Sin señal: 0
Esperando/otros: 0
Señales rechazadas: 0
Bloqueadas por estado/límites: 0
Validadas DRY RUN: 0
Nuevas órdenes: 0
Operaciones cerradas sincronizadas: 0
Errores: 0
Duración del ciclo: 0.04s
Intervalo objetivo: 30s
Próximo ciclo en: 29.96s
----------------------------------------------------------------------------------------

========================================================================================
CICLO #0003 | 2026-09-03 14:13:24 UTC | símbolos=0
========================================================================================
----------------------------------------------------------------------------------------
RESUMEN DEL CICLO #0003
Símbolos analizados: 0
Sin señal: 0
Esperando/otros: 0
Señales rechazadas: 0
Bloqueadas por estado/límites: 0
Validadas DRY RUN: 0
Nuevas órdenes: 0
Operaciones cerradas sincronizadas: 0
Errores: 0
Duración del ciclo: 0.04s
Intervalo objetivo: 30s
Próximo ciclo en: 29.96s
----------------------------------------------------------------------------------------

========================================================================================
CICLO #0004 | 2026-09-03 14:13:54 UTC | símbolos=0
========================================================================================
----------------------------------------------------------------------------------------
RESUMEN DEL CICLO #0004
Símbolos analizados: 0
Sin señal: 0
Esperando/otros: 0
Señales rechazadas: 0
Bloqueadas por estado/límites: 0
Validadas DRY RUN: 0
Nuevas órdenes: 0
Operaciones cerradas sincronizadas: 0
Errores: 0
Duración del ciclo: 0.03s
Intervalo objetivo: 30s
Próximo ciclo en: 29.97s
----------------------------------------------------------------------------------------

========================================================================================
CICLO #0005 | 2026-09-03 14:14:24 UTC | símbolos=0
========================================================================================
----------------------------------------------------------------------------------------
RESUMEN DEL CICLO #0005
Símbolos analizados: 0
Sin señal: 0
Esperando/otros: 0
Señales rechazadas: 0
Bloqueadas por estado/límites: 0
Validadas DRY RUN: 0
Nuevas órdenes: 0
Operaciones cerradas sincronizadas: 0
Errores: 0
Duración del ciclo: 0.03s
Intervalo objetivo: 30s
Próximo ciclo en: 29.97s
----------------------------------------------------------------------------------------

========================================================================================
CICLO #0006 | 2026-09-03 14:14:54 UTC | símbolos=0
========================================================================================
----------------------------------------------------------------------------------------
RESUMEN DEL CICLO #0006
Símbolos analizados: 0
Sin señal: 0
Esperando/otros: 0
Señales rechazadas: 0
Bloqueadas por estado/límites: 0
Validadas DRY RUN: 0
Nuevas órdenes: 0
Operaciones cerradas sincronizadas: 0
Errores: 0
Duración del ciclo: 0.03s
Intervalo objetivo: 30s
Próximo ciclo en: 29.97s
----------------------------------------------------------------------------------------

========================================================================================
CICLO #0007 | 2026-09-03 14:15:24 UTC | símbolos=10
========================================================================================
[01/10] START Boom 100 Index
[01/10] END   Boom 100 Index | 0.02s | DIRECCIÓN BLOQUEADA POR POLÍTICA DEL INSTRUMENTO
    Motivo: BOOM_BUY_ONLY_REQUIRES_BUY_H1_CONTEXT
[02/10] START Boom 1000 Index
[02/10] END   Boom 1000 Index | 1.74s | NO M5 CONFIRMATION
    Motivo: NO_DIRECTIONAL_M5_CONFIRMATION
[03/10] START Boom 150 Index
[03/10] END   Boom 150 Index | 2.21s | STALE M5 SIGNAL
    Motivo: M5_CONFIRMATION_TOO_OLD_FOR_LIVE_ENTRY
[04/10] START Boom 200 Index
[04/10] END   Boom 200 Index | 1.74s | STALE M5 SIGNAL
    Motivo: M5_CONFIRMATION_TOO_OLD_FOR_LIVE_ENTRY
[05/10] START Boom 300 Index
[05/10] END   Boom 300 Index | 0.01s | DIRECCIÓN BLOQUEADA POR POLÍTICA DEL INSTRUMENTO
    Motivo: BOOM_BUY_ONLY_REQUIRES_BUY_H1_CONTEXT
[06/10] START Boom 50 Index
[06/10] END   Boom 50 Index | 1.88s | NO M5 CONFIRMATION
    Motivo: NO_DIRECTIONAL_M5_CONFIRMATION
    Confirmaciones: 10/13 | 76.9% | calidad=78.00 | decisión=RECHAZADA
    Faltantes: rechazo del precio, desplazamiento, microestructura M5
    Críticas faltantes: CHOCH REQUIRES MICRO STRUCTURE, DISPLACEMENT REQUIRED FOR LIVE ENTRY
    Rechazo técnico: choch micro structure not confirmed, desplazamiento no confirmado, rechazo del precio no confirmado, microestructura M5 no confirmada, calidad de la operación insuficiente, falta una confirmación estructural crítica, porcentaje de confirmaciones inferior al 80%
[07/10] START Boom 500 Index
[07/10] END   Boom 500 Index | 0.01s | DIRECCIÓN BLOQUEADA POR POLÍTICA DEL INSTRUMENTO
    Motivo: BOOM_BUY_ONLY_REQUIRES_BUY_H1_CONTEXT
[08/10] START Boom 600 Index
[08/10] END   Boom 600 Index | 0.01s | DIRECCIÓN BLOQUEADA POR POLÍTICA DEL INSTRUMENTO
    Motivo: BOOM_BUY_ONLY_REQUIRES_BUY_H1_CONTEXT
[09/10] START Boom 900 Index
[09/10] END   Boom 900 Index | 2.07s | STALE M5 SIGNAL
    Motivo: M5_CONFIRMATION_TOO_OLD_FOR_LIVE_ENTRY
[10/10] START Boom 99 Index
[10/10] END   Boom 99 Index | 1.93s | STALE M5 SIGNAL
    Motivo: M5_CONFIRMATION_TOO_OLD_FOR_LIVE_ENTRY
----------------------------------------------------------------------------------------
RESUMEN DEL CICLO #0007
Símbolos analizados: 10
Sin señal: 0
Esperando/otros: 6
Señales rechazadas: 4
Bloqueadas por estado/límites: 0
Validadas DRY RUN: 0
Nuevas órdenes: 0
Operaciones cerradas sincronizadas: 0
Errores: 0
Duración del ciclo: 11.67s
Intervalo objetivo: 30s
Próximo ciclo en: 18.33s
----------------------------------------------------------------------------------------

========================================================================================
CICLO #0008 | 2026-09-03 14:15:54 UTC | símbolos=0
========================================================================================
----------------------------------------------------------------------------------------
RESUMEN DEL CICLO #0008
Símbolos analizados: 0
Sin señal: 0
Esperando/otros: 0
Señales rechazadas: 0
Bloqueadas por estado/límites: 0
Validadas DRY RUN: 0
Nuevas órdenes: 0
Operaciones cerradas sincronizadas: 0
Errores: 0
Duración del ciclo: 0.03s
Intervalo objetivo: 30s
Próximo ciclo en: 29.97s
----------------------------------------------------------------------------------------

========================================================================================
CICLO #0009 | 2026-09-03 14:16:24 UTC | símbolos=0
========================================================================================
----------------------------------------------------------------------------------------
RESUMEN DEL CICLO #0009
Símbolos analizados: 0
Sin señal: 0
Esperando/otros: 0
Señales rechazadas: 0
Bloqueadas por estado/límites: 0
Validadas DRY RUN: 0
Nuevas órdenes: 0
Operaciones cerradas sincronizadas: 0
Errores: 0
Duración del ciclo: 0.03s
Intervalo objetivo: 30s
Próximo ciclo en: 29.97s
----------------------------------------------------------------------------------------

========================================================================================
CICLO #0010 | 2026-09-03 14:16:54 UTC | símbolos=0
========================================================================================
----------------------------------------------------------------------------------------
RESUMEN DEL CICLO #0010
Símbolos analizados: 0
Sin señal: 0
Esperando/otros: 0
Señales rechazadas: 0
Bloqueadas por estado/límites: 0
Validadas DRY RUN: 0
Nuevas órdenes: 0
Operaciones cerradas sincronizadas: 0
Errores: 0
Duración del ciclo: 0.03s
Intervalo objetivo: 30s
Próximo ciclo en: 29.97s
----------------------------------------------------------------------------------------

========================================================================================
CICLO #0011 | 2026-09-03 14:17:24 UTC | símbolos=0
========================================================================================
----------------------------------------------------------------------------------------
RESUMEN DEL CICLO #0011
Símbolos analizados: 0
Sin señal: 0
Esperando/otros: 0
Señales rechazadas: 0
Bloqueadas por estado/límites: 0
Validadas DRY RUN: 0
Nuevas órdenes: 0
Operaciones cerradas sincronizadas: 0
Errores: 0
Duración del ciclo: 0.02s
Intervalo objetivo: 30s
Próximo ciclo en: 29.98s
----------------------------------------------------------------------------------------

========================================================================================
CICLO #0012 | 2026-09-03 14:17:54 UTC | símbolos=0
========================================================================================
----------------------------------------------------------------------------------------
RESUMEN DEL CICLO #0012
Símbolos analizados: 0
Sin señal: 0
Esperando/otros: 0
Señales rechazadas: 0
Bloqueadas por estado/límites: 0
Validadas DRY RUN: 0
Nuevas órdenes: 0
Operaciones cerradas sincronizadas: 0
Errores: 0
Duración del ciclo: 0.03s
Intervalo objetivo: 30s
Próximo ciclo en: 29.97s
----------------------------------------------------------------------------------------

========================================================================================
CICLO #0013 | 2026-09-03 14:18:24 UTC | símbolos=0
========================================================================================
----------------------------------------------------------------------------------------
RESUMEN DEL CICLO #0013
Símbolos analizados: 0
Sin señal: 0
Esperando/otros: 0
Señales rechazadas: 0
Bloqueadas por estado/límites: 0
Validadas DRY RUN: 0
Nuevas órdenes: 0
Operaciones cerradas sincronizadas: 0
Errores: 0
Duración del ciclo: 0.02s
Intervalo objetivo: 30s
Próximo ciclo en: 29.98s
----------------------------------------------------------------------------------------

========================================================================================
CICLO #0014 | 2026-09-03 14:18:54 UTC | símbolos=0
========================================================================================
----------------------------------------------------------------------------------------
RESUMEN DEL CICLO #0014
Símbolos analizados: 0
Sin señal: 0
Esperando/otros: 0
Señales rechazadas: 0
Bloqueadas por estado/límites: 0
Validadas DRY RUN: 0
Nuevas órdenes: 0
Operaciones cerradas sincronizadas: 0
Errores: 0
Duración del ciclo: 0.03s
Intervalo objetivo: 30s
Próximo ciclo en: 29.97s
----------------------------------------------------------------------------------------

========================================================================================
CICLO #0015 | 2026-09-03 14:19:24 UTC | símbolos=0
========================================================================================
----------------------------------------------------------------------------------------
RESUMEN DEL CICLO #0015
Símbolos analizados: 0
Sin señal: 0
Esperando/otros: 0
Señales rechazadas: 0
Bloqueadas por estado/límites: 0
Validadas DRY RUN: 0
Nuevas órdenes: 0
Operaciones cerradas sincronizadas: 0
Errores: 0
Duración del ciclo: 0.03s
Intervalo objetivo: 30s
Próximo ciclo en: 29.97s
----------------------------------------------------------------------------------------

========================================================================================
CICLO #0016 | 2026-09-03 14:19:54 UTC | símbolos=0
========================================================================================
----------------------------------------------------------------------------------------
RESUMEN DEL CICLO #0016
Símbolos analizados: 0
Sin señal: 0
Esperando/otros: 0
Señales rechazadas: 0
Bloqueadas por estado/límites: 0
Validadas DRY RUN: 0
Nuevas órdenes: 0
Operaciones cerradas sincronizadas: 0
Errores: 0
Duración del ciclo: 0.03s
Intervalo objetivo: 30s
Próximo ciclo en: 29.97s
----------------------------------------------------------------------------------------

========================================================================================
CICLO #0017 | 2026-09-03 14:20:24 UTC | símbolos=10
========================================================================================
[01/10] START Boom 100 Index
[01/10] END   Boom 100 Index | 0.01s | DIRECCIÓN BLOQUEADA POR POLÍTICA DEL INSTRUMENTO
    Motivo: BOOM_BUY_ONLY_REQUIRES_BUY_H1_CONTEXT
[02/10] START Boom 1000 Index
[02/10] END   Boom 1000 Index | 0.47s | NO M5 CONFIRMATION
    Motivo: NO_DIRECTIONAL_M5_CONFIRMATION
[03/10] START Boom 150 Index
[03/10] END   Boom 150 Index | 0.95s | STALE M5 SIGNAL
    Motivo: M5_CONFIRMATION_TOO_OLD_FOR_LIVE_ENTRY
[04/10] START Boom 200 Index
[04/10] END   Boom 200 Index | 0.59s | STALE M5 SIGNAL
    Motivo: M5_CONFIRMATION_TOO_OLD_FOR_LIVE_ENTRY
[05/10] START Boom 300 Index
[05/10] END   Boom 300 Index | 0.01s | DIRECCIÓN BLOQUEADA POR POLÍTICA DEL INSTRUMENTO
    Motivo: BOOM_BUY_ONLY_REQUIRES_BUY_H1_CONTEXT
[06/10] START Boom 50 Index
[06/10] END   Boom 50 Index | 2.58s | OPERACIÓN ABIERTA EN DOS ENTRADAS
    Dirección: BUY
    Entrada: 106990.914
    Stop Loss: 106979.563
    Take Profit: 107036.318
    R:R: 2.00
    Modalidad de ejecución: DOS ENTRADAS: 0,5% + 0,5%
    Riesgo objetivo: 98.87
    Riesgo calculado: 97.84
    Confirmaciones: 12/13 | 92.3% | calidad=100.00 | decisión=CONFIRMADA POR REGLA ADAPTATIVA >=80%
    Faltantes: rechazo del precio
[07/10] START Boom 500 Index
[07/10] END   Boom 500 Index | 0.01s | DIRECCIÓN BLOQUEADA POR POLÍTICA DEL INSTRUMENTO
    Motivo: BOOM_BUY_ONLY_REQUIRES_BUY_H1_CONTEXT
[08/10] START Boom 600 Index
[08/10] END   Boom 600 Index | 0.01s | DIRECCIÓN BLOQUEADA POR POLÍTICA DEL INSTRUMENTO
    Motivo: BOOM_BUY_ONLY_REQUIRES_BUY_H1_CONTEXT
[09/10] START Boom 900 Index
[09/10] END   Boom 900 Index | 0.53s | STALE M5 SIGNAL
    Motivo: M5_CONFIRMATION_TOO_OLD_FOR_LIVE_ENTRY
[10/10] START Boom 99 Index
[10/10] END   Boom 99 Index | 0.49s | STALE M5 SIGNAL
    Motivo: M5_CONFIRMATION_TOO_OLD_FOR_LIVE_ENTRY
----------------------------------------------------------------------------------------
RESUMEN DEL CICLO #0017
Símbolos analizados: 10
Sin señal: 0
Esperando/otros: 5
Señales rechazadas: 4
Bloqueadas por estado/límites: 0
Validadas DRY RUN: 0
Nuevas órdenes: 1
Operaciones cerradas sincronizadas: 0
Errores: 0
Duración del ciclo: 5.75s
Intervalo objetivo: 30s
Próximo ciclo en: 24.25s
----------------------------------------------------------------------------------------
[MONITOR BACKGROUND_MONITOR] posiciones=2 | BE activados=0 | runner eventos=0 | cierres=0 | 0.07s
[MONITOR BACKGROUND_MONITOR] posiciones=2 | BE activados=0 | runner eventos=0 | cierres=0 | 0.03s
[MONITOR BACKGROUND_MONITOR] posiciones=2 | BE activados=0 | runner eventos=0 | cierres=0 | 0.03s
[MONITOR BACKGROUND_MONITOR] posiciones=2 | BE activados=0 | runner eventos=0 | cierres=0 | 0.03s
[MONITOR BACKGROUND_MONITOR] posiciones=2 | BE activados=0 | runner eventos=0 | cierres=0 | 0.03s
[MONITOR BACKGROUND_MONITOR] posiciones=2 | BE activados=0 | runner eventos=0 | cierres=0 | 0.03s
[MONITOR BACKGROUND_MONITOR] posiciones=2 | BE activados=0 | runner eventos=0 | cierres=0 | 0.02s

========================================================================================
CICLO #0018 | 2026-09-03 14:20:54 UTC | símbolos=0
========================================================================================
----------------------------------------------------------------------------------------
RESUMEN DEL CICLO #0018
Símbolos analizados: 0
Sin señal: 0
Esperando/otros: 0
Señales rechazadas: 0
Bloqueadas por estado/límites: 0
Validadas DRY RUN: 0
Nuevas órdenes: 0
Operaciones cerradas sincronizadas: 0
Errores: 0
Duración del ciclo: 0.03s
Intervalo objetivo: 30s
Próximo ciclo en: 29.97s
----------------------------------------------------------------------------------------
[MONITOR BACKGROUND_MONITOR] posiciones=2 | BE activados=0 | runner eventos=0 | cierres=0 | 0.02s
[MONITOR BACKGROUND_MONITOR] posiciones=2 | BE activados=0 | runner eventos=0 | cierres=0 | 0.03s
[MONITOR BACKGROUND_MONITOR] posiciones=2 | BE activados=0 | runner eventos=0 | cierres=0 | 0.02s
[MONITOR BACKGROUND_MONITOR] posiciones=2 | BE activados=0 | runner eventos=0 | cierres=0 | 0.07s
[MONITOR BACKGROUND_MONITOR] posiciones=2 | BE activados=0 | runner eventos=0 | cierres=0 | 0.03s
[MONITOR BACKGROUND_MONITOR] posiciones=2 | BE activados=0 | runner eventos=0 | cierres=0 | 0.03s
[MONITOR BACKGROUND_MONITOR] posiciones=2 | BE activados=0 | runner eventos=0 | cierres=0 | 0.07s

========================================================================================
CICLO #0019 | 2026-09-03 14:21:24 UTC | símbolos=0
========================================================================================
----------------------------------------------------------------------------------------
RESUMEN DEL CICLO #0019
Símbolos analizados: 0
Sin señal: 0
Esperando/otros: 0
Señales rechazadas: 0
Bloqueadas por estado/límites: 0
Validadas DRY RUN: 0
Nuevas órdenes: 0
Operaciones cerradas sincronizadas: 0
Errores: 0
Duración del ciclo: 0.04s
Intervalo objetivo: 30s
Próximo ciclo en: 29.96s
----------------------------------------------------------------------------------------
[MONITOR BACKGROUND_MONITOR] posiciones=2 | BE activados=0 | runner eventos=0 | cierres=0 | 0.05s
[MONITOR BACKGROUND_MONITOR] posiciones=2 | BE activados=0 | runner eventos=0 | cierres=0 | 0.03s
[MONITOR BACKGROUND_MONITOR] posiciones=2 | BE activados=0 | runner eventos=0 | cierres=0 | 0.04s
[MONITOR BACKGROUND_MONITOR] posiciones=2 | BE activados=0 | runner eventos=0 | cierres=0 | 0.03s
[MONITOR BACKGROUND_MONITOR] posiciones=2 | BE activados=0 | runner eventos=0 | cierres=0 | 0.04s
[MONITOR BACKGROUND_MONITOR] posiciones=2 | BE activados=0 | runner eventos=0 | cierres=0 | 0.03s
[MONITOR BACKGROUND_MONITOR] posiciones=2 | BE activados=0 | runner eventos=0 | cierres=0 | 0.09s
[MONITOR BACKGROUND_MONITOR] posiciones=2 | BE activados=0 | runner eventos=0 | cierres=0 | 0.06s

========================================================================================
CICLO #0020 | 2026-09-03 14:21:54 UTC | símbolos=0
========================================================================================
----------------------------------------------------------------------------------------
RESUMEN DEL CICLO #0020
Símbolos analizados: 0
Sin señal: 0
Esperando/otros: 0
Señales rechazadas: 0
Bloqueadas por estado/límites: 0
Validadas DRY RUN: 0
Nuevas órdenes: 0
Operaciones cerradas sincronizadas: 0
Errores: 0
Duración del ciclo: 0.08s
Intervalo objetivo: 30s
Próximo ciclo en: 29.92s
----------------------------------------------------------------------------------------
[MONITOR BACKGROUND_MONITOR] posiciones=2 | BE activados=0 | runner eventos=0 | cierres=0 | 0.04s
[MONITOR BACKGROUND_MONITOR] posiciones=2 | BE activados=0 | runner eventos=0 | cierres=0 | 0.02s
[MONITOR BACKGROUND_MONITOR] posiciones=2 | BE activados=0 | runner eventos=0 | cierres=0 | 0.03s
[MONITOR BACKGROUND_MONITOR] posiciones=2 | BE activados=0 | runner eventos=0 | cierres=0 | 0.07s
[MONITOR BACKGROUND_MONITOR] posiciones=2 | BE activados=0 | runner eventos=0 | cierres=0 | 0.03s
[MONITOR BACKGROUND_MONITOR] posiciones=2 | BE activados=0 | runner eventos=0 | cierres=0 | 0.04s
[MONITOR BACKGROUND_MONITOR] posiciones=2 | BE activados=0 | runner eventos=0 | cierres=0 | 0.03s

========================================================================================
CICLO #0021 | 2026-09-03 14:22:24 UTC | símbolos=0
========================================================================================
----------------------------------------------------------------------------------------
RESUMEN DEL CICLO #0021
Símbolos analizados: 0
Sin señal: 0
Esperando/otros: 0
Señales rechazadas: 0
Bloqueadas por estado/límites: 0
Validadas DRY RUN: 0
Nuevas órdenes: 0
Operaciones cerradas sincronizadas: 0
Errores: 0
Duración del ciclo: 0.03s
Intervalo objetivo: 30s
Próximo ciclo en: 29.97s
----------------------------------------------------------------------------------------
[MONITOR BACKGROUND_MONITOR] posiciones=2 | BE activados=0 | runner eventos=0 | cierres=0 | 0.03s
[MONITOR BACKGROUND_MONITOR] posiciones=0 | BE activados=0 | runner eventos=0 | cierres=2 | 0.01s

========================================================================================
CICLO #0022 | 2026-09-03 14:22:54 UTC | símbolos=0
========================================================================================
----------------------------------------------------------------------------------------
RESUMEN DEL CICLO #0022
Símbolos analizados: 0
Sin señal: 0
Esperando/otros: 0
Señales rechazadas: 0
Bloqueadas por estado/límites: 0
Validadas DRY RUN: 0
Nuevas órdenes: 0
Operaciones cerradas sincronizadas: 0
Errores: 0
Duración del ciclo: 0.03s
Intervalo objetivo: 30s
Próximo ciclo en: 29.97s
----------------------------------------------------------------------------------------

========================================================================================
CICLO #0023 | 2026-09-03 14:23:24 UTC | símbolos=0
========================================================================================
----------------------------------------------------------------------------------------
RESUMEN DEL CICLO #0023
Símbolos analizados: 0
Sin señal: 0
Esperando/otros: 0
Señales rechazadas: 0
Bloqueadas por estado/límites: 0
Validadas DRY RUN: 0
Nuevas órdenes: 0
Operaciones cerradas sincronizadas: 0
Errores: 0
Duración del ciclo: 0.03s
Intervalo objetivo: 30s
Próximo ciclo en: 29.97s
----------------------------------------------------------------------------------------

========================================================================================
CICLO #0024 | 2026-09-03 14:23:54 UTC | símbolos=0
========================================================================================
----------------------------------------------------------------------------------------
RESUMEN DEL CICLO #0024
Símbolos analizados: 0
Sin señal: 0
Esperando/otros: 0
Señales rechazadas: 0
Bloqueadas por estado/límites: 0
Validadas DRY RUN: 0
Nuevas órdenes: 0
Operaciones cerradas sincronizadas: 0
Errores: 0
Duración del ciclo: 0.02s
Intervalo objetivo: 30s
Próximo ciclo en: 29.98s
----------------------------------------------------------------------------------------

========================================================================================
CICLO #0025 | 2026-09-03 14:24:24 UTC | símbolos=0
========================================================================================
----------------------------------------------------------------------------------------
RESUMEN DEL CICLO #0025
Símbolos analizados: 0
Sin señal: 0
Esperando/otros: 0
Señales rechazadas: 0
Bloqueadas por estado/límites: 0
Validadas DRY RUN: 0
Nuevas órdenes: 0
Operaciones cerradas sincronizadas: 0
Errores: 0
Duración del ciclo: 0.03s
Intervalo objetivo: 30s
Próximo ciclo en: 29.97s
----------------------------------------------------------------------------------------

========================================================================================
CICLO #0026 | 2026-09-03 14:24:54 UTC | símbolos=0
========================================================================================
----------------------------------------------------------------------------------------
RESUMEN DEL CICLO #0026
Símbolos analizados: 0
Sin señal: 0
Esperando/otros: 0
Señales rechazadas: 0
Bloqueadas por estado/límites: 0
Validadas DRY RUN: 0
Nuevas órdenes: 0
Operaciones cerradas sincronizadas: 0
Errores: 0
Duración del ciclo: 0.03s
Intervalo objetivo: 30s
Próximo ciclo en: 29.97s
----------------------------------------------------------------------------------------

========================================================================================
CICLO #0027 | 2026-09-03 14:25:24 UTC | símbolos=10
========================================================================================
[01/10] START Boom 100 Index
[01/10] END   Boom 100 Index | 0.02s | DIRECCIÓN BLOQUEADA POR POLÍTICA DEL INSTRUMENTO
    Motivo: BOOM_BUY_ONLY_REQUIRES_BUY_H1_CONTEXT
[02/10] START Boom 1000 Index
[02/10] END   Boom 1000 Index | 0.46s | NO M5 CONFIRMATION
    Motivo: NO_DIRECTIONAL_M5_CONFIRMATION
[03/10] START Boom 150 Index
[03/10] END   Boom 150 Index | 0.91s | STALE M5 SIGNAL
    Motivo: M5_CONFIRMATION_TOO_OLD_FOR_LIVE_ENTRY
[04/10] START Boom 200 Index
[04/10] END   Boom 200 Index | 0.53s | STALE M5 SIGNAL
    Motivo: M5_CONFIRMATION_TOO_OLD_FOR_LIVE_ENTRY
[05/10] START Boom 300 Index
[05/10] END   Boom 300 Index | 0.01s | DIRECCIÓN BLOQUEADA POR POLÍTICA DEL INSTRUMENTO
    Motivo: BOOM_BUY_ONLY_REQUIRES_BUY_H1_CONTEXT
[06/10] START Boom 50 Index
[06/10] END   Boom 50 Index | 0.60s | ALREADY EXECUTED
[07/10] START Boom 500 Index
[07/10] END   Boom 500 Index | 0.01s | DIRECCIÓN BLOQUEADA POR POLÍTICA DEL INSTRUMENTO
    Motivo: BOOM_BUY_ONLY_REQUIRES_BUY_H1_CONTEXT
[08/10] START Boom 600 Index
[08/10] END   Boom 600 Index | 0.01s | DIRECCIÓN BLOQUEADA POR POLÍTICA DEL INSTRUMENTO
    Motivo: BOOM_BUY_ONLY_REQUIRES_BUY_H1_CONTEXT
[09/10] START Boom 900 Index
[09/10] END   Boom 900 Index | 0.48s | STALE M5 SIGNAL
    Motivo: M5_CONFIRMATION_TOO_OLD_FOR_LIVE_ENTRY
[10/10] START Boom 99 Index
[10/10] END   Boom 99 Index | 0.48s | STALE M5 SIGNAL
    Motivo: M5_CONFIRMATION_TOO_OLD_FOR_LIVE_ENTRY
----------------------------------------------------------------------------------------
RESUMEN DEL CICLO #0027
Símbolos analizados: 10
Sin señal: 0
Esperando/otros: 5
Señales rechazadas: 4
Bloqueadas por estado/límites: 1
Validadas DRY RUN: 0
Nuevas órdenes: 0
Operaciones cerradas sincronizadas: 0
Errores: 0
Duración del ciclo: 3.56s
Intervalo objetivo: 30s
Próximo ciclo en: 26.44s
----------------------------------------------------------------------------------------

========================================================================================
CICLO #0028 | 2026-09-03 14:25:54 UTC | símbolos=0
========================================================================================
----------------------------------------------------------------------------------------
RESUMEN DEL CICLO #0028
Símbolos analizados: 0
Sin señal: 0
Esperando/otros: 0
Señales rechazadas: 0
Bloqueadas por estado/límites: 0
Validadas DRY RUN: 0
Nuevas órdenes: 0
Operaciones cerradas sincronizadas: 0
Errores: 0
Duración del ciclo: 0.03s
Intervalo objetivo: 30s
Próximo ciclo en: 29.97s
----------------------------------------------------------------------------------------

========================================================================================
CICLO #0029 | 2026-09-03 14:26:24 UTC | símbolos=0
========================================================================================
----------------------------------------------------------------------------------------
RESUMEN DEL CICLO #0029
Símbolos analizados: 0
Sin señal: 0
Esperando/otros: 0
Señales rechazadas: 0
Bloqueadas por estado/límites: 0
Validadas DRY RUN: 0
Nuevas órdenes: 0
Operaciones cerradas sincronizadas: 0
Errores: 0
Duración del ciclo: 0.02s
Intervalo objetivo: 30s
Próximo ciclo en: 29.98s
----------------------------------------------------------------------------------------

========================================================================================
CICLO #0030 | 2026-09-03 14:26:54 UTC | símbolos=0
========================================================================================
----------------------------------------------------------------------------------------
RESUMEN DEL CICLO #0030
Símbolos analizados: 0
Sin señal: 0
Esperando/otros: 0
Señales rechazadas: 0
Bloqueadas por estado/límites: 0
Validadas DRY RUN: 0
Nuevas órdenes: 0
Operaciones cerradas sincronizadas: 0
Errores: 0
Duración del ciclo: 0.02s
Intervalo objetivo: 30s
Próximo ciclo en: 29.98s
----------------------------------------------------------------------------------------

========================================================================================
CICLO #0031 | 2026-09-03 14:27:24 UTC | símbolos=0
========================================================================================
----------------------------------------------------------------------------------------
RESUMEN DEL CICLO #0031
Símbolos analizados: 0
Sin señal: 0
Esperando/otros: 0
Señales rechazadas: 0
Bloqueadas por estado/límites: 0
Validadas DRY RUN: 0
Nuevas órdenes: 0
Operaciones cerradas sincronizadas: 0
Errores: 0
Duración del ciclo: 0.02s
Intervalo objetivo: 30s
Próximo ciclo en: 29.98s
----------------------------------------------------------------------------------------

========================================================================================
CICLO #0032 | 2026-09-03 14:27:54 UTC | símbolos=0
========================================================================================
----------------------------------------------------------------------------------------
RESUMEN DEL CICLO #0032
Símbolos analizados: 0
Sin señal: 0
Esperando/otros: 0
Señales rechazadas: 0
Bloqueadas por estado/límites: 0
Validadas DRY RUN: 0
Nuevas órdenes: 0
Operaciones cerradas sincronizadas: 0
Errores: 0
Duración del ciclo: 0.03s
Intervalo objetivo: 30s
Próximo ciclo en: 29.97s
----------------------------------------------------------------------------------------

========================================================================================
CICLO #0033 | 2026-09-03 14:28:24 UTC | símbolos=0
========================================================================================
----------------------------------------------------------------------------------------
RESUMEN DEL CICLO #0033
Símbolos analizados: 0
Sin señal: 0
Esperando/otros: 0
Señales rechazadas: 0
Bloqueadas por estado/límites: 0
Validadas DRY RUN: 0
Nuevas órdenes: 0
Operaciones cerradas sincronizadas: 0
Errores: 0
Duración del ciclo: 0.03s
Intervalo objetivo: 30s
Próximo ciclo en: 29.97s
----------------------------------------------------------------------------------------

========================================================================================
CICLO #0034 | 2026-09-03 14:28:54 UTC | símbolos=0
========================================================================================
----------------------------------------------------------------------------------------
RESUMEN DEL CICLO #0034
Símbolos analizados: 0
Sin señal: 0
Esperando/otros: 0
Señales rechazadas: 0
Bloqueadas por estado/límites: 0
Validadas DRY RUN: 0
Nuevas órdenes: 0
Operaciones cerradas sincronizadas: 0
Errores: 0
Duración del ciclo: 0.03s
Intervalo objetivo: 30s
Próximo ciclo en: 29.97s
----------------------------------------------------------------------------------------

========================================================================================
CICLO #0035 | 2026-09-03 14:29:24 UTC | símbolos=0
========================================================================================
----------------------------------------------------------------------------------------
RESUMEN DEL CICLO #0035
Símbolos analizados: 0
Sin señal: 0
Esperando/otros: 0
Señales rechazadas: 0
Bloqueadas por estado/límites: 0
Validadas DRY RUN: 0
Nuevas órdenes: 0
Operaciones cerradas sincronizadas: 0
Errores: 0
Duración del ciclo: 0.04s
Intervalo objetivo: 30s
Próximo ciclo en: 29.96s
----------------------------------------------------------------------------------------

========================================================================================
CICLO #0036 | 2026-09-03 14:29:54 UTC | símbolos=0
========================================================================================
----------------------------------------------------------------------------------------
RESUMEN DEL CICLO #0036
Símbolos analizados: 0
Sin señal: 0
Esperando/otros: 0
Señales rechazadas: 0
Bloqueadas por estado/límites: 0
Validadas DRY RUN: 0
Nuevas órdenes: 0
Operaciones cerradas sincronizadas: 0
Errores: 0
Duración del ciclo: 0.02s
Intervalo objetivo: 30s
Próximo ciclo en: 29.98s
----------------------------------------------------------------------------------------

========================================================================================
CICLO #0037 | 2026-09-03 14:30:24 UTC | símbolos=10
========================================================================================
[01/10] START Boom 100 Index
[01/10] END   Boom 100 Index | 0.02s | DIRECCIÓN BLOQUEADA POR POLÍTICA DEL INSTRUMENTO
    Motivo: BOOM_BUY_ONLY_REQUIRES_BUY_H1_CONTEXT
[02/10] START Boom 1000 Index
[02/10] END   Boom 1000 Index | 2.11s | NO M5 CONFIRMATION
    Motivo: NO_DIRECTIONAL_M5_CONFIRMATION
[03/10] START Boom 150 Index
[03/10] END   Boom 150 Index | 2.28s | STALE M5 SIGNAL
    Motivo: M5_CONFIRMATION_TOO_OLD_FOR_LIVE_ENTRY
[04/10] START Boom 200 Index
[04/10] END   Boom 200 Index | 1.69s | STALE M5 SIGNAL
    Motivo: M5_CONFIRMATION_TOO_OLD_FOR_LIVE_ENTRY
[05/10] START Boom 300 Index
[05/10] END   Boom 300 Index | 0.01s | DIRECCIÓN BLOQUEADA POR POLÍTICA DEL INSTRUMENTO
    Motivo: BOOM_BUY_ONLY_REQUIRES_BUY_H1_CONTEXT
[06/10] START Boom 50 Index
[06/10] END   Boom 50 Index | 2.16s | ALREADY EXECUTED
[07/10] START Boom 500 Index
[07/10] END   Boom 500 Index | 0.02s | DIRECCIÓN BLOQUEADA POR POLÍTICA DEL INSTRUMENTO
    Motivo: BOOM_BUY_ONLY_REQUIRES_BUY_H1_CONTEXT
[08/10] START Boom 600 Index
[08/10] END   Boom 600 Index | 0.01s | DIRECCIÓN BLOQUEADA POR POLÍTICA DEL INSTRUMENTO
    Motivo: BOOM_BUY_ONLY_REQUIRES_BUY_H1_CONTEXT
[09/10] START Boom 900 Index
[09/10] END   Boom 900 Index | 2.74s | STALE M5 SIGNAL
    Motivo: M5_CONFIRMATION_TOO_OLD_FOR_LIVE_ENTRY
[10/10] START Boom 99 Index
[10/10] END   Boom 99 Index | 2.07s | STALE M5 SIGNAL
    Motivo: M5_CONFIRMATION_TOO_OLD_FOR_LIVE_ENTRY
----------------------------------------------------------------------------------------
RESUMEN DEL CICLO #0037
Símbolos analizados: 10
Sin señal: 0
Esperando/otros: 5
Señales rechazadas: 4
Bloqueadas por estado/límites: 1
Validadas DRY RUN: 0
Nuevas órdenes: 0
Operaciones cerradas sincronizadas: 0
Errores: 0
Duración del ciclo: 13.24s
Intervalo objetivo: 30s
Próximo ciclo en: 16.76s
----------------------------------------------------------------------------------------

========================================================================================
CICLO #0038 | 2026-09-03 14:30:54 UTC | símbolos=0
========================================================================================
----------------------------------------------------------------------------------------
RESUMEN DEL CICLO #0038
Símbolos analizados: 0
Sin señal: 0
Esperando/otros: 0
Señales rechazadas: 0
Bloqueadas por estado/límites: 0
Validadas DRY RUN: 0
Nuevas órdenes: 0
Operaciones cerradas sincronizadas: 0
Errores: 0
Duración del ciclo: 0.07s
Intervalo objetivo: 30s
Próximo ciclo en: 29.93s
----------------------------------------------------------------------------------------

========================================================================================
CICLO #0039 | 2026-09-03 14:31:24 UTC | símbolos=0
========================================================================================
----------------------------------------------------------------------------------------
RESUMEN DEL CICLO #0039
Símbolos analizados: 0
Sin señal: 0
Esperando/otros: 0
Señales rechazadas: 0
Bloqueadas por estado/límites: 0
Validadas DRY RUN: 0
Nuevas órdenes: 0
Operaciones cerradas sincronizadas: 0
Errores: 0
Duración del ciclo: 0.02s
Intervalo objetivo: 30s
Próximo ciclo en: 29.98s
----------------------------------------------------------------------------------------

========================================================================================
CICLO #0040 | 2026-09-03 14:31:54 UTC | símbolos=0
========================================================================================
----------------------------------------------------------------------------------------
RESUMEN DEL CICLO #0040
Símbolos analizados: 0
Sin señal: 0
Esperando/otros: 0
Señales rechazadas: 0
Bloqueadas por estado/límites: 0
Validadas DRY RUN: 0
Nuevas órdenes: 0
Operaciones cerradas sincronizadas: 0
Errores: 0
Duración del ciclo: 0.02s
Intervalo objetivo: 30s
Próximo ciclo en: 29.98s
----------------------------------------------------------------------------------------

========================================================================================
CICLO #0041 | 2026-09-03 14:32:24 UTC | símbolos=0
========================================================================================
----------------------------------------------------------------------------------------
RESUMEN DEL CICLO #0041
Símbolos analizados: 0
Sin señal: 0
Esperando/otros: 0
Señales rechazadas: 0
Bloqueadas por estado/límites: 0
Validadas DRY RUN: 0
Nuevas órdenes: 0
Operaciones cerradas sincronizadas: 0
Errores: 0
Duración del ciclo: 0.03s
Intervalo objetivo: 30s
Próximo ciclo en: 29.97s
----------------------------------------------------------------------------------------

========================================================================================
CICLO #0042 | 2026-09-03 14:32:54 UTC | símbolos=0
========================================================================================
----------------------------------------------------------------------------------------
RESUMEN DEL CICLO #0042
Símbolos analizados: 0
Sin señal: 0
Esperando/otros: 0
Señales rechazadas: 0
Bloqueadas por estado/límites: 0
Validadas DRY RUN: 0
Nuevas órdenes: 0
Operaciones cerradas sincronizadas: 0
Errores: 0
Duración del ciclo: 0.03s
Intervalo objetivo: 30s
Próximo ciclo en: 29.97s
----------------------------------------------------------------------------------------

========================================================================================
CICLO #0043 | 2026-09-03 14:33:24 UTC | símbolos=0
========================================================================================
----------------------------------------------------------------------------------------
RESUMEN DEL CICLO #0043
Símbolos analizados: 0
Sin señal: 0
Esperando/otros: 0
Señales rechazadas: 0
Bloqueadas por estado/límites: 0
Validadas DRY RUN: 0
Nuevas órdenes: 0
Operaciones cerradas sincronizadas: 0
Errores: 0
Duración del ciclo: 0.03s
Intervalo objetivo: 30s
Próximo ciclo en: 29.97s
----------------------------------------------------------------------------------------

========================================================================================
CICLO #0044 | 2026-09-03 14:33:54 UTC | símbolos=0
========================================================================================
----------------------------------------------------------------------------------------
RESUMEN DEL CICLO #0044
Símbolos analizados: 0
Sin señal: 0
Esperando/otros: 0
Señales rechazadas: 0
Bloqueadas por estado/límites: 0
Validadas DRY RUN: 0
Nuevas órdenes: 0
Operaciones cerradas sincronizadas: 0
Errores: 0
Duración del ciclo: 0.03s
Intervalo objetivo: 30s
Próximo ciclo en: 29.97s
----------------------------------------------------------------------------------------

========================================================================================
CICLO #0045 | 2026-09-03 14:34:24 UTC | símbolos=0
========================================================================================
----------------------------------------------------------------------------------------
RESUMEN DEL CICLO #0045
Símbolos analizados: 0
Sin señal: 0
Esperando/otros: 0
Señales rechazadas: 0
Bloqueadas por estado/límites: 0
Validadas DRY RUN: 0
Nuevas órdenes: 0
Operaciones cerradas sincronizadas: 0
Errores: 0
Duración del ciclo: 0.03s
Intervalo objetivo: 30s
Próximo ciclo en: 29.97s
----------------------------------------------------------------------------------------

========================================================================================
CICLO #0046 | 2026-09-03 14:34:54 UTC | símbolos=0
========================================================================================
----------------------------------------------------------------------------------------
RESUMEN DEL CICLO #0046
Símbolos analizados: 0
Sin señal: 0
Esperando/otros: 0
Señales rechazadas: 0
Bloqueadas por estado/límites: 0
Validadas DRY RUN: 0
Nuevas órdenes: 0
Operaciones cerradas sincronizadas: 0
Errores: 0
Duración del ciclo: 0.02s
Intervalo objetivo: 30s
Próximo ciclo en: 29.98s
----------------------------------------------------------------------------------------

========================================================================================
CICLO #0047 | 2026-09-03 14:35:24 UTC | símbolos=10
========================================================================================
[01/10] START Boom 100 Index
[01/10] END   Boom 100 Index | 0.01s | DIRECCIÓN BLOQUEADA POR POLÍTICA DEL INSTRUMENTO
    Motivo: BOOM_BUY_ONLY_REQUIRES_BUY_H1_CONTEXT
[02/10] START Boom 1000 Index
[02/10] END   Boom 1000 Index | 0.41s | NO M5 CONFIRMATION
    Motivo: NO_DIRECTIONAL_M5_CONFIRMATION
[03/10] START Boom 150 Index
[03/10] END   Boom 150 Index | 0.88s | STALE M5 SIGNAL
    Motivo: M5_CONFIRMATION_TOO_OLD_FOR_LIVE_ENTRY
[04/10] START Boom 200 Index
[04/10] END   Boom 200 Index | 0.51s | STALE M5 SIGNAL
    Motivo: M5_CONFIRMATION_TOO_OLD_FOR_LIVE_ENTRY
[05/10] START Boom 300 Index
[05/10] END   Boom 300 Index | 0.01s | DIRECCIÓN BLOQUEADA POR POLÍTICA DEL INSTRUMENTO
    Motivo: BOOM_BUY_ONLY_REQUIRES_BUY_H1_CONTEXT
[06/10] START Boom 50 Index
[06/10] END   Boom 50 Index | 0.57s | STALE M5 SIGNAL
    Motivo: M5_CONFIRMATION_TOO_OLD_FOR_LIVE_ENTRY
[07/10] START Boom 500 Index
[07/10] END   Boom 500 Index | 0.01s | DIRECCIÓN BLOQUEADA POR POLÍTICA DEL INSTRUMENTO
    Motivo: BOOM_BUY_ONLY_REQUIRES_BUY_H1_CONTEXT
[08/10] START Boom 600 Index
[08/10] END   Boom 600 Index | 0.01s | DIRECCIÓN BLOQUEADA POR POLÍTICA DEL INSTRUMENTO
    Motivo: BOOM_BUY_ONLY_REQUIRES_BUY_H1_CONTEXT
[09/10] START Boom 900 Index
[09/10] END   Boom 900 Index | 0.48s | STALE M5 SIGNAL
    Motivo: M5_CONFIRMATION_TOO_OLD_FOR_LIVE_ENTRY
[10/10] START Boom 99 Index
[10/10] END   Boom 99 Index | 0.51s | STALE M5 SIGNAL
    Motivo: M5_CONFIRMATION_TOO_OLD_FOR_LIVE_ENTRY
----------------------------------------------------------------------------------------
RESUMEN DEL CICLO #0047
Símbolos analizados: 10
Sin señal: 0
Esperando/otros: 6
Señales rechazadas: 4
Bloqueadas por estado/límites: 0
Validadas DRY RUN: 0
Nuevas órdenes: 0
Operaciones cerradas sincronizadas: 0
Errores: 0
Duración del ciclo: 3.44s
Intervalo objetivo: 30s
Próximo ciclo en: 26.56s
----------------------------------------------------------------------------------------

========================================================================================
CICLO #0048 | 2026-09-03 14:35:54 UTC | símbolos=0
========================================================================================
----------------------------------------------------------------------------------------
RESUMEN DEL CICLO #0048
Símbolos analizados: 0
Sin señal: 0
Esperando/otros: 0
Señales rechazadas: 0
Bloqueadas por estado/límites: 0
Validadas DRY RUN: 0
Nuevas órdenes: 0
Operaciones cerradas sincronizadas: 0
Errores: 0
Duración del ciclo: 0.03s
Intervalo objetivo: 30s
Próximo ciclo en: 29.97s
----------------------------------------------------------------------------------------

========================================================================================
CICLO #0049 | 2026-09-03 14:36:24 UTC | símbolos=0
========================================================================================
----------------------------------------------------------------------------------------
RESUMEN DEL CICLO #0049
Símbolos analizados: 0
Sin señal: 0
Esperando/otros: 0
Señales rechazadas: 0
Bloqueadas por estado/límites: 0
Validadas DRY RUN: 0
Nuevas órdenes: 0
Operaciones cerradas sincronizadas: 0
Errores: 0
Duración del ciclo: 0.02s
Intervalo objetivo: 30s
Próximo ciclo en: 29.98s
----------------------------------------------------------------------------------------

========================================================================================
CICLO #0050 | 2026-09-03 14:36:54 UTC | símbolos=0
========================================================================================
----------------------------------------------------------------------------------------
RESUMEN DEL CICLO #0050
Símbolos analizados: 0
Sin señal: 0
Esperando/otros: 0
Señales rechazadas: 0
Bloqueadas por estado/límites: 0
Validadas DRY RUN: 0
Nuevas órdenes: 0
Operaciones cerradas sincronizadas: 0
Errores: 0
Duración del ciclo: 0.02s
Intervalo objetivo: 30s
Próximo ciclo en: 29.98s
----------------------------------------------------------------------------------------

========================================================================================
CICLO #0051 | 2026-09-03 14:37:24 UTC | símbolos=0
========================================================================================
----------------------------------------------------------------------------------------
RESUMEN DEL CICLO #0051
Símbolos analizados: 0
Sin señal: 0
Esperando/otros: 0
Señales rechazadas: 0
Bloqueadas por estado/límites: 0
Validadas DRY RUN: 0
Nuevas órdenes: 0
Operaciones cerradas sincronizadas: 0
Errores: 0
Duración del ciclo: 0.03s
Intervalo objetivo: 30s
Próximo ciclo en: 29.97s
----------------------------------------------------------------------------------------

========================================================================================
CICLO #0052 | 2026-09-03 14:37:54 UTC | símbolos=0
========================================================================================
----------------------------------------------------------------------------------------
RESUMEN DEL CICLO #0052
Símbolos analizados: 0
Sin señal: 0
Esperando/otros: 0
Señales rechazadas: 0
Bloqueadas por estado/límites: 0
Validadas DRY RUN: 0
Nuevas órdenes: 0
Operaciones cerradas sincronizadas: 0
Errores: 0
Duración del ciclo: 0.03s
Intervalo objetivo: 30s
Próximo ciclo en: 29.97s
----------------------------------------------------------------------------------------

========================================================================================
CICLO #0053 | 2026-09-03 14:38:24 UTC | símbolos=0
========================================================================================
----------------------------------------------------------------------------------------
RESUMEN DEL CICLO #0053
Símbolos analizados: 0
Sin señal: 0
Esperando/otros: 0
Señales rechazadas: 0
Bloqueadas por estado/límites: 0
Validadas DRY RUN: 0
Nuevas órdenes: 0
Operaciones cerradas sincronizadas: 0
Errores: 0
Duración del ciclo: 0.03s
Intervalo objetivo: 30s
Próximo ciclo en: 29.97s
----------------------------------------------------------------------------------------

========================================================================================
CICLO #0054 | 2026-09-03 14:38:54 UTC | símbolos=0
========================================================================================
----------------------------------------------------------------------------------------
RESUMEN DEL CICLO #0054
Símbolos analizados: 0
Sin señal: 0
Esperando/otros: 0
Señales rechazadas: 0
Bloqueadas por estado/límites: 0
Validadas DRY RUN: 0
Nuevas órdenes: 0
Operaciones cerradas sincronizadas: 0
Errores: 0
Duración del ciclo: 0.03s
Intervalo objetivo: 30s
Próximo ciclo en: 29.97s
----------------------------------------------------------------------------------------

========================================================================================
CICLO #0055 | 2026-09-03 14:39:24 UTC | símbolos=0
========================================================================================
----------------------------------------------------------------------------------------
RESUMEN DEL CICLO #0055
Símbolos analizados: 0
Sin señal: 0
Esperando/otros: 0
Señales rechazadas: 0
Bloqueadas por estado/límites: 0
Validadas DRY RUN: 0
Nuevas órdenes: 0
Operaciones cerradas sincronizadas: 0
Errores: 0
Duración del ciclo: 0.03s
Intervalo objetivo: 30s
Próximo ciclo en: 29.97s
----------------------------------------------------------------------------------------

========================================================================================
CICLO #0056 | 2026-09-03 14:39:54 UTC | símbolos=0
========================================================================================
----------------------------------------------------------------------------------------
RESUMEN DEL CICLO #0056
Símbolos analizados: 0
Sin señal: 0
Esperando/otros: 0
Señales rechazadas: 0
Bloqueadas por estado/límites: 0
Validadas DRY RUN: 0
Nuevas órdenes: 0
Operaciones cerradas sincronizadas: 0
Errores: 0
Duración del ciclo: 0.03s
Intervalo objetivo: 30s
Próximo ciclo en: 29.97s
----------------------------------------------------------------------------------------

========================================================================================
CICLO #0057 | 2026-09-03 14:40:24 UTC | símbolos=10
========================================================================================
[01/10] START Boom 100 Index
[01/10] END   Boom 100 Index | 0.01s | DIRECCIÓN BLOQUEADA POR POLÍTICA DEL INSTRUMENTO
    Motivo: BOOM_BUY_ONLY_REQUIRES_BUY_H1_CONTEXT
[02/10] START Boom 1000 Index
[02/10] END   Boom 1000 Index | 0.43s | NO M5 CONFIRMATION
    Motivo: NO_DIRECTIONAL_M5_CONFIRMATION
[03/10] START Boom 150 Index
[03/10] END   Boom 150 Index | 0.98s | STALE M5 SIGNAL
    Motivo: M5_CONFIRMATION_TOO_OLD_FOR_LIVE_ENTRY
[04/10] START Boom 200 Index
[04/10] END   Boom 200 Index | 0.82s | STALE M5 SIGNAL
    Motivo: M5_CONFIRMATION_TOO_OLD_FOR_LIVE_ENTRY
[05/10] START Boom 300 Index
[05/10] END   Boom 300 Index | 0.01s | DIRECCIÓN BLOQUEADA POR POLÍTICA DEL INSTRUMENTO
    Motivo: BOOM_BUY_ONLY_REQUIRES_BUY_H1_CONTEXT
[06/10] START Boom 50 Index
[06/10] END   Boom 50 Index | 0.58s | STALE M5 SIGNAL
    Motivo: M5_CONFIRMATION_TOO_OLD_FOR_LIVE_ENTRY
[07/10] START Boom 500 Index
[07/10] END   Boom 500 Index | 0.01s | DIRECCIÓN BLOQUEADA POR POLÍTICA DEL INSTRUMENTO
    Motivo: BOOM_BUY_ONLY_REQUIRES_BUY_H1_CONTEXT
[08/10] START Boom 600 Index
[08/10] END   Boom 600 Index | 0.01s | DIRECCIÓN BLOQUEADA POR POLÍTICA DEL INSTRUMENTO
    Motivo: BOOM_BUY_ONLY_REQUIRES_BUY_H1_CONTEXT
[09/10] START Boom 900 Index
[09/10] END   Boom 900 Index | 0.54s | STALE M5 SIGNAL
    Motivo: M5_CONFIRMATION_TOO_OLD_FOR_LIVE_ENTRY
[10/10] START Boom 99 Index
[10/10] END   Boom 99 Index | 0.50s | STALE M5 SIGNAL
    Motivo: M5_CONFIRMATION_TOO_OLD_FOR_LIVE_ENTRY
----------------------------------------------------------------------------------------
RESUMEN DEL CICLO #0057
Símbolos analizados: 10
Sin señal: 0
Esperando/otros: 6
Señales rechazadas: 4
Bloqueadas por estado/límites: 0
Validadas DRY RUN: 0
Nuevas órdenes: 0
Operaciones cerradas sincronizadas: 0
Errores: 0
Duración del ciclo: 3.97s
Intervalo objetivo: 30s
Próximo ciclo en: 26.03s
----------------------------------------------------------------------------------------

========================================================================================
CICLO #0058 | 2026-09-03 14:40:54 UTC | símbolos=0
========================================================================================
----------------------------------------------------------------------------------------
RESUMEN DEL CICLO #0058
Símbolos analizados: 0
Sin señal: 0
Esperando/otros: 0
Señales rechazadas: 0
Bloqueadas por estado/límites: 0
Validadas DRY RUN: 0
Nuevas órdenes: 0
Operaciones cerradas sincronizadas: 0
Errores: 0
Duración del ciclo: 0.02s
Intervalo objetivo: 30s
Próximo ciclo en: 29.98s
----------------------------------------------------------------------------------------

========================================================================================
CICLO #0059 | 2026-09-03 14:41:24 UTC | símbolos=0
========================================================================================
----------------------------------------------------------------------------------------
RESUMEN DEL CICLO #0059
Símbolos analizados: 0
Sin señal: 0
Esperando/otros: 0
Señales rechazadas: 0
Bloqueadas por estado/límites: 0
Validadas DRY RUN: 0
Nuevas órdenes: 0
Operaciones cerradas sincronizadas: 0
Errores: 0
Duración del ciclo: 0.03s
Intervalo objetivo: 30s
Próximo ciclo en: 29.97s
----------------------------------------------------------------------------------------

========================================================================================
CICLO #0060 | 2026-09-03 14:41:54 UTC | símbolos=0
========================================================================================
----------------------------------------------------------------------------------------
RESUMEN DEL CICLO #0060
Símbolos analizados: 0
Sin señal: 0
Esperando/otros: 0
Señales rechazadas: 0
Bloqueadas por estado/límites: 0
Validadas DRY RUN: 0
Nuevas órdenes: 0
Operaciones cerradas sincronizadas: 0
Errores: 0
Duración del ciclo: 0.02s
Intervalo objetivo: 30s
Próximo ciclo en: 29.98s
----------------------------------------------------------------------------------------

========================================================================================
CICLO #0061 | 2026-09-03 14:42:24 UTC | símbolos=0
========================================================================================
----------------------------------------------------------------------------------------
RESUMEN DEL CICLO #0061
Símbolos analizados: 0
Sin señal: 0
Esperando/otros: 0
Señales rechazadas: 0
Bloqueadas por estado/límites: 0
Validadas DRY RUN: 0
Nuevas órdenes: 0
Operaciones cerradas sincronizadas: 0
Errores: 0
Duración del ciclo: 0.02s
Intervalo objetivo: 30s
Próximo ciclo en: 29.98s
----------------------------------------------------------------------------------------

========================================================================================
CICLO #0062 | 2026-09-03 14:42:54 UTC | símbolos=0
========================================================================================
----------------------------------------------------------------------------------------
RESUMEN DEL CICLO #0062
Símbolos analizados: 0
Sin señal: 0
Esperando/otros: 0
Señales rechazadas: 0
Bloqueadas por estado/límites: 0
Validadas DRY RUN: 0
Nuevas órdenes: 0
Operaciones cerradas sincronizadas: 0
Errores: 0
Duración del ciclo: 0.05s
Intervalo objetivo: 30s
Próximo ciclo en: 29.95s
----------------------------------------------------------------------------------------

========================================================================================
CICLO #0063 | 2026-09-03 14:43:24 UTC | símbolos=0
========================================================================================
----------------------------------------------------------------------------------------
RESUMEN DEL CICLO #0063
Símbolos analizados: 0
Sin señal: 0
Esperando/otros: 0
Señales rechazadas: 0
Bloqueadas por estado/límites: 0
Validadas DRY RUN: 0
Nuevas órdenes: 0
Operaciones cerradas sincronizadas: 0
Errores: 0
Duración del ciclo: 0.03s
Intervalo objetivo: 30s
Próximo ciclo en: 29.97s
----------------------------------------------------------------------------------------

========================================================================================
CICLO #0064 | 2026-09-03 14:43:54 UTC | símbolos=0
========================================================================================
----------------------------------------------------------------------------------------
RESUMEN DEL CICLO #0064
Símbolos analizados: 0
Sin señal: 0
Esperando/otros: 0
Señales rechazadas: 0
Bloqueadas por estado/límites: 0
Validadas DRY RUN: 0
Nuevas órdenes: 0
Operaciones cerradas sincronizadas: 0
Errores: 0
Duración del ciclo: 0.03s
Intervalo objetivo: 30s
Próximo ciclo en: 29.97s
----------------------------------------------------------------------------------------

========================================================================================
CICLO #0065 | 2026-09-03 14:44:24 UTC | símbolos=0
========================================================================================
----------------------------------------------------------------------------------------
RESUMEN DEL CICLO #0065
Símbolos analizados: 0
Sin señal: 0
Esperando/otros: 0
Señales rechazadas: 0
Bloqueadas por estado/límites: 0
Validadas DRY RUN: 0
Nuevas órdenes: 0
Operaciones cerradas sincronizadas: 0
Errores: 0
Duración del ciclo: 0.02s
Intervalo objetivo: 30s
Próximo ciclo en: 29.98s
----------------------------------------------------------------------------------------

========================================================================================
CICLO #0066 | 2026-09-03 14:44:54 UTC | símbolos=0
========================================================================================
----------------------------------------------------------------------------------------
RESUMEN DEL CICLO #0066
Símbolos analizados: 0
Sin señal: 0
Esperando/otros: 0
Señales rechazadas: 0
Bloqueadas por estado/límites: 0
Validadas DRY RUN: 0
Nuevas órdenes: 0
Operaciones cerradas sincronizadas: 0
Errores: 0
Duración del ciclo: 0.02s
Intervalo objetivo: 30s
Próximo ciclo en: 29.98s
----------------------------------------------------------------------------------------

========================================================================================
CICLO #0067 | 2026-09-03 14:45:24 UTC | símbolos=10
========================================================================================
[01/10] START Boom 100 Index
[01/10] END   Boom 100 Index | 0.02s | DIRECCIÓN BLOQUEADA POR POLÍTICA DEL INSTRUMENTO
    Motivo: BOOM_BUY_ONLY_REQUIRES_BUY_H1_CONTEXT
[02/10] START Boom 1000 Index
[02/10] END   Boom 1000 Index | 1.65s | NO M5 CONFIRMATION
    Motivo: NO_DIRECTIONAL_M5_CONFIRMATION
[03/10] START Boom 150 Index
[03/10] END   Boom 150 Index | 2.06s | STALE M5 SIGNAL
    Motivo: M5_CONFIRMATION_TOO_OLD_FOR_LIVE_ENTRY
[04/10] START Boom 200 Index
[04/10] END   Boom 200 Index | 1.61s | STALE M5 SIGNAL
    Motivo: M5_CONFIRMATION_TOO_OLD_FOR_LIVE_ENTRY
[05/10] START Boom 300 Index
[05/10] END   Boom 300 Index | 0.01s | DIRECCIÓN BLOQUEADA POR POLÍTICA DEL INSTRUMENTO
    Motivo: BOOM_BUY_ONLY_REQUIRES_BUY_H1_CONTEXT
[06/10] START Boom 50 Index
[06/10] END   Boom 50 Index | 3.71s | OPERACIÓN ABIERTA EN DOS ENTRADAS
    Dirección: BUY
    Entrada: 107017.406
    Stop Loss: 106953.266
    Take Profit: 107273.966
    R:R: 2.00
    Modalidad de ejecución: DOS ENTRADAS: 0,5% + 0,5%
    Riesgo objetivo: 97.91
    Riesgo calculado: 96.20
    Confirmaciones: 13/13 | 100.0% | calidad=100.00 | decisión=CONFIRMADA ESTRICTAMENTE
    Divergencia: CONFIRMADA | DIVERGENCIA_ALCISTA_REGULAR
[07/10] START Boom 500 Index
[07/10] END   Boom 500 Index | 0.01s | DIRECCIÓN BLOQUEADA POR POLÍTICA DEL INSTRUMENTO
    Motivo: BOOM_BUY_ONLY_REQUIRES_BUY_H1_CONTEXT
[08/10] START Boom 600 Index
[08/10] END   Boom 600 Index | 0.01s | DIRECCIÓN BLOQUEADA POR POLÍTICA DEL INSTRUMENTO
    Motivo: BOOM_BUY_ONLY_REQUIRES_BUY_H1_CONTEXT
[09/10] START Boom 900 Index
[09/10] END   Boom 900 Index | 1.63s | STALE M5 SIGNAL
    Motivo: M5_CONFIRMATION_TOO_OLD_FOR_LIVE_ENTRY
[10/10] START Boom 99 Index
[10/10] END   Boom 99 Index | 1.80s | STALE M5 SIGNAL
    Motivo: M5_CONFIRMATION_TOO_OLD_FOR_LIVE_ENTRY
----------------------------------------------------------------------------------------
RESUMEN DEL CICLO #0067
Símbolos analizados: 10
Sin señal: 0
Esperando/otros: 5
Señales rechazadas: 4
Bloqueadas por estado/límites: 0
Validadas DRY RUN: 0
Nuevas órdenes: 1
Operaciones cerradas sincronizadas: 0
Errores: 0
Duración del ciclo: 12.61s
Intervalo objetivo: 30s
Próximo ciclo en: 17.39s
----------------------------------------------------------------------------------------
[MONITOR BACKGROUND_MONITOR] posiciones=2 | BE activados=0 | runner eventos=0 | cierres=0 | 0.40s
[MONITOR BACKGROUND_MONITOR] posiciones=2 | BE activados=0 | runner eventos=0 | cierres=0 | 0.03s
[MONITOR BACKGROUND_MONITOR] posiciones=2 | BE activados=0 | runner eventos=0 | cierres=0 | 0.02s
[MONITOR BACKGROUND_MONITOR] posiciones=2 | BE activados=0 | runner eventos=0 | cierres=0 | 0.02s
[MONITOR BACKGROUND_MONITOR] posiciones=2 | BE activados=0 | runner eventos=0 | cierres=0 | 0.02s

========================================================================================
CICLO #0068 | 2026-09-03 14:45:54 UTC | símbolos=0
========================================================================================
----------------------------------------------------------------------------------------
RESUMEN DEL CICLO #0068
Símbolos analizados: 0
Sin señal: 0
Esperando/otros: 0
Señales rechazadas: 0
Bloqueadas por estado/límites: 0
Validadas DRY RUN: 0
Nuevas órdenes: 0
Operaciones cerradas sincronizadas: 0
Errores: 0
Duración del ciclo: 0.03s
Intervalo objetivo: 30s
Próximo ciclo en: 29.97s
----------------------------------------------------------------------------------------
[MONITOR BACKGROUND_MONITOR] posiciones=2 | BE activados=0 | runner eventos=0 | cierres=0 | 0.02s
[MONITOR BACKGROUND_MONITOR] posiciones=2 | BE activados=0 | runner eventos=0 | cierres=0 | 0.02s
[MONITOR BACKGROUND_MONITOR] posiciones=2 | BE activados=0 | runner eventos=0 | cierres=0 | 0.03s
[MONITOR BACKGROUND_MONITOR] posiciones=2 | BE activados=0 | runner eventos=0 | cierres=0 | 0.05s
[MONITOR BACKGROUND_MONITOR] posiciones=2 | BE activados=0 | runner eventos=0 | cierres=0 | 0.03s
[MONITOR BACKGROUND_MONITOR] posiciones=2 | BE activados=0 | runner eventos=0 | cierres=0 | 0.03s
[MONITOR BACKGROUND_MONITOR] posiciones=2 | BE activados=0 | runner eventos=0 | cierres=0 | 0.02s

========================================================================================
CICLO #0069 | 2026-09-03 14:46:24 UTC | símbolos=0
========================================================================================
----------------------------------------------------------------------------------------
RESUMEN DEL CICLO #0069
Símbolos analizados: 0
Sin señal: 0
Esperando/otros: 0
Señales rechazadas: 0
Bloqueadas por estado/límites: 0
Validadas DRY RUN: 0
Nuevas órdenes: 0
Operaciones cerradas sincronizadas: 0
Errores: 0
Duración del ciclo: 0.03s
Intervalo objetivo: 30s
Próximo ciclo en: 29.97s
----------------------------------------------------------------------------------------
[MONITOR BACKGROUND_MONITOR] posiciones=2 | BE activados=0 | runner eventos=0 | cierres=0 | 0.05s
[MONITOR BACKGROUND_MONITOR] posiciones=2 | BE activados=0 | runner eventos=0 | cierres=0 | 0.03s
[MONITOR BACKGROUND_MONITOR] posiciones=2 | BE activados=0 | runner eventos=0 | cierres=0 | 0.02s
[MONITOR BACKGROUND_MONITOR] posiciones=2 | BE activados=0 | runner eventos=0 | cierres=0 | 0.02s
[MONITOR BACKGROUND_MONITOR] posiciones=2 | BE activados=0 | runner eventos=0 | cierres=0 | 0.02s
[MONITOR BACKGROUND_MONITOR] posiciones=2 | BE activados=0 | runner eventos=0 | cierres=0 | 0.02s
[MONITOR BACKGROUND_MONITOR] posiciones=2 | BE activados=0 | runner eventos=0 | cierres=0 | 0.02s
[MONITOR BACKGROUND_MONITOR] posiciones=2 | BE activados=0 | runner eventos=0 | cierres=0 | 0.03s

========================================================================================
CICLO #0070 | 2026-09-03 14:46:54 UTC | símbolos=0
========================================================================================
----------------------------------------------------------------------------------------
RESUMEN DEL CICLO #0070
Símbolos analizados: 0
Sin señal: 0
Esperando/otros: 0
Señales rechazadas: 0
Bloqueadas por estado/límites: 0
Validadas DRY RUN: 0
Nuevas órdenes: 0
Operaciones cerradas sincronizadas: 0
Errores: 0
Duración del ciclo: 0.02s
Intervalo objetivo: 30s
Próximo ciclo en: 29.98s
----------------------------------------------------------------------------------------
[MONITOR BACKGROUND_MONITOR] posiciones=2 | BE activados=0 | runner eventos=0 | cierres=0 | 0.02s
[MONITOR BACKGROUND_MONITOR] posiciones=2 | BE activados=0 | runner eventos=0 | cierres=0 | 0.02s
[MONITOR BACKGROUND_MONITOR] posiciones=2 | BE activados=0 | runner eventos=0 | cierres=0 | 0.02s
[MONITOR BACKGROUND_MONITOR] posiciones=2 | BE activados=0 | runner eventos=0 | cierres=0 | 0.02s
[MONITOR BACKGROUND_MONITOR] posiciones=2 | BE activados=0 | runner eventos=0 | cierres=0 | 0.03s
[MONITOR BACKGROUND_MONITOR] posiciones=2 | BE activados=0 | runner eventos=0 | cierres=0 | 0.06s
[MONITOR BACKGROUND_MONITOR] posiciones=2 | BE activados=0 | runner eventos=0 | cierres=0 | 0.04s

========================================================================================
CICLO #0071 | 2026-09-03 14:47:24 UTC | símbolos=0
========================================================================================
----------------------------------------------------------------------------------------
RESUMEN DEL CICLO #0071
Símbolos analizados: 0
Sin señal: 0
Esperando/otros: 0
Señales rechazadas: 0
Bloqueadas por estado/límites: 0
Validadas DRY RUN: 0
Nuevas órdenes: 0
Operaciones cerradas sincronizadas: 0
Errores: 0
Duración del ciclo: 0.03s
Intervalo objetivo: 30s
Próximo ciclo en: 29.97s
----------------------------------------------------------------------------------------
[MONITOR BACKGROUND_MONITOR] posiciones=2 | BE activados=0 | runner eventos=0 | cierres=0 | 0.03s
[MONITOR BACKGROUND_MONITOR] posiciones=2 | BE activados=0 | runner eventos=0 | cierres=0 | 0.03s
[MONITOR BACKGROUND_MONITOR] posiciones=2 | BE activados=0 | runner eventos=0 | cierres=0 | 0.02s
[MONITOR BACKGROUND_MONITOR] posiciones=2 | BE activados=0 | runner eventos=0 | cierres=0 | 0.03s
[MONITOR BACKGROUND_MONITOR] posiciones=2 | BE activados=0 | runner eventos=0 | cierres=0 | 0.03s
[MONITOR BACKGROUND_MONITOR] posiciones=2 | BE activados=0 | runner eventos=0 | cierres=0 | 0.03s
[MONITOR BACKGROUND_MONITOR] posiciones=2 | BE activados=0 | runner eventos=0 | cierres=0 | 0.02s
[MONITOR BACKGROUND_MONITOR] posiciones=2 | BE activados=0 | runner eventos=0 | cierres=0 | 0.03s

========================================================================================
CICLO #0072 | 2026-09-03 14:47:54 UTC | símbolos=0
========================================================================================
----------------------------------------------------------------------------------------
RESUMEN DEL CICLO #0072
Símbolos analizados: 0
Sin señal: 0
Esperando/otros: 0
Señales rechazadas: 0
Bloqueadas por estado/límites: 0
Validadas DRY RUN: 0
Nuevas órdenes: 0
Operaciones cerradas sincronizadas: 0
Errores: 0
Duración del ciclo: 0.03s
Intervalo objetivo: 30s
Próximo ciclo en: 29.97s
----------------------------------------------------------------------------------------
[MONITOR BACKGROUND_MONITOR] posiciones=2 | BE activados=0 | runner eventos=0 | cierres=0 | 0.02s
[MONITOR BACKGROUND_MONITOR] posiciones=2 | BE activados=0 | runner eventos=0 | cierres=0 | 0.02s
[MONITOR BACKGROUND_MONITOR] posiciones=2 | BE activados=0 | runner eventos=0 | cierres=0 | 0.03s
[MONITOR BACKGROUND_MONITOR] posiciones=2 | BE activados=0 | runner eventos=0 | cierres=0 | 0.02s
[MONITOR BACKGROUND_MONITOR] posiciones=2 | BE activados=0 | runner eventos=0 | cierres=0 | 0.02s
[MONITOR BACKGROUND_MONITOR] posiciones=2 | BE activados=0 | runner eventos=0 | cierres=0 | 0.02s
[MONITOR BACKGROUND_MONITOR] posiciones=2 | BE activados=0 | runner eventos=0 | cierres=0 | 0.02s

========================================================================================
CICLO #0073 | 2026-09-03 14:48:24 UTC | símbolos=0
========================================================================================
----------------------------------------------------------------------------------------
RESUMEN DEL CICLO #0073
Símbolos analizados: 0
Sin señal: 0
Esperando/otros: 0
Señales rechazadas: 0
Bloqueadas por estado/límites: 0
Validadas DRY RUN: 0
Nuevas órdenes: 0
Operaciones cerradas sincronizadas: 0
Errores: 0
Duración del ciclo: 0.03s
Intervalo objetivo: 30s
Próximo ciclo en: 29.97s
----------------------------------------------------------------------------------------
[MONITOR BACKGROUND_MONITOR] posiciones=2 | BE activados=0 | runner eventos=0 | cierres=0 | 0.02s
[MONITOR BACKGROUND_MONITOR] posiciones=2 | BE activados=0 | runner eventos=0 | cierres=0 | 0.03s
[MONITOR BACKGROUND_MONITOR] posiciones=2 | BE activados=0 | runner eventos=0 | cierres=0 | 0.02s
[MONITOR BACKGROUND_MONITOR] posiciones=2 | BE activados=0 | runner eventos=0 | cierres=0 | 0.02s
[MONITOR BACKGROUND_MONITOR] posiciones=2 | BE activados=0 | runner eventos=0 | cierres=0 | 0.05s
[MONITOR BACKGROUND_MONITOR] posiciones=2 | BE activados=0 | runner eventos=0 | cierres=0 | 0.02s
[MONITOR BACKGROUND_MONITOR] posiciones=2 | BE activados=0 | runner eventos=0 | cierres=0 | 0.02s
[MONITOR BACKGROUND_MONITOR] posiciones=2 | BE activados=0 | runner eventos=0 | cierres=0 | 0.02s

========================================================================================
CICLO #0074 | 2026-09-03 14:48:54 UTC | símbolos=0
========================================================================================
----------------------------------------------------------------------------------------
RESUMEN DEL CICLO #0074
Símbolos analizados: 0
Sin señal: 0
Esperando/otros: 0
Señales rechazadas: 0
Bloqueadas por estado/límites: 0
Validadas DRY RUN: 0
Nuevas órdenes: 0
Operaciones cerradas sincronizadas: 0
Errores: 0
Duración del ciclo: 0.03s
Intervalo objetivo: 30s
Próximo ciclo en: 29.97s
----------------------------------------------------------------------------------------
[MONITOR BACKGROUND_MONITOR] posiciones=2 | BE activados=0 | runner eventos=0 | cierres=0 | 0.02s
[MONITOR BACKGROUND_MONITOR] posiciones=2 | BE activados=0 | runner eventos=0 | cierres=0 | 0.04s
[MONITOR BACKGROUND_MONITOR] posiciones=2 | BE activados=0 | runner eventos=0 | cierres=0 | 0.03s
[MONITOR BACKGROUND_MONITOR] posiciones=2 | BE activados=0 | runner eventos=0 | cierres=0 | 0.03s
[MONITOR BACKGROUND_MONITOR] posiciones=2 | BE activados=0 | runner eventos=0 | cierres=0 | 0.02s
[MONITOR BACKGROUND_MONITOR] posiciones=2 | BE activados=0 | runner eventos=0 | cierres=0 | 0.04s
[MONITOR BACKGROUND_MONITOR] posiciones=2 | BE activados=0 | runner eventos=0 | cierres=0 | 0.03s

========================================================================================
CICLO #0075 | 2026-09-03 14:49:24 UTC | símbolos=0
========================================================================================
----------------------------------------------------------------------------------------
RESUMEN DEL CICLO #0075
Símbolos analizados: 0
Sin señal: 0
Esperando/otros: 0
Señales rechazadas: 0
Bloqueadas por estado/límites: 0
Validadas DRY RUN: 0
Nuevas órdenes: 0
Operaciones cerradas sincronizadas: 0
Errores: 0
Duración del ciclo: 0.03s
Intervalo objetivo: 30s
Próximo ciclo en: 29.97s
----------------------------------------------------------------------------------------
[MONITOR BACKGROUND_MONITOR] posiciones=2 | BE activados=0 | runner eventos=0 | cierres=0 | 0.03s
[MONITOR BACKGROUND_MONITOR] posiciones=2 | BE activados=0 | runner eventos=0 | cierres=0 | 0.04s
[MONITOR BACKGROUND_MONITOR] posiciones=2 | BE activados=0 | runner eventos=0 | cierres=0 | 0.03s
[MONITOR BACKGROUND_MONITOR] posiciones=2 | BE activados=0 | runner eventos=0 | cierres=0 | 0.02s
[MONITOR BACKGROUND_MONITOR] posiciones=2 | BE activados=0 | runner eventos=0 | cierres=0 | 0.03s
[MONITOR BACKGROUND_MONITOR] posiciones=2 | BE activados=0 | runner eventos=0 | cierres=0 | 0.02s
[MONITOR BACKGROUND_MONITOR] posiciones=2 | BE activados=0 | runner eventos=0 | cierres=0 | 0.02s
[MONITOR BACKGROUND_MONITOR] posiciones=2 | BE activados=0 | runner eventos=0 | cierres=0 | 0.03s

========================================================================================
CICLO #0076 | 2026-09-03 14:49:54 UTC | símbolos=0
========================================================================================
----------------------------------------------------------------------------------------
RESUMEN DEL CICLO #0076
Símbolos analizados: 0
Sin señal: 0
Esperando/otros: 0
Señales rechazadas: 0
Bloqueadas por estado/límites: 0
Validadas DRY RUN: 0
Nuevas órdenes: 0
Operaciones cerradas sincronizadas: 0
Errores: 0
Duración del ciclo: 0.03s
Intervalo objetivo: 30s
Próximo ciclo en: 29.97s
----------------------------------------------------------------------------------------
[MONITOR BACKGROUND_MONITOR] posiciones=2 | BE activados=0 | runner eventos=0 | cierres=0 | 0.05s
[MONITOR BACKGROUND_MONITOR] posiciones=2 | BE activados=0 | runner eventos=0 | cierres=0 | 0.02s
[MONITOR BACKGROUND_MONITOR] posiciones=2 | BE activados=0 | runner eventos=0 | cierres=0 | 0.03s
[MONITOR BACKGROUND_MONITOR] posiciones=2 | BE activados=0 | runner eventos=0 | cierres=0 | 0.02s
[MONITOR BACKGROUND_MONITOR] posiciones=2 | BE activados=0 | runner eventos=0 | cierres=0 | 0.03s
[MONITOR BACKGROUND_MONITOR] posiciones=2 | BE activados=0 | runner eventos=0 | cierres=0 | 0.02s
[MONITOR BACKGROUND_MONITOR] posiciones=2 | BE activados=0 | runner eventos=0 | cierres=0 | 0.02s

========================================================================================
CICLO #0077 | 2026-09-03 14:50:24 UTC | símbolos=10
========================================================================================
[01/10] START Boom 100 Index
[01/10] END   Boom 100 Index | 0.01s | DIRECCIÓN BLOQUEADA POR POLÍTICA DEL INSTRUMENTO
    Motivo: BOOM_BUY_ONLY_REQUIRES_BUY_H1_CONTEXT
[02/10] START Boom 1000 Index
[02/10] END   Boom 1000 Index | 0.42s | NO M5 CONFIRMATION
    Motivo: NO_DIRECTIONAL_M5_CONFIRMATION
[03/10] START Boom 150 Index
[MONITOR BACKGROUND_MONITOR] posiciones=2 | BE activados=0 | runner eventos=0 | cierres=0 | 0.42s
[03/10] END   Boom 150 Index | 0.82s | STALE M5 SIGNAL
    Motivo: M5_CONFIRMATION_TOO_OLD_FOR_LIVE_ENTRY
[04/10] START Boom 200 Index
[04/10] END   Boom 200 Index | 0.48s | STALE M5 SIGNAL
    Motivo: M5_CONFIRMATION_TOO_OLD_FOR_LIVE_ENTRY
[05/10] START Boom 300 Index
[05/10] END   Boom 300 Index | 0.06s | DIRECCIÓN BLOQUEADA POR POLÍTICA DEL INSTRUMENTO
    Motivo: BOOM_BUY_ONLY_REQUIRES_BUY_H1_CONTEXT
[06/10] START Boom 50 Index
[06/10] END   Boom 50 Index | 0.48s | ALREADY EXECUTED
[07/10] START Boom 500 Index
[07/10] END   Boom 500 Index | 0.01s | DIRECCIÓN BLOQUEADA POR POLÍTICA DEL INSTRUMENTO
    Motivo: BOOM_BUY_ONLY_REQUIRES_BUY_H1_CONTEXT
[08/10] START Boom 600 Index
[08/10] END   Boom 600 Index | 0.01s | DIRECCIÓN BLOQUEADA POR POLÍTICA DEL INSTRUMENTO
    Motivo: BOOM_BUY_ONLY_REQUIRES_BUY_H1_CONTEXT
[09/10] START Boom 900 Index
[09/10] END   Boom 900 Index | 0.40s | STALE M5 SIGNAL
    Motivo: M5_CONFIRMATION_TOO_OLD_FOR_LIVE_ENTRY
[10/10] START Boom 99 Index
[10/10] END   Boom 99 Index | 0.39s | STALE M5 SIGNAL
    Motivo: M5_CONFIRMATION_TOO_OLD_FOR_LIVE_ENTRY
----------------------------------------------------------------------------------------
RESUMEN DEL CICLO #0077
Símbolos analizados: 10
Sin señal: 0
Esperando/otros: 5
Señales rechazadas: 4
Bloqueadas por estado/límites: 1
Validadas DRY RUN: 0
Nuevas órdenes: 0
Operaciones cerradas sincronizadas: 0
Errores: 0
Duración del ciclo: 3.20s
Intervalo objetivo: 30s
Próximo ciclo en: 26.80s
----------------------------------------------------------------------------------------
[MONITOR BACKGROUND_MONITOR] posiciones=2 | BE activados=0 | runner eventos=0 | cierres=0 | 0.02s
[MONITOR BACKGROUND_MONITOR] posiciones=2 | BE activados=0 | runner eventos=0 | cierres=0 | 0.03s
[MONITOR BACKGROUND_MONITOR] posiciones=2 | BE activados=0 | runner eventos=0 | cierres=0 | 0.02s
[MONITOR BACKGROUND_MONITOR] posiciones=2 | BE activados=0 | runner eventos=0 | cierres=0 | 0.02s
[MONITOR BACKGROUND_MONITOR] posiciones=2 | BE activados=0 | runner eventos=0 | cierres=0 | 0.02s
[MONITOR BACKGROUND_MONITOR] posiciones=2 | BE activados=0 | runner eventos=0 | cierres=0 | 0.02s
[MONITOR BACKGROUND_MONITOR] posiciones=2 | BE activados=0 | runner eventos=0 | cierres=0 | 0.02s

========================================================================================
CICLO #0078 | 2026-09-03 14:50:54 UTC | símbolos=0
========================================================================================
----------------------------------------------------------------------------------------
RESUMEN DEL CICLO #0078
Símbolos analizados: 0
Sin señal: 0
Esperando/otros: 0
Señales rechazadas: 0
Bloqueadas por estado/límites: 0
Validadas DRY RUN: 0
Nuevas órdenes: 0
Operaciones cerradas sincronizadas: 0
Errores: 0
Duración del ciclo: 0.02s
Intervalo objetivo: 30s
Próximo ciclo en: 29.98s
----------------------------------------------------------------------------------------
[MONITOR BACKGROUND_MONITOR] posiciones=2 | BE activados=0 | runner eventos=0 | cierres=0 | 0.02s
[MONITOR BACKGROUND_MONITOR] posiciones=2 | BE activados=0 | runner eventos=0 | cierres=0 | 0.02s
[MONITOR BACKGROUND_MONITOR] posiciones=2 | BE activados=0 | runner eventos=0 | cierres=0 | 0.02s
[MONITOR BACKGROUND_MONITOR] posiciones=2 | BE activados=0 | runner eventos=0 | cierres=0 | 0.02s
[MONITOR BACKGROUND_MONITOR] posiciones=2 | BE activados=0 | runner eventos=0 | cierres=0 | 0.02s
[MONITOR BACKGROUND_MONITOR] posiciones=2 | BE activados=0 | runner eventos=0 | cierres=0 | 0.02s
[MONITOR BACKGROUND_MONITOR] posiciones=2 | BE activados=0 | runner eventos=0 | cierres=0 | 0.02s

========================================================================================
CICLO #0079 | 2026-09-03 14:51:24 UTC | símbolos=0
========================================================================================
----------------------------------------------------------------------------------------
RESUMEN DEL CICLO #0079
Símbolos analizados: 0
Sin señal: 0
Esperando/otros: 0
Señales rechazadas: 0
Bloqueadas por estado/límites: 0
Validadas DRY RUN: 0
Nuevas órdenes: 0
Operaciones cerradas sincronizadas: 0
Errores: 0
Duración del ciclo: 0.02s
Intervalo objetivo: 30s
Próximo ciclo en: 29.98s
----------------------------------------------------------------------------------------
[MONITOR BACKGROUND_MONITOR] posiciones=2 | BE activados=0 | runner eventos=0 | cierres=0 | 0.02s
[MONITOR BACKGROUND_MONITOR] posiciones=2 | BE activados=0 | runner eventos=0 | cierres=0 | 0.04s
[MONITOR BACKGROUND_MONITOR] posiciones=2 | BE activados=0 | runner eventos=0 | cierres=0 | 0.02s
[MONITOR BACKGROUND_MONITOR] posiciones=2 | BE activados=0 | runner eventos=0 | cierres=0 | 0.02s
[MONITOR BACKGROUND_MONITOR] posiciones=2 | BE activados=0 | runner eventos=0 | cierres=0 | 0.02s
[MONITOR BACKGROUND_MONITOR] posiciones=2 | BE activados=0 | runner eventos=0 | cierres=0 | 0.02s
[MONITOR BACKGROUND_MONITOR] posiciones=2 | BE activados=0 | runner eventos=0 | cierres=0 | 0.02s
[MONITOR BACKGROUND_MONITOR] posiciones=2 | BE activados=0 | runner eventos=0 | cierres=0 | 0.02s

========================================================================================
CICLO #0080 | 2026-09-03 14:51:54 UTC | símbolos=0
========================================================================================
----------------------------------------------------------------------------------------
RESUMEN DEL CICLO #0080
Símbolos analizados: 0
Sin señal: 0
Esperando/otros: 0
Señales rechazadas: 0
Bloqueadas por estado/límites: 0
Validadas DRY RUN: 0
Nuevas órdenes: 0
Operaciones cerradas sincronizadas: 0
Errores: 0
Duración del ciclo: 0.02s
Intervalo objetivo: 30s
Próximo ciclo en: 29.98s
----------------------------------------------------------------------------------------
[MONITOR BACKGROUND_MONITOR] posiciones=2 | BE activados=0 | runner eventos=0 | cierres=0 | 0.02s
[MONITOR BACKGROUND_MONITOR] posiciones=2 | BE activados=0 | runner eventos=0 | cierres=0 | 0.02s
[MONITOR BACKGROUND_MONITOR] posiciones=2 | BE activados=0 | runner eventos=0 | cierres=0 | 0.02s
[MONITOR BACKGROUND_MONITOR] posiciones=2 | BE activados=0 | runner eventos=0 | cierres=0 | 0.02s
[MONITOR BACKGROUND_MONITOR] posiciones=2 | BE activados=0 | runner eventos=0 | cierres=0 | 0.03s
[MONITOR BACKGROUND_MONITOR] posiciones=2 | BE activados=0 | runner eventos=0 | cierres=0 | 0.03s
[MONITOR BACKGROUND_MONITOR] posiciones=2 | BE activados=0 | runner eventos=0 | cierres=0 | 0.63s

========================================================================================
CICLO #0081 | 2026-09-03 14:52:24 UTC | símbolos=0
========================================================================================
----------------------------------------------------------------------------------------
RESUMEN DEL CICLO #0081
Símbolos analizados: 0
Sin señal: 0
Esperando/otros: 0
Señales rechazadas: 0
Bloqueadas por estado/límites: 0
Validadas DRY RUN: 0
Nuevas órdenes: 0
Operaciones cerradas sincronizadas: 0
Errores: 0
Duración del ciclo: 0.03s
Intervalo objetivo: 30s
Próximo ciclo en: 29.97s
----------------------------------------------------------------------------------------
[MONITOR BACKGROUND_MONITOR] posiciones=2 | BE activados=0 | runner eventos=0 | cierres=0 | 0.21s
[MONITOR BACKGROUND_MONITOR] posiciones=2 | BE activados=0 | runner eventos=0 | cierres=0 | 0.03s
[MONITOR BACKGROUND_MONITOR] posiciones=2 | BE activados=0 | runner eventos=0 | cierres=0 | 0.03s
[MONITOR BACKGROUND_MONITOR] posiciones=2 | BE activados=0 | runner eventos=0 | cierres=0 | 0.03s
[MONITOR BACKGROUND_MONITOR] posiciones=2 | BE activados=0 | runner eventos=0 | cierres=0 | 0.03s
[MONITOR BACKGROUND_MONITOR] posiciones=2 | BE activados=0 | runner eventos=0 | cierres=0 | 0.02s
[MONITOR BACKGROUND_MONITOR] posiciones=2 | BE activados=0 | runner eventos=0 | cierres=0 | 0.02s
[MONITOR BACKGROUND_MONITOR] posiciones=2 | BE activados=0 | runner eventos=0 | cierres=0 | 0.05s

========================================================================================
CICLO #0082 | 2026-09-03 14:52:54 UTC | símbolos=0
========================================================================================
----------------------------------------------------------------------------------------
RESUMEN DEL CICLO #0082
Símbolos analizados: 0
Sin señal: 0
Esperando/otros: 0
Señales rechazadas: 0
Bloqueadas por estado/límites: 0
Validadas DRY RUN: 0
Nuevas órdenes: 0
Operaciones cerradas sincronizadas: 0
Errores: 0
Duración del ciclo: 0.03s
Intervalo objetivo: 30s
Próximo ciclo en: 29.97s
----------------------------------------------------------------------------------------
[MONITOR BACKGROUND_MONITOR] posiciones=2 | BE activados=0 | runner eventos=0 | cierres=0 | 0.03s
[MONITOR BACKGROUND_MONITOR] posiciones=2 | BE activados=0 | runner eventos=0 | cierres=0 | 0.02s
[MONITOR BACKGROUND_MONITOR] posiciones=2 | BE activados=0 | runner eventos=0 | cierres=0 | 0.02s
[MONITOR BACKGROUND_MONITOR] posiciones=2 | BE activados=0 | runner eventos=0 | cierres=0 | 0.02s
[MONITOR BACKGROUND_MONITOR] posiciones=2 | BE activados=0 | runner eventos=0 | cierres=0 | 0.02s
[MONITOR BACKGROUND_MONITOR] posiciones=2 | BE activados=0 | runner eventos=0 | cierres=0 | 0.06s
[MONITOR BACKGROUND_MONITOR] posiciones=2 | BE activados=0 | runner eventos=0 | cierres=0 | 0.02s

========================================================================================
CICLO #0083 | 2026-09-03 14:53:24 UTC | símbolos=0
========================================================================================
----------------------------------------------------------------------------------------
RESUMEN DEL CICLO #0083
Símbolos analizados: 0
Sin señal: 0
Esperando/otros: 0
Señales rechazadas: 0
Bloqueadas por estado/límites: 0
Validadas DRY RUN: 0
Nuevas órdenes: 0
Operaciones cerradas sincronizadas: 0
Errores: 0
Duración del ciclo: 0.03s
Intervalo objetivo: 30s
Próximo ciclo en: 29.97s
----------------------------------------------------------------------------------------
[MONITOR BACKGROUND_MONITOR] posiciones=2 | BE activados=0 | runner eventos=0 | cierres=0 | 0.02s
[MONITOR BACKGROUND_MONITOR] posiciones=2 | BE activados=0 | runner eventos=0 | cierres=0 | 0.03s
[MONITOR BACKGROUND_MONITOR] posiciones=2 | BE activados=0 | runner eventos=0 | cierres=0 | 0.02s
[MONITOR BACKGROUND_MONITOR] posiciones=2 | BE activados=0 | runner eventos=0 | cierres=0 | 0.03s
[MONITOR BACKGROUND_MONITOR] posiciones=2 | BE activados=0 | runner eventos=0 | cierres=0 | 0.11s
[MONITOR BACKGROUND_MONITOR] posiciones=2 | BE activados=0 | runner eventos=0 | cierres=0 | 0.02s
[MONITOR BACKGROUND_MONITOR] posiciones=2 | BE activados=0 | runner eventos=0 | cierres=0 | 0.02s
[MONITOR BACKGROUND_MONITOR] posiciones=2 | BE activados=0 | runner eventos=0 | cierres=0 | 0.03s

========================================================================================
CICLO #0084 | 2026-09-03 14:53:54 UTC | símbolos=0
========================================================================================
----------------------------------------------------------------------------------------
RESUMEN DEL CICLO #0084
Símbolos analizados: 0
Sin señal: 0
Esperando/otros: 0
Señales rechazadas: 0
Bloqueadas por estado/límites: 0
Validadas DRY RUN: 0
Nuevas órdenes: 0
Operaciones cerradas sincronizadas: 0
Errores: 0
Duración del ciclo: 0.03s
Intervalo objetivo: 30s
Próximo ciclo en: 29.97s
----------------------------------------------------------------------------------------
[MONITOR BACKGROUND_MONITOR] posiciones=2 | BE activados=0 | runner eventos=0 | cierres=0 | 0.02s
[MONITOR BACKGROUND_MONITOR] posiciones=2 | BE activados=0 | runner eventos=0 | cierres=0 | 0.03s
[MONITOR BACKGROUND_MONITOR] posiciones=2 | BE activados=0 | runner eventos=0 | cierres=0 | 0.04s
[MONITOR BACKGROUND_MONITOR] posiciones=2 | BE activados=0 | runner eventos=0 | cierres=0 | 0.04s
[MONITOR BACKGROUND_MONITOR] posiciones=2 | BE activados=0 | runner eventos=0 | cierres=0 | 0.03s
[MONITOR BACKGROUND_MONITOR] posiciones=2 | BE activados=0 | runner eventos=0 | cierres=0 | 0.02s
[MONITOR BACKGROUND_MONITOR] posiciones=2 | BE activados=0 | runner eventos=0 | cierres=0 | 0.02s

========================================================================================
CICLO #0085 | 2026-09-03 14:54:24 UTC | símbolos=0
========================================================================================
----------------------------------------------------------------------------------------
RESUMEN DEL CICLO #0085
Símbolos analizados: 0
Sin señal: 0
Esperando/otros: 0
Señales rechazadas: 0
Bloqueadas por estado/límites: 0
Validadas DRY RUN: 0
Nuevas órdenes: 0
Operaciones cerradas sincronizadas: 0
Errores: 0
Duración del ciclo: 0.03s
Intervalo objetivo: 30s
Próximo ciclo en: 29.97s
----------------------------------------------------------------------------------------
[MONITOR BACKGROUND_MONITOR] posiciones=2 | BE activados=0 | runner eventos=0 | cierres=0 | 0.02s
[MONITOR BACKGROUND_MONITOR] posiciones=2 | BE activados=0 | runner eventos=0 | cierres=0 | 0.02s
[MONITOR BACKGROUND_MONITOR] posiciones=2 | BE activados=0 | runner eventos=0 | cierres=0 | 0.02s
[MONITOR BACKGROUND_MONITOR] posiciones=2 | BE activados=0 | runner eventos=0 | cierres=0 | 0.02s
[MONITOR BACKGROUND_MONITOR] posiciones=2 | BE activados=0 | runner eventos=0 | cierres=0 | 0.04s
[MONITOR BACKGROUND_MONITOR] posiciones=2 | BE activados=0 | runner eventos=0 | cierres=0 | 0.03s
[MONITOR BACKGROUND_MONITOR] posiciones=2 | BE activados=0 | runner eventos=0 | cierres=0 | 0.03s
[MONITOR BACKGROUND_MONITOR] posiciones=2 | BE activados=0 | runner eventos=0 | cierres=0 | 0.02s

========================================================================================
CICLO #0086 | 2026-09-03 14:54:54 UTC | símbolos=0
========================================================================================
----------------------------------------------------------------------------------------
RESUMEN DEL CICLO #0086
Símbolos analizados: 0
Sin señal: 0
Esperando/otros: 0
Señales rechazadas: 0
Bloqueadas por estado/límites: 0
Validadas DRY RUN: 0
Nuevas órdenes: 0
Operaciones cerradas sincronizadas: 0
Errores: 0
Duración del ciclo: 0.03s
Intervalo objetivo: 30s
Próximo ciclo en: 29.97s
----------------------------------------------------------------------------------------
[MONITOR BACKGROUND_MONITOR] posiciones=2 | BE activados=0 | runner eventos=0 | cierres=0 | 0.02s
[MONITOR BACKGROUND_MONITOR] posiciones=2 | BE activados=0 | runner eventos=0 | cierres=0 | 0.03s
[MONITOR BACKGROUND_MONITOR] posiciones=2 | BE activados=0 | runner eventos=0 | cierres=0 | 0.03s
[MONITOR BACKGROUND_MONITOR] posiciones=2 | BE activados=0 | runner eventos=0 | cierres=0 | 0.02s
[MONITOR BACKGROUND_MONITOR] posiciones=2 | BE activados=0 | runner eventos=0 | cierres=0 | 0.02s
[MONITOR BACKGROUND_MONITOR] posiciones=2 | BE activados=0 | runner eventos=0 | cierres=0 | 0.03s
[MONITOR BACKGROUND_MONITOR] posiciones=2 | BE activados=0 | runner eventos=0 | cierres=0 | 0.02s

========================================================================================
CICLO #0087 | 2026-09-03 14:55:24 UTC | símbolos=10
========================================================================================
[01/10] START Boom 100 Index
[01/10] END   Boom 100 Index | 0.01s | DIRECCIÓN BLOQUEADA POR POLÍTICA DEL INSTRUMENTO
    Motivo: BOOM_BUY_ONLY_REQUIRES_BUY_H1_CONTEXT
[02/10] START Boom 1000 Index
[02/10] END   Boom 1000 Index | 0.45s | NO M5 CONFIRMATION
    Motivo: NO_DIRECTIONAL_M5_CONFIRMATION
[03/10] START Boom 150 Index
[03/10] END   Boom 150 Index | 0.96s | STALE M5 SIGNAL
    Motivo: M5_CONFIRMATION_TOO_OLD_FOR_LIVE_ENTRY
[04/10] START Boom 200 Index
[MONITOR BACKGROUND_MONITOR] posiciones=2 | BE activados=0 | runner eventos=0 | cierres=0 | 0.62s
[04/10] END   Boom 200 Index | 0.63s | STALE M5 SIGNAL
    Motivo: M5_CONFIRMATION_TOO_OLD_FOR_LIVE_ENTRY
[05/10] START Boom 300 Index
[05/10] END   Boom 300 Index | 0.02s | DIRECCIÓN BLOQUEADA POR POLÍTICA DEL INSTRUMENTO
    Motivo: BOOM_BUY_ONLY_REQUIRES_BUY_H1_CONTEXT
[06/10] START Boom 50 Index
[06/10] END   Boom 50 Index | 0.17s | ALREADY EXECUTED
[07/10] START Boom 500 Index
[07/10] END   Boom 500 Index | 0.01s | DIRECCIÓN BLOQUEADA POR POLÍTICA DEL INSTRUMENTO
    Motivo: BOOM_BUY_ONLY_REQUIRES_BUY_H1_CONTEXT
[08/10] START Boom 600 Index
[08/10] END   Boom 600 Index | 0.01s | DIRECCIÓN BLOQUEADA POR POLÍTICA DEL INSTRUMENTO
    Motivo: BOOM_BUY_ONLY_REQUIRES_BUY_H1_CONTEXT
[09/10] START Boom 900 Index
[09/10] END   Boom 900 Index | 0.68s | STALE M5 SIGNAL
    Motivo: M5_CONFIRMATION_TOO_OLD_FOR_LIVE_ENTRY
[10/10] START Boom 99 Index
[10/10] END   Boom 99 Index | 0.58s | STALE M5 SIGNAL
    Motivo: M5_CONFIRMATION_TOO_OLD_FOR_LIVE_ENTRY
----------------------------------------------------------------------------------------
RESUMEN DEL CICLO #0087
Símbolos analizados: 10
Sin señal: 0
Esperando/otros: 5
Señales rechazadas: 4
Bloqueadas por estado/límites: 1
Validadas DRY RUN: 0
Nuevas órdenes: 0
Operaciones cerradas sincronizadas: 0
Errores: 0
Duración del ciclo: 3.63s
Intervalo objetivo: 30s
Próximo ciclo en: 26.37s
----------------------------------------------------------------------------------------
[MONITOR BACKGROUND_MONITOR] posiciones=2 | BE activados=0 | runner eventos=0 | cierres=0 | 0.05s
[MONITOR BACKGROUND_MONITOR] posiciones=2 | BE activados=0 | runner eventos=0 | cierres=0 | 0.05s
[MONITOR BACKGROUND_MONITOR] posiciones=2 | BE activados=0 | runner eventos=0 | cierres=0 | 0.04s
[MONITOR BACKGROUND_MONITOR] posiciones=2 | BE activados=0 | runner eventos=0 | cierres=0 | 0.03s
[MONITOR BACKGROUND_MONITOR] posiciones=2 | BE activados=0 | runner eventos=0 | cierres=0 | 0.03s
[MONITOR BACKGROUND_MONITOR] posiciones=2 | BE activados=0 | runner eventos=0 | cierres=0 | 0.07s
[MONITOR BACKGROUND_MONITOR] posiciones=2 | BE activados=0 | runner eventos=0 | cierres=0 | 0.04s

========================================================================================
CICLO #0088 | 2026-09-03 14:55:54 UTC | símbolos=0
========================================================================================
----------------------------------------------------------------------------------------
RESUMEN DEL CICLO #0088
Símbolos analizados: 0
Sin señal: 0
Esperando/otros: 0
Señales rechazadas: 0
Bloqueadas por estado/límites: 0
Validadas DRY RUN: 0
Nuevas órdenes: 0
Operaciones cerradas sincronizadas: 0
Errores: 0
Duración del ciclo: 0.03s
Intervalo objetivo: 30s
Próximo ciclo en: 29.97s
----------------------------------------------------------------------------------------
[MONITOR BACKGROUND_MONITOR] posiciones=2 | BE activados=0 | runner eventos=0 | cierres=0 | 0.02s
[MONITOR BACKGROUND_MONITOR] posiciones=2 | BE activados=0 | runner eventos=0 | cierres=0 | 0.02s
[MONITOR BACKGROUND_MONITOR] posiciones=2 | BE activados=0 | runner eventos=0 | cierres=0 | 0.03s
[MONITOR BACKGROUND_MONITOR] posiciones=2 | BE activados=0 | runner eventos=0 | cierres=0 | 0.03s
[MONITOR BACKGROUND_MONITOR] posiciones=2 | BE activados=0 | runner eventos=0 | cierres=0 | 0.02s
[MONITOR BACKGROUND_MONITOR] posiciones=2 | BE activados=0 | runner eventos=0 | cierres=0 | 0.02s
[MONITOR BACKGROUND_MONITOR] posiciones=2 | BE activados=0 | runner eventos=0 | cierres=0 | 0.02s

========================================================================================
CICLO #0089 | 2026-09-03 14:56:24 UTC | símbolos=0
========================================================================================
----------------------------------------------------------------------------------------
RESUMEN DEL CICLO #0089
Símbolos analizados: 0
Sin señal: 0
Esperando/otros: 0
Señales rechazadas: 0
Bloqueadas por estado/límites: 0
Validadas DRY RUN: 0
Nuevas órdenes: 0
Operaciones cerradas sincronizadas: 0
Errores: 0
Duración del ciclo: 0.03s
Intervalo objetivo: 30s
Próximo ciclo en: 29.97s
----------------------------------------------------------------------------------------
[MONITOR BACKGROUND_MONITOR] posiciones=2 | BE activados=0 | runner eventos=0 | cierres=0 | 0.02s
[MONITOR BACKGROUND_MONITOR] posiciones=2 | BE activados=0 | runner eventos=0 | cierres=0 | 0.02s
[MONITOR BACKGROUND_MONITOR] posiciones=2 | BE activados=0 | runner eventos=0 | cierres=0 | 0.02s
[MONITOR BACKGROUND_MONITOR] posiciones=2 | BE activados=0 | runner eventos=0 | cierres=0 | 0.03s
[MONITOR BACKGROUND_MONITOR] posiciones=2 | BE activados=0 | runner eventos=0 | cierres=0 | 0.03s
[MONITOR BACKGROUND_MONITOR] posiciones=2 | BE activados=0 | runner eventos=0 | cierres=0 | 0.02s
[MONITOR BACKGROUND_MONITOR] posiciones=2 | BE activados=0 | runner eventos=0 | cierres=0 | 0.02s
[MONITOR BACKGROUND_MONITOR] posiciones=2 | BE activados=0 | runner eventos=0 | cierres=0 | 0.04s

========================================================================================
CICLO #0090 | 2026-09-03 14:56:54 UTC | símbolos=0
========================================================================================
----------------------------------------------------------------------------------------
RESUMEN DEL CICLO #0090
Símbolos analizados: 0
Sin señal: 0
Esperando/otros: 0
Señales rechazadas: 0
Bloqueadas por estado/límites: 0
Validadas DRY RUN: 0
Nuevas órdenes: 0
Operaciones cerradas sincronizadas: 0
Errores: 0
Duración del ciclo: 0.02s
Intervalo objetivo: 30s
Próximo ciclo en: 29.98s
----------------------------------------------------------------------------------------
[MONITOR BACKGROUND_MONITOR] posiciones=2 | BE activados=0 | runner eventos=0 | cierres=0 | 0.02s
[MONITOR BACKGROUND_MONITOR] posiciones=2 | BE activados=0 | runner eventos=0 | cierres=0 | 0.02s
[MONITOR BACKGROUND_MONITOR] posiciones=2 | BE activados=0 | runner eventos=0 | cierres=0 | 0.03s
[MONITOR BACKGROUND_MONITOR] posiciones=2 | BE activados=0 | runner eventos=0 | cierres=0 | 0.06s
[MONITOR BACKGROUND_MONITOR] posiciones=2 | BE activados=0 | runner eventos=0 | cierres=0 | 0.03s
[MONITOR BACKGROUND_MONITOR] posiciones=2 | BE activados=0 | runner eventos=0 | cierres=0 | 0.03s
[MONITOR BACKGROUND_MONITOR] posiciones=2 | BE activados=0 | runner eventos=0 | cierres=0 | 0.57s

========================================================================================
CICLO #0091 | 2026-09-03 14:57:24 UTC | símbolos=0
========================================================================================
----------------------------------------------------------------------------------------
RESUMEN DEL CICLO #0091
Símbolos analizados: 0
Sin señal: 0
Esperando/otros: 0
Señales rechazadas: 0
Bloqueadas por estado/límites: 0
Validadas DRY RUN: 0
Nuevas órdenes: 0
Operaciones cerradas sincronizadas: 0
Errores: 0
Duración del ciclo: 0.23s
Intervalo objetivo: 30s
Próximo ciclo en: 29.77s
----------------------------------------------------------------------------------------
[MONITOR BACKGROUND_MONITOR] posiciones=2 | BE activados=0 | runner eventos=0 | cierres=0 | 0.54s
[MONITOR BACKGROUND_MONITOR] posiciones=2 | BE activados=0 | runner eventos=0 | cierres=0 | 0.04s
[MONITOR BACKGROUND_MONITOR] posiciones=2 | BE activados=0 | runner eventos=0 | cierres=0 | 0.02s
[MONITOR BACKGROUND_MONITOR] posiciones=2 | BE activados=0 | runner eventos=0 | cierres=0 | 0.03s
[MONITOR BACKGROUND_MONITOR] posiciones=2 | BE activados=0 | runner eventos=0 | cierres=0 | 0.03s
[MONITOR BACKGROUND_MONITOR] posiciones=2 | BE activados=0 | runner eventos=0 | cierres=0 | 0.03s
[MONITOR BACKGROUND_MONITOR] posiciones=2 | BE activados=0 | runner eventos=0 | cierres=0 | 0.06s
[MONITOR BACKGROUND_MONITOR] posiciones=2 | BE activados=0 | runner eventos=0 | cierres=0 | 0.03s

========================================================================================
CICLO #0092 | 2026-09-03 14:57:54 UTC | símbolos=0
========================================================================================
----------------------------------------------------------------------------------------
RESUMEN DEL CICLO #0092
Símbolos analizados: 0
Sin señal: 0
Esperando/otros: 0
Señales rechazadas: 0
Bloqueadas por estado/límites: 0
Validadas DRY RUN: 0
Nuevas órdenes: 0
Operaciones cerradas sincronizadas: 0
Errores: 0
Duración del ciclo: 0.33s
Intervalo objetivo: 30s
Próximo ciclo en: 29.67s
----------------------------------------------------------------------------------------
[MONITOR BACKGROUND_MONITOR] posiciones=2 | BE activados=0 | runner eventos=0 | cierres=0 | 0.02s
[MONITOR BACKGROUND_MONITOR] posiciones=2 | BE activados=0 | runner eventos=0 | cierres=0 | 0.03s
[MONITOR BACKGROUND_MONITOR] posiciones=2 | BE activados=0 | runner eventos=0 | cierres=0 | 0.02s
[MONITOR BACKGROUND_MONITOR] posiciones=2 | BE activados=0 | runner eventos=0 | cierres=0 | 0.02s
[MONITOR BACKGROUND_MONITOR] posiciones=2 | BE activados=0 | runner eventos=0 | cierres=0 | 0.02s
[MONITOR BACKGROUND_MONITOR] posiciones=2 | BE activados=0 | runner eventos=0 | cierres=0 | 0.03s
[MONITOR BACKGROUND_MONITOR] posiciones=2 | BE activados=0 | runner eventos=0 | cierres=0 | 0.02s

========================================================================================
CICLO #0093 | 2026-09-03 14:58:24 UTC | símbolos=0
========================================================================================
----------------------------------------------------------------------------------------
RESUMEN DEL CICLO #0093
Símbolos analizados: 0
Sin señal: 0
Esperando/otros: 0
Señales rechazadas: 0
Bloqueadas por estado/límites: 0
Validadas DRY RUN: 0
Nuevas órdenes: 0
Operaciones cerradas sincronizadas: 0
Errores: 0
Duración del ciclo: 0.03s
Intervalo objetivo: 30s
Próximo ciclo en: 29.97s
----------------------------------------------------------------------------------------
[MONITOR BACKGROUND_MONITOR] posiciones=2 | BE activados=0 | runner eventos=0 | cierres=0 | 0.02s
[MONITOR BACKGROUND_MONITOR] posiciones=2 | BE activados=0 | runner eventos=0 | cierres=0 | 0.06s
[MONITOR BACKGROUND_MONITOR] posiciones=2 | BE activados=0 | runner eventos=0 | cierres=0 | 0.02s
[MONITOR BACKGROUND_MONITOR] posiciones=2 | BE activados=0 | runner eventos=0 | cierres=0 | 0.03s
[MONITOR BACKGROUND_MONITOR] posiciones=2 | BE activados=0 | runner eventos=0 | cierres=0 | 0.04s
[MONITOR BACKGROUND_MONITOR] posiciones=2 | BE activados=0 | runner eventos=0 | cierres=0 | 0.03s
[MONITOR BACKGROUND_MONITOR] posiciones=2 | BE activados=0 | runner eventos=0 | cierres=0 | 0.03s
[MONITOR BACKGROUND_MONITOR] posiciones=2 | BE activados=0 | runner eventos=0 | cierres=0 | 0.03s

========================================================================================
CICLO #0094 | 2026-09-03 14:58:54 UTC | símbolos=0
========================================================================================
----------------------------------------------------------------------------------------
RESUMEN DEL CICLO #0094
Símbolos analizados: 0
Sin señal: 0
Esperando/otros: 0
Señales rechazadas: 0
Bloqueadas por estado/límites: 0
Validadas DRY RUN: 0
Nuevas órdenes: 0
Operaciones cerradas sincronizadas: 0
Errores: 0
Duración del ciclo: 0.04s
Intervalo objetivo: 30s
Próximo ciclo en: 29.96s
----------------------------------------------------------------------------------------
[MONITOR BACKGROUND_MONITOR] posiciones=2 | BE activados=0 | runner eventos=0 | cierres=0 | 0.03s
[MONITOR BACKGROUND_MONITOR] posiciones=2 | BE activados=0 | runner eventos=0 | cierres=0 | 0.04s
[MONITOR BACKGROUND_MONITOR] posiciones=2 | BE activados=0 | runner eventos=0 | cierres=0 | 0.04s
[MONITOR BACKGROUND_MONITOR] posiciones=2 | BE activados=0 | runner eventos=0 | cierres=0 | 0.03s
[MONITOR BACKGROUND_MONITOR] posiciones=2 | BE activados=0 | runner eventos=0 | cierres=0 | 0.04s
[MONITOR BACKGROUND_MONITOR] posiciones=2 | BE activados=0 | runner eventos=0 | cierres=0 | 0.04s
[MONITOR BACKGROUND_MONITOR] posiciones=2 | BE activados=0 | runner eventos=0 | cierres=0 | 0.03s

========================================================================================
CICLO #0095 | 2026-09-03 14:59:24 UTC | símbolos=0
========================================================================================
----------------------------------------------------------------------------------------
RESUMEN DEL CICLO #0095
Símbolos analizados: 0
Sin señal: 0
Esperando/otros: 0
Señales rechazadas: 0
Bloqueadas por estado/límites: 0
Validadas DRY RUN: 0
Nuevas órdenes: 0
Operaciones cerradas sincronizadas: 0
Errores: 0
Duración del ciclo: 0.04s
Intervalo objetivo: 30s
Próximo ciclo en: 29.96s
----------------------------------------------------------------------------------------
[MONITOR BACKGROUND_MONITOR] posiciones=2 | BE activados=0 | runner eventos=0 | cierres=0 | 0.03s
[MONITOR BACKGROUND_MONITOR] posiciones=2 | BE activados=0 | runner eventos=0 | cierres=0 | 0.04s
[MONITOR BACKGROUND_MONITOR] posiciones=2 | BE activados=0 | runner eventos=0 | cierres=0 | 0.03s
[MONITOR BACKGROUND_MONITOR] posiciones=2 | BE activados=0 | runner eventos=0 | cierres=0 | 0.03s
[MONITOR BACKGROUND_MONITOR] posiciones=2 | BE activados=0 | runner eventos=0 | cierres=0 | 0.04s
[MONITOR BACKGROUND_MONITOR] posiciones=2 | BE activados=0 | runner eventos=0 | cierres=0 | 0.02s
[MONITOR BACKGROUND_MONITOR] posiciones=2 | BE activados=0 | runner eventos=0 | cierres=0 | 0.03s

========================================================================================
CICLO #0096 | 2026-09-03 14:59:54 UTC | símbolos=0
========================================================================================
----------------------------------------------------------------------------------------
RESUMEN DEL CICLO #0096
Símbolos analizados: 0
Sin señal: 0
Esperando/otros: 0
Señales rechazadas: 0
Bloqueadas por estado/límites: 0
Validadas DRY RUN: 0
Nuevas órdenes: 0
Operaciones cerradas sincronizadas: 0
Errores: 0
Duración del ciclo: 0.04s
Intervalo objetivo: 30s
Próximo ciclo en: 29.96s
----------------------------------------------------------------------------------------
[MONITOR BACKGROUND_MONITOR] posiciones=2 | BE activados=0 | runner eventos=0 | cierres=0 | 0.03s
[MONITOR BACKGROUND_MONITOR] posiciones=2 | BE activados=0 | runner eventos=0 | cierres=0 | 0.03s
[MONITOR BACKGROUND_MONITOR] posiciones=2 | BE activados=0 | runner eventos=0 | cierres=0 | 0.03s
[MONITOR BACKGROUND_MONITOR] posiciones=2 | BE activados=0 | runner eventos=0 | cierres=0 | 0.05s
[MONITOR BACKGROUND_MONITOR] posiciones=2 | BE activados=0 | runner eventos=0 | cierres=0 | 0.04s
[MONITOR BACKGROUND_MONITOR] posiciones=2 | BE activados=0 | runner eventos=0 | cierres=0 | 0.05s
[MONITOR BACKGROUND_MONITOR] posiciones=2 | BE activados=0 | runner eventos=0 | cierres=0 | 0.10s

========================================================================================
CICLO #0097 | 2026-09-03 15:00:24 UTC | símbolos=10
========================================================================================
[01/10] START Boom 100 Index
[MONITOR BACKGROUND_MONITOR] posiciones=2 | BE activados=0 | runner eventos=0 | cierres=0 | 1.12s
[01/10] END   Boom 100 Index | 2.52s | DIRECCIÓN BLOQUEADA POR POLÍTICA DEL INSTRUMENTO
    Motivo: BOOM_BUY_ONLY_REQUIRES_BUY_H1_CONTEXT
[02/10] START Boom 1000 Index
[MONITOR BACKGROUND_MONITOR] posiciones=2 | BE activados=0 | runner eventos=0 | cierres=0 | 0.75s
[02/10] END   Boom 1000 Index | 3.95s | NO M5 CONFIRMATION
    Motivo: NO_DIRECTIONAL_M5_CONFIRMATION
[03/10] START Boom 150 Index
[MONITOR BACKGROUND_MONITOR] posiciones=2 | BE activados=0 | runner eventos=0 | cierres=0 | 0.84s
[03/10] END   Boom 150 Index | 5.87s | STALE M5 SIGNAL
    Motivo: M5_CONFIRMATION_TOO_OLD_FOR_LIVE_ENTRY
[04/10] START Boom 200 Index
[MONITOR BACKGROUND_MONITOR] posiciones=2 | BE activados=0 | runner eventos=0 | cierres=0 | 0.88s
[04/10] END   Boom 200 Index | 5.61s | STALE M5 SIGNAL
    Motivo: M5_CONFIRMATION_TOO_OLD_FOR_LIVE_ENTRY
[05/10] START Boom 300 Index
[05/10] END   Boom 300 Index | 1.20s | DIRECCIÓN BLOQUEADA POR POLÍTICA DEL INSTRUMENTO
    Motivo: BOOM_BUY_ONLY_REQUIRES_BUY_H1_CONTEXT
[06/10] START Boom 50 Index
[06/10] END   Boom 50 Index | 0.02s | STALE M5 SIGNAL
    Motivo: M5_CONFIRMATION_TOO_OLD_FOR_LIVE_ENTRY
[07/10] START Boom 500 Index
[MONITOR BACKGROUND_MONITOR] posiciones=2 | BE activados=0 | runner eventos=0 | cierres=0 | 1.40s
[07/10] END   Boom 500 Index | 3.50s | NO M5 CONFIRMATION
    Motivo: NO_DIRECTIONAL_M5_CONFIRMATION
[08/10] START Boom 600 Index
[08/10] END   Boom 600 Index | 1.37s | DIRECCIÓN BLOQUEADA POR POLÍTICA DEL INSTRUMENTO
    Motivo: BOOM_BUY_ONLY_REQUIRES_BUY_H1_CONTEXT
[09/10] START Boom 900 Index
[MONITOR BACKGROUND_MONITOR] posiciones=2 | BE activados=0 | runner eventos=0 | cierres=0 | 0.19s
[MONITOR BACKGROUND_MONITOR] posiciones=2 | BE activados=0 | runner eventos=0 | cierres=0 | 0.99s
[09/10] END   Boom 900 Index | 5.10s | STALE M5 SIGNAL
    Motivo: M5_CONFIRMATION_TOO_OLD_FOR_LIVE_ENTRY
[10/10] START Boom 99 Index
[MONITOR BACKGROUND_MONITOR] posiciones=2 | BE activados=0 | runner eventos=0 | cierres=0 | 0.81s
[10/10] END   Boom 99 Index | 4.90s | STALE M5 SIGNAL
    Motivo: M5_CONFIRMATION_TOO_OLD_FOR_LIVE_ENTRY
----------------------------------------------------------------------------------------
RESUMEN DEL CICLO #0097
Símbolos analizados: 10
Sin señal: 0
Esperando/otros: 7
Señales rechazadas: 3
Bloqueadas por estado/límites: 0
Validadas DRY RUN: 0
Nuevas órdenes: 0
Operaciones cerradas sincronizadas: 0
Errores: 0
Duración del ciclo: 34.21s
Intervalo objetivo: 30s
Próximo ciclo en: 0.00s
[AVISO] Ciclo excedio el intervalo por: 4.21s
----------------------------------------------------------------------------------------

========================================================================================
CICLO #0098 | 2026-09-03 15:00:58 UTC | símbolos=0
========================================================================================
----------------------------------------------------------------------------------------
RESUMEN DEL CICLO #0098
Símbolos analizados: 0
Sin señal: 0
Esperando/otros: 0
Señales rechazadas: 0
Bloqueadas por estado/límites: 0
Validadas DRY RUN: 0
Nuevas órdenes: 0
Operaciones cerradas sincronizadas: 0
Errores: 0
Duración del ciclo: 0.10s
Intervalo objetivo: 30s
Próximo ciclo en: 29.90s
----------------------------------------------------------------------------------------
[MONITOR BACKGROUND_MONITOR] posiciones=2 | BE activados=0 | runner eventos=0 | cierres=0 | 0.04s
[MONITOR BACKGROUND_MONITOR] posiciones=2 | BE activados=0 | runner eventos=0 | cierres=0 | 0.03s
[MONITOR BACKGROUND_MONITOR] posiciones=2 | BE activados=0 | runner eventos=0 | cierres=0 | 0.04s
[MONITOR BACKGROUND_MONITOR] posiciones=2 | BE activados=0 | runner eventos=0 | cierres=0 | 0.03s
[MONITOR BACKGROUND_MONITOR] posiciones=2 | BE activados=0 | runner eventos=0 | cierres=0 | 0.04s
[MONITOR BACKGROUND_MONITOR] posiciones=2 | BE activados=0 | runner eventos=0 | cierres=0 | 0.03s
[MONITOR BACKGROUND_MONITOR] posiciones=2 | BE activados=0 | runner eventos=0 | cierres=0 | 0.03s

========================================================================================
CICLO #0099 | 2026-09-03 15:01:28 UTC | símbolos=0
========================================================================================
----------------------------------------------------------------------------------------
RESUMEN DEL CICLO #0099
Símbolos analizados: 0
Sin señal: 0
Esperando/otros: 0
Señales rechazadas: 0
Bloqueadas por estado/límites: 0
Validadas DRY RUN: 0
Nuevas órdenes: 0
Operaciones cerradas sincronizadas: 0
Errores: 0
Duración del ciclo: 0.05s
Intervalo objetivo: 30s
Próximo ciclo en: 29.95s
----------------------------------------------------------------------------------------
[MONITOR BACKGROUND_MONITOR] posiciones=2 | BE activados=0 | runner eventos=0 | cierres=0 | 0.05s
[MONITOR BACKGROUND_MONITOR] posiciones=2 | BE activados=0 | runner eventos=0 | cierres=0 | 0.02s
[MONITOR BACKGROUND_MONITOR] posiciones=2 | BE activados=0 | runner eventos=0 | cierres=0 | 0.05s
[MONITOR BACKGROUND_MONITOR] posiciones=2 | BE activados=0 | runner eventos=0 | cierres=0 | 0.03s
[MONITOR BACKGROUND_MONITOR] posiciones=2 | BE activados=0 | runner eventos=0 | cierres=0 | 0.03s
[MONITOR BACKGROUND_MONITOR] posiciones=2 | BE activados=0 | runner eventos=0 | cierres=0 | 0.02s
[MONITOR BACKGROUND_MONITOR] posiciones=2 | BE activados=0 | runner eventos=0 | cierres=0 | 0.03s
[MONITOR BACKGROUND_MONITOR] posiciones=2 | BE activados=0 | runner eventos=0 | cierres=0 | 0.02s

========================================================================================
CICLO #0100 | 2026-09-03 15:01:58 UTC | símbolos=0
========================================================================================
----------------------------------------------------------------------------------------
RESUMEN DEL CICLO #0100
Símbolos analizados: 0
Sin señal: 0
Esperando/otros: 0
Señales rechazadas: 0
Bloqueadas por estado/límites: 0
Validadas DRY RUN: 0
Nuevas órdenes: 0
Operaciones cerradas sincronizadas: 0
Errores: 0
Duración del ciclo: 0.03s
Intervalo objetivo: 30s
Próximo ciclo en: 29.97s
----------------------------------------------------------------------------------------
[MONITOR BACKGROUND_MONITOR] posiciones=2 | BE activados=0 | runner eventos=0 | cierres=0 | 0.02s
[MONITOR BACKGROUND_MONITOR] posiciones=2 | BE activados=0 | runner eventos=0 | cierres=0 | 0.02s
[MONITOR BACKGROUND_MONITOR] posiciones=2 | BE activados=0 | runner eventos=0 | cierres=0 | 0.02s
[MONITOR BACKGROUND_MONITOR] posiciones=2 | BE activados=0 | runner eventos=0 | cierres=0 | 0.02s
[MONITOR BACKGROUND_MONITOR] posiciones=2 | BE activados=0 | runner eventos=0 | cierres=0 | 0.03s
[MONITOR BACKGROUND_MONITOR] posiciones=2 | BE activados=0 | runner eventos=0 | cierres=0 | 0.02s
[MONITOR BACKGROUND_MONITOR] posiciones=2 | BE activados=0 | runner eventos=0 | cierres=0 | 0.03s

========================================================================================
CICLO #0101 | 2026-09-03 15:02:28 UTC | símbolos=0
========================================================================================
----------------------------------------------------------------------------------------
RESUMEN DEL CICLO #0101
Símbolos analizados: 0
Sin señal: 0
Esperando/otros: 0
Señales rechazadas: 0
Bloqueadas por estado/límites: 0
Validadas DRY RUN: 0
Nuevas órdenes: 0
Operaciones cerradas sincronizadas: 0
Errores: 0
Duración del ciclo: 0.03s
Intervalo objetivo: 30s
Próximo ciclo en: 29.97s
----------------------------------------------------------------------------------------
[MONITOR BACKGROUND_MONITOR] posiciones=2 | BE activados=0 | runner eventos=0 | cierres=0 | 0.04s
[MONITOR BACKGROUND_MONITOR] posiciones=2 | BE activados=0 | runner eventos=0 | cierres=0 | 0.03s
[MONITOR BACKGROUND_MONITOR] posiciones=2 | BE activados=0 | runner eventos=0 | cierres=0 | 0.02s
[MONITOR BACKGROUND_MONITOR] posiciones=2 | BE activados=0 | runner eventos=0 | cierres=0 | 0.04s
[MONITOR BACKGROUND_MONITOR] posiciones=2 | BE activados=0 | runner eventos=0 | cierres=0 | 0.03s
[MONITOR BACKGROUND_MONITOR] posiciones=2 | BE activados=0 | runner eventos=0 | cierres=0 | 0.04s
[MONITOR BACKGROUND_MONITOR] posiciones=2 | BE activados=0 | runner eventos=0 | cierres=0 | 0.04s
[MONITOR BACKGROUND_MONITOR] posiciones=2 | BE activados=0 | runner eventos=0 | cierres=0 | 0.07s

========================================================================================
CICLO #0102 | 2026-09-03 15:02:58 UTC | símbolos=0
========================================================================================
----------------------------------------------------------------------------------------
RESUMEN DEL CICLO #0102
Símbolos analizados: 0
Sin señal: 0
Esperando/otros: 0
Señales rechazadas: 0
Bloqueadas por estado/límites: 0
Validadas DRY RUN: 0
Nuevas órdenes: 0
Operaciones cerradas sincronizadas: 0
Errores: 0
Duración del ciclo: 0.06s
Intervalo objetivo: 30s
Próximo ciclo en: 29.94s
----------------------------------------------------------------------------------------
[MONITOR BACKGROUND_MONITOR] posiciones=2 | BE activados=0 | runner eventos=0 | cierres=0 | 0.05s
[MONITOR BACKGROUND_MONITOR] posiciones=2 | BE activados=0 | runner eventos=0 | cierres=0 | 0.03s
[MONITOR BACKGROUND_MONITOR] posiciones=2 | BE activados=0 | runner eventos=0 | cierres=0 | 0.02s
[MONITOR BACKGROUND_MONITOR] posiciones=2 | BE activados=0 | runner eventos=0 | cierres=0 | 0.03s
[MONITOR BACKGROUND_MONITOR] posiciones=2 | BE activados=0 | runner eventos=0 | cierres=0 | 0.03s
[MONITOR BACKGROUND_MONITOR] posiciones=2 | BE activados=0 | runner eventos=0 | cierres=0 | 0.04s
[MONITOR BACKGROUND_MONITOR] posiciones=2 | BE activados=0 | runner eventos=0 | cierres=0 | 0.08s

========================================================================================
CICLO #0103 | 2026-09-03 15:03:28 UTC | símbolos=0
========================================================================================
----------------------------------------------------------------------------------------
RESUMEN DEL CICLO #0103
Símbolos analizados: 0
Sin señal: 0
Esperando/otros: 0
Señales rechazadas: 0
Bloqueadas por estado/límites: 0
Validadas DRY RUN: 0
Nuevas órdenes: 0
Operaciones cerradas sincronizadas: 0
Errores: 0
Duración del ciclo: 0.04s
Intervalo objetivo: 30s
Próximo ciclo en: 29.96s
----------------------------------------------------------------------------------------
[MONITOR BACKGROUND_MONITOR] posiciones=2 | BE activados=0 | runner eventos=0 | cierres=0 | 0.04s
[MONITOR BACKGROUND_MONITOR] posiciones=2 | BE activados=0 | runner eventos=0 | cierres=0 | 0.03s
[MONITOR BACKGROUND_MONITOR] posiciones=2 | BE activados=0 | runner eventos=0 | cierres=0 | 0.03s
[MONITOR BACKGROUND_MONITOR] posiciones=2 | BE activados=0 | runner eventos=0 | cierres=0 | 0.03s
[MONITOR BACKGROUND_MONITOR] posiciones=2 | BE activados=0 | runner eventos=0 | cierres=0 | 0.04s
[MONITOR BACKGROUND_MONITOR] posiciones=2 | BE activados=0 | runner eventos=0 | cierres=0 | 0.06s
[MONITOR BACKGROUND_MONITOR] posiciones=2 | BE activados=0 | runner eventos=0 | cierres=0 | 0.04s
[MONITOR BACKGROUND_MONITOR] posiciones=2 | BE activados=0 | runner eventos=0 | cierres=0 | 0.03s

========================================================================================
CICLO #0104 | 2026-09-03 15:03:58 UTC | símbolos=0
========================================================================================
----------------------------------------------------------------------------------------
RESUMEN DEL CICLO #0104
Símbolos analizados: 0
Sin señal: 0
Esperando/otros: 0
Señales rechazadas: 0
Bloqueadas por estado/límites: 0
Validadas DRY RUN: 0
Nuevas órdenes: 0
Operaciones cerradas sincronizadas: 0
Errores: 0
Duración del ciclo: 0.04s
Intervalo objetivo: 30s
Próximo ciclo en: 29.96s
----------------------------------------------------------------------------------------
[MONITOR BACKGROUND_MONITOR] posiciones=2 | BE activados=0 | runner eventos=0 | cierres=0 | 0.03s
[MONITOR BACKGROUND_MONITOR] posiciones=2 | BE activados=0 | runner eventos=0 | cierres=0 | 0.05s
[MONITOR BACKGROUND_MONITOR] posiciones=2 | BE activados=0 | runner eventos=0 | cierres=0 | 0.04s
[MONITOR BACKGROUND_MONITOR] posiciones=2 | BE activados=0 | runner eventos=0 | cierres=0 | 0.04s
[MONITOR BACKGROUND_MONITOR] posiciones=2 | BE activados=0 | runner eventos=0 | cierres=0 | 0.03s
[MONITOR BACKGROUND_MONITOR] posiciones=2 | BE activados=0 | runner eventos=0 | cierres=0 | 0.03s
[MONITOR BACKGROUND_MONITOR] posiciones=2 | BE activados=0 | runner eventos=0 | cierres=0 | 0.05s

========================================================================================
CICLO #0105 | 2026-09-03 15:04:28 UTC | símbolos=0
========================================================================================
----------------------------------------------------------------------------------------
RESUMEN DEL CICLO #0105
Símbolos analizados: 0
Sin señal: 0
Esperando/otros: 0
Señales rechazadas: 0
Bloqueadas por estado/límites: 0
Validadas DRY RUN: 0
Nuevas órdenes: 0
Operaciones cerradas sincronizadas: 0
Errores: 0
Duración del ciclo: 0.05s
Intervalo objetivo: 30s
Próximo ciclo en: 29.95s
----------------------------------------------------------------------------------------
[MONITOR BACKGROUND_MONITOR] posiciones=2 | BE activados=0 | runner eventos=0 | cierres=0 | 0.07s
[MONITOR BACKGROUND_MONITOR] posiciones=2 | BE activados=0 | runner eventos=0 | cierres=0 | 0.02s
[MONITOR BACKGROUND_MONITOR] posiciones=2 | BE activados=0 | runner eventos=0 | cierres=0 | 0.03s
[MONITOR BACKGROUND_MONITOR] posiciones=2 | BE activados=0 | runner eventos=0 | cierres=0 | 0.04s
[MONITOR BACKGROUND_MONITOR] posiciones=2 | BE activados=0 | runner eventos=0 | cierres=0 | 0.03s
[MONITOR BACKGROUND_MONITOR] posiciones=2 | BE activados=0 | runner eventos=0 | cierres=0 | 0.03s
[MONITOR BACKGROUND_MONITOR] posiciones=2 | BE activados=0 | runner eventos=0 | cierres=0 | 0.03s
[MONITOR BACKGROUND_MONITOR] posiciones=2 | BE activados=0 | runner eventos=0 | cierres=0 | 0.03s

========================================================================================
CICLO #0106 | 2026-09-03 15:04:58 UTC | símbolos=0
========================================================================================
----------------------------------------------------------------------------------------
RESUMEN DEL CICLO #0106
Símbolos analizados: 0
Sin señal: 0
Esperando/otros: 0
Señales rechazadas: 0
Bloqueadas por estado/límites: 0
Validadas DRY RUN: 0
Nuevas órdenes: 0
Operaciones cerradas sincronizadas: 0
Errores: 0
Duración del ciclo: 0.04s
Intervalo objetivo: 30s
Próximo ciclo en: 29.96s
----------------------------------------------------------------------------------------
[MONITOR BACKGROUND_MONITOR] posiciones=2 | BE activados=0 | runner eventos=0 | cierres=0 | 0.17s
[MONITOR BACKGROUND_MONITOR] posiciones=2 | BE activados=0 | runner eventos=0 | cierres=0 | 0.05s
[MONITOR BACKGROUND_MONITOR] posiciones=2 | BE activados=0 | runner eventos=0 | cierres=0 | 0.04s
[MONITOR BACKGROUND_MONITOR] posiciones=2 | BE activados=0 | runner eventos=0 | cierres=0 | 0.03s
[MONITOR BACKGROUND_MONITOR] posiciones=2 | BE activados=0 | runner eventos=0 | cierres=0 | 0.04s
[MONITOR BACKGROUND_MONITOR] posiciones=2 | BE activados=0 | runner eventos=0 | cierres=0 | 0.03s
[MONITOR BACKGROUND_MONITOR] posiciones=2 | BE activados=0 | runner eventos=0 | cierres=0 | 0.04s

========================================================================================
CICLO #0107 | 2026-09-03 15:05:28 UTC | símbolos=10
========================================================================================
[01/10] START Boom 100 Index
[01/10] END   Boom 100 Index | 0.01s | DIRECCIÓN BLOQUEADA POR POLÍTICA DEL INSTRUMENTO
    Motivo: BOOM_BUY_ONLY_REQUIRES_BUY_H1_CONTEXT
[02/10] START Boom 1000 Index
[02/10] END   Boom 1000 Index | 0.61s | NO M5 CONFIRMATION
    Motivo: NO_DIRECTIONAL_M5_CONFIRMATION
[03/10] START Boom 150 Index
[03/10] END   Boom 150 Index | 1.30s | STALE M5 SIGNAL
    Motivo: M5_CONFIRMATION_TOO_OLD_FOR_LIVE_ENTRY
[04/10] START Boom 200 Index
[04/10] END   Boom 200 Index | 0.68s | STALE M5 SIGNAL
    Motivo: M5_CONFIRMATION_TOO_OLD_FOR_LIVE_ENTRY
[05/10] START Boom 300 Index
[MONITOR BACKGROUND_MONITOR] posiciones=2 | BE activados=0 | runner eventos=0 | cierres=0 | 3.37s
[05/10] END   Boom 300 Index | 0.01s | DIRECCIÓN BLOQUEADA POR POLÍTICA DEL INSTRUMENTO
    Motivo: BOOM_BUY_ONLY_REQUIRES_BUY_H1_CONTEXT
[06/10] START Boom 50 Index
[06/10] END   Boom 50 Index | 0.60s | STALE M5 SIGNAL
    Motivo: M5_CONFIRMATION_TOO_OLD_FOR_LIVE_ENTRY
[07/10] START Boom 500 Index
[07/10] END   Boom 500 Index | 0.57s | NO M5 CONFIRMATION
    Motivo: NO_DIRECTIONAL_M5_CONFIRMATION
[08/10] START Boom 600 Index
[08/10] END   Boom 600 Index | 0.01s | DIRECCIÓN BLOQUEADA POR POLÍTICA DEL INSTRUMENTO
    Motivo: BOOM_BUY_ONLY_REQUIRES_BUY_H1_CONTEXT
[09/10] START Boom 900 Index
[09/10] END   Boom 900 Index | 0.60s | STALE M5 SIGNAL
    Motivo: M5_CONFIRMATION_TOO_OLD_FOR_LIVE_ENTRY
[10/10] START Boom 99 Index
[10/10] END   Boom 99 Index | 0.70s | STALE M5 SIGNAL
    Motivo: M5_CONFIRMATION_TOO_OLD_FOR_LIVE_ENTRY
----------------------------------------------------------------------------------------
RESUMEN DEL CICLO #0107
Símbolos analizados: 10
Sin señal: 0
Esperando/otros: 7
Señales rechazadas: 3
Bloqueadas por estado/límites: 0
Validadas DRY RUN: 0
Nuevas órdenes: 0
Operaciones cerradas sincronizadas: 0
Errores: 0
Duración del ciclo: 7.21s
Intervalo objetivo: 30s
Próximo ciclo en: 22.79s
----------------------------------------------------------------------------------------
[MONITOR BACKGROUND_MONITOR] posiciones=0 | BE activados=0 | runner eventos=0 | cierres=2 | 0.02s
Bot detenido por el usuario.
========================================================================
DERIV DEMO EXECUTION PREFLIGHT
========================================================================
[OK] MT5_ACCOUNT_INFO {'login': 41108926, 'server': 'Deriv-Demo', 'currency': 'USD', 'balance': 9780.68, 'equity': 9780.68, 'margin': 0.0, 'free_margin': 9780.68, 'profit': 0.0, 'leverage': 1000, 'trade_mode': 0, 'snapshot_time': datetime.datetime(2026, 9, 3, 15, 6, 46, 443991, tzinfo=datetime.timezone.utc), 'broker': 'MT5'}
[OK] MT5_TERMINAL_CONNECTED {'trade_allowed': True, 'tradeapi_disabled': False}
[OK] MT5_AUTOTRADING_ALLOWED {'trade_allowed': True, 'tradeapi_disabled': False}
[OK] DEMO_ACCOUNT {'trade_mode': 0, 'server': 'Deriv-Demo'}
[OK] FREE_MARGIN {'free_margin': 9780.68, 'required': 0.0}
[OK] DATABASE_READY {}
[OK] SYMBOL:Boom 100 Index {'visible': True, 'trade_mode': 4, 'volume_min': 0.1, 'volume_step': 0.01, 'point': 0.001, 'stops_level_points': 22451}
[OK] SYMBOL:Boom 1000 Index {'visible': True, 'trade_mode': 4, 'volume_min': 0.2, 'volume_step': 0.01, 'point': 0.0001, 'stops_level_points': 26160}
[OK] SYMBOL:Boom 150 Index {'visible': True, 'trade_mode': 4, 'volume_min': 0.5, 'volume_step': 0.01, 'point': 0.0001, 'stops_level_points': 1000}
[OK] SYMBOL:Boom 200 Index {'visible': True, 'trade_mode': 4, 'volume_min': 0.1, 'volume_step': 0.01, 'point': 0.001, 'stops_level_points': 22998}
[OK] SYMBOL:Boom 300 Index {'visible': True, 'trade_mode': 4, 'volume_min': 0.5, 'volume_step': 0.01, 'point': 0.001, 'stops_level_points': 1668}
[OK] SYMBOL:Boom 50 Index {'visible': True, 'trade_mode': 4, 'volume_min': 0.1, 'volume_step': 0.01, 'point': 0.0001, 'stops_level_points': 21359}
[OK] SYMBOL:Boom 500 Index {'visible': True, 'trade_mode': 4, 'volume_min': 0.2, 'volume_step': 0.01, 'point': 0.001, 'stops_level_points': 1173}
[OK] SYMBOL:Boom 600 Index {'visible': True, 'trade_mode': 4, 'volume_min': 0.2, 'volume_step': 0.01, 'point': 0.001, 'stops_level_points': 1530}
[OK] SYMBOL:Boom 900 Index {'visible': True, 'trade_mode': 4, 'volume_min': 0.2, 'volume_step': 0.01, 'point': 0.001, 'stops_level_points': 1287}
[OK] SYMBOL:Boom 99 Index {'visible': True, 'trade_mode': 4, 'volume_min': 0.1, 'volume_step': 0.01, 'point': 0.001, 'stops_level_points': 22522}
========================================================================
STATUS: READY FOR DEMO EXECUTION
DAEMONBLACKFX VERSION: v100-entry-quality-recoverable-quarantine-winrate-audit
BOT ACTIVO: BOOM | MAGIC=26082101 | ESTRATEGIA=SMC/ORB | instrumentos=10 | auto_export=False
========================================================================================
BOT SMC MT5 - DERIV DEMO
========================================================================================
Cuenta: 41108926 | Servidor: Deriv-Demo
Balance: 9780.68 USD
Modo: EJECUCIÓN DEMO
Riesgo por trade: 1.00% | R:R mínimo: 1.50
Intervalo: 30s | Símbolos: 10
Reporte XLSX: C:\TradingBoot\smc_synthetic_bot\storage\exports\deriv_demo_trading_report.xlsx
Pipeline: SMC -> TradeLifecycleManager -> MT5TradeExecutor -> SQLite -> XLSX
========================================================================================
Daemon activo: señales=30s | monitor posiciones/BE=2s | símbolos=10
Progreso: se mostrará cada símbolo y su tiempo de análisis.
{'action': 'POSITION_MONITOR_STARTED', 'signal_interval_seconds': 30, 'position_monitor_interval_seconds': 2, 'monitor_mode': 'BACKGROUND_DECOUPLED'}

========================================================================================
CICLO #0001 | 2026-09-03 15:06:49 UTC | símbolos=10
========================================================================================
[01/10] START Boom 100 Index
[01/10] END   Boom 100 Index | 2.81s | DIRECCIÓN BLOQUEADA POR POLÍTICA DEL INSTRUMENTO
    Motivo: BOOM_BUY_ONLY_REQUIRES_BUY_H1_CONTEXT
[02/10] START Boom 1000 Index
[02/10] END   Boom 1000 Index | 3.25s | NO M5 CONFIRMATION
    Motivo: NO_DIRECTIONAL_M5_CONFIRMATION
[03/10] START Boom 150 Index
[03/10] END   Boom 150 Index | 4.14s | STALE M5 SIGNAL
    Motivo: M5_CONFIRMATION_TOO_OLD_FOR_LIVE_ENTRY
[04/10] START Boom 200 Index
[04/10] END   Boom 200 Index | 4.00s | STALE M5 SIGNAL
    Motivo: M5_CONFIRMATION_TOO_OLD_FOR_LIVE_ENTRY
[05/10] START Boom 300 Index
[05/10] END   Boom 300 Index | 2.31s | DIRECCIÓN BLOQUEADA POR POLÍTICA DEL INSTRUMENTO
    Motivo: BOOM_BUY_ONLY_REQUIRES_BUY_H1_CONTEXT
[06/10] START Boom 50 Index
[06/10] END   Boom 50 Index | 4.77s | STALE M5 SIGNAL
    Motivo: M5_CONFIRMATION_TOO_OLD_FOR_LIVE_ENTRY
[07/10] START Boom 500 Index
[07/10] END   Boom 500 Index | 4.65s | NO M5 CONFIRMATION
    Motivo: NO_DIRECTIONAL_M5_CONFIRMATION
[08/10] START Boom 600 Index
[08/10] END   Boom 600 Index | 1.21s | DIRECCIÓN BLOQUEADA POR POLÍTICA DEL INSTRUMENTO
    Motivo: BOOM_BUY_ONLY_REQUIRES_BUY_H1_CONTEXT
[09/10] START Boom 900 Index
[09/10] END   Boom 900 Index | 4.62s | STALE M5 SIGNAL
    Motivo: M5_CONFIRMATION_TOO_OLD_FOR_LIVE_ENTRY
[10/10] START Boom 99 Index
[10/10] END   Boom 99 Index | 5.68s | STALE M5 SIGNAL
    Motivo: M5_CONFIRMATION_TOO_OLD_FOR_LIVE_ENTRY
----------------------------------------------------------------------------------------
RESUMEN DEL CICLO #0001
Símbolos analizados: 10
Sin señal: 0
Esperando/otros: 7
Señales rechazadas: 3
Bloqueadas por estado/límites: 0
Validadas DRY RUN: 0
Nuevas órdenes: 0
Operaciones cerradas sincronizadas: 0
Errores: 0
Duración del ciclo: 43.18s
Intervalo objetivo: 30s
Próximo ciclo en: 0.00s
[AVISO] Ciclo excedio el intervalo por: 13.18s
----------------------------------------------------------------------------------------

========================================================================================
CICLO #0002 | 2026-09-03 15:07:32 UTC | símbolos=0
========================================================================================
----------------------------------------------------------------------------------------
RESUMEN DEL CICLO #0002
Símbolos analizados: 0
Sin señal: 0
Esperando/otros: 0
Señales rechazadas: 0
Bloqueadas por estado/límites: 0
Validadas DRY RUN: 0
Nuevas órdenes: 0
Operaciones cerradas sincronizadas: 0
Errores: 0
Duración del ciclo: 0.05s
Intervalo objetivo: 30s
Próximo ciclo en: 29.95s
----------------------------------------------------------------------------------------

========================================================================================
CICLO #0003 | 2026-09-03 15:08:02 UTC | símbolos=0
========================================================================================
----------------------------------------------------------------------------------------
RESUMEN DEL CICLO #0003
Símbolos analizados: 0
Sin señal: 0
Esperando/otros: 0
Señales rechazadas: 0
Bloqueadas por estado/límites: 0
Validadas DRY RUN: 0
Nuevas órdenes: 0
Operaciones cerradas sincronizadas: 0
Errores: 0
Duración del ciclo: 0.03s
Intervalo objetivo: 30s
Próximo ciclo en: 29.97s
----------------------------------------------------------------------------------------

========================================================================================
CICLO #0004 | 2026-09-03 15:08:32 UTC | símbolos=0
========================================================================================
----------------------------------------------------------------------------------------
RESUMEN DEL CICLO #0004
Símbolos analizados: 0
Sin señal: 0
Esperando/otros: 0
Señales rechazadas: 0
Bloqueadas por estado/límites: 0
Validadas DRY RUN: 0
Nuevas órdenes: 0
Operaciones cerradas sincronizadas: 0
Errores: 0
Duración del ciclo: 0.03s
Intervalo objetivo: 30s
Próximo ciclo en: 29.97s
----------------------------------------------------------------------------------------

========================================================================================
CICLO #0005 | 2026-09-03 15:09:02 UTC | símbolos=0
========================================================================================
----------------------------------------------------------------------------------------
RESUMEN DEL CICLO #0005
Símbolos analizados: 0
Sin señal: 0
Esperando/otros: 0
Señales rechazadas: 0
Bloqueadas por estado/límites: 0
Validadas DRY RUN: 0
Nuevas órdenes: 0
Operaciones cerradas sincronizadas: 0
Errores: 0
Duración del ciclo: 0.03s
Intervalo objetivo: 30s
Próximo ciclo en: 29.97s
----------------------------------------------------------------------------------------

========================================================================================
CICLO #0006 | 2026-09-03 15:09:32 UTC | símbolos=0
========================================================================================
----------------------------------------------------------------------------------------
RESUMEN DEL CICLO #0006
Símbolos analizados: 0
Sin señal: 0
Esperando/otros: 0
Señales rechazadas: 0
Bloqueadas por estado/límites: 0
Validadas DRY RUN: 0
Nuevas órdenes: 0
Operaciones cerradas sincronizadas: 0
Errores: 0
Duración del ciclo: 0.04s
Intervalo objetivo: 30s
Próximo ciclo en: 29.96s
----------------------------------------------------------------------------------------

========================================================================================
CICLO #0007 | 2026-09-03 15:10:02 UTC | símbolos=10
========================================================================================
[01/10] START Boom 100 Index
[01/10] END   Boom 100 Index | 0.01s | DIRECCIÓN BLOQUEADA POR POLÍTICA DEL INSTRUMENTO
    Motivo: BOOM_BUY_ONLY_REQUIRES_BUY_H1_CONTEXT
[02/10] START Boom 1000 Index
[02/10] END   Boom 1000 Index | 0.41s | NO M5 CONFIRMATION
    Motivo: NO_DIRECTIONAL_M5_CONFIRMATION
[03/10] START Boom 150 Index
[03/10] END   Boom 150 Index | 0.83s | STALE M5 SIGNAL
    Motivo: M5_CONFIRMATION_TOO_OLD_FOR_LIVE_ENTRY
[04/10] START Boom 200 Index
[04/10] END   Boom 200 Index | 0.50s | STALE M5 SIGNAL
    Motivo: M5_CONFIRMATION_TOO_OLD_FOR_LIVE_ENTRY
[05/10] START Boom 300 Index
[05/10] END   Boom 300 Index | 0.01s | DIRECCIÓN BLOQUEADA POR POLÍTICA DEL INSTRUMENTO
    Motivo: BOOM_BUY_ONLY_REQUIRES_BUY_H1_CONTEXT
[06/10] START Boom 50 Index
[06/10] END   Boom 50 Index | 0.54s | STALE M5 SIGNAL
    Motivo: M5_CONFIRMATION_TOO_OLD_FOR_LIVE_ENTRY
[07/10] START Boom 500 Index
[07/10] END   Boom 500 Index | 0.46s | NO M5 CONFIRMATION
    Motivo: NO_DIRECTIONAL_M5_CONFIRMATION
[08/10] START Boom 600 Index
[08/10] END   Boom 600 Index | 0.01s | DIRECCIÓN BLOQUEADA POR POLÍTICA DEL INSTRUMENTO
    Motivo: BOOM_BUY_ONLY_REQUIRES_BUY_H1_CONTEXT
[09/10] START Boom 900 Index
[09/10] END   Boom 900 Index | 0.59s | STALE M5 SIGNAL
    Motivo: M5_CONFIRMATION_TOO_OLD_FOR_LIVE_ENTRY
[10/10] START Boom 99 Index
[10/10] END   Boom 99 Index | 0.57s | STALE M5 SIGNAL
    Motivo: M5_CONFIRMATION_TOO_OLD_FOR_LIVE_ENTRY
----------------------------------------------------------------------------------------
RESUMEN DEL CICLO #0007
Símbolos analizados: 10
Sin señal: 0
Esperando/otros: 7
Señales rechazadas: 3
Bloqueadas por estado/límites: 0
Validadas DRY RUN: 0
Nuevas órdenes: 0
Operaciones cerradas sincronizadas: 0
Errores: 0
Duración del ciclo: 3.96s
Intervalo objetivo: 30s
Próximo ciclo en: 26.04s
----------------------------------------------------------------------------------------

========================================================================================
CICLO #0008 | 2026-09-03 15:10:32 UTC | símbolos=0
========================================================================================
----------------------------------------------------------------------------------------
RESUMEN DEL CICLO #0008
Símbolos analizados: 0
Sin señal: 0
Esperando/otros: 0
Señales rechazadas: 0
Bloqueadas por estado/límites: 0
Validadas DRY RUN: 0
Nuevas órdenes: 0
Operaciones cerradas sincronizadas: 0
Errores: 0
Duración del ciclo: 0.03s
Intervalo objetivo: 30s
Próximo ciclo en: 29.97s
----------------------------------------------------------------------------------------

========================================================================================
CICLO #0009 | 2026-09-03 15:11:02 UTC | símbolos=0
========================================================================================
----------------------------------------------------------------------------------------
RESUMEN DEL CICLO #0009
Símbolos analizados: 0
Sin señal: 0
Esperando/otros: 0
Señales rechazadas: 0
Bloqueadas por estado/límites: 0
Validadas DRY RUN: 0
Nuevas órdenes: 0
Operaciones cerradas sincronizadas: 0
Errores: 0
Duración del ciclo: 0.03s
Intervalo objetivo: 30s
Próximo ciclo en: 29.97s
----------------------------------------------------------------------------------------

========================================================================================
CICLO #0010 | 2026-09-03 15:11:32 UTC | símbolos=0
========================================================================================
----------------------------------------------------------------------------------------
RESUMEN DEL CICLO #0010
Símbolos analizados: 0
Sin señal: 0
Esperando/otros: 0
Señales rechazadas: 0
Bloqueadas por estado/límites: 0
Validadas DRY RUN: 0
Nuevas órdenes: 0
Operaciones cerradas sincronizadas: 0
Errores: 0
Duración del ciclo: 0.03s
Intervalo objetivo: 30s
Próximo ciclo en: 29.97s
----------------------------------------------------------------------------------------

========================================================================================
CICLO #0011 | 2026-09-03 15:12:02 UTC | símbolos=0
========================================================================================
----------------------------------------------------------------------------------------
RESUMEN DEL CICLO #0011
Símbolos analizados: 0
Sin señal: 0
Esperando/otros: 0
Señales rechazadas: 0
Bloqueadas por estado/límites: 0
Validadas DRY RUN: 0
Nuevas órdenes: 0
Operaciones cerradas sincronizadas: 0
Errores: 0
Duración del ciclo: 0.03s
Intervalo objetivo: 30s
Próximo ciclo en: 29.97s
----------------------------------------------------------------------------------------

========================================================================================
CICLO #0012 | 2026-09-03 15:12:32 UTC | símbolos=0
========================================================================================
----------------------------------------------------------------------------------------
RESUMEN DEL CICLO #0012
Símbolos analizados: 0
Sin señal: 0
Esperando/otros: 0
Señales rechazadas: 0
Bloqueadas por estado/límites: 0
Validadas DRY RUN: 0
Nuevas órdenes: 0
Operaciones cerradas sincronizadas: 0
Errores: 0
Duración del ciclo: 0.03s
Intervalo objetivo: 30s
Próximo ciclo en: 29.97s
----------------------------------------------------------------------------------------

========================================================================================
CICLO #0013 | 2026-09-03 15:13:02 UTC | símbolos=0
========================================================================================
----------------------------------------------------------------------------------------
RESUMEN DEL CICLO #0013
Símbolos analizados: 0
Sin señal: 0
Esperando/otros: 0
Señales rechazadas: 0
Bloqueadas por estado/límites: 0
Validadas DRY RUN: 0
Nuevas órdenes: 0
Operaciones cerradas sincronizadas: 0
Errores: 0
Duración del ciclo: 0.03s
Intervalo objetivo: 30s
Próximo ciclo en: 29.97s
----------------------------------------------------------------------------------------

========================================================================================
CICLO #0014 | 2026-09-03 15:13:32 UTC | símbolos=0
========================================================================================
----------------------------------------------------------------------------------------
RESUMEN DEL CICLO #0014
Símbolos analizados: 0
Sin señal: 0
Esperando/otros: 0
Señales rechazadas: 0
Bloqueadas por estado/límites: 0
Validadas DRY RUN: 0
Nuevas órdenes: 0
Operaciones cerradas sincronizadas: 0
Errores: 0
Duración del ciclo: 0.03s
Intervalo objetivo: 30s
Próximo ciclo en: 29.97s
----------------------------------------------------------------------------------------

========================================================================================
CICLO #0015 | 2026-09-03 15:14:02 UTC | símbolos=0
========================================================================================
----------------------------------------------------------------------------------------
RESUMEN DEL CICLO #0015
Símbolos analizados: 0
Sin señal: 0
Esperando/otros: 0
Señales rechazadas: 0
Bloqueadas por estado/límites: 0
Validadas DRY RUN: 0
Nuevas órdenes: 0
Operaciones cerradas sincronizadas: 0
Errores: 0
Duración del ciclo: 0.03s
Intervalo objetivo: 30s
Próximo ciclo en: 29.97s
----------------------------------------------------------------------------------------

========================================================================================
CICLO #0016 | 2026-09-03 15:14:32 UTC | símbolos=0
========================================================================================
----------------------------------------------------------------------------------------
RESUMEN DEL CICLO #0016
Símbolos analizados: 0
Sin señal: 0
Esperando/otros: 0
Señales rechazadas: 0
Bloqueadas por estado/límites: 0
Validadas DRY RUN: 0
Nuevas órdenes: 0
Operaciones cerradas sincronizadas: 0
Errores: 0
Duración del ciclo: 0.03s
Intervalo objetivo: 30s
Próximo ciclo en: 29.97s
----------------------------------------------------------------------------------------

========================================================================================
CICLO #0017 | 2026-09-03 15:15:02 UTC | símbolos=10
========================================================================================
[01/10] START Boom 100 Index
[01/10] END   Boom 100 Index | 0.02s | DIRECCIÓN BLOQUEADA POR POLÍTICA DEL INSTRUMENTO
    Motivo: BOOM_BUY_ONLY_REQUIRES_BUY_H1_CONTEXT
[02/10] START Boom 1000 Index
[02/10] END   Boom 1000 Index | 1.26s | NO M5 CONFIRMATION
    Motivo: NO_DIRECTIONAL_M5_CONFIRMATION
[03/10] START Boom 150 Index
[03/10] END   Boom 150 Index | 1.82s | STALE M5 SIGNAL
    Motivo: M5_CONFIRMATION_TOO_OLD_FOR_LIVE_ENTRY
[04/10] START Boom 200 Index
[04/10] END   Boom 200 Index | 1.63s | STALE M5 SIGNAL
    Motivo: M5_CONFIRMATION_TOO_OLD_FOR_LIVE_ENTRY
[05/10] START Boom 300 Index
[05/10] END   Boom 300 Index | 0.01s | DIRECCIÓN BLOQUEADA POR POLÍTICA DEL INSTRUMENTO
    Motivo: BOOM_BUY_ONLY_REQUIRES_BUY_H1_CONTEXT
[06/10] START Boom 50 Index
[06/10] END   Boom 50 Index | 2.20s | STALE M5 SIGNAL
    Motivo: M5_CONFIRMATION_TOO_OLD_FOR_LIVE_ENTRY
[07/10] START Boom 500 Index
[07/10] END   Boom 500 Index | 2.02s | NO M5 CONFIRMATION
    Motivo: NO_DIRECTIONAL_M5_CONFIRMATION
[08/10] START Boom 600 Index
[08/10] END   Boom 600 Index | 0.01s | DIRECCIÓN BLOQUEADA POR POLÍTICA DEL INSTRUMENTO
    Motivo: BOOM_BUY_ONLY_REQUIRES_BUY_H1_CONTEXT
[09/10] START Boom 900 Index
[09/10] END   Boom 900 Index | 2.51s | STALE M5 SIGNAL
    Motivo: M5_CONFIRMATION_TOO_OLD_FOR_LIVE_ENTRY
[10/10] START Boom 99 Index
[10/10] END   Boom 99 Index | 2.65s | STALE M5 SIGNAL
    Motivo: M5_CONFIRMATION_TOO_OLD_FOR_LIVE_ENTRY
----------------------------------------------------------------------------------------
RESUMEN DEL CICLO #0017
Símbolos analizados: 10
Sin señal: 0
Esperando/otros: 7
Señales rechazadas: 3
Bloqueadas por estado/límites: 0
Validadas DRY RUN: 0
Nuevas órdenes: 0
Operaciones cerradas sincronizadas: 0
Errores: 0
Duración del ciclo: 14.21s
Intervalo objetivo: 30s
Próximo ciclo en: 15.79s
----------------------------------------------------------------------------------------

========================================================================================
CICLO #0018 | 2026-09-03 15:15:32 UTC | símbolos=0
========================================================================================
----------------------------------------------------------------------------------------
RESUMEN DEL CICLO #0018
Símbolos analizados: 0
Sin señal: 0
Esperando/otros: 0
Señales rechazadas: 0
Bloqueadas por estado/límites: 0
Validadas DRY RUN: 0
Nuevas órdenes: 0
Operaciones cerradas sincronizadas: 0
Errores: 0
Duración del ciclo: 0.06s
Intervalo objetivo: 30s
Próximo ciclo en: 29.94s
----------------------------------------------------------------------------------------

========================================================================================
CICLO #0019 | 2026-09-03 15:16:02 UTC | símbolos=0
========================================================================================
----------------------------------------------------------------------------------------
RESUMEN DEL CICLO #0019
Símbolos analizados: 0
Sin señal: 0
Esperando/otros: 0
Señales rechazadas: 0
Bloqueadas por estado/límites: 0
Validadas DRY RUN: 0
Nuevas órdenes: 0
Operaciones cerradas sincronizadas: 0
Errores: 0
Duración del ciclo: 0.03s
Intervalo objetivo: 30s
Próximo ciclo en: 29.97s
----------------------------------------------------------------------------------------

========================================================================================
CICLO #0020 | 2026-09-03 15:16:32 UTC | símbolos=0
========================================================================================
----------------------------------------------------------------------------------------
RESUMEN DEL CICLO #0020
Símbolos analizados: 0
Sin señal: 0
Esperando/otros: 0
Señales rechazadas: 0
Bloqueadas por estado/límites: 0
Validadas DRY RUN: 0
Nuevas órdenes: 0
Operaciones cerradas sincronizadas: 0
Errores: 0
Duración del ciclo: 0.07s
Intervalo objetivo: 30s
Próximo ciclo en: 29.93s
----------------------------------------------------------------------------------------

========================================================================================
CICLO #0021 | 2026-09-03 15:17:02 UTC | símbolos=0
========================================================================================
----------------------------------------------------------------------------------------
RESUMEN DEL CICLO #0021
Símbolos analizados: 0
Sin señal: 0
Esperando/otros: 0
Señales rechazadas: 0
Bloqueadas por estado/límites: 0
Validadas DRY RUN: 0
Nuevas órdenes: 0
Operaciones cerradas sincronizadas: 0
Errores: 0
Duración del ciclo: 0.05s
Intervalo objetivo: 30s
Próximo ciclo en: 29.95s
----------------------------------------------------------------------------------------

========================================================================================
CICLO #0022 | 2026-09-03 15:17:32 UTC | símbolos=0
========================================================================================
----------------------------------------------------------------------------------------
RESUMEN DEL CICLO #0022
Símbolos analizados: 0
Sin señal: 0
Esperando/otros: 0
Señales rechazadas: 0
Bloqueadas por estado/límites: 0
Validadas DRY RUN: 0
Nuevas órdenes: 0
Operaciones cerradas sincronizadas: 0
Errores: 0
Duración del ciclo: 0.04s
Intervalo objetivo: 30s
Próximo ciclo en: 29.96s
----------------------------------------------------------------------------------------

========================================================================================
CICLO #0023 | 2026-09-03 15:18:02 UTC | símbolos=0
========================================================================================
----------------------------------------------------------------------------------------
RESUMEN DEL CICLO #0023
Símbolos analizados: 0
Sin señal: 0
Esperando/otros: 0
Señales rechazadas: 0
Bloqueadas por estado/límites: 0
Validadas DRY RUN: 0
Nuevas órdenes: 0
Operaciones cerradas sincronizadas: 0
Errores: 0
Duración del ciclo: 0.04s
Intervalo objetivo: 30s
Próximo ciclo en: 29.96s
----------------------------------------------------------------------------------------
Bot detenido por el usuario.
========================================================================
DERIV DEMO EXECUTION PREFLIGHT
========================================================================
[OK] MT5_ACCOUNT_INFO {'login': 41108926, 'server': 'Deriv-Demo', 'currency': 'USD', 'balance': 9780.68, 'equity': 9780.68, 'margin': 0.0, 'free_margin': 9780.68, 'profit': 0.0, 'leverage': 1000, 'trade_mode': 0, 'snapshot_time': datetime.datetime(2026, 9, 3, 15, 19, 10, 122988, tzinfo=datetime.timezone.utc), 'broker': 'MT5'}
[OK] MT5_TERMINAL_CONNECTED {'trade_allowed': True, 'tradeapi_disabled': False}
[OK] MT5_AUTOTRADING_ALLOWED {'trade_allowed': True, 'tradeapi_disabled': False}
[OK] DEMO_ACCOUNT {'trade_mode': 0, 'server': 'Deriv-Demo'}
[OK] FREE_MARGIN {'free_margin': 9780.68, 'required': 0.0}
[OK] DATABASE_READY {}
[OK] SYMBOL:Boom 100 Index {'visible': True, 'trade_mode': 4, 'volume_min': 0.1, 'volume_step': 0.01, 'point': 0.001, 'stops_level_points': 22451}
[OK] SYMBOL:Boom 1000 Index {'visible': True, 'trade_mode': 4, 'volume_min': 0.2, 'volume_step': 0.01, 'point': 0.0001, 'stops_level_points': 26160}
[OK] SYMBOL:Boom 150 Index {'visible': True, 'trade_mode': 4, 'volume_min': 0.5, 'volume_step': 0.01, 'point': 0.0001, 'stops_level_points': 1000}
[OK] SYMBOL:Boom 200 Index {'visible': True, 'trade_mode': 4, 'volume_min': 0.1, 'volume_step': 0.01, 'point': 0.001, 'stops_level_points': 22998}
[OK] SYMBOL:Boom 300 Index {'visible': True, 'trade_mode': 4, 'volume_min': 0.5, 'volume_step': 0.01, 'point': 0.001, 'stops_level_points': 1668}
[OK] SYMBOL:Boom 50 Index {'visible': True, 'trade_mode': 4, 'volume_min': 0.1, 'volume_step': 0.01, 'point': 0.0001, 'stops_level_points': 21359}
[OK] SYMBOL:Boom 500 Index {'visible': True, 'trade_mode': 4, 'volume_min': 0.2, 'volume_step': 0.01, 'point': 0.001, 'stops_level_points': 1173}
[OK] SYMBOL:Boom 600 Index {'visible': True, 'trade_mode': 4, 'volume_min': 0.2, 'volume_step': 0.01, 'point': 0.001, 'stops_level_points': 1530}
[OK] SYMBOL:Boom 900 Index {'visible': True, 'trade_mode': 4, 'volume_min': 0.2, 'volume_step': 0.01, 'point': 0.001, 'stops_level_points': 1287}
[OK] SYMBOL:Boom 99 Index {'visible': True, 'trade_mode': 4, 'volume_min': 0.1, 'volume_step': 0.01, 'point': 0.001, 'stops_level_points': 22522}
========================================================================
STATUS: READY FOR DEMO EXECUTION
DAEMONBLACKFX VERSION: v100-entry-quality-recoverable-quarantine-winrate-audit
BOT ACTIVO: BOOM | MAGIC=26082101 | ESTRATEGIA=SMC/ORB | instrumentos=10 | auto_export=False
========================================================================================
BOT SMC MT5 - DERIV DEMO
========================================================================================
Cuenta: 41108926 | Servidor: Deriv-Demo
Balance: 9780.68 USD
Modo: EJECUCIÓN DEMO
Riesgo por trade: 1.00% | R:R mínimo: 1.50
Intervalo: 30s | Símbolos: 10
Reporte XLSX: C:\TradingBoot\smc_synthetic_bot\storage\exports\deriv_demo_trading_report.xlsx
Pipeline: SMC -> TradeLifecycleManager -> MT5TradeExecutor -> SQLite -> XLSX
========================================================================================
Daemon activo: señales=30s | monitor posiciones/BE=2s | símbolos=10
Progreso: se mostrará cada símbolo y su tiempo de análisis.
{'action': 'POSITION_MONITOR_STARTED', 'signal_interval_seconds': 30, 'position_monitor_interval_seconds': 2, 'monitor_mode': 'BACKGROUND_DECOUPLED'}

========================================================================================
CICLO #0001 | 2026-09-03 15:19:17 UTC | símbolos=10
========================================================================================
[01/10] START Boom 100 Index
[01/10] END   Boom 100 Index | 1.72s | DIRECCIÓN BLOQUEADA POR POLÍTICA DEL INSTRUMENTO
    Motivo: BOOM_BUY_ONLY_REQUIRES_BUY_H1_CONTEXT
[02/10] START Boom 1000 Index
[02/10] END   Boom 1000 Index | 3.41s | NO M5 CONFIRMATION
    Motivo: NO_DIRECTIONAL_M5_CONFIRMATION
[03/10] START Boom 150 Index
[03/10] END   Boom 150 Index | 4.55s | STALE M5 SIGNAL
    Motivo: M5_CONFIRMATION_TOO_OLD_FOR_LIVE_ENTRY
[04/10] START Boom 200 Index
[04/10] END   Boom 200 Index | 4.73s | STALE M5 SIGNAL
    Motivo: M5_CONFIRMATION_TOO_OLD_FOR_LIVE_ENTRY
[05/10] START Boom 300 Index
[05/10] END   Boom 300 Index | 1.16s | DIRECCIÓN BLOQUEADA POR POLÍTICA DEL INSTRUMENTO
    Motivo: BOOM_BUY_ONLY_REQUIRES_BUY_H1_CONTEXT
[06/10] START Boom 50 Index
[06/10] END   Boom 50 Index | 4.35s | STALE M5 SIGNAL
    Motivo: M5_CONFIRMATION_TOO_OLD_FOR_LIVE_ENTRY
[07/10] START Boom 500 Index
[07/10] END   Boom 500 Index | 3.29s | NO M5 CONFIRMATION
    Motivo: NO_DIRECTIONAL_M5_CONFIRMATION
[08/10] START Boom 600 Index
[08/10] END   Boom 600 Index | 1.31s | DIRECCIÓN BLOQUEADA POR POLÍTICA DEL INSTRUMENTO
    Motivo: BOOM_BUY_ONLY_REQUIRES_BUY_H1_CONTEXT
[09/10] START Boom 900 Index
[09/10] END   Boom 900 Index | 4.85s | STALE M5 SIGNAL
    Motivo: M5_CONFIRMATION_TOO_OLD_FOR_LIVE_ENTRY
[10/10] START Boom 99 Index
[10/10] END   Boom 99 Index | 6.38s | STALE M5 SIGNAL
    Motivo: M5_CONFIRMATION_TOO_OLD_FOR_LIVE_ENTRY
----------------------------------------------------------------------------------------
RESUMEN DEL CICLO #0001
Símbolos analizados: 10
Sin señal: 0
Esperando/otros: 7
Señales rechazadas: 3
Bloqueadas por estado/límites: 0
Validadas DRY RUN: 0
Nuevas órdenes: 0
Operaciones cerradas sincronizadas: 0
Errores: 0
Duración del ciclo: 38.82s
Intervalo objetivo: 30s
Próximo ciclo en: 0.00s
[AVISO] Ciclo excedio el intervalo por: 8.82s
----------------------------------------------------------------------------------------

========================================================================================
CICLO #0002 | 2026-09-03 15:19:56 UTC | símbolos=0
========================================================================================
----------------------------------------------------------------------------------------
RESUMEN DEL CICLO #0002
Símbolos analizados: 0
Sin señal: 0
Esperando/otros: 0
Señales rechazadas: 0
Bloqueadas por estado/límites: 0
Validadas DRY RUN: 0
Nuevas órdenes: 0
Operaciones cerradas sincronizadas: 0
Errores: 0
Duración del ciclo: 0.05s
Intervalo objetivo: 30s
Próximo ciclo en: 29.95s
----------------------------------------------------------------------------------------

========================================================================================
CICLO #0003 | 2026-09-03 15:20:26 UTC | símbolos=10
========================================================================================
[01/10] START Boom 100 Index
[01/10] END   Boom 100 Index | 0.01s | DIRECCIÓN BLOQUEADA POR POLÍTICA DEL INSTRUMENTO
    Motivo: BOOM_BUY_ONLY_REQUIRES_BUY_H1_CONTEXT
[02/10] START Boom 1000 Index
[02/10] END   Boom 1000 Index | 0.44s | NO M5 CONFIRMATION
    Motivo: NO_DIRECTIONAL_M5_CONFIRMATION
[03/10] START Boom 150 Index
[03/10] END   Boom 150 Index | 0.92s | STALE M5 SIGNAL
    Motivo: M5_CONFIRMATION_TOO_OLD_FOR_LIVE_ENTRY
[04/10] START Boom 200 Index
[04/10] END   Boom 200 Index | 0.53s | STALE M5 SIGNAL
    Motivo: M5_CONFIRMATION_TOO_OLD_FOR_LIVE_ENTRY
[05/10] START Boom 300 Index
[05/10] END   Boom 300 Index | 0.01s | DIRECCIÓN BLOQUEADA POR POLÍTICA DEL INSTRUMENTO
    Motivo: BOOM_BUY_ONLY_REQUIRES_BUY_H1_CONTEXT
[06/10] START Boom 50 Index
[06/10] END   Boom 50 Index | 0.55s | STALE M5 SIGNAL
    Motivo: M5_CONFIRMATION_TOO_OLD_FOR_LIVE_ENTRY
[07/10] START Boom 500 Index
[07/10] END   Boom 500 Index | 0.43s | NO M5 CONFIRMATION
    Motivo: NO_DIRECTIONAL_M5_CONFIRMATION
[08/10] START Boom 600 Index
[08/10] END   Boom 600 Index | 0.01s | DIRECCIÓN BLOQUEADA POR POLÍTICA DEL INSTRUMENTO
    Motivo: BOOM_BUY_ONLY_REQUIRES_BUY_H1_CONTEXT
[09/10] START Boom 900 Index
[09/10] END   Boom 900 Index | 0.57s | STALE M5 SIGNAL
    Motivo: M5_CONFIRMATION_TOO_OLD_FOR_LIVE_ENTRY
[10/10] START Boom 99 Index
[10/10] END   Boom 99 Index | 0.49s | STALE M5 SIGNAL
    Motivo: M5_CONFIRMATION_TOO_OLD_FOR_LIVE_ENTRY
----------------------------------------------------------------------------------------
RESUMEN DEL CICLO #0003
Símbolos analizados: 10
Sin señal: 0
Esperando/otros: 7
Señales rechazadas: 3
Bloqueadas por estado/límites: 0
Validadas DRY RUN: 0
Nuevas órdenes: 0
Operaciones cerradas sincronizadas: 0
Errores: 0
Duración del ciclo: 4.01s
Intervalo objetivo: 30s
Próximo ciclo en: 25.99s
----------------------------------------------------------------------------------------

========================================================================================
CICLO #0004 | 2026-09-03 15:20:56 UTC | símbolos=0
========================================================================================
----------------------------------------------------------------------------------------
RESUMEN DEL CICLO #0004
Símbolos analizados: 0
Sin señal: 0
Esperando/otros: 0
Señales rechazadas: 0
Bloqueadas por estado/límites: 0
Validadas DRY RUN: 0
Nuevas órdenes: 0
Operaciones cerradas sincronizadas: 0
Errores: 0
Duración del ciclo: 0.03s
Intervalo objetivo: 30s
Próximo ciclo en: 29.97s
----------------------------------------------------------------------------------------

========================================================================================
CICLO #0005 | 2026-09-03 15:21:26 UTC | símbolos=0
========================================================================================
----------------------------------------------------------------------------------------
RESUMEN DEL CICLO #0005
Símbolos analizados: 0
Sin señal: 0
Esperando/otros: 0
Señales rechazadas: 0
Bloqueadas por estado/límites: 0
Validadas DRY RUN: 0
Nuevas órdenes: 0
Operaciones cerradas sincronizadas: 0
Errores: 0
Duración del ciclo: 0.03s
Intervalo objetivo: 30s
Próximo ciclo en: 29.97s
----------------------------------------------------------------------------------------

========================================================================================
CICLO #0006 | 2026-09-03 15:21:56 UTC | símbolos=0
========================================================================================
----------------------------------------------------------------------------------------
RESUMEN DEL CICLO #0006
Símbolos analizados: 0
Sin señal: 0
Esperando/otros: 0
Señales rechazadas: 0
Bloqueadas por estado/límites: 0
Validadas DRY RUN: 0
Nuevas órdenes: 0
Operaciones cerradas sincronizadas: 0
Errores: 0
Duración del ciclo: 0.04s
Intervalo objetivo: 30s
Próximo ciclo en: 29.96s
----------------------------------------------------------------------------------------

========================================================================================
CICLO #0007 | 2026-09-03 15:22:26 UTC | símbolos=0
========================================================================================
----------------------------------------------------------------------------------------
RESUMEN DEL CICLO #0007
Símbolos analizados: 0
Sin señal: 0
Esperando/otros: 0
Señales rechazadas: 0
Bloqueadas por estado/límites: 0
Validadas DRY RUN: 0
Nuevas órdenes: 0
Operaciones cerradas sincronizadas: 0
Errores: 0
Duración del ciclo: 0.03s
Intervalo objetivo: 30s
Próximo ciclo en: 29.97s
----------------------------------------------------------------------------------------

========================================================================================
CICLO #0008 | 2026-09-03 15:22:56 UTC | símbolos=0
========================================================================================
----------------------------------------------------------------------------------------
RESUMEN DEL CICLO #0008
Símbolos analizados: 0
Sin señal: 0
Esperando/otros: 0
Señales rechazadas: 0
Bloqueadas por estado/límites: 0
Validadas DRY RUN: 0
Nuevas órdenes: 0
Operaciones cerradas sincronizadas: 0
Errores: 0
Duración del ciclo: 0.03s
Intervalo objetivo: 30s
Próximo ciclo en: 29.97s
----------------------------------------------------------------------------------------

========================================================================================
CICLO #0009 | 2026-09-03 15:23:26 UTC | símbolos=0
========================================================================================
----------------------------------------------------------------------------------------
RESUMEN DEL CICLO #0009
Símbolos analizados: 0
Sin señal: 0
Esperando/otros: 0
Señales rechazadas: 0
Bloqueadas por estado/límites: 0
Validadas DRY RUN: 0
Nuevas órdenes: 0
Operaciones cerradas sincronizadas: 0
Errores: 0
Duración del ciclo: 0.03s
Intervalo objetivo: 30s
Próximo ciclo en: 29.97s
----------------------------------------------------------------------------------------

========================================================================================
CICLO #0010 | 2026-09-03 15:23:56 UTC | símbolos=0
========================================================================================
----------------------------------------------------------------------------------------
RESUMEN DEL CICLO #0010
Símbolos analizados: 0
Sin señal: 0
Esperando/otros: 0
Señales rechazadas: 0
Bloqueadas por estado/límites: 0
Validadas DRY RUN: 0
Nuevas órdenes: 0
Operaciones cerradas sincronizadas: 0
Errores: 0
Duración del ciclo: 0.03s
Intervalo objetivo: 30s
Próximo ciclo en: 29.97s
----------------------------------------------------------------------------------------

========================================================================================
CICLO #0011 | 2026-09-03 15:24:26 UTC | símbolos=0
========================================================================================
----------------------------------------------------------------------------------------
RESUMEN DEL CICLO #0011
Símbolos analizados: 0
Sin señal: 0
Esperando/otros: 0
Señales rechazadas: 0
Bloqueadas por estado/límites: 0
Validadas DRY RUN: 0
Nuevas órdenes: 0
Operaciones cerradas sincronizadas: 0
Errores: 0
Duración del ciclo: 0.02s
Intervalo objetivo: 30s
Próximo ciclo en: 29.98s
----------------------------------------------------------------------------------------

========================================================================================
CICLO #0012 | 2026-09-03 15:24:56 UTC | símbolos=0
========================================================================================
----------------------------------------------------------------------------------------
RESUMEN DEL CICLO #0012
Símbolos analizados: 0
Sin señal: 0
Esperando/otros: 0
Señales rechazadas: 0
Bloqueadas por estado/límites: 0
Validadas DRY RUN: 0
Nuevas órdenes: 0
Operaciones cerradas sincronizadas: 0
Errores: 0
Duración del ciclo: 0.04s
Intervalo objetivo: 30s
Próximo ciclo en: 29.96s
----------------------------------------------------------------------------------------

========================================================================================
CICLO #0013 | 2026-09-03 15:25:26 UTC | símbolos=10
========================================================================================
[01/10] START Boom 100 Index
[01/10] END   Boom 100 Index | 0.01s | DIRECCIÓN BLOQUEADA POR POLÍTICA DEL INSTRUMENTO
    Motivo: BOOM_BUY_ONLY_REQUIRES_BUY_H1_CONTEXT
[02/10] START Boom 1000 Index
[02/10] END   Boom 1000 Index | 0.46s | NO M5 CONFIRMATION
    Motivo: NO_DIRECTIONAL_M5_CONFIRMATION
[03/10] START Boom 150 Index
[03/10] END   Boom 150 Index | 0.89s | STALE M5 SIGNAL
    Motivo: M5_CONFIRMATION_TOO_OLD_FOR_LIVE_ENTRY
[04/10] START Boom 200 Index
[04/10] END   Boom 200 Index | 0.51s | STALE M5 SIGNAL
    Motivo: M5_CONFIRMATION_TOO_OLD_FOR_LIVE_ENTRY
[05/10] START Boom 300 Index
[05/10] END   Boom 300 Index | 0.01s | DIRECCIÓN BLOQUEADA POR POLÍTICA DEL INSTRUMENTO
    Motivo: BOOM_BUY_ONLY_REQUIRES_BUY_H1_CONTEXT
[06/10] START Boom 50 Index
[06/10] END   Boom 50 Index | 0.53s | STALE M5 SIGNAL
    Motivo: M5_CONFIRMATION_TOO_OLD_FOR_LIVE_ENTRY
[07/10] START Boom 500 Index
[07/10] END   Boom 500 Index | 0.42s | NO M5 CONFIRMATION
    Motivo: NO_DIRECTIONAL_M5_CONFIRMATION
[08/10] START Boom 600 Index
[08/10] END   Boom 600 Index | 0.01s | DIRECCIÓN BLOQUEADA POR POLÍTICA DEL INSTRUMENTO
    Motivo: BOOM_BUY_ONLY_REQUIRES_BUY_H1_CONTEXT
[09/10] START Boom 900 Index
[09/10] END   Boom 900 Index | 0.53s | STALE M5 SIGNAL
    Motivo: M5_CONFIRMATION_TOO_OLD_FOR_LIVE_ENTRY
[10/10] START Boom 99 Index
[10/10] END   Boom 99 Index | 0.56s | STALE M5 SIGNAL
    Motivo: M5_CONFIRMATION_TOO_OLD_FOR_LIVE_ENTRY
----------------------------------------------------------------------------------------
RESUMEN DEL CICLO #0013
Símbolos analizados: 10
Sin señal: 0
Esperando/otros: 7
Señales rechazadas: 3
Bloqueadas por estado/límites: 0
Validadas DRY RUN: 0
Nuevas órdenes: 0
Operaciones cerradas sincronizadas: 0
Errores: 0
Duración del ciclo: 4.01s
Intervalo objetivo: 30s
Próximo ciclo en: 25.99s
----------------------------------------------------------------------------------------

========================================================================================
CICLO #0014 | 2026-09-03 15:25:56 UTC | símbolos=0
========================================================================================
----------------------------------------------------------------------------------------
RESUMEN DEL CICLO #0014
Símbolos analizados: 0
Sin señal: 0
Esperando/otros: 0
Señales rechazadas: 0
Bloqueadas por estado/límites: 0
Validadas DRY RUN: 0
Nuevas órdenes: 0
Operaciones cerradas sincronizadas: 0
Errores: 0
Duración del ciclo: 0.03s
Intervalo objetivo: 30s
Próximo ciclo en: 29.97s
----------------------------------------------------------------------------------------

========================================================================================
CICLO #0015 | 2026-09-03 15:26:26 UTC | símbolos=0
========================================================================================
----------------------------------------------------------------------------------------
RESUMEN DEL CICLO #0015
Símbolos analizados: 0
Sin señal: 0
Esperando/otros: 0
Señales rechazadas: 0
Bloqueadas por estado/límites: 0
Validadas DRY RUN: 0
Nuevas órdenes: 0
Operaciones cerradas sincronizadas: 0
Errores: 0
Duración del ciclo: 0.03s
Intervalo objetivo: 30s
Próximo ciclo en: 29.97s
----------------------------------------------------------------------------------------

========================================================================================
CICLO #0016 | 2026-09-03 15:26:56 UTC | símbolos=0
========================================================================================
----------------------------------------------------------------------------------------
RESUMEN DEL CICLO #0016
Símbolos analizados: 0
Sin señal: 0
Esperando/otros: 0
Señales rechazadas: 0
Bloqueadas por estado/límites: 0
Validadas DRY RUN: 0
Nuevas órdenes: 0
Operaciones cerradas sincronizadas: 0
Errores: 0
Duración del ciclo: 0.03s
Intervalo objetivo: 30s
Próximo ciclo en: 29.97s
----------------------------------------------------------------------------------------

========================================================================================
CICLO #0017 | 2026-09-03 15:27:26 UTC | símbolos=0
========================================================================================
----------------------------------------------------------------------------------------
RESUMEN DEL CICLO #0017
Símbolos analizados: 0
Sin señal: 0
Esperando/otros: 0
Señales rechazadas: 0
Bloqueadas por estado/límites: 0
Validadas DRY RUN: 0
Nuevas órdenes: 0
Operaciones cerradas sincronizadas: 0
Errores: 0
Duración del ciclo: 0.03s
Intervalo objetivo: 30s
Próximo ciclo en: 29.97s
----------------------------------------------------------------------------------------

========================================================================================
CICLO #0018 | 2026-09-03 15:27:56 UTC | símbolos=0
========================================================================================
----------------------------------------------------------------------------------------
RESUMEN DEL CICLO #0018
Símbolos analizados: 0
Sin señal: 0
Esperando/otros: 0
Señales rechazadas: 0
Bloqueadas por estado/límites: 0
Validadas DRY RUN: 0
Nuevas órdenes: 0
Operaciones cerradas sincronizadas: 0
Errores: 0
Duración del ciclo: 0.03s
Intervalo objetivo: 30s
Próximo ciclo en: 29.97s
----------------------------------------------------------------------------------------

========================================================================================
CICLO #0019 | 2026-09-03 15:28:26 UTC | símbolos=0
========================================================================================
----------------------------------------------------------------------------------------
RESUMEN DEL CICLO #0019
Símbolos analizados: 0
Sin señal: 0
Esperando/otros: 0
Señales rechazadas: 0
Bloqueadas por estado/límites: 0
Validadas DRY RUN: 0
Nuevas órdenes: 0
Operaciones cerradas sincronizadas: 0
Errores: 0
Duración del ciclo: 0.03s
Intervalo objetivo: 30s
Próximo ciclo en: 29.97s
----------------------------------------------------------------------------------------

========================================================================================
CICLO #0020 | 2026-09-03 15:28:56 UTC | símbolos=0
========================================================================================
----------------------------------------------------------------------------------------
RESUMEN DEL CICLO #0020
Símbolos analizados: 0
Sin señal: 0
Esperando/otros: 0
Señales rechazadas: 0
Bloqueadas por estado/límites: 0
Validadas DRY RUN: 0
Nuevas órdenes: 0
Operaciones cerradas sincronizadas: 0
Errores: 0
Duración del ciclo: 0.03s
Intervalo objetivo: 30s
Próximo ciclo en: 29.97s
----------------------------------------------------------------------------------------
Bot detenido por el usuario.
========================================================================
DERIV DEMO EXECUTION PREFLIGHT
========================================================================
[OK] MT5_ACCOUNT_INFO {'login': 41108926, 'server': 'Deriv-Demo', 'currency': 'USD', 'balance': 10000.0, 'equity': 10000.0, 'margin': 0.0, 'free_margin': 10000.0, 'profit': 0.0, 'leverage': 1000, 'trade_mode': 0, 'snapshot_time': datetime.datetime(2026, 9, 3, 15, 31, 16, 89748, tzinfo=datetime.timezone.utc), 'broker': 'MT5'}
[OK] MT5_TERMINAL_CONNECTED {'trade_allowed': True, 'tradeapi_disabled': False}
[OK] MT5_AUTOTRADING_ALLOWED {'trade_allowed': True, 'tradeapi_disabled': False}
[OK] DEMO_ACCOUNT {'trade_mode': 0, 'server': 'Deriv-Demo'}
[OK] FREE_MARGIN {'free_margin': 10000.0, 'required': 0.0}
[OK] DATABASE_READY {}
[OK] SYMBOL:Boom 100 Index {'visible': True, 'trade_mode': 4, 'volume_min': 0.1, 'volume_step': 0.01, 'point': 0.001, 'stops_level_points': 22451}
[OK] SYMBOL:Boom 1000 Index {'visible': True, 'trade_mode': 4, 'volume_min': 0.2, 'volume_step': 0.01, 'point': 0.0001, 'stops_level_points': 26160}
[OK] SYMBOL:Boom 150 Index {'visible': True, 'trade_mode': 4, 'volume_min': 0.5, 'volume_step': 0.01, 'point': 0.0001, 'stops_level_points': 1000}
[OK] SYMBOL:Boom 200 Index {'visible': True, 'trade_mode': 4, 'volume_min': 0.1, 'volume_step': 0.01, 'point': 0.001, 'stops_level_points': 22998}
[OK] SYMBOL:Boom 300 Index {'visible': True, 'trade_mode': 4, 'volume_min': 0.5, 'volume_step': 0.01, 'point': 0.001, 'stops_level_points': 1668}
[OK] SYMBOL:Boom 50 Index {'visible': True, 'trade_mode': 4, 'volume_min': 0.1, 'volume_step': 0.01, 'point': 0.0001, 'stops_level_points': 21359}
[OK] SYMBOL:Boom 500 Index {'visible': True, 'trade_mode': 4, 'volume_min': 0.2, 'volume_step': 0.01, 'point': 0.001, 'stops_level_points': 1173}
[OK] SYMBOL:Boom 600 Index {'visible': True, 'trade_mode': 4, 'volume_min': 0.2, 'volume_step': 0.01, 'point': 0.001, 'stops_level_points': 1530}
[OK] SYMBOL:Boom 900 Index {'visible': True, 'trade_mode': 4, 'volume_min': 0.2, 'volume_step': 0.01, 'point': 0.001, 'stops_level_points': 1287}
[OK] SYMBOL:Boom 99 Index {'visible': True, 'trade_mode': 4, 'volume_min': 0.1, 'volume_step': 0.01, 'point': 0.001, 'stops_level_points': 22522}
========================================================================
STATUS: READY FOR DEMO EXECUTION
DAEMONBLACKFX VERSION: v100-entry-quality-recoverable-quarantine-winrate-audit
BOT ACTIVO: BOOM | MAGIC=26082101 | ESTRATEGIA=SMC/ORB | instrumentos=10 | auto_export=False
========================================================================================
BOT SMC MT5 - DERIV DEMO
========================================================================================
Cuenta: 41108926 | Servidor: Deriv-Demo
Balance: 10000.00 USD
Modo: EJECUCIÓN DEMO
Riesgo por trade: 1.00% | R:R mínimo: 1.50
Intervalo: 30s | Símbolos: 10
Reporte XLSX: C:\TradingBoot\smc_synthetic_bot\storage\exports\deriv_demo_trading_report.xlsx
Pipeline: SMC -> TradeLifecycleManager -> MT5TradeExecutor -> SQLite -> XLSX
========================================================================================
Daemon activo: señales=30s | monitor posiciones/BE=2s | símbolos=10
Progreso: se mostrará cada símbolo y su tiempo de análisis.
{'action': 'POSITION_MONITOR_STARTED', 'signal_interval_seconds': 30, 'position_monitor_interval_seconds': 2, 'monitor_mode': 'BACKGROUND_DECOUPLED'}

========================================================================================
CICLO #0001 | 2026-09-03 15:31:27 UTC | símbolos=10
========================================================================================
[01/10] START Boom 100 Index
[01/10] END   Boom 100 Index | 2.05s | DIRECCIÓN BLOQUEADA POR POLÍTICA DEL INSTRUMENTO
    Motivo: BOOM_BUY_ONLY_REQUIRES_BUY_H1_CONTEXT
[02/10] START Boom 1000 Index
[02/10] END   Boom 1000 Index | 3.67s | NO M5 CONFIRMATION
    Motivo: NO_DIRECTIONAL_M5_CONFIRMATION
[03/10] START Boom 150 Index
[03/10] END   Boom 150 Index | 5.18s | STALE M5 SIGNAL
    Motivo: M5_CONFIRMATION_TOO_OLD_FOR_LIVE_ENTRY
[04/10] START Boom 200 Index
[04/10] END   Boom 200 Index | 3.99s | STALE M5 SIGNAL
    Motivo: M5_CONFIRMATION_TOO_OLD_FOR_LIVE_ENTRY
[05/10] START Boom 300 Index
[05/10] END   Boom 300 Index | 1.08s | DIRECCIÓN BLOQUEADA POR POLÍTICA DEL INSTRUMENTO
    Motivo: BOOM_BUY_ONLY_REQUIRES_BUY_H1_CONTEXT
[06/10] START Boom 50 Index
[06/10] END   Boom 50 Index | 4.05s | STALE M5 SIGNAL
    Motivo: M5_CONFIRMATION_TOO_OLD_FOR_LIVE_ENTRY
[07/10] START Boom 500 Index
[07/10] END   Boom 500 Index | 3.28s | NO M5 CONFIRMATION
    Motivo: NO_DIRECTIONAL_M5_CONFIRMATION
[08/10] START Boom 600 Index
[08/10] END   Boom 600 Index | 1.17s | DIRECCIÓN BLOQUEADA POR POLÍTICA DEL INSTRUMENTO
    Motivo: BOOM_BUY_ONLY_REQUIRES_BUY_H1_CONTEXT
[09/10] START Boom 900 Index
[09/10] END   Boom 900 Index | 4.41s | STALE M5 SIGNAL
    Motivo: M5_CONFIRMATION_TOO_OLD_FOR_LIVE_ENTRY
[10/10] START Boom 99 Index
[10/10] END   Boom 99 Index | 5.25s | STALE M5 SIGNAL
    Motivo: M5_CONFIRMATION_TOO_OLD_FOR_LIVE_ENTRY
----------------------------------------------------------------------------------------
RESUMEN DEL CICLO #0001
Símbolos analizados: 10
Sin señal: 0
Esperando/otros: 7
Señales rechazadas: 3
Bloqueadas por estado/límites: 0
Validadas DRY RUN: 0
Nuevas órdenes: 0
Operaciones cerradas sincronizadas: 0
Errores: 0
Duración del ciclo: 37.53s
Intervalo objetivo: 30s
Próximo ciclo en: 0.00s
[AVISO] Ciclo excedio el intervalo por: 7.53s
----------------------------------------------------------------------------------------

========================================================================================
CICLO #0002 | 2026-09-03 15:32:05 UTC | símbolos=0
========================================================================================
----------------------------------------------------------------------------------------
RESUMEN DEL CICLO #0002
Símbolos analizados: 0
Sin señal: 0
Esperando/otros: 0
Señales rechazadas: 0
Bloqueadas por estado/límites: 0
Validadas DRY RUN: 0
Nuevas órdenes: 0
Operaciones cerradas sincronizadas: 0
Errores: 0
Duración del ciclo: 0.04s
Intervalo objetivo: 30s
Próximo ciclo en: 29.96s
----------------------------------------------------------------------------------------

========================================================================================
CICLO #0003 | 2026-09-03 15:32:35 UTC | símbolos=0
========================================================================================
----------------------------------------------------------------------------------------
RESUMEN DEL CICLO #0003
Símbolos analizados: 0
Sin señal: 0
Esperando/otros: 0
Señales rechazadas: 0
Bloqueadas por estado/límites: 0
Validadas DRY RUN: 0
Nuevas órdenes: 0
Operaciones cerradas sincronizadas: 0
Errores: 0
Duración del ciclo: 0.03s
Intervalo objetivo: 30s
Próximo ciclo en: 29.97s
----------------------------------------------------------------------------------------

========================================================================================
CICLO #0004 | 2026-09-03 15:33:05 UTC | símbolos=0
========================================================================================
----------------------------------------------------------------------------------------
RESUMEN DEL CICLO #0004
Símbolos analizados: 0
Sin señal: 0
Esperando/otros: 0
Señales rechazadas: 0
Bloqueadas por estado/límites: 0
Validadas DRY RUN: 0
Nuevas órdenes: 0
Operaciones cerradas sincronizadas: 0
Errores: 0
Duración del ciclo: 0.04s
Intervalo objetivo: 30s
Próximo ciclo en: 29.96s
----------------------------------------------------------------------------------------

========================================================================================
CICLO #0005 | 2026-09-03 15:33:35 UTC | símbolos=0
========================================================================================
----------------------------------------------------------------------------------------
RESUMEN DEL CICLO #0005
Símbolos analizados: 0
Sin señal: 0
Esperando/otros: 0
Señales rechazadas: 0
Bloqueadas por estado/límites: 0
Validadas DRY RUN: 0
Nuevas órdenes: 0
Operaciones cerradas sincronizadas: 0
Errores: 0
Duración del ciclo: 0.03s
Intervalo objetivo: 30s
Próximo ciclo en: 29.97s
----------------------------------------------------------------------------------------

========================================================================================
CICLO #0006 | 2026-09-03 15:34:05 UTC | símbolos=0
========================================================================================
----------------------------------------------------------------------------------------
RESUMEN DEL CICLO #0006
Símbolos analizados: 0
Sin señal: 0
Esperando/otros: 0
Señales rechazadas: 0
Bloqueadas por estado/límites: 0
Validadas DRY RUN: 0
Nuevas órdenes: 0
Operaciones cerradas sincronizadas: 0
Errores: 0
Duración del ciclo: 0.03s
Intervalo objetivo: 30s
Próximo ciclo en: 29.97s
----------------------------------------------------------------------------------------

========================================================================================
CICLO #0007 | 2026-09-03 15:34:35 UTC | símbolos=0
========================================================================================
----------------------------------------------------------------------------------------
RESUMEN DEL CICLO #0007
Símbolos analizados: 0
Sin señal: 0
Esperando/otros: 0
Señales rechazadas: 0
Bloqueadas por estado/límites: 0
Validadas DRY RUN: 0
Nuevas órdenes: 0
Operaciones cerradas sincronizadas: 0
Errores: 0
Duración del ciclo: 0.03s
Intervalo objetivo: 30s
Próximo ciclo en: 29.97s
----------------------------------------------------------------------------------------

========================================================================================
CICLO #0008 | 2026-09-03 15:35:05 UTC | símbolos=10
========================================================================================
[01/10] START Boom 100 Index
[01/10] END   Boom 100 Index | 0.02s | DIRECCIÓN BLOQUEADA POR POLÍTICA DEL INSTRUMENTO
    Motivo: BOOM_BUY_ONLY_REQUIRES_BUY_H1_CONTEXT
[02/10] START Boom 1000 Index
[02/10] END   Boom 1000 Index | 0.56s | NO M5 CONFIRMATION
    Motivo: NO_DIRECTIONAL_M5_CONFIRMATION
[03/10] START Boom 150 Index
[03/10] END   Boom 150 Index | 1.19s | STALE M5 SIGNAL
    Motivo: M5_CONFIRMATION_TOO_OLD_FOR_LIVE_ENTRY
[04/10] START Boom 200 Index
[04/10] END   Boom 200 Index | 0.95s | STALE M5 SIGNAL
    Motivo: M5_CONFIRMATION_TOO_OLD_FOR_LIVE_ENTRY
[05/10] START Boom 300 Index
[05/10] END   Boom 300 Index | 0.01s | DIRECCIÓN BLOQUEADA POR POLÍTICA DEL INSTRUMENTO
    Motivo: BOOM_BUY_ONLY_REQUIRES_BUY_H1_CONTEXT
[06/10] START Boom 50 Index
[06/10] END   Boom 50 Index | 0.84s | STALE M5 SIGNAL
    Motivo: M5_CONFIRMATION_TOO_OLD_FOR_LIVE_ENTRY
[07/10] START Boom 500 Index
[07/10] END   Boom 500 Index | 0.84s | NO M5 CONFIRMATION
    Motivo: NO_DIRECTIONAL_M5_CONFIRMATION
[08/10] START Boom 600 Index
[08/10] END   Boom 600 Index | 0.01s | DIRECCIÓN BLOQUEADA POR POLÍTICA DEL INSTRUMENTO
    Motivo: BOOM_BUY_ONLY_REQUIRES_BUY_H1_CONTEXT
[09/10] START Boom 900 Index
[09/10] END   Boom 900 Index | 0.78s | STALE M5 SIGNAL
    Motivo: M5_CONFIRMATION_TOO_OLD_FOR_LIVE_ENTRY
[10/10] START Boom 99 Index
[10/10] END   Boom 99 Index | 0.61s | STALE M5 SIGNAL
    Motivo: M5_CONFIRMATION_TOO_OLD_FOR_LIVE_ENTRY
----------------------------------------------------------------------------------------
RESUMEN DEL CICLO #0008
Símbolos analizados: 10
Sin señal: 0
Esperando/otros: 7
Señales rechazadas: 3
Bloqueadas por estado/límites: 0
Validadas DRY RUN: 0
Nuevas órdenes: 0
Operaciones cerradas sincronizadas: 0
Errores: 0
Duración del ciclo: 5.88s
Intervalo objetivo: 30s
Próximo ciclo en: 24.12s
----------------------------------------------------------------------------------------

========================================================================================
CICLO #0009 | 2026-09-03 15:35:35 UTC | símbolos=0
========================================================================================
----------------------------------------------------------------------------------------
RESUMEN DEL CICLO #0009
Símbolos analizados: 0
Sin señal: 0
Esperando/otros: 0
Señales rechazadas: 0
Bloqueadas por estado/límites: 0
Validadas DRY RUN: 0
Nuevas órdenes: 0
Operaciones cerradas sincronizadas: 0
Errores: 0
Duración del ciclo: 0.03s
Intervalo objetivo: 30s
Próximo ciclo en: 29.97s
----------------------------------------------------------------------------------------

========================================================================================
CICLO #0010 | 2026-09-03 15:36:05 UTC | símbolos=0
========================================================================================
----------------------------------------------------------------------------------------
RESUMEN DEL CICLO #0010
Símbolos analizados: 0
Sin señal: 0
Esperando/otros: 0
Señales rechazadas: 0
Bloqueadas por estado/límites: 0
Validadas DRY RUN: 0
Nuevas órdenes: 0
Operaciones cerradas sincronizadas: 0
Errores: 0
Duración del ciclo: 0.03s
Intervalo objetivo: 30s
Próximo ciclo en: 29.97s
----------------------------------------------------------------------------------------

========================================================================================
CICLO #0011 | 2026-09-03 15:36:35 UTC | símbolos=0
========================================================================================
----------------------------------------------------------------------------------------
RESUMEN DEL CICLO #0011
Símbolos analizados: 0
Sin señal: 0
Esperando/otros: 0
Señales rechazadas: 0
Bloqueadas por estado/límites: 0
Validadas DRY RUN: 0
Nuevas órdenes: 0
Operaciones cerradas sincronizadas: 0
Errores: 0
Duración del ciclo: 0.03s
Intervalo objetivo: 30s
Próximo ciclo en: 29.97s
----------------------------------------------------------------------------------------

========================================================================================
CICLO #0012 | 2026-09-03 15:37:05 UTC | símbolos=0
========================================================================================
----------------------------------------------------------------------------------------
RESUMEN DEL CICLO #0012
Símbolos analizados: 0
Sin señal: 0
Esperando/otros: 0
Señales rechazadas: 0
Bloqueadas por estado/límites: 0
Validadas DRY RUN: 0
Nuevas órdenes: 0
Operaciones cerradas sincronizadas: 0
Errores: 0
Duración del ciclo: 0.03s
Intervalo objetivo: 30s
Próximo ciclo en: 29.97s
----------------------------------------------------------------------------------------

========================================================================================
CICLO #0013 | 2026-09-03 15:37:35 UTC | símbolos=0
========================================================================================
----------------------------------------------------------------------------------------
RESUMEN DEL CICLO #0013
Símbolos analizados: 0
Sin señal: 0
Esperando/otros: 0
Señales rechazadas: 0
Bloqueadas por estado/límites: 0
Validadas DRY RUN: 0
Nuevas órdenes: 0
Operaciones cerradas sincronizadas: 0
Errores: 0
Duración del ciclo: 0.03s
Intervalo objetivo: 30s
Próximo ciclo en: 29.97s
----------------------------------------------------------------------------------------

========================================================================================
CICLO #0014 | 2026-09-03 15:38:05 UTC | símbolos=0
========================================================================================
----------------------------------------------------------------------------------------
RESUMEN DEL CICLO #0014
Símbolos analizados: 0
Sin señal: 0
Esperando/otros: 0
Señales rechazadas: 0
Bloqueadas por estado/límites: 0
Validadas DRY RUN: 0
Nuevas órdenes: 0
Operaciones cerradas sincronizadas: 0
Errores: 0
Duración del ciclo: 0.03s
Intervalo objetivo: 30s
Próximo ciclo en: 29.97s
----------------------------------------------------------------------------------------

========================================================================================
CICLO #0015 | 2026-09-03 15:38:35 UTC | símbolos=0
========================================================================================
----------------------------------------------------------------------------------------
RESUMEN DEL CICLO #0015
Símbolos analizados: 0
Sin señal: 0
Esperando/otros: 0
Señales rechazadas: 0
Bloqueadas por estado/límites: 0
Validadas DRY RUN: 0
Nuevas órdenes: 0
Operaciones cerradas sincronizadas: 0
Errores: 0
Duración del ciclo: 0.03s
Intervalo objetivo: 30s
Próximo ciclo en: 29.97s
----------------------------------------------------------------------------------------

========================================================================================
CICLO #0016 | 2026-09-03 15:39:05 UTC | símbolos=0
========================================================================================
----------------------------------------------------------------------------------------
RESUMEN DEL CICLO #0016
Símbolos analizados: 0
Sin señal: 0
Esperando/otros: 0
Señales rechazadas: 0
Bloqueadas por estado/límites: 0
Validadas DRY RUN: 0
Nuevas órdenes: 0
Operaciones cerradas sincronizadas: 0
Errores: 0
Duración del ciclo: 0.03s
Intervalo objetivo: 30s
Próximo ciclo en: 29.97s
----------------------------------------------------------------------------------------

========================================================================================
CICLO #0017 | 2026-09-03 15:39:35 UTC | símbolos=0
========================================================================================
----------------------------------------------------------------------------------------
RESUMEN DEL CICLO #0017
Símbolos analizados: 0
Sin señal: 0
Esperando/otros: 0
Señales rechazadas: 0
Bloqueadas por estado/límites: 0
Validadas DRY RUN: 0
Nuevas órdenes: 0
Operaciones cerradas sincronizadas: 0
Errores: 0
Duración del ciclo: 0.03s
Intervalo objetivo: 30s
Próximo ciclo en: 29.97s
----------------------------------------------------------------------------------------

========================================================================================
CICLO #0018 | 2026-09-03 15:40:05 UTC | símbolos=10
========================================================================================
[01/10] START Boom 100 Index
[01/10] END   Boom 100 Index | 0.01s | DIRECCIÓN BLOQUEADA POR POLÍTICA DEL INSTRUMENTO
    Motivo: BOOM_BUY_ONLY_REQUIRES_BUY_H1_CONTEXT
[02/10] START Boom 1000 Index
[02/10] END   Boom 1000 Index | 0.47s | NO M5 CONFIRMATION
    Motivo: NO_DIRECTIONAL_M5_CONFIRMATION
[03/10] START Boom 150 Index
[03/10] END   Boom 150 Index | 1.01s | STALE M5 SIGNAL
    Motivo: M5_CONFIRMATION_TOO_OLD_FOR_LIVE_ENTRY
[04/10] START Boom 200 Index
[04/10] END   Boom 200 Index | 0.65s | STALE M5 SIGNAL
    Motivo: M5_CONFIRMATION_TOO_OLD_FOR_LIVE_ENTRY
[05/10] START Boom 300 Index
[05/10] END   Boom 300 Index | 0.01s | DIRECCIÓN BLOQUEADA POR POLÍTICA DEL INSTRUMENTO
    Motivo: BOOM_BUY_ONLY_REQUIRES_BUY_H1_CONTEXT
[06/10] START Boom 50 Index
[06/10] END   Boom 50 Index | 0.74s | STALE M5 SIGNAL
    Motivo: M5_CONFIRMATION_TOO_OLD_FOR_LIVE_ENTRY
[07/10] START Boom 500 Index
[07/10] END   Boom 500 Index | 0.53s | NO M5 CONFIRMATION
    Motivo: NO_DIRECTIONAL_M5_CONFIRMATION
[08/10] START Boom 600 Index
[08/10] END   Boom 600 Index | 0.01s | DIRECCIÓN BLOQUEADA POR POLÍTICA DEL INSTRUMENTO
    Motivo: BOOM_BUY_ONLY_REQUIRES_BUY_H1_CONTEXT
[09/10] START Boom 900 Index
[09/10] END   Boom 900 Index | 0.67s | STALE M5 SIGNAL
    Motivo: M5_CONFIRMATION_TOO_OLD_FOR_LIVE_ENTRY
[10/10] START Boom 99 Index
[10/10] END   Boom 99 Index | 0.57s | STALE M5 SIGNAL
    Motivo: M5_CONFIRMATION_TOO_OLD_FOR_LIVE_ENTRY
----------------------------------------------------------------------------------------
RESUMEN DEL CICLO #0018
Símbolos analizados: 10
Sin señal: 0
Esperando/otros: 7
Señales rechazadas: 3
Bloqueadas por estado/límites: 0
Validadas DRY RUN: 0
Nuevas órdenes: 0
Operaciones cerradas sincronizadas: 0
Errores: 0
Duración del ciclo: 4.78s
Intervalo objetivo: 30s
Próximo ciclo en: 25.22s
----------------------------------------------------------------------------------------

========================================================================================
CICLO #0019 | 2026-09-03 15:40:35 UTC | símbolos=0
========================================================================================
----------------------------------------------------------------------------------------
RESUMEN DEL CICLO #0019
Símbolos analizados: 0
Sin señal: 0
Esperando/otros: 0
Señales rechazadas: 0
Bloqueadas por estado/límites: 0
Validadas DRY RUN: 0
Nuevas órdenes: 0
Operaciones cerradas sincronizadas: 0
Errores: 0
Duración del ciclo: 0.03s
Intervalo objetivo: 30s
Próximo ciclo en: 29.97s
----------------------------------------------------------------------------------------

========================================================================================
CICLO #0020 | 2026-09-03 15:41:05 UTC | símbolos=0
========================================================================================
----------------------------------------------------------------------------------------
RESUMEN DEL CICLO #0020
Símbolos analizados: 0
Sin señal: 0
Esperando/otros: 0
Señales rechazadas: 0
Bloqueadas por estado/límites: 0
Validadas DRY RUN: 0
Nuevas órdenes: 0
Operaciones cerradas sincronizadas: 0
Errores: 0
Duración del ciclo: 0.03s
Intervalo objetivo: 30s
Próximo ciclo en: 29.97s
----------------------------------------------------------------------------------------

========================================================================================
CICLO #0021 | 2026-09-03 15:41:35 UTC | símbolos=0
========================================================================================
----------------------------------------------------------------------------------------
RESUMEN DEL CICLO #0021
Símbolos analizados: 0
Sin señal: 0
Esperando/otros: 0
Señales rechazadas: 0
Bloqueadas por estado/límites: 0
Validadas DRY RUN: 0
Nuevas órdenes: 0
Operaciones cerradas sincronizadas: 0
Errores: 0
Duración del ciclo: 0.03s
Intervalo objetivo: 30s
Próximo ciclo en: 29.97s
----------------------------------------------------------------------------------------

========================================================================================
CICLO #0022 | 2026-09-03 15:42:05 UTC | símbolos=0
========================================================================================
----------------------------------------------------------------------------------------
RESUMEN DEL CICLO #0022
Símbolos analizados: 0
Sin señal: 0
Esperando/otros: 0
Señales rechazadas: 0
Bloqueadas por estado/límites: 0
Validadas DRY RUN: 0
Nuevas órdenes: 0
Operaciones cerradas sincronizadas: 0
Errores: 0
Duración del ciclo: 0.03s
Intervalo objetivo: 30s
Próximo ciclo en: 29.97s
----------------------------------------------------------------------------------------

========================================================================================
CICLO #0023 | 2026-09-03 15:42:35 UTC | símbolos=0
========================================================================================
----------------------------------------------------------------------------------------
RESUMEN DEL CICLO #0023
Símbolos analizados: 0
Sin señal: 0
Esperando/otros: 0
Señales rechazadas: 0
Bloqueadas por estado/límites: 0
Validadas DRY RUN: 0
Nuevas órdenes: 0
Operaciones cerradas sincronizadas: 0
Errores: 0
Duración del ciclo: 0.03s
Intervalo objetivo: 30s
Próximo ciclo en: 29.97s
----------------------------------------------------------------------------------------

========================================================================================
CICLO #0024 | 2026-09-03 15:43:05 UTC | símbolos=0
========================================================================================
----------------------------------------------------------------------------------------
RESUMEN DEL CICLO #0024
Símbolos analizados: 0
Sin señal: 0
Esperando/otros: 0
Señales rechazadas: 0
Bloqueadas por estado/límites: 0
Validadas DRY RUN: 0
Nuevas órdenes: 0
Operaciones cerradas sincronizadas: 0
Errores: 0
Duración del ciclo: 0.03s
Intervalo objetivo: 30s
Próximo ciclo en: 29.97s
----------------------------------------------------------------------------------------

========================================================================================
CICLO #0025 | 2026-09-03 15:43:35 UTC | símbolos=0
========================================================================================
----------------------------------------------------------------------------------------
RESUMEN DEL CICLO #0025
Símbolos analizados: 0
Sin señal: 0
Esperando/otros: 0
Señales rechazadas: 0
Bloqueadas por estado/límites: 0
Validadas DRY RUN: 0
Nuevas órdenes: 0
Operaciones cerradas sincronizadas: 0
Errores: 0
Duración del ciclo: 0.03s
Intervalo objetivo: 30s
Próximo ciclo en: 29.97s
----------------------------------------------------------------------------------------

========================================================================================
CICLO #0026 | 2026-09-03 15:44:05 UTC | símbolos=0
========================================================================================
----------------------------------------------------------------------------------------
RESUMEN DEL CICLO #0026
Símbolos analizados: 0
Sin señal: 0
Esperando/otros: 0
Señales rechazadas: 0
Bloqueadas por estado/límites: 0
Validadas DRY RUN: 0
Nuevas órdenes: 0
Operaciones cerradas sincronizadas: 0
Errores: 0
Duración del ciclo: 0.03s
Intervalo objetivo: 30s
Próximo ciclo en: 29.97s
----------------------------------------------------------------------------------------

========================================================================================
CICLO #0027 | 2026-09-03 15:44:35 UTC | símbolos=0
========================================================================================
----------------------------------------------------------------------------------------
RESUMEN DEL CICLO #0027
Símbolos analizados: 0
Sin señal: 0
Esperando/otros: 0
Señales rechazadas: 0
Bloqueadas por estado/límites: 0
Validadas DRY RUN: 0
Nuevas órdenes: 0
Operaciones cerradas sincronizadas: 0
Errores: 0
Duración del ciclo: 0.03s
Intervalo objetivo: 30s
Próximo ciclo en: 29.97s
----------------------------------------------------------------------------------------

========================================================================================
CICLO #0028 | 2026-09-03 15:45:05 UTC | símbolos=10
========================================================================================
[01/10] START Boom 100 Index
[01/10] END   Boom 100 Index | 0.01s | DIRECCIÓN BLOQUEADA POR POLÍTICA DEL INSTRUMENTO
    Motivo: BOOM_BUY_ONLY_REQUIRES_BUY_H1_CONTEXT
[02/10] START Boom 1000 Index
[02/10] END   Boom 1000 Index | 1.70s | NO M5 CONFIRMATION
    Motivo: NO_DIRECTIONAL_M5_CONFIRMATION
[03/10] START Boom 150 Index
[03/10] END   Boom 150 Index | 2.27s | STALE M5 SIGNAL
    Motivo: M5_CONFIRMATION_TOO_OLD_FOR_LIVE_ENTRY
[04/10] START Boom 200 Index
[04/10] END   Boom 200 Index | 1.89s | STALE M5 SIGNAL
    Motivo: M5_CONFIRMATION_TOO_OLD_FOR_LIVE_ENTRY
[05/10] START Boom 300 Index
[05/10] END   Boom 300 Index | 0.01s | DIRECCIÓN BLOQUEADA POR POLÍTICA DEL INSTRUMENTO
    Motivo: BOOM_BUY_ONLY_REQUIRES_BUY_H1_CONTEXT
[06/10] START Boom 50 Index
[06/10] END   Boom 50 Index | 2.43s | STALE M5 SIGNAL
    Motivo: M5_CONFIRMATION_TOO_OLD_FOR_LIVE_ENTRY
[07/10] START Boom 500 Index
[07/10] END   Boom 500 Index | 1.94s | NO M5 CONFIRMATION
    Motivo: NO_DIRECTIONAL_M5_CONFIRMATION
[08/10] START Boom 600 Index
[08/10] END   Boom 600 Index | 0.01s | DIRECCIÓN BLOQUEADA POR POLÍTICA DEL INSTRUMENTO
    Motivo: BOOM_BUY_ONLY_REQUIRES_BUY_H1_CONTEXT
[09/10] START Boom 900 Index
[09/10] END   Boom 900 Index | 2.97s | STALE M5 SIGNAL
    Motivo: M5_CONFIRMATION_TOO_OLD_FOR_LIVE_ENTRY
[10/10] START Boom 99 Index
[10/10] END   Boom 99 Index | 3.16s | STALE M5 SIGNAL
    Motivo: M5_CONFIRMATION_TOO_OLD_FOR_LIVE_ENTRY
----------------------------------------------------------------------------------------
RESUMEN DEL CICLO #0028
Símbolos analizados: 10
Sin señal: 0
Esperando/otros: 7
Señales rechazadas: 3
Bloqueadas por estado/límites: 0
Validadas DRY RUN: 0
Nuevas órdenes: 0
Operaciones cerradas sincronizadas: 0
Errores: 0
Duración del ciclo: 16.52s
Intervalo objetivo: 30s
Próximo ciclo en: 13.48s
----------------------------------------------------------------------------------------

========================================================================================
CICLO #0029 | 2026-09-03 15:45:35 UTC | símbolos=0
========================================================================================
----------------------------------------------------------------------------------------
RESUMEN DEL CICLO #0029
Símbolos analizados: 0
Sin señal: 0
Esperando/otros: 0
Señales rechazadas: 0
Bloqueadas por estado/límites: 0
Validadas DRY RUN: 0
Nuevas órdenes: 0
Operaciones cerradas sincronizadas: 0
Errores: 0
Duración del ciclo: 0.04s
Intervalo objetivo: 30s
Próximo ciclo en: 29.96s
----------------------------------------------------------------------------------------

========================================================================================
CICLO #0030 | 2026-09-03 15:46:05 UTC | símbolos=0
========================================================================================
----------------------------------------------------------------------------------------
RESUMEN DEL CICLO #0030
Símbolos analizados: 0
Sin señal: 0
Esperando/otros: 0
Señales rechazadas: 0
Bloqueadas por estado/límites: 0
Validadas DRY RUN: 0
Nuevas órdenes: 0
Operaciones cerradas sincronizadas: 0
Errores: 0
Duración del ciclo: 0.03s
Intervalo objetivo: 30s
Próximo ciclo en: 29.97s
----------------------------------------------------------------------------------------

========================================================================================
CICLO #0031 | 2026-09-03 15:46:35 UTC | símbolos=0
========================================================================================
----------------------------------------------------------------------------------------
RESUMEN DEL CICLO #0031
Símbolos analizados: 0
Sin señal: 0
Esperando/otros: 0
Señales rechazadas: 0
Bloqueadas por estado/límites: 0
Validadas DRY RUN: 0
Nuevas órdenes: 0
Operaciones cerradas sincronizadas: 0
Errores: 0
Duración del ciclo: 0.03s
Intervalo objetivo: 30s
Próximo ciclo en: 29.97s
----------------------------------------------------------------------------------------

========================================================================================
CICLO #0032 | 2026-09-03 15:47:05 UTC | símbolos=0
========================================================================================
----------------------------------------------------------------------------------------
RESUMEN DEL CICLO #0032
Símbolos analizados: 0
Sin señal: 0
Esperando/otros: 0
Señales rechazadas: 0
Bloqueadas por estado/límites: 0
Validadas DRY RUN: 0
Nuevas órdenes: 0
Operaciones cerradas sincronizadas: 0
Errores: 0
Duración del ciclo: 0.03s
Intervalo objetivo: 30s
Próximo ciclo en: 29.97s
----------------------------------------------------------------------------------------

========================================================================================
CICLO #0033 | 2026-09-03 15:47:35 UTC | símbolos=0
========================================================================================
----------------------------------------------------------------------------------------
RESUMEN DEL CICLO #0033
Símbolos analizados: 0
Sin señal: 0
Esperando/otros: 0
Señales rechazadas: 0
Bloqueadas por estado/límites: 0
Validadas DRY RUN: 0
Nuevas órdenes: 0
Operaciones cerradas sincronizadas: 0
Errores: 0
Duración del ciclo: 0.03s
Intervalo objetivo: 30s
Próximo ciclo en: 29.97s
----------------------------------------------------------------------------------------

========================================================================================
CICLO #0034 | 2026-09-03 15:48:05 UTC | símbolos=0
========================================================================================
----------------------------------------------------------------------------------------
RESUMEN DEL CICLO #0034
Símbolos analizados: 0
Sin señal: 0
Esperando/otros: 0
Señales rechazadas: 0
Bloqueadas por estado/límites: 0
Validadas DRY RUN: 0
Nuevas órdenes: 0
Operaciones cerradas sincronizadas: 0
Errores: 0
Duración del ciclo: 0.03s
Intervalo objetivo: 30s
Próximo ciclo en: 29.97s
----------------------------------------------------------------------------------------

========================================================================================
CICLO #0035 | 2026-09-03 15:48:35 UTC | símbolos=0
========================================================================================
----------------------------------------------------------------------------------------
RESUMEN DEL CICLO #0035
Símbolos analizados: 0
Sin señal: 0
Esperando/otros: 0
Señales rechazadas: 0
Bloqueadas por estado/límites: 0
Validadas DRY RUN: 0
Nuevas órdenes: 0
Operaciones cerradas sincronizadas: 0
Errores: 0
Duración del ciclo: 0.03s
Intervalo objetivo: 30s
Próximo ciclo en: 29.97s
----------------------------------------------------------------------------------------

========================================================================================
CICLO #0036 | 2026-09-03 15:49:05 UTC | símbolos=0
========================================================================================
----------------------------------------------------------------------------------------
RESUMEN DEL CICLO #0036
Símbolos analizados: 0
Sin señal: 0
Esperando/otros: 0
Señales rechazadas: 0
Bloqueadas por estado/límites: 0
Validadas DRY RUN: 0
Nuevas órdenes: 0
Operaciones cerradas sincronizadas: 0
Errores: 0
Duración del ciclo: 0.03s
Intervalo objetivo: 30s
Próximo ciclo en: 29.97s
----------------------------------------------------------------------------------------

========================================================================================
CICLO #0037 | 2026-09-03 15:49:35 UTC | símbolos=0
========================================================================================
----------------------------------------------------------------------------------------
RESUMEN DEL CICLO #0037
Símbolos analizados: 0
Sin señal: 0
Esperando/otros: 0
Señales rechazadas: 0
Bloqueadas por estado/límites: 0
Validadas DRY RUN: 0
Nuevas órdenes: 0
Operaciones cerradas sincronizadas: 0
Errores: 0
Duración del ciclo: 0.02s
Intervalo objetivo: 30s
Próximo ciclo en: 29.98s
----------------------------------------------------------------------------------------

========================================================================================
CICLO #0038 | 2026-09-03 15:50:05 UTC | símbolos=10
========================================================================================
[01/10] START Boom 100 Index
[01/10] END   Boom 100 Index | 0.01s | DIRECCIÓN BLOQUEADA POR POLÍTICA DEL INSTRUMENTO
    Motivo: BOOM_BUY_ONLY_REQUIRES_BUY_H1_CONTEXT
[02/10] START Boom 1000 Index
[02/10] END   Boom 1000 Index | 0.45s | NO M5 CONFIRMATION
    Motivo: NO_DIRECTIONAL_M5_CONFIRMATION
[03/10] START Boom 150 Index
[03/10] END   Boom 150 Index | 0.93s | STALE M5 SIGNAL
    Motivo: M5_CONFIRMATION_TOO_OLD_FOR_LIVE_ENTRY
[04/10] START Boom 200 Index
[04/10] END   Boom 200 Index | 0.52s | STALE M5 SIGNAL
    Motivo: M5_CONFIRMATION_TOO_OLD_FOR_LIVE_ENTRY
[05/10] START Boom 300 Index
[05/10] END   Boom 300 Index | 0.01s | DIRECCIÓN BLOQUEADA POR POLÍTICA DEL INSTRUMENTO
    Motivo: BOOM_BUY_ONLY_REQUIRES_BUY_H1_CONTEXT
[06/10] START Boom 50 Index
[06/10] END   Boom 50 Index | 0.56s | STALE M5 SIGNAL
    Motivo: M5_CONFIRMATION_TOO_OLD_FOR_LIVE_ENTRY
[07/10] START Boom 500 Index
[07/10] END   Boom 500 Index | 0.46s | NO M5 CONFIRMATION
    Motivo: NO_DIRECTIONAL_M5_CONFIRMATION
[08/10] START Boom 600 Index
[08/10] END   Boom 600 Index | 0.01s | DIRECCIÓN BLOQUEADA POR POLÍTICA DEL INSTRUMENTO
    Motivo: BOOM_BUY_ONLY_REQUIRES_BUY_H1_CONTEXT
[09/10] START Boom 900 Index
[09/10] END   Boom 900 Index | 0.52s | STALE M5 SIGNAL
    Motivo: M5_CONFIRMATION_TOO_OLD_FOR_LIVE_ENTRY
[10/10] START Boom 99 Index
[10/10] END   Boom 99 Index | 0.46s | STALE M5 SIGNAL
    Motivo: M5_CONFIRMATION_TOO_OLD_FOR_LIVE_ENTRY
----------------------------------------------------------------------------------------
RESUMEN DEL CICLO #0038
Símbolos analizados: 10
Sin señal: 0
Esperando/otros: 7
Señales rechazadas: 3
Bloqueadas por estado/límites: 0
Validadas DRY RUN: 0
Nuevas órdenes: 0
Operaciones cerradas sincronizadas: 0
Errores: 0
Duración del ciclo: 3.97s
Intervalo objetivo: 30s
Próximo ciclo en: 26.03s
----------------------------------------------------------------------------------------

========================================================================================
CICLO #0039 | 2026-09-03 15:50:35 UTC | símbolos=0
========================================================================================
----------------------------------------------------------------------------------------
RESUMEN DEL CICLO #0039
Símbolos analizados: 0
Sin señal: 0
Esperando/otros: 0
Señales rechazadas: 0
Bloqueadas por estado/límites: 0
Validadas DRY RUN: 0
Nuevas órdenes: 0
Operaciones cerradas sincronizadas: 0
Errores: 0
Duración del ciclo: 0.02s
Intervalo objetivo: 30s
Próximo ciclo en: 29.98s
----------------------------------------------------------------------------------------

========================================================================================
CICLO #0040 | 2026-09-03 15:51:05 UTC | símbolos=0
========================================================================================
----------------------------------------------------------------------------------------
RESUMEN DEL CICLO #0040
Símbolos analizados: 0
Sin señal: 0
Esperando/otros: 0
Señales rechazadas: 0
Bloqueadas por estado/límites: 0
Validadas DRY RUN: 0
Nuevas órdenes: 0
Operaciones cerradas sincronizadas: 0
Errores: 0
Duración del ciclo: 0.02s
Intervalo objetivo: 30s
Próximo ciclo en: 29.98s
----------------------------------------------------------------------------------------

========================================================================================
CICLO #0041 | 2026-09-03 15:51:35 UTC | símbolos=0
========================================================================================
----------------------------------------------------------------------------------------
RESUMEN DEL CICLO #0041
Símbolos analizados: 0
Sin señal: 0
Esperando/otros: 0
Señales rechazadas: 0
Bloqueadas por estado/límites: 0
Validadas DRY RUN: 0
Nuevas órdenes: 0
Operaciones cerradas sincronizadas: 0
Errores: 0
Duración del ciclo: 0.02s
Intervalo objetivo: 30s
Próximo ciclo en: 29.98s
----------------------------------------------------------------------------------------

========================================================================================
CICLO #0042 | 2026-09-03 15:52:05 UTC | símbolos=0
========================================================================================
----------------------------------------------------------------------------------------
RESUMEN DEL CICLO #0042
Símbolos analizados: 0
Sin señal: 0
Esperando/otros: 0
Señales rechazadas: 0
Bloqueadas por estado/límites: 0
Validadas DRY RUN: 0
Nuevas órdenes: 0
Operaciones cerradas sincronizadas: 0
Errores: 0
Duración del ciclo: 0.02s
Intervalo objetivo: 30s
Próximo ciclo en: 29.98s
----------------------------------------------------------------------------------------

========================================================================================
CICLO #0043 | 2026-09-03 15:52:35 UTC | símbolos=0
========================================================================================
----------------------------------------------------------------------------------------
RESUMEN DEL CICLO #0043
Símbolos analizados: 0
Sin señal: 0
Esperando/otros: 0
Señales rechazadas: 0
Bloqueadas por estado/límites: 0
Validadas DRY RUN: 0
Nuevas órdenes: 0
Operaciones cerradas sincronizadas: 0
Errores: 0
Duración del ciclo: 0.03s
Intervalo objetivo: 30s
Próximo ciclo en: 29.97s
----------------------------------------------------------------------------------------

========================================================================================
CICLO #0044 | 2026-09-03 15:53:05 UTC | símbolos=0
========================================================================================
----------------------------------------------------------------------------------------
RESUMEN DEL CICLO #0044
Símbolos analizados: 0
Sin señal: 0
Esperando/otros: 0
Señales rechazadas: 0
Bloqueadas por estado/límites: 0
Validadas DRY RUN: 0
Nuevas órdenes: 0
Operaciones cerradas sincronizadas: 0
Errores: 0
Duración del ciclo: 0.03s
Intervalo objetivo: 30s
Próximo ciclo en: 29.97s
----------------------------------------------------------------------------------------

========================================================================================
CICLO #0045 | 2026-09-03 15:53:35 UTC | símbolos=0
========================================================================================
----------------------------------------------------------------------------------------
RESUMEN DEL CICLO #0045
Símbolos analizados: 0
Sin señal: 0
Esperando/otros: 0
Señales rechazadas: 0
Bloqueadas por estado/límites: 0
Validadas DRY RUN: 0
Nuevas órdenes: 0
Operaciones cerradas sincronizadas: 0
Errores: 0
Duración del ciclo: 0.03s
Intervalo objetivo: 30s
Próximo ciclo en: 29.97s
----------------------------------------------------------------------------------------

========================================================================================
CICLO #0046 | 2026-09-03 15:54:05 UTC | símbolos=0
========================================================================================
----------------------------------------------------------------------------------------
RESUMEN DEL CICLO #0046
Símbolos analizados: 0
Sin señal: 0
Esperando/otros: 0
Señales rechazadas: 0
Bloqueadas por estado/límites: 0
Validadas DRY RUN: 0
Nuevas órdenes: 0
Operaciones cerradas sincronizadas: 0
Errores: 0
Duración del ciclo: 0.03s
Intervalo objetivo: 30s
Próximo ciclo en: 29.97s
----------------------------------------------------------------------------------------

========================================================================================
CICLO #0047 | 2026-09-03 15:54:35 UTC | símbolos=0
========================================================================================
----------------------------------------------------------------------------------------
RESUMEN DEL CICLO #0047
Símbolos analizados: 0
Sin señal: 0
Esperando/otros: 0
Señales rechazadas: 0
Bloqueadas por estado/límites: 0
Validadas DRY RUN: 0
Nuevas órdenes: 0
Operaciones cerradas sincronizadas: 0
Errores: 0
Duración del ciclo: 0.02s
Intervalo objetivo: 30s
Próximo ciclo en: 29.98s
----------------------------------------------------------------------------------------

========================================================================================
CICLO #0048 | 2026-09-03 15:55:05 UTC | símbolos=10
========================================================================================
[01/10] START Boom 100 Index
[01/10] END   Boom 100 Index | 0.01s | DIRECCIÓN BLOQUEADA POR POLÍTICA DEL INSTRUMENTO
    Motivo: BOOM_BUY_ONLY_REQUIRES_BUY_H1_CONTEXT
[02/10] START Boom 1000 Index
[02/10] END   Boom 1000 Index | 0.48s | NO M5 CONFIRMATION
    Motivo: NO_DIRECTIONAL_M5_CONFIRMATION
[03/10] START Boom 150 Index
[03/10] END   Boom 150 Index | 1.03s | STALE M5 SIGNAL
    Motivo: M5_CONFIRMATION_TOO_OLD_FOR_LIVE_ENTRY
[04/10] START Boom 200 Index
[04/10] END   Boom 200 Index | 0.59s | STALE M5 SIGNAL
    Motivo: M5_CONFIRMATION_TOO_OLD_FOR_LIVE_ENTRY
[05/10] START Boom 300 Index
[05/10] END   Boom 300 Index | 0.01s | DIRECCIÓN BLOQUEADA POR POLÍTICA DEL INSTRUMENTO
    Motivo: BOOM_BUY_ONLY_REQUIRES_BUY_H1_CONTEXT
[06/10] START Boom 50 Index
[06/10] END   Boom 50 Index | 0.63s | STALE M5 SIGNAL
    Motivo: M5_CONFIRMATION_TOO_OLD_FOR_LIVE_ENTRY
[07/10] START Boom 500 Index
[07/10] END   Boom 500 Index | 0.51s | NO M5 CONFIRMATION
    Motivo: NO_DIRECTIONAL_M5_CONFIRMATION
[08/10] START Boom 600 Index
[08/10] END   Boom 600 Index | 0.01s | DIRECCIÓN BLOQUEADA POR POLÍTICA DEL INSTRUMENTO
    Motivo: BOOM_BUY_ONLY_REQUIRES_BUY_H1_CONTEXT
[09/10] START Boom 900 Index
[09/10] END   Boom 900 Index | 0.60s | STALE M5 SIGNAL
    Motivo: M5_CONFIRMATION_TOO_OLD_FOR_LIVE_ENTRY
[10/10] START Boom 99 Index
[10/10] END   Boom 99 Index | 0.59s | STALE M5 SIGNAL
    Motivo: M5_CONFIRMATION_TOO_OLD_FOR_LIVE_ENTRY
