========================================================================
DERIV DEMO EXECUTION PREFLIGHT
========================================================================
[OK] MT5_ACCOUNT_INFO {'login': 41108926, 'server': 'Deriv-Demo', 'currency': 'USD', 'balance': 10000.0, 'equity': 10000.0, 'margin': 0.0, 'free_margin': 10000.0, 'profit': 0.0, 'leverage': 1000, 'trade_mode': 0, 'snapshot_time': datetime.datetime(2026, 9, 3, 13, 19, 30, 97634, tzinfo=datetime.timezone.utc), 'broker': 'MT5'}
[OK] MT5_TERMINAL_CONNECTED {'trade_allowed': True, 'tradeapi_disabled': False}
[OK] MT5_AUTOTRADING_ALLOWED {'trade_allowed': True, 'tradeapi_disabled': False}
[OK] DEMO_ACCOUNT {'trade_mode': 0, 'server': 'Deriv-Demo'}
[OK] FREE_MARGIN {'free_margin': 10000.0, 'required': 0.0}
[OK] DATABASE_READY {}
[OK] SYMBOL:Crash 100 Index {'visible': True, 'trade_mode': 4, 'volume_min': 0.1, 'volume_step': 0.01, 'point': 0.001, 'stops_level_points': 22986}
[OK] SYMBOL:Crash 1000 Index {'visible': True, 'trade_mode': 4, 'volume_min': 0.2, 'volume_step': 0.01, 'point': 0.0001, 'stops_level_points': 7620}
[OK] SYMBOL:Crash 150 Index {'visible': True, 'trade_mode': 4, 'volume_min': 0.5, 'volume_step': 0.01, 'point': 0.0001, 'stops_level_points': 1000}
[OK] SYMBOL:Crash 200 Index {'visible': True, 'trade_mode': 4, 'volume_min': 0.1, 'volume_step': 0.01, 'point': 0.001, 'stops_level_points': 23402}
[OK] SYMBOL:Crash 300 Index {'visible': True, 'trade_mode': 4, 'volume_min': 0.5, 'volume_step': 0.01, 'point': 0.001, 'stops_level_points': 2205}
[OK] SYMBOL:Crash 50 Index {'visible': True, 'trade_mode': 4, 'volume_min': 0.1, 'volume_step': 0.01, 'point': 0.0001, 'stops_level_points': 21161}
[OK] SYMBOL:Crash 500 Index {'visible': True, 'trade_mode': 4, 'volume_min': 0.2, 'volume_step': 0.01, 'point': 0.001, 'stops_level_points': 927}
[OK] SYMBOL:Crash 600 Index {'visible': True, 'trade_mode': 4, 'volume_min': 0.2, 'volume_step': 0.01, 'point': 0.001, 'stops_level_points': 2394}
[OK] SYMBOL:Crash 900 Index {'visible': True, 'trade_mode': 4, 'volume_min': 0.2, 'volume_step': 0.01, 'point': 0.001, 'stops_level_points': 1740}
[OK] SYMBOL:Crash 99 Index {'visible': True, 'trade_mode': 4, 'volume_min': 0.1, 'volume_step': 0.01, 'point': 0.001, 'stops_level_points': 22480}
========================================================================
STATUS: READY FOR DEMO EXECUTION
DAEMONBLACKFX VERSION: v100-entry-quality-recoverable-quarantine-winrate-audit
BOT ACTIVO: CRASH | MAGIC=26082102 | ESTRATEGIA=SMC/ORB | instrumentos=10 | auto_export=False
========================================================================================
BOT SMC MT5 - DERIV DEMO
========================================================================================
Cuenta: 41108926 | Servidor: Deriv-Demo
Balance: 10000.00 USD
Modo: EJECUCIÓN DEMO
Riesgo por trade: 1.00% | R:R mínimo: 1.50
Intervalo: 30s | Símbolos: 10
Reporte XLSX: C:\TradingBoot\smc_synthetic_bot\storage\exports\deriv_demo_trading_report.xlsx
Pipeline: SMC -> TradeLifecycleManager -> MT5TradeExecutor -> SQLite -> XLSX
========================================================================================
Daemon activo: señales=30s | monitor posiciones/BE=2s | símbolos=10
Progreso: se mostrará cada símbolo y su tiempo de análisis.
{'action': 'POSITION_MONITOR_STARTED', 'signal_interval_seconds': 30, 'position_monitor_interval_seconds': 2, 'monitor_mode': 'BACKGROUND_DECOUPLED'}

========================================================================================
CICLO #0001 | 2026-09-03 13:19:41 UTC | símbolos=10
========================================================================================
[01/10] START Crash 100 Index
[01/10] END   Crash 100 Index | 3.59s | NO M15 SETUP
    Motivo: NO_DIRECTIONAL_M15_SETUP
[02/10] START Crash 1000 Index
[02/10] END   Crash 1000 Index | 1.44s | DIRECCIÓN BLOQUEADA POR POLÍTICA DEL INSTRUMENTO
    Motivo: CRASH_SELL_ONLY_REQUIRES_SELL_H1_CONTEXT
[03/10] START Crash 150 Index
[03/10] END   Crash 150 Index | 1.74s | DIRECCIÓN BLOQUEADA POR POLÍTICA DEL INSTRUMENTO
    Motivo: CRASH_SELL_ONLY_REQUIRES_SELL_H1_CONTEXT
[04/10] START Crash 200 Index
[04/10] END   Crash 200 Index | 5.90s | NO M5 CONFIRMATION
    Motivo: NO_DIRECTIONAL_M5_CONFIRMATION
    Confirmaciones: 10/13 | 76.9% | calidad=88.00 | decisión=RECHAZADA
    Faltantes: rechazo del precio, desplazamiento, microestructura M5
    Críticas faltantes: BOS REQUIRES REJECTION, DISPLACEMENT REQUIRED FOR LIVE ENTRY
    Rechazo técnico: bos rejection not confirmed, desplazamiento no confirmado, rechazo del precio no confirmado, microestructura M5 no confirmada, falta una confirmación estructural crítica, porcentaje de confirmaciones inferior al 80%
[05/10] START Crash 300 Index
[05/10] END   Crash 300 Index | 4.90s | STALE M5 SIGNAL
    Motivo: M5_CONFIRMATION_TOO_OLD_FOR_LIVE_ENTRY
[06/10] START Crash 50 Index
[06/10] END   Crash 50 Index | 3.12s | DIRECCIÓN BLOQUEADA POR POLÍTICA DEL INSTRUMENTO
    Motivo: CRASH_SELL_ONLY_REQUIRES_SELL_H1_CONTEXT
[07/10] START Crash 500 Index
[07/10] END   Crash 500 Index | 1.94s | DIRECCIÓN BLOQUEADA POR POLÍTICA DEL INSTRUMENTO
    Motivo: CRASH_SELL_ONLY_REQUIRES_SELL_H1_CONTEXT
[08/10] START Crash 600 Index
[08/10] END   Crash 600 Index | 3.14s | NO M15 SETUP
    Motivo: NO_DIRECTIONAL_M15_SETUP
[09/10] START Crash 900 Index
[09/10] END   Crash 900 Index | 3.53s | NO M5 CONFIRMATION
    Motivo: NO_DIRECTIONAL_M5_CONFIRMATION
[10/10] START Crash 99 Index
[10/10] END   Crash 99 Index | 1.19s | DIRECCIÓN BLOQUEADA POR POLÍTICA DEL INSTRUMENTO
    Motivo: CRASH_SELL_ONLY_REQUIRES_SELL_H1_CONTEXT
----------------------------------------------------------------------------------------
RESUMEN DEL CICLO #0001
Símbolos analizados: 10
Sin señal: 0
Esperando/otros: 5
Señales rechazadas: 5
Bloqueadas por estado/límites: 0
Validadas DRY RUN: 0
Nuevas órdenes: 0
Operaciones cerradas sincronizadas: 0
Errores: 0
Duración del ciclo: 35.07s
Intervalo objetivo: 30s
Próximo ciclo en: 0.00s
[AVISO] Ciclo excedio el intervalo por: 5.07s
----------------------------------------------------------------------------------------

========================================================================================
CICLO #0002 | 2026-09-03 13:20:16 UTC | símbolos=10
========================================================================================
[01/10] START Crash 100 Index
[01/10] END   Crash 100 Index | 0.02s | NO M15 SETUP
    Motivo: NO_DIRECTIONAL_M15_SETUP
[02/10] START Crash 1000 Index
[02/10] END   Crash 1000 Index | 0.01s | DIRECCIÓN BLOQUEADA POR POLÍTICA DEL INSTRUMENTO
    Motivo: CRASH_SELL_ONLY_REQUIRES_SELL_H1_CONTEXT
[03/10] START Crash 150 Index
[03/10] END   Crash 150 Index | 0.02s | DIRECCIÓN BLOQUEADA POR POLÍTICA DEL INSTRUMENTO
    Motivo: CRASH_SELL_ONLY_REQUIRES_SELL_H1_CONTEXT
[04/10] START Crash 200 Index
[04/10] END   Crash 200 Index | 1.32s | NO M5 CONFIRMATION
    Motivo: NO_DIRECTIONAL_M5_CONFIRMATION
    Confirmaciones: 10/13 | 76.9% | calidad=88.00 | decisión=RECHAZADA
    Faltantes: rechazo del precio, desplazamiento, microestructura M5
    Críticas faltantes: BOS REQUIRES REJECTION, DISPLACEMENT REQUIRED FOR LIVE ENTRY
    Rechazo técnico: bos rejection not confirmed, desplazamiento no confirmado, rechazo del precio no confirmado, microestructura M5 no confirmada, falta una confirmación estructural crítica, porcentaje de confirmaciones inferior al 80%
[05/10] START Crash 300 Index
[05/10] END   Crash 300 Index | 0.04s | STALE M5 SIGNAL
    Motivo: M5_CONFIRMATION_TOO_OLD_FOR_LIVE_ENTRY
[06/10] START Crash 50 Index
[06/10] END   Crash 50 Index | 0.02s | DIRECCIÓN BLOQUEADA POR POLÍTICA DEL INSTRUMENTO
    Motivo: CRASH_SELL_ONLY_REQUIRES_SELL_H1_CONTEXT
[07/10] START Crash 500 Index
[07/10] END   Crash 500 Index | 0.01s | DIRECCIÓN BLOQUEADA POR POLÍTICA DEL INSTRUMENTO
    Motivo: CRASH_SELL_ONLY_REQUIRES_SELL_H1_CONTEXT
[08/10] START Crash 600 Index
[08/10] END   Crash 600 Index | 0.01s | NO M15 SETUP
    Motivo: NO_DIRECTIONAL_M15_SETUP
[09/10] START Crash 900 Index
[09/10] END   Crash 900 Index | 0.02s | NO M5 CONFIRMATION
    Motivo: NO_DIRECTIONAL_M5_CONFIRMATION
[10/10] START Crash 99 Index
[10/10] END   Crash 99 Index | 0.01s | DIRECCIÓN BLOQUEADA POR POLÍTICA DEL INSTRUMENTO
    Motivo: CRASH_SELL_ONLY_REQUIRES_SELL_H1_CONTEXT
----------------------------------------------------------------------------------------
RESUMEN DEL CICLO #0002
Símbolos analizados: 10
Sin señal: 0
Esperando/otros: 5
Señales rechazadas: 5
Bloqueadas por estado/límites: 0
Validadas DRY RUN: 0
Nuevas órdenes: 0
Operaciones cerradas sincronizadas: 0
Errores: 0
Duración del ciclo: 1.59s
Intervalo objetivo: 30s
Próximo ciclo en: 28.41s
----------------------------------------------------------------------------------------

========================================================================================
CICLO #0003 | 2026-09-03 13:20:46 UTC | símbolos=0
========================================================================================
----------------------------------------------------------------------------------------
RESUMEN DEL CICLO #0003
Símbolos analizados: 0
Sin señal: 0
Esperando/otros: 0
Señales rechazadas: 0
Bloqueadas por estado/límites: 0
Validadas DRY RUN: 0
Nuevas órdenes: 0
Operaciones cerradas sincronizadas: 0
Errores: 0
Duración del ciclo: 0.03s
Intervalo objetivo: 30s
Próximo ciclo en: 29.97s
----------------------------------------------------------------------------------------

========================================================================================
CICLO #0004 | 2026-09-03 13:21:16 UTC | símbolos=0
========================================================================================
----------------------------------------------------------------------------------------
RESUMEN DEL CICLO #0004
Símbolos analizados: 0
Sin señal: 0
Esperando/otros: 0
Señales rechazadas: 0
Bloqueadas por estado/límites: 0
Validadas DRY RUN: 0
Nuevas órdenes: 0
Operaciones cerradas sincronizadas: 0
Errores: 0
Duración del ciclo: 0.04s
Intervalo objetivo: 30s
Próximo ciclo en: 29.96s
----------------------------------------------------------------------------------------

========================================================================================
CICLO #0005 | 2026-09-03 13:21:46 UTC | símbolos=0
========================================================================================
----------------------------------------------------------------------------------------
RESUMEN DEL CICLO #0005
Símbolos analizados: 0
Sin señal: 0
Esperando/otros: 0
Señales rechazadas: 0
Bloqueadas por estado/límites: 0
Validadas DRY RUN: 0
Nuevas órdenes: 0
Operaciones cerradas sincronizadas: 0
Errores: 0
Duración del ciclo: 0.03s
Intervalo objetivo: 30s
Próximo ciclo en: 29.97s
----------------------------------------------------------------------------------------

========================================================================================
CICLO #0006 | 2026-09-03 13:22:16 UTC | símbolos=0
========================================================================================
----------------------------------------------------------------------------------------
RESUMEN DEL CICLO #0006
Símbolos analizados: 0
Sin señal: 0
Esperando/otros: 0
Señales rechazadas: 0
Bloqueadas por estado/límites: 0
Validadas DRY RUN: 0
Nuevas órdenes: 0
Operaciones cerradas sincronizadas: 0
Errores: 0
Duración del ciclo: 0.04s
Intervalo objetivo: 30s
Próximo ciclo en: 29.96s
----------------------------------------------------------------------------------------

========================================================================================
CICLO #0007 | 2026-09-03 13:22:46 UTC | símbolos=0
========================================================================================
----------------------------------------------------------------------------------------
RESUMEN DEL CICLO #0007
Símbolos analizados: 0
Sin señal: 0
Esperando/otros: 0
Señales rechazadas: 0
Bloqueadas por estado/límites: 0
Validadas DRY RUN: 0
Nuevas órdenes: 0
Operaciones cerradas sincronizadas: 0
Errores: 0
Duración del ciclo: 0.03s
Intervalo objetivo: 30s
Próximo ciclo en: 29.97s
----------------------------------------------------------------------------------------

========================================================================================
CICLO #0008 | 2026-09-03 13:23:16 UTC | símbolos=0
========================================================================================
----------------------------------------------------------------------------------------
RESUMEN DEL CICLO #0008
Símbolos analizados: 0
Sin señal: 0
Esperando/otros: 0
Señales rechazadas: 0
Bloqueadas por estado/límites: 0
Validadas DRY RUN: 0
Nuevas órdenes: 0
Operaciones cerradas sincronizadas: 0
Errores: 0
Duración del ciclo: 0.03s
Intervalo objetivo: 30s
Próximo ciclo en: 29.97s
----------------------------------------------------------------------------------------
Bot detenido por el usuario.
========================================================================
DERIV DEMO EXECUTION PREFLIGHT
========================================================================
[OK] MT5_ACCOUNT_INFO {'login': 41108926, 'server': 'Deriv-Demo', 'currency': 'USD', 'balance': 9999.39, 'equity': 9999.39, 'margin': 0.0, 'free_margin': 9999.39, 'profit': 0.0, 'leverage': 1000, 'trade_mode': 0, 'snapshot_time': datetime.datetime(2026, 9, 3, 13, 24, 52, 844453, tzinfo=datetime.timezone.utc), 'broker': 'MT5'}
[OK] MT5_TERMINAL_CONNECTED {'trade_allowed': True, 'tradeapi_disabled': False}
[OK] MT5_AUTOTRADING_ALLOWED {'trade_allowed': True, 'tradeapi_disabled': False}
[OK] DEMO_ACCOUNT {'trade_mode': 0, 'server': 'Deriv-Demo'}
[OK] FREE_MARGIN {'free_margin': 9999.39, 'required': 0.0}
[OK] DATABASE_READY {}
[OK] SYMBOL:Crash 100 Index {'visible': True, 'trade_mode': 4, 'volume_min': 0.1, 'volume_step': 0.01, 'point': 0.001, 'stops_level_points': 22986}
[OK] SYMBOL:Crash 1000 Index {'visible': True, 'trade_mode': 4, 'volume_min': 0.2, 'volume_step': 0.01, 'point': 0.0001, 'stops_level_points': 7620}
[OK] SYMBOL:Crash 150 Index {'visible': True, 'trade_mode': 4, 'volume_min': 0.5, 'volume_step': 0.01, 'point': 0.0001, 'stops_level_points': 1000}
[OK] SYMBOL:Crash 200 Index {'visible': True, 'trade_mode': 4, 'volume_min': 0.1, 'volume_step': 0.01, 'point': 0.001, 'stops_level_points': 23402}
[OK] SYMBOL:Crash 300 Index {'visible': True, 'trade_mode': 4, 'volume_min': 0.5, 'volume_step': 0.01, 'point': 0.001, 'stops_level_points': 2205}
[OK] SYMBOL:Crash 50 Index {'visible': True, 'trade_mode': 4, 'volume_min': 0.1, 'volume_step': 0.01, 'point': 0.0001, 'stops_level_points': 21161}
[OK] SYMBOL:Crash 500 Index {'visible': True, 'trade_mode': 4, 'volume_min': 0.2, 'volume_step': 0.01, 'point': 0.001, 'stops_level_points': 927}
[OK] SYMBOL:Crash 600 Index {'visible': True, 'trade_mode': 4, 'volume_min': 0.2, 'volume_step': 0.01, 'point': 0.001, 'stops_level_points': 2394}
[OK] SYMBOL:Crash 900 Index {'visible': True, 'trade_mode': 4, 'volume_min': 0.2, 'volume_step': 0.01, 'point': 0.001, 'stops_level_points': 1740}
[OK] SYMBOL:Crash 99 Index {'visible': True, 'trade_mode': 4, 'volume_min': 0.1, 'volume_step': 0.01, 'point': 0.001, 'stops_level_points': 22480}
========================================================================
STATUS: READY FOR DEMO EXECUTION
DAEMONBLACKFX VERSION: v100-entry-quality-recoverable-quarantine-winrate-audit
BOT ACTIVO: CRASH | MAGIC=26082102 | ESTRATEGIA=SMC/ORB | instrumentos=10 | auto_export=False
========================================================================================
BOT SMC MT5 - DERIV DEMO
========================================================================================
Cuenta: 41108926 | Servidor: Deriv-Demo
Balance: 9999.39 USD
Modo: EJECUCIÓN DEMO
Riesgo por trade: 1.00% | R:R mínimo: 1.50
Intervalo: 30s | Símbolos: 10
Reporte XLSX: C:\TradingBoot\smc_synthetic_bot\storage\exports\deriv_demo_trading_report.xlsx
Pipeline: SMC -> TradeLifecycleManager -> MT5TradeExecutor -> SQLite -> XLSX
========================================================================================
Daemon activo: señales=30s | monitor posiciones/BE=2s | símbolos=10
Progreso: se mostrará cada símbolo y su tiempo de análisis.
{'action': 'POSITION_MONITOR_STARTED', 'signal_interval_seconds': 30, 'position_monitor_interval_seconds': 2, 'monitor_mode': 'BACKGROUND_DECOUPLED'}

========================================================================================
CICLO #0001 | 2026-09-03 13:25:03 UTC | símbolos=10
========================================================================================
[01/10] START Crash 100 Index
[01/10] END   Crash 100 Index | 5.18s | NO M15 SETUP
    Motivo: NO_DIRECTIONAL_M15_SETUP
[02/10] START Crash 1000 Index
[02/10] END   Crash 1000 Index | 1.48s | DIRECCIÓN BLOQUEADA POR POLÍTICA DEL INSTRUMENTO
    Motivo: CRASH_SELL_ONLY_REQUIRES_SELL_H1_CONTEXT
[03/10] START Crash 150 Index
[03/10] END   Crash 150 Index | 1.81s | DIRECCIÓN BLOQUEADA POR POLÍTICA DEL INSTRUMENTO
    Motivo: CRASH_SELL_ONLY_REQUIRES_SELL_H1_CONTEXT
[04/10] START Crash 200 Index
[04/10] END   Crash 200 Index | 6.59s | NO M5 CONFIRMATION
    Motivo: NO_DIRECTIONAL_M5_CONFIRMATION
    Confirmaciones: 10/13 | 76.9% | calidad=88.00 | decisión=RECHAZADA
    Faltantes: rechazo del precio, desplazamiento, microestructura M5
    Críticas faltantes: BOS REQUIRES REJECTION, DISPLACEMENT REQUIRED FOR LIVE ENTRY
    Rechazo técnico: bos rejection not confirmed, desplazamiento no confirmado, rechazo del precio no confirmado, microestructura M5 no confirmada, falta una confirmación estructural crítica, porcentaje de confirmaciones inferior al 80%
[05/10] START Crash 300 Index
[05/10] END   Crash 300 Index | 6.22s | STALE M5 SIGNAL
    Motivo: M5_CONFIRMATION_TOO_OLD_FOR_LIVE_ENTRY
[06/10] START Crash 50 Index
[06/10] END   Crash 50 Index | 2.74s | DIRECCIÓN BLOQUEADA POR POLÍTICA DEL INSTRUMENTO
    Motivo: CRASH_SELL_ONLY_REQUIRES_SELL_H1_CONTEXT
[07/10] START Crash 500 Index
[07/10] END   Crash 500 Index | 1.56s | DIRECCIÓN BLOQUEADA POR POLÍTICA DEL INSTRUMENTO
    Motivo: CRASH_SELL_ONLY_REQUIRES_SELL_H1_CONTEXT
[08/10] START Crash 600 Index
[08/10] END   Crash 600 Index | 2.69s | NO M15 SETUP
    Motivo: NO_DIRECTIONAL_M15_SETUP
[09/10] START Crash 900 Index
[09/10] END   Crash 900 Index | 3.17s | NO M5 CONFIRMATION
    Motivo: NO_DIRECTIONAL_M5_CONFIRMATION
[10/10] START Crash 99 Index
[10/10] END   Crash 99 Index | 1.13s | DIRECCIÓN BLOQUEADA POR POLÍTICA DEL INSTRUMENTO
    Motivo: CRASH_SELL_ONLY_REQUIRES_SELL_H1_CONTEXT
----------------------------------------------------------------------------------------
RESUMEN DEL CICLO #0001
Símbolos analizados: 10
Sin señal: 0
Esperando/otros: 5
Señales rechazadas: 5
Bloqueadas por estado/límites: 0
Validadas DRY RUN: 0
Nuevas órdenes: 0
Operaciones cerradas sincronizadas: 0
Errores: 0
Duración del ciclo: 36.87s
Intervalo objetivo: 30s
Próximo ciclo en: 0.00s
[AVISO] Ciclo excedio el intervalo por: 6.87s
----------------------------------------------------------------------------------------

========================================================================================
CICLO #0002 | 2026-09-03 13:25:40 UTC | símbolos=0
========================================================================================
----------------------------------------------------------------------------------------
RESUMEN DEL CICLO #0002
Símbolos analizados: 0
Sin señal: 0
Esperando/otros: 0
Señales rechazadas: 0
Bloqueadas por estado/límites: 0
Validadas DRY RUN: 0
Nuevas órdenes: 0
Operaciones cerradas sincronizadas: 0
Errores: 0
Duración del ciclo: 0.05s
Intervalo objetivo: 30s
Próximo ciclo en: 29.95s
----------------------------------------------------------------------------------------

========================================================================================
CICLO #0003 | 2026-09-03 13:26:10 UTC | símbolos=0
========================================================================================
----------------------------------------------------------------------------------------
RESUMEN DEL CICLO #0003
Símbolos analizados: 0
Sin señal: 0
Esperando/otros: 0
Señales rechazadas: 0
Bloqueadas por estado/límites: 0
Validadas DRY RUN: 0
Nuevas órdenes: 0
Operaciones cerradas sincronizadas: 0
Errores: 0
Duración del ciclo: 0.04s
Intervalo objetivo: 30s
Próximo ciclo en: 29.96s
----------------------------------------------------------------------------------------

========================================================================================
CICLO #0004 | 2026-09-03 13:26:40 UTC | símbolos=0
========================================================================================
----------------------------------------------------------------------------------------
RESUMEN DEL CICLO #0004
Símbolos analizados: 0
Sin señal: 0
Esperando/otros: 0
Señales rechazadas: 0
Bloqueadas por estado/límites: 0
Validadas DRY RUN: 0
Nuevas órdenes: 0
Operaciones cerradas sincronizadas: 0
Errores: 0
Duración del ciclo: 0.04s
Intervalo objetivo: 30s
Próximo ciclo en: 29.96s
----------------------------------------------------------------------------------------

========================================================================================
CICLO #0005 | 2026-09-03 13:27:10 UTC | símbolos=0
========================================================================================
----------------------------------------------------------------------------------------
RESUMEN DEL CICLO #0005
Símbolos analizados: 0
Sin señal: 0
Esperando/otros: 0
Señales rechazadas: 0
Bloqueadas por estado/límites: 0
Validadas DRY RUN: 0
Nuevas órdenes: 0
Operaciones cerradas sincronizadas: 0
Errores: 0
Duración del ciclo: 0.03s
Intervalo objetivo: 30s
Próximo ciclo en: 29.97s
----------------------------------------------------------------------------------------

========================================================================================
CICLO #0006 | 2026-09-03 13:27:40 UTC | símbolos=0
========================================================================================
----------------------------------------------------------------------------------------
RESUMEN DEL CICLO #0006
Símbolos analizados: 0
Sin señal: 0
Esperando/otros: 0
Señales rechazadas: 0
Bloqueadas por estado/límites: 0
Validadas DRY RUN: 0
Nuevas órdenes: 0
Operaciones cerradas sincronizadas: 0
Errores: 0
Duración del ciclo: 0.04s
Intervalo objetivo: 30s
Próximo ciclo en: 29.96s
----------------------------------------------------------------------------------------

========================================================================================
CICLO #0007 | 2026-09-03 13:28:10 UTC | símbolos=0
========================================================================================
----------------------------------------------------------------------------------------
RESUMEN DEL CICLO #0007
Símbolos analizados: 0
Sin señal: 0
Esperando/otros: 0
Señales rechazadas: 0
Bloqueadas por estado/límites: 0
Validadas DRY RUN: 0
Nuevas órdenes: 0
Operaciones cerradas sincronizadas: 0
Errores: 0
Duración del ciclo: 0.04s
Intervalo objetivo: 30s
Próximo ciclo en: 29.96s
----------------------------------------------------------------------------------------

========================================================================================
CICLO #0008 | 2026-09-03 13:28:40 UTC | símbolos=0
========================================================================================
----------------------------------------------------------------------------------------
RESUMEN DEL CICLO #0008
Símbolos analizados: 0
Sin señal: 0
Esperando/otros: 0
Señales rechazadas: 0
Bloqueadas por estado/límites: 0
Validadas DRY RUN: 0
Nuevas órdenes: 0
Operaciones cerradas sincronizadas: 0
Errores: 0
Duración del ciclo: 0.04s
Intervalo objetivo: 30s
Próximo ciclo en: 29.96s
----------------------------------------------------------------------------------------

========================================================================================
CICLO #0009 | 2026-09-03 13:29:10 UTC | símbolos=0
========================================================================================
----------------------------------------------------------------------------------------
RESUMEN DEL CICLO #0009
Símbolos analizados: 0
Sin señal: 0
Esperando/otros: 0
Señales rechazadas: 0
Bloqueadas por estado/límites: 0
Validadas DRY RUN: 0
Nuevas órdenes: 0
Operaciones cerradas sincronizadas: 0
Errores: 0
Duración del ciclo: 0.17s
Intervalo objetivo: 30s
Próximo ciclo en: 29.83s
----------------------------------------------------------------------------------------

========================================================================================
CICLO #0010 | 2026-09-03 13:29:40 UTC | símbolos=0
========================================================================================
----------------------------------------------------------------------------------------
RESUMEN DEL CICLO #0010
Símbolos analizados: 0
Sin señal: 0
Esperando/otros: 0
Señales rechazadas: 0
Bloqueadas por estado/límites: 0
Validadas DRY RUN: 0
Nuevas órdenes: 0
Operaciones cerradas sincronizadas: 0
Errores: 0
Duración del ciclo: 0.04s
Intervalo objetivo: 30s
Próximo ciclo en: 29.96s
----------------------------------------------------------------------------------------

========================================================================================
CICLO #0011 | 2026-09-03 13:30:10 UTC | símbolos=10
========================================================================================
[01/10] START Crash 100 Index
[01/10] END   Crash 100 Index | 0.88s | NO M15 SETUP
    Motivo: NO_DIRECTIONAL_M15_SETUP
[02/10] START Crash 1000 Index
[02/10] END   Crash 1000 Index | 0.01s | DIRECCIÓN BLOQUEADA POR POLÍTICA DEL INSTRUMENTO
    Motivo: CRASH_SELL_ONLY_REQUIRES_SELL_H1_CONTEXT
[03/10] START Crash 150 Index
[03/10] END   Crash 150 Index | 0.01s | DIRECCIÓN BLOQUEADA POR POLÍTICA DEL INSTRUMENTO
    Motivo: CRASH_SELL_ONLY_REQUIRES_SELL_H1_CONTEXT
[04/10] START Crash 200 Index
[04/10] END   Crash 200 Index | 3.66s | NO M5 CONFIRMATION
    Motivo: NO_DIRECTIONAL_M5_CONFIRMATION
    Confirmaciones: 10/13 | 76.9% | calidad=88.00 | decisión=RECHAZADA
    Faltantes: rechazo del precio, desplazamiento, microestructura M5
    Críticas faltantes: BOS REQUIRES REJECTION, DISPLACEMENT REQUIRED FOR LIVE ENTRY
    Rechazo técnico: bos rejection not confirmed, desplazamiento no confirmado, rechazo del precio no confirmado, microestructura M5 no confirmada, falta una confirmación estructural crítica, porcentaje de confirmaciones inferior al 80%
[05/10] START Crash 300 Index
[05/10] END   Crash 300 Index | 3.28s | STALE M5 SIGNAL
    Motivo: M5_CONFIRMATION_TOO_OLD_FOR_LIVE_ENTRY
[06/10] START Crash 50 Index
[06/10] END   Crash 50 Index | 0.01s | DIRECCIÓN BLOQUEADA POR POLÍTICA DEL INSTRUMENTO
    Motivo: CRASH_SELL_ONLY_REQUIRES_SELL_H1_CONTEXT
[07/10] START Crash 500 Index
[07/10] END   Crash 500 Index | 0.01s | DIRECCIÓN BLOQUEADA POR POLÍTICA DEL INSTRUMENTO
    Motivo: CRASH_SELL_ONLY_REQUIRES_SELL_H1_CONTEXT
[08/10] START Crash 600 Index
[08/10] END   Crash 600 Index | 0.87s | NO M15 SETUP
    Motivo: NO_DIRECTIONAL_M15_SETUP
[09/10] START Crash 900 Index
[09/10] END   Crash 900 Index | 1.98s | NO M5 CONFIRMATION
    Motivo: NO_DIRECTIONAL_M5_CONFIRMATION
[10/10] START Crash 99 Index
[10/10] END   Crash 99 Index | 0.01s | DIRECCIÓN BLOQUEADA POR POLÍTICA DEL INSTRUMENTO
    Motivo: CRASH_SELL_ONLY_REQUIRES_SELL_H1_CONTEXT
----------------------------------------------------------------------------------------
RESUMEN DEL CICLO #0011
Símbolos analizados: 10
Sin señal: 0
Esperando/otros: 5
Señales rechazadas: 5
Bloqueadas por estado/límites: 0
Validadas DRY RUN: 0
Nuevas órdenes: 0
Operaciones cerradas sincronizadas: 0
Errores: 0
Duración del ciclo: 10.83s
Intervalo objetivo: 30s
Próximo ciclo en: 19.17s
----------------------------------------------------------------------------------------

========================================================================================
CICLO #0012 | 2026-09-03 13:30:40 UTC | símbolos=0
========================================================================================
----------------------------------------------------------------------------------------
RESUMEN DEL CICLO #0012
Símbolos analizados: 0
Sin señal: 0
Esperando/otros: 0
Señales rechazadas: 0
Bloqueadas por estado/límites: 0
Validadas DRY RUN: 0
Nuevas órdenes: 0
Operaciones cerradas sincronizadas: 0
Errores: 0
Duración del ciclo: 0.06s
Intervalo objetivo: 30s
Próximo ciclo en: 29.94s
----------------------------------------------------------------------------------------

========================================================================================
CICLO #0013 | 2026-09-03 13:31:10 UTC | símbolos=0
========================================================================================
----------------------------------------------------------------------------------------
RESUMEN DEL CICLO #0013
Símbolos analizados: 0
Sin señal: 0
Esperando/otros: 0
Señales rechazadas: 0
Bloqueadas por estado/límites: 0
Validadas DRY RUN: 0
Nuevas órdenes: 0
Operaciones cerradas sincronizadas: 0
Errores: 0
Duración del ciclo: 0.04s
Intervalo objetivo: 30s
Próximo ciclo en: 29.96s
----------------------------------------------------------------------------------------

========================================================================================
CICLO #0014 | 2026-09-03 13:31:40 UTC | símbolos=0
========================================================================================
----------------------------------------------------------------------------------------
RESUMEN DEL CICLO #0014
Símbolos analizados: 0
Sin señal: 0
Esperando/otros: 0
Señales rechazadas: 0
Bloqueadas por estado/límites: 0
Validadas DRY RUN: 0
Nuevas órdenes: 0
Operaciones cerradas sincronizadas: 0
Errores: 0
Duración del ciclo: 0.04s
Intervalo objetivo: 30s
Próximo ciclo en: 29.96s
----------------------------------------------------------------------------------------

========================================================================================
CICLO #0015 | 2026-09-03 13:32:10 UTC | símbolos=0
========================================================================================
----------------------------------------------------------------------------------------
RESUMEN DEL CICLO #0015
Símbolos analizados: 0
Sin señal: 0
Esperando/otros: 0
Señales rechazadas: 0
Bloqueadas por estado/límites: 0
Validadas DRY RUN: 0
Nuevas órdenes: 0
Operaciones cerradas sincronizadas: 0
Errores: 0
Duración del ciclo: 0.03s
Intervalo objetivo: 30s
Próximo ciclo en: 29.97s
----------------------------------------------------------------------------------------

========================================================================================
CICLO #0016 | 2026-09-03 13:32:40 UTC | símbolos=0
========================================================================================
----------------------------------------------------------------------------------------
RESUMEN DEL CICLO #0016
Símbolos analizados: 0
Sin señal: 0
Esperando/otros: 0
Señales rechazadas: 0
Bloqueadas por estado/límites: 0
Validadas DRY RUN: 0
Nuevas órdenes: 0
Operaciones cerradas sincronizadas: 0
Errores: 0
Duración del ciclo: 0.03s
Intervalo objetivo: 30s
Próximo ciclo en: 29.97s
----------------------------------------------------------------------------------------

========================================================================================
CICLO #0017 | 2026-09-03 13:33:10 UTC | símbolos=0
========================================================================================
----------------------------------------------------------------------------------------
RESUMEN DEL CICLO #0017
Símbolos analizados: 0
Sin señal: 0
Esperando/otros: 0
Señales rechazadas: 0
Bloqueadas por estado/límites: 0
Validadas DRY RUN: 0
Nuevas órdenes: 0
Operaciones cerradas sincronizadas: 0
Errores: 0
Duración del ciclo: 0.03s
Intervalo objetivo: 30s
Próximo ciclo en: 29.97s
----------------------------------------------------------------------------------------

========================================================================================
CICLO #0018 | 2026-09-03 13:33:40 UTC | símbolos=0
========================================================================================
----------------------------------------------------------------------------------------
RESUMEN DEL CICLO #0018
Símbolos analizados: 0
Sin señal: 0
Esperando/otros: 0
Señales rechazadas: 0
Bloqueadas por estado/límites: 0
Validadas DRY RUN: 0
Nuevas órdenes: 0
Operaciones cerradas sincronizadas: 0
Errores: 0
Duración del ciclo: 0.03s
Intervalo objetivo: 30s
Próximo ciclo en: 29.97s
----------------------------------------------------------------------------------------

========================================================================================
CICLO #0019 | 2026-09-03 13:34:10 UTC | símbolos=0
========================================================================================
----------------------------------------------------------------------------------------
RESUMEN DEL CICLO #0019
Símbolos analizados: 0
Sin señal: 0
Esperando/otros: 0
Señales rechazadas: 0
Bloqueadas por estado/límites: 0
Validadas DRY RUN: 0
Nuevas órdenes: 0
Operaciones cerradas sincronizadas: 0
Errores: 0
Duración del ciclo: 0.03s
Intervalo objetivo: 30s
Próximo ciclo en: 29.97s
----------------------------------------------------------------------------------------

========================================================================================
CICLO #0020 | 2026-09-03 13:34:40 UTC | símbolos=0
========================================================================================
----------------------------------------------------------------------------------------
RESUMEN DEL CICLO #0020
Símbolos analizados: 0
Sin señal: 0
Esperando/otros: 0
Señales rechazadas: 0
Bloqueadas por estado/límites: 0
Validadas DRY RUN: 0
Nuevas órdenes: 0
Operaciones cerradas sincronizadas: 0
Errores: 0
Duración del ciclo: 0.03s
Intervalo objetivo: 30s
Próximo ciclo en: 29.97s
----------------------------------------------------------------------------------------

========================================================================================
CICLO #0021 | 2026-09-03 13:35:10 UTC | símbolos=10
========================================================================================
[01/10] START Crash 100 Index
[01/10] END   Crash 100 Index | 0.01s | NO M15 SETUP
    Motivo: NO_DIRECTIONAL_M15_SETUP
[02/10] START Crash 1000 Index
[02/10] END   Crash 1000 Index | 0.01s | DIRECCIÓN BLOQUEADA POR POLÍTICA DEL INSTRUMENTO
    Motivo: CRASH_SELL_ONLY_REQUIRES_SELL_H1_CONTEXT
[03/10] START Crash 150 Index
[03/10] END   Crash 150 Index | 0.01s | DIRECCIÓN BLOQUEADA POR POLÍTICA DEL INSTRUMENTO
    Motivo: CRASH_SELL_ONLY_REQUIRES_SELL_H1_CONTEXT
[04/10] START Crash 200 Index
[04/10] END   Crash 200 Index | 0.88s | NO M5 CONFIRMATION
    Motivo: NO_DIRECTIONAL_M5_CONFIRMATION
    Confirmaciones: 10/13 | 76.9% | calidad=88.00 | decisión=RECHAZADA
    Faltantes: rechazo del precio, desplazamiento, microestructura M5
    Críticas faltantes: BOS REQUIRES REJECTION, DISPLACEMENT REQUIRED FOR LIVE ENTRY
    Rechazo técnico: bos rejection not confirmed, desplazamiento no confirmado, rechazo del precio no confirmado, microestructura M5 no confirmada, falta una confirmación estructural crítica, porcentaje de confirmaciones inferior al 80%
[05/10] START Crash 300 Index
[05/10] END   Crash 300 Index | 1.30s | STALE M5 SIGNAL
    Motivo: M5_CONFIRMATION_TOO_OLD_FOR_LIVE_ENTRY
[06/10] START Crash 50 Index
[06/10] END   Crash 50 Index | 0.01s | DIRECCIÓN BLOQUEADA POR POLÍTICA DEL INSTRUMENTO
    Motivo: CRASH_SELL_ONLY_REQUIRES_SELL_H1_CONTEXT
[07/10] START Crash 500 Index
[07/10] END   Crash 500 Index | 0.01s | DIRECCIÓN BLOQUEADA POR POLÍTICA DEL INSTRUMENTO
    Motivo: CRASH_SELL_ONLY_REQUIRES_SELL_H1_CONTEXT
[08/10] START Crash 600 Index
[08/10] END   Crash 600 Index | 0.01s | NO M15 SETUP
    Motivo: NO_DIRECTIONAL_M15_SETUP
[09/10] START Crash 900 Index
[09/10] END   Crash 900 Index | 0.67s | NO M5 CONFIRMATION
    Motivo: NO_DIRECTIONAL_M5_CONFIRMATION
[10/10] START Crash 99 Index
[10/10] END   Crash 99 Index | 0.01s | DIRECCIÓN BLOQUEADA POR POLÍTICA DEL INSTRUMENTO
    Motivo: CRASH_SELL_ONLY_REQUIRES_SELL_H1_CONTEXT
----------------------------------------------------------------------------------------
RESUMEN DEL CICLO #0021
Símbolos analizados: 10
Sin señal: 0
Esperando/otros: 5
Señales rechazadas: 5
Bloqueadas por estado/límites: 0
Validadas DRY RUN: 0
Nuevas órdenes: 0
Operaciones cerradas sincronizadas: 0
Errores: 0
Duración del ciclo: 3.06s
Intervalo objetivo: 30s
Próximo ciclo en: 26.94s
----------------------------------------------------------------------------------------

========================================================================================
CICLO #0022 | 2026-09-03 13:35:40 UTC | símbolos=0
========================================================================================
----------------------------------------------------------------------------------------
RESUMEN DEL CICLO #0022
Símbolos analizados: 0
Sin señal: 0
Esperando/otros: 0
Señales rechazadas: 0
Bloqueadas por estado/límites: 0
Validadas DRY RUN: 0
Nuevas órdenes: 0
Operaciones cerradas sincronizadas: 0
Errores: 0
Duración del ciclo: 0.05s
Intervalo objetivo: 30s
Próximo ciclo en: 29.95s
----------------------------------------------------------------------------------------

========================================================================================
CICLO #0023 | 2026-09-03 13:36:10 UTC | símbolos=0
========================================================================================
----------------------------------------------------------------------------------------
RESUMEN DEL CICLO #0023
Símbolos analizados: 0
Sin señal: 0
Esperando/otros: 0
Señales rechazadas: 0
Bloqueadas por estado/límites: 0
Validadas DRY RUN: 0
Nuevas órdenes: 0
Operaciones cerradas sincronizadas: 0
Errores: 0
Duración del ciclo: 0.06s
Intervalo objetivo: 30s
Próximo ciclo en: 29.94s
----------------------------------------------------------------------------------------

========================================================================================
CICLO #0024 | 2026-09-03 13:36:40 UTC | símbolos=0
========================================================================================
----------------------------------------------------------------------------------------
RESUMEN DEL CICLO #0024
Símbolos analizados: 0
Sin señal: 0
Esperando/otros: 0
Señales rechazadas: 0
Bloqueadas por estado/límites: 0
Validadas DRY RUN: 0
Nuevas órdenes: 0
Operaciones cerradas sincronizadas: 0
Errores: 0
Duración del ciclo: 0.04s
Intervalo objetivo: 30s
Próximo ciclo en: 29.96s
----------------------------------------------------------------------------------------

========================================================================================
CICLO #0025 | 2026-09-03 13:37:10 UTC | símbolos=0
========================================================================================
----------------------------------------------------------------------------------------
RESUMEN DEL CICLO #0025
Símbolos analizados: 0
Sin señal: 0
Esperando/otros: 0
Señales rechazadas: 0
Bloqueadas por estado/límites: 0
Validadas DRY RUN: 0
Nuevas órdenes: 0
Operaciones cerradas sincronizadas: 0
Errores: 0
Duración del ciclo: 0.04s
Intervalo objetivo: 30s
Próximo ciclo en: 29.96s
----------------------------------------------------------------------------------------

========================================================================================
CICLO #0026 | 2026-09-03 13:37:40 UTC | símbolos=0
========================================================================================
----------------------------------------------------------------------------------------
RESUMEN DEL CICLO #0026
Símbolos analizados: 0
Sin señal: 0
Esperando/otros: 0
Señales rechazadas: 0
Bloqueadas por estado/límites: 0
Validadas DRY RUN: 0
Nuevas órdenes: 0
Operaciones cerradas sincronizadas: 0
Errores: 0
Duración del ciclo: 0.04s
Intervalo objetivo: 30s
Próximo ciclo en: 29.96s
----------------------------------------------------------------------------------------

========================================================================================
CICLO #0027 | 2026-09-03 13:38:10 UTC | símbolos=0
========================================================================================
----------------------------------------------------------------------------------------
RESUMEN DEL CICLO #0027
Símbolos analizados: 0
Sin señal: 0
Esperando/otros: 0
Señales rechazadas: 0
Bloqueadas por estado/límites: 0
Validadas DRY RUN: 0
Nuevas órdenes: 0
Operaciones cerradas sincronizadas: 0
Errores: 0
Duración del ciclo: 0.04s
Intervalo objetivo: 30s
Próximo ciclo en: 29.96s
----------------------------------------------------------------------------------------

========================================================================================
CICLO #0028 | 2026-09-03 13:38:40 UTC | símbolos=0
========================================================================================
----------------------------------------------------------------------------------------
RESUMEN DEL CICLO #0028
Símbolos analizados: 0
Sin señal: 0
Esperando/otros: 0
Señales rechazadas: 0
Bloqueadas por estado/límites: 0
Validadas DRY RUN: 0
Nuevas órdenes: 0
Operaciones cerradas sincronizadas: 0
Errores: 0
Duración del ciclo: 0.05s
Intervalo objetivo: 30s
Próximo ciclo en: 29.95s
----------------------------------------------------------------------------------------

========================================================================================
CICLO #0029 | 2026-09-03 13:39:10 UTC | símbolos=0
========================================================================================
----------------------------------------------------------------------------------------
RESUMEN DEL CICLO #0029
Símbolos analizados: 0
Sin señal: 0
Esperando/otros: 0
Señales rechazadas: 0
Bloqueadas por estado/límites: 0
Validadas DRY RUN: 0
Nuevas órdenes: 0
Operaciones cerradas sincronizadas: 0
Errores: 0
Duración del ciclo: 0.03s
Intervalo objetivo: 30s
Próximo ciclo en: 29.97s
----------------------------------------------------------------------------------------

========================================================================================
CICLO #0030 | 2026-09-03 13:39:40 UTC | símbolos=0
========================================================================================
----------------------------------------------------------------------------------------
RESUMEN DEL CICLO #0030
Símbolos analizados: 0
Sin señal: 0
Esperando/otros: 0
Señales rechazadas: 0
Bloqueadas por estado/límites: 0
Validadas DRY RUN: 0
Nuevas órdenes: 0
Operaciones cerradas sincronizadas: 0
Errores: 0
Duración del ciclo: 0.04s
Intervalo objetivo: 30s
Próximo ciclo en: 29.96s
----------------------------------------------------------------------------------------

========================================================================================
CICLO #0031 | 2026-09-03 13:40:10 UTC | símbolos=10
========================================================================================
[01/10] START Crash 100 Index
[01/10] END   Crash 100 Index | 0.01s | NO M15 SETUP
    Motivo: NO_DIRECTIONAL_M15_SETUP
[02/10] START Crash 1000 Index
[02/10] END   Crash 1000 Index | 0.01s | DIRECCIÓN BLOQUEADA POR POLÍTICA DEL INSTRUMENTO
    Motivo: CRASH_SELL_ONLY_REQUIRES_SELL_H1_CONTEXT
[03/10] START Crash 150 Index
[03/10] END   Crash 150 Index | 0.01s | DIRECCIÓN BLOQUEADA POR POLÍTICA DEL INSTRUMENTO
    Motivo: CRASH_SELL_ONLY_REQUIRES_SELL_H1_CONTEXT
[04/10] START Crash 200 Index
[04/10] END   Crash 200 Index | 0.83s | NO M5 CONFIRMATION
    Motivo: NO_DIRECTIONAL_M5_CONFIRMATION
    Confirmaciones: 10/13 | 76.9% | calidad=88.00 | decisión=RECHAZADA
    Faltantes: rechazo del precio, desplazamiento, microestructura M5
    Críticas faltantes: BOS REQUIRES REJECTION, DISPLACEMENT REQUIRED FOR LIVE ENTRY
    Rechazo técnico: bos rejection not confirmed, desplazamiento no confirmado, rechazo del precio no confirmado, microestructura M5 no confirmada, falta una confirmación estructural crítica, porcentaje de confirmaciones inferior al 80%
[05/10] START Crash 300 Index
[05/10] END   Crash 300 Index | 1.11s | STALE M5 SIGNAL
    Motivo: M5_CONFIRMATION_TOO_OLD_FOR_LIVE_ENTRY
[06/10] START Crash 50 Index
[06/10] END   Crash 50 Index | 0.01s | DIRECCIÓN BLOQUEADA POR POLÍTICA DEL INSTRUMENTO
    Motivo: CRASH_SELL_ONLY_REQUIRES_SELL_H1_CONTEXT
[07/10] START Crash 500 Index
[07/10] END   Crash 500 Index | 0.01s | DIRECCIÓN BLOQUEADA POR POLÍTICA DEL INSTRUMENTO
    Motivo: CRASH_SELL_ONLY_REQUIRES_SELL_H1_CONTEXT
[08/10] START Crash 600 Index
[08/10] END   Crash 600 Index | 0.01s | NO M15 SETUP
    Motivo: NO_DIRECTIONAL_M15_SETUP
[09/10] START Crash 900 Index
[09/10] END   Crash 900 Index | 0.56s | NO M5 CONFIRMATION
    Motivo: NO_DIRECTIONAL_M5_CONFIRMATION
[10/10] START Crash 99 Index
[10/10] END   Crash 99 Index | 0.01s | DIRECCIÓN BLOQUEADA POR POLÍTICA DEL INSTRUMENTO
    Motivo: CRASH_SELL_ONLY_REQUIRES_SELL_H1_CONTEXT
----------------------------------------------------------------------------------------
RESUMEN DEL CICLO #0031
Símbolos analizados: 10
Sin señal: 0
Esperando/otros: 5
Señales rechazadas: 5
Bloqueadas por estado/límites: 0
Validadas DRY RUN: 0
Nuevas órdenes: 0
Operaciones cerradas sincronizadas: 0
Errores: 0
Duración del ciclo: 2.63s
Intervalo objetivo: 30s
Próximo ciclo en: 27.37s
----------------------------------------------------------------------------------------

========================================================================================
CICLO #0032 | 2026-09-03 13:40:40 UTC | símbolos=0
========================================================================================
----------------------------------------------------------------------------------------
RESUMEN DEL CICLO #0032
Símbolos analizados: 0
Sin señal: 0
Esperando/otros: 0
Señales rechazadas: 0
Bloqueadas por estado/límites: 0
Validadas DRY RUN: 0
Nuevas órdenes: 0
Operaciones cerradas sincronizadas: 0
Errores: 0
Duración del ciclo: 0.03s
Intervalo objetivo: 30s
Próximo ciclo en: 29.97s
----------------------------------------------------------------------------------------

========================================================================================
CICLO #0033 | 2026-09-03 13:41:10 UTC | símbolos=0
========================================================================================
----------------------------------------------------------------------------------------
RESUMEN DEL CICLO #0033
Símbolos analizados: 0
Sin señal: 0
Esperando/otros: 0
Señales rechazadas: 0
Bloqueadas por estado/límites: 0
Validadas DRY RUN: 0
Nuevas órdenes: 0
Operaciones cerradas sincronizadas: 0
Errores: 0
Duración del ciclo: 0.03s
Intervalo objetivo: 30s
Próximo ciclo en: 29.97s
----------------------------------------------------------------------------------------

========================================================================================
CICLO #0034 | 2026-09-03 13:41:40 UTC | símbolos=0
========================================================================================
----------------------------------------------------------------------------------------
RESUMEN DEL CICLO #0034
Símbolos analizados: 0
Sin señal: 0
Esperando/otros: 0
Señales rechazadas: 0
Bloqueadas por estado/límites: 0
Validadas DRY RUN: 0
Nuevas órdenes: 0
Operaciones cerradas sincronizadas: 0
Errores: 0
Duración del ciclo: 0.03s
Intervalo objetivo: 30s
Próximo ciclo en: 29.97s
----------------------------------------------------------------------------------------

========================================================================================
CICLO #0035 | 2026-09-03 13:42:10 UTC | símbolos=0
========================================================================================
----------------------------------------------------------------------------------------
RESUMEN DEL CICLO #0035
Símbolos analizados: 0
Sin señal: 0
Esperando/otros: 0
Señales rechazadas: 0
Bloqueadas por estado/límites: 0
Validadas DRY RUN: 0
Nuevas órdenes: 0
Operaciones cerradas sincronizadas: 0
Errores: 0
Duración del ciclo: 0.03s
Intervalo objetivo: 30s
Próximo ciclo en: 29.97s
----------------------------------------------------------------------------------------

========================================================================================
CICLO #0036 | 2026-09-03 13:42:40 UTC | símbolos=0
========================================================================================
----------------------------------------------------------------------------------------
RESUMEN DEL CICLO #0036
Símbolos analizados: 0
Sin señal: 0
Esperando/otros: 0
Señales rechazadas: 0
Bloqueadas por estado/límites: 0
Validadas DRY RUN: 0
Nuevas órdenes: 0
Operaciones cerradas sincronizadas: 0
Errores: 0
Duración del ciclo: 0.03s
Intervalo objetivo: 30s
Próximo ciclo en: 29.97s
----------------------------------------------------------------------------------------

========================================================================================
CICLO #0037 | 2026-09-03 13:43:10 UTC | símbolos=0
========================================================================================
----------------------------------------------------------------------------------------
RESUMEN DEL CICLO #0037
Símbolos analizados: 0
Sin señal: 0
Esperando/otros: 0
Señales rechazadas: 0
Bloqueadas por estado/límites: 0
Validadas DRY RUN: 0
Nuevas órdenes: 0
Operaciones cerradas sincronizadas: 0
Errores: 0
Duración del ciclo: 0.03s
Intervalo objetivo: 30s
Próximo ciclo en: 29.97s
----------------------------------------------------------------------------------------

========================================================================================
CICLO #0038 | 2026-09-03 13:43:40 UTC | símbolos=0
========================================================================================
----------------------------------------------------------------------------------------
RESUMEN DEL CICLO #0038
Símbolos analizados: 0
Sin señal: 0
Esperando/otros: 0
Señales rechazadas: 0
Bloqueadas por estado/límites: 0
Validadas DRY RUN: 0
Nuevas órdenes: 0
Operaciones cerradas sincronizadas: 0
Errores: 0
Duración del ciclo: 0.03s
Intervalo objetivo: 30s
Próximo ciclo en: 29.97s
----------------------------------------------------------------------------------------

========================================================================================
CICLO #0039 | 2026-09-03 13:44:10 UTC | símbolos=0
========================================================================================
----------------------------------------------------------------------------------------
RESUMEN DEL CICLO #0039
Símbolos analizados: 0
Sin señal: 0
Esperando/otros: 0
Señales rechazadas: 0
Bloqueadas por estado/límites: 0
Validadas DRY RUN: 0
Nuevas órdenes: 0
Operaciones cerradas sincronizadas: 0
Errores: 0
Duración del ciclo: 0.03s
Intervalo objetivo: 30s
Próximo ciclo en: 29.97s
----------------------------------------------------------------------------------------

========================================================================================
CICLO #0040 | 2026-09-03 13:44:40 UTC | símbolos=0
========================================================================================
----------------------------------------------------------------------------------------
RESUMEN DEL CICLO #0040
Símbolos analizados: 0
Sin señal: 0
Esperando/otros: 0
Señales rechazadas: 0
Bloqueadas por estado/límites: 0
Validadas DRY RUN: 0
Nuevas órdenes: 0
Operaciones cerradas sincronizadas: 0
Errores: 0
Duración del ciclo: 0.03s
Intervalo objetivo: 30s
Próximo ciclo en: 29.97s
----------------------------------------------------------------------------------------

========================================================================================
CICLO #0041 | 2026-09-03 13:45:10 UTC | símbolos=10
========================================================================================
[01/10] START Crash 100 Index
[01/10] END   Crash 100 Index | 0.85s | NO M15 SETUP
    Motivo: NO_DIRECTIONAL_M15_SETUP
[02/10] START Crash 1000 Index
[02/10] END   Crash 1000 Index | 0.01s | DIRECCIÓN BLOQUEADA POR POLÍTICA DEL INSTRUMENTO
    Motivo: CRASH_SELL_ONLY_REQUIRES_SELL_H1_CONTEXT
[03/10] START Crash 150 Index
[03/10] END   Crash 150 Index | 0.01s | DIRECCIÓN BLOQUEADA POR POLÍTICA DEL INSTRUMENTO
    Motivo: CRASH_SELL_ONLY_REQUIRES_SELL_H1_CONTEXT
[04/10] START Crash 200 Index
[04/10] END   Crash 200 Index | 3.11s | NO M5 CONFIRMATION
    Motivo: NO_DIRECTIONAL_M5_CONFIRMATION
    Confirmaciones: 10/13 | 76.9% | calidad=88.00 | decisión=RECHAZADA
    Faltantes: rechazo del precio, desplazamiento, microestructura M5
    Críticas faltantes: BOS REQUIRES REJECTION, DISPLACEMENT REQUIRED FOR LIVE ENTRY
    Rechazo técnico: bos rejection not confirmed, desplazamiento no confirmado, rechazo del precio no confirmado, microestructura M5 no confirmada, falta una confirmación estructural crítica, porcentaje de confirmaciones inferior al 80%
[05/10] START Crash 300 Index
[05/10] END   Crash 300 Index | 3.17s | STALE M5 SIGNAL
    Motivo: M5_CONFIRMATION_TOO_OLD_FOR_LIVE_ENTRY
[06/10] START Crash 50 Index
[06/10] END   Crash 50 Index | 0.01s | DIRECCIÓN BLOQUEADA POR POLÍTICA DEL INSTRUMENTO
    Motivo: CRASH_SELL_ONLY_REQUIRES_SELL_H1_CONTEXT
[07/10] START Crash 500 Index
[07/10] END   Crash 500 Index | 0.01s | DIRECCIÓN BLOQUEADA POR POLÍTICA DEL INSTRUMENTO
    Motivo: CRASH_SELL_ONLY_REQUIRES_SELL_H1_CONTEXT
[08/10] START Crash 600 Index
[08/10] END   Crash 600 Index | 1.10s | NO M15 SETUP
    Motivo: NO_DIRECTIONAL_M15_SETUP
[09/10] START Crash 900 Index
[09/10] END   Crash 900 Index | 2.01s | NO M5 CONFIRMATION
    Motivo: NO_DIRECTIONAL_M5_CONFIRMATION
[10/10] START Crash 99 Index
[10/10] END   Crash 99 Index | 0.01s | DIRECCIÓN BLOQUEADA POR POLÍTICA DEL INSTRUMENTO
    Motivo: CRASH_SELL_ONLY_REQUIRES_SELL_H1_CONTEXT
----------------------------------------------------------------------------------------
RESUMEN DEL CICLO #0041
Símbolos analizados: 10
Sin señal: 0
Esperando/otros: 5
Señales rechazadas: 5
Bloqueadas por estado/límites: 0
Validadas DRY RUN: 0
Nuevas órdenes: 0
Operaciones cerradas sincronizadas: 0
Errores: 0
Duración del ciclo: 10.46s
Intervalo objetivo: 30s
Próximo ciclo en: 19.54s
----------------------------------------------------------------------------------------

========================================================================================
CICLO #0042 | 2026-09-03 13:45:40 UTC | símbolos=0
========================================================================================
----------------------------------------------------------------------------------------
RESUMEN DEL CICLO #0042
Símbolos analizados: 0
Sin señal: 0
Esperando/otros: 0
Señales rechazadas: 0
Bloqueadas por estado/límites: 0
Validadas DRY RUN: 0
Nuevas órdenes: 0
Operaciones cerradas sincronizadas: 0
Errores: 0
Duración del ciclo: 13.74s
Intervalo objetivo: 30s
Próximo ciclo en: 16.26s
----------------------------------------------------------------------------------------

========================================================================================
CICLO #0043 | 2026-09-03 13:46:10 UTC | símbolos=0
========================================================================================
----------------------------------------------------------------------------------------
RESUMEN DEL CICLO #0043
Símbolos analizados: 0
Sin señal: 0
Esperando/otros: 0
Señales rechazadas: 0
Bloqueadas por estado/límites: 0
Validadas DRY RUN: 0
Nuevas órdenes: 0
Operaciones cerradas sincronizadas: 0
Errores: 0
Duración del ciclo: 0.02s
Intervalo objetivo: 30s
Próximo ciclo en: 29.98s
----------------------------------------------------------------------------------------

========================================================================================
CICLO #0044 | 2026-09-03 13:46:40 UTC | símbolos=0
========================================================================================
----------------------------------------------------------------------------------------
RESUMEN DEL CICLO #0044
Símbolos analizados: 0
Sin señal: 0
Esperando/otros: 0
Señales rechazadas: 0
Bloqueadas por estado/límites: 0
Validadas DRY RUN: 0
Nuevas órdenes: 0
Operaciones cerradas sincronizadas: 0
Errores: 0
Duración del ciclo: 0.03s
Intervalo objetivo: 30s
Próximo ciclo en: 29.97s
----------------------------------------------------------------------------------------

========================================================================================
CICLO #0045 | 2026-09-03 13:47:10 UTC | símbolos=0
========================================================================================
----------------------------------------------------------------------------------------
RESUMEN DEL CICLO #0045
Símbolos analizados: 0
Sin señal: 0
Esperando/otros: 0
Señales rechazadas: 0
Bloqueadas por estado/límites: 0
Validadas DRY RUN: 0
Nuevas órdenes: 0
Operaciones cerradas sincronizadas: 0
Errores: 0
Duración del ciclo: 0.03s
Intervalo objetivo: 30s
Próximo ciclo en: 29.97s
----------------------------------------------------------------------------------------

========================================================================================
CICLO #0046 | 2026-09-03 13:47:40 UTC | símbolos=0
========================================================================================
----------------------------------------------------------------------------------------
RESUMEN DEL CICLO #0046
Símbolos analizados: 0
Sin señal: 0
Esperando/otros: 0
Señales rechazadas: 0
Bloqueadas por estado/límites: 0
Validadas DRY RUN: 0
Nuevas órdenes: 0
Operaciones cerradas sincronizadas: 0
Errores: 0
Duración del ciclo: 0.03s
Intervalo objetivo: 30s
Próximo ciclo en: 29.97s
----------------------------------------------------------------------------------------

========================================================================================
CICLO #0047 | 2026-09-03 13:48:10 UTC | símbolos=0
========================================================================================
----------------------------------------------------------------------------------------
RESUMEN DEL CICLO #0047
Símbolos analizados: 0
Sin señal: 0
Esperando/otros: 0
Señales rechazadas: 0
Bloqueadas por estado/límites: 0
Validadas DRY RUN: 0
Nuevas órdenes: 0
Operaciones cerradas sincronizadas: 0
Errores: 0
Duración del ciclo: 0.03s
Intervalo objetivo: 30s
Próximo ciclo en: 29.97s
----------------------------------------------------------------------------------------

========================================================================================
CICLO #0048 | 2026-09-03 13:48:40 UTC | símbolos=0
========================================================================================
----------------------------------------------------------------------------------------
RESUMEN DEL CICLO #0048
Símbolos analizados: 0
Sin señal: 0
Esperando/otros: 0
Señales rechazadas: 0
Bloqueadas por estado/límites: 0
Validadas DRY RUN: 0
Nuevas órdenes: 0
Operaciones cerradas sincronizadas: 0
Errores: 0
Duración del ciclo: 0.02s
Intervalo objetivo: 30s
Próximo ciclo en: 29.98s
----------------------------------------------------------------------------------------

========================================================================================
CICLO #0049 | 2026-09-03 13:49:10 UTC | símbolos=0
========================================================================================
----------------------------------------------------------------------------------------
RESUMEN DEL CICLO #0049
Símbolos analizados: 0
Sin señal: 0
Esperando/otros: 0
Señales rechazadas: 0
Bloqueadas por estado/límites: 0
Validadas DRY RUN: 0
Nuevas órdenes: 0
Operaciones cerradas sincronizadas: 0
Errores: 0
Duración del ciclo: 0.03s
Intervalo objetivo: 30s
Próximo ciclo en: 29.97s
----------------------------------------------------------------------------------------

========================================================================================
CICLO #0050 | 2026-09-03 13:49:40 UTC | símbolos=0
========================================================================================
----------------------------------------------------------------------------------------
RESUMEN DEL CICLO #0050
Símbolos analizados: 0
Sin señal: 0
Esperando/otros: 0
Señales rechazadas: 0
Bloqueadas por estado/límites: 0
Validadas DRY RUN: 0
Nuevas órdenes: 0
Operaciones cerradas sincronizadas: 0
Errores: 0
Duración del ciclo: 0.03s
Intervalo objetivo: 30s
Próximo ciclo en: 29.97s
----------------------------------------------------------------------------------------

========================================================================================
CICLO #0051 | 2026-09-03 13:50:10 UTC | símbolos=10
========================================================================================
[01/10] START Crash 100 Index
[01/10] END   Crash 100 Index | 0.02s | NO M15 SETUP
    Motivo: NO_DIRECTIONAL_M15_SETUP
[02/10] START Crash 1000 Index
[02/10] END   Crash 1000 Index | 0.01s | DIRECCIÓN BLOQUEADA POR POLÍTICA DEL INSTRUMENTO
    Motivo: CRASH_SELL_ONLY_REQUIRES_SELL_H1_CONTEXT
[03/10] START Crash 150 Index
[03/10] END   Crash 150 Index | 0.01s | DIRECCIÓN BLOQUEADA POR POLÍTICA DEL INSTRUMENTO
    Motivo: CRASH_SELL_ONLY_REQUIRES_SELL_H1_CONTEXT
[04/10] START Crash 200 Index
[04/10] END   Crash 200 Index | 1.52s | NO M5 CONFIRMATION
    Motivo: NO_DIRECTIONAL_M5_CONFIRMATION
    Confirmaciones: 10/13 | 76.9% | calidad=88.00 | decisión=RECHAZADA
    Faltantes: rechazo del precio, desplazamiento, microestructura M5
    Críticas faltantes: BOS REQUIRES REJECTION, DISPLACEMENT REQUIRED FOR LIVE ENTRY
    Rechazo técnico: bos rejection not confirmed, desplazamiento no confirmado, rechazo del precio no confirmado, microestructura M5 no confirmada, falta una confirmación estructural crítica, porcentaje de confirmaciones inferior al 80%
[05/10] START Crash 300 Index
[05/10] END   Crash 300 Index | 1.35s | STALE M5 SIGNAL
    Motivo: M5_CONFIRMATION_TOO_OLD_FOR_LIVE_ENTRY
[06/10] START Crash 50 Index
[06/10] END   Crash 50 Index | 0.01s | DIRECCIÓN BLOQUEADA POR POLÍTICA DEL INSTRUMENTO
    Motivo: CRASH_SELL_ONLY_REQUIRES_SELL_H1_CONTEXT
[07/10] START Crash 500 Index
[07/10] END   Crash 500 Index | 0.01s | DIRECCIÓN BLOQUEADA POR POLÍTICA DEL INSTRUMENTO
    Motivo: CRASH_SELL_ONLY_REQUIRES_SELL_H1_CONTEXT
[08/10] START Crash 600 Index
[08/10] END   Crash 600 Index | 0.01s | NO M15 SETUP
    Motivo: NO_DIRECTIONAL_M15_SETUP
[09/10] START Crash 900 Index
[09/10] END   Crash 900 Index | 0.60s | NO M5 CONFIRMATION
    Motivo: NO_DIRECTIONAL_M5_CONFIRMATION
[10/10] START Crash 99 Index
[10/10] END   Crash 99 Index | 0.01s | DIRECCIÓN BLOQUEADA POR POLÍTICA DEL INSTRUMENTO
    Motivo: CRASH_SELL_ONLY_REQUIRES_SELL_H1_CONTEXT
----------------------------------------------------------------------------------------
RESUMEN DEL CICLO #0051
Símbolos analizados: 10
Sin señal: 0
Esperando/otros: 5
Señales rechazadas: 5
Bloqueadas por estado/límites: 0
Validadas DRY RUN: 0
Nuevas órdenes: 0
Operaciones cerradas sincronizadas: 0
Errores: 0
Duración del ciclo: 3.63s
Intervalo objetivo: 30s
Próximo ciclo en: 26.37s
----------------------------------------------------------------------------------------

========================================================================================
CICLO #0052 | 2026-09-03 13:50:40 UTC | símbolos=0
========================================================================================
----------------------------------------------------------------------------------------
RESUMEN DEL CICLO #0052
Símbolos analizados: 0
Sin señal: 0
Esperando/otros: 0
Señales rechazadas: 0
Bloqueadas por estado/límites: 0
Validadas DRY RUN: 0
Nuevas órdenes: 0
Operaciones cerradas sincronizadas: 0
Errores: 0
Duración del ciclo: 0.03s
Intervalo objetivo: 30s
Próximo ciclo en: 29.97s
----------------------------------------------------------------------------------------

========================================================================================
CICLO #0053 | 2026-09-03 13:51:10 UTC | símbolos=0
========================================================================================
----------------------------------------------------------------------------------------
RESUMEN DEL CICLO #0053
Símbolos analizados: 0
Sin señal: 0
Esperando/otros: 0
Señales rechazadas: 0
Bloqueadas por estado/límites: 0
Validadas DRY RUN: 0
Nuevas órdenes: 0
Operaciones cerradas sincronizadas: 0
Errores: 0
Duración del ciclo: 0.02s
Intervalo objetivo: 30s
Próximo ciclo en: 29.98s
----------------------------------------------------------------------------------------

========================================================================================
CICLO #0054 | 2026-09-03 13:51:40 UTC | símbolos=0
========================================================================================
----------------------------------------------------------------------------------------
RESUMEN DEL CICLO #0054
Símbolos analizados: 0
Sin señal: 0
Esperando/otros: 0
Señales rechazadas: 0
Bloqueadas por estado/límites: 0
Validadas DRY RUN: 0
Nuevas órdenes: 0
Operaciones cerradas sincronizadas: 0
Errores: 0
Duración del ciclo: 0.02s
Intervalo objetivo: 30s
Próximo ciclo en: 29.98s
----------------------------------------------------------------------------------------

========================================================================================
CICLO #0055 | 2026-09-03 13:52:10 UTC | símbolos=0
========================================================================================
----------------------------------------------------------------------------------------
RESUMEN DEL CICLO #0055
Símbolos analizados: 0
Sin señal: 0
Esperando/otros: 0
Señales rechazadas: 0
Bloqueadas por estado/límites: 0
Validadas DRY RUN: 0
Nuevas órdenes: 0
Operaciones cerradas sincronizadas: 0
Errores: 0
Duración del ciclo: 0.03s
Intervalo objetivo: 30s
Próximo ciclo en: 29.97s
----------------------------------------------------------------------------------------

========================================================================================
CICLO #0056 | 2026-09-03 13:52:40 UTC | símbolos=0
========================================================================================
----------------------------------------------------------------------------------------
RESUMEN DEL CICLO #0056
Símbolos analizados: 0
Sin señal: 0
Esperando/otros: 0
Señales rechazadas: 0
Bloqueadas por estado/límites: 0
Validadas DRY RUN: 0
Nuevas órdenes: 0
Operaciones cerradas sincronizadas: 0
Errores: 0
Duración del ciclo: 0.03s
Intervalo objetivo: 30s
Próximo ciclo en: 29.97s
----------------------------------------------------------------------------------------

========================================================================================
CICLO #0057 | 2026-09-03 13:53:10 UTC | símbolos=0
========================================================================================
----------------------------------------------------------------------------------------
RESUMEN DEL CICLO #0057
Símbolos analizados: 0
Sin señal: 0
Esperando/otros: 0
Señales rechazadas: 0
Bloqueadas por estado/límites: 0
Validadas DRY RUN: 0
Nuevas órdenes: 0
Operaciones cerradas sincronizadas: 0
Errores: 0
Duración del ciclo: 0.02s
Intervalo objetivo: 30s
Próximo ciclo en: 29.98s
----------------------------------------------------------------------------------------

========================================================================================
CICLO #0058 | 2026-09-03 13:53:40 UTC | símbolos=0
========================================================================================
----------------------------------------------------------------------------------------
RESUMEN DEL CICLO #0058
Símbolos analizados: 0
Sin señal: 0
Esperando/otros: 0
Señales rechazadas: 0
Bloqueadas por estado/límites: 0
Validadas DRY RUN: 0
Nuevas órdenes: 0
Operaciones cerradas sincronizadas: 0
Errores: 0
Duración del ciclo: 0.03s
Intervalo objetivo: 30s
Próximo ciclo en: 29.97s
----------------------------------------------------------------------------------------

========================================================================================
CICLO #0059 | 2026-09-03 13:54:10 UTC | símbolos=0
========================================================================================
----------------------------------------------------------------------------------------
RESUMEN DEL CICLO #0059
Símbolos analizados: 0
Sin señal: 0
Esperando/otros: 0
Señales rechazadas: 0
Bloqueadas por estado/límites: 0
Validadas DRY RUN: 0
Nuevas órdenes: 0
Operaciones cerradas sincronizadas: 0
Errores: 0
Duración del ciclo: 0.03s
Intervalo objetivo: 30s
Próximo ciclo en: 29.97s
----------------------------------------------------------------------------------------

========================================================================================
CICLO #0060 | 2026-09-03 13:54:40 UTC | símbolos=0
========================================================================================
----------------------------------------------------------------------------------------
RESUMEN DEL CICLO #0060
Símbolos analizados: 0
Sin señal: 0
Esperando/otros: 0
Señales rechazadas: 0
Bloqueadas por estado/límites: 0
Validadas DRY RUN: 0
Nuevas órdenes: 0
Operaciones cerradas sincronizadas: 0
Errores: 0
Duración del ciclo: 0.02s
Intervalo objetivo: 30s
Próximo ciclo en: 29.98s
----------------------------------------------------------------------------------------

========================================================================================
CICLO #0061 | 2026-09-03 13:55:10 UTC | símbolos=10
========================================================================================
[01/10] START Crash 100 Index
[01/10] END   Crash 100 Index | 0.02s | NO M15 SETUP
    Motivo: NO_DIRECTIONAL_M15_SETUP
[02/10] START Crash 1000 Index
[02/10] END   Crash 1000 Index | 0.01s | DIRECCIÓN BLOQUEADA POR POLÍTICA DEL INSTRUMENTO
    Motivo: CRASH_SELL_ONLY_REQUIRES_SELL_H1_CONTEXT
[03/10] START Crash 150 Index
[03/10] END   Crash 150 Index | 0.01s | DIRECCIÓN BLOQUEADA POR POLÍTICA DEL INSTRUMENTO
    Motivo: CRASH_SELL_ONLY_REQUIRES_SELL_H1_CONTEXT
[04/10] START Crash 200 Index
[04/10] END   Crash 200 Index | 0.85s | NO M5 CONFIRMATION
    Motivo: NO_DIRECTIONAL_M5_CONFIRMATION
    Confirmaciones: 10/13 | 76.9% | calidad=88.00 | decisión=RECHAZADA
    Faltantes: rechazo del precio, desplazamiento, microestructura M5
    Críticas faltantes: BOS REQUIRES REJECTION, DISPLACEMENT REQUIRED FOR LIVE ENTRY
    Rechazo técnico: bos rejection not confirmed, desplazamiento no confirmado, rechazo del precio no confirmado, microestructura M5 no confirmada, falta una confirmación estructural crítica, porcentaje de confirmaciones inferior al 80%
[05/10] START Crash 300 Index
[05/10] END   Crash 300 Index | 1.15s | STALE M5 SIGNAL
    Motivo: M5_CONFIRMATION_TOO_OLD_FOR_LIVE_ENTRY
[06/10] START Crash 50 Index
[06/10] END   Crash 50 Index | 0.01s | DIRECCIÓN BLOQUEADA POR POLÍTICA DEL INSTRUMENTO
    Motivo: CRASH_SELL_ONLY_REQUIRES_SELL_H1_CONTEXT
[07/10] START Crash 500 Index
[07/10] END   Crash 500 Index | 0.01s | DIRECCIÓN BLOQUEADA POR POLÍTICA DEL INSTRUMENTO
    Motivo: CRASH_SELL_ONLY_REQUIRES_SELL_H1_CONTEXT
[08/10] START Crash 600 Index
[08/10] END   Crash 600 Index | 0.01s | NO M15 SETUP
    Motivo: NO_DIRECTIONAL_M15_SETUP
[09/10] START Crash 900 Index
[09/10] END   Crash 900 Index | 0.59s | NO M5 CONFIRMATION
    Motivo: NO_DIRECTIONAL_M5_CONFIRMATION
[10/10] START Crash 99 Index
[10/10] END   Crash 99 Index | 0.01s | DIRECCIÓN BLOQUEADA POR POLÍTICA DEL INSTRUMENTO
    Motivo: CRASH_SELL_ONLY_REQUIRES_SELL_H1_CONTEXT
----------------------------------------------------------------------------------------
RESUMEN DEL CICLO #0061
Símbolos analizados: 10
Sin señal: 0
Esperando/otros: 5
Señales rechazadas: 5
Bloqueadas por estado/límites: 0
Validadas DRY RUN: 0
Nuevas órdenes: 0
Operaciones cerradas sincronizadas: 0
Errores: 0
Duración del ciclo: 2.75s
Intervalo objetivo: 30s
Próximo ciclo en: 27.25s
----------------------------------------------------------------------------------------

========================================================================================
CICLO #0062 | 2026-09-03 13:55:40 UTC | símbolos=0
========================================================================================
----------------------------------------------------------------------------------------
RESUMEN DEL CICLO #0062
Símbolos analizados: 0
Sin señal: 0
Esperando/otros: 0
Señales rechazadas: 0
Bloqueadas por estado/límites: 0
Validadas DRY RUN: 0
Nuevas órdenes: 0
Operaciones cerradas sincronizadas: 0
Errores: 0
Duración del ciclo: 0.03s
Intervalo objetivo: 30s
Próximo ciclo en: 29.97s
----------------------------------------------------------------------------------------

========================================================================================
CICLO #0063 | 2026-09-03 13:56:10 UTC | símbolos=0
========================================================================================
----------------------------------------------------------------------------------------
RESUMEN DEL CICLO #0063
Símbolos analizados: 0
Sin señal: 0
Esperando/otros: 0
Señales rechazadas: 0
Bloqueadas por estado/límites: 0
Validadas DRY RUN: 0
Nuevas órdenes: 0
Operaciones cerradas sincronizadas: 0
Errores: 0
Duración del ciclo: 0.02s
Intervalo objetivo: 30s
Próximo ciclo en: 29.98s
----------------------------------------------------------------------------------------

========================================================================================
CICLO #0064 | 2026-09-03 13:56:40 UTC | símbolos=0
========================================================================================
----------------------------------------------------------------------------------------
RESUMEN DEL CICLO #0064
Símbolos analizados: 0
Sin señal: 0
Esperando/otros: 0
Señales rechazadas: 0
Bloqueadas por estado/límites: 0
Validadas DRY RUN: 0
Nuevas órdenes: 0
Operaciones cerradas sincronizadas: 0
Errores: 0
Duración del ciclo: 0.03s
Intervalo objetivo: 30s
Próximo ciclo en: 29.97s
----------------------------------------------------------------------------------------

========================================================================================
CICLO #0065 | 2026-09-03 13:57:10 UTC | símbolos=0
========================================================================================
----------------------------------------------------------------------------------------
RESUMEN DEL CICLO #0065
Símbolos analizados: 0
Sin señal: 0
Esperando/otros: 0
Señales rechazadas: 0
Bloqueadas por estado/límites: 0
Validadas DRY RUN: 0
Nuevas órdenes: 0
Operaciones cerradas sincronizadas: 0
Errores: 0
Duración del ciclo: 0.03s
Intervalo objetivo: 30s
Próximo ciclo en: 29.97s
----------------------------------------------------------------------------------------

========================================================================================
CICLO #0066 | 2026-09-03 13:57:40 UTC | símbolos=0
========================================================================================
----------------------------------------------------------------------------------------
RESUMEN DEL CICLO #0066
Símbolos analizados: 0
Sin señal: 0
Esperando/otros: 0
Señales rechazadas: 0
Bloqueadas por estado/límites: 0
Validadas DRY RUN: 0
Nuevas órdenes: 0
Operaciones cerradas sincronizadas: 0
Errores: 0
Duración del ciclo: 0.03s
Intervalo objetivo: 30s
Próximo ciclo en: 29.97s
----------------------------------------------------------------------------------------

========================================================================================
CICLO #0067 | 2026-09-03 13:58:10 UTC | símbolos=0
========================================================================================
----------------------------------------------------------------------------------------
RESUMEN DEL CICLO #0067
Símbolos analizados: 0
Sin señal: 0
Esperando/otros: 0
Señales rechazadas: 0
Bloqueadas por estado/límites: 0
Validadas DRY RUN: 0
Nuevas órdenes: 0
Operaciones cerradas sincronizadas: 0
Errores: 0
Duración del ciclo: 0.02s
Intervalo objetivo: 30s
Próximo ciclo en: 29.98s
----------------------------------------------------------------------------------------

========================================================================================
CICLO #0068 | 2026-09-03 13:58:40 UTC | símbolos=0
========================================================================================
----------------------------------------------------------------------------------------
RESUMEN DEL CICLO #0068
Símbolos analizados: 0
Sin señal: 0
Esperando/otros: 0
Señales rechazadas: 0
Bloqueadas por estado/límites: 0
Validadas DRY RUN: 0
Nuevas órdenes: 0
Operaciones cerradas sincronizadas: 0
Errores: 0
Duración del ciclo: 0.02s
Intervalo objetivo: 30s
Próximo ciclo en: 29.98s
----------------------------------------------------------------------------------------

========================================================================================
CICLO #0069 | 2026-09-03 13:59:10 UTC | símbolos=0
========================================================================================
----------------------------------------------------------------------------------------
RESUMEN DEL CICLO #0069
Símbolos analizados: 0
Sin señal: 0
Esperando/otros: 0
Señales rechazadas: 0
Bloqueadas por estado/límites: 0
Validadas DRY RUN: 0
Nuevas órdenes: 0
Operaciones cerradas sincronizadas: 0
Errores: 0
Duración del ciclo: 0.02s
Intervalo objetivo: 30s
Próximo ciclo en: 29.98s
----------------------------------------------------------------------------------------

========================================================================================
CICLO #0070 | 2026-09-03 13:59:40 UTC | símbolos=0
========================================================================================
----------------------------------------------------------------------------------------
RESUMEN DEL CICLO #0070
Símbolos analizados: 0
Sin señal: 0
Esperando/otros: 0
Señales rechazadas: 0
Bloqueadas por estado/límites: 0
Validadas DRY RUN: 0
Nuevas órdenes: 0
Operaciones cerradas sincronizadas: 0
Errores: 0
Duración del ciclo: 0.02s
Intervalo objetivo: 30s
Próximo ciclo en: 29.98s
----------------------------------------------------------------------------------------

========================================================================================
CICLO #0071 | 2026-09-03 14:00:10 UTC | símbolos=10
========================================================================================
[01/10] START Crash 100 Index
[01/10] END   Crash 100 Index | 2.46s | NO M15 SETUP
    Motivo: NO_DIRECTIONAL_M15_SETUP
[02/10] START Crash 1000 Index
[02/10] END   Crash 1000 Index | 0.84s | DIRECCIÓN BLOQUEADA POR POLÍTICA DEL INSTRUMENTO
    Motivo: CRASH_SELL_ONLY_REQUIRES_SELL_H1_CONTEXT
[03/10] START Crash 150 Index
[03/10] END   Crash 150 Index | 0.91s | DIRECCIÓN BLOQUEADA POR POLÍTICA DEL INSTRUMENTO
    Motivo: CRASH_SELL_ONLY_REQUIRES_SELL_H1_CONTEXT
[04/10] START Crash 200 Index
[04/10] END   Crash 200 Index | 5.46s | NO M5 CONFIRMATION
    Motivo: NO_DIRECTIONAL_M5_CONFIRMATION
    Confirmaciones: 10/13 | 76.9% | calidad=88.00 | decisión=RECHAZADA
    Faltantes: rechazo del precio, desplazamiento, microestructura M5
    Críticas faltantes: BOS REQUIRES REJECTION, DISPLACEMENT REQUIRED FOR LIVE ENTRY
    Rechazo técnico: bos rejection not confirmed, desplazamiento no confirmado, rechazo del precio no confirmado, microestructura M5 no confirmada, falta una confirmación estructural crítica, porcentaje de confirmaciones inferior al 80%
[05/10] START Crash 300 Index
[05/10] END   Crash 300 Index | 4.24s | STALE M5 SIGNAL
    Motivo: M5_CONFIRMATION_TOO_OLD_FOR_LIVE_ENTRY
[06/10] START Crash 50 Index
[06/10] END   Crash 50 Index | 2.75s | DIRECCIÓN BLOQUEADA POR POLÍTICA DEL INSTRUMENTO
    Motivo: CRASH_SELL_ONLY_REQUIRES_SELL_H1_CONTEXT
[07/10] START Crash 500 Index
[07/10] END   Crash 500 Index | 1.35s | DIRECCIÓN BLOQUEADA POR POLÍTICA DEL INSTRUMENTO
    Motivo: CRASH_SELL_ONLY_REQUIRES_SELL_H1_CONTEXT
[08/10] START Crash 600 Index
[08/10] END   Crash 600 Index | 2.42s | NO M15 SETUP
    Motivo: NO_DIRECTIONAL_M15_SETUP
[09/10] START Crash 900 Index
[09/10] END   Crash 900 Index | 2.79s | NO M5 CONFIRMATION
    Motivo: NO_DIRECTIONAL_M5_CONFIRMATION
[10/10] START Crash 99 Index
[10/10] END   Crash 99 Index | 0.89s | DIRECCIÓN BLOQUEADA POR POLÍTICA DEL INSTRUMENTO
    Motivo: CRASH_SELL_ONLY_REQUIRES_SELL_H1_CONTEXT
----------------------------------------------------------------------------------------
RESUMEN DEL CICLO #0071
Símbolos analizados: 10
Sin señal: 0
Esperando/otros: 5
Señales rechazadas: 5
Bloqueadas por estado/límites: 0
Validadas DRY RUN: 0
Nuevas órdenes: 0
Operaciones cerradas sincronizadas: 0
Errores: 0
Duración del ciclo: 24.22s
Intervalo objetivo: 30s
Próximo ciclo en: 5.78s
----------------------------------------------------------------------------------------

========================================================================================
CICLO #0072 | 2026-09-03 14:00:40 UTC | símbolos=0
========================================================================================
----------------------------------------------------------------------------------------
RESUMEN DEL CICLO #0072
Símbolos analizados: 0
Sin señal: 0
Esperando/otros: 0
Señales rechazadas: 0
Bloqueadas por estado/límites: 0
Validadas DRY RUN: 0
Nuevas órdenes: 0
Operaciones cerradas sincronizadas: 0
Errores: 0
Duración del ciclo: 0.04s
Intervalo objetivo: 30s
Próximo ciclo en: 29.96s
----------------------------------------------------------------------------------------

========================================================================================
CICLO #0073 | 2026-09-03 14:01:10 UTC | símbolos=0
========================================================================================
----------------------------------------------------------------------------------------
RESUMEN DEL CICLO #0073
Símbolos analizados: 0
Sin señal: 0
Esperando/otros: 0
Señales rechazadas: 0
Bloqueadas por estado/límites: 0
Validadas DRY RUN: 0
Nuevas órdenes: 0
Operaciones cerradas sincronizadas: 0
Errores: 0
Duración del ciclo: 0.02s
Intervalo objetivo: 30s
Próximo ciclo en: 29.98s
----------------------------------------------------------------------------------------

========================================================================================
CICLO #0074 | 2026-09-03 14:01:40 UTC | símbolos=0
========================================================================================
----------------------------------------------------------------------------------------
RESUMEN DEL CICLO #0074
Símbolos analizados: 0
Sin señal: 0
Esperando/otros: 0
Señales rechazadas: 0
Bloqueadas por estado/límites: 0
Validadas DRY RUN: 0
Nuevas órdenes: 0
Operaciones cerradas sincronizadas: 0
Errores: 0
Duración del ciclo: 0.04s
Intervalo objetivo: 30s
Próximo ciclo en: 29.96s
----------------------------------------------------------------------------------------

========================================================================================
CICLO #0075 | 2026-09-03 14:02:10 UTC | símbolos=0
========================================================================================
----------------------------------------------------------------------------------------
RESUMEN DEL CICLO #0075
Símbolos analizados: 0
Sin señal: 0
Esperando/otros: 0
Señales rechazadas: 0
Bloqueadas por estado/límites: 0
Validadas DRY RUN: 0
Nuevas órdenes: 0
Operaciones cerradas sincronizadas: 0
Errores: 0
Duración del ciclo: 0.03s
Intervalo objetivo: 30s
Próximo ciclo en: 29.97s
----------------------------------------------------------------------------------------

========================================================================================
CICLO #0076 | 2026-09-03 14:02:40 UTC | símbolos=0
========================================================================================
----------------------------------------------------------------------------------------
RESUMEN DEL CICLO #0076
Símbolos analizados: 0
Sin señal: 0
Esperando/otros: 0
Señales rechazadas: 0
Bloqueadas por estado/límites: 0
Validadas DRY RUN: 0
Nuevas órdenes: 0
Operaciones cerradas sincronizadas: 0
Errores: 0
Duración del ciclo: 0.03s
Intervalo objetivo: 30s
Próximo ciclo en: 29.97s
----------------------------------------------------------------------------------------

========================================================================================
CICLO #0077 | 2026-09-03 14:03:10 UTC | símbolos=0
========================================================================================
----------------------------------------------------------------------------------------
RESUMEN DEL CICLO #0077
Símbolos analizados: 0
Sin señal: 0
Esperando/otros: 0
Señales rechazadas: 0
Bloqueadas por estado/límites: 0
Validadas DRY RUN: 0
Nuevas órdenes: 0
Operaciones cerradas sincronizadas: 0
Errores: 0
Duración del ciclo: 0.03s
Intervalo objetivo: 30s
Próximo ciclo en: 29.97s
----------------------------------------------------------------------------------------

========================================================================================
CICLO #0078 | 2026-09-03 14:03:40 UTC | símbolos=0
========================================================================================
----------------------------------------------------------------------------------------
RESUMEN DEL CICLO #0078
Símbolos analizados: 0
Sin señal: 0
Esperando/otros: 0
Señales rechazadas: 0
Bloqueadas por estado/límites: 0
Validadas DRY RUN: 0
Nuevas órdenes: 0
Operaciones cerradas sincronizadas: 0
Errores: 0
Duración del ciclo: 0.02s
Intervalo objetivo: 30s
Próximo ciclo en: 29.98s
----------------------------------------------------------------------------------------

========================================================================================
CICLO #0079 | 2026-09-03 14:04:10 UTC | símbolos=0
========================================================================================
----------------------------------------------------------------------------------------
RESUMEN DEL CICLO #0079
Símbolos analizados: 0
Sin señal: 0
Esperando/otros: 0
Señales rechazadas: 0
Bloqueadas por estado/límites: 0
Validadas DRY RUN: 0
Nuevas órdenes: 0
Operaciones cerradas sincronizadas: 0
Errores: 0
Duración del ciclo: 0.03s
Intervalo objetivo: 30s
Próximo ciclo en: 29.97s
----------------------------------------------------------------------------------------

========================================================================================
CICLO #0080 | 2026-09-03 14:04:40 UTC | símbolos=0
========================================================================================
----------------------------------------------------------------------------------------
RESUMEN DEL CICLO #0080
Símbolos analizados: 0
Sin señal: 0
Esperando/otros: 0
Señales rechazadas: 0
Bloqueadas por estado/límites: 0
Validadas DRY RUN: 0
Nuevas órdenes: 0
Operaciones cerradas sincronizadas: 0
Errores: 0
Duración del ciclo: 0.03s
Intervalo objetivo: 30s
Próximo ciclo en: 29.97s
----------------------------------------------------------------------------------------

========================================================================================
CICLO #0081 | 2026-09-03 14:05:10 UTC | símbolos=10
========================================================================================
[01/10] START Crash 100 Index
[01/10] END   Crash 100 Index | 0.01s | NO M15 SETUP
    Motivo: NO_DIRECTIONAL_M15_SETUP
[02/10] START Crash 1000 Index
[02/10] END   Crash 1000 Index | 0.01s | DIRECCIÓN BLOQUEADA POR POLÍTICA DEL INSTRUMENTO
    Motivo: CRASH_SELL_ONLY_REQUIRES_SELL_H1_CONTEXT
[03/10] START Crash 150 Index
[03/10] END   Crash 150 Index | 0.01s | DIRECCIÓN BLOQUEADA POR POLÍTICA DEL INSTRUMENTO
    Motivo: CRASH_SELL_ONLY_REQUIRES_SELL_H1_CONTEXT
[04/10] START Crash 200 Index
[04/10] END   Crash 200 Index | 0.87s | NO M5 CONFIRMATION
    Motivo: NO_DIRECTIONAL_M5_CONFIRMATION
    Confirmaciones: 10/13 | 76.9% | calidad=88.00 | decisión=RECHAZADA
    Faltantes: rechazo del precio, desplazamiento, microestructura M5
    Críticas faltantes: BOS REQUIRES REJECTION, DISPLACEMENT REQUIRED FOR LIVE ENTRY
    Rechazo técnico: bos rejection not confirmed, desplazamiento no confirmado, rechazo del precio no confirmado, microestructura M5 no confirmada, falta una confirmación estructural crítica, porcentaje de confirmaciones inferior al 80%
[05/10] START Crash 300 Index
[05/10] END   Crash 300 Index | 1.13s | STALE M5 SIGNAL
    Motivo: M5_CONFIRMATION_TOO_OLD_FOR_LIVE_ENTRY
[06/10] START Crash 50 Index
[06/10] END   Crash 50 Index | 0.01s | DIRECCIÓN BLOQUEADA POR POLÍTICA DEL INSTRUMENTO
    Motivo: CRASH_SELL_ONLY_REQUIRES_SELL_H1_CONTEXT
[07/10] START Crash 500 Index
[07/10] END   Crash 500 Index | 0.01s | DIRECCIÓN BLOQUEADA POR POLÍTICA DEL INSTRUMENTO
    Motivo: CRASH_SELL_ONLY_REQUIRES_SELL_H1_CONTEXT
[08/10] START Crash 600 Index
[08/10] END   Crash 600 Index | 0.01s | NO M15 SETUP
    Motivo: NO_DIRECTIONAL_M15_SETUP
[09/10] START Crash 900 Index
[09/10] END   Crash 900 Index | 0.56s | NO M5 CONFIRMATION
    Motivo: NO_DIRECTIONAL_M5_CONFIRMATION
[10/10] START Crash 99 Index
[10/10] END   Crash 99 Index | 0.01s | DIRECCIÓN BLOQUEADA POR POLÍTICA DEL INSTRUMENTO
    Motivo: CRASH_SELL_ONLY_REQUIRES_SELL_H1_CONTEXT
----------------------------------------------------------------------------------------
RESUMEN DEL CICLO #0081
Símbolos analizados: 10
Sin señal: 0
Esperando/otros: 5
Señales rechazadas: 5
Bloqueadas por estado/límites: 0
Validadas DRY RUN: 0
Nuevas órdenes: 0
Operaciones cerradas sincronizadas: 0
Errores: 0
Duración del ciclo: 2.70s
Intervalo objetivo: 30s
Próximo ciclo en: 27.30s
----------------------------------------------------------------------------------------

========================================================================================
CICLO #0082 | 2026-09-03 14:05:40 UTC | símbolos=0
========================================================================================
----------------------------------------------------------------------------------------
RESUMEN DEL CICLO #0082
Símbolos analizados: 0
Sin señal: 0
Esperando/otros: 0
Señales rechazadas: 0
Bloqueadas por estado/límites: 0
Validadas DRY RUN: 0
Nuevas órdenes: 0
Operaciones cerradas sincronizadas: 0
Errores: 0
Duración del ciclo: 0.02s
Intervalo objetivo: 30s
Próximo ciclo en: 29.98s
----------------------------------------------------------------------------------------

========================================================================================
CICLO #0083 | 2026-09-03 14:06:10 UTC | símbolos=0
========================================================================================
----------------------------------------------------------------------------------------
RESUMEN DEL CICLO #0083
Símbolos analizados: 0
Sin señal: 0
Esperando/otros: 0
Señales rechazadas: 0
Bloqueadas por estado/límites: 0
Validadas DRY RUN: 0
Nuevas órdenes: 0
Operaciones cerradas sincronizadas: 0
Errores: 0
Duración del ciclo: 0.02s
Intervalo objetivo: 30s
Próximo ciclo en: 29.98s
----------------------------------------------------------------------------------------

========================================================================================
CICLO #0084 | 2026-09-03 14:06:40 UTC | símbolos=0
========================================================================================
----------------------------------------------------------------------------------------
RESUMEN DEL CICLO #0084
Símbolos analizados: 0
Sin señal: 0
Esperando/otros: 0
Señales rechazadas: 0
Bloqueadas por estado/límites: 0
Validadas DRY RUN: 0
Nuevas órdenes: 0
Operaciones cerradas sincronizadas: 0
Errores: 0
Duración del ciclo: 0.04s
Intervalo objetivo: 30s
Próximo ciclo en: 29.96s
----------------------------------------------------------------------------------------

========================================================================================
CICLO #0085 | 2026-09-03 14:07:10 UTC | símbolos=0
========================================================================================
----------------------------------------------------------------------------------------
RESUMEN DEL CICLO #0085
Símbolos analizados: 0
Sin señal: 0
Esperando/otros: 0
Señales rechazadas: 0
Bloqueadas por estado/límites: 0
Validadas DRY RUN: 0
Nuevas órdenes: 0
Operaciones cerradas sincronizadas: 0
Errores: 0
Duración del ciclo: 0.03s
Intervalo objetivo: 30s
Próximo ciclo en: 29.97s
----------------------------------------------------------------------------------------

========================================================================================
CICLO #0086 | 2026-09-03 14:07:40 UTC | símbolos=0
========================================================================================
----------------------------------------------------------------------------------------
RESUMEN DEL CICLO #0086
Símbolos analizados: 0
Sin señal: 0
Esperando/otros: 0
Señales rechazadas: 0
Bloqueadas por estado/límites: 0
Validadas DRY RUN: 0
Nuevas órdenes: 0
Operaciones cerradas sincronizadas: 0
Errores: 0
Duración del ciclo: 0.02s
Intervalo objetivo: 30s
Próximo ciclo en: 29.98s
----------------------------------------------------------------------------------------

========================================================================================
CICLO #0087 | 2026-09-03 14:08:10 UTC | símbolos=0
========================================================================================
----------------------------------------------------------------------------------------
RESUMEN DEL CICLO #0087
Símbolos analizados: 0
Sin señal: 0
Esperando/otros: 0
Señales rechazadas: 0
Bloqueadas por estado/límites: 0
Validadas DRY RUN: 0
Nuevas órdenes: 0
Operaciones cerradas sincronizadas: 0
Errores: 0
Duración del ciclo: 0.03s
Intervalo objetivo: 30s
Próximo ciclo en: 29.97s
----------------------------------------------------------------------------------------

========================================================================================
CICLO #0088 | 2026-09-03 14:08:40 UTC | símbolos=0
========================================================================================
----------------------------------------------------------------------------------------
RESUMEN DEL CICLO #0088
Símbolos analizados: 0
Sin señal: 0
Esperando/otros: 0
Señales rechazadas: 0
Bloqueadas por estado/límites: 0
Validadas DRY RUN: 0
Nuevas órdenes: 0
Operaciones cerradas sincronizadas: 0
Errores: 0
Duración del ciclo: 0.02s
Intervalo objetivo: 30s
Próximo ciclo en: 29.98s
----------------------------------------------------------------------------------------

========================================================================================
CICLO #0089 | 2026-09-03 14:09:10 UTC | símbolos=0
========================================================================================
----------------------------------------------------------------------------------------
RESUMEN DEL CICLO #0089
Símbolos analizados: 0
Sin señal: 0
Esperando/otros: 0
Señales rechazadas: 0
Bloqueadas por estado/límites: 0
Validadas DRY RUN: 0
Nuevas órdenes: 0
Operaciones cerradas sincronizadas: 0
Errores: 0
Duración del ciclo: 0.03s
Intervalo objetivo: 30s
Próximo ciclo en: 29.97s
----------------------------------------------------------------------------------------

========================================================================================
CICLO #0090 | 2026-09-03 14:09:40 UTC | símbolos=0
========================================================================================
----------------------------------------------------------------------------------------
RESUMEN DEL CICLO #0090
Símbolos analizados: 0
Sin señal: 0
Esperando/otros: 0
Señales rechazadas: 0
Bloqueadas por estado/límites: 0
Validadas DRY RUN: 0
Nuevas órdenes: 0
Operaciones cerradas sincronizadas: 0
Errores: 0
Duración del ciclo: 0.02s
Intervalo objetivo: 30s
Próximo ciclo en: 29.98s
----------------------------------------------------------------------------------------

========================================================================================
CICLO #0091 | 2026-09-03 14:10:10 UTC | símbolos=10
========================================================================================
[01/10] START Crash 100 Index
[01/10] END   Crash 100 Index | 0.01s | NO M15 SETUP
    Motivo: NO_DIRECTIONAL_M15_SETUP
[02/10] START Crash 1000 Index
[02/10] END   Crash 1000 Index | 0.01s | DIRECCIÓN BLOQUEADA POR POLÍTICA DEL INSTRUMENTO
    Motivo: CRASH_SELL_ONLY_REQUIRES_SELL_H1_CONTEXT
[03/10] START Crash 150 Index
[03/10] END   Crash 150 Index | 0.01s | DIRECCIÓN BLOQUEADA POR POLÍTICA DEL INSTRUMENTO
    Motivo: CRASH_SELL_ONLY_REQUIRES_SELL_H1_CONTEXT
[04/10] START Crash 200 Index
[04/10] END   Crash 200 Index | 0.86s | NO M5 CONFIRMATION
    Motivo: NO_DIRECTIONAL_M5_CONFIRMATION
    Confirmaciones: 10/13 | 76.9% | calidad=88.00 | decisión=RECHAZADA
    Faltantes: rechazo del precio, desplazamiento, microestructura M5
    Críticas faltantes: BOS REQUIRES REJECTION, DISPLACEMENT REQUIRED FOR LIVE ENTRY
    Rechazo técnico: bos rejection not confirmed, desplazamiento no confirmado, rechazo del precio no confirmado, microestructura M5 no confirmada, falta una confirmación estructural crítica, porcentaje de confirmaciones inferior al 80%
[05/10] START Crash 300 Index
[05/10] END   Crash 300 Index | 1.19s | STALE M5 SIGNAL
    Motivo: M5_CONFIRMATION_TOO_OLD_FOR_LIVE_ENTRY
[06/10] START Crash 50 Index
[06/10] END   Crash 50 Index | 0.01s | DIRECCIÓN BLOQUEADA POR POLÍTICA DEL INSTRUMENTO
    Motivo: CRASH_SELL_ONLY_REQUIRES_SELL_H1_CONTEXT
[07/10] START Crash 500 Index
[07/10] END   Crash 500 Index | 0.01s | DIRECCIÓN BLOQUEADA POR POLÍTICA DEL INSTRUMENTO
    Motivo: CRASH_SELL_ONLY_REQUIRES_SELL_H1_CONTEXT
[08/10] START Crash 600 Index
[08/10] END   Crash 600 Index | 0.01s | NO M15 SETUP
    Motivo: NO_DIRECTIONAL_M15_SETUP
[09/10] START Crash 900 Index
[09/10] END   Crash 900 Index | 0.61s | NO M5 CONFIRMATION
    Motivo: NO_DIRECTIONAL_M5_CONFIRMATION
[10/10] START Crash 99 Index
[10/10] END   Crash 99 Index | 0.01s | DIRECCIÓN BLOQUEADA POR POLÍTICA DEL INSTRUMENTO
    Motivo: CRASH_SELL_ONLY_REQUIRES_SELL_H1_CONTEXT
----------------------------------------------------------------------------------------
RESUMEN DEL CICLO #0091
Símbolos analizados: 10
Sin señal: 0
Esperando/otros: 5
Señales rechazadas: 5
Bloqueadas por estado/límites: 0
Validadas DRY RUN: 0
Nuevas órdenes: 0
Operaciones cerradas sincronizadas: 0
Errores: 0
Duración del ciclo: 2.82s
Intervalo objetivo: 30s
Próximo ciclo en: 27.18s
----------------------------------------------------------------------------------------

========================================================================================
CICLO #0092 | 2026-09-03 14:10:40 UTC | símbolos=0
========================================================================================
----------------------------------------------------------------------------------------
RESUMEN DEL CICLO #0092
Símbolos analizados: 0
Sin señal: 0
Esperando/otros: 0
Señales rechazadas: 0
Bloqueadas por estado/límites: 0
Validadas DRY RUN: 0
Nuevas órdenes: 0
Operaciones cerradas sincronizadas: 0
Errores: 0
Duración del ciclo: 0.03s
Intervalo objetivo: 30s
Próximo ciclo en: 29.97s
----------------------------------------------------------------------------------------
Bot detenido por el usuario.
