========================================================================
DERIV DEMO EXECUTION PREFLIGHT
========================================================================
[OK] MT5_ACCOUNT_INFO {'login': 41108926, 'server': 'Deriv-Demo', 'currency': 'USD', 'balance': 10000.0, 'equity': 10000.0, 'margin': 0.0, 'free_margin': 10000.0, 'profit': 0.0, 'leverage': 1000, 'trade_mode': 0, 'snapshot_time': datetime.datetime(2026, 9, 3, 13, 19, 17, 940644, tzinfo=datetime.timezone.utc), 'broker': 'MT5'}
[OK] MT5_TERMINAL_CONNECTED {'trade_allowed': True, 'tradeapi_disabled': False}
[OK] MT5_AUTOTRADING_ALLOWED {'trade_allowed': True, 'tradeapi_disabled': False}
[OK] DEMO_ACCOUNT {'trade_mode': 0, 'server': 'Deriv-Demo'}
[OK] FREE_MARGIN {'free_margin': 10000.0, 'required': 0.0}
[OK] DATABASE_READY {}
[OK] SYMBOL:XAUUSD {'visible': True, 'trade_mode': 4, 'volume_min': 0.01, 'volume_step': 0.01, 'point': 0.01, 'stops_level_points': 20}
========================================================================
STATUS: READY FOR DEMO EXECUTION
DAEMONBLACKFX VERSION: v100-entry-quality-recoverable-quarantine-winrate-audit
BOT ACTIVO: GOLD | MAGIC=26082029 | ESTRATEGIA=SMC/ORB | instrumentos=1 | auto_export=False
========================================================================================
BOT SMC MT5 - DERIV DEMO
========================================================================================
Cuenta: 41108926 | Servidor: Deriv-Demo
Balance: 10000.00 USD
Modo: EJECUCIÓN DEMO
Riesgo por trade: 1.00% | R:R mínimo: 1.50
Intervalo: 10s | Símbolos: 1
Reporte XLSX: C:\TradingBoot\smc_synthetic_bot\storage\exports\deriv_demo_trading_report.xlsx
Pipeline: SMC -> TradeLifecycleManager -> MT5TradeExecutor -> SQLite -> XLSX
========================================================================================
Daemon activo: señales=10s | monitor posiciones/BE=2s | símbolos=1
Progreso: se mostrará cada símbolo y su tiempo de análisis.
{'action': 'POSITION_MONITOR_STARTED', 'signal_interval_seconds': 10, 'position_monitor_interval_seconds': 2, 'monitor_mode': 'BACKGROUND_DECOUPLED'}

========================================================================================
CICLO #0001 | 2026-09-03 13:19:20 UTC | símbolos=1
========================================================================================
[01/01] START XAUUSD
[01/01] END   XAUUSD | 5.27s | NO M5 CONFIRMATION
    Motivo: NO_DIRECTIONAL_M5_CONFIRMATION
----------------------------------------------------------------------------------------
RESUMEN DEL CICLO #0001
Símbolos analizados: 1
Sin señal: 0
Esperando/otros: 1
Señales rechazadas: 0
Bloqueadas por estado/límites: 0
Validadas DRY RUN: 0
Nuevas órdenes: 0
Operaciones cerradas sincronizadas: 0
Errores: 0
Duración del ciclo: 5.35s
Intervalo objetivo: 10s
Próximo ciclo en: 4.65s
----------------------------------------------------------------------------------------

========================================================================================
CICLO #0002 | 2026-09-03 13:19:30 UTC | símbolos=0
========================================================================================
----------------------------------------------------------------------------------------
RESUMEN DEL CICLO #0002
Símbolos analizados: 0
Sin señal: 0
Esperando/otros: 0
Señales rechazadas: 0
Bloqueadas por estado/límites: 0
Validadas DRY RUN: 0
Nuevas órdenes: 0
Operaciones cerradas sincronizadas: 0
Errores: 0
Duración del ciclo: 0.02s
Intervalo objetivo: 10s
Próximo ciclo en: 9.98s
----------------------------------------------------------------------------------------

========================================================================================
CICLO #0003 | 2026-09-03 13:19:40 UTC | símbolos=0
========================================================================================
----------------------------------------------------------------------------------------
RESUMEN DEL CICLO #0003
Símbolos analizados: 0
Sin señal: 0
Esperando/otros: 0
Señales rechazadas: 0
Bloqueadas por estado/límites: 0
Validadas DRY RUN: 0
Nuevas órdenes: 0
Operaciones cerradas sincronizadas: 0
Errores: 0
Duración del ciclo: 0.46s
Intervalo objetivo: 10s
Próximo ciclo en: 9.54s
----------------------------------------------------------------------------------------

========================================================================================
CICLO #0004 | 2026-09-03 13:19:50 UTC | símbolos=0
========================================================================================
----------------------------------------------------------------------------------------
RESUMEN DEL CICLO #0004
Símbolos analizados: 0
Sin señal: 0
Esperando/otros: 0
Señales rechazadas: 0
Bloqueadas por estado/límites: 0
Validadas DRY RUN: 0
Nuevas órdenes: 0
Operaciones cerradas sincronizadas: 0
Errores: 0
Duración del ciclo: 0.23s
Intervalo objetivo: 10s
Próximo ciclo en: 9.77s
----------------------------------------------------------------------------------------

========================================================================================
CICLO #0005 | 2026-09-03 13:20:00 UTC | símbolos=0
========================================================================================
----------------------------------------------------------------------------------------
RESUMEN DEL CICLO #0005
Símbolos analizados: 0
Sin señal: 0
Esperando/otros: 0
Señales rechazadas: 0
Bloqueadas por estado/límites: 0
Validadas DRY RUN: 0
Nuevas órdenes: 0
Operaciones cerradas sincronizadas: 0
Errores: 0
Duración del ciclo: 0.10s
Intervalo objetivo: 10s
Próximo ciclo en: 9.90s
----------------------------------------------------------------------------------------

========================================================================================
CICLO #0006 | 2026-09-03 13:20:10 UTC | símbolos=1
========================================================================================
[01/01] START XAUUSD
[01/01] END   XAUUSD | 1.24s | NO M5 CONFIRMATION
    Motivo: NO_DIRECTIONAL_M5_CONFIRMATION
----------------------------------------------------------------------------------------
RESUMEN DEL CICLO #0006
Símbolos analizados: 1
Sin señal: 0
Esperando/otros: 1
Señales rechazadas: 0
Bloqueadas por estado/límites: 0
Validadas DRY RUN: 0
Nuevas órdenes: 0
Operaciones cerradas sincronizadas: 0
Errores: 0
Duración del ciclo: 1.27s
Intervalo objetivo: 10s
Próximo ciclo en: 8.73s
----------------------------------------------------------------------------------------

========================================================================================
CICLO #0007 | 2026-09-03 13:20:20 UTC | símbolos=0
========================================================================================
----------------------------------------------------------------------------------------
RESUMEN DEL CICLO #0007
Símbolos analizados: 0
Sin señal: 0
Esperando/otros: 0
Señales rechazadas: 0
Bloqueadas por estado/límites: 0
Validadas DRY RUN: 0
Nuevas órdenes: 0
Operaciones cerradas sincronizadas: 0
Errores: 0
Duración del ciclo: 0.02s
Intervalo objetivo: 10s
Próximo ciclo en: 9.98s
----------------------------------------------------------------------------------------

========================================================================================
CICLO #0008 | 2026-09-03 13:20:30 UTC | símbolos=0
========================================================================================
----------------------------------------------------------------------------------------
RESUMEN DEL CICLO #0008
Símbolos analizados: 0
Sin señal: 0
Esperando/otros: 0
Señales rechazadas: 0
Bloqueadas por estado/límites: 0
Validadas DRY RUN: 0
Nuevas órdenes: 0
Operaciones cerradas sincronizadas: 0
Errores: 0
Duración del ciclo: 0.01s
Intervalo objetivo: 10s
Próximo ciclo en: 9.99s
----------------------------------------------------------------------------------------

========================================================================================
CICLO #0009 | 2026-09-03 13:20:40 UTC | símbolos=0
========================================================================================
----------------------------------------------------------------------------------------
RESUMEN DEL CICLO #0009
Símbolos analizados: 0
Sin señal: 0
Esperando/otros: 0
Señales rechazadas: 0
Bloqueadas por estado/límites: 0
Validadas DRY RUN: 0
Nuevas órdenes: 0
Operaciones cerradas sincronizadas: 0
Errores: 0
Duración del ciclo: 0.01s
Intervalo objetivo: 10s
Próximo ciclo en: 9.99s
----------------------------------------------------------------------------------------

========================================================================================
CICLO #0010 | 2026-09-03 13:20:50 UTC | símbolos=0
========================================================================================
----------------------------------------------------------------------------------------
RESUMEN DEL CICLO #0010
Símbolos analizados: 0
Sin señal: 0
Esperando/otros: 0
Señales rechazadas: 0
Bloqueadas por estado/límites: 0
Validadas DRY RUN: 0
Nuevas órdenes: 0
Operaciones cerradas sincronizadas: 0
Errores: 0
Duración del ciclo: 0.01s
Intervalo objetivo: 10s
Próximo ciclo en: 9.99s
----------------------------------------------------------------------------------------

========================================================================================
CICLO #0011 | 2026-09-03 13:21:00 UTC | símbolos=0
========================================================================================
----------------------------------------------------------------------------------------
RESUMEN DEL CICLO #0011
Símbolos analizados: 0
Sin señal: 0
Esperando/otros: 0
Señales rechazadas: 0
Bloqueadas por estado/límites: 0
Validadas DRY RUN: 0
Nuevas órdenes: 0
Operaciones cerradas sincronizadas: 0
Errores: 0
Duración del ciclo: 0.01s
Intervalo objetivo: 10s
Próximo ciclo en: 9.99s
----------------------------------------------------------------------------------------

========================================================================================
CICLO #0012 | 2026-09-03 13:21:10 UTC | símbolos=0
========================================================================================
----------------------------------------------------------------------------------------
RESUMEN DEL CICLO #0012
Símbolos analizados: 0
Sin señal: 0
Esperando/otros: 0
Señales rechazadas: 0
Bloqueadas por estado/límites: 0
Validadas DRY RUN: 0
Nuevas órdenes: 0
Operaciones cerradas sincronizadas: 0
Errores: 0
Duración del ciclo: 0.01s
Intervalo objetivo: 10s
Próximo ciclo en: 9.99s
----------------------------------------------------------------------------------------

========================================================================================
CICLO #0013 | 2026-09-03 13:21:20 UTC | símbolos=0
========================================================================================
----------------------------------------------------------------------------------------
RESUMEN DEL CICLO #0013
Símbolos analizados: 0
Sin señal: 0
Esperando/otros: 0
Señales rechazadas: 0
Bloqueadas por estado/límites: 0
Validadas DRY RUN: 0
Nuevas órdenes: 0
Operaciones cerradas sincronizadas: 0
Errores: 0
Duración del ciclo: 0.01s
Intervalo objetivo: 10s
Próximo ciclo en: 9.99s
----------------------------------------------------------------------------------------

========================================================================================
CICLO #0014 | 2026-09-03 13:21:30 UTC | símbolos=0
========================================================================================
----------------------------------------------------------------------------------------
RESUMEN DEL CICLO #0014
Símbolos analizados: 0
Sin señal: 0
Esperando/otros: 0
Señales rechazadas: 0
Bloqueadas por estado/límites: 0
Validadas DRY RUN: 0
Nuevas órdenes: 0
Operaciones cerradas sincronizadas: 0
Errores: 0
Duración del ciclo: 0.01s
Intervalo objetivo: 10s
Próximo ciclo en: 9.99s
----------------------------------------------------------------------------------------

========================================================================================
CICLO #0015 | 2026-09-03 13:21:40 UTC | símbolos=0
========================================================================================
----------------------------------------------------------------------------------------
RESUMEN DEL CICLO #0015
Símbolos analizados: 0
Sin señal: 0
Esperando/otros: 0
Señales rechazadas: 0
Bloqueadas por estado/límites: 0
Validadas DRY RUN: 0
Nuevas órdenes: 0
Operaciones cerradas sincronizadas: 0
Errores: 0
Duración del ciclo: 0.03s
Intervalo objetivo: 10s
Próximo ciclo en: 9.97s
----------------------------------------------------------------------------------------

========================================================================================
CICLO #0016 | 2026-09-03 13:21:50 UTC | símbolos=0
========================================================================================
----------------------------------------------------------------------------------------
RESUMEN DEL CICLO #0016
Símbolos analizados: 0
Sin señal: 0
Esperando/otros: 0
Señales rechazadas: 0
Bloqueadas por estado/límites: 0
Validadas DRY RUN: 0
Nuevas órdenes: 0
Operaciones cerradas sincronizadas: 0
Errores: 0
Duración del ciclo: 0.01s
Intervalo objetivo: 10s
Próximo ciclo en: 9.99s
----------------------------------------------------------------------------------------

========================================================================================
CICLO #0017 | 2026-09-03 13:22:00 UTC | símbolos=0
========================================================================================
----------------------------------------------------------------------------------------
RESUMEN DEL CICLO #0017
Símbolos analizados: 0
Sin señal: 0
Esperando/otros: 0
Señales rechazadas: 0
Bloqueadas por estado/límites: 0
Validadas DRY RUN: 0
Nuevas órdenes: 0
Operaciones cerradas sincronizadas: 0
Errores: 0
Duración del ciclo: 0.01s
Intervalo objetivo: 10s
Próximo ciclo en: 9.99s
----------------------------------------------------------------------------------------

========================================================================================
CICLO #0018 | 2026-09-03 13:22:10 UTC | símbolos=0
========================================================================================
----------------------------------------------------------------------------------------
RESUMEN DEL CICLO #0018
Símbolos analizados: 0
Sin señal: 0
Esperando/otros: 0
Señales rechazadas: 0
Bloqueadas por estado/límites: 0
Validadas DRY RUN: 0
Nuevas órdenes: 0
Operaciones cerradas sincronizadas: 0
Errores: 0
Duración del ciclo: 0.01s
Intervalo objetivo: 10s
Próximo ciclo en: 9.99s
----------------------------------------------------------------------------------------

========================================================================================
CICLO #0019 | 2026-09-03 13:22:20 UTC | símbolos=0
========================================================================================
----------------------------------------------------------------------------------------
RESUMEN DEL CICLO #0019
Símbolos analizados: 0
Sin señal: 0
Esperando/otros: 0
Señales rechazadas: 0
Bloqueadas por estado/límites: 0
Validadas DRY RUN: 0
Nuevas órdenes: 0
Operaciones cerradas sincronizadas: 0
Errores: 0
Duración del ciclo: 0.01s
Intervalo objetivo: 10s
Próximo ciclo en: 9.99s
----------------------------------------------------------------------------------------

========================================================================================
CICLO #0020 | 2026-09-03 13:22:30 UTC | símbolos=0
========================================================================================
----------------------------------------------------------------------------------------
RESUMEN DEL CICLO #0020
Símbolos analizados: 0
Sin señal: 0
Esperando/otros: 0
Señales rechazadas: 0
Bloqueadas por estado/límites: 0
Validadas DRY RUN: 0
Nuevas órdenes: 0
Operaciones cerradas sincronizadas: 0
Errores: 0
Duración del ciclo: 0.01s
Intervalo objetivo: 10s
Próximo ciclo en: 9.99s
----------------------------------------------------------------------------------------

========================================================================================
CICLO #0021 | 2026-09-03 13:22:40 UTC | símbolos=0
========================================================================================
----------------------------------------------------------------------------------------
RESUMEN DEL CICLO #0021
Símbolos analizados: 0
Sin señal: 0
Esperando/otros: 0
Señales rechazadas: 0
Bloqueadas por estado/límites: 0
Validadas DRY RUN: 0
Nuevas órdenes: 0
Operaciones cerradas sincronizadas: 0
Errores: 0
Duración del ciclo: 0.02s
Intervalo objetivo: 10s
Próximo ciclo en: 9.98s
----------------------------------------------------------------------------------------

========================================================================================
CICLO #0022 | 2026-09-03 13:22:50 UTC | símbolos=0
========================================================================================
----------------------------------------------------------------------------------------
RESUMEN DEL CICLO #0022
Símbolos analizados: 0
Sin señal: 0
Esperando/otros: 0
Señales rechazadas: 0
Bloqueadas por estado/límites: 0
Validadas DRY RUN: 0
Nuevas órdenes: 0
Operaciones cerradas sincronizadas: 0
Errores: 0
Duración del ciclo: 0.01s
Intervalo objetivo: 10s
Próximo ciclo en: 9.99s
----------------------------------------------------------------------------------------

========================================================================================
CICLO #0023 | 2026-09-03 13:23:00 UTC | símbolos=0
========================================================================================
----------------------------------------------------------------------------------------
RESUMEN DEL CICLO #0023
Símbolos analizados: 0
Sin señal: 0
Esperando/otros: 0
Señales rechazadas: 0
Bloqueadas por estado/límites: 0
Validadas DRY RUN: 0
Nuevas órdenes: 0
Operaciones cerradas sincronizadas: 0
Errores: 0
Duración del ciclo: 0.01s
Intervalo objetivo: 10s
Próximo ciclo en: 9.99s
----------------------------------------------------------------------------------------

========================================================================================
CICLO #0024 | 2026-09-03 13:23:10 UTC | símbolos=0
========================================================================================
----------------------------------------------------------------------------------------
RESUMEN DEL CICLO #0024
Símbolos analizados: 0
Sin señal: 0
Esperando/otros: 0
Señales rechazadas: 0
Bloqueadas por estado/límites: 0
Validadas DRY RUN: 0
Nuevas órdenes: 0
Operaciones cerradas sincronizadas: 0
Errores: 0
Duración del ciclo: 0.02s
Intervalo objetivo: 10s
Próximo ciclo en: 9.98s
----------------------------------------------------------------------------------------

========================================================================================
CICLO #0025 | 2026-09-03 13:23:20 UTC | símbolos=0
========================================================================================
----------------------------------------------------------------------------------------
RESUMEN DEL CICLO #0025
Símbolos analizados: 0
Sin señal: 0
Esperando/otros: 0
Señales rechazadas: 0
Bloqueadas por estado/límites: 0
Validadas DRY RUN: 0
Nuevas órdenes: 0
Operaciones cerradas sincronizadas: 0
Errores: 0
Duración del ciclo: 0.01s
Intervalo objetivo: 10s
Próximo ciclo en: 9.99s
----------------------------------------------------------------------------------------
Bot detenido por el usuario.
========================================================================
DERIV DEMO EXECUTION PREFLIGHT
========================================================================
[OK] MT5_ACCOUNT_INFO {'login': 41108926, 'server': 'Deriv-Demo', 'currency': 'USD', 'balance': 9999.39, 'equity': 9999.39, 'margin': 0.0, 'free_margin': 9999.39, 'profit': 0.0, 'leverage': 1000, 'trade_mode': 0, 'snapshot_time': datetime.datetime(2026, 9, 3, 13, 24, 39, 910513, tzinfo=datetime.timezone.utc), 'broker': 'MT5'}
[OK] MT5_TERMINAL_CONNECTED {'trade_allowed': True, 'tradeapi_disabled': False}
[OK] MT5_AUTOTRADING_ALLOWED {'trade_allowed': True, 'tradeapi_disabled': False}
[OK] DEMO_ACCOUNT {'trade_mode': 0, 'server': 'Deriv-Demo'}
[OK] FREE_MARGIN {'free_margin': 9999.39, 'required': 0.0}
[OK] DATABASE_READY {}
[OK] SYMBOL:XAUUSD {'visible': True, 'trade_mode': 4, 'volume_min': 0.01, 'volume_step': 0.01, 'point': 0.01, 'stops_level_points': 20}
========================================================================
STATUS: READY FOR DEMO EXECUTION
DAEMONBLACKFX VERSION: v100-entry-quality-recoverable-quarantine-winrate-audit
BOT ACTIVO: GOLD | MAGIC=26082029 | ESTRATEGIA=SMC/ORB | instrumentos=1 | auto_export=False
========================================================================================
BOT SMC MT5 - DERIV DEMO
========================================================================================
Cuenta: 41108926 | Servidor: Deriv-Demo
Balance: 9999.39 USD
Modo: EJECUCIÓN DEMO
Riesgo por trade: 1.00% | R:R mínimo: 1.50
Intervalo: 10s | Símbolos: 1
Reporte XLSX: C:\TradingBoot\smc_synthetic_bot\storage\exports\deriv_demo_trading_report.xlsx
Pipeline: SMC -> TradeLifecycleManager -> MT5TradeExecutor -> SQLite -> XLSX
========================================================================================
Daemon activo: señales=10s | monitor posiciones/BE=2s | símbolos=1
Progreso: se mostrará cada símbolo y su tiempo de análisis.
{'action': 'POSITION_MONITOR_STARTED', 'signal_interval_seconds': 10, 'position_monitor_interval_seconds': 2, 'monitor_mode': 'BACKGROUND_DECOUPLED'}

========================================================================================
CICLO #0001 | 2026-09-03 13:24:42 UTC | símbolos=1
========================================================================================
[01/01] START XAUUSD
[01/01] END   XAUUSD | 5.38s | NO M5 CONFIRMATION
    Motivo: NO_DIRECTIONAL_M5_CONFIRMATION
----------------------------------------------------------------------------------------
RESUMEN DEL CICLO #0001
Símbolos analizados: 1
Sin señal: 0
Esperando/otros: 1
Señales rechazadas: 0
Bloqueadas por estado/límites: 0
Validadas DRY RUN: 0
Nuevas órdenes: 0
Operaciones cerradas sincronizadas: 0
Errores: 0
Duración del ciclo: 5.45s
Intervalo objetivo: 10s
Próximo ciclo en: 4.55s
----------------------------------------------------------------------------------------

========================================================================================
CICLO #0002 | 2026-09-03 13:24:52 UTC | símbolos=0
========================================================================================
----------------------------------------------------------------------------------------
RESUMEN DEL CICLO #0002
Símbolos analizados: 0
Sin señal: 0
Esperando/otros: 0
Señales rechazadas: 0
Bloqueadas por estado/límites: 0
Validadas DRY RUN: 0
Nuevas órdenes: 0
Operaciones cerradas sincronizadas: 0
Errores: 0
Duración del ciclo: 0.03s
Intervalo objetivo: 10s
Próximo ciclo en: 9.97s
----------------------------------------------------------------------------------------

========================================================================================
CICLO #0003 | 2026-09-03 13:25:02 UTC | símbolos=1
========================================================================================
[01/01] START XAUUSD
[01/01] END   XAUUSD | 1.23s | NO M5 CONFIRMATION
    Motivo: NO_DIRECTIONAL_M5_CONFIRMATION
----------------------------------------------------------------------------------------
RESUMEN DEL CICLO #0003
Símbolos analizados: 1
Sin señal: 0
Esperando/otros: 1
Señales rechazadas: 0
Bloqueadas por estado/límites: 0
Validadas DRY RUN: 0
Nuevas órdenes: 0
Operaciones cerradas sincronizadas: 0
Errores: 0
Duración del ciclo: 1.64s
Intervalo objetivo: 10s
Próximo ciclo en: 8.36s
----------------------------------------------------------------------------------------

========================================================================================
CICLO #0004 | 2026-09-03 13:25:12 UTC | símbolos=0
========================================================================================
----------------------------------------------------------------------------------------
RESUMEN DEL CICLO #0004
Símbolos analizados: 0
Sin señal: 0
Esperando/otros: 0
Señales rechazadas: 0
Bloqueadas por estado/límites: 0
Validadas DRY RUN: 0
Nuevas órdenes: 0
Operaciones cerradas sincronizadas: 0
Errores: 0
Duración del ciclo: 1.03s
Intervalo objetivo: 10s
Próximo ciclo en: 8.97s
----------------------------------------------------------------------------------------

========================================================================================
CICLO #0005 | 2026-09-03 13:25:22 UTC | símbolos=0
========================================================================================
----------------------------------------------------------------------------------------
RESUMEN DEL CICLO #0005
Símbolos analizados: 0
Sin señal: 0
Esperando/otros: 0
Señales rechazadas: 0
Bloqueadas por estado/límites: 0
Validadas DRY RUN: 0
Nuevas órdenes: 0
Operaciones cerradas sincronizadas: 0
Errores: 0
Duración del ciclo: 0.04s
Intervalo objetivo: 10s
Próximo ciclo en: 9.96s
----------------------------------------------------------------------------------------

========================================================================================
CICLO #0006 | 2026-09-03 13:25:32 UTC | símbolos=0
========================================================================================
----------------------------------------------------------------------------------------
RESUMEN DEL CICLO #0006
Símbolos analizados: 0
Sin señal: 0
Esperando/otros: 0
Señales rechazadas: 0
Bloqueadas por estado/límites: 0
Validadas DRY RUN: 0
Nuevas órdenes: 0
Operaciones cerradas sincronizadas: 0
Errores: 0
Duración del ciclo: 0.01s
Intervalo objetivo: 10s
Próximo ciclo en: 9.99s
----------------------------------------------------------------------------------------

========================================================================================
CICLO #0007 | 2026-09-03 13:25:42 UTC | símbolos=0
========================================================================================
----------------------------------------------------------------------------------------
RESUMEN DEL CICLO #0007
Símbolos analizados: 0
Sin señal: 0
Esperando/otros: 0
Señales rechazadas: 0
Bloqueadas por estado/límites: 0
Validadas DRY RUN: 0
Nuevas órdenes: 0
Operaciones cerradas sincronizadas: 0
Errores: 0
Duración del ciclo: 0.01s
Intervalo objetivo: 10s
Próximo ciclo en: 9.99s
----------------------------------------------------------------------------------------

========================================================================================
CICLO #0008 | 2026-09-03 13:25:52 UTC | símbolos=0
========================================================================================
----------------------------------------------------------------------------------------
RESUMEN DEL CICLO #0008
Símbolos analizados: 0
Sin señal: 0
Esperando/otros: 0
Señales rechazadas: 0
Bloqueadas por estado/límites: 0
Validadas DRY RUN: 0
Nuevas órdenes: 0
Operaciones cerradas sincronizadas: 0
Errores: 0
Duración del ciclo: 0.01s
Intervalo objetivo: 10s
Próximo ciclo en: 9.99s
----------------------------------------------------------------------------------------

========================================================================================
CICLO #0009 | 2026-09-03 13:26:02 UTC | símbolos=0
========================================================================================
----------------------------------------------------------------------------------------
RESUMEN DEL CICLO #0009
Símbolos analizados: 0
Sin señal: 0
Esperando/otros: 0
Señales rechazadas: 0
Bloqueadas por estado/límites: 0
Validadas DRY RUN: 0
Nuevas órdenes: 0
Operaciones cerradas sincronizadas: 0
Errores: 0
Duración del ciclo: 0.01s
Intervalo objetivo: 10s
Próximo ciclo en: 9.99s
----------------------------------------------------------------------------------------

========================================================================================
CICLO #0010 | 2026-09-03 13:26:12 UTC | símbolos=0
========================================================================================
----------------------------------------------------------------------------------------
RESUMEN DEL CICLO #0010
Símbolos analizados: 0
Sin señal: 0
Esperando/otros: 0
Señales rechazadas: 0
Bloqueadas por estado/límites: 0
Validadas DRY RUN: 0
Nuevas órdenes: 0
Operaciones cerradas sincronizadas: 0
Errores: 0
Duración del ciclo: 0.04s
Intervalo objetivo: 10s
Próximo ciclo en: 9.96s
----------------------------------------------------------------------------------------

========================================================================================
CICLO #0011 | 2026-09-03 13:26:22 UTC | símbolos=0
========================================================================================
----------------------------------------------------------------------------------------
RESUMEN DEL CICLO #0011
Símbolos analizados: 0
Sin señal: 0
Esperando/otros: 0
Señales rechazadas: 0
Bloqueadas por estado/límites: 0
Validadas DRY RUN: 0
Nuevas órdenes: 0
Operaciones cerradas sincronizadas: 0
Errores: 0
Duración del ciclo: 0.01s
Intervalo objetivo: 10s
Próximo ciclo en: 9.99s
----------------------------------------------------------------------------------------

========================================================================================
CICLO #0012 | 2026-09-03 13:26:32 UTC | símbolos=0
========================================================================================
----------------------------------------------------------------------------------------
RESUMEN DEL CICLO #0012
Símbolos analizados: 0
Sin señal: 0
Esperando/otros: 0
Señales rechazadas: 0
Bloqueadas por estado/límites: 0
Validadas DRY RUN: 0
Nuevas órdenes: 0
Operaciones cerradas sincronizadas: 0
Errores: 0
Duración del ciclo: 0.01s
Intervalo objetivo: 10s
Próximo ciclo en: 9.99s
----------------------------------------------------------------------------------------

========================================================================================
CICLO #0013 | 2026-09-03 13:26:42 UTC | símbolos=0
========================================================================================
----------------------------------------------------------------------------------------
RESUMEN DEL CICLO #0013
Símbolos analizados: 0
Sin señal: 0
Esperando/otros: 0
Señales rechazadas: 0
Bloqueadas por estado/límites: 0
Validadas DRY RUN: 0
Nuevas órdenes: 0
Operaciones cerradas sincronizadas: 0
Errores: 0
Duración del ciclo: 0.01s
Intervalo objetivo: 10s
Próximo ciclo en: 9.99s
----------------------------------------------------------------------------------------

========================================================================================
CICLO #0014 | 2026-09-03 13:26:52 UTC | símbolos=0
========================================================================================
----------------------------------------------------------------------------------------
RESUMEN DEL CICLO #0014
Símbolos analizados: 0
Sin señal: 0
Esperando/otros: 0
Señales rechazadas: 0
Bloqueadas por estado/límites: 0
Validadas DRY RUN: 0
Nuevas órdenes: 0
Operaciones cerradas sincronizadas: 0
Errores: 0
Duración del ciclo: 0.01s
Intervalo objetivo: 10s
Próximo ciclo en: 9.99s
----------------------------------------------------------------------------------------

========================================================================================
CICLO #0015 | 2026-09-03 13:27:02 UTC | símbolos=0
========================================================================================
----------------------------------------------------------------------------------------
RESUMEN DEL CICLO #0015
Símbolos analizados: 0
Sin señal: 0
Esperando/otros: 0
Señales rechazadas: 0
Bloqueadas por estado/límites: 0
Validadas DRY RUN: 0
Nuevas órdenes: 0
Operaciones cerradas sincronizadas: 0
Errores: 0
Duración del ciclo: 0.01s
Intervalo objetivo: 10s
Próximo ciclo en: 9.99s
----------------------------------------------------------------------------------------

========================================================================================
CICLO #0016 | 2026-09-03 13:27:12 UTC | símbolos=0
========================================================================================
----------------------------------------------------------------------------------------
RESUMEN DEL CICLO #0016
Símbolos analizados: 0
Sin señal: 0
Esperando/otros: 0
Señales rechazadas: 0
Bloqueadas por estado/límites: 0
Validadas DRY RUN: 0
Nuevas órdenes: 0
Operaciones cerradas sincronizadas: 0
Errores: 0
Duración del ciclo: 0.01s
Intervalo objetivo: 10s
Próximo ciclo en: 9.99s
----------------------------------------------------------------------------------------

========================================================================================
CICLO #0017 | 2026-09-03 13:27:22 UTC | símbolos=0
========================================================================================
----------------------------------------------------------------------------------------
RESUMEN DEL CICLO #0017
Símbolos analizados: 0
Sin señal: 0
Esperando/otros: 0
Señales rechazadas: 0
Bloqueadas por estado/límites: 0
Validadas DRY RUN: 0
Nuevas órdenes: 0
Operaciones cerradas sincronizadas: 0
Errores: 0
Duración del ciclo: 0.01s
Intervalo objetivo: 10s
Próximo ciclo en: 9.99s
----------------------------------------------------------------------------------------

========================================================================================
CICLO #0018 | 2026-09-03 13:27:32 UTC | símbolos=0
========================================================================================
----------------------------------------------------------------------------------------
RESUMEN DEL CICLO #0018
Símbolos analizados: 0
Sin señal: 0
Esperando/otros: 0
Señales rechazadas: 0
Bloqueadas por estado/límites: 0
Validadas DRY RUN: 0
Nuevas órdenes: 0
Operaciones cerradas sincronizadas: 0
Errores: 0
Duración del ciclo: 0.01s
Intervalo objetivo: 10s
Próximo ciclo en: 9.99s
----------------------------------------------------------------------------------------

========================================================================================
CICLO #0019 | 2026-09-03 13:27:42 UTC | símbolos=0
========================================================================================
----------------------------------------------------------------------------------------
RESUMEN DEL CICLO #0019
Símbolos analizados: 0
Sin señal: 0
Esperando/otros: 0
Señales rechazadas: 0
Bloqueadas por estado/límites: 0
Validadas DRY RUN: 0
Nuevas órdenes: 0
Operaciones cerradas sincronizadas: 0
Errores: 0
Duración del ciclo: 0.01s
Intervalo objetivo: 10s
Próximo ciclo en: 9.99s
----------------------------------------------------------------------------------------

========================================================================================
CICLO #0020 | 2026-09-03 13:27:52 UTC | símbolos=0
========================================================================================
----------------------------------------------------------------------------------------
RESUMEN DEL CICLO #0020
Símbolos analizados: 0
Sin señal: 0
Esperando/otros: 0
Señales rechazadas: 0
Bloqueadas por estado/límites: 0
Validadas DRY RUN: 0
Nuevas órdenes: 0
Operaciones cerradas sincronizadas: 0
Errores: 0
Duración del ciclo: 0.01s
Intervalo objetivo: 10s
Próximo ciclo en: 9.99s
----------------------------------------------------------------------------------------

========================================================================================
CICLO #0021 | 2026-09-03 13:28:02 UTC | símbolos=0
========================================================================================
----------------------------------------------------------------------------------------
RESUMEN DEL CICLO #0021
Símbolos analizados: 0
Sin señal: 0
Esperando/otros: 0
Señales rechazadas: 0
Bloqueadas por estado/límites: 0
Validadas DRY RUN: 0
Nuevas órdenes: 0
Operaciones cerradas sincronizadas: 0
Errores: 0
Duración del ciclo: 0.01s
Intervalo objetivo: 10s
Próximo ciclo en: 9.99s
----------------------------------------------------------------------------------------

========================================================================================
CICLO #0022 | 2026-09-03 13:28:12 UTC | símbolos=0
========================================================================================
----------------------------------------------------------------------------------------
RESUMEN DEL CICLO #0022
Símbolos analizados: 0
Sin señal: 0
Esperando/otros: 0
Señales rechazadas: 0
Bloqueadas por estado/límites: 0
Validadas DRY RUN: 0
Nuevas órdenes: 0
Operaciones cerradas sincronizadas: 0
Errores: 0
Duración del ciclo: 0.01s
Intervalo objetivo: 10s
Próximo ciclo en: 9.99s
----------------------------------------------------------------------------------------

========================================================================================
CICLO #0023 | 2026-09-03 13:28:22 UTC | símbolos=0
========================================================================================
----------------------------------------------------------------------------------------
RESUMEN DEL CICLO #0023
Símbolos analizados: 0
Sin señal: 0
Esperando/otros: 0
Señales rechazadas: 0
Bloqueadas por estado/límites: 0
Validadas DRY RUN: 0
Nuevas órdenes: 0
Operaciones cerradas sincronizadas: 0
Errores: 0
Duración del ciclo: 0.01s
Intervalo objetivo: 10s
Próximo ciclo en: 9.99s
----------------------------------------------------------------------------------------

========================================================================================
CICLO #0024 | 2026-09-03 13:28:32 UTC | símbolos=0
========================================================================================
----------------------------------------------------------------------------------------
RESUMEN DEL CICLO #0024
Símbolos analizados: 0
Sin señal: 0
Esperando/otros: 0
Señales rechazadas: 0
Bloqueadas por estado/límites: 0
Validadas DRY RUN: 0
Nuevas órdenes: 0
Operaciones cerradas sincronizadas: 0
Errores: 0
Duración del ciclo: 0.01s
Intervalo objetivo: 10s
Próximo ciclo en: 9.99s
----------------------------------------------------------------------------------------

========================================================================================
CICLO #0025 | 2026-09-03 13:28:42 UTC | símbolos=0
========================================================================================
----------------------------------------------------------------------------------------
RESUMEN DEL CICLO #0025
Símbolos analizados: 0
Sin señal: 0
Esperando/otros: 0
Señales rechazadas: 0
Bloqueadas por estado/límites: 0
Validadas DRY RUN: 0
Nuevas órdenes: 0
Operaciones cerradas sincronizadas: 0
Errores: 0
Duración del ciclo: 0.01s
Intervalo objetivo: 10s
Próximo ciclo en: 9.99s
----------------------------------------------------------------------------------------

========================================================================================
CICLO #0026 | 2026-09-03 13:28:52 UTC | símbolos=0
========================================================================================
----------------------------------------------------------------------------------------
RESUMEN DEL CICLO #0026
Símbolos analizados: 0
Sin señal: 0
Esperando/otros: 0
Señales rechazadas: 0
Bloqueadas por estado/límites: 0
Validadas DRY RUN: 0
Nuevas órdenes: 0
Operaciones cerradas sincronizadas: 0
Errores: 0
Duración del ciclo: 0.01s
Intervalo objetivo: 10s
Próximo ciclo en: 9.99s
----------------------------------------------------------------------------------------

========================================================================================
CICLO #0027 | 2026-09-03 13:29:02 UTC | símbolos=0
========================================================================================
----------------------------------------------------------------------------------------
RESUMEN DEL CICLO #0027
Símbolos analizados: 0
Sin señal: 0
Esperando/otros: 0
Señales rechazadas: 0
Bloqueadas por estado/límites: 0
Validadas DRY RUN: 0
Nuevas órdenes: 0
Operaciones cerradas sincronizadas: 0
Errores: 0
Duración del ciclo: 0.01s
Intervalo objetivo: 10s
Próximo ciclo en: 9.99s
----------------------------------------------------------------------------------------

========================================================================================
CICLO #0028 | 2026-09-03 13:29:12 UTC | símbolos=0
========================================================================================
----------------------------------------------------------------------------------------
RESUMEN DEL CICLO #0028
Símbolos analizados: 0
Sin señal: 0
Esperando/otros: 0
Señales rechazadas: 0
Bloqueadas por estado/límites: 0
Validadas DRY RUN: 0
Nuevas órdenes: 0
Operaciones cerradas sincronizadas: 0
Errores: 0
Duración del ciclo: 0.01s
Intervalo objetivo: 10s
Próximo ciclo en: 9.99s
----------------------------------------------------------------------------------------

========================================================================================
CICLO #0029 | 2026-09-03 13:29:22 UTC | símbolos=0
========================================================================================
----------------------------------------------------------------------------------------
RESUMEN DEL CICLO #0029
Símbolos analizados: 0
Sin señal: 0
Esperando/otros: 0
Señales rechazadas: 0
Bloqueadas por estado/límites: 0
Validadas DRY RUN: 0
Nuevas órdenes: 0
Operaciones cerradas sincronizadas: 0
Errores: 0
Duración del ciclo: 0.01s
Intervalo objetivo: 10s
Próximo ciclo en: 9.99s
----------------------------------------------------------------------------------------

========================================================================================
CICLO #0030 | 2026-09-03 13:29:32 UTC | símbolos=0
========================================================================================
----------------------------------------------------------------------------------------
RESUMEN DEL CICLO #0030
Símbolos analizados: 0
Sin señal: 0
Esperando/otros: 0
Señales rechazadas: 0
Bloqueadas por estado/límites: 0
Validadas DRY RUN: 0
Nuevas órdenes: 0
Operaciones cerradas sincronizadas: 0
Errores: 0
Duración del ciclo: 0.01s
Intervalo objetivo: 10s
Próximo ciclo en: 9.99s
----------------------------------------------------------------------------------------

========================================================================================
CICLO #0031 | 2026-09-03 13:29:42 UTC | símbolos=0
========================================================================================
----------------------------------------------------------------------------------------
RESUMEN DEL CICLO #0031
Símbolos analizados: 0
Sin señal: 0
Esperando/otros: 0
Señales rechazadas: 0
Bloqueadas por estado/límites: 0
Validadas DRY RUN: 0
Nuevas órdenes: 0
Operaciones cerradas sincronizadas: 0
Errores: 0
Duración del ciclo: 0.01s
Intervalo objetivo: 10s
Próximo ciclo en: 9.99s
----------------------------------------------------------------------------------------

========================================================================================
CICLO #0032 | 2026-09-03 13:29:52 UTC | símbolos=0
========================================================================================
----------------------------------------------------------------------------------------
RESUMEN DEL CICLO #0032
Símbolos analizados: 0
Sin señal: 0
Esperando/otros: 0
Señales rechazadas: 0
Bloqueadas por estado/límites: 0
Validadas DRY RUN: 0
Nuevas órdenes: 0
Operaciones cerradas sincronizadas: 0
Errores: 0
Duración del ciclo: 0.02s
Intervalo objetivo: 10s
Próximo ciclo en: 9.98s
----------------------------------------------------------------------------------------

========================================================================================
CICLO #0033 | 2026-09-03 13:30:02 UTC | símbolos=1
========================================================================================
[01/01] START XAUUSD
[01/01] END   XAUUSD | 0.00s | GOLD SMC SESSION CLOSED
    Motivo: XAUUSD_NUEVAS_ENTRADAS_SOLO_ASIA_HASTA_APERTURA_NEW_YORK
----------------------------------------------------------------------------------------
RESUMEN DEL CICLO #0033
Símbolos analizados: 1
Sin señal: 0
Esperando/otros: 1
Señales rechazadas: 0
Bloqueadas por estado/límites: 0
Validadas DRY RUN: 0
Nuevas órdenes: 0
Operaciones cerradas sincronizadas: 0
Errores: 0
Duración del ciclo: 0.02s
Intervalo objetivo: 10s
Próximo ciclo en: 9.98s
----------------------------------------------------------------------------------------

========================================================================================
CICLO #0034 | 2026-09-03 13:30:12 UTC | símbolos=0
========================================================================================
----------------------------------------------------------------------------------------
RESUMEN DEL CICLO #0034
Símbolos analizados: 0
Sin señal: 0
Esperando/otros: 0
Señales rechazadas: 0
Bloqueadas por estado/límites: 0
Validadas DRY RUN: 0
Nuevas órdenes: 0
Operaciones cerradas sincronizadas: 0
Errores: 0
Duración del ciclo: 0.01s
Intervalo objetivo: 10s
Próximo ciclo en: 9.99s
----------------------------------------------------------------------------------------

========================================================================================
CICLO #0035 | 2026-09-03 13:30:22 UTC | símbolos=0
========================================================================================
----------------------------------------------------------------------------------------
RESUMEN DEL CICLO #0035
Símbolos analizados: 0
Sin señal: 0
Esperando/otros: 0
Señales rechazadas: 0
Bloqueadas por estado/límites: 0
Validadas DRY RUN: 0
Nuevas órdenes: 0
Operaciones cerradas sincronizadas: 0
Errores: 0
Duración del ciclo: 0.01s
Intervalo objetivo: 10s
Próximo ciclo en: 9.99s
----------------------------------------------------------------------------------------

========================================================================================
CICLO #0036 | 2026-09-03 13:30:32 UTC | símbolos=0
========================================================================================
----------------------------------------------------------------------------------------
RESUMEN DEL CICLO #0036
Símbolos analizados: 0
Sin señal: 0
Esperando/otros: 0
Señales rechazadas: 0
Bloqueadas por estado/límites: 0
Validadas DRY RUN: 0
Nuevas órdenes: 0
Operaciones cerradas sincronizadas: 0
Errores: 0
Duración del ciclo: 0.02s
Intervalo objetivo: 10s
Próximo ciclo en: 9.98s
----------------------------------------------------------------------------------------

========================================================================================
CICLO #0037 | 2026-09-03 13:30:42 UTC | símbolos=0
========================================================================================
----------------------------------------------------------------------------------------
RESUMEN DEL CICLO #0037
Símbolos analizados: 0
Sin señal: 0
Esperando/otros: 0
Señales rechazadas: 0
Bloqueadas por estado/límites: 0
Validadas DRY RUN: 0
Nuevas órdenes: 0
Operaciones cerradas sincronizadas: 0
Errores: 0
Duración del ciclo: 0.31s
Intervalo objetivo: 10s
Próximo ciclo en: 9.69s
----------------------------------------------------------------------------------------

========================================================================================
CICLO #0038 | 2026-09-03 13:30:52 UTC | símbolos=0
========================================================================================
----------------------------------------------------------------------------------------
RESUMEN DEL CICLO #0038
Símbolos analizados: 0
Sin señal: 0
Esperando/otros: 0
Señales rechazadas: 0
Bloqueadas por estado/límites: 0
Validadas DRY RUN: 0
Nuevas órdenes: 0
Operaciones cerradas sincronizadas: 0
Errores: 0
Duración del ciclo: 0.01s
Intervalo objetivo: 10s
Próximo ciclo en: 9.99s
----------------------------------------------------------------------------------------

========================================================================================
CICLO #0039 | 2026-09-03 13:31:02 UTC | símbolos=0
========================================================================================
----------------------------------------------------------------------------------------
RESUMEN DEL CICLO #0039
Símbolos analizados: 0
Sin señal: 0
Esperando/otros: 0
Señales rechazadas: 0
Bloqueadas por estado/límites: 0
Validadas DRY RUN: 0
Nuevas órdenes: 0
Operaciones cerradas sincronizadas: 0
Errores: 0
Duración del ciclo: 0.01s
Intervalo objetivo: 10s
Próximo ciclo en: 9.99s
----------------------------------------------------------------------------------------

========================================================================================
CICLO #0040 | 2026-09-03 13:31:12 UTC | símbolos=0
========================================================================================
----------------------------------------------------------------------------------------
RESUMEN DEL CICLO #0040
Símbolos analizados: 0
Sin señal: 0
Esperando/otros: 0
Señales rechazadas: 0
Bloqueadas por estado/límites: 0
Validadas DRY RUN: 0
Nuevas órdenes: 0
Operaciones cerradas sincronizadas: 0
Errores: 0
Duración del ciclo: 0.01s
Intervalo objetivo: 10s
Próximo ciclo en: 9.99s
----------------------------------------------------------------------------------------

========================================================================================
CICLO #0041 | 2026-09-03 13:31:22 UTC | símbolos=0
========================================================================================
----------------------------------------------------------------------------------------
RESUMEN DEL CICLO #0041
Símbolos analizados: 0
Sin señal: 0
Esperando/otros: 0
Señales rechazadas: 0
Bloqueadas por estado/límites: 0
Validadas DRY RUN: 0
Nuevas órdenes: 0
Operaciones cerradas sincronizadas: 0
Errores: 0
Duración del ciclo: 0.03s
Intervalo objetivo: 10s
Próximo ciclo en: 9.97s
----------------------------------------------------------------------------------------

========================================================================================
CICLO #0042 | 2026-09-03 13:31:32 UTC | símbolos=0
========================================================================================
----------------------------------------------------------------------------------------
RESUMEN DEL CICLO #0042
Símbolos analizados: 0
Sin señal: 0
Esperando/otros: 0
Señales rechazadas: 0
Bloqueadas por estado/límites: 0
Validadas DRY RUN: 0
Nuevas órdenes: 0
Operaciones cerradas sincronizadas: 0
Errores: 0
Duración del ciclo: 0.01s
Intervalo objetivo: 10s
Próximo ciclo en: 9.99s
----------------------------------------------------------------------------------------

========================================================================================
CICLO #0043 | 2026-09-03 13:31:42 UTC | símbolos=0
========================================================================================
----------------------------------------------------------------------------------------
RESUMEN DEL CICLO #0043
Símbolos analizados: 0
Sin señal: 0
Esperando/otros: 0
Señales rechazadas: 0
Bloqueadas por estado/límites: 0
Validadas DRY RUN: 0
Nuevas órdenes: 0
Operaciones cerradas sincronizadas: 0
Errores: 0
Duración del ciclo: 0.01s
Intervalo objetivo: 10s
Próximo ciclo en: 9.99s
----------------------------------------------------------------------------------------

========================================================================================
CICLO #0044 | 2026-09-03 13:31:52 UTC | símbolos=0
========================================================================================
----------------------------------------------------------------------------------------
RESUMEN DEL CICLO #0044
Símbolos analizados: 0
Sin señal: 0
Esperando/otros: 0
Señales rechazadas: 0
Bloqueadas por estado/límites: 0
Validadas DRY RUN: 0
Nuevas órdenes: 0
Operaciones cerradas sincronizadas: 0
Errores: 0
Duración del ciclo: 0.01s
Intervalo objetivo: 10s
Próximo ciclo en: 9.99s
----------------------------------------------------------------------------------------

========================================================================================
CICLO #0045 | 2026-09-03 13:32:02 UTC | símbolos=0
========================================================================================
----------------------------------------------------------------------------------------
RESUMEN DEL CICLO #0045
Símbolos analizados: 0
Sin señal: 0
Esperando/otros: 0
Señales rechazadas: 0
Bloqueadas por estado/límites: 0
Validadas DRY RUN: 0
Nuevas órdenes: 0
Operaciones cerradas sincronizadas: 0
Errores: 0
Duración del ciclo: 0.01s
Intervalo objetivo: 10s
Próximo ciclo en: 9.99s
----------------------------------------------------------------------------------------

========================================================================================
CICLO #0046 | 2026-09-03 13:32:12 UTC | símbolos=0
========================================================================================
----------------------------------------------------------------------------------------
RESUMEN DEL CICLO #0046
Símbolos analizados: 0
Sin señal: 0
Esperando/otros: 0
Señales rechazadas: 0
Bloqueadas por estado/límites: 0
Validadas DRY RUN: 0
Nuevas órdenes: 0
Operaciones cerradas sincronizadas: 0
Errores: 0
Duración del ciclo: 0.02s
Intervalo objetivo: 10s
Próximo ciclo en: 9.98s
----------------------------------------------------------------------------------------

========================================================================================
CICLO #0047 | 2026-09-03 13:32:22 UTC | símbolos=0
========================================================================================
----------------------------------------------------------------------------------------
RESUMEN DEL CICLO #0047
Símbolos analizados: 0
Sin señal: 0
Esperando/otros: 0
Señales rechazadas: 0
Bloqueadas por estado/límites: 0
Validadas DRY RUN: 0
Nuevas órdenes: 0
Operaciones cerradas sincronizadas: 0
Errores: 0
Duración del ciclo: 0.01s
Intervalo objetivo: 10s
Próximo ciclo en: 9.99s
----------------------------------------------------------------------------------------

========================================================================================
CICLO #0048 | 2026-09-03 13:32:32 UTC | símbolos=0
========================================================================================
----------------------------------------------------------------------------------------
RESUMEN DEL CICLO #0048
Símbolos analizados: 0
Sin señal: 0
Esperando/otros: 0
Señales rechazadas: 0
Bloqueadas por estado/límites: 0
Validadas DRY RUN: 0
Nuevas órdenes: 0
Operaciones cerradas sincronizadas: 0
Errores: 0
Duración del ciclo: 0.01s
Intervalo objetivo: 10s
Próximo ciclo en: 9.99s
----------------------------------------------------------------------------------------

========================================================================================
CICLO #0049 | 2026-09-03 13:32:42 UTC | símbolos=0
========================================================================================
----------------------------------------------------------------------------------------
RESUMEN DEL CICLO #0049
Símbolos analizados: 0
Sin señal: 0
Esperando/otros: 0
Señales rechazadas: 0
Bloqueadas por estado/límites: 0
Validadas DRY RUN: 0
Nuevas órdenes: 0
Operaciones cerradas sincronizadas: 0
Errores: 0
Duración del ciclo: 0.02s
Intervalo objetivo: 10s
Próximo ciclo en: 9.98s
----------------------------------------------------------------------------------------

========================================================================================
CICLO #0050 | 2026-09-03 13:32:52 UTC | símbolos=0
========================================================================================
----------------------------------------------------------------------------------------
RESUMEN DEL CICLO #0050
Símbolos analizados: 0
Sin señal: 0
Esperando/otros: 0
Señales rechazadas: 0
Bloqueadas por estado/límites: 0
Validadas DRY RUN: 0
Nuevas órdenes: 0
Operaciones cerradas sincronizadas: 0
Errores: 0
Duración del ciclo: 0.01s
Intervalo objetivo: 10s
Próximo ciclo en: 9.99s
----------------------------------------------------------------------------------------

========================================================================================
CICLO #0051 | 2026-09-03 13:33:02 UTC | símbolos=0
========================================================================================
----------------------------------------------------------------------------------------
RESUMEN DEL CICLO #0051
Símbolos analizados: 0
Sin señal: 0
Esperando/otros: 0
Señales rechazadas: 0
Bloqueadas por estado/límites: 0
Validadas DRY RUN: 0
Nuevas órdenes: 0
Operaciones cerradas sincronizadas: 0
Errores: 0
Duración del ciclo: 0.01s
Intervalo objetivo: 10s
Próximo ciclo en: 9.99s
----------------------------------------------------------------------------------------

========================================================================================
CICLO #0052 | 2026-09-03 13:33:12 UTC | símbolos=0
========================================================================================
----------------------------------------------------------------------------------------
RESUMEN DEL CICLO #0052
Símbolos analizados: 0
Sin señal: 0
Esperando/otros: 0
Señales rechazadas: 0
Bloqueadas por estado/límites: 0
Validadas DRY RUN: 0
Nuevas órdenes: 0
Operaciones cerradas sincronizadas: 0
Errores: 0
Duración del ciclo: 0.01s
Intervalo objetivo: 10s
Próximo ciclo en: 9.99s
----------------------------------------------------------------------------------------

========================================================================================
CICLO #0053 | 2026-09-03 13:33:22 UTC | símbolos=0
========================================================================================
----------------------------------------------------------------------------------------
RESUMEN DEL CICLO #0053
Símbolos analizados: 0
Sin señal: 0
Esperando/otros: 0
Señales rechazadas: 0
Bloqueadas por estado/límites: 0
Validadas DRY RUN: 0
Nuevas órdenes: 0
Operaciones cerradas sincronizadas: 0
Errores: 0
Duración del ciclo: 0.01s
Intervalo objetivo: 10s
Próximo ciclo en: 9.99s
----------------------------------------------------------------------------------------

========================================================================================
CICLO #0054 | 2026-09-03 13:33:32 UTC | símbolos=0
========================================================================================
----------------------------------------------------------------------------------------
RESUMEN DEL CICLO #0054
Símbolos analizados: 0
Sin señal: 0
Esperando/otros: 0
Señales rechazadas: 0
Bloqueadas por estado/límites: 0
Validadas DRY RUN: 0
Nuevas órdenes: 0
Operaciones cerradas sincronizadas: 0
Errores: 0
Duración del ciclo: 0.01s
Intervalo objetivo: 10s
Próximo ciclo en: 9.99s
----------------------------------------------------------------------------------------

========================================================================================
CICLO #0055 | 2026-09-03 13:33:42 UTC | símbolos=0
========================================================================================
----------------------------------------------------------------------------------------
RESUMEN DEL CICLO #0055
Símbolos analizados: 0
Sin señal: 0
Esperando/otros: 0
Señales rechazadas: 0
Bloqueadas por estado/límites: 0
Validadas DRY RUN: 0
Nuevas órdenes: 0
Operaciones cerradas sincronizadas: 0
Errores: 0
Duración del ciclo: 0.01s
Intervalo objetivo: 10s
Próximo ciclo en: 9.99s
----------------------------------------------------------------------------------------

========================================================================================
CICLO #0056 | 2026-09-03 13:33:52 UTC | símbolos=0
========================================================================================
----------------------------------------------------------------------------------------
RESUMEN DEL CICLO #0056
Símbolos analizados: 0
Sin señal: 0
Esperando/otros: 0
Señales rechazadas: 0
Bloqueadas por estado/límites: 0
Validadas DRY RUN: 0
Nuevas órdenes: 0
Operaciones cerradas sincronizadas: 0
Errores: 0
Duración del ciclo: 0.01s
Intervalo objetivo: 10s
Próximo ciclo en: 9.99s
----------------------------------------------------------------------------------------

========================================================================================
CICLO #0057 | 2026-09-03 13:34:02 UTC | símbolos=0
========================================================================================
----------------------------------------------------------------------------------------
RESUMEN DEL CICLO #0057
Símbolos analizados: 0
Sin señal: 0
Esperando/otros: 0
Señales rechazadas: 0
Bloqueadas por estado/límites: 0
Validadas DRY RUN: 0
Nuevas órdenes: 0
Operaciones cerradas sincronizadas: 0
Errores: 0
Duración del ciclo: 0.01s
Intervalo objetivo: 10s
Próximo ciclo en: 9.99s
----------------------------------------------------------------------------------------

========================================================================================
CICLO #0058 | 2026-09-03 13:34:12 UTC | símbolos=0
========================================================================================
----------------------------------------------------------------------------------------
RESUMEN DEL CICLO #0058
Símbolos analizados: 0
Sin señal: 0
Esperando/otros: 0
Señales rechazadas: 0
Bloqueadas por estado/límites: 0
Validadas DRY RUN: 0
Nuevas órdenes: 0
Operaciones cerradas sincronizadas: 0
Errores: 0
Duración del ciclo: 0.01s
Intervalo objetivo: 10s
Próximo ciclo en: 9.99s
----------------------------------------------------------------------------------------

========================================================================================
CICLO #0059 | 2026-09-03 13:34:22 UTC | símbolos=0
========================================================================================
----------------------------------------------------------------------------------------
RESUMEN DEL CICLO #0059
Símbolos analizados: 0
Sin señal: 0
Esperando/otros: 0
Señales rechazadas: 0
Bloqueadas por estado/límites: 0
Validadas DRY RUN: 0
Nuevas órdenes: 0
Operaciones cerradas sincronizadas: 0
Errores: 0
Duración del ciclo: 0.01s
Intervalo objetivo: 10s
Próximo ciclo en: 9.99s
----------------------------------------------------------------------------------------

========================================================================================
CICLO #0060 | 2026-09-03 13:34:32 UTC | símbolos=0
========================================================================================
----------------------------------------------------------------------------------------
RESUMEN DEL CICLO #0060
Símbolos analizados: 0
Sin señal: 0
Esperando/otros: 0
Señales rechazadas: 0
Bloqueadas por estado/límites: 0
Validadas DRY RUN: 0
Nuevas órdenes: 0
Operaciones cerradas sincronizadas: 0
Errores: 0
Duración del ciclo: 0.01s
Intervalo objetivo: 10s
Próximo ciclo en: 9.99s
----------------------------------------------------------------------------------------

========================================================================================
CICLO #0061 | 2026-09-03 13:34:42 UTC | símbolos=0
========================================================================================
----------------------------------------------------------------------------------------
RESUMEN DEL CICLO #0061
Símbolos analizados: 0
Sin señal: 0
Esperando/otros: 0
Señales rechazadas: 0
Bloqueadas por estado/límites: 0
Validadas DRY RUN: 0
Nuevas órdenes: 0
Operaciones cerradas sincronizadas: 0
Errores: 0
Duración del ciclo: 0.04s
Intervalo objetivo: 10s
Próximo ciclo en: 9.96s
----------------------------------------------------------------------------------------

========================================================================================
CICLO #0062 | 2026-09-03 13:34:52 UTC | símbolos=0
========================================================================================
----------------------------------------------------------------------------------------
RESUMEN DEL CICLO #0062
Símbolos analizados: 0
Sin señal: 0
Esperando/otros: 0
Señales rechazadas: 0
Bloqueadas por estado/límites: 0
Validadas DRY RUN: 0
Nuevas órdenes: 0
Operaciones cerradas sincronizadas: 0
Errores: 0
Duración del ciclo: 0.01s
Intervalo objetivo: 10s
Próximo ciclo en: 9.99s
----------------------------------------------------------------------------------------

========================================================================================
CICLO #0063 | 2026-09-03 13:35:02 UTC | símbolos=1
========================================================================================
[01/01] START XAUUSD
[01/01] END   XAUUSD | 0.00s | GOLD SMC SESSION CLOSED
    Motivo: XAUUSD_NUEVAS_ENTRADAS_SOLO_ASIA_HASTA_APERTURA_NEW_YORK
----------------------------------------------------------------------------------------
RESUMEN DEL CICLO #0063
Símbolos analizados: 1
Sin señal: 0
Esperando/otros: 1
Señales rechazadas: 0
Bloqueadas por estado/límites: 0
Validadas DRY RUN: 0
Nuevas órdenes: 0
Operaciones cerradas sincronizadas: 0
Errores: 0
Duración del ciclo: 0.02s
Intervalo objetivo: 10s
Próximo ciclo en: 9.98s
----------------------------------------------------------------------------------------

========================================================================================
CICLO #0064 | 2026-09-03 13:35:12 UTC | símbolos=0
========================================================================================
----------------------------------------------------------------------------------------
RESUMEN DEL CICLO #0064
Símbolos analizados: 0
Sin señal: 0
Esperando/otros: 0
Señales rechazadas: 0
Bloqueadas por estado/límites: 0
Validadas DRY RUN: 0
Nuevas órdenes: 0
Operaciones cerradas sincronizadas: 0
Errores: 0
Duración del ciclo: 0.01s
Intervalo objetivo: 10s
Próximo ciclo en: 9.99s
----------------------------------------------------------------------------------------

========================================================================================
CICLO #0065 | 2026-09-03 13:35:22 UTC | símbolos=0
========================================================================================
----------------------------------------------------------------------------------------
RESUMEN DEL CICLO #0065
Símbolos analizados: 0
Sin señal: 0
Esperando/otros: 0
Señales rechazadas: 0
Bloqueadas por estado/límites: 0
Validadas DRY RUN: 0
Nuevas órdenes: 0
Operaciones cerradas sincronizadas: 0
Errores: 0
Duración del ciclo: 0.01s
Intervalo objetivo: 10s
Próximo ciclo en: 9.99s
----------------------------------------------------------------------------------------

========================================================================================
CICLO #0066 | 2026-09-03 13:35:32 UTC | símbolos=0
========================================================================================
----------------------------------------------------------------------------------------
RESUMEN DEL CICLO #0066
Símbolos analizados: 0
Sin señal: 0
Esperando/otros: 0
Señales rechazadas: 0
Bloqueadas por estado/límites: 0
Validadas DRY RUN: 0
Nuevas órdenes: 0
Operaciones cerradas sincronizadas: 0
Errores: 0
Duración del ciclo: 0.02s
Intervalo objetivo: 10s
Próximo ciclo en: 9.98s
----------------------------------------------------------------------------------------

========================================================================================
CICLO #0067 | 2026-09-03 13:35:42 UTC | símbolos=0
========================================================================================
----------------------------------------------------------------------------------------
RESUMEN DEL CICLO #0067
Símbolos analizados: 0
Sin señal: 0
Esperando/otros: 0
Señales rechazadas: 0
Bloqueadas por estado/límites: 0
Validadas DRY RUN: 0
Nuevas órdenes: 0
Operaciones cerradas sincronizadas: 0
Errores: 0
Duración del ciclo: 0.02s
Intervalo objetivo: 10s
Próximo ciclo en: 9.98s
----------------------------------------------------------------------------------------

========================================================================================
CICLO #0068 | 2026-09-03 13:35:52 UTC | símbolos=0
========================================================================================
----------------------------------------------------------------------------------------
RESUMEN DEL CICLO #0068
Símbolos analizados: 0
Sin señal: 0
Esperando/otros: 0
Señales rechazadas: 0
Bloqueadas por estado/límites: 0
Validadas DRY RUN: 0
Nuevas órdenes: 0
Operaciones cerradas sincronizadas: 0
Errores: 0
Duración del ciclo: 0.01s
Intervalo objetivo: 10s
Próximo ciclo en: 9.99s
----------------------------------------------------------------------------------------

========================================================================================
CICLO #0069 | 2026-09-03 13:36:02 UTC | símbolos=0
========================================================================================
----------------------------------------------------------------------------------------
RESUMEN DEL CICLO #0069
Símbolos analizados: 0
Sin señal: 0
Esperando/otros: 0
Señales rechazadas: 0
Bloqueadas por estado/límites: 0
Validadas DRY RUN: 0
Nuevas órdenes: 0
Operaciones cerradas sincronizadas: 0
Errores: 0
Duración del ciclo: 0.02s
Intervalo objetivo: 10s
Próximo ciclo en: 9.98s
----------------------------------------------------------------------------------------

========================================================================================
CICLO #0070 | 2026-09-03 13:36:12 UTC | símbolos=0
========================================================================================
----------------------------------------------------------------------------------------
RESUMEN DEL CICLO #0070
Símbolos analizados: 0
Sin señal: 0
Esperando/otros: 0
Señales rechazadas: 0
Bloqueadas por estado/límites: 0
Validadas DRY RUN: 0
Nuevas órdenes: 0
Operaciones cerradas sincronizadas: 0
Errores: 0
Duración del ciclo: 0.01s
Intervalo objetivo: 10s
Próximo ciclo en: 9.99s
----------------------------------------------------------------------------------------

========================================================================================
CICLO #0071 | 2026-09-03 13:36:22 UTC | símbolos=0
========================================================================================
----------------------------------------------------------------------------------------
RESUMEN DEL CICLO #0071
Símbolos analizados: 0
Sin señal: 0
Esperando/otros: 0
Señales rechazadas: 0
Bloqueadas por estado/límites: 0
Validadas DRY RUN: 0
Nuevas órdenes: 0
Operaciones cerradas sincronizadas: 0
Errores: 0
Duración del ciclo: 0.01s
Intervalo objetivo: 10s
Próximo ciclo en: 9.99s
----------------------------------------------------------------------------------------

========================================================================================
CICLO #0072 | 2026-09-03 13:36:32 UTC | símbolos=0
========================================================================================
----------------------------------------------------------------------------------------
RESUMEN DEL CICLO #0072
Símbolos analizados: 0
Sin señal: 0
Esperando/otros: 0
Señales rechazadas: 0
Bloqueadas por estado/límites: 0
Validadas DRY RUN: 0
Nuevas órdenes: 0
Operaciones cerradas sincronizadas: 0
Errores: 0
Duración del ciclo: 0.01s
Intervalo objetivo: 10s
Próximo ciclo en: 9.99s
----------------------------------------------------------------------------------------

========================================================================================
CICLO #0073 | 2026-09-03 13:36:42 UTC | símbolos=0
========================================================================================
----------------------------------------------------------------------------------------
RESUMEN DEL CICLO #0073
Símbolos analizados: 0
Sin señal: 0
Esperando/otros: 0
Señales rechazadas: 0
Bloqueadas por estado/límites: 0
Validadas DRY RUN: 0
Nuevas órdenes: 0
Operaciones cerradas sincronizadas: 0
Errores: 0
Duración del ciclo: 0.01s
Intervalo objetivo: 10s
Próximo ciclo en: 9.99s
----------------------------------------------------------------------------------------

========================================================================================
CICLO #0074 | 2026-09-03 13:36:52 UTC | símbolos=0
========================================================================================
----------------------------------------------------------------------------------------
RESUMEN DEL CICLO #0074
Símbolos analizados: 0
Sin señal: 0
Esperando/otros: 0
Señales rechazadas: 0
Bloqueadas por estado/límites: 0
Validadas DRY RUN: 0
Nuevas órdenes: 0
Operaciones cerradas sincronizadas: 0
Errores: 0
Duración del ciclo: 0.01s
Intervalo objetivo: 10s
Próximo ciclo en: 9.99s
----------------------------------------------------------------------------------------

========================================================================================
CICLO #0075 | 2026-09-03 13:37:02 UTC | símbolos=0
========================================================================================
----------------------------------------------------------------------------------------
RESUMEN DEL CICLO #0075
Símbolos analizados: 0
Sin señal: 0
Esperando/otros: 0
Señales rechazadas: 0
Bloqueadas por estado/límites: 0
Validadas DRY RUN: 0
Nuevas órdenes: 0
Operaciones cerradas sincronizadas: 0
Errores: 0
Duración del ciclo: 0.02s
Intervalo objetivo: 10s
Próximo ciclo en: 9.98s
----------------------------------------------------------------------------------------

========================================================================================
CICLO #0076 | 2026-09-03 13:37:12 UTC | símbolos=0
========================================================================================
----------------------------------------------------------------------------------------
RESUMEN DEL CICLO #0076
Símbolos analizados: 0
Sin señal: 0
Esperando/otros: 0
Señales rechazadas: 0
Bloqueadas por estado/límites: 0
Validadas DRY RUN: 0
Nuevas órdenes: 0
Operaciones cerradas sincronizadas: 0
Errores: 0
Duración del ciclo: 0.01s
Intervalo objetivo: 10s
Próximo ciclo en: 9.99s
----------------------------------------------------------------------------------------

========================================================================================
CICLO #0077 | 2026-09-03 13:37:22 UTC | símbolos=0
========================================================================================
----------------------------------------------------------------------------------------
RESUMEN DEL CICLO #0077
Símbolos analizados: 0
Sin señal: 0
Esperando/otros: 0
Señales rechazadas: 0
Bloqueadas por estado/límites: 0
Validadas DRY RUN: 0
Nuevas órdenes: 0
Operaciones cerradas sincronizadas: 0
Errores: 0
Duración del ciclo: 0.01s
Intervalo objetivo: 10s
Próximo ciclo en: 9.99s
----------------------------------------------------------------------------------------

========================================================================================
CICLO #0078 | 2026-09-03 13:37:32 UTC | símbolos=0
========================================================================================
----------------------------------------------------------------------------------------
RESUMEN DEL CICLO #0078
Símbolos analizados: 0
Sin señal: 0
Esperando/otros: 0
Señales rechazadas: 0
Bloqueadas por estado/límites: 0
Validadas DRY RUN: 0
Nuevas órdenes: 0
Operaciones cerradas sincronizadas: 0
Errores: 0
Duración del ciclo: 0.01s
Intervalo objetivo: 10s
Próximo ciclo en: 9.99s
----------------------------------------------------------------------------------------

========================================================================================
CICLO #0079 | 2026-09-03 13:37:42 UTC | símbolos=0
========================================================================================
----------------------------------------------------------------------------------------
RESUMEN DEL CICLO #0079
Símbolos analizados: 0
Sin señal: 0
Esperando/otros: 0
Señales rechazadas: 0
Bloqueadas por estado/límites: 0
Validadas DRY RUN: 0
Nuevas órdenes: 0
Operaciones cerradas sincronizadas: 0
Errores: 0
Duración del ciclo: 0.01s
Intervalo objetivo: 10s
Próximo ciclo en: 9.99s
----------------------------------------------------------------------------------------

========================================================================================
CICLO #0080 | 2026-09-03 13:37:52 UTC | símbolos=0
========================================================================================
----------------------------------------------------------------------------------------
RESUMEN DEL CICLO #0080
Símbolos analizados: 0
Sin señal: 0
Esperando/otros: 0
Señales rechazadas: 0
Bloqueadas por estado/límites: 0
Validadas DRY RUN: 0
Nuevas órdenes: 0
Operaciones cerradas sincronizadas: 0
Errores: 0
Duración del ciclo: 0.01s
Intervalo objetivo: 10s
Próximo ciclo en: 9.99s
----------------------------------------------------------------------------------------

========================================================================================
CICLO #0081 | 2026-09-03 13:38:02 UTC | símbolos=0
========================================================================================
----------------------------------------------------------------------------------------
RESUMEN DEL CICLO #0081
Símbolos analizados: 0
Sin señal: 0
Esperando/otros: 0
Señales rechazadas: 0
Bloqueadas por estado/límites: 0
Validadas DRY RUN: 0
Nuevas órdenes: 0
Operaciones cerradas sincronizadas: 0
Errores: 0
Duración del ciclo: 0.01s
Intervalo objetivo: 10s
Próximo ciclo en: 9.99s
----------------------------------------------------------------------------------------

========================================================================================
CICLO #0082 | 2026-09-03 13:38:12 UTC | símbolos=0
========================================================================================
----------------------------------------------------------------------------------------
RESUMEN DEL CICLO #0082
Símbolos analizados: 0
Sin señal: 0
Esperando/otros: 0
Señales rechazadas: 0
Bloqueadas por estado/límites: 0
Validadas DRY RUN: 0
Nuevas órdenes: 0
Operaciones cerradas sincronizadas: 0
Errores: 0
Duración del ciclo: 0.01s
Intervalo objetivo: 10s
Próximo ciclo en: 9.99s
----------------------------------------------------------------------------------------

========================================================================================
CICLO #0083 | 2026-09-03 13:38:22 UTC | símbolos=0
========================================================================================
----------------------------------------------------------------------------------------
RESUMEN DEL CICLO #0083
Símbolos analizados: 0
Sin señal: 0
Esperando/otros: 0
Señales rechazadas: 0
Bloqueadas por estado/límites: 0
Validadas DRY RUN: 0
Nuevas órdenes: 0
Operaciones cerradas sincronizadas: 0
Errores: 0
Duración del ciclo: 0.01s
Intervalo objetivo: 10s
Próximo ciclo en: 9.99s
----------------------------------------------------------------------------------------

========================================================================================
CICLO #0084 | 2026-09-03 13:38:32 UTC | símbolos=0
========================================================================================
----------------------------------------------------------------------------------------
RESUMEN DEL CICLO #0084
Símbolos analizados: 0
Sin señal: 0
Esperando/otros: 0
Señales rechazadas: 0
Bloqueadas por estado/límites: 0
Validadas DRY RUN: 0
Nuevas órdenes: 0
Operaciones cerradas sincronizadas: 0
Errores: 0
Duración del ciclo: 0.02s
Intervalo objetivo: 10s
Próximo ciclo en: 9.98s
----------------------------------------------------------------------------------------

========================================================================================
CICLO #0085 | 2026-09-03 13:38:42 UTC | símbolos=0
========================================================================================
----------------------------------------------------------------------------------------
RESUMEN DEL CICLO #0085
Símbolos analizados: 0
Sin señal: 0
Esperando/otros: 0
Señales rechazadas: 0
Bloqueadas por estado/límites: 0
Validadas DRY RUN: 0
Nuevas órdenes: 0
Operaciones cerradas sincronizadas: 0
Errores: 0
Duración del ciclo: 0.01s
Intervalo objetivo: 10s
Próximo ciclo en: 9.99s
----------------------------------------------------------------------------------------

========================================================================================
CICLO #0086 | 2026-09-03 13:38:52 UTC | símbolos=0
========================================================================================
----------------------------------------------------------------------------------------
RESUMEN DEL CICLO #0086
Símbolos analizados: 0
Sin señal: 0
Esperando/otros: 0
Señales rechazadas: 0
Bloqueadas por estado/límites: 0
Validadas DRY RUN: 0
Nuevas órdenes: 0
Operaciones cerradas sincronizadas: 0
Errores: 0
Duración del ciclo: 0.01s
Intervalo objetivo: 10s
Próximo ciclo en: 9.99s
----------------------------------------------------------------------------------------

========================================================================================
CICLO #0087 | 2026-09-03 13:39:02 UTC | símbolos=0
========================================================================================
----------------------------------------------------------------------------------------
RESUMEN DEL CICLO #0087
Símbolos analizados: 0
Sin señal: 0
Esperando/otros: 0
Señales rechazadas: 0
Bloqueadas por estado/límites: 0
Validadas DRY RUN: 0
Nuevas órdenes: 0
Operaciones cerradas sincronizadas: 0
Errores: 0
Duración del ciclo: 0.04s
Intervalo objetivo: 10s
Próximo ciclo en: 9.96s
----------------------------------------------------------------------------------------

========================================================================================
CICLO #0088 | 2026-09-03 13:39:12 UTC | símbolos=0
========================================================================================
----------------------------------------------------------------------------------------
RESUMEN DEL CICLO #0088
Símbolos analizados: 0
Sin señal: 0
Esperando/otros: 0
Señales rechazadas: 0
Bloqueadas por estado/límites: 0
Validadas DRY RUN: 0
Nuevas órdenes: 0
Operaciones cerradas sincronizadas: 0
Errores: 0
Duración del ciclo: 0.01s
Intervalo objetivo: 10s
Próximo ciclo en: 9.99s
----------------------------------------------------------------------------------------

========================================================================================
CICLO #0089 | 2026-09-03 13:39:22 UTC | símbolos=0
========================================================================================
----------------------------------------------------------------------------------------
RESUMEN DEL CICLO #0089
Símbolos analizados: 0
Sin señal: 0
Esperando/otros: 0
Señales rechazadas: 0
Bloqueadas por estado/límites: 0
Validadas DRY RUN: 0
Nuevas órdenes: 0
Operaciones cerradas sincronizadas: 0
Errores: 0
Duración del ciclo: 0.01s
Intervalo objetivo: 10s
Próximo ciclo en: 9.99s
----------------------------------------------------------------------------------------

========================================================================================
CICLO #0090 | 2026-09-03 13:39:32 UTC | símbolos=0
========================================================================================
----------------------------------------------------------------------------------------
RESUMEN DEL CICLO #0090
Símbolos analizados: 0
Sin señal: 0
Esperando/otros: 0
Señales rechazadas: 0
Bloqueadas por estado/límites: 0
Validadas DRY RUN: 0
Nuevas órdenes: 0
Operaciones cerradas sincronizadas: 0
Errores: 0
Duración del ciclo: 0.01s
Intervalo objetivo: 10s
Próximo ciclo en: 9.99s
----------------------------------------------------------------------------------------

========================================================================================
CICLO #0091 | 2026-09-03 13:39:42 UTC | símbolos=0
========================================================================================
----------------------------------------------------------------------------------------
RESUMEN DEL CICLO #0091
Símbolos analizados: 0
Sin señal: 0
Esperando/otros: 0
Señales rechazadas: 0
Bloqueadas por estado/límites: 0
Validadas DRY RUN: 0
Nuevas órdenes: 0
Operaciones cerradas sincronizadas: 0
Errores: 0
Duración del ciclo: 0.01s
Intervalo objetivo: 10s
Próximo ciclo en: 9.99s
----------------------------------------------------------------------------------------

========================================================================================
CICLO #0092 | 2026-09-03 13:39:52 UTC | símbolos=0
========================================================================================
----------------------------------------------------------------------------------------
RESUMEN DEL CICLO #0092
Símbolos analizados: 0
Sin señal: 0
Esperando/otros: 0
Señales rechazadas: 0
Bloqueadas por estado/límites: 0
Validadas DRY RUN: 0
Nuevas órdenes: 0
Operaciones cerradas sincronizadas: 0
Errores: 0
Duración del ciclo: 0.01s
Intervalo objetivo: 10s
Próximo ciclo en: 9.99s
----------------------------------------------------------------------------------------

========================================================================================
CICLO #0093 | 2026-09-03 13:40:02 UTC | símbolos=1
========================================================================================
[01/01] START XAUUSD
[01/01] END   XAUUSD | 0.00s | GOLD SMC SESSION CLOSED
    Motivo: XAUUSD_NUEVAS_ENTRADAS_SOLO_ASIA_HASTA_APERTURA_NEW_YORK
----------------------------------------------------------------------------------------
RESUMEN DEL CICLO #0093
Símbolos analizados: 1
Sin señal: 0
Esperando/otros: 1
Señales rechazadas: 0
Bloqueadas por estado/límites: 0
Validadas DRY RUN: 0
Nuevas órdenes: 0
Operaciones cerradas sincronizadas: 0
Errores: 0
Duración del ciclo: 0.01s
Intervalo objetivo: 10s
Próximo ciclo en: 9.99s
----------------------------------------------------------------------------------------

========================================================================================
CICLO #0094 | 2026-09-03 13:40:12 UTC | símbolos=0
========================================================================================
----------------------------------------------------------------------------------------
RESUMEN DEL CICLO #0094
Símbolos analizados: 0
Sin señal: 0
Esperando/otros: 0
Señales rechazadas: 0
Bloqueadas por estado/límites: 0
Validadas DRY RUN: 0
Nuevas órdenes: 0
Operaciones cerradas sincronizadas: 0
Errores: 0
Duración del ciclo: 0.01s
Intervalo objetivo: 10s
Próximo ciclo en: 9.99s
----------------------------------------------------------------------------------------

========================================================================================
CICLO #0095 | 2026-09-03 13:40:22 UTC | símbolos=0
========================================================================================
----------------------------------------------------------------------------------------
RESUMEN DEL CICLO #0095
Símbolos analizados: 0
Sin señal: 0
Esperando/otros: 0
Señales rechazadas: 0
Bloqueadas por estado/límites: 0
Validadas DRY RUN: 0
Nuevas órdenes: 0
Operaciones cerradas sincronizadas: 0
Errores: 0
Duración del ciclo: 0.01s
Intervalo objetivo: 10s
Próximo ciclo en: 9.99s
----------------------------------------------------------------------------------------

========================================================================================
CICLO #0096 | 2026-09-03 13:40:32 UTC | símbolos=0
========================================================================================
----------------------------------------------------------------------------------------
RESUMEN DEL CICLO #0096
Símbolos analizados: 0
Sin señal: 0
Esperando/otros: 0
Señales rechazadas: 0
Bloqueadas por estado/límites: 0
Validadas DRY RUN: 0
Nuevas órdenes: 0
Operaciones cerradas sincronizadas: 0
Errores: 0
Duración del ciclo: 0.01s
Intervalo objetivo: 10s
Próximo ciclo en: 9.99s
----------------------------------------------------------------------------------------

========================================================================================
CICLO #0097 | 2026-09-03 13:40:42 UTC | símbolos=0
========================================================================================
----------------------------------------------------------------------------------------
RESUMEN DEL CICLO #0097
Símbolos analizados: 0
Sin señal: 0
Esperando/otros: 0
Señales rechazadas: 0
Bloqueadas por estado/límites: 0
Validadas DRY RUN: 0
Nuevas órdenes: 0
Operaciones cerradas sincronizadas: 0
Errores: 0
Duración del ciclo: 0.01s
Intervalo objetivo: 10s
Próximo ciclo en: 9.99s
----------------------------------------------------------------------------------------

========================================================================================
CICLO #0098 | 2026-09-03 13:40:52 UTC | símbolos=0
========================================================================================
----------------------------------------------------------------------------------------
RESUMEN DEL CICLO #0098
Símbolos analizados: 0
Sin señal: 0
Esperando/otros: 0
Señales rechazadas: 0
Bloqueadas por estado/límites: 0
Validadas DRY RUN: 0
Nuevas órdenes: 0
Operaciones cerradas sincronizadas: 0
Errores: 0
Duración del ciclo: 0.01s
Intervalo objetivo: 10s
Próximo ciclo en: 9.99s
----------------------------------------------------------------------------------------

========================================================================================
CICLO #0099 | 2026-09-03 13:41:02 UTC | símbolos=0
========================================================================================
----------------------------------------------------------------------------------------
RESUMEN DEL CICLO #0099
Símbolos analizados: 0
Sin señal: 0
Esperando/otros: 0
Señales rechazadas: 0
Bloqueadas por estado/límites: 0
Validadas DRY RUN: 0
Nuevas órdenes: 0
Operaciones cerradas sincronizadas: 0
Errores: 0
Duración del ciclo: 0.01s
Intervalo objetivo: 10s
Próximo ciclo en: 9.99s
----------------------------------------------------------------------------------------

========================================================================================
CICLO #0100 | 2026-09-03 13:41:12 UTC | símbolos=0
========================================================================================
----------------------------------------------------------------------------------------
RESUMEN DEL CICLO #0100
Símbolos analizados: 0
Sin señal: 0
Esperando/otros: 0
Señales rechazadas: 0
Bloqueadas por estado/límites: 0
Validadas DRY RUN: 0
Nuevas órdenes: 0
Operaciones cerradas sincronizadas: 0
Errores: 0
Duración del ciclo: 0.01s
Intervalo objetivo: 10s
Próximo ciclo en: 9.99s
----------------------------------------------------------------------------------------

========================================================================================
CICLO #0101 | 2026-09-03 13:41:22 UTC | símbolos=0
========================================================================================
----------------------------------------------------------------------------------------
RESUMEN DEL CICLO #0101
Símbolos analizados: 0
Sin señal: 0
Esperando/otros: 0
Señales rechazadas: 0
Bloqueadas por estado/límites: 0
Validadas DRY RUN: 0
Nuevas órdenes: 0
Operaciones cerradas sincronizadas: 0
Errores: 0
Duración del ciclo: 0.01s
Intervalo objetivo: 10s
Próximo ciclo en: 9.99s
----------------------------------------------------------------------------------------

========================================================================================
CICLO #0102 | 2026-09-03 13:41:32 UTC | símbolos=0
========================================================================================
----------------------------------------------------------------------------------------
RESUMEN DEL CICLO #0102
Símbolos analizados: 0
Sin señal: 0
Esperando/otros: 0
Señales rechazadas: 0
Bloqueadas por estado/límites: 0
Validadas DRY RUN: 0
Nuevas órdenes: 0
Operaciones cerradas sincronizadas: 0
Errores: 0
Duración del ciclo: 0.01s
Intervalo objetivo: 10s
Próximo ciclo en: 9.99s
----------------------------------------------------------------------------------------

========================================================================================
CICLO #0103 | 2026-09-03 13:41:42 UTC | símbolos=0
========================================================================================
----------------------------------------------------------------------------------------
RESUMEN DEL CICLO #0103
Símbolos analizados: 0
Sin señal: 0
Esperando/otros: 0
Señales rechazadas: 0
Bloqueadas por estado/límites: 0
Validadas DRY RUN: 0
Nuevas órdenes: 0
Operaciones cerradas sincronizadas: 0
Errores: 0
Duración del ciclo: 0.01s
Intervalo objetivo: 10s
Próximo ciclo en: 9.99s
----------------------------------------------------------------------------------------

========================================================================================
CICLO #0104 | 2026-09-03 13:41:52 UTC | símbolos=0
========================================================================================
----------------------------------------------------------------------------------------
RESUMEN DEL CICLO #0104
Símbolos analizados: 0
Sin señal: 0
Esperando/otros: 0
Señales rechazadas: 0
Bloqueadas por estado/límites: 0
Validadas DRY RUN: 0
Nuevas órdenes: 0
Operaciones cerradas sincronizadas: 0
Errores: 0
Duración del ciclo: 0.01s
Intervalo objetivo: 10s
Próximo ciclo en: 9.99s
----------------------------------------------------------------------------------------

========================================================================================
CICLO #0105 | 2026-09-03 13:42:02 UTC | símbolos=0
========================================================================================
----------------------------------------------------------------------------------------
RESUMEN DEL CICLO #0105
Símbolos analizados: 0
Sin señal: 0
Esperando/otros: 0
Señales rechazadas: 0
Bloqueadas por estado/límites: 0
Validadas DRY RUN: 0
Nuevas órdenes: 0
Operaciones cerradas sincronizadas: 0
Errores: 0
Duración del ciclo: 0.01s
Intervalo objetivo: 10s
Próximo ciclo en: 9.99s
----------------------------------------------------------------------------------------

========================================================================================
CICLO #0106 | 2026-09-03 13:42:12 UTC | símbolos=0
========================================================================================
----------------------------------------------------------------------------------------
RESUMEN DEL CICLO #0106
Símbolos analizados: 0
Sin señal: 0
Esperando/otros: 0
Señales rechazadas: 0
Bloqueadas por estado/límites: 0
Validadas DRY RUN: 0
Nuevas órdenes: 0
Operaciones cerradas sincronizadas: 0
Errores: 0
Duración del ciclo: 0.01s
Intervalo objetivo: 10s
Próximo ciclo en: 9.99s
----------------------------------------------------------------------------------------

========================================================================================
CICLO #0107 | 2026-09-03 13:42:22 UTC | símbolos=0
========================================================================================
----------------------------------------------------------------------------------------
RESUMEN DEL CICLO #0107
Símbolos analizados: 0
Sin señal: 0
Esperando/otros: 0
Señales rechazadas: 0
Bloqueadas por estado/límites: 0
Validadas DRY RUN: 0
Nuevas órdenes: 0
Operaciones cerradas sincronizadas: 0
Errores: 0
Duración del ciclo: 0.01s
Intervalo objetivo: 10s
Próximo ciclo en: 9.99s
----------------------------------------------------------------------------------------

========================================================================================
CICLO #0108 | 2026-09-03 13:42:32 UTC | símbolos=0
========================================================================================
----------------------------------------------------------------------------------------
RESUMEN DEL CICLO #0108
Símbolos analizados: 0
Sin señal: 0
Esperando/otros: 0
Señales rechazadas: 0
Bloqueadas por estado/límites: 0
Validadas DRY RUN: 0
Nuevas órdenes: 0
Operaciones cerradas sincronizadas: 0
Errores: 0
Duración del ciclo: 0.01s
Intervalo objetivo: 10s
Próximo ciclo en: 9.99s
----------------------------------------------------------------------------------------

========================================================================================
CICLO #0109 | 2026-09-03 13:42:42 UTC | símbolos=0
========================================================================================
----------------------------------------------------------------------------------------
RESUMEN DEL CICLO #0109
Símbolos analizados: 0
Sin señal: 0
Esperando/otros: 0
Señales rechazadas: 0
Bloqueadas por estado/límites: 0
Validadas DRY RUN: 0
Nuevas órdenes: 0
Operaciones cerradas sincronizadas: 0
Errores: 0
Duración del ciclo: 0.01s
Intervalo objetivo: 10s
Próximo ciclo en: 9.99s
----------------------------------------------------------------------------------------

========================================================================================
CICLO #0110 | 2026-09-03 13:42:52 UTC | símbolos=0
========================================================================================
----------------------------------------------------------------------------------------
RESUMEN DEL CICLO #0110
Símbolos analizados: 0
Sin señal: 0
Esperando/otros: 0
Señales rechazadas: 0
Bloqueadas por estado/límites: 0
Validadas DRY RUN: 0
Nuevas órdenes: 0
Operaciones cerradas sincronizadas: 0
Errores: 0
Duración del ciclo: 0.01s
Intervalo objetivo: 10s
Próximo ciclo en: 9.99s
----------------------------------------------------------------------------------------

========================================================================================
CICLO #0111 | 2026-09-03 13:43:02 UTC | símbolos=0
========================================================================================
----------------------------------------------------------------------------------------
RESUMEN DEL CICLO #0111
Símbolos analizados: 0
Sin señal: 0
Esperando/otros: 0
Señales rechazadas: 0
Bloqueadas por estado/límites: 0
Validadas DRY RUN: 0
Nuevas órdenes: 0
Operaciones cerradas sincronizadas: 0
Errores: 0
Duración del ciclo: 0.01s
Intervalo objetivo: 10s
Próximo ciclo en: 9.99s
----------------------------------------------------------------------------------------

========================================================================================
CICLO #0112 | 2026-09-03 13:43:12 UTC | símbolos=0
========================================================================================
----------------------------------------------------------------------------------------
RESUMEN DEL CICLO #0112
Símbolos analizados: 0
Sin señal: 0
Esperando/otros: 0
Señales rechazadas: 0
Bloqueadas por estado/límites: 0
Validadas DRY RUN: 0
Nuevas órdenes: 0
Operaciones cerradas sincronizadas: 0
Errores: 0
Duración del ciclo: 0.01s
Intervalo objetivo: 10s
Próximo ciclo en: 9.99s
----------------------------------------------------------------------------------------

========================================================================================
CICLO #0113 | 2026-09-03 13:43:22 UTC | símbolos=0
========================================================================================
----------------------------------------------------------------------------------------
RESUMEN DEL CICLO #0113
Símbolos analizados: 0
Sin señal: 0
Esperando/otros: 0
Señales rechazadas: 0
Bloqueadas por estado/límites: 0
Validadas DRY RUN: 0
Nuevas órdenes: 0
Operaciones cerradas sincronizadas: 0
Errores: 0
Duración del ciclo: 0.01s
Intervalo objetivo: 10s
Próximo ciclo en: 9.99s
----------------------------------------------------------------------------------------

========================================================================================
CICLO #0114 | 2026-09-03 13:43:32 UTC | símbolos=0
========================================================================================
----------------------------------------------------------------------------------------
RESUMEN DEL CICLO #0114
Símbolos analizados: 0
Sin señal: 0
Esperando/otros: 0
Señales rechazadas: 0
Bloqueadas por estado/límites: 0
Validadas DRY RUN: 0
Nuevas órdenes: 0
Operaciones cerradas sincronizadas: 0
Errores: 0
Duración del ciclo: 0.01s
Intervalo objetivo: 10s
Próximo ciclo en: 9.99s
----------------------------------------------------------------------------------------

========================================================================================
CICLO #0115 | 2026-09-03 13:43:42 UTC | símbolos=0
========================================================================================
----------------------------------------------------------------------------------------
RESUMEN DEL CICLO #0115
Símbolos analizados: 0
Sin señal: 0
Esperando/otros: 0
Señales rechazadas: 0
Bloqueadas por estado/límites: 0
Validadas DRY RUN: 0
Nuevas órdenes: 0
Operaciones cerradas sincronizadas: 0
Errores: 0
Duración del ciclo: 0.01s
Intervalo objetivo: 10s
Próximo ciclo en: 9.99s
----------------------------------------------------------------------------------------

========================================================================================
CICLO #0116 | 2026-09-03 13:43:52 UTC | símbolos=0
========================================================================================
----------------------------------------------------------------------------------------
RESUMEN DEL CICLO #0116
Símbolos analizados: 0
Sin señal: 0
Esperando/otros: 0
Señales rechazadas: 0
Bloqueadas por estado/límites: 0
Validadas DRY RUN: 0
Nuevas órdenes: 0
Operaciones cerradas sincronizadas: 0
Errores: 0
Duración del ciclo: 0.01s
Intervalo objetivo: 10s
Próximo ciclo en: 9.99s
----------------------------------------------------------------------------------------

========================================================================================
CICLO #0117 | 2026-09-03 13:44:02 UTC | símbolos=0
========================================================================================
----------------------------------------------------------------------------------------
RESUMEN DEL CICLO #0117
Símbolos analizados: 0
Sin señal: 0
Esperando/otros: 0
Señales rechazadas: 0
Bloqueadas por estado/límites: 0
Validadas DRY RUN: 0
Nuevas órdenes: 0
Operaciones cerradas sincronizadas: 0
Errores: 0
Duración del ciclo: 0.01s
Intervalo objetivo: 10s
Próximo ciclo en: 9.99s
----------------------------------------------------------------------------------------

========================================================================================
CICLO #0118 | 2026-09-03 13:44:12 UTC | símbolos=0
========================================================================================
----------------------------------------------------------------------------------------
RESUMEN DEL CICLO #0118
Símbolos analizados: 0
Sin señal: 0
Esperando/otros: 0
Señales rechazadas: 0
Bloqueadas por estado/límites: 0
Validadas DRY RUN: 0
Nuevas órdenes: 0
Operaciones cerradas sincronizadas: 0
Errores: 0
Duración del ciclo: 0.01s
Intervalo objetivo: 10s
Próximo ciclo en: 9.99s
----------------------------------------------------------------------------------------

========================================================================================
CICLO #0119 | 2026-09-03 13:44:22 UTC | símbolos=0
========================================================================================
----------------------------------------------------------------------------------------
RESUMEN DEL CICLO #0119
Símbolos analizados: 0
Sin señal: 0
Esperando/otros: 0
Señales rechazadas: 0
Bloqueadas por estado/límites: 0
Validadas DRY RUN: 0
Nuevas órdenes: 0
Operaciones cerradas sincronizadas: 0
Errores: 0
Duración del ciclo: 0.01s
Intervalo objetivo: 10s
Próximo ciclo en: 9.99s
----------------------------------------------------------------------------------------

========================================================================================
CICLO #0120 | 2026-09-03 13:44:32 UTC | símbolos=0
========================================================================================
----------------------------------------------------------------------------------------
RESUMEN DEL CICLO #0120
Símbolos analizados: 0
Sin señal: 0
Esperando/otros: 0
Señales rechazadas: 0
Bloqueadas por estado/límites: 0
Validadas DRY RUN: 0
Nuevas órdenes: 0
Operaciones cerradas sincronizadas: 0
Errores: 0
Duración del ciclo: 0.01s
Intervalo objetivo: 10s
Próximo ciclo en: 9.99s
----------------------------------------------------------------------------------------

========================================================================================
CICLO #0121 | 2026-09-03 13:44:42 UTC | símbolos=0
========================================================================================
----------------------------------------------------------------------------------------
RESUMEN DEL CICLO #0121
Símbolos analizados: 0
Sin señal: 0
Esperando/otros: 0
Señales rechazadas: 0
Bloqueadas por estado/límites: 0
Validadas DRY RUN: 0
Nuevas órdenes: 0
Operaciones cerradas sincronizadas: 0
Errores: 0
Duración del ciclo: 0.01s
Intervalo objetivo: 10s
Próximo ciclo en: 9.99s
----------------------------------------------------------------------------------------

========================================================================================
CICLO #0122 | 2026-09-03 13:44:52 UTC | símbolos=0
========================================================================================
----------------------------------------------------------------------------------------
RESUMEN DEL CICLO #0122
Símbolos analizados: 0
Sin señal: 0
Esperando/otros: 0
Señales rechazadas: 0
Bloqueadas por estado/límites: 0
Validadas DRY RUN: 0
Nuevas órdenes: 0
Operaciones cerradas sincronizadas: 0
Errores: 0
Duración del ciclo: 0.01s
Intervalo objetivo: 10s
Próximo ciclo en: 9.99s
----------------------------------------------------------------------------------------

========================================================================================
CICLO #0123 | 2026-09-03 13:45:02 UTC | símbolos=1
========================================================================================
[01/01] START XAUUSD
[01/01] END   XAUUSD | 0.00s | GOLD SMC SESSION CLOSED
    Motivo: XAUUSD_NUEVAS_ENTRADAS_SOLO_ASIA_HASTA_APERTURA_NEW_YORK
----------------------------------------------------------------------------------------
RESUMEN DEL CICLO #0123
Símbolos analizados: 1
Sin señal: 0
Esperando/otros: 1
Señales rechazadas: 0
Bloqueadas por estado/límites: 0
Validadas DRY RUN: 0
Nuevas órdenes: 0
Operaciones cerradas sincronizadas: 0
Errores: 0
Duración del ciclo: 0.02s
Intervalo objetivo: 10s
Próximo ciclo en: 9.98s
----------------------------------------------------------------------------------------

========================================================================================
CICLO #0124 | 2026-09-03 13:45:12 UTC | símbolos=0
========================================================================================
----------------------------------------------------------------------------------------
RESUMEN DEL CICLO #0124
Símbolos analizados: 0
Sin señal: 0
Esperando/otros: 0
Señales rechazadas: 0
Bloqueadas por estado/límites: 0
Validadas DRY RUN: 0
Nuevas órdenes: 0
Operaciones cerradas sincronizadas: 0
Errores: 0
Duración del ciclo: 0.01s
Intervalo objetivo: 10s
Próximo ciclo en: 9.99s
----------------------------------------------------------------------------------------

========================================================================================
CICLO #0125 | 2026-09-03 13:45:22 UTC | símbolos=0
========================================================================================
----------------------------------------------------------------------------------------
RESUMEN DEL CICLO #0125
Símbolos analizados: 0
Sin señal: 0
Esperando/otros: 0
Señales rechazadas: 0
Bloqueadas por estado/límites: 0
Validadas DRY RUN: 0
Nuevas órdenes: 0
Operaciones cerradas sincronizadas: 0
Errores: 0
Duración del ciclo: 0.02s
Intervalo objetivo: 10s
Próximo ciclo en: 9.98s
----------------------------------------------------------------------------------------

========================================================================================
CICLO #0126 | 2026-09-03 13:45:32 UTC | símbolos=0
========================================================================================
----------------------------------------------------------------------------------------
RESUMEN DEL CICLO #0126
Símbolos analizados: 0
Sin señal: 0
Esperando/otros: 0
Señales rechazadas: 0
Bloqueadas por estado/límites: 0
Validadas DRY RUN: 0
Nuevas órdenes: 0
Operaciones cerradas sincronizadas: 0
Errores: 0
Duración del ciclo: 21.93s
Intervalo objetivo: 10s
Próximo ciclo en: 0.00s
[AVISO] Ciclo excedio el intervalo por: 11.93s
----------------------------------------------------------------------------------------

========================================================================================
CICLO #0127 | 2026-09-03 13:45:54 UTC | símbolos=0
========================================================================================
----------------------------------------------------------------------------------------
RESUMEN DEL CICLO #0127
Símbolos analizados: 0
Sin señal: 0
Esperando/otros: 0
Señales rechazadas: 0
Bloqueadas por estado/límites: 0
Validadas DRY RUN: 0
Nuevas órdenes: 0
Operaciones cerradas sincronizadas: 0
Errores: 0
Duración del ciclo: 0.22s
Intervalo objetivo: 10s
Próximo ciclo en: 9.78s
----------------------------------------------------------------------------------------

========================================================================================
CICLO #0128 | 2026-09-03 13:46:04 UTC | símbolos=0
========================================================================================
----------------------------------------------------------------------------------------
RESUMEN DEL CICLO #0128
Símbolos analizados: 0
Sin señal: 0
Esperando/otros: 0
Señales rechazadas: 0
Bloqueadas por estado/límites: 0
Validadas DRY RUN: 0
Nuevas órdenes: 0
Operaciones cerradas sincronizadas: 0
Errores: 0
Duración del ciclo: 0.01s
Intervalo objetivo: 10s
Próximo ciclo en: 9.99s
----------------------------------------------------------------------------------------

========================================================================================
CICLO #0129 | 2026-09-03 13:46:14 UTC | símbolos=0
========================================================================================
----------------------------------------------------------------------------------------
RESUMEN DEL CICLO #0129
Símbolos analizados: 0
Sin señal: 0
Esperando/otros: 0
Señales rechazadas: 0
Bloqueadas por estado/límites: 0
Validadas DRY RUN: 0
Nuevas órdenes: 0
Operaciones cerradas sincronizadas: 0
Errores: 0
Duración del ciclo: 0.01s
Intervalo objetivo: 10s
Próximo ciclo en: 9.99s
----------------------------------------------------------------------------------------

========================================================================================
CICLO #0130 | 2026-09-03 13:46:24 UTC | símbolos=0
========================================================================================
----------------------------------------------------------------------------------------
RESUMEN DEL CICLO #0130
Símbolos analizados: 0
Sin señal: 0
Esperando/otros: 0
Señales rechazadas: 0
Bloqueadas por estado/límites: 0
Validadas DRY RUN: 0
Nuevas órdenes: 0
Operaciones cerradas sincronizadas: 0
Errores: 0
Duración del ciclo: 0.01s
Intervalo objetivo: 10s
Próximo ciclo en: 9.99s
----------------------------------------------------------------------------------------

========================================================================================
CICLO #0131 | 2026-09-03 13:46:34 UTC | símbolos=0
========================================================================================
----------------------------------------------------------------------------------------
RESUMEN DEL CICLO #0131
Símbolos analizados: 0
Sin señal: 0
Esperando/otros: 0
Señales rechazadas: 0
Bloqueadas por estado/límites: 0
Validadas DRY RUN: 0
Nuevas órdenes: 0
Operaciones cerradas sincronizadas: 0
Errores: 0
Duración del ciclo: 0.01s
Intervalo objetivo: 10s
Próximo ciclo en: 9.99s
----------------------------------------------------------------------------------------

========================================================================================
CICLO #0132 | 2026-09-03 13:46:44 UTC | símbolos=0
========================================================================================
----------------------------------------------------------------------------------------
RESUMEN DEL CICLO #0132
Símbolos analizados: 0
Sin señal: 0
Esperando/otros: 0
Señales rechazadas: 0
Bloqueadas por estado/límites: 0
Validadas DRY RUN: 0
Nuevas órdenes: 0
Operaciones cerradas sincronizadas: 0
Errores: 0
Duración del ciclo: 0.01s
Intervalo objetivo: 10s
Próximo ciclo en: 9.99s
----------------------------------------------------------------------------------------

========================================================================================
CICLO #0133 | 2026-09-03 13:46:54 UTC | símbolos=0
========================================================================================
----------------------------------------------------------------------------------------
RESUMEN DEL CICLO #0133
Símbolos analizados: 0
Sin señal: 0
Esperando/otros: 0
Señales rechazadas: 0
Bloqueadas por estado/límites: 0
Validadas DRY RUN: 0
Nuevas órdenes: 0
Operaciones cerradas sincronizadas: 0
Errores: 0
Duración del ciclo: 0.01s
Intervalo objetivo: 10s
Próximo ciclo en: 9.99s
----------------------------------------------------------------------------------------

========================================================================================
CICLO #0134 | 2026-09-03 13:47:04 UTC | símbolos=0
========================================================================================
----------------------------------------------------------------------------------------
RESUMEN DEL CICLO #0134
Símbolos analizados: 0
Sin señal: 0
Esperando/otros: 0
Señales rechazadas: 0
Bloqueadas por estado/límites: 0
Validadas DRY RUN: 0
Nuevas órdenes: 0
Operaciones cerradas sincronizadas: 0
Errores: 0
Duración del ciclo: 0.01s
Intervalo objetivo: 10s
Próximo ciclo en: 9.99s
----------------------------------------------------------------------------------------

========================================================================================
CICLO #0135 | 2026-09-03 13:47:14 UTC | símbolos=0
========================================================================================
----------------------------------------------------------------------------------------
RESUMEN DEL CICLO #0135
Símbolos analizados: 0
Sin señal: 0
Esperando/otros: 0
Señales rechazadas: 0
Bloqueadas por estado/límites: 0
Validadas DRY RUN: 0
Nuevas órdenes: 0
Operaciones cerradas sincronizadas: 0
Errores: 0
Duración del ciclo: 0.01s
Intervalo objetivo: 10s
Próximo ciclo en: 9.99s
----------------------------------------------------------------------------------------

========================================================================================
CICLO #0136 | 2026-09-03 13:47:24 UTC | símbolos=0
========================================================================================
----------------------------------------------------------------------------------------
RESUMEN DEL CICLO #0136
Símbolos analizados: 0
Sin señal: 0
Esperando/otros: 0
Señales rechazadas: 0
Bloqueadas por estado/límites: 0
Validadas DRY RUN: 0
Nuevas órdenes: 0
Operaciones cerradas sincronizadas: 0
Errores: 0
Duración del ciclo: 0.01s
Intervalo objetivo: 10s
Próximo ciclo en: 9.99s
----------------------------------------------------------------------------------------

========================================================================================
CICLO #0137 | 2026-09-03 13:47:34 UTC | símbolos=0
========================================================================================
----------------------------------------------------------------------------------------
RESUMEN DEL CICLO #0137
Símbolos analizados: 0
Sin señal: 0
Esperando/otros: 0
Señales rechazadas: 0
Bloqueadas por estado/límites: 0
Validadas DRY RUN: 0
Nuevas órdenes: 0
Operaciones cerradas sincronizadas: 0
Errores: 0
Duración del ciclo: 0.01s
Intervalo objetivo: 10s
Próximo ciclo en: 9.99s
----------------------------------------------------------------------------------------

========================================================================================
CICLO #0138 | 2026-09-03 13:47:44 UTC | símbolos=0
========================================================================================
----------------------------------------------------------------------------------------
RESUMEN DEL CICLO #0138
Símbolos analizados: 0
Sin señal: 0
Esperando/otros: 0
Señales rechazadas: 0
Bloqueadas por estado/límites: 0
Validadas DRY RUN: 0
Nuevas órdenes: 0
Operaciones cerradas sincronizadas: 0
Errores: 0
Duración del ciclo: 0.01s
Intervalo objetivo: 10s
Próximo ciclo en: 9.99s
----------------------------------------------------------------------------------------

========================================================================================
CICLO #0139 | 2026-09-03 13:47:54 UTC | símbolos=0
========================================================================================
----------------------------------------------------------------------------------------
RESUMEN DEL CICLO #0139
Símbolos analizados: 0
Sin señal: 0
Esperando/otros: 0
Señales rechazadas: 0
Bloqueadas por estado/límites: 0
Validadas DRY RUN: 0
Nuevas órdenes: 0
Operaciones cerradas sincronizadas: 0
Errores: 0
Duración del ciclo: 0.01s
Intervalo objetivo: 10s
Próximo ciclo en: 9.99s
----------------------------------------------------------------------------------------

========================================================================================
CICLO #0140 | 2026-09-03 13:48:04 UTC | símbolos=0
========================================================================================
----------------------------------------------------------------------------------------
RESUMEN DEL CICLO #0140
Símbolos analizados: 0
Sin señal: 0
Esperando/otros: 0
Señales rechazadas: 0
Bloqueadas por estado/límites: 0
Validadas DRY RUN: 0
Nuevas órdenes: 0
Operaciones cerradas sincronizadas: 0
Errores: 0
Duración del ciclo: 0.01s
Intervalo objetivo: 10s
Próximo ciclo en: 9.99s
----------------------------------------------------------------------------------------

========================================================================================
CICLO #0141 | 2026-09-03 13:48:14 UTC | símbolos=0
========================================================================================
----------------------------------------------------------------------------------------
RESUMEN DEL CICLO #0141
Símbolos analizados: 0
Sin señal: 0
Esperando/otros: 0
Señales rechazadas: 0
Bloqueadas por estado/límites: 0
Validadas DRY RUN: 0
Nuevas órdenes: 0
Operaciones cerradas sincronizadas: 0
Errores: 0
Duración del ciclo: 0.01s
Intervalo objetivo: 10s
Próximo ciclo en: 9.99s
----------------------------------------------------------------------------------------

========================================================================================
CICLO #0142 | 2026-09-03 13:48:24 UTC | símbolos=0
========================================================================================
----------------------------------------------------------------------------------------
RESUMEN DEL CICLO #0142
Símbolos analizados: 0
Sin señal: 0
Esperando/otros: 0
Señales rechazadas: 0
Bloqueadas por estado/límites: 0
Validadas DRY RUN: 0
Nuevas órdenes: 0
Operaciones cerradas sincronizadas: 0
Errores: 0
Duración del ciclo: 0.01s
Intervalo objetivo: 10s
Próximo ciclo en: 9.99s
----------------------------------------------------------------------------------------

========================================================================================
CICLO #0143 | 2026-09-03 13:48:34 UTC | símbolos=0
========================================================================================
----------------------------------------------------------------------------------------
RESUMEN DEL CICLO #0143
Símbolos analizados: 0
Sin señal: 0
Esperando/otros: 0
Señales rechazadas: 0
Bloqueadas por estado/límites: 0
Validadas DRY RUN: 0
Nuevas órdenes: 0
Operaciones cerradas sincronizadas: 0
Errores: 0
Duración del ciclo: 0.01s
Intervalo objetivo: 10s
Próximo ciclo en: 9.99s
----------------------------------------------------------------------------------------

========================================================================================
CICLO #0144 | 2026-09-03 13:48:44 UTC | símbolos=0
========================================================================================
----------------------------------------------------------------------------------------
RESUMEN DEL CICLO #0144
Símbolos analizados: 0
Sin señal: 0
Esperando/otros: 0
Señales rechazadas: 0
Bloqueadas por estado/límites: 0
Validadas DRY RUN: 0
Nuevas órdenes: 0
Operaciones cerradas sincronizadas: 0
Errores: 0
Duración del ciclo: 0.01s
Intervalo objetivo: 10s
Próximo ciclo en: 9.99s
----------------------------------------------------------------------------------------

========================================================================================
CICLO #0145 | 2026-09-03 13:48:54 UTC | símbolos=0
========================================================================================
----------------------------------------------------------------------------------------
RESUMEN DEL CICLO #0145
Símbolos analizados: 0
Sin señal: 0
Esperando/otros: 0
Señales rechazadas: 0
Bloqueadas por estado/límites: 0
Validadas DRY RUN: 0
Nuevas órdenes: 0
Operaciones cerradas sincronizadas: 0
Errores: 0
Duración del ciclo: 0.01s
Intervalo objetivo: 10s
Próximo ciclo en: 9.99s
----------------------------------------------------------------------------------------

========================================================================================
CICLO #0146 | 2026-09-03 13:49:04 UTC | símbolos=0
========================================================================================
----------------------------------------------------------------------------------------
RESUMEN DEL CICLO #0146
Símbolos analizados: 0
Sin señal: 0
Esperando/otros: 0
Señales rechazadas: 0
Bloqueadas por estado/límites: 0
Validadas DRY RUN: 0
Nuevas órdenes: 0
Operaciones cerradas sincronizadas: 0
Errores: 0
Duración del ciclo: 0.01s
Intervalo objetivo: 10s
Próximo ciclo en: 9.99s
----------------------------------------------------------------------------------------

========================================================================================
CICLO #0147 | 2026-09-03 13:49:14 UTC | símbolos=0
========================================================================================
----------------------------------------------------------------------------------------
RESUMEN DEL CICLO #0147
Símbolos analizados: 0
Sin señal: 0
Esperando/otros: 0
Señales rechazadas: 0
Bloqueadas por estado/límites: 0
Validadas DRY RUN: 0
Nuevas órdenes: 0
Operaciones cerradas sincronizadas: 0
Errores: 0
Duración del ciclo: 0.01s
Intervalo objetivo: 10s
Próximo ciclo en: 9.99s
----------------------------------------------------------------------------------------

========================================================================================
CICLO #0148 | 2026-09-03 13:49:24 UTC | símbolos=0
========================================================================================
----------------------------------------------------------------------------------------
RESUMEN DEL CICLO #0148
Símbolos analizados: 0
Sin señal: 0
Esperando/otros: 0
Señales rechazadas: 0
Bloqueadas por estado/límites: 0
Validadas DRY RUN: 0
Nuevas órdenes: 0
Operaciones cerradas sincronizadas: 0
Errores: 0
Duración del ciclo: 0.01s
Intervalo objetivo: 10s
Próximo ciclo en: 9.99s
----------------------------------------------------------------------------------------

========================================================================================
CICLO #0149 | 2026-09-03 13:49:34 UTC | símbolos=0
========================================================================================
----------------------------------------------------------------------------------------
RESUMEN DEL CICLO #0149
Símbolos analizados: 0
Sin señal: 0
Esperando/otros: 0
Señales rechazadas: 0
Bloqueadas por estado/límites: 0
Validadas DRY RUN: 0
Nuevas órdenes: 0
Operaciones cerradas sincronizadas: 0
Errores: 0
Duración del ciclo: 0.01s
Intervalo objetivo: 10s
Próximo ciclo en: 9.99s
----------------------------------------------------------------------------------------

========================================================================================
CICLO #0150 | 2026-09-03 13:49:44 UTC | símbolos=0
========================================================================================
----------------------------------------------------------------------------------------
RESUMEN DEL CICLO #0150
Símbolos analizados: 0
Sin señal: 0
Esperando/otros: 0
Señales rechazadas: 0
Bloqueadas por estado/límites: 0
Validadas DRY RUN: 0
Nuevas órdenes: 0
Operaciones cerradas sincronizadas: 0
Errores: 0
Duración del ciclo: 0.01s
Intervalo objetivo: 10s
Próximo ciclo en: 9.99s
----------------------------------------------------------------------------------------

========================================================================================
CICLO #0151 | 2026-09-03 13:49:54 UTC | símbolos=0
========================================================================================
----------------------------------------------------------------------------------------
RESUMEN DEL CICLO #0151
Símbolos analizados: 0
Sin señal: 0
Esperando/otros: 0
Señales rechazadas: 0
Bloqueadas por estado/límites: 0
Validadas DRY RUN: 0
Nuevas órdenes: 0
Operaciones cerradas sincronizadas: 0
Errores: 0
Duración del ciclo: 0.01s
Intervalo objetivo: 10s
Próximo ciclo en: 9.99s
----------------------------------------------------------------------------------------

========================================================================================
CICLO #0152 | 2026-09-03 13:50:04 UTC | símbolos=1
========================================================================================
[01/01] START XAUUSD
[01/01] END   XAUUSD | 0.00s | GOLD SMC SESSION CLOSED
    Motivo: XAUUSD_NUEVAS_ENTRADAS_SOLO_ASIA_HASTA_APERTURA_NEW_YORK
----------------------------------------------------------------------------------------
RESUMEN DEL CICLO #0152
Símbolos analizados: 1
Sin señal: 0
Esperando/otros: 1
Señales rechazadas: 0
Bloqueadas por estado/límites: 0
Validadas DRY RUN: 0
Nuevas órdenes: 0
Operaciones cerradas sincronizadas: 0
Errores: 0
Duración del ciclo: 0.02s
Intervalo objetivo: 10s
Próximo ciclo en: 9.98s
----------------------------------------------------------------------------------------

========================================================================================
CICLO #0153 | 2026-09-03 13:50:14 UTC | símbolos=0
========================================================================================
----------------------------------------------------------------------------------------
RESUMEN DEL CICLO #0153
Símbolos analizados: 0
Sin señal: 0
Esperando/otros: 0
Señales rechazadas: 0
Bloqueadas por estado/límites: 0
Validadas DRY RUN: 0
Nuevas órdenes: 0
Operaciones cerradas sincronizadas: 0
Errores: 0
Duración del ciclo: 0.01s
Intervalo objetivo: 10s
Próximo ciclo en: 9.99s
----------------------------------------------------------------------------------------

========================================================================================
CICLO #0154 | 2026-09-03 13:50:24 UTC | símbolos=0
========================================================================================
----------------------------------------------------------------------------------------
RESUMEN DEL CICLO #0154
Símbolos analizados: 0
Sin señal: 0
Esperando/otros: 0
Señales rechazadas: 0
Bloqueadas por estado/límites: 0
Validadas DRY RUN: 0
Nuevas órdenes: 0
Operaciones cerradas sincronizadas: 0
Errores: 0
Duración del ciclo: 0.01s
Intervalo objetivo: 10s
Próximo ciclo en: 9.99s
----------------------------------------------------------------------------------------

========================================================================================
CICLO #0155 | 2026-09-03 13:50:34 UTC | símbolos=0
========================================================================================
----------------------------------------------------------------------------------------
RESUMEN DEL CICLO #0155
Símbolos analizados: 0
Sin señal: 0
Esperando/otros: 0
Señales rechazadas: 0
Bloqueadas por estado/límites: 0
Validadas DRY RUN: 0
Nuevas órdenes: 0
Operaciones cerradas sincronizadas: 0
Errores: 0
Duración del ciclo: 0.01s
Intervalo objetivo: 10s
Próximo ciclo en: 9.99s
----------------------------------------------------------------------------------------

========================================================================================
CICLO #0156 | 2026-09-03 13:50:44 UTC | símbolos=0
========================================================================================
----------------------------------------------------------------------------------------
RESUMEN DEL CICLO #0156
Símbolos analizados: 0
Sin señal: 0
Esperando/otros: 0
Señales rechazadas: 0
Bloqueadas por estado/límites: 0
Validadas DRY RUN: 0
Nuevas órdenes: 0
Operaciones cerradas sincronizadas: 0
Errores: 0
Duración del ciclo: 0.01s
Intervalo objetivo: 10s
Próximo ciclo en: 9.99s
----------------------------------------------------------------------------------------

========================================================================================
CICLO #0157 | 2026-09-03 13:50:54 UTC | símbolos=0
========================================================================================
----------------------------------------------------------------------------------------
RESUMEN DEL CICLO #0157
Símbolos analizados: 0
Sin señal: 0
Esperando/otros: 0
Señales rechazadas: 0
Bloqueadas por estado/límites: 0
Validadas DRY RUN: 0
Nuevas órdenes: 0
Operaciones cerradas sincronizadas: 0
Errores: 0
Duración del ciclo: 0.01s
Intervalo objetivo: 10s
Próximo ciclo en: 9.99s
----------------------------------------------------------------------------------------

========================================================================================
CICLO #0158 | 2026-09-03 13:51:04 UTC | símbolos=0
========================================================================================
----------------------------------------------------------------------------------------
RESUMEN DEL CICLO #0158
Símbolos analizados: 0
Sin señal: 0
Esperando/otros: 0
Señales rechazadas: 0
Bloqueadas por estado/límites: 0
Validadas DRY RUN: 0
Nuevas órdenes: 0
Operaciones cerradas sincronizadas: 0
Errores: 0
Duración del ciclo: 0.01s
Intervalo objetivo: 10s
Próximo ciclo en: 9.99s
----------------------------------------------------------------------------------------

========================================================================================
CICLO #0159 | 2026-09-03 13:51:14 UTC | símbolos=0
========================================================================================
----------------------------------------------------------------------------------------
RESUMEN DEL CICLO #0159
Símbolos analizados: 0
Sin señal: 0
Esperando/otros: 0
Señales rechazadas: 0
Bloqueadas por estado/límites: 0
Validadas DRY RUN: 0
Nuevas órdenes: 0
Operaciones cerradas sincronizadas: 0
Errores: 0
Duración del ciclo: 0.01s
Intervalo objetivo: 10s
Próximo ciclo en: 9.99s
----------------------------------------------------------------------------------------

========================================================================================
CICLO #0160 | 2026-09-03 13:51:24 UTC | símbolos=0
========================================================================================
----------------------------------------------------------------------------------------
RESUMEN DEL CICLO #0160
Símbolos analizados: 0
Sin señal: 0
Esperando/otros: 0
Señales rechazadas: 0
Bloqueadas por estado/límites: 0
Validadas DRY RUN: 0
Nuevas órdenes: 0
Operaciones cerradas sincronizadas: 0
Errores: 0
Duración del ciclo: 0.01s
Intervalo objetivo: 10s
Próximo ciclo en: 9.99s
----------------------------------------------------------------------------------------

========================================================================================
CICLO #0161 | 2026-09-03 13:51:34 UTC | símbolos=0
========================================================================================
----------------------------------------------------------------------------------------
RESUMEN DEL CICLO #0161
Símbolos analizados: 0
Sin señal: 0
Esperando/otros: 0
Señales rechazadas: 0
Bloqueadas por estado/límites: 0
Validadas DRY RUN: 0
Nuevas órdenes: 0
Operaciones cerradas sincronizadas: 0
Errores: 0
Duración del ciclo: 0.01s
Intervalo objetivo: 10s
Próximo ciclo en: 9.99s
----------------------------------------------------------------------------------------

========================================================================================
CICLO #0162 | 2026-09-03 13:51:44 UTC | símbolos=0
========================================================================================
----------------------------------------------------------------------------------------
RESUMEN DEL CICLO #0162
Símbolos analizados: 0
Sin señal: 0
Esperando/otros: 0
Señales rechazadas: 0
Bloqueadas por estado/límites: 0
Validadas DRY RUN: 0
Nuevas órdenes: 0
Operaciones cerradas sincronizadas: 0
Errores: 0
Duración del ciclo: 0.01s
Intervalo objetivo: 10s
Próximo ciclo en: 9.99s
----------------------------------------------------------------------------------------

========================================================================================
CICLO #0163 | 2026-09-03 13:51:54 UTC | símbolos=0
========================================================================================
----------------------------------------------------------------------------------------
RESUMEN DEL CICLO #0163
Símbolos analizados: 0
Sin señal: 0
Esperando/otros: 0
Señales rechazadas: 0
Bloqueadas por estado/límites: 0
Validadas DRY RUN: 0
Nuevas órdenes: 0
Operaciones cerradas sincronizadas: 0
Errores: 0
Duración del ciclo: 0.01s
Intervalo objetivo: 10s
Próximo ciclo en: 9.99s
----------------------------------------------------------------------------------------

========================================================================================
CICLO #0164 | 2026-09-03 13:52:04 UTC | símbolos=0
========================================================================================
----------------------------------------------------------------------------------------
RESUMEN DEL CICLO #0164
Símbolos analizados: 0
Sin señal: 0
Esperando/otros: 0
Señales rechazadas: 0
Bloqueadas por estado/límites: 0
Validadas DRY RUN: 0
Nuevas órdenes: 0
Operaciones cerradas sincronizadas: 0
Errores: 0
Duración del ciclo: 0.01s
Intervalo objetivo: 10s
Próximo ciclo en: 9.99s
----------------------------------------------------------------------------------------

========================================================================================
CICLO #0165 | 2026-09-03 13:52:14 UTC | símbolos=0
========================================================================================
----------------------------------------------------------------------------------------
RESUMEN DEL CICLO #0165
Símbolos analizados: 0
Sin señal: 0
Esperando/otros: 0
Señales rechazadas: 0
Bloqueadas por estado/límites: 0
Validadas DRY RUN: 0
Nuevas órdenes: 0
Operaciones cerradas sincronizadas: 0
Errores: 0
Duración del ciclo: 0.01s
Intervalo objetivo: 10s
Próximo ciclo en: 9.99s
----------------------------------------------------------------------------------------

========================================================================================
CICLO #0166 | 2026-09-03 13:52:24 UTC | símbolos=0
========================================================================================
----------------------------------------------------------------------------------------
RESUMEN DEL CICLO #0166
Símbolos analizados: 0
Sin señal: 0
Esperando/otros: 0
Señales rechazadas: 0
Bloqueadas por estado/límites: 0
Validadas DRY RUN: 0
Nuevas órdenes: 0
Operaciones cerradas sincronizadas: 0
Errores: 0
Duración del ciclo: 0.01s
Intervalo objetivo: 10s
Próximo ciclo en: 9.99s
----------------------------------------------------------------------------------------

========================================================================================
CICLO #0167 | 2026-09-03 13:52:34 UTC | símbolos=0
========================================================================================
----------------------------------------------------------------------------------------
RESUMEN DEL CICLO #0167
Símbolos analizados: 0
Sin señal: 0
Esperando/otros: 0
Señales rechazadas: 0
Bloqueadas por estado/límites: 0
Validadas DRY RUN: 0
Nuevas órdenes: 0
Operaciones cerradas sincronizadas: 0
Errores: 0
Duración del ciclo: 0.01s
Intervalo objetivo: 10s
Próximo ciclo en: 9.99s
----------------------------------------------------------------------------------------

========================================================================================
CICLO #0168 | 2026-09-03 13:52:44 UTC | símbolos=0
========================================================================================
----------------------------------------------------------------------------------------
RESUMEN DEL CICLO #0168
Símbolos analizados: 0
Sin señal: 0
Esperando/otros: 0
Señales rechazadas: 0
Bloqueadas por estado/límites: 0
Validadas DRY RUN: 0
Nuevas órdenes: 0
Operaciones cerradas sincronizadas: 0
Errores: 0
Duración del ciclo: 0.01s
Intervalo objetivo: 10s
Próximo ciclo en: 9.99s
----------------------------------------------------------------------------------------

========================================================================================
CICLO #0169 | 2026-09-03 13:52:54 UTC | símbolos=0
========================================================================================
----------------------------------------------------------------------------------------
RESUMEN DEL CICLO #0169
Símbolos analizados: 0
Sin señal: 0
Esperando/otros: 0
Señales rechazadas: 0
Bloqueadas por estado/límites: 0
Validadas DRY RUN: 0
Nuevas órdenes: 0
Operaciones cerradas sincronizadas: 0
Errores: 0
Duración del ciclo: 0.01s
Intervalo objetivo: 10s
Próximo ciclo en: 9.99s
----------------------------------------------------------------------------------------

========================================================================================
CICLO #0170 | 2026-09-03 13:53:04 UTC | símbolos=0
========================================================================================
----------------------------------------------------------------------------------------
RESUMEN DEL CICLO #0170
Símbolos analizados: 0
Sin señal: 0
Esperando/otros: 0
Señales rechazadas: 0
Bloqueadas por estado/límites: 0
Validadas DRY RUN: 0
Nuevas órdenes: 0
Operaciones cerradas sincronizadas: 0
Errores: 0
Duración del ciclo: 0.01s
Intervalo objetivo: 10s
Próximo ciclo en: 9.99s
----------------------------------------------------------------------------------------

========================================================================================
CICLO #0171 | 2026-09-03 13:53:14 UTC | símbolos=0
========================================================================================
----------------------------------------------------------------------------------------
RESUMEN DEL CICLO #0171
Símbolos analizados: 0
Sin señal: 0
Esperando/otros: 0
Señales rechazadas: 0
Bloqueadas por estado/límites: 0
Validadas DRY RUN: 0
Nuevas órdenes: 0
Operaciones cerradas sincronizadas: 0
Errores: 0
Duración del ciclo: 0.01s
Intervalo objetivo: 10s
Próximo ciclo en: 9.99s
----------------------------------------------------------------------------------------

========================================================================================
CICLO #0172 | 2026-09-03 13:53:24 UTC | símbolos=0
========================================================================================
----------------------------------------------------------------------------------------
RESUMEN DEL CICLO #0172
Símbolos analizados: 0
Sin señal: 0
Esperando/otros: 0
Señales rechazadas: 0
Bloqueadas por estado/límites: 0
Validadas DRY RUN: 0
Nuevas órdenes: 0
Operaciones cerradas sincronizadas: 0
Errores: 0
Duración del ciclo: 0.01s
Intervalo objetivo: 10s
Próximo ciclo en: 9.99s
----------------------------------------------------------------------------------------

========================================================================================
CICLO #0173 | 2026-09-03 13:53:34 UTC | símbolos=0
========================================================================================
----------------------------------------------------------------------------------------
RESUMEN DEL CICLO #0173
Símbolos analizados: 0
Sin señal: 0
Esperando/otros: 0
Señales rechazadas: 0
Bloqueadas por estado/límites: 0
Validadas DRY RUN: 0
Nuevas órdenes: 0
Operaciones cerradas sincronizadas: 0
Errores: 0
Duración del ciclo: 0.01s
Intervalo objetivo: 10s
Próximo ciclo en: 9.99s
----------------------------------------------------------------------------------------

========================================================================================
CICLO #0174 | 2026-09-03 13:53:44 UTC | símbolos=0
========================================================================================
----------------------------------------------------------------------------------------
RESUMEN DEL CICLO #0174
Símbolos analizados: 0
Sin señal: 0
Esperando/otros: 0
Señales rechazadas: 0
Bloqueadas por estado/límites: 0
Validadas DRY RUN: 0
Nuevas órdenes: 0
Operaciones cerradas sincronizadas: 0
Errores: 0
Duración del ciclo: 0.01s
Intervalo objetivo: 10s
Próximo ciclo en: 9.99s
----------------------------------------------------------------------------------------

========================================================================================
CICLO #0175 | 2026-09-03 13:53:54 UTC | símbolos=0
========================================================================================
----------------------------------------------------------------------------------------
RESUMEN DEL CICLO #0175
Símbolos analizados: 0
Sin señal: 0
Esperando/otros: 0
Señales rechazadas: 0
Bloqueadas por estado/límites: 0
Validadas DRY RUN: 0
Nuevas órdenes: 0
Operaciones cerradas sincronizadas: 0
Errores: 0
Duración del ciclo: 0.01s
Intervalo objetivo: 10s
Próximo ciclo en: 9.99s
----------------------------------------------------------------------------------------

========================================================================================
CICLO #0176 | 2026-09-03 13:54:04 UTC | símbolos=0
========================================================================================
----------------------------------------------------------------------------------------
RESUMEN DEL CICLO #0176
Símbolos analizados: 0
Sin señal: 0
Esperando/otros: 0
Señales rechazadas: 0
Bloqueadas por estado/límites: 0
Validadas DRY RUN: 0
Nuevas órdenes: 0
Operaciones cerradas sincronizadas: 0
Errores: 0
Duración del ciclo: 0.01s
Intervalo objetivo: 10s
Próximo ciclo en: 9.99s
----------------------------------------------------------------------------------------

========================================================================================
CICLO #0177 | 2026-09-03 13:54:14 UTC | símbolos=0
========================================================================================
----------------------------------------------------------------------------------------
RESUMEN DEL CICLO #0177
Símbolos analizados: 0
Sin señal: 0
Esperando/otros: 0
Señales rechazadas: 0
Bloqueadas por estado/límites: 0
Validadas DRY RUN: 0
Nuevas órdenes: 0
Operaciones cerradas sincronizadas: 0
Errores: 0
Duración del ciclo: 0.01s
Intervalo objetivo: 10s
Próximo ciclo en: 9.99s
----------------------------------------------------------------------------------------

========================================================================================
CICLO #0178 | 2026-09-03 13:54:24 UTC | símbolos=0
========================================================================================
----------------------------------------------------------------------------------------
RESUMEN DEL CICLO #0178
Símbolos analizados: 0
Sin señal: 0
Esperando/otros: 0
Señales rechazadas: 0
Bloqueadas por estado/límites: 0
Validadas DRY RUN: 0
Nuevas órdenes: 0
Operaciones cerradas sincronizadas: 0
Errores: 0
Duración del ciclo: 0.01s
Intervalo objetivo: 10s
Próximo ciclo en: 9.99s
----------------------------------------------------------------------------------------

========================================================================================
CICLO #0179 | 2026-09-03 13:54:34 UTC | símbolos=0
========================================================================================
----------------------------------------------------------------------------------------
RESUMEN DEL CICLO #0179
Símbolos analizados: 0
Sin señal: 0
Esperando/otros: 0
Señales rechazadas: 0
Bloqueadas por estado/límites: 0
Validadas DRY RUN: 0
Nuevas órdenes: 0
Operaciones cerradas sincronizadas: 0
Errores: 0
Duración del ciclo: 0.01s
Intervalo objetivo: 10s
Próximo ciclo en: 9.99s
----------------------------------------------------------------------------------------

========================================================================================
CICLO #0180 | 2026-09-03 13:54:44 UTC | símbolos=0
========================================================================================
----------------------------------------------------------------------------------------
RESUMEN DEL CICLO #0180
Símbolos analizados: 0
Sin señal: 0
Esperando/otros: 0
Señales rechazadas: 0
Bloqueadas por estado/límites: 0
Validadas DRY RUN: 0
Nuevas órdenes: 0
Operaciones cerradas sincronizadas: 0
Errores: 0
Duración del ciclo: 0.01s
Intervalo objetivo: 10s
Próximo ciclo en: 9.99s
----------------------------------------------------------------------------------------

========================================================================================
CICLO #0181 | 2026-09-03 13:54:54 UTC | símbolos=0
========================================================================================
----------------------------------------------------------------------------------------
RESUMEN DEL CICLO #0181
Símbolos analizados: 0
Sin señal: 0
Esperando/otros: 0
Señales rechazadas: 0
Bloqueadas por estado/límites: 0
Validadas DRY RUN: 0
Nuevas órdenes: 0
Operaciones cerradas sincronizadas: 0
Errores: 0
Duración del ciclo: 0.01s
Intervalo objetivo: 10s
Próximo ciclo en: 9.99s
----------------------------------------------------------------------------------------

========================================================================================
CICLO #0182 | 2026-09-03 13:55:04 UTC | símbolos=1
========================================================================================
[01/01] START XAUUSD
[01/01] END   XAUUSD | 0.00s | GOLD SMC SESSION CLOSED
    Motivo: XAUUSD_NUEVAS_ENTRADAS_SOLO_ASIA_HASTA_APERTURA_NEW_YORK
----------------------------------------------------------------------------------------
RESUMEN DEL CICLO #0182
Símbolos analizados: 1
Sin señal: 0
Esperando/otros: 1
Señales rechazadas: 0
Bloqueadas por estado/límites: 0
Validadas DRY RUN: 0
Nuevas órdenes: 0
Operaciones cerradas sincronizadas: 0
Errores: 0
Duración del ciclo: 0.02s
Intervalo objetivo: 10s
Próximo ciclo en: 9.98s
----------------------------------------------------------------------------------------

========================================================================================
CICLO #0183 | 2026-09-03 13:55:14 UTC | símbolos=0
========================================================================================
----------------------------------------------------------------------------------------
RESUMEN DEL CICLO #0183
Símbolos analizados: 0
Sin señal: 0
Esperando/otros: 0
Señales rechazadas: 0
Bloqueadas por estado/límites: 0
Validadas DRY RUN: 0
Nuevas órdenes: 0
Operaciones cerradas sincronizadas: 0
Errores: 0
Duración del ciclo: 0.01s
Intervalo objetivo: 10s
Próximo ciclo en: 9.99s
----------------------------------------------------------------------------------------

========================================================================================
CICLO #0184 | 2026-09-03 13:55:24 UTC | símbolos=0
========================================================================================
----------------------------------------------------------------------------------------
RESUMEN DEL CICLO #0184
Símbolos analizados: 0
Sin señal: 0
Esperando/otros: 0
Señales rechazadas: 0
Bloqueadas por estado/límites: 0
Validadas DRY RUN: 0
Nuevas órdenes: 0
Operaciones cerradas sincronizadas: 0
Errores: 0
Duración del ciclo: 0.01s
Intervalo objetivo: 10s
Próximo ciclo en: 9.99s
----------------------------------------------------------------------------------------

========================================================================================
CICLO #0185 | 2026-09-03 13:55:34 UTC | símbolos=0
========================================================================================
----------------------------------------------------------------------------------------
RESUMEN DEL CICLO #0185
Símbolos analizados: 0
Sin señal: 0
Esperando/otros: 0
Señales rechazadas: 0
Bloqueadas por estado/límites: 0
Validadas DRY RUN: 0
Nuevas órdenes: 0
Operaciones cerradas sincronizadas: 0
Errores: 0
Duración del ciclo: 0.02s
Intervalo objetivo: 10s
Próximo ciclo en: 9.98s
----------------------------------------------------------------------------------------

========================================================================================
CICLO #0186 | 2026-09-03 13:55:44 UTC | símbolos=0
========================================================================================
----------------------------------------------------------------------------------------
RESUMEN DEL CICLO #0186
Símbolos analizados: 0
Sin señal: 0
Esperando/otros: 0
Señales rechazadas: 0
Bloqueadas por estado/límites: 0
Validadas DRY RUN: 0
Nuevas órdenes: 0
Operaciones cerradas sincronizadas: 0
Errores: 0
Duración del ciclo: 0.01s
Intervalo objetivo: 10s
Próximo ciclo en: 9.99s
----------------------------------------------------------------------------------------

========================================================================================
CICLO #0187 | 2026-09-03 13:55:54 UTC | símbolos=0
========================================================================================
----------------------------------------------------------------------------------------
RESUMEN DEL CICLO #0187
Símbolos analizados: 0
Sin señal: 0
Esperando/otros: 0
Señales rechazadas: 0
Bloqueadas por estado/límites: 0
Validadas DRY RUN: 0
Nuevas órdenes: 0
Operaciones cerradas sincronizadas: 0
Errores: 0
Duración del ciclo: 0.01s
Intervalo objetivo: 10s
Próximo ciclo en: 9.99s
----------------------------------------------------------------------------------------

========================================================================================
CICLO #0188 | 2026-09-03 13:56:04 UTC | símbolos=0
========================================================================================
----------------------------------------------------------------------------------------
RESUMEN DEL CICLO #0188
Símbolos analizados: 0
Sin señal: 0
Esperando/otros: 0
Señales rechazadas: 0
Bloqueadas por estado/límites: 0
Validadas DRY RUN: 0
Nuevas órdenes: 0
Operaciones cerradas sincronizadas: 0
Errores: 0
Duración del ciclo: 0.01s
Intervalo objetivo: 10s
Próximo ciclo en: 9.99s
----------------------------------------------------------------------------------------

========================================================================================
CICLO #0189 | 2026-09-03 13:56:14 UTC | símbolos=0
========================================================================================
----------------------------------------------------------------------------------------
RESUMEN DEL CICLO #0189
Símbolos analizados: 0
Sin señal: 0
Esperando/otros: 0
Señales rechazadas: 0
Bloqueadas por estado/límites: 0
Validadas DRY RUN: 0
Nuevas órdenes: 0
Operaciones cerradas sincronizadas: 0
Errores: 0
Duración del ciclo: 0.01s
Intervalo objetivo: 10s
Próximo ciclo en: 9.99s
----------------------------------------------------------------------------------------

========================================================================================
CICLO #0190 | 2026-09-03 13:56:24 UTC | símbolos=0
========================================================================================
----------------------------------------------------------------------------------------
RESUMEN DEL CICLO #0190
Símbolos analizados: 0
Sin señal: 0
Esperando/otros: 0
Señales rechazadas: 0
Bloqueadas por estado/límites: 0
Validadas DRY RUN: 0
Nuevas órdenes: 0
Operaciones cerradas sincronizadas: 0
Errores: 0
Duración del ciclo: 0.01s
Intervalo objetivo: 10s
Próximo ciclo en: 9.99s
----------------------------------------------------------------------------------------

========================================================================================
CICLO #0191 | 2026-09-03 13:56:34 UTC | símbolos=0
========================================================================================
----------------------------------------------------------------------------------------
RESUMEN DEL CICLO #0191
Símbolos analizados: 0
Sin señal: 0
Esperando/otros: 0
Señales rechazadas: 0
Bloqueadas por estado/límites: 0
Validadas DRY RUN: 0
Nuevas órdenes: 0
Operaciones cerradas sincronizadas: 0
Errores: 0
Duración del ciclo: 0.01s
Intervalo objetivo: 10s
Próximo ciclo en: 9.99s
----------------------------------------------------------------------------------------

========================================================================================
CICLO #0192 | 2026-09-03 13:56:44 UTC | símbolos=0
========================================================================================
----------------------------------------------------------------------------------------
RESUMEN DEL CICLO #0192
Símbolos analizados: 0
Sin señal: 0
Esperando/otros: 0
Señales rechazadas: 0
Bloqueadas por estado/límites: 0
Validadas DRY RUN: 0
Nuevas órdenes: 0
Operaciones cerradas sincronizadas: 0
Errores: 0
Duración del ciclo: 0.01s
Intervalo objetivo: 10s
Próximo ciclo en: 9.99s
----------------------------------------------------------------------------------------

========================================================================================
CICLO #0193 | 2026-09-03 13:56:54 UTC | símbolos=0
========================================================================================
----------------------------------------------------------------------------------------
RESUMEN DEL CICLO #0193
Símbolos analizados: 0
Sin señal: 0
Esperando/otros: 0
Señales rechazadas: 0
Bloqueadas por estado/límites: 0
Validadas DRY RUN: 0
Nuevas órdenes: 0
Operaciones cerradas sincronizadas: 0
Errores: 0
Duración del ciclo: 0.01s
Intervalo objetivo: 10s
Próximo ciclo en: 9.99s
----------------------------------------------------------------------------------------

========================================================================================
CICLO #0194 | 2026-09-03 13:57:04 UTC | símbolos=0
========================================================================================
----------------------------------------------------------------------------------------
RESUMEN DEL CICLO #0194
Símbolos analizados: 0
Sin señal: 0
Esperando/otros: 0
Señales rechazadas: 0
Bloqueadas por estado/límites: 0
Validadas DRY RUN: 0
Nuevas órdenes: 0
Operaciones cerradas sincronizadas: 0
Errores: 0
Duración del ciclo: 0.01s
Intervalo objetivo: 10s
Próximo ciclo en: 9.99s
----------------------------------------------------------------------------------------

========================================================================================
CICLO #0195 | 2026-09-03 13:57:14 UTC | símbolos=0
========================================================================================
----------------------------------------------------------------------------------------
RESUMEN DEL CICLO #0195
Símbolos analizados: 0
Sin señal: 0
Esperando/otros: 0
Señales rechazadas: 0
Bloqueadas por estado/límites: 0
Validadas DRY RUN: 0
Nuevas órdenes: 0
Operaciones cerradas sincronizadas: 0
Errores: 0
Duración del ciclo: 0.01s
Intervalo objetivo: 10s
Próximo ciclo en: 9.99s
----------------------------------------------------------------------------------------

========================================================================================
CICLO #0196 | 2026-09-03 13:57:24 UTC | símbolos=0
========================================================================================
----------------------------------------------------------------------------------------
RESUMEN DEL CICLO #0196
Símbolos analizados: 0
Sin señal: 0
Esperando/otros: 0
Señales rechazadas: 0
Bloqueadas por estado/límites: 0
Validadas DRY RUN: 0
Nuevas órdenes: 0
Operaciones cerradas sincronizadas: 0
Errores: 0
Duración del ciclo: 0.01s
Intervalo objetivo: 10s
Próximo ciclo en: 9.99s
----------------------------------------------------------------------------------------

========================================================================================
CICLO #0197 | 2026-09-03 13:57:34 UTC | símbolos=0
========================================================================================
----------------------------------------------------------------------------------------
RESUMEN DEL CICLO #0197
Símbolos analizados: 0
Sin señal: 0
Esperando/otros: 0
Señales rechazadas: 0
Bloqueadas por estado/límites: 0
Validadas DRY RUN: 0
Nuevas órdenes: 0
Operaciones cerradas sincronizadas: 0
Errores: 0
Duración del ciclo: 0.01s
Intervalo objetivo: 10s
Próximo ciclo en: 9.99s
----------------------------------------------------------------------------------------

========================================================================================
CICLO #0198 | 2026-09-03 13:57:44 UTC | símbolos=0
========================================================================================
----------------------------------------------------------------------------------------
RESUMEN DEL CICLO #0198
Símbolos analizados: 0
Sin señal: 0
Esperando/otros: 0
Señales rechazadas: 0
Bloqueadas por estado/límites: 0
Validadas DRY RUN: 0
Nuevas órdenes: 0
Operaciones cerradas sincronizadas: 0
Errores: 0
Duración del ciclo: 0.01s
Intervalo objetivo: 10s
Próximo ciclo en: 9.99s
----------------------------------------------------------------------------------------

========================================================================================
CICLO #0199 | 2026-09-03 13:57:54 UTC | símbolos=0
========================================================================================
----------------------------------------------------------------------------------------
RESUMEN DEL CICLO #0199
Símbolos analizados: 0
Sin señal: 0
Esperando/otros: 0
Señales rechazadas: 0
Bloqueadas por estado/límites: 0
Validadas DRY RUN: 0
Nuevas órdenes: 0
Operaciones cerradas sincronizadas: 0
Errores: 0
Duración del ciclo: 0.01s
Intervalo objetivo: 10s
Próximo ciclo en: 9.99s
----------------------------------------------------------------------------------------

========================================================================================
CICLO #0200 | 2026-09-03 13:58:04 UTC | símbolos=0
========================================================================================
----------------------------------------------------------------------------------------
RESUMEN DEL CICLO #0200
Símbolos analizados: 0
Sin señal: 0
Esperando/otros: 0
Señales rechazadas: 0
Bloqueadas por estado/límites: 0
Validadas DRY RUN: 0
Nuevas órdenes: 0
Operaciones cerradas sincronizadas: 0
Errores: 0
Duración del ciclo: 0.01s
Intervalo objetivo: 10s
Próximo ciclo en: 9.99s
----------------------------------------------------------------------------------------

========================================================================================
CICLO #0201 | 2026-09-03 13:58:14 UTC | símbolos=0
========================================================================================
----------------------------------------------------------------------------------------
RESUMEN DEL CICLO #0201
Símbolos analizados: 0
Sin señal: 0
Esperando/otros: 0
Señales rechazadas: 0
Bloqueadas por estado/límites: 0
Validadas DRY RUN: 0
Nuevas órdenes: 0
Operaciones cerradas sincronizadas: 0
Errores: 0
Duración del ciclo: 0.01s
Intervalo objetivo: 10s
Próximo ciclo en: 9.99s
----------------------------------------------------------------------------------------

========================================================================================
CICLO #0202 | 2026-09-03 13:58:24 UTC | símbolos=0
========================================================================================
----------------------------------------------------------------------------------------
RESUMEN DEL CICLO #0202
Símbolos analizados: 0
Sin señal: 0
Esperando/otros: 0
Señales rechazadas: 0
Bloqueadas por estado/límites: 0
Validadas DRY RUN: 0
Nuevas órdenes: 0
Operaciones cerradas sincronizadas: 0
Errores: 0
Duración del ciclo: 0.01s
Intervalo objetivo: 10s
Próximo ciclo en: 9.99s
----------------------------------------------------------------------------------------

========================================================================================
CICLO #0203 | 2026-09-03 13:58:34 UTC | símbolos=0
========================================================================================
----------------------------------------------------------------------------------------
RESUMEN DEL CICLO #0203
Símbolos analizados: 0
Sin señal: 0
Esperando/otros: 0
Señales rechazadas: 0
Bloqueadas por estado/límites: 0
Validadas DRY RUN: 0
Nuevas órdenes: 0
Operaciones cerradas sincronizadas: 0
Errores: 0
Duración del ciclo: 0.01s
Intervalo objetivo: 10s
Próximo ciclo en: 9.99s
----------------------------------------------------------------------------------------

========================================================================================
CICLO #0204 | 2026-09-03 13:58:44 UTC | símbolos=0
========================================================================================
----------------------------------------------------------------------------------------
RESUMEN DEL CICLO #0204
Símbolos analizados: 0
Sin señal: 0
Esperando/otros: 0
Señales rechazadas: 0
Bloqueadas por estado/límites: 0
Validadas DRY RUN: 0
Nuevas órdenes: 0
Operaciones cerradas sincronizadas: 0
Errores: 0
Duración del ciclo: 0.01s
Intervalo objetivo: 10s
Próximo ciclo en: 9.99s
----------------------------------------------------------------------------------------

========================================================================================
CICLO #0205 | 2026-09-03 13:58:54 UTC | símbolos=0
========================================================================================
----------------------------------------------------------------------------------------
RESUMEN DEL CICLO #0205
Símbolos analizados: 0
Sin señal: 0
Esperando/otros: 0
Señales rechazadas: 0
Bloqueadas por estado/límites: 0
Validadas DRY RUN: 0
Nuevas órdenes: 0
Operaciones cerradas sincronizadas: 0
Errores: 0
Duración del ciclo: 0.01s
Intervalo objetivo: 10s
Próximo ciclo en: 9.99s
----------------------------------------------------------------------------------------

========================================================================================
CICLO #0206 | 2026-09-03 13:59:04 UTC | símbolos=0
========================================================================================
----------------------------------------------------------------------------------------
RESUMEN DEL CICLO #0206
Símbolos analizados: 0
Sin señal: 0
Esperando/otros: 0
Señales rechazadas: 0
Bloqueadas por estado/límites: 0
Validadas DRY RUN: 0
Nuevas órdenes: 0
Operaciones cerradas sincronizadas: 0
Errores: 0
Duración del ciclo: 0.02s
Intervalo objetivo: 10s
Próximo ciclo en: 9.98s
----------------------------------------------------------------------------------------

========================================================================================
CICLO #0207 | 2026-09-03 13:59:14 UTC | símbolos=0
========================================================================================
----------------------------------------------------------------------------------------
RESUMEN DEL CICLO #0207
Símbolos analizados: 0
Sin señal: 0
Esperando/otros: 0
Señales rechazadas: 0
Bloqueadas por estado/límites: 0
Validadas DRY RUN: 0
Nuevas órdenes: 0
Operaciones cerradas sincronizadas: 0
Errores: 0
Duración del ciclo: 0.01s
Intervalo objetivo: 10s
Próximo ciclo en: 9.99s
----------------------------------------------------------------------------------------

========================================================================================
CICLO #0208 | 2026-09-03 13:59:24 UTC | símbolos=0
========================================================================================
----------------------------------------------------------------------------------------
RESUMEN DEL CICLO #0208
Símbolos analizados: 0
Sin señal: 0
Esperando/otros: 0
Señales rechazadas: 0
Bloqueadas por estado/límites: 0
Validadas DRY RUN: 0
Nuevas órdenes: 0
Operaciones cerradas sincronizadas: 0
Errores: 0
Duración del ciclo: 0.01s
Intervalo objetivo: 10s
Próximo ciclo en: 9.99s
----------------------------------------------------------------------------------------

========================================================================================
CICLO #0209 | 2026-09-03 13:59:34 UTC | símbolos=0
========================================================================================
----------------------------------------------------------------------------------------
RESUMEN DEL CICLO #0209
Símbolos analizados: 0
Sin señal: 0
Esperando/otros: 0
Señales rechazadas: 0
Bloqueadas por estado/límites: 0
Validadas DRY RUN: 0
Nuevas órdenes: 0
Operaciones cerradas sincronizadas: 0
Errores: 0
Duración del ciclo: 0.01s
Intervalo objetivo: 10s
Próximo ciclo en: 9.99s
----------------------------------------------------------------------------------------

========================================================================================
CICLO #0210 | 2026-09-03 13:59:44 UTC | símbolos=0
========================================================================================
----------------------------------------------------------------------------------------
RESUMEN DEL CICLO #0210
Símbolos analizados: 0
Sin señal: 0
Esperando/otros: 0
Señales rechazadas: 0
Bloqueadas por estado/límites: 0
Validadas DRY RUN: 0
Nuevas órdenes: 0
Operaciones cerradas sincronizadas: 0
Errores: 0
Duración del ciclo: 0.01s
Intervalo objetivo: 10s
Próximo ciclo en: 9.99s
----------------------------------------------------------------------------------------

========================================================================================
CICLO #0211 | 2026-09-03 13:59:54 UTC | símbolos=0
========================================================================================
----------------------------------------------------------------------------------------
RESUMEN DEL CICLO #0211
Símbolos analizados: 0
Sin señal: 0
Esperando/otros: 0
Señales rechazadas: 0
Bloqueadas por estado/límites: 0
Validadas DRY RUN: 0
Nuevas órdenes: 0
Operaciones cerradas sincronizadas: 0
Errores: 0
Duración del ciclo: 0.01s
Intervalo objetivo: 10s
Próximo ciclo en: 9.99s
----------------------------------------------------------------------------------------

========================================================================================
CICLO #0212 | 2026-09-03 14:00:04 UTC | símbolos=1
========================================================================================
[01/01] START XAUUSD
[01/01] END   XAUUSD | 0.01s | GOLD SMC SESSION CLOSED
    Motivo: XAUUSD_NUEVAS_ENTRADAS_SOLO_ASIA_HASTA_APERTURA_NEW_YORK
----------------------------------------------------------------------------------------
RESUMEN DEL CICLO #0212
Símbolos analizados: 1
Sin señal: 0
Esperando/otros: 1
Señales rechazadas: 0
Bloqueadas por estado/límites: 0
Validadas DRY RUN: 0
Nuevas órdenes: 0
Operaciones cerradas sincronizadas: 0
Errores: 0
Duración del ciclo: 0.04s
Intervalo objetivo: 10s
Próximo ciclo en: 9.96s
----------------------------------------------------------------------------------------

========================================================================================
CICLO #0213 | 2026-09-03 14:00:14 UTC | símbolos=0
========================================================================================
----------------------------------------------------------------------------------------
RESUMEN DEL CICLO #0213
Símbolos analizados: 0
Sin señal: 0
Esperando/otros: 0
Señales rechazadas: 0
Bloqueadas por estado/límites: 0
Validadas DRY RUN: 0
Nuevas órdenes: 0
Operaciones cerradas sincronizadas: 0
Errores: 0
Duración del ciclo: 0.01s
Intervalo objetivo: 10s
Próximo ciclo en: 9.99s
----------------------------------------------------------------------------------------

========================================================================================
CICLO #0214 | 2026-09-03 14:00:24 UTC | símbolos=0
========================================================================================
----------------------------------------------------------------------------------------
RESUMEN DEL CICLO #0214
Símbolos analizados: 0
Sin señal: 0
Esperando/otros: 0
Señales rechazadas: 0
Bloqueadas por estado/límites: 0
Validadas DRY RUN: 0
Nuevas órdenes: 0
Operaciones cerradas sincronizadas: 0
Errores: 0
Duración del ciclo: 0.02s
Intervalo objetivo: 10s
Próximo ciclo en: 9.98s
----------------------------------------------------------------------------------------

========================================================================================
CICLO #0215 | 2026-09-03 14:00:34 UTC | símbolos=0
========================================================================================
----------------------------------------------------------------------------------------
RESUMEN DEL CICLO #0215
Símbolos analizados: 0
Sin señal: 0
Esperando/otros: 0
Señales rechazadas: 0
Bloqueadas por estado/límites: 0
Validadas DRY RUN: 0
Nuevas órdenes: 0
Operaciones cerradas sincronizadas: 0
Errores: 0
Duración del ciclo: 0.01s
Intervalo objetivo: 10s
Próximo ciclo en: 9.99s
----------------------------------------------------------------------------------------

========================================================================================
CICLO #0216 | 2026-09-03 14:00:44 UTC | símbolos=0
========================================================================================
----------------------------------------------------------------------------------------
RESUMEN DEL CICLO #0216
Símbolos analizados: 0
Sin señal: 0
Esperando/otros: 0
Señales rechazadas: 0
Bloqueadas por estado/límites: 0
Validadas DRY RUN: 0
Nuevas órdenes: 0
Operaciones cerradas sincronizadas: 0
Errores: 0
Duración del ciclo: 0.01s
Intervalo objetivo: 10s
Próximo ciclo en: 9.99s
----------------------------------------------------------------------------------------

========================================================================================
CICLO #0217 | 2026-09-03 14:00:54 UTC | símbolos=0
========================================================================================
----------------------------------------------------------------------------------------
RESUMEN DEL CICLO #0217
Símbolos analizados: 0
Sin señal: 0
Esperando/otros: 0
Señales rechazadas: 0
Bloqueadas por estado/límites: 0
Validadas DRY RUN: 0
Nuevas órdenes: 0
Operaciones cerradas sincronizadas: 0
Errores: 0
Duración del ciclo: 0.01s
Intervalo objetivo: 10s
Próximo ciclo en: 9.99s
----------------------------------------------------------------------------------------

========================================================================================
CICLO #0218 | 2026-09-03 14:01:04 UTC | símbolos=0
========================================================================================
----------------------------------------------------------------------------------------
RESUMEN DEL CICLO #0218
Símbolos analizados: 0
Sin señal: 0
Esperando/otros: 0
Señales rechazadas: 0
Bloqueadas por estado/límites: 0
Validadas DRY RUN: 0
Nuevas órdenes: 0
Operaciones cerradas sincronizadas: 0
Errores: 0
Duración del ciclo: 0.01s
Intervalo objetivo: 10s
Próximo ciclo en: 9.99s
----------------------------------------------------------------------------------------

========================================================================================
CICLO #0219 | 2026-09-03 14:01:14 UTC | símbolos=0
========================================================================================
----------------------------------------------------------------------------------------
RESUMEN DEL CICLO #0219
Símbolos analizados: 0
Sin señal: 0
Esperando/otros: 0
Señales rechazadas: 0
Bloqueadas por estado/límites: 0
Validadas DRY RUN: 0
Nuevas órdenes: 0
Operaciones cerradas sincronizadas: 0
Errores: 0
Duración del ciclo: 0.01s
Intervalo objetivo: 10s
Próximo ciclo en: 9.99s
----------------------------------------------------------------------------------------

========================================================================================
CICLO #0220 | 2026-09-03 14:01:24 UTC | símbolos=0
========================================================================================
----------------------------------------------------------------------------------------
RESUMEN DEL CICLO #0220
Símbolos analizados: 0
Sin señal: 0
Esperando/otros: 0
Señales rechazadas: 0
Bloqueadas por estado/límites: 0
Validadas DRY RUN: 0
Nuevas órdenes: 0
Operaciones cerradas sincronizadas: 0
Errores: 0
Duración del ciclo: 0.01s
Intervalo objetivo: 10s
Próximo ciclo en: 9.99s
----------------------------------------------------------------------------------------

========================================================================================
CICLO #0221 | 2026-09-03 14:01:34 UTC | símbolos=0
========================================================================================
----------------------------------------------------------------------------------------
RESUMEN DEL CICLO #0221
Símbolos analizados: 0
Sin señal: 0
Esperando/otros: 0
Señales rechazadas: 0
Bloqueadas por estado/límites: 0
Validadas DRY RUN: 0
Nuevas órdenes: 0
Operaciones cerradas sincronizadas: 0
Errores: 0
Duración del ciclo: 0.01s
Intervalo objetivo: 10s
Próximo ciclo en: 9.99s
----------------------------------------------------------------------------------------

========================================================================================
CICLO #0222 | 2026-09-03 14:01:44 UTC | símbolos=0
========================================================================================
----------------------------------------------------------------------------------------
RESUMEN DEL CICLO #0222
Símbolos analizados: 0
Sin señal: 0
Esperando/otros: 0
Señales rechazadas: 0
Bloqueadas por estado/límites: 0
Validadas DRY RUN: 0
Nuevas órdenes: 0
Operaciones cerradas sincronizadas: 0
Errores: 0
Duración del ciclo: 0.01s
Intervalo objetivo: 10s
Próximo ciclo en: 9.99s
----------------------------------------------------------------------------------------

========================================================================================
CICLO #0223 | 2026-09-03 14:01:54 UTC | símbolos=0
========================================================================================
----------------------------------------------------------------------------------------
RESUMEN DEL CICLO #0223
Símbolos analizados: 0
Sin señal: 0
Esperando/otros: 0
Señales rechazadas: 0
Bloqueadas por estado/límites: 0
Validadas DRY RUN: 0
Nuevas órdenes: 0
Operaciones cerradas sincronizadas: 0
Errores: 0
Duración del ciclo: 0.01s
Intervalo objetivo: 10s
Próximo ciclo en: 9.99s
----------------------------------------------------------------------------------------

========================================================================================
CICLO #0224 | 2026-09-03 14:02:04 UTC | símbolos=0
========================================================================================
----------------------------------------------------------------------------------------
RESUMEN DEL CICLO #0224
Símbolos analizados: 0
Sin señal: 0
Esperando/otros: 0
Señales rechazadas: 0
Bloqueadas por estado/límites: 0
Validadas DRY RUN: 0
Nuevas órdenes: 0
Operaciones cerradas sincronizadas: 0
Errores: 0
Duración del ciclo: 0.03s
Intervalo objetivo: 10s
Próximo ciclo en: 9.97s
----------------------------------------------------------------------------------------

========================================================================================
CICLO #0225 | 2026-09-03 14:02:14 UTC | símbolos=0
========================================================================================
----------------------------------------------------------------------------------------
RESUMEN DEL CICLO #0225
Símbolos analizados: 0
Sin señal: 0
Esperando/otros: 0
Señales rechazadas: 0
Bloqueadas por estado/límites: 0
Validadas DRY RUN: 0
Nuevas órdenes: 0
Operaciones cerradas sincronizadas: 0
Errores: 0
Duración del ciclo: 0.01s
Intervalo objetivo: 10s
Próximo ciclo en: 9.99s
----------------------------------------------------------------------------------------

========================================================================================
CICLO #0226 | 2026-09-03 14:02:24 UTC | símbolos=0
========================================================================================
----------------------------------------------------------------------------------------
RESUMEN DEL CICLO #0226
Símbolos analizados: 0
Sin señal: 0
Esperando/otros: 0
Señales rechazadas: 0
Bloqueadas por estado/límites: 0
Validadas DRY RUN: 0
Nuevas órdenes: 0
Operaciones cerradas sincronizadas: 0
Errores: 0
Duración del ciclo: 0.01s
Intervalo objetivo: 10s
Próximo ciclo en: 9.99s
----------------------------------------------------------------------------------------

========================================================================================
CICLO #0227 | 2026-09-03 14:02:34 UTC | símbolos=0
========================================================================================
----------------------------------------------------------------------------------------
RESUMEN DEL CICLO #0227
Símbolos analizados: 0
Sin señal: 0
Esperando/otros: 0
Señales rechazadas: 0
Bloqueadas por estado/límites: 0
Validadas DRY RUN: 0
Nuevas órdenes: 0
Operaciones cerradas sincronizadas: 0
Errores: 0
Duración del ciclo: 0.01s
Intervalo objetivo: 10s
Próximo ciclo en: 9.99s
----------------------------------------------------------------------------------------

========================================================================================
CICLO #0228 | 2026-09-03 14:02:44 UTC | símbolos=0
========================================================================================
----------------------------------------------------------------------------------------
RESUMEN DEL CICLO #0228
Símbolos analizados: 0
Sin señal: 0
Esperando/otros: 0
Señales rechazadas: 0
Bloqueadas por estado/límites: 0
Validadas DRY RUN: 0
Nuevas órdenes: 0
Operaciones cerradas sincronizadas: 0
Errores: 0
Duración del ciclo: 0.01s
Intervalo objetivo: 10s
Próximo ciclo en: 9.99s
----------------------------------------------------------------------------------------

========================================================================================
CICLO #0229 | 2026-09-03 14:02:54 UTC | símbolos=0
========================================================================================
----------------------------------------------------------------------------------------
RESUMEN DEL CICLO #0229
Símbolos analizados: 0
Sin señal: 0
Esperando/otros: 0
Señales rechazadas: 0
Bloqueadas por estado/límites: 0
Validadas DRY RUN: 0
Nuevas órdenes: 0
Operaciones cerradas sincronizadas: 0
Errores: 0
Duración del ciclo: 0.01s
Intervalo objetivo: 10s
Próximo ciclo en: 9.99s
----------------------------------------------------------------------------------------

========================================================================================
CICLO #0230 | 2026-09-03 14:03:04 UTC | símbolos=0
========================================================================================
----------------------------------------------------------------------------------------
RESUMEN DEL CICLO #0230
Símbolos analizados: 0
Sin señal: 0
Esperando/otros: 0
Señales rechazadas: 0
Bloqueadas por estado/límites: 0
Validadas DRY RUN: 0
Nuevas órdenes: 0
Operaciones cerradas sincronizadas: 0
Errores: 0
Duración del ciclo: 0.02s
Intervalo objetivo: 10s
Próximo ciclo en: 9.98s
----------------------------------------------------------------------------------------

========================================================================================
CICLO #0231 | 2026-09-03 14:03:14 UTC | símbolos=0
========================================================================================
----------------------------------------------------------------------------------------
RESUMEN DEL CICLO #0231
Símbolos analizados: 0
Sin señal: 0
Esperando/otros: 0
Señales rechazadas: 0
Bloqueadas por estado/límites: 0
Validadas DRY RUN: 0
Nuevas órdenes: 0
Operaciones cerradas sincronizadas: 0
Errores: 0
Duración del ciclo: 0.01s
Intervalo objetivo: 10s
Próximo ciclo en: 9.99s
----------------------------------------------------------------------------------------

========================================================================================
CICLO #0232 | 2026-09-03 14:03:24 UTC | símbolos=0
========================================================================================
----------------------------------------------------------------------------------------
RESUMEN DEL CICLO #0232
Símbolos analizados: 0
Sin señal: 0
Esperando/otros: 0
Señales rechazadas: 0
Bloqueadas por estado/límites: 0
Validadas DRY RUN: 0
Nuevas órdenes: 0
Operaciones cerradas sincronizadas: 0
Errores: 0
Duración del ciclo: 0.01s
Intervalo objetivo: 10s
Próximo ciclo en: 9.99s
----------------------------------------------------------------------------------------

========================================================================================
CICLO #0233 | 2026-09-03 14:03:34 UTC | símbolos=0
========================================================================================
----------------------------------------------------------------------------------------
RESUMEN DEL CICLO #0233
Símbolos analizados: 0
Sin señal: 0
Esperando/otros: 0
Señales rechazadas: 0
Bloqueadas por estado/límites: 0
Validadas DRY RUN: 0
Nuevas órdenes: 0
Operaciones cerradas sincronizadas: 0
Errores: 0
Duración del ciclo: 0.01s
Intervalo objetivo: 10s
Próximo ciclo en: 9.99s
----------------------------------------------------------------------------------------

========================================================================================
CICLO #0234 | 2026-09-03 14:03:44 UTC | símbolos=0
========================================================================================
----------------------------------------------------------------------------------------
RESUMEN DEL CICLO #0234
Símbolos analizados: 0
Sin señal: 0
Esperando/otros: 0
Señales rechazadas: 0
Bloqueadas por estado/límites: 0
Validadas DRY RUN: 0
Nuevas órdenes: 0
Operaciones cerradas sincronizadas: 0
Errores: 0
Duración del ciclo: 0.01s
Intervalo objetivo: 10s
Próximo ciclo en: 9.99s
----------------------------------------------------------------------------------------

========================================================================================
CICLO #0235 | 2026-09-03 14:03:54 UTC | símbolos=0
========================================================================================
----------------------------------------------------------------------------------------
RESUMEN DEL CICLO #0235
Símbolos analizados: 0
Sin señal: 0
Esperando/otros: 0
Señales rechazadas: 0
Bloqueadas por estado/límites: 0
Validadas DRY RUN: 0
Nuevas órdenes: 0
Operaciones cerradas sincronizadas: 0
Errores: 0
Duración del ciclo: 0.01s
Intervalo objetivo: 10s
Próximo ciclo en: 9.99s
----------------------------------------------------------------------------------------

========================================================================================
CICLO #0236 | 2026-09-03 14:04:04 UTC | símbolos=0
========================================================================================
----------------------------------------------------------------------------------------
RESUMEN DEL CICLO #0236
Símbolos analizados: 0
Sin señal: 0
Esperando/otros: 0
Señales rechazadas: 0
Bloqueadas por estado/límites: 0
Validadas DRY RUN: 0
Nuevas órdenes: 0
Operaciones cerradas sincronizadas: 0
Errores: 0
Duración del ciclo: 0.01s
Intervalo objetivo: 10s
Próximo ciclo en: 9.99s
----------------------------------------------------------------------------------------

========================================================================================
CICLO #0237 | 2026-09-03 14:04:14 UTC | símbolos=0
========================================================================================
----------------------------------------------------------------------------------------
RESUMEN DEL CICLO #0237
Símbolos analizados: 0
Sin señal: 0
Esperando/otros: 0
Señales rechazadas: 0
Bloqueadas por estado/límites: 0
Validadas DRY RUN: 0
Nuevas órdenes: 0
Operaciones cerradas sincronizadas: 0
Errores: 0
Duración del ciclo: 0.01s
Intervalo objetivo: 10s
Próximo ciclo en: 9.99s
----------------------------------------------------------------------------------------

========================================================================================
CICLO #0238 | 2026-09-03 14:04:24 UTC | símbolos=0
========================================================================================
----------------------------------------------------------------------------------------
RESUMEN DEL CICLO #0238
Símbolos analizados: 0
Sin señal: 0
Esperando/otros: 0
Señales rechazadas: 0
Bloqueadas por estado/límites: 0
Validadas DRY RUN: 0
Nuevas órdenes: 0
Operaciones cerradas sincronizadas: 0
Errores: 0
Duración del ciclo: 0.01s
Intervalo objetivo: 10s
Próximo ciclo en: 9.99s
----------------------------------------------------------------------------------------

========================================================================================
CICLO #0239 | 2026-09-03 14:04:34 UTC | símbolos=0
========================================================================================
----------------------------------------------------------------------------------------
RESUMEN DEL CICLO #0239
Símbolos analizados: 0
Sin señal: 0
Esperando/otros: 0
Señales rechazadas: 0
Bloqueadas por estado/límites: 0
Validadas DRY RUN: 0
Nuevas órdenes: 0
Operaciones cerradas sincronizadas: 0
Errores: 0
Duración del ciclo: 0.01s
Intervalo objetivo: 10s
Próximo ciclo en: 9.99s
----------------------------------------------------------------------------------------

========================================================================================
CICLO #0240 | 2026-09-03 14:04:44 UTC | símbolos=0
========================================================================================
----------------------------------------------------------------------------------------
RESUMEN DEL CICLO #0240
Símbolos analizados: 0
Sin señal: 0
Esperando/otros: 0
Señales rechazadas: 0
Bloqueadas por estado/límites: 0
Validadas DRY RUN: 0
Nuevas órdenes: 0
Operaciones cerradas sincronizadas: 0
Errores: 0
Duración del ciclo: 0.01s
Intervalo objetivo: 10s
Próximo ciclo en: 9.99s
----------------------------------------------------------------------------------------

========================================================================================
CICLO #0241 | 2026-09-03 14:04:54 UTC | símbolos=0
========================================================================================
----------------------------------------------------------------------------------------
RESUMEN DEL CICLO #0241
Símbolos analizados: 0
Sin señal: 0
Esperando/otros: 0
Señales rechazadas: 0
Bloqueadas por estado/límites: 0
Validadas DRY RUN: 0
Nuevas órdenes: 0
Operaciones cerradas sincronizadas: 0
Errores: 0
Duración del ciclo: 0.01s
Intervalo objetivo: 10s
Próximo ciclo en: 9.99s
----------------------------------------------------------------------------------------

========================================================================================
CICLO #0242 | 2026-09-03 14:05:04 UTC | símbolos=1
========================================================================================
[01/01] START XAUUSD
[01/01] END   XAUUSD | 0.00s | GOLD SMC SESSION CLOSED
    Motivo: XAUUSD_NUEVAS_ENTRADAS_SOLO_ASIA_HASTA_APERTURA_NEW_YORK
----------------------------------------------------------------------------------------
RESUMEN DEL CICLO #0242
Símbolos analizados: 1
Sin señal: 0
Esperando/otros: 1
Señales rechazadas: 0
Bloqueadas por estado/límites: 0
Validadas DRY RUN: 0
Nuevas órdenes: 0
Operaciones cerradas sincronizadas: 0
Errores: 0
Duración del ciclo: 0.02s
Intervalo objetivo: 10s
Próximo ciclo en: 9.98s
----------------------------------------------------------------------------------------

========================================================================================
CICLO #0243 | 2026-09-03 14:05:14 UTC | símbolos=0
========================================================================================
----------------------------------------------------------------------------------------
RESUMEN DEL CICLO #0243
Símbolos analizados: 0
Sin señal: 0
Esperando/otros: 0
Señales rechazadas: 0
Bloqueadas por estado/límites: 0
Validadas DRY RUN: 0
Nuevas órdenes: 0
Operaciones cerradas sincronizadas: 0
Errores: 0
Duración del ciclo: 0.01s
Intervalo objetivo: 10s
Próximo ciclo en: 9.99s
----------------------------------------------------------------------------------------

========================================================================================
CICLO #0244 | 2026-09-03 14:05:24 UTC | símbolos=0
========================================================================================
----------------------------------------------------------------------------------------
RESUMEN DEL CICLO #0244
Símbolos analizados: 0
Sin señal: 0
Esperando/otros: 0
Señales rechazadas: 0
Bloqueadas por estado/límites: 0
Validadas DRY RUN: 0
Nuevas órdenes: 0
Operaciones cerradas sincronizadas: 0
Errores: 0
Duración del ciclo: 0.01s
Intervalo objetivo: 10s
Próximo ciclo en: 9.99s
----------------------------------------------------------------------------------------

========================================================================================
CICLO #0245 | 2026-09-03 14:05:34 UTC | símbolos=0
========================================================================================
----------------------------------------------------------------------------------------
RESUMEN DEL CICLO #0245
Símbolos analizados: 0
Sin señal: 0
Esperando/otros: 0
Señales rechazadas: 0
Bloqueadas por estado/límites: 0
Validadas DRY RUN: 0
Nuevas órdenes: 0
Operaciones cerradas sincronizadas: 0
Errores: 0
Duración del ciclo: 0.01s
Intervalo objetivo: 10s
Próximo ciclo en: 9.99s
----------------------------------------------------------------------------------------

========================================================================================
CICLO #0246 | 2026-09-03 14:05:44 UTC | símbolos=0
========================================================================================
----------------------------------------------------------------------------------------
RESUMEN DEL CICLO #0246
Símbolos analizados: 0
Sin señal: 0
Esperando/otros: 0
Señales rechazadas: 0
Bloqueadas por estado/límites: 0
Validadas DRY RUN: 0
Nuevas órdenes: 0
Operaciones cerradas sincronizadas: 0
Errores: 0
Duración del ciclo: 0.01s
Intervalo objetivo: 10s
Próximo ciclo en: 9.99s
----------------------------------------------------------------------------------------

========================================================================================
CICLO #0247 | 2026-09-03 14:05:54 UTC | símbolos=0
========================================================================================
----------------------------------------------------------------------------------------
RESUMEN DEL CICLO #0247
Símbolos analizados: 0
Sin señal: 0
Esperando/otros: 0
Señales rechazadas: 0
Bloqueadas por estado/límites: 0
Validadas DRY RUN: 0
Nuevas órdenes: 0
Operaciones cerradas sincronizadas: 0
Errores: 0
Duración del ciclo: 0.01s
Intervalo objetivo: 10s
Próximo ciclo en: 9.99s
----------------------------------------------------------------------------------------

========================================================================================
CICLO #0248 | 2026-09-03 14:06:04 UTC | símbolos=0
========================================================================================
----------------------------------------------------------------------------------------
RESUMEN DEL CICLO #0248
Símbolos analizados: 0
Sin señal: 0
Esperando/otros: 0
Señales rechazadas: 0
Bloqueadas por estado/límites: 0
Validadas DRY RUN: 0
Nuevas órdenes: 0
Operaciones cerradas sincronizadas: 0
Errores: 0
Duración del ciclo: 0.01s
Intervalo objetivo: 10s
Próximo ciclo en: 9.99s
----------------------------------------------------------------------------------------

========================================================================================
CICLO #0249 | 2026-09-03 14:06:14 UTC | símbolos=0
========================================================================================
----------------------------------------------------------------------------------------
RESUMEN DEL CICLO #0249
Símbolos analizados: 0
Sin señal: 0
Esperando/otros: 0
Señales rechazadas: 0
Bloqueadas por estado/límites: 0
Validadas DRY RUN: 0
Nuevas órdenes: 0
Operaciones cerradas sincronizadas: 0
Errores: 0
Duración del ciclo: 0.01s
Intervalo objetivo: 10s
Próximo ciclo en: 9.99s
----------------------------------------------------------------------------------------

========================================================================================
CICLO #0250 | 2026-09-03 14:06:24 UTC | símbolos=0
========================================================================================
----------------------------------------------------------------------------------------
RESUMEN DEL CICLO #0250
Símbolos analizados: 0
Sin señal: 0
Esperando/otros: 0
Señales rechazadas: 0
Bloqueadas por estado/límites: 0
Validadas DRY RUN: 0
Nuevas órdenes: 0
Operaciones cerradas sincronizadas: 0
Errores: 0
Duración del ciclo: 0.01s
Intervalo objetivo: 10s
Próximo ciclo en: 9.99s
----------------------------------------------------------------------------------------

========================================================================================
CICLO #0251 | 2026-09-03 14:06:34 UTC | símbolos=0
========================================================================================
----------------------------------------------------------------------------------------
RESUMEN DEL CICLO #0251
Símbolos analizados: 0
Sin señal: 0
Esperando/otros: 0
Señales rechazadas: 0
Bloqueadas por estado/límites: 0
Validadas DRY RUN: 0
Nuevas órdenes: 0
Operaciones cerradas sincronizadas: 0
Errores: 0
Duración del ciclo: 0.01s
Intervalo objetivo: 10s
Próximo ciclo en: 9.99s
----------------------------------------------------------------------------------------

========================================================================================
CICLO #0252 | 2026-09-03 14:06:44 UTC | símbolos=0
========================================================================================
----------------------------------------------------------------------------------------
RESUMEN DEL CICLO #0252
Símbolos analizados: 0
Sin señal: 0
Esperando/otros: 0
Señales rechazadas: 0
Bloqueadas por estado/límites: 0
Validadas DRY RUN: 0
Nuevas órdenes: 0
Operaciones cerradas sincronizadas: 0
Errores: 0
Duración del ciclo: 0.01s
Intervalo objetivo: 10s
Próximo ciclo en: 9.99s
----------------------------------------------------------------------------------------

========================================================================================
CICLO #0253 | 2026-09-03 14:06:54 UTC | símbolos=0
========================================================================================
----------------------------------------------------------------------------------------
RESUMEN DEL CICLO #0253
Símbolos analizados: 0
Sin señal: 0
Esperando/otros: 0
Señales rechazadas: 0
Bloqueadas por estado/límites: 0
Validadas DRY RUN: 0
Nuevas órdenes: 0
Operaciones cerradas sincronizadas: 0
Errores: 0
Duración del ciclo: 0.01s
Intervalo objetivo: 10s
Próximo ciclo en: 9.99s
----------------------------------------------------------------------------------------

========================================================================================
CICLO #0254 | 2026-09-03 14:07:04 UTC | símbolos=0
========================================================================================
----------------------------------------------------------------------------------------
RESUMEN DEL CICLO #0254
Símbolos analizados: 0
Sin señal: 0
Esperando/otros: 0
Señales rechazadas: 0
Bloqueadas por estado/límites: 0
Validadas DRY RUN: 0
Nuevas órdenes: 0
Operaciones cerradas sincronizadas: 0
Errores: 0
Duración del ciclo: 0.01s
Intervalo objetivo: 10s
Próximo ciclo en: 9.99s
----------------------------------------------------------------------------------------

========================================================================================
CICLO #0255 | 2026-09-03 14:07:14 UTC | símbolos=0
========================================================================================
----------------------------------------------------------------------------------------
RESUMEN DEL CICLO #0255
Símbolos analizados: 0
Sin señal: 0
Esperando/otros: 0
Señales rechazadas: 0
Bloqueadas por estado/límites: 0
Validadas DRY RUN: 0
Nuevas órdenes: 0
Operaciones cerradas sincronizadas: 0
Errores: 0
Duración del ciclo: 0.01s
Intervalo objetivo: 10s
Próximo ciclo en: 9.99s
----------------------------------------------------------------------------------------

========================================================================================
CICLO #0256 | 2026-09-03 14:07:24 UTC | símbolos=0
========================================================================================
----------------------------------------------------------------------------------------
RESUMEN DEL CICLO #0256
Símbolos analizados: 0
Sin señal: 0
Esperando/otros: 0
Señales rechazadas: 0
Bloqueadas por estado/límites: 0
Validadas DRY RUN: 0
Nuevas órdenes: 0
Operaciones cerradas sincronizadas: 0
Errores: 0
Duración del ciclo: 0.01s
Intervalo objetivo: 10s
Próximo ciclo en: 9.99s
----------------------------------------------------------------------------------------

========================================================================================
CICLO #0257 | 2026-09-03 14:07:34 UTC | símbolos=0
========================================================================================
----------------------------------------------------------------------------------------
RESUMEN DEL CICLO #0257
Símbolos analizados: 0
Sin señal: 0
Esperando/otros: 0
Señales rechazadas: 0
Bloqueadas por estado/límites: 0
Validadas DRY RUN: 0
Nuevas órdenes: 0
Operaciones cerradas sincronizadas: 0
Errores: 0
Duración del ciclo: 0.01s
Intervalo objetivo: 10s
Próximo ciclo en: 9.99s
----------------------------------------------------------------------------------------

========================================================================================
CICLO #0258 | 2026-09-03 14:07:44 UTC | símbolos=0
========================================================================================
----------------------------------------------------------------------------------------
RESUMEN DEL CICLO #0258
Símbolos analizados: 0
Sin señal: 0
Esperando/otros: 0
Señales rechazadas: 0
Bloqueadas por estado/límites: 0
Validadas DRY RUN: 0
Nuevas órdenes: 0
Operaciones cerradas sincronizadas: 0
Errores: 0
Duración del ciclo: 0.01s
Intervalo objetivo: 10s
Próximo ciclo en: 9.99s
----------------------------------------------------------------------------------------

========================================================================================
CICLO #0259 | 2026-09-03 14:07:54 UTC | símbolos=0
========================================================================================
----------------------------------------------------------------------------------------
RESUMEN DEL CICLO #0259
Símbolos analizados: 0
Sin señal: 0
Esperando/otros: 0
Señales rechazadas: 0
Bloqueadas por estado/límites: 0
Validadas DRY RUN: 0
Nuevas órdenes: 0
Operaciones cerradas sincronizadas: 0
Errores: 0
Duración del ciclo: 0.01s
Intervalo objetivo: 10s
Próximo ciclo en: 9.99s
----------------------------------------------------------------------------------------

========================================================================================
CICLO #0260 | 2026-09-03 14:08:04 UTC | símbolos=0
========================================================================================
----------------------------------------------------------------------------------------
RESUMEN DEL CICLO #0260
Símbolos analizados: 0
Sin señal: 0
Esperando/otros: 0
Señales rechazadas: 0
Bloqueadas por estado/límites: 0
Validadas DRY RUN: 0
Nuevas órdenes: 0
Operaciones cerradas sincronizadas: 0
Errores: 0
Duración del ciclo: 0.01s
Intervalo objetivo: 10s
Próximo ciclo en: 9.99s
----------------------------------------------------------------------------------------

========================================================================================
CICLO #0261 | 2026-09-03 14:08:14 UTC | símbolos=0
========================================================================================
----------------------------------------------------------------------------------------
RESUMEN DEL CICLO #0261
Símbolos analizados: 0
Sin señal: 0
Esperando/otros: 0
Señales rechazadas: 0
Bloqueadas por estado/límites: 0
Validadas DRY RUN: 0
Nuevas órdenes: 0
Operaciones cerradas sincronizadas: 0
Errores: 0
Duración del ciclo: 0.01s
Intervalo objetivo: 10s
Próximo ciclo en: 9.99s
----------------------------------------------------------------------------------------

========================================================================================
CICLO #0262 | 2026-09-03 14:08:24 UTC | símbolos=0
========================================================================================
----------------------------------------------------------------------------------------
RESUMEN DEL CICLO #0262
Símbolos analizados: 0
Sin señal: 0
Esperando/otros: 0
Señales rechazadas: 0
Bloqueadas por estado/límites: 0
Validadas DRY RUN: 0
Nuevas órdenes: 0
Operaciones cerradas sincronizadas: 0
Errores: 0
Duración del ciclo: 0.01s
Intervalo objetivo: 10s
Próximo ciclo en: 9.99s
----------------------------------------------------------------------------------------

========================================================================================
CICLO #0263 | 2026-09-03 14:08:34 UTC | símbolos=0
========================================================================================
----------------------------------------------------------------------------------------
RESUMEN DEL CICLO #0263
Símbolos analizados: 0
Sin señal: 0
Esperando/otros: 0
Señales rechazadas: 0
Bloqueadas por estado/límites: 0
Validadas DRY RUN: 0
Nuevas órdenes: 0
Operaciones cerradas sincronizadas: 0
Errores: 0
Duración del ciclo: 0.01s
Intervalo objetivo: 10s
Próximo ciclo en: 9.99s
----------------------------------------------------------------------------------------

========================================================================================
CICLO #0264 | 2026-09-03 14:08:44 UTC | símbolos=0
========================================================================================
----------------------------------------------------------------------------------------
RESUMEN DEL CICLO #0264
Símbolos analizados: 0
Sin señal: 0
Esperando/otros: 0
Señales rechazadas: 0
Bloqueadas por estado/límites: 0
Validadas DRY RUN: 0
Nuevas órdenes: 0
Operaciones cerradas sincronizadas: 0
Errores: 0
Duración del ciclo: 0.01s
Intervalo objetivo: 10s
Próximo ciclo en: 9.99s
----------------------------------------------------------------------------------------

========================================================================================
CICLO #0265 | 2026-09-03 14:08:54 UTC | símbolos=0
========================================================================================
----------------------------------------------------------------------------------------
RESUMEN DEL CICLO #0265
Símbolos analizados: 0
Sin señal: 0
Esperando/otros: 0
Señales rechazadas: 0
Bloqueadas por estado/límites: 0
Validadas DRY RUN: 0
Nuevas órdenes: 0
Operaciones cerradas sincronizadas: 0
Errores: 0
Duración del ciclo: 0.01s
Intervalo objetivo: 10s
Próximo ciclo en: 9.99s
----------------------------------------------------------------------------------------

========================================================================================
CICLO #0266 | 2026-09-03 14:09:04 UTC | símbolos=0
========================================================================================
----------------------------------------------------------------------------------------
RESUMEN DEL CICLO #0266
Símbolos analizados: 0
Sin señal: 0
Esperando/otros: 0
Señales rechazadas: 0
Bloqueadas por estado/límites: 0
Validadas DRY RUN: 0
Nuevas órdenes: 0
Operaciones cerradas sincronizadas: 0
Errores: 0
Duración del ciclo: 0.01s
Intervalo objetivo: 10s
Próximo ciclo en: 9.99s
----------------------------------------------------------------------------------------

========================================================================================
CICLO #0267 | 2026-09-03 14:09:14 UTC | símbolos=0
========================================================================================
----------------------------------------------------------------------------------------
RESUMEN DEL CICLO #0267
Símbolos analizados: 0
Sin señal: 0
Esperando/otros: 0
Señales rechazadas: 0
Bloqueadas por estado/límites: 0
Validadas DRY RUN: 0
Nuevas órdenes: 0
Operaciones cerradas sincronizadas: 0
Errores: 0
Duración del ciclo: 0.01s
Intervalo objetivo: 10s
Próximo ciclo en: 9.99s
----------------------------------------------------------------------------------------

========================================================================================
CICLO #0268 | 2026-09-03 14:09:24 UTC | símbolos=0
========================================================================================
----------------------------------------------------------------------------------------
RESUMEN DEL CICLO #0268
Símbolos analizados: 0
Sin señal: 0
Esperando/otros: 0
Señales rechazadas: 0
Bloqueadas por estado/límites: 0
Validadas DRY RUN: 0
Nuevas órdenes: 0
Operaciones cerradas sincronizadas: 0
Errores: 0
Duración del ciclo: 0.01s
Intervalo objetivo: 10s
Próximo ciclo en: 9.99s
----------------------------------------------------------------------------------------

========================================================================================
CICLO #0269 | 2026-09-03 14:09:34 UTC | símbolos=0
========================================================================================
----------------------------------------------------------------------------------------
RESUMEN DEL CICLO #0269
Símbolos analizados: 0
Sin señal: 0
Esperando/otros: 0
Señales rechazadas: 0
Bloqueadas por estado/límites: 0
Validadas DRY RUN: 0
Nuevas órdenes: 0
Operaciones cerradas sincronizadas: 0
Errores: 0
Duración del ciclo: 0.01s
Intervalo objetivo: 10s
Próximo ciclo en: 9.99s
----------------------------------------------------------------------------------------

========================================================================================
CICLO #0270 | 2026-09-03 14:09:44 UTC | símbolos=0
========================================================================================
----------------------------------------------------------------------------------------
RESUMEN DEL CICLO #0270
Símbolos analizados: 0
Sin señal: 0
Esperando/otros: 0
Señales rechazadas: 0
Bloqueadas por estado/límites: 0
Validadas DRY RUN: 0
Nuevas órdenes: 0
Operaciones cerradas sincronizadas: 0
Errores: 0
Duración del ciclo: 0.01s
Intervalo objetivo: 10s
Próximo ciclo en: 9.99s
----------------------------------------------------------------------------------------

========================================================================================
CICLO #0271 | 2026-09-03 14:09:54 UTC | símbolos=0
========================================================================================
----------------------------------------------------------------------------------------
RESUMEN DEL CICLO #0271
Símbolos analizados: 0
Sin señal: 0
Esperando/otros: 0
Señales rechazadas: 0
Bloqueadas por estado/límites: 0
Validadas DRY RUN: 0
Nuevas órdenes: 0
Operaciones cerradas sincronizadas: 0
Errores: 0
Duración del ciclo: 0.01s
Intervalo objetivo: 10s
Próximo ciclo en: 9.99s
----------------------------------------------------------------------------------------

========================================================================================
CICLO #0272 | 2026-09-03 14:10:04 UTC | símbolos=1
========================================================================================
[01/01] START XAUUSD
[01/01] END   XAUUSD | 0.00s | GOLD SMC SESSION CLOSED
    Motivo: XAUUSD_NUEVAS_ENTRADAS_SOLO_ASIA_HASTA_APERTURA_NEW_YORK
----------------------------------------------------------------------------------------
RESUMEN DEL CICLO #0272
Símbolos analizados: 1
Sin señal: 0
Esperando/otros: 1
Señales rechazadas: 0
Bloqueadas por estado/límites: 0
Validadas DRY RUN: 0
Nuevas órdenes: 0
Operaciones cerradas sincronizadas: 0
Errores: 0
Duración del ciclo: 0.02s
Intervalo objetivo: 10s
Próximo ciclo en: 9.98s
----------------------------------------------------------------------------------------

========================================================================================
CICLO #0273 | 2026-09-03 14:10:14 UTC | símbolos=0
========================================================================================
----------------------------------------------------------------------------------------
RESUMEN DEL CICLO #0273
Símbolos analizados: 0
Sin señal: 0
Esperando/otros: 0
Señales rechazadas: 0
Bloqueadas por estado/límites: 0
Validadas DRY RUN: 0
Nuevas órdenes: 0
Operaciones cerradas sincronizadas: 0
Errores: 0
Duración del ciclo: 0.01s
Intervalo objetivo: 10s
Próximo ciclo en: 9.99s
----------------------------------------------------------------------------------------

========================================================================================
CICLO #0274 | 2026-09-03 14:10:24 UTC | símbolos=0
========================================================================================
----------------------------------------------------------------------------------------
RESUMEN DEL CICLO #0274
Símbolos analizados: 0
Sin señal: 0
Esperando/otros: 0
Señales rechazadas: 0
Bloqueadas por estado/límites: 0
Validadas DRY RUN: 0
Nuevas órdenes: 0
Operaciones cerradas sincronizadas: 0
Errores: 0
Duración del ciclo: 0.02s
Intervalo objetivo: 10s
Próximo ciclo en: 9.98s
----------------------------------------------------------------------------------------

========================================================================================
CICLO #0275 | 2026-09-03 14:10:34 UTC | símbolos=0
========================================================================================
----------------------------------------------------------------------------------------
RESUMEN DEL CICLO #0275
Símbolos analizados: 0
Sin señal: 0
Esperando/otros: 0
Señales rechazadas: 0
Bloqueadas por estado/límites: 0
Validadas DRY RUN: 0
Nuevas órdenes: 0
Operaciones cerradas sincronizadas: 0
Errores: 0
Duración del ciclo: 0.01s
Intervalo objetivo: 10s
Próximo ciclo en: 9.99s
----------------------------------------------------------------------------------------

========================================================================================
CICLO #0276 | 2026-09-03 14:10:44 UTC | símbolos=0
========================================================================================
----------------------------------------------------------------------------------------
RESUMEN DEL CICLO #0276
Símbolos analizados: 0
Sin señal: 0
Esperando/otros: 0
Señales rechazadas: 0
Bloqueadas por estado/límites: 0
Validadas DRY RUN: 0
Nuevas órdenes: 0
Operaciones cerradas sincronizadas: 0
Errores: 0
Duración del ciclo: 0.01s
Intervalo objetivo: 10s
Próximo ciclo en: 9.99s
----------------------------------------------------------------------------------------
Bot detenido por el usuario.
