========================================================================
DERIV DEMO EXECUTION PREFLIGHT
========================================================================
[OK] MT5_ACCOUNT_INFO {'login': 41108926, 'server': 'Deriv-Demo', 'currency': 'USD', 'balance': 10000.0, 'equity': 10000.0, 'margin': 0.0, 'free_margin': 10000.0, 'profit': 0.0, 'leverage': 1000, 'trade_mode': 0, 'snapshot_time': datetime.datetime(2026, 9, 3, 13, 19, 30, 168901, tzinfo=datetime.timezone.utc), 'broker': 'MT5'}
[OK] MT5_TERMINAL_CONNECTED {'trade_allowed': True, 'tradeapi_disabled': False}
[OK] MT5_AUTOTRADING_ALLOWED {'trade_allowed': True, 'tradeapi_disabled': False}
[OK] DEMO_ACCOUNT {'trade_mode': 0, 'server': 'Deriv-Demo'}
[OK] FREE_MARGIN {'free_margin': 10000.0, 'required': 0.0}
[OK] DATABASE_READY {}
[OK] SYMBOL:Multi Step 2 Index {'visible': True, 'trade_mode': 4, 'volume_min': 0.1, 'volume_step': 0.01, 'point': 0.01, 'stops_level_points': 96}
[OK] SYMBOL:Multi Step 3 Index {'visible': True, 'trade_mode': 4, 'volume_min': 0.1, 'volume_step': 0.01, 'point': 0.01, 'stops_level_points': 60}
[OK] SYMBOL:Multi Step 4 Index {'visible': True, 'trade_mode': 4, 'volume_min': 0.1, 'volume_step': 0.01, 'point': 0.01, 'stops_level_points': 109}
[OK] SYMBOL:Skew Step Index 4 Down {'visible': True, 'trade_mode': 4, 'volume_min': 0.1, 'volume_step': 0.01, 'point': 0.1, 'stops_level_points': 200}
[OK] SYMBOL:Skew Step Index 4 Up {'visible': True, 'trade_mode': 4, 'volume_min': 0.1, 'volume_step': 0.01, 'point': 0.1, 'stops_level_points': 200}
[OK] SYMBOL:Skew Step Index 5 Down {'visible': True, 'trade_mode': 4, 'volume_min': 0.1, 'volume_step': 0.01, 'point': 0.1, 'stops_level_points': 200}
[OK] SYMBOL:Skew Step Index 5 Up {'visible': True, 'trade_mode': 4, 'volume_min': 0.1, 'volume_step': 0.01, 'point': 0.1, 'stops_level_points': 200}
[OK] SYMBOL:Step Index {'visible': True, 'trade_mode': 4, 'volume_min': 0.1, 'volume_step': 0.01, 'point': 0.1, 'stops_level_points': 8}
[OK] SYMBOL:Step Index 200 {'visible': True, 'trade_mode': 4, 'volume_min': 0.1, 'volume_step': 0.01, 'point': 0.1, 'stops_level_points': 11}
[OK] SYMBOL:Step Index 300 {'visible': True, 'trade_mode': 4, 'volume_min': 0.1, 'volume_step': 0.01, 'point': 0.1, 'stops_level_points': 9}
[OK] SYMBOL:Step Index 400 {'visible': True, 'trade_mode': 4, 'volume_min': 0.1, 'volume_step': 0.01, 'point': 0.1, 'stops_level_points': 12}
[OK] SYMBOL:Step Index 500 {'visible': True, 'trade_mode': 4, 'volume_min': 0.1, 'volume_step': 0.01, 'point': 0.1, 'stops_level_points': 20}
========================================================================
STATUS: READY FOR DEMO EXECUTION
DAEMONBLACKFX VERSION: v100-entry-quality-recoverable-quarantine-winrate-audit
BOT ACTIVO: SCALP_STEP | MAGIC=26082304 | ESTRATEGIA=ARPS_SYNTHETIC_SCALPER | instrumentos=12 | auto_export=False
========================================================================================
BOT SMC MT5 - DERIV DEMO
========================================================================================
Cuenta: 41108926 | Servidor: Deriv-Demo
Balance: 10000.00 USD
Modo: EJECUCIÓN DEMO
Riesgo por trade: 0.25% | R:R mínimo: 1.50
Intervalo: 30s | Símbolos: 12
Reporte XLSX: C:\TradingBoot\smc_synthetic_bot\storage\exports\deriv_demo_trading_report.xlsx
Pipeline: SMC -> TradeLifecycleManager -> MT5TradeExecutor -> SQLite -> XLSX
========================================================================================
Daemon activo: señales=30s | monitor posiciones/BE=2s | símbolos=12
Progreso: se mostrará cada símbolo y su tiempo de análisis.
{'action': 'POSITION_MONITOR_STARTED', 'signal_interval_seconds': 30, 'position_monitor_interval_seconds': 2, 'monitor_mode': 'BACKGROUND_DECOUPLED'}

========================================================================================
CICLO #0001 | 2026-09-03 13:19:46 UTC | símbolos=8
========================================================================================
[01/08] START Multi Step 2 Index
[01/08] END   Multi Step 2 Index | 1.52s | ARPS REGIME BLOCKED
    Motivo: ADX_M15_INSUFICIENTE
[02/08] START Multi Step 3 Index
[02/08] END   Multi Step 3 Index | 1.97s | ARPS REGIME BLOCKED
    Motivo: ADX_M15_INSUFICIENTE
[03/08] START Multi Step 4 Index
[03/08] END   Multi Step 4 Index | 1.73s | ARPS REGIME BLOCKED
    Motivo: SIN_TENDENCIA_M15
[04/08] START Step Index
[04/08] END   Step Index | 1.48s | ARPS REGIME BLOCKED
    Motivo: SIN_TENDENCIA_M15
[05/08] START Step Index 200
[05/08] END   Step Index 200 | 0.89s | ARPS REGIME BLOCKED
    Motivo: ADX_M15_INSUFICIENTE
[06/08] START Step Index 300
[06/08] END   Step Index 300 | 1.83s | ARPS WAITING SETUP
    Motivo: m5_atr_regime,m5_structure_break
[07/08] START Step Index 400
[07/08] END   Step Index 400 | 0.77s | ARPS WAITING SETUP
    Motivo: m5_atr_regime,m5_structure_break,m1_rejection,m1_follow_through
[08/08] START Step Index 500
[08/08] END   Step Index 500 | 0.78s | ARPS WAITING SETUP
    Motivo: m5_atr_regime,m5_structure_break
----------------------------------------------------------------------------------------
RESUMEN DEL CICLO #0001
Símbolos analizados: 8
Sin señal: 0
Esperando/otros: 8
Señales rechazadas: 0
Bloqueadas por estado/límites: 0
Validadas DRY RUN: 0
Nuevas órdenes: 0
Operaciones cerradas sincronizadas: 0
Errores: 0
Duración del ciclo: 15.04s
Intervalo objetivo: 30s
Próximo ciclo en: 14.96s
----------------------------------------------------------------------------------------

========================================================================================
CICLO #0002 | 2026-09-03 13:20:16 UTC | símbolos=8
========================================================================================
[01/08] START Multi Step 2 Index
[01/08] END   Multi Step 2 Index | 0.05s | ARPS REGIME BLOCKED
    Motivo: ADX_M15_INSUFICIENTE
[02/08] START Multi Step 3 Index
[02/08] END   Multi Step 3 Index | 0.05s | ARPS REGIME BLOCKED
    Motivo: ADX_M15_INSUFICIENTE
[03/08] START Multi Step 4 Index
[03/08] END   Multi Step 4 Index | 0.05s | ARPS REGIME BLOCKED
    Motivo: SIN_TENDENCIA_M15
[04/08] START Step Index
[04/08] END   Step Index | 0.06s | ARPS REGIME BLOCKED
    Motivo: SIN_TENDENCIA_M15
[05/08] START Step Index 200
[05/08] END   Step Index 200 | 0.07s | ARPS REGIME BLOCKED
    Motivo: ADX_M15_INSUFICIENTE
[06/08] START Step Index 300
[06/08] END   Step Index 300 | 0.05s | ARPS WAITING SETUP
    Motivo: m5_atr_regime,m1_rejection,m1_follow_through
[07/08] START Step Index 400
[07/08] END   Step Index 400 | 0.05s | ARPS WAITING SETUP
    Motivo: m5_structure_break,m1_rejection,m1_strong_close
[08/08] START Step Index 500
[08/08] END   Step Index 500 | 0.06s | ARPS WAITING SETUP
    Motivo: m5_atr_regime,m5_structure_break
----------------------------------------------------------------------------------------
RESUMEN DEL CICLO #0002
Símbolos analizados: 8
Sin señal: 0
Esperando/otros: 8
Señales rechazadas: 0
Bloqueadas por estado/límites: 0
Validadas DRY RUN: 0
Nuevas órdenes: 0
Operaciones cerradas sincronizadas: 0
Errores: 0
Duración del ciclo: 0.52s
Intervalo objetivo: 30s
Próximo ciclo en: 29.48s
----------------------------------------------------------------------------------------

========================================================================================
CICLO #0003 | 2026-09-03 13:20:46 UTC | símbolos=0
========================================================================================
----------------------------------------------------------------------------------------
RESUMEN DEL CICLO #0003
Símbolos analizados: 0
Sin señal: 0
Esperando/otros: 0
Señales rechazadas: 0
Bloqueadas por estado/límites: 0
Validadas DRY RUN: 0
Nuevas órdenes: 0
Operaciones cerradas sincronizadas: 0
Errores: 0
Duración del ciclo: 0.02s
Intervalo objetivo: 30s
Próximo ciclo en: 29.98s
----------------------------------------------------------------------------------------

========================================================================================
CICLO #0004 | 2026-09-03 13:21:16 UTC | símbolos=8
========================================================================================
[01/08] START Multi Step 2 Index
[01/08] END   Multi Step 2 Index | 0.03s | ARPS REGIME BLOCKED
    Motivo: ADX_M15_INSUFICIENTE
[02/08] START Multi Step 3 Index
[02/08] END   Multi Step 3 Index | 0.03s | ARPS REGIME BLOCKED
    Motivo: ADX_M15_INSUFICIENTE
[03/08] START Multi Step 4 Index
[03/08] END   Multi Step 4 Index | 0.02s | ARPS REGIME BLOCKED
    Motivo: SIN_TENDENCIA_M15
[04/08] START Step Index
[04/08] END   Step Index | 0.02s | ARPS REGIME BLOCKED
    Motivo: SIN_TENDENCIA_M15
[05/08] START Step Index 200
[05/08] END   Step Index 200 | 0.03s | ARPS REGIME BLOCKED
    Motivo: ADX_M15_INSUFICIENTE
[06/08] START Step Index 300
[06/08] END   Step Index 300 | 0.03s | ARPS WAITING SETUP
    Motivo: m5_atr_regime,m1_rejection,m1_strong_close
[07/08] START Step Index 400
[07/08] END   Step Index 400 | 0.04s | ARPS WAITING SETUP
    Motivo: m5_structure_break,m1_follow_through,m1_strong_close
[08/08] START Step Index 500
[08/08] END   Step Index 500 | 0.03s | ARPS WAITING SETUP
    Motivo: m5_atr_regime,m5_structure_break,m1_rejection,m1_follow_through
----------------------------------------------------------------------------------------
RESUMEN DEL CICLO #0004
Símbolos analizados: 8
Sin señal: 0
Esperando/otros: 8
Señales rechazadas: 0
Bloqueadas por estado/límites: 0
Validadas DRY RUN: 0
Nuevas órdenes: 0
Operaciones cerradas sincronizadas: 0
Errores: 0
Duración del ciclo: 0.30s
Intervalo objetivo: 30s
Próximo ciclo en: 29.70s
----------------------------------------------------------------------------------------

========================================================================================
CICLO #0005 | 2026-09-03 13:21:46 UTC | símbolos=0
========================================================================================
----------------------------------------------------------------------------------------
RESUMEN DEL CICLO #0005
Símbolos analizados: 0
Sin señal: 0
Esperando/otros: 0
Señales rechazadas: 0
Bloqueadas por estado/límites: 0
Validadas DRY RUN: 0
Nuevas órdenes: 0
Operaciones cerradas sincronizadas: 0
Errores: 0
Duración del ciclo: 0.03s
Intervalo objetivo: 30s
Próximo ciclo en: 29.97s
----------------------------------------------------------------------------------------

========================================================================================
CICLO #0006 | 2026-09-03 13:22:16 UTC | símbolos=8
========================================================================================
[01/08] START Multi Step 2 Index
[01/08] END   Multi Step 2 Index | 0.03s | ARPS REGIME BLOCKED
    Motivo: ADX_M15_INSUFICIENTE
[02/08] START Multi Step 3 Index
[02/08] END   Multi Step 3 Index | 0.03s | ARPS REGIME BLOCKED
    Motivo: ADX_M15_INSUFICIENTE
[03/08] START Multi Step 4 Index
[03/08] END   Multi Step 4 Index | 0.03s | ARPS REGIME BLOCKED
    Motivo: SIN_TENDENCIA_M15
[04/08] START Step Index
[04/08] END   Step Index | 0.03s | ARPS REGIME BLOCKED
    Motivo: SIN_TENDENCIA_M15
[05/08] START Step Index 200
[05/08] END   Step Index 200 | 0.02s | ARPS REGIME BLOCKED
    Motivo: ADX_M15_INSUFICIENTE
[06/08] START Step Index 300
[06/08] END   Step Index 300 | 0.03s | ARPS WAITING SETUP
    Motivo: m5_atr_regime
[07/08] START Step Index 400
[07/08] END   Step Index 400 | 0.03s | ARPS WAITING SETUP
    Motivo: m5_structure_break,m1_rejection,m1_strong_close
[08/08] START Step Index 500
[08/08] END   Step Index 500 | 0.03s | ARPS WAITING SETUP
    Motivo: m5_atr_regime,m5_structure_break,m1_rejection,m1_follow_through,m1_strong_close
----------------------------------------------------------------------------------------
RESUMEN DEL CICLO #0006
Símbolos analizados: 8
Sin señal: 0
Esperando/otros: 8
Señales rechazadas: 0
Bloqueadas por estado/límites: 0
Validadas DRY RUN: 0
Nuevas órdenes: 0
Operaciones cerradas sincronizadas: 0
Errores: 0
Duración del ciclo: 0.28s
Intervalo objetivo: 30s
Próximo ciclo en: 29.72s
----------------------------------------------------------------------------------------

========================================================================================
CICLO #0007 | 2026-09-03 13:22:46 UTC | símbolos=0
========================================================================================
----------------------------------------------------------------------------------------
RESUMEN DEL CICLO #0007
Símbolos analizados: 0
Sin señal: 0
Esperando/otros: 0
Señales rechazadas: 0
Bloqueadas por estado/límites: 0
Validadas DRY RUN: 0
Nuevas órdenes: 0
Operaciones cerradas sincronizadas: 0
Errores: 0
Duración del ciclo: 0.02s
Intervalo objetivo: 30s
Próximo ciclo en: 29.98s
----------------------------------------------------------------------------------------

========================================================================================
CICLO #0008 | 2026-09-03 13:23:16 UTC | símbolos=8
========================================================================================
[01/08] START Multi Step 2 Index
[01/08] END   Multi Step 2 Index | 0.03s | ARPS REGIME BLOCKED
    Motivo: ADX_M15_INSUFICIENTE
[02/08] START Multi Step 3 Index
[02/08] END   Multi Step 3 Index | 0.02s | ARPS REGIME BLOCKED
    Motivo: ADX_M15_INSUFICIENTE
[03/08] START Multi Step 4 Index
[03/08] END   Multi Step 4 Index | 0.03s | ARPS REGIME BLOCKED
    Motivo: SIN_TENDENCIA_M15
[04/08] START Step Index
[04/08] END   Step Index | 0.02s | ARPS REGIME BLOCKED
    Motivo: SIN_TENDENCIA_M15
[05/08] START Step Index 200
[05/08] END   Step Index 200 | 0.03s | ARPS REGIME BLOCKED
    Motivo: ADX_M15_INSUFICIENTE
[06/08] START Step Index 300
[06/08] END   Step Index 300 | 0.03s | ARPS WAITING SETUP
    Motivo: m5_atr_regime,m1_strong_close
[07/08] START Step Index 400
[07/08] END   Step Index 400 | 0.03s | ARPS WAITING SETUP
    Motivo: m5_structure_break
[08/08] START Step Index 500
[08/08] END   Step Index 500 | 0.02s | ARPS WAITING SETUP
    Motivo: m5_atr_regime,m5_structure_break,m1_rejection,m1_follow_through,m1_strong_close
----------------------------------------------------------------------------------------
RESUMEN DEL CICLO #0008
Símbolos analizados: 8
Sin señal: 0
Esperando/otros: 8
Señales rechazadas: 0
Bloqueadas por estado/límites: 0
Validadas DRY RUN: 0
Nuevas órdenes: 0
Operaciones cerradas sincronizadas: 0
Errores: 0
Duración del ciclo: 0.27s
Intervalo objetivo: 30s
Próximo ciclo en: 29.73s
----------------------------------------------------------------------------------------
Bot detenido por el usuario.
========================================================================
DERIV DEMO EXECUTION PREFLIGHT
========================================================================
[OK] MT5_ACCOUNT_INFO {'login': 41108926, 'server': 'Deriv-Demo', 'currency': 'USD', 'balance': 9999.39, 'equity': 9999.39, 'margin': 0.0, 'free_margin': 9999.39, 'profit': 0.0, 'leverage': 1000, 'trade_mode': 0, 'snapshot_time': datetime.datetime(2026, 9, 3, 13, 24, 52, 954783, tzinfo=datetime.timezone.utc), 'broker': 'MT5'}
[OK] MT5_TERMINAL_CONNECTED {'trade_allowed': True, 'tradeapi_disabled': False}
[OK] MT5_AUTOTRADING_ALLOWED {'trade_allowed': True, 'tradeapi_disabled': False}
[OK] DEMO_ACCOUNT {'trade_mode': 0, 'server': 'Deriv-Demo'}
[OK] FREE_MARGIN {'free_margin': 9999.39, 'required': 0.0}
[OK] DATABASE_READY {}
[OK] SYMBOL:Multi Step 2 Index {'visible': True, 'trade_mode': 4, 'volume_min': 0.1, 'volume_step': 0.01, 'point': 0.01, 'stops_level_points': 96}
[OK] SYMBOL:Multi Step 3 Index {'visible': True, 'trade_mode': 4, 'volume_min': 0.1, 'volume_step': 0.01, 'point': 0.01, 'stops_level_points': 60}
[OK] SYMBOL:Multi Step 4 Index {'visible': True, 'trade_mode': 4, 'volume_min': 0.1, 'volume_step': 0.01, 'point': 0.01, 'stops_level_points': 109}
[OK] SYMBOL:Skew Step Index 4 Down {'visible': True, 'trade_mode': 4, 'volume_min': 0.1, 'volume_step': 0.01, 'point': 0.1, 'stops_level_points': 200}
[OK] SYMBOL:Skew Step Index 4 Up {'visible': True, 'trade_mode': 4, 'volume_min': 0.1, 'volume_step': 0.01, 'point': 0.1, 'stops_level_points': 200}
[OK] SYMBOL:Skew Step Index 5 Down {'visible': True, 'trade_mode': 4, 'volume_min': 0.1, 'volume_step': 0.01, 'point': 0.1, 'stops_level_points': 200}
[OK] SYMBOL:Skew Step Index 5 Up {'visible': True, 'trade_mode': 4, 'volume_min': 0.1, 'volume_step': 0.01, 'point': 0.1, 'stops_level_points': 200}
[OK] SYMBOL:Step Index {'visible': True, 'trade_mode': 4, 'volume_min': 0.1, 'volume_step': 0.01, 'point': 0.1, 'stops_level_points': 8}
[OK] SYMBOL:Step Index 200 {'visible': True, 'trade_mode': 4, 'volume_min': 0.1, 'volume_step': 0.01, 'point': 0.1, 'stops_level_points': 11}
[OK] SYMBOL:Step Index 300 {'visible': True, 'trade_mode': 4, 'volume_min': 0.1, 'volume_step': 0.01, 'point': 0.1, 'stops_level_points': 9}
[OK] SYMBOL:Step Index 400 {'visible': True, 'trade_mode': 4, 'volume_min': 0.1, 'volume_step': 0.01, 'point': 0.1, 'stops_level_points': 12}
[OK] SYMBOL:Step Index 500 {'visible': True, 'trade_mode': 4, 'volume_min': 0.1, 'volume_step': 0.01, 'point': 0.1, 'stops_level_points': 20}
========================================================================
STATUS: READY FOR DEMO EXECUTION
DAEMONBLACKFX VERSION: v100-entry-quality-recoverable-quarantine-winrate-audit
BOT ACTIVO: SCALP_STEP | MAGIC=26082304 | ESTRATEGIA=ARPS_SYNTHETIC_SCALPER | instrumentos=12 | auto_export=False
========================================================================================
BOT SMC MT5 - DERIV DEMO
========================================================================================
Cuenta: 41108926 | Servidor: Deriv-Demo
Balance: 9999.39 USD
Modo: EJECUCIÓN DEMO
Riesgo por trade: 0.25% | R:R mínimo: 1.50
Intervalo: 30s | Símbolos: 12
Reporte XLSX: C:\TradingBoot\smc_synthetic_bot\storage\exports\deriv_demo_trading_report.xlsx
Pipeline: SMC -> TradeLifecycleManager -> MT5TradeExecutor -> SQLite -> XLSX
========================================================================================
Daemon activo: señales=30s | monitor posiciones/BE=2s | símbolos=12
Progreso: se mostrará cada símbolo y su tiempo de análisis.
{'action': 'POSITION_MONITOR_STARTED', 'signal_interval_seconds': 30, 'position_monitor_interval_seconds': 2, 'monitor_mode': 'BACKGROUND_DECOUPLED'}

========================================================================================
CICLO #0001 | 2026-09-03 13:25:07 UTC | símbolos=8
========================================================================================
[01/08] START Multi Step 2 Index
[01/08] END   Multi Step 2 Index | 1.73s | ARPS REGIME BLOCKED
    Motivo: ADX_M15_INSUFICIENTE
[02/08] START Multi Step 3 Index
[02/08] END   Multi Step 3 Index | 1.62s | ARPS REGIME BLOCKED
    Motivo: ADX_M15_INSUFICIENTE
[03/08] START Multi Step 4 Index
[03/08] END   Multi Step 4 Index | 2.04s | ARPS REGIME BLOCKED
    Motivo: SIN_TENDENCIA_M15
[04/08] START Step Index
[04/08] END   Step Index | 1.60s | ARPS REGIME BLOCKED
    Motivo: SIN_TENDENCIA_M15
[05/08] START Step Index 200
[05/08] END   Step Index 200 | 0.84s | ARPS REGIME BLOCKED
    Motivo: ADX_M15_INSUFICIENTE
[06/08] START Step Index 300
[06/08] END   Step Index 300 | 0.74s | ARPS WAITING SETUP
    Motivo: m5_atr_regime
[07/08] START Step Index 400
[07/08] END   Step Index 400 | 0.86s | ARPS WAITING SETUP
    Motivo: m5_structure_break,m1_follow_through
[08/08] START Step Index 500
[08/08] END   Step Index 500 | 0.98s | ARPS WAITING SETUP
    Motivo: m5_atr_regime,m5_structure_break,m1_rejection
----------------------------------------------------------------------------------------
RESUMEN DEL CICLO #0001
Símbolos analizados: 8
Sin señal: 0
Esperando/otros: 8
Señales rechazadas: 0
Bloqueadas por estado/límites: 0
Validadas DRY RUN: 0
Nuevas órdenes: 0
Operaciones cerradas sincronizadas: 0
Errores: 0
Duración del ciclo: 14.12s
Intervalo objetivo: 30s
Próximo ciclo en: 15.88s
----------------------------------------------------------------------------------------

========================================================================================
CICLO #0002 | 2026-09-03 13:25:37 UTC | símbolos=0
========================================================================================
----------------------------------------------------------------------------------------
RESUMEN DEL CICLO #0002
Símbolos analizados: 0
Sin señal: 0
Esperando/otros: 0
Señales rechazadas: 0
Bloqueadas por estado/límites: 0
Validadas DRY RUN: 0
Nuevas órdenes: 0
Operaciones cerradas sincronizadas: 0
Errores: 0
Duración del ciclo: 0.05s
Intervalo objetivo: 30s
Próximo ciclo en: 29.95s
----------------------------------------------------------------------------------------

========================================================================================
CICLO #0003 | 2026-09-03 13:26:07 UTC | símbolos=8
========================================================================================
[01/08] START Multi Step 2 Index
[01/08] END   Multi Step 2 Index | 0.03s | ARPS REGIME BLOCKED
    Motivo: ADX_M15_INSUFICIENTE
[02/08] START Multi Step 3 Index
[02/08] END   Multi Step 3 Index | 0.02s | ARPS REGIME BLOCKED
    Motivo: ADX_M15_INSUFICIENTE
[03/08] START Multi Step 4 Index
[03/08] END   Multi Step 4 Index | 0.02s | ARPS REGIME BLOCKED
    Motivo: SIN_TENDENCIA_M15
[04/08] START Step Index
[04/08] END   Step Index | 0.02s | ARPS REGIME BLOCKED
    Motivo: SIN_TENDENCIA_M15
[05/08] START Step Index 200
[05/08] END   Step Index 200 | 0.02s | ARPS REGIME BLOCKED
    Motivo: ADX_M15_INSUFICIENTE
[06/08] START Step Index 300
[06/08] END   Step Index 300 | 0.04s | ARPS WAITING SETUP
    Motivo: m5_atr_regime,m1_rejection,m1_strong_close
[07/08] START Step Index 400
[07/08] END   Step Index 400 | 0.03s | ARPS WAITING SETUP
    Motivo: m5_structure_break,m1_rejection,m1_follow_through
[08/08] START Step Index 500
[08/08] END   Step Index 500 | 0.03s | ARPS WAITING SETUP
    Motivo: m5_atr_regime,m5_structure_break
----------------------------------------------------------------------------------------
RESUMEN DEL CICLO #0003
Símbolos analizados: 8
Sin señal: 0
Esperando/otros: 8
Señales rechazadas: 0
Bloqueadas por estado/límites: 0
Validadas DRY RUN: 0
Nuevas órdenes: 0
Operaciones cerradas sincronizadas: 0
Errores: 0
Duración del ciclo: 0.26s
Intervalo objetivo: 30s
Próximo ciclo en: 29.74s
----------------------------------------------------------------------------------------

========================================================================================
CICLO #0004 | 2026-09-03 13:26:37 UTC | símbolos=0
========================================================================================
----------------------------------------------------------------------------------------
RESUMEN DEL CICLO #0004
Símbolos analizados: 0
Sin señal: 0
Esperando/otros: 0
Señales rechazadas: 0
Bloqueadas por estado/límites: 0
Validadas DRY RUN: 0
Nuevas órdenes: 0
Operaciones cerradas sincronizadas: 0
Errores: 0
Duración del ciclo: 0.05s
Intervalo objetivo: 30s
Próximo ciclo en: 29.95s
----------------------------------------------------------------------------------------

========================================================================================
CICLO #0005 | 2026-09-03 13:27:07 UTC | símbolos=8
========================================================================================
[01/08] START Multi Step 2 Index
[01/08] END   Multi Step 2 Index | 0.03s | ARPS REGIME BLOCKED
    Motivo: ADX_M15_INSUFICIENTE
[02/08] START Multi Step 3 Index
[02/08] END   Multi Step 3 Index | 0.03s | ARPS REGIME BLOCKED
    Motivo: ADX_M15_INSUFICIENTE
[03/08] START Multi Step 4 Index
[03/08] END   Multi Step 4 Index | 0.03s | ARPS REGIME BLOCKED
    Motivo: SIN_TENDENCIA_M15
[04/08] START Step Index
[04/08] END   Step Index | 0.03s | ARPS REGIME BLOCKED
    Motivo: SIN_TENDENCIA_M15
[05/08] START Step Index 200
[05/08] END   Step Index 200 | 0.04s | ARPS REGIME BLOCKED
    Motivo: ADX_M15_INSUFICIENTE
[06/08] START Step Index 300
[06/08] END   Step Index 300 | 0.04s | ARPS WAITING SETUP
    Motivo: m5_atr_regime,m1_follow_through
[07/08] START Step Index 400
[07/08] END   Step Index 400 | 0.05s | ARPS WAITING SETUP
    Motivo: m5_structure_break,m1_rejection,m1_follow_through
[08/08] START Step Index 500
[08/08] END   Step Index 500 | 0.05s | ARPS WAITING SETUP
    Motivo: m5_atr_regime,m5_structure_break,m1_strong_close
----------------------------------------------------------------------------------------
RESUMEN DEL CICLO #0005
Símbolos analizados: 8
Sin señal: 0
Esperando/otros: 8
Señales rechazadas: 0
Bloqueadas por estado/límites: 0
Validadas DRY RUN: 0
Nuevas órdenes: 0
Operaciones cerradas sincronizadas: 0
Errores: 0
Duración del ciclo: 0.35s
Intervalo objetivo: 30s
Próximo ciclo en: 29.65s
----------------------------------------------------------------------------------------

========================================================================================
CICLO #0006 | 2026-09-03 13:27:37 UTC | símbolos=0
========================================================================================
----------------------------------------------------------------------------------------
RESUMEN DEL CICLO #0006
Símbolos analizados: 0
Sin señal: 0
Esperando/otros: 0
Señales rechazadas: 0
Bloqueadas por estado/límites: 0
Validadas DRY RUN: 0
Nuevas órdenes: 0
Operaciones cerradas sincronizadas: 0
Errores: 0
Duración del ciclo: 0.03s
Intervalo objetivo: 30s
Próximo ciclo en: 29.97s
----------------------------------------------------------------------------------------

========================================================================================
CICLO #0007 | 2026-09-03 13:28:07 UTC | símbolos=8
========================================================================================
[01/08] START Multi Step 2 Index
[01/08] END   Multi Step 2 Index | 0.02s | ARPS REGIME BLOCKED
    Motivo: ADX_M15_INSUFICIENTE
[02/08] START Multi Step 3 Index
[02/08] END   Multi Step 3 Index | 0.02s | ARPS REGIME BLOCKED
    Motivo: ADX_M15_INSUFICIENTE
[03/08] START Multi Step 4 Index
[03/08] END   Multi Step 4 Index | 0.02s | ARPS REGIME BLOCKED
    Motivo: SIN_TENDENCIA_M15
[04/08] START Step Index
[04/08] END   Step Index | 0.02s | ARPS REGIME BLOCKED
    Motivo: SIN_TENDENCIA_M15
[05/08] START Step Index 200
[05/08] END   Step Index 200 | 0.02s | ARPS REGIME BLOCKED
    Motivo: ADX_M15_INSUFICIENTE
[06/08] START Step Index 300
[06/08] END   Step Index 300 | 0.02s | ARPS WAITING SETUP
    Motivo: m5_atr_regime,m1_rejection
[07/08] START Step Index 400
[07/08] END   Step Index 400 | 0.02s | ARPS WAITING SETUP
    Motivo: m5_structure_break,m1_rejection,m1_follow_through,m1_strong_close
[08/08] START Step Index 500
[08/08] END   Step Index 500 | 0.04s | ARPS WAITING SETUP
    Motivo: m5_atr_regime,m5_structure_break,m1_follow_through
----------------------------------------------------------------------------------------
RESUMEN DEL CICLO #0007
Símbolos analizados: 8
Sin señal: 0
Esperando/otros: 8
Señales rechazadas: 0
Bloqueadas por estado/límites: 0
Validadas DRY RUN: 0
Nuevas órdenes: 0
Operaciones cerradas sincronizadas: 0
Errores: 0
Duración del ciclo: 0.24s
Intervalo objetivo: 30s
Próximo ciclo en: 29.76s
----------------------------------------------------------------------------------------

========================================================================================
CICLO #0008 | 2026-09-03 13:28:37 UTC | símbolos=0
========================================================================================
----------------------------------------------------------------------------------------
RESUMEN DEL CICLO #0008
Símbolos analizados: 0
Sin señal: 0
Esperando/otros: 0
Señales rechazadas: 0
Bloqueadas por estado/límites: 0
Validadas DRY RUN: 0
Nuevas órdenes: 0
Operaciones cerradas sincronizadas: 0
Errores: 0
Duración del ciclo: 0.03s
Intervalo objetivo: 30s
Próximo ciclo en: 29.97s
----------------------------------------------------------------------------------------

========================================================================================
CICLO #0009 | 2026-09-03 13:29:07 UTC | símbolos=8
========================================================================================
[01/08] START Multi Step 2 Index
[01/08] END   Multi Step 2 Index | 0.02s | ARPS REGIME BLOCKED
    Motivo: ADX_M15_INSUFICIENTE
[02/08] START Multi Step 3 Index
[02/08] END   Multi Step 3 Index | 0.02s | ARPS REGIME BLOCKED
    Motivo: ADX_M15_INSUFICIENTE
[03/08] START Multi Step 4 Index
[03/08] END   Multi Step 4 Index | 0.03s | ARPS REGIME BLOCKED
    Motivo: SIN_TENDENCIA_M15
[04/08] START Step Index
[04/08] END   Step Index | 0.02s | ARPS REGIME BLOCKED
    Motivo: SIN_TENDENCIA_M15
[05/08] START Step Index 200
[05/08] END   Step Index 200 | 0.03s | ARPS REGIME BLOCKED
    Motivo: ADX_M15_INSUFICIENTE
[06/08] START Step Index 300
[06/08] END   Step Index 300 | 0.03s | ARPS WAITING SETUP
    Motivo: m5_atr_regime,m1_rejection,m1_follow_through,m1_strong_close
[07/08] START Step Index 400
[07/08] END   Step Index 400 | 0.02s | ARPS WAITING SETUP
    Motivo: m5_structure_break,m1_rejection,m1_follow_through
[08/08] START Step Index 500
[08/08] END   Step Index 500 | 0.03s | ARPS WAITING SETUP
    Motivo: m5_atr_regime,m5_structure_break,m1_rejection,m1_follow_through
----------------------------------------------------------------------------------------
RESUMEN DEL CICLO #0009
Símbolos analizados: 8
Sin señal: 0
Esperando/otros: 8
Señales rechazadas: 0
Bloqueadas por estado/límites: 0
Validadas DRY RUN: 0
Nuevas órdenes: 0
Operaciones cerradas sincronizadas: 0
Errores: 0
Duración del ciclo: 0.25s
Intervalo objetivo: 30s
Próximo ciclo en: 29.75s
----------------------------------------------------------------------------------------

========================================================================================
CICLO #0010 | 2026-09-03 13:29:37 UTC | símbolos=0
========================================================================================
----------------------------------------------------------------------------------------
RESUMEN DEL CICLO #0010
Símbolos analizados: 0
Sin señal: 0
Esperando/otros: 0
Señales rechazadas: 0
Bloqueadas por estado/límites: 0
Validadas DRY RUN: 0
Nuevas órdenes: 0
Operaciones cerradas sincronizadas: 0
Errores: 0
Duración del ciclo: 0.02s
Intervalo objetivo: 30s
Próximo ciclo en: 29.98s
----------------------------------------------------------------------------------------

========================================================================================
CICLO #0011 | 2026-09-03 13:30:07 UTC | símbolos=8
========================================================================================
[01/08] START Multi Step 2 Index
[01/08] END   Multi Step 2 Index | 0.03s | ARPS REGIME BLOCKED
    Motivo: ADX_M15_INSUFICIENTE
[02/08] START Multi Step 3 Index
[02/08] END   Multi Step 3 Index | 0.03s | ARPS REGIME BLOCKED
    Motivo: ADX_M15_INSUFICIENTE
[03/08] START Multi Step 4 Index
[03/08] END   Multi Step 4 Index | 0.04s | ARPS REGIME BLOCKED
    Motivo: SIN_TENDENCIA_M15
[04/08] START Step Index
[04/08] END   Step Index | 0.03s | ARPS REGIME BLOCKED
    Motivo: SIN_TENDENCIA_M15
[05/08] START Step Index 200
[05/08] END   Step Index 200 | 0.03s | ARPS REGIME BLOCKED
    Motivo: ADX_M15_INSUFICIENTE
[06/08] START Step Index 300
[06/08] END   Step Index 300 | 0.03s | ARPS WAITING SETUP
    Motivo: m5_pullback,m1_rejection,m1_follow_through,m1_strong_close
[07/08] START Step Index 400
[07/08] END   Step Index 400 | 0.04s | ARPS WAITING SETUP
    Motivo: m5_atr_regime,m5_structure_break,m5_pullback,m1_rejection,m1_follow_through
[08/08] START Step Index 500
[08/08] END   Step Index 500 | 0.03s | ARPS WAITING SETUP
    Motivo: m5_atr_regime,m5_structure_break,m1_rejection,m1_follow_through,m1_strong_close
----------------------------------------------------------------------------------------
RESUMEN DEL CICLO #0011
Símbolos analizados: 8
Sin señal: 0
Esperando/otros: 8
Señales rechazadas: 0
Bloqueadas por estado/límites: 0
Validadas DRY RUN: 0
Nuevas órdenes: 0
Operaciones cerradas sincronizadas: 0
Errores: 0
Duración del ciclo: 0.34s
Intervalo objetivo: 30s
Próximo ciclo en: 29.66s
----------------------------------------------------------------------------------------

========================================================================================
CICLO #0012 | 2026-09-03 13:30:37 UTC | símbolos=0
========================================================================================
----------------------------------------------------------------------------------------
RESUMEN DEL CICLO #0012
Símbolos analizados: 0
Sin señal: 0
Esperando/otros: 0
Señales rechazadas: 0
Bloqueadas por estado/límites: 0
Validadas DRY RUN: 0
Nuevas órdenes: 0
Operaciones cerradas sincronizadas: 0
Errores: 0
Duración del ciclo: 0.04s
Intervalo objetivo: 30s
Próximo ciclo en: 29.96s
----------------------------------------------------------------------------------------

========================================================================================
CICLO #0013 | 2026-09-03 13:31:07 UTC | símbolos=8
========================================================================================
[01/08] START Multi Step 2 Index
[01/08] END   Multi Step 2 Index | 0.03s | ARPS REGIME BLOCKED
    Motivo: ADX_M15_INSUFICIENTE
[02/08] START Multi Step 3 Index
[02/08] END   Multi Step 3 Index | 0.03s | ARPS REGIME BLOCKED
    Motivo: ADX_M15_INSUFICIENTE
[03/08] START Multi Step 4 Index
[03/08] END   Multi Step 4 Index | 0.03s | ARPS REGIME BLOCKED
    Motivo: SIN_TENDENCIA_M15
[04/08] START Step Index
[04/08] END   Step Index | 0.03s | ARPS REGIME BLOCKED
    Motivo: SIN_TENDENCIA_M15
[05/08] START Step Index 200
[05/08] END   Step Index 200 | 0.02s | ARPS REGIME BLOCKED
    Motivo: ADX_M15_INSUFICIENTE
[06/08] START Step Index 300
[06/08] END   Step Index 300 | 0.04s | ARPS WAITING SETUP
    Motivo: m5_pullback,m1_rejection,m1_strong_close
[07/08] START Step Index 400
[07/08] END   Step Index 400 | 0.04s | ARPS WAITING SETUP
    Motivo: m5_atr_regime,m5_structure_break,m5_pullback,m1_rejection,m1_follow_through
[08/08] START Step Index 500
[08/08] END   Step Index 500 | 0.03s | ARPS WAITING SETUP
    Motivo: m5_atr_regime,m5_structure_break,m1_rejection
----------------------------------------------------------------------------------------
RESUMEN DEL CICLO #0013
Símbolos analizados: 8
Sin señal: 0
Esperando/otros: 8
Señales rechazadas: 0
Bloqueadas por estado/límites: 0
Validadas DRY RUN: 0
Nuevas órdenes: 0
Operaciones cerradas sincronizadas: 0
Errores: 0
Duración del ciclo: 0.32s
Intervalo objetivo: 30s
Próximo ciclo en: 29.68s
----------------------------------------------------------------------------------------

========================================================================================
CICLO #0014 | 2026-09-03 13:31:37 UTC | símbolos=0
========================================================================================
----------------------------------------------------------------------------------------
RESUMEN DEL CICLO #0014
Símbolos analizados: 0
Sin señal: 0
Esperando/otros: 0
Señales rechazadas: 0
Bloqueadas por estado/límites: 0
Validadas DRY RUN: 0
Nuevas órdenes: 0
Operaciones cerradas sincronizadas: 0
Errores: 0
Duración del ciclo: 0.05s
Intervalo objetivo: 30s
Próximo ciclo en: 29.95s
----------------------------------------------------------------------------------------

========================================================================================
CICLO #0015 | 2026-09-03 13:32:07 UTC | símbolos=8
========================================================================================
[01/08] START Multi Step 2 Index
[01/08] END   Multi Step 2 Index | 0.02s | ARPS REGIME BLOCKED
    Motivo: ADX_M15_INSUFICIENTE
[02/08] START Multi Step 3 Index
[02/08] END   Multi Step 3 Index | 0.02s | ARPS REGIME BLOCKED
    Motivo: ADX_M15_INSUFICIENTE
[03/08] START Multi Step 4 Index
[03/08] END   Multi Step 4 Index | 0.03s | ARPS REGIME BLOCKED
    Motivo: SIN_TENDENCIA_M15
[04/08] START Step Index
[04/08] END   Step Index | 0.02s | ARPS REGIME BLOCKED
    Motivo: SIN_TENDENCIA_M15
[05/08] START Step Index 200
[05/08] END   Step Index 200 | 0.03s | ARPS REGIME BLOCKED
    Motivo: ADX_M15_INSUFICIENTE
[06/08] START Step Index 300
[06/08] END   Step Index 300 | 0.02s | ARPS WAITING SETUP
    Motivo: m5_pullback
[07/08] START Step Index 400
[07/08] END   Step Index 400 | 0.03s | ARPS WAITING SETUP
    Motivo: m5_atr_regime,m5_structure_break,m5_pullback,m1_rejection,m1_strong_close
[08/08] START Step Index 500
[08/08] END   Step Index 500 | 0.03s | ARPS WAITING SETUP
    Motivo: m5_atr_regime,m5_structure_break,m1_rejection
----------------------------------------------------------------------------------------
RESUMEN DEL CICLO #0015
Símbolos analizados: 8
Sin señal: 0
Esperando/otros: 8
Señales rechazadas: 0
Bloqueadas por estado/límites: 0
Validadas DRY RUN: 0
Nuevas órdenes: 0
Operaciones cerradas sincronizadas: 0
Errores: 0
Duración del ciclo: 0.27s
Intervalo objetivo: 30s
Próximo ciclo en: 29.73s
----------------------------------------------------------------------------------------

========================================================================================
CICLO #0016 | 2026-09-03 13:32:37 UTC | símbolos=0
========================================================================================
----------------------------------------------------------------------------------------
RESUMEN DEL CICLO #0016
Símbolos analizados: 0
Sin señal: 0
Esperando/otros: 0
Señales rechazadas: 0
Bloqueadas por estado/límites: 0
Validadas DRY RUN: 0
Nuevas órdenes: 0
Operaciones cerradas sincronizadas: 0
Errores: 0
Duración del ciclo: 0.06s
Intervalo objetivo: 30s
Próximo ciclo en: 29.94s
----------------------------------------------------------------------------------------

========================================================================================
CICLO #0017 | 2026-09-03 13:33:07 UTC | símbolos=8
========================================================================================
[01/08] START Multi Step 2 Index
[01/08] END   Multi Step 2 Index | 0.02s | ARPS REGIME BLOCKED
    Motivo: ADX_M15_INSUFICIENTE
[02/08] START Multi Step 3 Index
[02/08] END   Multi Step 3 Index | 0.03s | ARPS REGIME BLOCKED
    Motivo: ADX_M15_INSUFICIENTE
[03/08] START Multi Step 4 Index
[03/08] END   Multi Step 4 Index | 0.02s | ARPS REGIME BLOCKED
    Motivo: SIN_TENDENCIA_M15
[04/08] START Step Index
[04/08] END   Step Index | 0.03s | ARPS REGIME BLOCKED
    Motivo: SIN_TENDENCIA_M15
[05/08] START Step Index 200
[05/08] END   Step Index 200 | 0.02s | ARPS REGIME BLOCKED
    Motivo: ADX_M15_INSUFICIENTE
[06/08] START Step Index 300
[06/08] END   Step Index 300 | 0.03s | ARPS WAITING SETUP
    Motivo: m5_pullback,m1_rejection
[07/08] START Step Index 400
[07/08] END   Step Index 400 | 0.02s | ARPS WAITING SETUP
    Motivo: m5_atr_regime,m5_structure_break,m5_pullback,m1_follow_through
[08/08] START Step Index 500
[08/08] END   Step Index 500 | 0.03s | ARPS WAITING SETUP
    Motivo: m5_atr_regime,m5_structure_break,m1_rejection,m1_strong_close
----------------------------------------------------------------------------------------
RESUMEN DEL CICLO #0017
Símbolos analizados: 8
Sin señal: 0
Esperando/otros: 8
Señales rechazadas: 0
Bloqueadas por estado/límites: 0
Validadas DRY RUN: 0
Nuevas órdenes: 0
Operaciones cerradas sincronizadas: 0
Errores: 0
Duración del ciclo: 0.26s
Intervalo objetivo: 30s
Próximo ciclo en: 29.74s
----------------------------------------------------------------------------------------

========================================================================================
CICLO #0018 | 2026-09-03 13:33:37 UTC | símbolos=0
========================================================================================
----------------------------------------------------------------------------------------
RESUMEN DEL CICLO #0018
Símbolos analizados: 0
Sin señal: 0
Esperando/otros: 0
Señales rechazadas: 0
Bloqueadas por estado/límites: 0
Validadas DRY RUN: 0
Nuevas órdenes: 0
Operaciones cerradas sincronizadas: 0
Errores: 0
Duración del ciclo: 0.02s
Intervalo objetivo: 30s
Próximo ciclo en: 29.98s
----------------------------------------------------------------------------------------

========================================================================================
CICLO #0019 | 2026-09-03 13:34:07 UTC | símbolos=8
========================================================================================
[01/08] START Multi Step 2 Index
[01/08] END   Multi Step 2 Index | 0.03s | ARPS REGIME BLOCKED
    Motivo: ADX_M15_INSUFICIENTE
[02/08] START Multi Step 3 Index
[02/08] END   Multi Step 3 Index | 0.02s | ARPS REGIME BLOCKED
    Motivo: ADX_M15_INSUFICIENTE
[03/08] START Multi Step 4 Index
[03/08] END   Multi Step 4 Index | 0.02s | ARPS REGIME BLOCKED
    Motivo: SIN_TENDENCIA_M15
[04/08] START Step Index
[04/08] END   Step Index | 0.02s | ARPS REGIME BLOCKED
    Motivo: SIN_TENDENCIA_M15
[05/08] START Step Index 200
[05/08] END   Step Index 200 | 0.02s | ARPS REGIME BLOCKED
    Motivo: ADX_M15_INSUFICIENTE
[06/08] START Step Index 300
[06/08] END   Step Index 300 | 0.03s | ARPS WAITING SETUP
    Motivo: m5_pullback,m1_rejection,m1_follow_through,m1_strong_close
[07/08] START Step Index 400
[07/08] END   Step Index 400 | 0.03s | ARPS WAITING SETUP
    Motivo: m5_atr_regime,m5_structure_break,m5_pullback,m1_rejection,m1_follow_through
[08/08] START Step Index 500
[08/08] END   Step Index 500 | 0.03s | ARPS WAITING SETUP
    Motivo: m5_atr_regime,m5_structure_break,m1_strong_close
----------------------------------------------------------------------------------------
RESUMEN DEL CICLO #0019
Símbolos analizados: 8
Sin señal: 0
Esperando/otros: 8
Señales rechazadas: 0
Bloqueadas por estado/límites: 0
Validadas DRY RUN: 0
Nuevas órdenes: 0
Operaciones cerradas sincronizadas: 0
Errores: 0
Duración del ciclo: 0.24s
Intervalo objetivo: 30s
Próximo ciclo en: 29.76s
----------------------------------------------------------------------------------------

========================================================================================
CICLO #0020 | 2026-09-03 13:34:37 UTC | símbolos=0
========================================================================================
----------------------------------------------------------------------------------------
RESUMEN DEL CICLO #0020
Símbolos analizados: 0
Sin señal: 0
Esperando/otros: 0
Señales rechazadas: 0
Bloqueadas por estado/límites: 0
Validadas DRY RUN: 0
Nuevas órdenes: 0
Operaciones cerradas sincronizadas: 0
Errores: 0
Duración del ciclo: 0.03s
Intervalo objetivo: 30s
Próximo ciclo en: 29.97s
----------------------------------------------------------------------------------------

========================================================================================
CICLO #0021 | 2026-09-03 13:35:07 UTC | símbolos=8
========================================================================================
[01/08] START Multi Step 2 Index
[01/08] END   Multi Step 2 Index | 0.02s | ARPS REGIME BLOCKED
    Motivo: ADX_M15_INSUFICIENTE
[02/08] START Multi Step 3 Index
[02/08] END   Multi Step 3 Index | 0.03s | ARPS REGIME BLOCKED
    Motivo: ADX_M15_INSUFICIENTE
[03/08] START Multi Step 4 Index
[03/08] END   Multi Step 4 Index | 0.02s | ARPS REGIME BLOCKED
    Motivo: SIN_TENDENCIA_M15
[04/08] START Step Index
[04/08] END   Step Index | 0.03s | ARPS REGIME BLOCKED
    Motivo: SIN_TENDENCIA_M15
[05/08] START Step Index 200
[05/08] END   Step Index 200 | 0.02s | ARPS REGIME BLOCKED
    Motivo: ADX_M15_INSUFICIENTE
[06/08] START Step Index 300
[06/08] END   Step Index 300 | 0.03s | ARPS WAITING SETUP
    Motivo: m5_structure_break,m1_rejection,m1_follow_through,m1_strong_close
[07/08] START Step Index 400
[07/08] END   Step Index 400 | 0.03s | ARPS WAITING SETUP
    Motivo: m5_atr_regime,m5_structure_break,m5_pullback,m1_rejection,m1_strong_close
[08/08] START Step Index 500
[08/08] END   Step Index 500 | 0.03s | ARPS WAITING SETUP
    Motivo: m5_structure_break,m1_rejection,m1_follow_through,m1_strong_close
----------------------------------------------------------------------------------------
RESUMEN DEL CICLO #0021
Símbolos analizados: 8
Sin señal: 0
Esperando/otros: 8
Señales rechazadas: 0
Bloqueadas por estado/límites: 0
Validadas DRY RUN: 0
Nuevas órdenes: 0
Operaciones cerradas sincronizadas: 0
Errores: 0
Duración del ciclo: 0.27s
Intervalo objetivo: 30s
Próximo ciclo en: 29.73s
----------------------------------------------------------------------------------------

========================================================================================
CICLO #0022 | 2026-09-03 13:35:37 UTC | símbolos=0
========================================================================================
----------------------------------------------------------------------------------------
RESUMEN DEL CICLO #0022
Símbolos analizados: 0
Sin señal: 0
Esperando/otros: 0
Señales rechazadas: 0
Bloqueadas por estado/límites: 0
Validadas DRY RUN: 0
Nuevas órdenes: 0
Operaciones cerradas sincronizadas: 0
Errores: 0
Duración del ciclo: 0.03s
Intervalo objetivo: 30s
Próximo ciclo en: 29.97s
----------------------------------------------------------------------------------------

========================================================================================
CICLO #0023 | 2026-09-03 13:36:07 UTC | símbolos=0
========================================================================================
----------------------------------------------------------------------------------------
RESUMEN DEL CICLO #0023
Símbolos analizados: 0
Sin señal: 0
Esperando/otros: 0
Señales rechazadas: 0
Bloqueadas por estado/límites: 0
Validadas DRY RUN: 0
Nuevas órdenes: 0
Operaciones cerradas sincronizadas: 0
Errores: 0
Duración del ciclo: 0.03s
Intervalo objetivo: 30s
Próximo ciclo en: 29.97s
----------------------------------------------------------------------------------------

========================================================================================
CICLO #0024 | 2026-09-03 13:36:37 UTC | símbolos=8
========================================================================================
[01/08] START Multi Step 2 Index
[01/08] END   Multi Step 2 Index | 0.03s | ARPS REGIME BLOCKED
    Motivo: ADX_M15_INSUFICIENTE
[02/08] START Multi Step 3 Index
[02/08] END   Multi Step 3 Index | 0.03s | ARPS REGIME BLOCKED
    Motivo: ADX_M15_INSUFICIENTE
[03/08] START Multi Step 4 Index
[03/08] END   Multi Step 4 Index | 0.03s | ARPS REGIME BLOCKED
    Motivo: SIN_TENDENCIA_M15
[04/08] START Step Index
[04/08] END   Step Index | 0.03s | ARPS REGIME BLOCKED
    Motivo: SIN_TENDENCIA_M15
[05/08] START Step Index 200
[05/08] END   Step Index 200 | 0.03s | ARPS REGIME BLOCKED
    Motivo: ADX_M15_INSUFICIENTE
[06/08] START Step Index 300
[06/08] END   Step Index 300 | 0.04s | ARPS WAITING SETUP
    Motivo: m5_structure_break,m1_rejection,m1_follow_through
[07/08] START Step Index 400
[07/08] END   Step Index 400 | 0.03s | ARPS WAITING SETUP
    Motivo: m5_atr_regime,m5_structure_break,m5_pullback,m1_strong_close
[08/08] START Step Index 500
[08/08] END   Step Index 500 | 0.05s | ARPS WAITING SETUP
    Motivo: m5_structure_break
----------------------------------------------------------------------------------------
RESUMEN DEL CICLO #0024
Símbolos analizados: 8
Sin señal: 0
Esperando/otros: 8
Señales rechazadas: 0
Bloqueadas por estado/límites: 0
Validadas DRY RUN: 0
Nuevas órdenes: 0
Operaciones cerradas sincronizadas: 0
Errores: 0
Duración del ciclo: 0.38s
Intervalo objetivo: 30s
Próximo ciclo en: 29.62s
----------------------------------------------------------------------------------------

========================================================================================
CICLO #0025 | 2026-09-03 13:37:07 UTC | símbolos=8
========================================================================================
[01/08] START Multi Step 2 Index
[01/08] END   Multi Step 2 Index | 0.03s | ARPS REGIME BLOCKED
    Motivo: ADX_M15_INSUFICIENTE
[02/08] START Multi Step 3 Index
[02/08] END   Multi Step 3 Index | 0.04s | ARPS REGIME BLOCKED
    Motivo: ADX_M15_INSUFICIENTE
[03/08] START Multi Step 4 Index
[03/08] END   Multi Step 4 Index | 0.03s | ARPS REGIME BLOCKED
    Motivo: SIN_TENDENCIA_M15
[04/08] START Step Index
[04/08] END   Step Index | 0.03s | ARPS REGIME BLOCKED
    Motivo: SIN_TENDENCIA_M15
[05/08] START Step Index 200
[05/08] END   Step Index 200 | 0.03s | ARPS REGIME BLOCKED
    Motivo: ADX_M15_INSUFICIENTE
[06/08] START Step Index 300
[06/08] END   Step Index 300 | 0.04s | ARPS WAITING SETUP
    Motivo: m5_structure_break,m1_rejection,m1_follow_through,m1_strong_close
[07/08] START Step Index 400
[07/08] END   Step Index 400 | 0.04s | ARPS WAITING SETUP
    Motivo: m5_atr_regime,m5_structure_break,m5_pullback
[08/08] START Step Index 500
[08/08] END   Step Index 500 | 0.04s | ARPS WAITING SETUP
    Motivo: m5_structure_break,m1_rejection,m1_follow_through,m1_strong_close
----------------------------------------------------------------------------------------
RESUMEN DEL CICLO #0025
Símbolos analizados: 8
Sin señal: 0
Esperando/otros: 8
Señales rechazadas: 0
Bloqueadas por estado/límites: 0
Validadas DRY RUN: 0
Nuevas órdenes: 0
Operaciones cerradas sincronizadas: 0
Errores: 0
Duración del ciclo: 0.35s
Intervalo objetivo: 30s
Próximo ciclo en: 29.65s
----------------------------------------------------------------------------------------

========================================================================================
CICLO #0026 | 2026-09-03 13:37:37 UTC | símbolos=0
========================================================================================
----------------------------------------------------------------------------------------
RESUMEN DEL CICLO #0026
Símbolos analizados: 0
Sin señal: 0
Esperando/otros: 0
Señales rechazadas: 0
Bloqueadas por estado/límites: 0
Validadas DRY RUN: 0
Nuevas órdenes: 0
Operaciones cerradas sincronizadas: 0
Errores: 0
Duración del ciclo: 0.03s
Intervalo objetivo: 30s
Próximo ciclo en: 29.97s
----------------------------------------------------------------------------------------

========================================================================================
CICLO #0027 | 2026-09-03 13:38:07 UTC | símbolos=8
========================================================================================
[01/08] START Multi Step 2 Index
[01/08] END   Multi Step 2 Index | 0.03s | ARPS REGIME BLOCKED
    Motivo: ADX_M15_INSUFICIENTE
[02/08] START Multi Step 3 Index
[02/08] END   Multi Step 3 Index | 0.03s | ARPS REGIME BLOCKED
    Motivo: ADX_M15_INSUFICIENTE
[03/08] START Multi Step 4 Index
[03/08] END   Multi Step 4 Index | 0.03s | ARPS REGIME BLOCKED
    Motivo: SIN_TENDENCIA_M15
[04/08] START Step Index
[04/08] END   Step Index | 0.03s | ARPS REGIME BLOCKED
    Motivo: SIN_TENDENCIA_M15
[05/08] START Step Index 200
[05/08] END   Step Index 200 | 0.03s | ARPS REGIME BLOCKED
    Motivo: ADX_M15_INSUFICIENTE
[06/08] START Step Index 300
[06/08] END   Step Index 300 | 0.03s | ARPS WAITING SETUP
    Motivo: m5_structure_break,m1_rejection,m1_follow_through,m1_strong_close
[07/08] START Step Index 400
[07/08] END   Step Index 400 | 0.03s | ARPS WAITING SETUP
    Motivo: m5_atr_regime,m5_structure_break,m5_pullback,m1_rejection,m1_follow_through,m1_strong_close
[08/08] START Step Index 500
[08/08] END   Step Index 500 | 0.04s | ARPS WAITING SETUP
    Motivo: m5_structure_break,m1_rejection,m1_follow_through,m1_strong_close
----------------------------------------------------------------------------------------
RESUMEN DEL CICLO #0027
Símbolos analizados: 8
Sin señal: 0
Esperando/otros: 8
Señales rechazadas: 0
Bloqueadas por estado/límites: 0
Validadas DRY RUN: 0
Nuevas órdenes: 0
Operaciones cerradas sincronizadas: 0
Errores: 0
Duración del ciclo: 0.32s
Intervalo objetivo: 30s
Próximo ciclo en: 29.68s
----------------------------------------------------------------------------------------

========================================================================================
CICLO #0028 | 2026-09-03 13:38:37 UTC | símbolos=0
========================================================================================
----------------------------------------------------------------------------------------
RESUMEN DEL CICLO #0028
Símbolos analizados: 0
Sin señal: 0
Esperando/otros: 0
Señales rechazadas: 0
Bloqueadas por estado/límites: 0
Validadas DRY RUN: 0
Nuevas órdenes: 0
Operaciones cerradas sincronizadas: 0
Errores: 0
Duración del ciclo: 0.03s
Intervalo objetivo: 30s
Próximo ciclo en: 29.97s
----------------------------------------------------------------------------------------

========================================================================================
CICLO #0029 | 2026-09-03 13:39:07 UTC | símbolos=8
========================================================================================
[01/08] START Multi Step 2 Index
[01/08] END   Multi Step 2 Index | 0.03s | ARPS REGIME BLOCKED
    Motivo: ADX_M15_INSUFICIENTE
[02/08] START Multi Step 3 Index
[02/08] END   Multi Step 3 Index | 0.03s | ARPS REGIME BLOCKED
    Motivo: ADX_M15_INSUFICIENTE
[03/08] START Multi Step 4 Index
[03/08] END   Multi Step 4 Index | 0.03s | ARPS REGIME BLOCKED
    Motivo: SIN_TENDENCIA_M15
[04/08] START Step Index
[04/08] END   Step Index | 0.02s | ARPS REGIME BLOCKED
    Motivo: SIN_TENDENCIA_M15
[05/08] START Step Index 200
[05/08] END   Step Index 200 | 0.03s | ARPS REGIME BLOCKED
    Motivo: ADX_M15_INSUFICIENTE
[06/08] START Step Index 300
[06/08] END   Step Index 300 | 0.03s | ARPS WAITING SETUP
    Motivo: m5_structure_break,m1_rejection
[07/08] START Step Index 400
[07/08] END   Step Index 400 | 0.04s | ARPS WAITING SETUP
    Motivo: m5_atr_regime,m5_structure_break,m5_pullback,m1_follow_through,m1_strong_close
[08/08] START Step Index 500
[08/08] END   Step Index 500 | 0.03s | ARPS WAITING SETUP
    Motivo: m5_structure_break,m1_rejection
----------------------------------------------------------------------------------------
RESUMEN DEL CICLO #0029
Símbolos analizados: 8
Sin señal: 0
Esperando/otros: 8
Señales rechazadas: 0
Bloqueadas por estado/límites: 0
Validadas DRY RUN: 0
Nuevas órdenes: 0
Operaciones cerradas sincronizadas: 0
Errores: 0
Duración del ciclo: 0.30s
Intervalo objetivo: 30s
Próximo ciclo en: 29.70s
----------------------------------------------------------------------------------------

========================================================================================
CICLO #0030 | 2026-09-03 13:39:37 UTC | símbolos=0
========================================================================================
----------------------------------------------------------------------------------------
RESUMEN DEL CICLO #0030
Símbolos analizados: 0
Sin señal: 0
Esperando/otros: 0
Señales rechazadas: 0
Bloqueadas por estado/límites: 0
Validadas DRY RUN: 0
Nuevas órdenes: 0
Operaciones cerradas sincronizadas: 0
Errores: 0
Duración del ciclo: 0.03s
Intervalo objetivo: 30s
Próximo ciclo en: 29.97s
----------------------------------------------------------------------------------------

========================================================================================
CICLO #0031 | 2026-09-03 13:40:07 UTC | símbolos=8
========================================================================================
[01/08] START Multi Step 2 Index
[01/08] END   Multi Step 2 Index | 0.02s | ARPS REGIME BLOCKED
    Motivo: ADX_M15_INSUFICIENTE
[02/08] START Multi Step 3 Index
[02/08] END   Multi Step 3 Index | 0.02s | ARPS REGIME BLOCKED
    Motivo: ADX_M15_INSUFICIENTE
[03/08] START Multi Step 4 Index
[03/08] END   Multi Step 4 Index | 0.02s | ARPS REGIME BLOCKED
    Motivo: SIN_TENDENCIA_M15
[04/08] START Step Index
[04/08] END   Step Index | 0.02s | ARPS REGIME BLOCKED
    Motivo: SIN_TENDENCIA_M15
[05/08] START Step Index 200
[05/08] END   Step Index 200 | 0.02s | ARPS REGIME BLOCKED
    Motivo: ADX_M15_INSUFICIENTE
[06/08] START Step Index 300
[06/08] END   Step Index 300 | 0.03s | ARPS WAITING SETUP
    Motivo: m5_structure_break,m1_follow_through,m1_strong_close
[07/08] START Step Index 400
[07/08] END   Step Index 400 | 0.03s | ARPS WAITING SETUP
    Motivo: m5_atr_regime,m5_structure_break,m5_pullback,m1_rejection,m1_strong_close
[08/08] START Step Index 500
[08/08] END   Step Index 500 | 0.03s | ARPS WAITING SETUP
    Motivo: m5_structure_break,m1_rejection,m1_follow_through,m1_strong_close
----------------------------------------------------------------------------------------
RESUMEN DEL CICLO #0031
Símbolos analizados: 8
Sin señal: 0
Esperando/otros: 8
Señales rechazadas: 0
Bloqueadas por estado/límites: 0
Validadas DRY RUN: 0
Nuevas órdenes: 0
Operaciones cerradas sincronizadas: 0
Errores: 0
Duración del ciclo: 0.25s
Intervalo objetivo: 30s
Próximo ciclo en: 29.75s
----------------------------------------------------------------------------------------

========================================================================================
CICLO #0032 | 2026-09-03 13:40:37 UTC | símbolos=0
========================================================================================
----------------------------------------------------------------------------------------
RESUMEN DEL CICLO #0032
Símbolos analizados: 0
Sin señal: 0
Esperando/otros: 0
Señales rechazadas: 0
Bloqueadas por estado/límites: 0
Validadas DRY RUN: 0
Nuevas órdenes: 0
Operaciones cerradas sincronizadas: 0
Errores: 0
Duración del ciclo: 0.02s
Intervalo objetivo: 30s
Próximo ciclo en: 29.98s
----------------------------------------------------------------------------------------

========================================================================================
CICLO #0033 | 2026-09-03 13:41:07 UTC | símbolos=8
========================================================================================
[01/08] START Multi Step 2 Index
[01/08] END   Multi Step 2 Index | 0.02s | ARPS REGIME BLOCKED
    Motivo: ADX_M15_INSUFICIENTE
[02/08] START Multi Step 3 Index
[02/08] END   Multi Step 3 Index | 0.02s | ARPS REGIME BLOCKED
    Motivo: ADX_M15_INSUFICIENTE
[03/08] START Multi Step 4 Index
[03/08] END   Multi Step 4 Index | 0.02s | ARPS REGIME BLOCKED
    Motivo: SIN_TENDENCIA_M15
[04/08] START Step Index
[04/08] END   Step Index | 0.02s | ARPS REGIME BLOCKED
    Motivo: SIN_TENDENCIA_M15
[05/08] START Step Index 200
[05/08] END   Step Index 200 | 0.02s | ARPS REGIME BLOCKED
    Motivo: ADX_M15_INSUFICIENTE
[06/08] START Step Index 300
[06/08] END   Step Index 300 | 0.03s | ARPS WAITING SETUP
    Motivo: m5_structure_break,m1_strong_close
[07/08] START Step Index 400
[07/08] END   Step Index 400 | 0.03s | ARPS WAITING SETUP
    Motivo: m5_atr_regime,m5_structure_break,m5_pullback,m1_follow_through
[08/08] START Step Index 500
[08/08] END   Step Index 500 | 0.03s | ARPS WAITING SETUP
    Motivo: m5_structure_break,m1_rejection,m1_follow_through,m1_strong_close
----------------------------------------------------------------------------------------
RESUMEN DEL CICLO #0033
Símbolos analizados: 8
Sin señal: 0
Esperando/otros: 8
Señales rechazadas: 0
Bloqueadas por estado/límites: 0
Validadas DRY RUN: 0
Nuevas órdenes: 0
Operaciones cerradas sincronizadas: 0
Errores: 0
Duración del ciclo: 0.24s
Intervalo objetivo: 30s
Próximo ciclo en: 29.76s
----------------------------------------------------------------------------------------

========================================================================================
CICLO #0034 | 2026-09-03 13:41:37 UTC | símbolos=0
========================================================================================
----------------------------------------------------------------------------------------
RESUMEN DEL CICLO #0034
Símbolos analizados: 0
Sin señal: 0
Esperando/otros: 0
Señales rechazadas: 0
Bloqueadas por estado/límites: 0
Validadas DRY RUN: 0
Nuevas órdenes: 0
Operaciones cerradas sincronizadas: 0
Errores: 0
Duración del ciclo: 0.02s
Intervalo objetivo: 30s
Próximo ciclo en: 29.98s
----------------------------------------------------------------------------------------

========================================================================================
CICLO #0035 | 2026-09-03 13:42:07 UTC | símbolos=8
========================================================================================
[01/08] START Multi Step 2 Index
[01/08] END   Multi Step 2 Index | 0.02s | ARPS REGIME BLOCKED
    Motivo: ADX_M15_INSUFICIENTE
[02/08] START Multi Step 3 Index
[02/08] END   Multi Step 3 Index | 0.02s | ARPS REGIME BLOCKED
    Motivo: ADX_M15_INSUFICIENTE
[03/08] START Multi Step 4 Index
[03/08] END   Multi Step 4 Index | 0.02s | ARPS REGIME BLOCKED
    Motivo: SIN_TENDENCIA_M15
[04/08] START Step Index
[04/08] END   Step Index | 0.02s | ARPS REGIME BLOCKED
    Motivo: SIN_TENDENCIA_M15
[05/08] START Step Index 200
[05/08] END   Step Index 200 | 0.02s | ARPS REGIME BLOCKED
    Motivo: ADX_M15_INSUFICIENTE
[06/08] START Step Index 300
[06/08] END   Step Index 300 | 0.02s | ARPS WAITING SETUP
    Motivo: m5_structure_break,m1_follow_through
[07/08] START Step Index 400
[07/08] END   Step Index 400 | 0.02s | ARPS WAITING SETUP
    Motivo: m5_atr_regime,m5_structure_break,m5_pullback,m1_rejection,m1_strong_close
[08/08] START Step Index 500
[08/08] END   Step Index 500 | 0.02s | ARPS WAITING SETUP
    Motivo: m5_structure_break,m1_rejection,m1_follow_through
----------------------------------------------------------------------------------------
RESUMEN DEL CICLO #0035
Símbolos analizados: 8
Sin señal: 0
Esperando/otros: 8
Señales rechazadas: 0
Bloqueadas por estado/límites: 0
Validadas DRY RUN: 0
Nuevas órdenes: 0
Operaciones cerradas sincronizadas: 0
Errores: 0
Duración del ciclo: 0.23s
Intervalo objetivo: 30s
Próximo ciclo en: 29.77s
----------------------------------------------------------------------------------------

========================================================================================
CICLO #0036 | 2026-09-03 13:42:37 UTC | símbolos=0
========================================================================================
----------------------------------------------------------------------------------------
RESUMEN DEL CICLO #0036
Símbolos analizados: 0
Sin señal: 0
Esperando/otros: 0
Señales rechazadas: 0
Bloqueadas por estado/límites: 0
Validadas DRY RUN: 0
Nuevas órdenes: 0
Operaciones cerradas sincronizadas: 0
Errores: 0
Duración del ciclo: 0.02s
Intervalo objetivo: 30s
Próximo ciclo en: 29.98s
----------------------------------------------------------------------------------------

========================================================================================
CICLO #0037 | 2026-09-03 13:43:07 UTC | símbolos=8
========================================================================================
[01/08] START Multi Step 2 Index
[01/08] END   Multi Step 2 Index | 0.02s | ARPS REGIME BLOCKED
    Motivo: ADX_M15_INSUFICIENTE
[02/08] START Multi Step 3 Index
[02/08] END   Multi Step 3 Index | 0.02s | ARPS REGIME BLOCKED
    Motivo: ADX_M15_INSUFICIENTE
[03/08] START Multi Step 4 Index
[03/08] END   Multi Step 4 Index | 0.02s | ARPS REGIME BLOCKED
    Motivo: SIN_TENDENCIA_M15
[04/08] START Step Index
[04/08] END   Step Index | 0.02s | ARPS REGIME BLOCKED
    Motivo: SIN_TENDENCIA_M15
[05/08] START Step Index 200
[05/08] END   Step Index 200 | 0.03s | ARPS REGIME BLOCKED
    Motivo: ADX_M15_INSUFICIENTE
[06/08] START Step Index 300
[06/08] END   Step Index 300 | 0.03s | ARPS WAITING SETUP
    Motivo: m5_structure_break,m1_rejection,m1_follow_through,m1_strong_close
[07/08] START Step Index 400
[07/08] END   Step Index 400 | 0.03s | ARPS WAITING SETUP
    Motivo: m5_atr_regime,m5_structure_break,m5_pullback,m1_follow_through
[08/08] START Step Index 500
[08/08] END   Step Index 500 | 0.03s | ARPS WAITING SETUP
    Motivo: m5_structure_break,m1_rejection
----------------------------------------------------------------------------------------
RESUMEN DEL CICLO #0037
Símbolos analizados: 8
Sin señal: 0
Esperando/otros: 8
Señales rechazadas: 0
Bloqueadas por estado/límites: 0
Validadas DRY RUN: 0
Nuevas órdenes: 0
Operaciones cerradas sincronizadas: 0
Errores: 0
Duración del ciclo: 0.25s
Intervalo objetivo: 30s
Próximo ciclo en: 29.75s
----------------------------------------------------------------------------------------

========================================================================================
CICLO #0038 | 2026-09-03 13:43:37 UTC | símbolos=0
========================================================================================
----------------------------------------------------------------------------------------
RESUMEN DEL CICLO #0038
Símbolos analizados: 0
Sin señal: 0
Esperando/otros: 0
Señales rechazadas: 0
Bloqueadas por estado/límites: 0
Validadas DRY RUN: 0
Nuevas órdenes: 0
Operaciones cerradas sincronizadas: 0
Errores: 0
Duración del ciclo: 0.02s
Intervalo objetivo: 30s
Próximo ciclo en: 29.98s
----------------------------------------------------------------------------------------

========================================================================================
CICLO #0039 | 2026-09-03 13:44:07 UTC | símbolos=8
========================================================================================
[01/08] START Multi Step 2 Index
[01/08] END   Multi Step 2 Index | 0.02s | ARPS REGIME BLOCKED
    Motivo: ADX_M15_INSUFICIENTE
[02/08] START Multi Step 3 Index
[02/08] END   Multi Step 3 Index | 0.02s | ARPS REGIME BLOCKED
    Motivo: ADX_M15_INSUFICIENTE
[03/08] START Multi Step 4 Index
[03/08] END   Multi Step 4 Index | 0.02s | ARPS REGIME BLOCKED
    Motivo: SIN_TENDENCIA_M15
[04/08] START Step Index
[04/08] END   Step Index | 0.02s | ARPS REGIME BLOCKED
    Motivo: SIN_TENDENCIA_M15
[05/08] START Step Index 200
[05/08] END   Step Index 200 | 0.02s | ARPS REGIME BLOCKED
    Motivo: ADX_M15_INSUFICIENTE
[06/08] START Step Index 300
[06/08] END   Step Index 300 | 0.02s | ARPS WAITING SETUP
    Motivo: m5_structure_break,m1_rejection
[07/08] START Step Index 400
[07/08] END   Step Index 400 | 0.03s | ARPS WAITING SETUP
    Motivo: m5_atr_regime,m5_structure_break,m5_pullback,m1_rejection
[08/08] START Step Index 500
[08/08] END   Step Index 500 | 0.03s | ARPS WAITING SETUP
    Motivo: m5_structure_break,m1_rejection,m1_follow_through,m1_strong_close
----------------------------------------------------------------------------------------
RESUMEN DEL CICLO #0039
Símbolos analizados: 8
Sin señal: 0
Esperando/otros: 8
Señales rechazadas: 0
Bloqueadas por estado/límites: 0
Validadas DRY RUN: 0
Nuevas órdenes: 0
Operaciones cerradas sincronizadas: 0
Errores: 0
Duración del ciclo: 0.21s
Intervalo objetivo: 30s
Próximo ciclo en: 29.79s
----------------------------------------------------------------------------------------

========================================================================================
CICLO #0040 | 2026-09-03 13:44:37 UTC | símbolos=0
========================================================================================
----------------------------------------------------------------------------------------
RESUMEN DEL CICLO #0040
Símbolos analizados: 0
Sin señal: 0
Esperando/otros: 0
Señales rechazadas: 0
Bloqueadas por estado/límites: 0
Validadas DRY RUN: 0
Nuevas órdenes: 0
Operaciones cerradas sincronizadas: 0
Errores: 0
Duración del ciclo: 0.02s
Intervalo objetivo: 30s
Próximo ciclo en: 29.98s
----------------------------------------------------------------------------------------

========================================================================================
CICLO #0041 | 2026-09-03 13:45:07 UTC | símbolos=8
========================================================================================
[01/08] START Multi Step 2 Index
[01/08] END   Multi Step 2 Index | 0.03s | ARPS REGIME BLOCKED
    Motivo: ADX_M15_INSUFICIENTE
[02/08] START Multi Step 3 Index
[02/08] END   Multi Step 3 Index | 0.03s | ARPS REGIME BLOCKED
    Motivo: ADX_M15_INSUFICIENTE
[03/08] START Multi Step 4 Index
[03/08] END   Multi Step 4 Index | 0.02s | ARPS REGIME BLOCKED
    Motivo: SIN_TENDENCIA_M15
[04/08] START Step Index
[04/08] END   Step Index | 0.02s | ARPS REGIME BLOCKED
    Motivo: SIN_TENDENCIA_M15
[05/08] START Step Index 200
[05/08] END   Step Index 200 | 0.03s | ARPS REGIME BLOCKED
    Motivo: ADX_M15_INSUFICIENTE
[06/08] START Step Index 300
[06/08] END   Step Index 300 | 0.03s | ARPS WAITING SETUP
    Motivo: m5_structure_break
[07/08] START Step Index 400
[07/08] END   Step Index 400 | 0.03s | ARPS WAITING SETUP
    Motivo: m5_atr_regime,m5_structure_break,m5_pullback,m1_follow_through,m1_strong_close
[08/08] START Step Index 500
[08/08] END   Step Index 500 | 0.03s | ARPS WAITING SETUP
    Motivo: m5_structure_break,m1_follow_through
----------------------------------------------------------------------------------------
RESUMEN DEL CICLO #0041
Símbolos analizados: 8
Sin señal: 0
Esperando/otros: 8
Señales rechazadas: 0
Bloqueadas por estado/límites: 0
Validadas DRY RUN: 0
Nuevas órdenes: 0
Operaciones cerradas sincronizadas: 0
Errores: 0
Duración del ciclo: 0.26s
Intervalo objetivo: 30s
Próximo ciclo en: 29.74s
----------------------------------------------------------------------------------------

========================================================================================
CICLO #0042 | 2026-09-03 13:45:37 UTC | símbolos=0
========================================================================================
----------------------------------------------------------------------------------------
RESUMEN DEL CICLO #0042
Símbolos analizados: 0
Sin señal: 0
Esperando/otros: 0
Señales rechazadas: 0
Bloqueadas por estado/límites: 0
Validadas DRY RUN: 0
Nuevas órdenes: 0
Operaciones cerradas sincronizadas: 0
Errores: 0
Duración del ciclo: 16.47s
Intervalo objetivo: 30s
Próximo ciclo en: 13.53s
----------------------------------------------------------------------------------------

========================================================================================
CICLO #0043 | 2026-09-03 13:46:07 UTC | símbolos=8
========================================================================================
[01/08] START Multi Step 2 Index
[01/08] END   Multi Step 2 Index | 0.02s | ARPS REGIME BLOCKED
    Motivo: ADX_M15_INSUFICIENTE
[02/08] START Multi Step 3 Index
[02/08] END   Multi Step 3 Index | 0.02s | ARPS REGIME BLOCKED
    Motivo: ADX_M15_INSUFICIENTE
[03/08] START Multi Step 4 Index
[03/08] END   Multi Step 4 Index | 0.02s | ARPS REGIME BLOCKED
    Motivo: SIN_TENDENCIA_M15
[04/08] START Step Index
[04/08] END   Step Index | 0.02s | ARPS REGIME BLOCKED
    Motivo: SIN_TENDENCIA_M15
[05/08] START Step Index 200
[05/08] END   Step Index 200 | 0.02s | ARPS REGIME BLOCKED
    Motivo: ADX_M15_INSUFICIENTE
[06/08] START Step Index 300
[06/08] END   Step Index 300 | 0.03s | ARPS WAITING SETUP
    Motivo: m5_structure_break,m1_follow_through,m1_strong_close
[07/08] START Step Index 400
[07/08] END   Step Index 400 | 0.03s | ARPS WAITING SETUP
    Motivo: m5_atr_regime,m5_structure_break,m5_pullback,m1_rejection,m1_follow_through
[08/08] START Step Index 500
[08/08] END   Step Index 500 | 0.03s | ARPS WAITING SETUP
    Motivo: m5_structure_break,m1_rejection,m1_follow_through
----------------------------------------------------------------------------------------
RESUMEN DEL CICLO #0043
Símbolos analizados: 8
Sin señal: 0
Esperando/otros: 8
Señales rechazadas: 0
Bloqueadas por estado/límites: 0
Validadas DRY RUN: 0
Nuevas órdenes: 0
Operaciones cerradas sincronizadas: 0
Errores: 0
Duración del ciclo: 0.26s
Intervalo objetivo: 30s
Próximo ciclo en: 29.74s
----------------------------------------------------------------------------------------

========================================================================================
CICLO #0044 | 2026-09-03 13:46:37 UTC | símbolos=0
========================================================================================
----------------------------------------------------------------------------------------
RESUMEN DEL CICLO #0044
Símbolos analizados: 0
Sin señal: 0
Esperando/otros: 0
Señales rechazadas: 0
Bloqueadas por estado/límites: 0
Validadas DRY RUN: 0
Nuevas órdenes: 0
Operaciones cerradas sincronizadas: 0
Errores: 0
Duración del ciclo: 0.02s
Intervalo objetivo: 30s
Próximo ciclo en: 29.98s
----------------------------------------------------------------------------------------

========================================================================================
CICLO #0045 | 2026-09-03 13:47:07 UTC | símbolos=8
========================================================================================
[01/08] START Multi Step 2 Index
[01/08] END   Multi Step 2 Index | 0.02s | ARPS REGIME BLOCKED
    Motivo: ADX_M15_INSUFICIENTE
[02/08] START Multi Step 3 Index
[02/08] END   Multi Step 3 Index | 0.02s | ARPS REGIME BLOCKED
    Motivo: ADX_M15_INSUFICIENTE
[03/08] START Multi Step 4 Index
[03/08] END   Multi Step 4 Index | 0.02s | ARPS REGIME BLOCKED
    Motivo: SIN_TENDENCIA_M15
[04/08] START Step Index
[04/08] END   Step Index | 0.02s | ARPS REGIME BLOCKED
    Motivo: SIN_TENDENCIA_M15
[05/08] START Step Index 200
[05/08] END   Step Index 200 | 0.02s | ARPS REGIME BLOCKED
    Motivo: ADX_M15_INSUFICIENTE
[06/08] START Step Index 300
[06/08] END   Step Index 300 | 0.02s | ARPS WAITING SETUP
    Motivo: m5_structure_break,m1_rejection
[07/08] START Step Index 400
[07/08] END   Step Index 400 | 0.03s | ARPS WAITING SETUP
    Motivo: m5_atr_regime,m5_structure_break,m5_pullback,m1_rejection,m1_follow_through
[08/08] START Step Index 500
[08/08] END   Step Index 500 | 0.03s | ARPS WAITING SETUP
    Motivo: m5_structure_break,m1_rejection,m1_follow_through
----------------------------------------------------------------------------------------
RESUMEN DEL CICLO #0045
Símbolos analizados: 8
Sin señal: 0
Esperando/otros: 8
Señales rechazadas: 0
Bloqueadas por estado/límites: 0
Validadas DRY RUN: 0
Nuevas órdenes: 0
Operaciones cerradas sincronizadas: 0
Errores: 0
Duración del ciclo: 0.24s
Intervalo objetivo: 30s
Próximo ciclo en: 29.76s
----------------------------------------------------------------------------------------

========================================================================================
CICLO #0046 | 2026-09-03 13:47:37 UTC | símbolos=0
========================================================================================
----------------------------------------------------------------------------------------
RESUMEN DEL CICLO #0046
Símbolos analizados: 0
Sin señal: 0
Esperando/otros: 0
Señales rechazadas: 0
Bloqueadas por estado/límites: 0
Validadas DRY RUN: 0
Nuevas órdenes: 0
Operaciones cerradas sincronizadas: 0
Errores: 0
Duración del ciclo: 0.02s
Intervalo objetivo: 30s
Próximo ciclo en: 29.98s
----------------------------------------------------------------------------------------

========================================================================================
CICLO #0047 | 2026-09-03 13:48:07 UTC | símbolos=8
========================================================================================
[01/08] START Multi Step 2 Index
[01/08] END   Multi Step 2 Index | 0.02s | ARPS REGIME BLOCKED
    Motivo: ADX_M15_INSUFICIENTE
[02/08] START Multi Step 3 Index
[02/08] END   Multi Step 3 Index | 0.02s | ARPS REGIME BLOCKED
    Motivo: ADX_M15_INSUFICIENTE
[03/08] START Multi Step 4 Index
[03/08] END   Multi Step 4 Index | 0.02s | ARPS REGIME BLOCKED
    Motivo: SIN_TENDENCIA_M15
[04/08] START Step Index
[04/08] END   Step Index | 0.02s | ARPS REGIME BLOCKED
    Motivo: SIN_TENDENCIA_M15
[05/08] START Step Index 200
[05/08] END   Step Index 200 | 0.02s | ARPS REGIME BLOCKED
    Motivo: ADX_M15_INSUFICIENTE
[06/08] START Step Index 300
[06/08] END   Step Index 300 | 0.03s | ARPS WAITING SETUP
    Motivo: m5_structure_break,m1_rejection,m1_follow_through
[07/08] START Step Index 400
[07/08] END   Step Index 400 | 0.03s | ARPS WAITING SETUP
    Motivo: m5_atr_regime,m5_structure_break,m5_pullback,m1_rejection,m1_follow_through
[08/08] START Step Index 500
[08/08] END   Step Index 500 | 0.02s | ARPS WAITING SETUP
    Motivo: m5_structure_break,m1_rejection,m1_follow_through,m1_strong_close
----------------------------------------------------------------------------------------
RESUMEN DEL CICLO #0047
Símbolos analizados: 8
Sin señal: 0
Esperando/otros: 8
Señales rechazadas: 0
Bloqueadas por estado/límites: 0
Validadas DRY RUN: 0
Nuevas órdenes: 0
Operaciones cerradas sincronizadas: 0
Errores: 0
Duración del ciclo: 0.23s
Intervalo objetivo: 30s
Próximo ciclo en: 29.77s
----------------------------------------------------------------------------------------

========================================================================================
CICLO #0048 | 2026-09-03 13:48:37 UTC | símbolos=0
========================================================================================
----------------------------------------------------------------------------------------
RESUMEN DEL CICLO #0048
Símbolos analizados: 0
Sin señal: 0
Esperando/otros: 0
Señales rechazadas: 0
Bloqueadas por estado/límites: 0
Validadas DRY RUN: 0
Nuevas órdenes: 0
Operaciones cerradas sincronizadas: 0
Errores: 0
Duración del ciclo: 0.02s
Intervalo objetivo: 30s
Próximo ciclo en: 29.98s
----------------------------------------------------------------------------------------

========================================================================================
CICLO #0049 | 2026-09-03 13:49:07 UTC | símbolos=8
========================================================================================
[01/08] START Multi Step 2 Index
[01/08] END   Multi Step 2 Index | 0.02s | ARPS REGIME BLOCKED
    Motivo: ADX_M15_INSUFICIENTE
[02/08] START Multi Step 3 Index
[02/08] END   Multi Step 3 Index | 0.02s | ARPS REGIME BLOCKED
    Motivo: ADX_M15_INSUFICIENTE
[03/08] START Multi Step 4 Index
[03/08] END   Multi Step 4 Index | 0.02s | ARPS REGIME BLOCKED
    Motivo: SIN_TENDENCIA_M15
[04/08] START Step Index
[04/08] END   Step Index | 0.02s | ARPS REGIME BLOCKED
    Motivo: SIN_TENDENCIA_M15
[05/08] START Step Index 200
[05/08] END   Step Index 200 | 0.02s | ARPS REGIME BLOCKED
    Motivo: ADX_M15_INSUFICIENTE
[06/08] START Step Index 300
[06/08] END   Step Index 300 | 0.03s | ARPS WAITING SETUP
    Motivo: m5_structure_break,m1_rejection
[07/08] START Step Index 400
[07/08] END   Step Index 400 | 0.03s | ARPS WAITING SETUP
    Motivo: m5_atr_regime,m5_structure_break,m5_pullback,m1_rejection
[08/08] START Step Index 500
[08/08] END   Step Index 500 | 0.03s | ARPS WAITING SETUP
    Motivo: m5_structure_break,m1_rejection
----------------------------------------------------------------------------------------
RESUMEN DEL CICLO #0049
Símbolos analizados: 8
Sin señal: 0
Esperando/otros: 8
Señales rechazadas: 0
Bloqueadas por estado/límites: 0
Validadas DRY RUN: 0
Nuevas órdenes: 0
Operaciones cerradas sincronizadas: 0
Errores: 0
Duración del ciclo: 0.24s
Intervalo objetivo: 30s
Próximo ciclo en: 29.76s
----------------------------------------------------------------------------------------

========================================================================================
CICLO #0050 | 2026-09-03 13:49:37 UTC | símbolos=0
========================================================================================
----------------------------------------------------------------------------------------
RESUMEN DEL CICLO #0050
Símbolos analizados: 0
Sin señal: 0
Esperando/otros: 0
Señales rechazadas: 0
Bloqueadas por estado/límites: 0
Validadas DRY RUN: 0
Nuevas órdenes: 0
Operaciones cerradas sincronizadas: 0
Errores: 0
Duración del ciclo: 0.02s
Intervalo objetivo: 30s
Próximo ciclo en: 29.98s
----------------------------------------------------------------------------------------

========================================================================================
CICLO #0051 | 2026-09-03 13:50:07 UTC | símbolos=8
========================================================================================
[01/08] START Multi Step 2 Index
[01/08] END   Multi Step 2 Index | 0.03s | ARPS REGIME BLOCKED
    Motivo: ADX_M15_INSUFICIENTE
[02/08] START Multi Step 3 Index
[02/08] END   Multi Step 3 Index | 0.03s | ARPS REGIME BLOCKED
    Motivo: ADX_M15_INSUFICIENTE
[03/08] START Multi Step 4 Index
[03/08] END   Multi Step 4 Index | 0.04s | ARPS REGIME BLOCKED
    Motivo: SIN_TENDENCIA_M15
[04/08] START Step Index
[04/08] END   Step Index | 0.04s | ARPS REGIME BLOCKED
    Motivo: SIN_TENDENCIA_M15
[05/08] START Step Index 200
[05/08] END   Step Index 200 | 0.03s | ARPS REGIME BLOCKED
    Motivo: ADX_M15_INSUFICIENTE
[06/08] START Step Index 300
[06/08] END   Step Index 300 | 0.04s | ARPS WAITING SETUP
    Motivo: m5_structure_break,m1_rejection,m1_strong_close
[07/08] START Step Index 400
[07/08] END   Step Index 400 | 0.04s | ARPS WAITING SETUP
    Motivo: m5_atr_regime,m5_structure_break,m5_pullback,m1_follow_through
[08/08] START Step Index 500
[08/08] END   Step Index 500 | 0.03s | ARPS WAITING SETUP
    Motivo: m5_structure_break,m1_follow_through
----------------------------------------------------------------------------------------
RESUMEN DEL CICLO #0051
Símbolos analizados: 8
Sin señal: 0
Esperando/otros: 8
Señales rechazadas: 0
Bloqueadas por estado/límites: 0
Validadas DRY RUN: 0
Nuevas órdenes: 0
Operaciones cerradas sincronizadas: 0
Errores: 0
Duración del ciclo: 0.34s
Intervalo objetivo: 30s
Próximo ciclo en: 29.66s
----------------------------------------------------------------------------------------

========================================================================================
CICLO #0052 | 2026-09-03 13:50:37 UTC | símbolos=0
========================================================================================
----------------------------------------------------------------------------------------
RESUMEN DEL CICLO #0052
Símbolos analizados: 0
Sin señal: 0
Esperando/otros: 0
Señales rechazadas: 0
Bloqueadas por estado/límites: 0
Validadas DRY RUN: 0
Nuevas órdenes: 0
Operaciones cerradas sincronizadas: 0
Errores: 0
Duración del ciclo: 0.02s
Intervalo objetivo: 30s
Próximo ciclo en: 29.98s
----------------------------------------------------------------------------------------

========================================================================================
CICLO #0053 | 2026-09-03 13:51:07 UTC | símbolos=8
========================================================================================
[01/08] START Multi Step 2 Index
[01/08] END   Multi Step 2 Index | 0.03s | ARPS REGIME BLOCKED
    Motivo: ADX_M15_INSUFICIENTE
[02/08] START Multi Step 3 Index
[02/08] END   Multi Step 3 Index | 0.02s | ARPS REGIME BLOCKED
    Motivo: ADX_M15_INSUFICIENTE
[03/08] START Multi Step 4 Index
[03/08] END   Multi Step 4 Index | 0.02s | ARPS REGIME BLOCKED
    Motivo: SIN_TENDENCIA_M15
[04/08] START Step Index
[04/08] END   Step Index | 0.02s | ARPS REGIME BLOCKED
    Motivo: SIN_TENDENCIA_M15
[05/08] START Step Index 200
[05/08] END   Step Index 200 | 0.02s | ARPS REGIME BLOCKED
    Motivo: ADX_M15_INSUFICIENTE
[06/08] START Step Index 300
[06/08] END   Step Index 300 | 0.02s | ARPS WAITING SETUP
    Motivo: m5_structure_break,m1_follow_through,m1_strong_close
[07/08] START Step Index 400
[07/08] END   Step Index 400 | 0.03s | ARPS WAITING SETUP
    Motivo: m5_atr_regime,m5_structure_break,m5_pullback,m1_rejection
[08/08] START Step Index 500
[08/08] END   Step Index 500 | 0.03s | ARPS WAITING SETUP
    Motivo: m5_structure_break,m1_rejection
----------------------------------------------------------------------------------------
RESUMEN DEL CICLO #0053
Símbolos analizados: 8
Sin señal: 0
Esperando/otros: 8
Señales rechazadas: 0
Bloqueadas por estado/límites: 0
Validadas DRY RUN: 0
Nuevas órdenes: 0
Operaciones cerradas sincronizadas: 0
Errores: 0
Duración del ciclo: 0.24s
Intervalo objetivo: 30s
Próximo ciclo en: 29.76s
----------------------------------------------------------------------------------------

========================================================================================
CICLO #0054 | 2026-09-03 13:51:37 UTC | símbolos=0
========================================================================================
----------------------------------------------------------------------------------------
RESUMEN DEL CICLO #0054
Símbolos analizados: 0
Sin señal: 0
Esperando/otros: 0
Señales rechazadas: 0
Bloqueadas por estado/límites: 0
Validadas DRY RUN: 0
Nuevas órdenes: 0
Operaciones cerradas sincronizadas: 0
Errores: 0
Duración del ciclo: 0.03s
Intervalo objetivo: 30s
Próximo ciclo en: 29.97s
----------------------------------------------------------------------------------------

========================================================================================
CICLO #0055 | 2026-09-03 13:52:07 UTC | símbolos=8
========================================================================================
[01/08] START Multi Step 2 Index
[01/08] END   Multi Step 2 Index | 0.02s | ARPS REGIME BLOCKED
    Motivo: ADX_M15_INSUFICIENTE
[02/08] START Multi Step 3 Index
[02/08] END   Multi Step 3 Index | 0.02s | ARPS REGIME BLOCKED
    Motivo: ADX_M15_INSUFICIENTE
[03/08] START Multi Step 4 Index
[03/08] END   Multi Step 4 Index | 0.02s | ARPS REGIME BLOCKED
    Motivo: SIN_TENDENCIA_M15
[04/08] START Step Index
[04/08] END   Step Index | 0.02s | ARPS REGIME BLOCKED
    Motivo: SIN_TENDENCIA_M15
[05/08] START Step Index 200
[05/08] END   Step Index 200 | 0.02s | ARPS REGIME BLOCKED
    Motivo: ADX_M15_INSUFICIENTE
[06/08] START Step Index 300
[06/08] END   Step Index 300 | 0.03s | ARPS WAITING SETUP
    Motivo: m5_structure_break
[07/08] START Step Index 400
[07/08] END   Step Index 400 | 0.03s | ARPS WAITING SETUP
    Motivo: m5_atr_regime,m5_structure_break,m5_pullback,m1_rejection,m1_follow_through,m1_strong_close
[08/08] START Step Index 500
[08/08] END   Step Index 500 | 0.03s | ARPS WAITING SETUP
    Motivo: m5_structure_break,m1_follow_through,m1_strong_close
----------------------------------------------------------------------------------------
RESUMEN DEL CICLO #0055
Símbolos analizados: 8
Sin señal: 0
Esperando/otros: 8
Señales rechazadas: 0
Bloqueadas por estado/límites: 0
Validadas DRY RUN: 0
Nuevas órdenes: 0
Operaciones cerradas sincronizadas: 0
Errores: 0
Duración del ciclo: 0.27s
Intervalo objetivo: 30s
Próximo ciclo en: 29.73s
----------------------------------------------------------------------------------------

========================================================================================
CICLO #0056 | 2026-09-03 13:52:37 UTC | símbolos=0
========================================================================================
----------------------------------------------------------------------------------------
RESUMEN DEL CICLO #0056
Símbolos analizados: 0
Sin señal: 0
Esperando/otros: 0
Señales rechazadas: 0
Bloqueadas por estado/límites: 0
Validadas DRY RUN: 0
Nuevas órdenes: 0
Operaciones cerradas sincronizadas: 0
Errores: 0
Duración del ciclo: 0.03s
Intervalo objetivo: 30s
Próximo ciclo en: 29.97s
----------------------------------------------------------------------------------------

========================================================================================
CICLO #0057 | 2026-09-03 13:53:07 UTC | símbolos=8
========================================================================================
[01/08] START Multi Step 2 Index
[01/08] END   Multi Step 2 Index | 0.02s | ARPS REGIME BLOCKED
    Motivo: ADX_M15_INSUFICIENTE
[02/08] START Multi Step 3 Index
[02/08] END   Multi Step 3 Index | 0.02s | ARPS REGIME BLOCKED
    Motivo: ADX_M15_INSUFICIENTE
[03/08] START Multi Step 4 Index
[03/08] END   Multi Step 4 Index | 0.02s | ARPS REGIME BLOCKED
    Motivo: SIN_TENDENCIA_M15
[04/08] START Step Index
[04/08] END   Step Index | 0.02s | ARPS REGIME BLOCKED
    Motivo: SIN_TENDENCIA_M15
[05/08] START Step Index 200
[05/08] END   Step Index 200 | 0.02s | ARPS REGIME BLOCKED
    Motivo: ADX_M15_INSUFICIENTE
[06/08] START Step Index 300
[06/08] END   Step Index 300 | 0.02s | ARPS WAITING SETUP
    Motivo: m5_structure_break,m1_rejection,m1_follow_through,m1_strong_close
[07/08] START Step Index 400
[07/08] END   Step Index 400 | 0.02s | ARPS WAITING SETUP
    Motivo: m5_atr_regime,m5_structure_break,m5_pullback,m1_rejection
[08/08] START Step Index 500
[08/08] END   Step Index 500 | 0.03s | ARPS WAITING SETUP
    Motivo: m5_structure_break,m1_rejection,m1_follow_through
----------------------------------------------------------------------------------------
RESUMEN DEL CICLO #0057
Símbolos analizados: 8
Sin señal: 0
Esperando/otros: 8
Señales rechazadas: 0
Bloqueadas por estado/límites: 0
Validadas DRY RUN: 0
Nuevas órdenes: 0
Operaciones cerradas sincronizadas: 0
Errores: 0
Duración del ciclo: 0.23s
Intervalo objetivo: 30s
Próximo ciclo en: 29.77s
----------------------------------------------------------------------------------------

========================================================================================
CICLO #0058 | 2026-09-03 13:53:37 UTC | símbolos=0
========================================================================================
----------------------------------------------------------------------------------------
RESUMEN DEL CICLO #0058
Símbolos analizados: 0
Sin señal: 0
Esperando/otros: 0
Señales rechazadas: 0
Bloqueadas por estado/límites: 0
Validadas DRY RUN: 0
Nuevas órdenes: 0
Operaciones cerradas sincronizadas: 0
Errores: 0
Duración del ciclo: 0.02s
Intervalo objetivo: 30s
Próximo ciclo en: 29.98s
----------------------------------------------------------------------------------------

========================================================================================
CICLO #0059 | 2026-09-03 13:54:07 UTC | símbolos=8
========================================================================================
[01/08] START Multi Step 2 Index
[01/08] END   Multi Step 2 Index | 0.02s | ARPS REGIME BLOCKED
    Motivo: ADX_M15_INSUFICIENTE
[02/08] START Multi Step 3 Index
[02/08] END   Multi Step 3 Index | 0.02s | ARPS REGIME BLOCKED
    Motivo: ADX_M15_INSUFICIENTE
[03/08] START Multi Step 4 Index
[03/08] END   Multi Step 4 Index | 0.02s | ARPS REGIME BLOCKED
    Motivo: SIN_TENDENCIA_M15
[04/08] START Step Index
[04/08] END   Step Index | 0.02s | ARPS REGIME BLOCKED
    Motivo: SIN_TENDENCIA_M15
[05/08] START Step Index 200
[05/08] END   Step Index 200 | 0.02s | ARPS REGIME BLOCKED
    Motivo: ADX_M15_INSUFICIENTE
[06/08] START Step Index 300
[06/08] END   Step Index 300 | 0.02s | ARPS WAITING SETUP
    Motivo: m5_structure_break,m1_rejection,m1_strong_close
[07/08] START Step Index 400
[07/08] END   Step Index 400 | 0.03s | ARPS WAITING SETUP
    Motivo: m5_atr_regime,m5_structure_break,m5_pullback,m1_rejection
[08/08] START Step Index 500
[08/08] END   Step Index 500 | 0.03s | ARPS WAITING SETUP
    Motivo: m5_structure_break,m1_rejection,m1_follow_through,m1_strong_close
----------------------------------------------------------------------------------------
RESUMEN DEL CICLO #0059
Símbolos analizados: 8
Sin señal: 0
Esperando/otros: 8
Señales rechazadas: 0
Bloqueadas por estado/límites: 0
Validadas DRY RUN: 0
Nuevas órdenes: 0
Operaciones cerradas sincronizadas: 0
Errores: 0
Duración del ciclo: 0.21s
Intervalo objetivo: 30s
Próximo ciclo en: 29.79s
----------------------------------------------------------------------------------------

========================================================================================
CICLO #0060 | 2026-09-03 13:54:37 UTC | símbolos=0
========================================================================================
----------------------------------------------------------------------------------------
RESUMEN DEL CICLO #0060
Símbolos analizados: 0
Sin señal: 0
Esperando/otros: 0
Señales rechazadas: 0
Bloqueadas por estado/límites: 0
Validadas DRY RUN: 0
Nuevas órdenes: 0
Operaciones cerradas sincronizadas: 0
Errores: 0
Duración del ciclo: 0.02s
Intervalo objetivo: 30s
Próximo ciclo en: 29.98s
----------------------------------------------------------------------------------------

========================================================================================
CICLO #0061 | 2026-09-03 13:55:07 UTC | símbolos=8
========================================================================================
[01/08] START Multi Step 2 Index
[01/08] END   Multi Step 2 Index | 0.02s | ARPS REGIME BLOCKED
    Motivo: ADX_M15_INSUFICIENTE
[02/08] START Multi Step 3 Index
[02/08] END   Multi Step 3 Index | 0.02s | ARPS REGIME BLOCKED
    Motivo: ADX_M15_INSUFICIENTE
[03/08] START Multi Step 4 Index
[03/08] END   Multi Step 4 Index | 0.03s | ARPS REGIME BLOCKED
    Motivo: SIN_TENDENCIA_M15
[04/08] START Step Index
[04/08] END   Step Index | 0.03s | ARPS REGIME BLOCKED
    Motivo: SIN_TENDENCIA_M15
[05/08] START Step Index 200
[05/08] END   Step Index 200 | 0.03s | ARPS REGIME BLOCKED
    Motivo: ADX_M15_INSUFICIENTE
[06/08] START Step Index 300
[06/08] END   Step Index 300 | 0.03s | ARPS WAITING SETUP
    Motivo: m5_structure_break,m1_follow_through
[07/08] START Step Index 400
[07/08] END   Step Index 400 | 0.03s | ARPS WAITING SETUP
    Motivo: m5_atr_regime,m5_structure_break,m5_pullback,m1_rejection
[08/08] START Step Index 500
[08/08] END   Step Index 500 | 0.03s | ARPS WAITING SETUP
    Motivo: m5_structure_break,m1_rejection
----------------------------------------------------------------------------------------
RESUMEN DEL CICLO #0061
Símbolos analizados: 8
Sin señal: 0
Esperando/otros: 8
Señales rechazadas: 0
Bloqueadas por estado/límites: 0
Validadas DRY RUN: 0
Nuevas órdenes: 0
Operaciones cerradas sincronizadas: 0
Errores: 0
Duración del ciclo: 0.27s
Intervalo objetivo: 30s
Próximo ciclo en: 29.73s
----------------------------------------------------------------------------------------

========================================================================================
CICLO #0062 | 2026-09-03 13:55:37 UTC | símbolos=0
========================================================================================
----------------------------------------------------------------------------------------
RESUMEN DEL CICLO #0062
Símbolos analizados: 0
Sin señal: 0
Esperando/otros: 0
Señales rechazadas: 0
Bloqueadas por estado/límites: 0
Validadas DRY RUN: 0
Nuevas órdenes: 0
Operaciones cerradas sincronizadas: 0
Errores: 0
Duración del ciclo: 0.02s
Intervalo objetivo: 30s
Próximo ciclo en: 29.98s
----------------------------------------------------------------------------------------

========================================================================================
CICLO #0063 | 2026-09-03 13:56:07 UTC | símbolos=8
========================================================================================
[01/08] START Multi Step 2 Index
[01/08] END   Multi Step 2 Index | 0.02s | ARPS REGIME BLOCKED
    Motivo: ADX_M15_INSUFICIENTE
[02/08] START Multi Step 3 Index
[02/08] END   Multi Step 3 Index | 0.02s | ARPS REGIME BLOCKED
    Motivo: ADX_M15_INSUFICIENTE
[03/08] START Multi Step 4 Index
[03/08] END   Multi Step 4 Index | 0.02s | ARPS REGIME BLOCKED
    Motivo: SIN_TENDENCIA_M15
[04/08] START Step Index
[04/08] END   Step Index | 0.02s | ARPS REGIME BLOCKED
    Motivo: SIN_TENDENCIA_M15
[05/08] START Step Index 200
[05/08] END   Step Index 200 | 0.02s | ARPS REGIME BLOCKED
    Motivo: ADX_M15_INSUFICIENTE
[06/08] START Step Index 300
[06/08] END   Step Index 300 | 0.02s | ARPS WAITING SETUP
    Motivo: m5_structure_break,m1_rejection
[07/08] START Step Index 400
[07/08] END   Step Index 400 | 0.02s | ARPS WAITING SETUP
    Motivo: m5_atr_regime,m5_structure_break,m5_pullback,m1_rejection
[08/08] START Step Index 500
[08/08] END   Step Index 500 | 0.03s | ARPS WAITING SETUP
    Motivo: m5_structure_break,m1_rejection,m1_follow_through,m1_strong_close
----------------------------------------------------------------------------------------
RESUMEN DEL CICLO #0063
Símbolos analizados: 8
Sin señal: 0
Esperando/otros: 8
Señales rechazadas: 0
Bloqueadas por estado/límites: 0
Validadas DRY RUN: 0
Nuevas órdenes: 0
Operaciones cerradas sincronizadas: 0
Errores: 0
Duración del ciclo: 0.20s
Intervalo objetivo: 30s
Próximo ciclo en: 29.80s
----------------------------------------------------------------------------------------

========================================================================================
CICLO #0064 | 2026-09-03 13:56:37 UTC | símbolos=0
========================================================================================
----------------------------------------------------------------------------------------
RESUMEN DEL CICLO #0064
Símbolos analizados: 0
Sin señal: 0
Esperando/otros: 0
Señales rechazadas: 0
Bloqueadas por estado/límites: 0
Validadas DRY RUN: 0
Nuevas órdenes: 0
Operaciones cerradas sincronizadas: 0
Errores: 0
Duración del ciclo: 0.02s
Intervalo objetivo: 30s
Próximo ciclo en: 29.98s
----------------------------------------------------------------------------------------

========================================================================================
CICLO #0065 | 2026-09-03 13:57:07 UTC | símbolos=8
========================================================================================
[01/08] START Multi Step 2 Index
[01/08] END   Multi Step 2 Index | 0.02s | ARPS REGIME BLOCKED
    Motivo: ADX_M15_INSUFICIENTE
[02/08] START Multi Step 3 Index
[02/08] END   Multi Step 3 Index | 0.02s | ARPS REGIME BLOCKED
    Motivo: ADX_M15_INSUFICIENTE
[03/08] START Multi Step 4 Index
[03/08] END   Multi Step 4 Index | 0.02s | ARPS REGIME BLOCKED
    Motivo: SIN_TENDENCIA_M15
[04/08] START Step Index
[04/08] END   Step Index | 0.02s | ARPS REGIME BLOCKED
    Motivo: SIN_TENDENCIA_M15
[05/08] START Step Index 200
[05/08] END   Step Index 200 | 0.02s | ARPS REGIME BLOCKED
    Motivo: ADX_M15_INSUFICIENTE
[06/08] START Step Index 300
[06/08] END   Step Index 300 | 0.03s | ARPS WAITING SETUP
    Motivo: m5_structure_break,m1_rejection,m1_follow_through
[07/08] START Step Index 400
[07/08] END   Step Index 400 | 0.03s | ARPS WAITING SETUP
    Motivo: m5_atr_regime,m5_structure_break,m5_pullback,m1_rejection
[08/08] START Step Index 500
[08/08] END   Step Index 500 | 0.02s | ARPS WAITING SETUP
    Motivo: m5_structure_break,m1_rejection
----------------------------------------------------------------------------------------
RESUMEN DEL CICLO #0065
Símbolos analizados: 8
Sin señal: 0
Esperando/otros: 8
Señales rechazadas: 0
Bloqueadas por estado/límites: 0
Validadas DRY RUN: 0
Nuevas órdenes: 0
Operaciones cerradas sincronizadas: 0
Errores: 0
Duración del ciclo: 0.22s
Intervalo objetivo: 30s
Próximo ciclo en: 29.78s
----------------------------------------------------------------------------------------

========================================================================================
CICLO #0066 | 2026-09-03 13:57:37 UTC | símbolos=0
========================================================================================
----------------------------------------------------------------------------------------
RESUMEN DEL CICLO #0066
Símbolos analizados: 0
Sin señal: 0
Esperando/otros: 0
Señales rechazadas: 0
Bloqueadas por estado/límites: 0
Validadas DRY RUN: 0
Nuevas órdenes: 0
Operaciones cerradas sincronizadas: 0
Errores: 0
Duración del ciclo: 0.02s
Intervalo objetivo: 30s
Próximo ciclo en: 29.98s
----------------------------------------------------------------------------------------

========================================================================================
CICLO #0067 | 2026-09-03 13:58:07 UTC | símbolos=8
========================================================================================
[01/08] START Multi Step 2 Index
[01/08] END   Multi Step 2 Index | 0.02s | ARPS REGIME BLOCKED
    Motivo: ADX_M15_INSUFICIENTE
[02/08] START Multi Step 3 Index
[02/08] END   Multi Step 3 Index | 0.02s | ARPS REGIME BLOCKED
    Motivo: ADX_M15_INSUFICIENTE
[03/08] START Multi Step 4 Index
[03/08] END   Multi Step 4 Index | 0.02s | ARPS REGIME BLOCKED
    Motivo: SIN_TENDENCIA_M15
[04/08] START Step Index
[04/08] END   Step Index | 0.02s | ARPS REGIME BLOCKED
    Motivo: SIN_TENDENCIA_M15
[05/08] START Step Index 200
[05/08] END   Step Index 200 | 0.02s | ARPS REGIME BLOCKED
    Motivo: ADX_M15_INSUFICIENTE
[06/08] START Step Index 300
[06/08] END   Step Index 300 | 0.02s | ARPS WAITING SETUP
    Motivo: m5_structure_break,m1_rejection,m1_follow_through
[07/08] START Step Index 400
[07/08] END   Step Index 400 | 0.02s | ARPS WAITING SETUP
    Motivo: m5_atr_regime,m5_structure_break,m5_pullback,m1_rejection,m1_strong_close
[08/08] START Step Index 500
[08/08] END   Step Index 500 | 0.03s | ARPS WAITING SETUP
    Motivo: m5_structure_break,m1_follow_through,m1_strong_close
----------------------------------------------------------------------------------------
RESUMEN DEL CICLO #0067
Símbolos analizados: 8
Sin señal: 0
Esperando/otros: 8
Señales rechazadas: 0
Bloqueadas por estado/límites: 0
Validadas DRY RUN: 0
Nuevas órdenes: 0
Operaciones cerradas sincronizadas: 0
Errores: 0
Duración del ciclo: 0.22s
Intervalo objetivo: 30s
Próximo ciclo en: 29.78s
----------------------------------------------------------------------------------------

========================================================================================
CICLO #0068 | 2026-09-03 13:58:37 UTC | símbolos=0
========================================================================================
----------------------------------------------------------------------------------------
RESUMEN DEL CICLO #0068
Símbolos analizados: 0
Sin señal: 0
Esperando/otros: 0
Señales rechazadas: 0
Bloqueadas por estado/límites: 0
Validadas DRY RUN: 0
Nuevas órdenes: 0
Operaciones cerradas sincronizadas: 0
Errores: 0
Duración del ciclo: 0.02s
Intervalo objetivo: 30s
Próximo ciclo en: 29.98s
----------------------------------------------------------------------------------------

========================================================================================
CICLO #0069 | 2026-09-03 13:59:07 UTC | símbolos=8
========================================================================================
[01/08] START Multi Step 2 Index
[01/08] END   Multi Step 2 Index | 0.02s | ARPS REGIME BLOCKED
    Motivo: ADX_M15_INSUFICIENTE
[02/08] START Multi Step 3 Index
[02/08] END   Multi Step 3 Index | 0.02s | ARPS REGIME BLOCKED
    Motivo: ADX_M15_INSUFICIENTE
[03/08] START Multi Step 4 Index
[03/08] END   Multi Step 4 Index | 0.02s | ARPS REGIME BLOCKED
    Motivo: SIN_TENDENCIA_M15
[04/08] START Step Index
[04/08] END   Step Index | 0.02s | ARPS REGIME BLOCKED
    Motivo: SIN_TENDENCIA_M15
[05/08] START Step Index 200
[05/08] END   Step Index 200 | 0.02s | ARPS REGIME BLOCKED
    Motivo: ADX_M15_INSUFICIENTE
[06/08] START Step Index 300
[06/08] END   Step Index 300 | 0.03s | ARPS WAITING SETUP
    Motivo: m5_structure_break,m1_rejection,m1_follow_through
[07/08] START Step Index 400
[07/08] END   Step Index 400 | 0.02s | ARPS WAITING SETUP
    Motivo: m5_atr_regime,m5_structure_break,m5_pullback,m1_follow_through
[08/08] START Step Index 500
[08/08] END   Step Index 500 | 0.02s | ARPS WAITING SETUP
    Motivo: m5_structure_break,m1_rejection
----------------------------------------------------------------------------------------
RESUMEN DEL CICLO #0069
Símbolos analizados: 8
Sin señal: 0
Esperando/otros: 8
Señales rechazadas: 0
Bloqueadas por estado/límites: 0
Validadas DRY RUN: 0
Nuevas órdenes: 0
Operaciones cerradas sincronizadas: 0
Errores: 0
Duración del ciclo: 0.22s
Intervalo objetivo: 30s
Próximo ciclo en: 29.78s
----------------------------------------------------------------------------------------

========================================================================================
CICLO #0070 | 2026-09-03 13:59:37 UTC | símbolos=0
========================================================================================
----------------------------------------------------------------------------------------
RESUMEN DEL CICLO #0070
Símbolos analizados: 0
Sin señal: 0
Esperando/otros: 0
Señales rechazadas: 0
Bloqueadas por estado/límites: 0
Validadas DRY RUN: 0
Nuevas órdenes: 0
Operaciones cerradas sincronizadas: 0
Errores: 0
Duración del ciclo: 0.03s
Intervalo objetivo: 30s
Próximo ciclo en: 29.97s
----------------------------------------------------------------------------------------

========================================================================================
CICLO #0071 | 2026-09-03 14:00:07 UTC | símbolos=8
========================================================================================
[01/08] START Multi Step 2 Index
[01/08] END   Multi Step 2 Index | 0.03s | ARPS REGIME BLOCKED
    Motivo: ADX_M15_INSUFICIENTE
[02/08] START Multi Step 3 Index
[02/08] END   Multi Step 3 Index | 0.03s | ARPS REGIME BLOCKED
    Motivo: ADX_M15_INSUFICIENTE
[03/08] START Multi Step 4 Index
[03/08] END   Multi Step 4 Index | 0.02s | ARPS REGIME BLOCKED
    Motivo: SIN_TENDENCIA_M15
[04/08] START Step Index
[04/08] END   Step Index | 0.03s | ARPS REGIME BLOCKED
    Motivo: SIN_TENDENCIA_M15
[05/08] START Step Index 200
[05/08] END   Step Index 200 | 0.03s | ARPS REGIME BLOCKED
    Motivo: ADX_M15_INSUFICIENTE
[06/08] START Step Index 300
[06/08] END   Step Index 300 | 0.03s | ARPS WAITING SETUP
    Motivo: m5_structure_break,m1_rejection,m1_follow_through
[07/08] START Step Index 400
[07/08] END   Step Index 400 | 0.05s | ARPS WAITING SETUP
    Motivo: m5_atr_regime,m5_structure_break,m5_pullback,m1_rejection,m1_follow_through,m1_strong_close
[08/08] START Step Index 500
[08/08] END   Step Index 500 | 0.03s | ARPS WAITING SETUP
    Motivo: m5_structure_break,m1_strong_close
----------------------------------------------------------------------------------------
RESUMEN DEL CICLO #0071
Símbolos analizados: 8
Sin señal: 0
Esperando/otros: 8
Señales rechazadas: 0
Bloqueadas por estado/límites: 0
Validadas DRY RUN: 0
Nuevas órdenes: 0
Operaciones cerradas sincronizadas: 0
Errores: 0
Duración del ciclo: 0.29s
Intervalo objetivo: 30s
Próximo ciclo en: 29.71s
----------------------------------------------------------------------------------------

========================================================================================
CICLO #0072 | 2026-09-03 14:00:37 UTC | símbolos=0
========================================================================================
----------------------------------------------------------------------------------------
RESUMEN DEL CICLO #0072
Símbolos analizados: 0
Sin señal: 0
Esperando/otros: 0
Señales rechazadas: 0
Bloqueadas por estado/límites: 0
Validadas DRY RUN: 0
Nuevas órdenes: 0
Operaciones cerradas sincronizadas: 0
Errores: 0
Duración del ciclo: 0.03s
Intervalo objetivo: 30s
Próximo ciclo en: 29.97s
----------------------------------------------------------------------------------------

========================================================================================
CICLO #0073 | 2026-09-03 14:01:07 UTC | símbolos=8
========================================================================================
[01/08] START Multi Step 2 Index
[01/08] END   Multi Step 2 Index | 0.02s | ARPS REGIME BLOCKED
    Motivo: ADX_M15_INSUFICIENTE
[02/08] START Multi Step 3 Index
[02/08] END   Multi Step 3 Index | 0.02s | ARPS REGIME BLOCKED
    Motivo: ADX_M15_INSUFICIENTE
[03/08] START Multi Step 4 Index
[03/08] END   Multi Step 4 Index | 0.02s | ARPS REGIME BLOCKED
    Motivo: SIN_TENDENCIA_M15
[04/08] START Step Index
[04/08] END   Step Index | 0.02s | ARPS REGIME BLOCKED
    Motivo: SIN_TENDENCIA_M15
[05/08] START Step Index 200
[05/08] END   Step Index 200 | 0.02s | ARPS REGIME BLOCKED
    Motivo: ADX_M15_INSUFICIENTE
[06/08] START Step Index 300
[06/08] END   Step Index 300 | 0.02s | ARPS WAITING SETUP
    Motivo: m5_structure_break,m1_rejection,m1_follow_through,m1_strong_close
[07/08] START Step Index 400
[07/08] END   Step Index 400 | 0.02s | ARPS WAITING SETUP
    Motivo: m5_atr_regime,m5_structure_break,m5_pullback,m1_rejection,m1_follow_through
[08/08] START Step Index 500
[08/08] END   Step Index 500 | 0.02s | ARPS WAITING SETUP
    Motivo: m5_structure_break
----------------------------------------------------------------------------------------
RESUMEN DEL CICLO #0073
Símbolos analizados: 8
Sin señal: 0
Esperando/otros: 8
Señales rechazadas: 0
Bloqueadas por estado/límites: 0
Validadas DRY RUN: 0
Nuevas órdenes: 0
Operaciones cerradas sincronizadas: 0
Errores: 0
Duración del ciclo: 0.18s
Intervalo objetivo: 30s
Próximo ciclo en: 29.82s
----------------------------------------------------------------------------------------

========================================================================================
CICLO #0074 | 2026-09-03 14:01:37 UTC | símbolos=0
========================================================================================
----------------------------------------------------------------------------------------
RESUMEN DEL CICLO #0074
Símbolos analizados: 0
Sin señal: 0
Esperando/otros: 0
Señales rechazadas: 0
Bloqueadas por estado/límites: 0
Validadas DRY RUN: 0
Nuevas órdenes: 0
Operaciones cerradas sincronizadas: 0
Errores: 0
Duración del ciclo: 0.02s
Intervalo objetivo: 30s
Próximo ciclo en: 29.98s
----------------------------------------------------------------------------------------

========================================================================================
CICLO #0075 | 2026-09-03 14:02:07 UTC | símbolos=8
========================================================================================
[01/08] START Multi Step 2 Index
[01/08] END   Multi Step 2 Index | 0.02s | ARPS REGIME BLOCKED
    Motivo: ADX_M15_INSUFICIENTE
[02/08] START Multi Step 3 Index
[02/08] END   Multi Step 3 Index | 0.02s | ARPS REGIME BLOCKED
    Motivo: ADX_M15_INSUFICIENTE
[03/08] START Multi Step 4 Index
[03/08] END   Multi Step 4 Index | 0.02s | ARPS REGIME BLOCKED
    Motivo: SIN_TENDENCIA_M15
[04/08] START Step Index
[04/08] END   Step Index | 0.02s | ARPS REGIME BLOCKED
    Motivo: SIN_TENDENCIA_M15
[05/08] START Step Index 200
[05/08] END   Step Index 200 | 0.02s | ARPS REGIME BLOCKED
    Motivo: ADX_M15_INSUFICIENTE
[06/08] START Step Index 300
[06/08] END   Step Index 300 | 0.02s | ARPS WAITING SETUP
    Motivo: m5_structure_break,m1_follow_through,m1_strong_close
[07/08] START Step Index 400
[07/08] END   Step Index 400 | 0.02s | ARPS WAITING SETUP
    Motivo: m5_atr_regime,m5_structure_break,m5_pullback,m1_rejection,m1_strong_close
[08/08] START Step Index 500
[08/08] END   Step Index 500 | 0.03s | ARPS WAITING SETUP
    Motivo: m5_structure_break
----------------------------------------------------------------------------------------
RESUMEN DEL CICLO #0075
Símbolos analizados: 8
Sin señal: 0
Esperando/otros: 8
Señales rechazadas: 0
Bloqueadas por estado/límites: 0
Validadas DRY RUN: 0
Nuevas órdenes: 0
Operaciones cerradas sincronizadas: 0
Errores: 0
Duración del ciclo: 0.20s
Intervalo objetivo: 30s
Próximo ciclo en: 29.80s
----------------------------------------------------------------------------------------

========================================================================================
CICLO #0076 | 2026-09-03 14:02:37 UTC | símbolos=0
========================================================================================
----------------------------------------------------------------------------------------
RESUMEN DEL CICLO #0076
Símbolos analizados: 0
Sin señal: 0
Esperando/otros: 0
Señales rechazadas: 0
Bloqueadas por estado/límites: 0
Validadas DRY RUN: 0
Nuevas órdenes: 0
Operaciones cerradas sincronizadas: 0
Errores: 0
Duración del ciclo: 0.02s
Intervalo objetivo: 30s
Próximo ciclo en: 29.98s
----------------------------------------------------------------------------------------

========================================================================================
CICLO #0077 | 2026-09-03 14:03:07 UTC | símbolos=8
========================================================================================
[01/08] START Multi Step 2 Index
[01/08] END   Multi Step 2 Index | 0.03s | ARPS REGIME BLOCKED
    Motivo: ADX_M15_INSUFICIENTE
[02/08] START Multi Step 3 Index
[02/08] END   Multi Step 3 Index | 0.02s | ARPS REGIME BLOCKED
    Motivo: ADX_M15_INSUFICIENTE
[03/08] START Multi Step 4 Index
[03/08] END   Multi Step 4 Index | 0.02s | ARPS REGIME BLOCKED
    Motivo: SIN_TENDENCIA_M15
[04/08] START Step Index
[04/08] END   Step Index | 0.02s | ARPS REGIME BLOCKED
    Motivo: SIN_TENDENCIA_M15
[05/08] START Step Index 200
[05/08] END   Step Index 200 | 0.02s | ARPS REGIME BLOCKED
    Motivo: ADX_M15_INSUFICIENTE
[06/08] START Step Index 300
[06/08] END   Step Index 300 | 0.02s | ARPS WAITING SETUP
    Motivo: m5_structure_break,m1_rejection,m1_strong_close
[07/08] START Step Index 400
[07/08] END   Step Index 400 | 0.03s | ARPS WAITING SETUP
    Motivo: m5_atr_regime,m5_structure_break,m5_pullback
[08/08] START Step Index 500
[08/08] END   Step Index 500 | 0.03s | ARPS WAITING SETUP
    Motivo: m5_structure_break,m1_follow_through
----------------------------------------------------------------------------------------
RESUMEN DEL CICLO #0077
Símbolos analizados: 8
Sin señal: 0
Esperando/otros: 8
Señales rechazadas: 0
Bloqueadas por estado/límites: 0
Validadas DRY RUN: 0
Nuevas órdenes: 0
Operaciones cerradas sincronizadas: 0
Errores: 0
Duración del ciclo: 0.25s
Intervalo objetivo: 30s
Próximo ciclo en: 29.75s
----------------------------------------------------------------------------------------

========================================================================================
CICLO #0078 | 2026-09-03 14:03:37 UTC | símbolos=0
========================================================================================
----------------------------------------------------------------------------------------
RESUMEN DEL CICLO #0078
Símbolos analizados: 0
Sin señal: 0
Esperando/otros: 0
Señales rechazadas: 0
Bloqueadas por estado/límites: 0
Validadas DRY RUN: 0
Nuevas órdenes: 0
Operaciones cerradas sincronizadas: 0
Errores: 0
Duración del ciclo: 0.02s
Intervalo objetivo: 30s
Próximo ciclo en: 29.98s
----------------------------------------------------------------------------------------

========================================================================================
CICLO #0079 | 2026-09-03 14:04:07 UTC | símbolos=8
========================================================================================
[01/08] START Multi Step 2 Index
[01/08] END   Multi Step 2 Index | 0.02s | ARPS REGIME BLOCKED
    Motivo: ADX_M15_INSUFICIENTE
[02/08] START Multi Step 3 Index
[02/08] END   Multi Step 3 Index | 0.02s | ARPS REGIME BLOCKED
    Motivo: ADX_M15_INSUFICIENTE
[03/08] START Multi Step 4 Index
[03/08] END   Multi Step 4 Index | 0.02s | ARPS REGIME BLOCKED
    Motivo: SIN_TENDENCIA_M15
[04/08] START Step Index
[04/08] END   Step Index | 0.02s | ARPS REGIME BLOCKED
    Motivo: SIN_TENDENCIA_M15
[05/08] START Step Index 200
[05/08] END   Step Index 200 | 0.02s | ARPS REGIME BLOCKED
    Motivo: ADX_M15_INSUFICIENTE
[06/08] START Step Index 300
[06/08] END   Step Index 300 | 0.02s | ARPS WAITING SETUP
    Motivo: m5_structure_break
[07/08] START Step Index 400
[07/08] END   Step Index 400 | 0.02s | ARPS WAITING SETUP
    Motivo: m5_atr_regime,m5_structure_break,m5_pullback,m1_rejection,m1_follow_through
[08/08] START Step Index 500
[08/08] END   Step Index 500 | 0.02s | ARPS WAITING SETUP
    Motivo: m5_structure_break,m1_rejection,m1_follow_through
----------------------------------------------------------------------------------------
RESUMEN DEL CICLO #0079
Símbolos analizados: 8
Sin señal: 0
Esperando/otros: 8
Señales rechazadas: 0
Bloqueadas por estado/límites: 0
Validadas DRY RUN: 0
Nuevas órdenes: 0
Operaciones cerradas sincronizadas: 0
Errores: 0
Duración del ciclo: 0.21s
Intervalo objetivo: 30s
Próximo ciclo en: 29.79s
----------------------------------------------------------------------------------------

========================================================================================
CICLO #0080 | 2026-09-03 14:04:37 UTC | símbolos=0
========================================================================================
----------------------------------------------------------------------------------------
RESUMEN DEL CICLO #0080
Símbolos analizados: 0
Sin señal: 0
Esperando/otros: 0
Señales rechazadas: 0
Bloqueadas por estado/límites: 0
Validadas DRY RUN: 0
Nuevas órdenes: 0
Operaciones cerradas sincronizadas: 0
Errores: 0
Duración del ciclo: 0.02s
Intervalo objetivo: 30s
Próximo ciclo en: 29.98s
----------------------------------------------------------------------------------------

========================================================================================
CICLO #0081 | 2026-09-03 14:05:07 UTC | símbolos=8
========================================================================================
[01/08] START Multi Step 2 Index
[01/08] END   Multi Step 2 Index | 0.03s | ARPS REGIME BLOCKED
    Motivo: ADX_M15_INSUFICIENTE
[02/08] START Multi Step 3 Index
[02/08] END   Multi Step 3 Index | 0.03s | ARPS REGIME BLOCKED
    Motivo: ADX_M15_INSUFICIENTE
[03/08] START Multi Step 4 Index
[03/08] END   Multi Step 4 Index | 0.03s | ARPS REGIME BLOCKED
    Motivo: SIN_TENDENCIA_M15
[04/08] START Step Index
[04/08] END   Step Index | 0.04s | ARPS REGIME BLOCKED
    Motivo: SIN_TENDENCIA_M15
[05/08] START Step Index 200
[05/08] END   Step Index 200 | 0.03s | ARPS REGIME BLOCKED
    Motivo: ADX_M15_INSUFICIENTE
[06/08] START Step Index 300
[06/08] END   Step Index 300 | 0.04s | ARPS WAITING SETUP
    Motivo: m5_structure_break,m1_follow_through
[07/08] START Step Index 400
[07/08] END   Step Index 400 | 0.03s | ARPS WAITING SETUP
    Motivo: m5_atr_regime,m5_structure_break,m5_pullback,m1_rejection,m1_follow_through
[08/08] START Step Index 500
[08/08] END   Step Index 500 | 0.04s | ARPS WAITING SETUP
    Motivo: m1_rejection
----------------------------------------------------------------------------------------
RESUMEN DEL CICLO #0081
Símbolos analizados: 8
Sin señal: 0
Esperando/otros: 8
Señales rechazadas: 0
Bloqueadas por estado/límites: 0
Validadas DRY RUN: 0
Nuevas órdenes: 0
Operaciones cerradas sincronizadas: 0
Errores: 0
Duración del ciclo: 0.33s
Intervalo objetivo: 30s
Próximo ciclo en: 29.67s
----------------------------------------------------------------------------------------

========================================================================================
CICLO #0082 | 2026-09-03 14:05:37 UTC | símbolos=0
========================================================================================
----------------------------------------------------------------------------------------
RESUMEN DEL CICLO #0082
Símbolos analizados: 0
Sin señal: 0
Esperando/otros: 0
Señales rechazadas: 0
Bloqueadas por estado/límites: 0
Validadas DRY RUN: 0
Nuevas órdenes: 0
Operaciones cerradas sincronizadas: 0
Errores: 0
Duración del ciclo: 0.02s
Intervalo objetivo: 30s
Próximo ciclo en: 29.98s
----------------------------------------------------------------------------------------

========================================================================================
CICLO #0083 | 2026-09-03 14:06:07 UTC | símbolos=8
========================================================================================
[01/08] START Multi Step 2 Index
[01/08] END   Multi Step 2 Index | 0.02s | ARPS REGIME BLOCKED
    Motivo: ADX_M15_INSUFICIENTE
[02/08] START Multi Step 3 Index
[02/08] END   Multi Step 3 Index | 0.02s | ARPS REGIME BLOCKED
    Motivo: ADX_M15_INSUFICIENTE
[03/08] START Multi Step 4 Index
[03/08] END   Multi Step 4 Index | 0.02s | ARPS REGIME BLOCKED
    Motivo: SIN_TENDENCIA_M15
[04/08] START Step Index
[04/08] END   Step Index | 0.02s | ARPS REGIME BLOCKED
    Motivo: SIN_TENDENCIA_M15
[05/08] START Step Index 200
[05/08] END   Step Index 200 | 0.02s | ARPS REGIME BLOCKED
    Motivo: ADX_M15_INSUFICIENTE
[06/08] START Step Index 300
[06/08] END   Step Index 300 | 0.02s | ARPS WAITING SETUP
    Motivo: m5_structure_break,m1_rejection
[07/08] START Step Index 400
[07/08] END   Step Index 400 | 0.02s | ARPS WAITING SETUP
    Motivo: m5_atr_regime,m5_structure_break,m5_pullback,m1_rejection
[08/08] START Step Index 500
[08/08] END   Step Index 500 | 0.02s | ARPS WAITING SETUP
    Motivo: m1_rejection,m1_follow_through,m1_strong_close
----------------------------------------------------------------------------------------
RESUMEN DEL CICLO #0083
Símbolos analizados: 8
Sin señal: 0
Esperando/otros: 8
Señales rechazadas: 0
Bloqueadas por estado/límites: 0
Validadas DRY RUN: 0
Nuevas órdenes: 0
Operaciones cerradas sincronizadas: 0
Errores: 0
Duración del ciclo: 0.19s
Intervalo objetivo: 30s
Próximo ciclo en: 29.81s
----------------------------------------------------------------------------------------

========================================================================================
CICLO #0084 | 2026-09-03 14:06:37 UTC | símbolos=0
========================================================================================
----------------------------------------------------------------------------------------
RESUMEN DEL CICLO #0084
Símbolos analizados: 0
Sin señal: 0
Esperando/otros: 0
Señales rechazadas: 0
Bloqueadas por estado/límites: 0
Validadas DRY RUN: 0
Nuevas órdenes: 0
Operaciones cerradas sincronizadas: 0
Errores: 0
Duración del ciclo: 0.02s
Intervalo objetivo: 30s
Próximo ciclo en: 29.98s
----------------------------------------------------------------------------------------

========================================================================================
CICLO #0085 | 2026-09-03 14:07:07 UTC | símbolos=8
========================================================================================
[01/08] START Multi Step 2 Index
[01/08] END   Multi Step 2 Index | 0.02s | ARPS REGIME BLOCKED
    Motivo: ADX_M15_INSUFICIENTE
[02/08] START Multi Step 3 Index
[02/08] END   Multi Step 3 Index | 0.03s | ARPS REGIME BLOCKED
    Motivo: ADX_M15_INSUFICIENTE
[03/08] START Multi Step 4 Index
[03/08] END   Multi Step 4 Index | 0.02s | ARPS REGIME BLOCKED
    Motivo: SIN_TENDENCIA_M15
[04/08] START Step Index
[04/08] END   Step Index | 0.02s | ARPS REGIME BLOCKED
    Motivo: SIN_TENDENCIA_M15
[05/08] START Step Index 200
[05/08] END   Step Index 200 | 0.03s | ARPS REGIME BLOCKED
    Motivo: ADX_M15_INSUFICIENTE
[06/08] START Step Index 300
[06/08] END   Step Index 300 | 0.03s | ARPS WAITING SETUP
    Motivo: m5_structure_break,m1_rejection,m1_follow_through,m1_strong_close
[07/08] START Step Index 400
[07/08] END   Step Index 400 | 0.03s | ARPS WAITING SETUP
    Motivo: m5_atr_regime,m5_structure_break,m5_pullback,m1_rejection,m1_follow_through
[08/08] START Step Index 500
[08/08] END   Step Index 500 | 0.03s | ARPS WAITING SETUP
    Motivo: m1_rejection,m1_follow_through,m1_strong_close
----------------------------------------------------------------------------------------
RESUMEN DEL CICLO #0085
Símbolos analizados: 8
Sin señal: 0
Esperando/otros: 8
Señales rechazadas: 0
Bloqueadas por estado/límites: 0
Validadas DRY RUN: 0
Nuevas órdenes: 0
Operaciones cerradas sincronizadas: 0
Errores: 0
Duración del ciclo: 0.25s
Intervalo objetivo: 30s
Próximo ciclo en: 29.75s
----------------------------------------------------------------------------------------

========================================================================================
CICLO #0086 | 2026-09-03 14:07:37 UTC | símbolos=0
========================================================================================
----------------------------------------------------------------------------------------
RESUMEN DEL CICLO #0086
Símbolos analizados: 0
Sin señal: 0
Esperando/otros: 0
Señales rechazadas: 0
Bloqueadas por estado/límites: 0
Validadas DRY RUN: 0
Nuevas órdenes: 0
Operaciones cerradas sincronizadas: 0
Errores: 0
Duración del ciclo: 0.02s
Intervalo objetivo: 30s
Próximo ciclo en: 29.98s
----------------------------------------------------------------------------------------

========================================================================================
CICLO #0087 | 2026-09-03 14:08:07 UTC | símbolos=8
========================================================================================
[01/08] START Multi Step 2 Index
[01/08] END   Multi Step 2 Index | 0.02s | ARPS REGIME BLOCKED
    Motivo: ADX_M15_INSUFICIENTE
[02/08] START Multi Step 3 Index
[02/08] END   Multi Step 3 Index | 0.02s | ARPS REGIME BLOCKED
    Motivo: ADX_M15_INSUFICIENTE
[03/08] START Multi Step 4 Index
[03/08] END   Multi Step 4 Index | 0.02s | ARPS REGIME BLOCKED
    Motivo: SIN_TENDENCIA_M15
[04/08] START Step Index
[04/08] END   Step Index | 0.02s | ARPS REGIME BLOCKED
    Motivo: SIN_TENDENCIA_M15
[05/08] START Step Index 200
[05/08] END   Step Index 200 | 0.02s | ARPS REGIME BLOCKED
    Motivo: ADX_M15_INSUFICIENTE
[06/08] START Step Index 300
[06/08] END   Step Index 300 | 0.02s | ARPS WAITING SETUP
    Motivo: m5_structure_break,m1_follow_through,m1_strong_close
[07/08] START Step Index 400
[07/08] END   Step Index 400 | 0.03s | ARPS WAITING SETUP
    Motivo: m5_atr_regime,m5_structure_break,m5_pullback,m1_rejection,m1_follow_through,m1_strong_close
[08/08] START Step Index 500
[08/08] END   Step Index 500 | 0.03s | ARPS WAITING SETUP
    Motivo: m1_rejection,m1_follow_through,m1_strong_close
----------------------------------------------------------------------------------------
RESUMEN DEL CICLO #0087
Símbolos analizados: 8
Sin señal: 0
Esperando/otros: 8
Señales rechazadas: 0
Bloqueadas por estado/límites: 0
Validadas DRY RUN: 0
Nuevas órdenes: 0
Operaciones cerradas sincronizadas: 0
Errores: 0
Duración del ciclo: 0.24s
Intervalo objetivo: 30s
Próximo ciclo en: 29.76s
----------------------------------------------------------------------------------------

========================================================================================
CICLO #0088 | 2026-09-03 14:08:37 UTC | símbolos=0
========================================================================================
----------------------------------------------------------------------------------------
RESUMEN DEL CICLO #0088
Símbolos analizados: 0
Sin señal: 0
Esperando/otros: 0
Señales rechazadas: 0
Bloqueadas por estado/límites: 0
Validadas DRY RUN: 0
Nuevas órdenes: 0
Operaciones cerradas sincronizadas: 0
Errores: 0
Duración del ciclo: 0.02s
Intervalo objetivo: 30s
Próximo ciclo en: 29.98s
----------------------------------------------------------------------------------------

========================================================================================
CICLO #0089 | 2026-09-03 14:09:07 UTC | símbolos=8
========================================================================================
[01/08] START Multi Step 2 Index
[01/08] END   Multi Step 2 Index | 0.02s | ARPS REGIME BLOCKED
    Motivo: ADX_M15_INSUFICIENTE
[02/08] START Multi Step 3 Index
[02/08] END   Multi Step 3 Index | 0.02s | ARPS REGIME BLOCKED
    Motivo: ADX_M15_INSUFICIENTE
[03/08] START Multi Step 4 Index
[03/08] END   Multi Step 4 Index | 0.02s | ARPS REGIME BLOCKED
    Motivo: SIN_TENDENCIA_M15
[04/08] START Step Index
[04/08] END   Step Index | 0.02s | ARPS REGIME BLOCKED
    Motivo: SIN_TENDENCIA_M15
[05/08] START Step Index 200
[05/08] END   Step Index 200 | 0.02s | ARPS REGIME BLOCKED
    Motivo: ADX_M15_INSUFICIENTE
[06/08] START Step Index 300
[06/08] END   Step Index 300 | 0.03s | ARPS WAITING SETUP
    Motivo: m5_structure_break,m1_rejection,m1_follow_through
[07/08] START Step Index 400
[07/08] END   Step Index 400 | 0.03s | ARPS WAITING SETUP
    Motivo: m5_atr_regime,m5_structure_break,m5_pullback,m1_follow_through,m1_strong_close
[08/08] START Step Index 500
[08/08] END   Step Index 500 | 0.03s | ARPS WAITING SETUP
    Motivo: m1_follow_through
----------------------------------------------------------------------------------------
RESUMEN DEL CICLO #0089
Símbolos analizados: 8
Sin señal: 0
Esperando/otros: 8
Señales rechazadas: 0
Bloqueadas por estado/límites: 0
Validadas DRY RUN: 0
Nuevas órdenes: 0
Operaciones cerradas sincronizadas: 0
Errores: 0
Duración del ciclo: 0.25s
Intervalo objetivo: 30s
Próximo ciclo en: 29.75s
----------------------------------------------------------------------------------------

========================================================================================
CICLO #0090 | 2026-09-03 14:09:37 UTC | símbolos=0
========================================================================================
----------------------------------------------------------------------------------------
RESUMEN DEL CICLO #0090
Símbolos analizados: 0
Sin señal: 0
Esperando/otros: 0
Señales rechazadas: 0
Bloqueadas por estado/límites: 0
Validadas DRY RUN: 0
Nuevas órdenes: 0
Operaciones cerradas sincronizadas: 0
Errores: 0
Duración del ciclo: 0.02s
Intervalo objetivo: 30s
Próximo ciclo en: 29.98s
----------------------------------------------------------------------------------------

========================================================================================
CICLO #0091 | 2026-09-03 14:10:07 UTC | símbolos=8
========================================================================================
[01/08] START Multi Step 2 Index
[01/08] END   Multi Step 2 Index | 0.03s | ARPS REGIME BLOCKED
    Motivo: ADX_M15_INSUFICIENTE
[02/08] START Multi Step 3 Index
[02/08] END   Multi Step 3 Index | 0.03s | ARPS REGIME BLOCKED
    Motivo: ADX_M15_INSUFICIENTE
[03/08] START Multi Step 4 Index
[03/08] END   Multi Step 4 Index | 0.03s | ARPS REGIME BLOCKED
    Motivo: SIN_TENDENCIA_M15
[04/08] START Step Index
[04/08] END   Step Index | 0.03s | ARPS REGIME BLOCKED
    Motivo: SIN_TENDENCIA_M15
[05/08] START Step Index 200
[05/08] END   Step Index 200 | 0.04s | ARPS REGIME BLOCKED
    Motivo: ADX_M15_INSUFICIENTE
[06/08] START Step Index 300
[06/08] END   Step Index 300 | 0.03s | ARPS WAITING SETUP
    Motivo: m5_structure_break,m1_rejection,m1_follow_through
[07/08] START Step Index 400
[07/08] END   Step Index 400 | 0.03s | ARPS WAITING SETUP
    Motivo: m5_atr_regime,m5_structure_break,m5_pullback,m1_rejection,m1_follow_through,m1_strong_close
[08/08] START Step Index 500
[08/08] END   Step Index 500 | 0.03s | ARPS WAITING SETUP
    Motivo: m1_rejection,m1_follow_through,m1_strong_close
----------------------------------------------------------------------------------------
RESUMEN DEL CICLO #0091
Símbolos analizados: 8
Sin señal: 0
Esperando/otros: 8
Señales rechazadas: 0
Bloqueadas por estado/límites: 0
Validadas DRY RUN: 0
Nuevas órdenes: 0
Operaciones cerradas sincronizadas: 0
Errores: 0
Duración del ciclo: 0.31s
Intervalo objetivo: 30s
Próximo ciclo en: 29.69s
----------------------------------------------------------------------------------------

========================================================================================
CICLO #0092 | 2026-09-03 14:10:37 UTC | símbolos=0
========================================================================================
----------------------------------------------------------------------------------------
RESUMEN DEL CICLO #0092
Símbolos analizados: 0
Sin señal: 0
Esperando/otros: 0
Señales rechazadas: 0
Bloqueadas por estado/límites: 0
Validadas DRY RUN: 0
Nuevas órdenes: 0
Operaciones cerradas sincronizadas: 0
Errores: 0
Duración del ciclo: 0.02s
Intervalo objetivo: 30s
Próximo ciclo en: 29.98s
----------------------------------------------------------------------------------------
Bot detenido por el usuario.
========================================================================
DERIV DEMO EXECUTION PREFLIGHT
========================================================================
[OK] MT5_ACCOUNT_INFO {'login': 41108926, 'server': 'Deriv-Demo', 'currency': 'USD', 'balance': 9986.48, 'equity': 9953.55, 'margin': 43.51, 'free_margin': 9910.04, 'profit': -32.93, 'leverage': 1000, 'trade_mode': 0, 'snapshot_time': datetime.datetime(2026, 9, 3, 14, 12, 13, 848818, tzinfo=datetime.timezone.utc), 'broker': 'MT5'}
[OK] MT5_TERMINAL_CONNECTED {'trade_allowed': True, 'tradeapi_disabled': False}
[OK] MT5_AUTOTRADING_ALLOWED {'trade_allowed': True, 'tradeapi_disabled': False}
[OK] DEMO_ACCOUNT {'trade_mode': 0, 'server': 'Deriv-Demo'}
[OK] FREE_MARGIN {'free_margin': 9910.04, 'required': 0.0}
[OK] DATABASE_READY {}
[OK] SYMBOL:Multi Step 2 Index {'visible': True, 'trade_mode': 4, 'volume_min': 0.1, 'volume_step': 0.01, 'point': 0.01, 'stops_level_points': 96}
[OK] SYMBOL:Multi Step 3 Index {'visible': True, 'trade_mode': 4, 'volume_min': 0.1, 'volume_step': 0.01, 'point': 0.01, 'stops_level_points': 60}
[OK] SYMBOL:Multi Step 4 Index {'visible': True, 'trade_mode': 4, 'volume_min': 0.1, 'volume_step': 0.01, 'point': 0.01, 'stops_level_points': 109}
[OK] SYMBOL:Skew Step Index 4 Down {'visible': True, 'trade_mode': 4, 'volume_min': 0.1, 'volume_step': 0.01, 'point': 0.1, 'stops_level_points': 200}
[OK] SYMBOL:Skew Step Index 4 Up {'visible': True, 'trade_mode': 4, 'volume_min': 0.1, 'volume_step': 0.01, 'point': 0.1, 'stops_level_points': 200}
[OK] SYMBOL:Skew Step Index 5 Down {'visible': True, 'trade_mode': 4, 'volume_min': 0.1, 'volume_step': 0.01, 'point': 0.1, 'stops_level_points': 200}
[OK] SYMBOL:Skew Step Index 5 Up {'visible': True, 'trade_mode': 4, 'volume_min': 0.1, 'volume_step': 0.01, 'point': 0.1, 'stops_level_points': 200}
[OK] SYMBOL:Step Index {'visible': True, 'trade_mode': 4, 'volume_min': 0.1, 'volume_step': 0.01, 'point': 0.1, 'stops_level_points': 8}
[OK] SYMBOL:Step Index 200 {'visible': True, 'trade_mode': 4, 'volume_min': 0.1, 'volume_step': 0.01, 'point': 0.1, 'stops_level_points': 11}
[OK] SYMBOL:Step Index 300 {'visible': True, 'trade_mode': 4, 'volume_min': 0.1, 'volume_step': 0.01, 'point': 0.1, 'stops_level_points': 9}
[OK] SYMBOL:Step Index 400 {'visible': True, 'trade_mode': 4, 'volume_min': 0.1, 'volume_step': 0.01, 'point': 0.1, 'stops_level_points': 12}
[OK] SYMBOL:Step Index 500 {'visible': True, 'trade_mode': 4, 'volume_min': 0.1, 'volume_step': 0.01, 'point': 0.1, 'stops_level_points': 20}
========================================================================
STATUS: READY FOR DEMO EXECUTION
DAEMONBLACKFX VERSION: v100-entry-quality-recoverable-quarantine-winrate-audit
BOT ACTIVO: SCALP_STEP | MAGIC=26082304 | ESTRATEGIA=ARPS_SYNTHETIC_SCALPER | instrumentos=12 | auto_export=False
========================================================================================
BOT SMC MT5 - DERIV DEMO
========================================================================================
Cuenta: 41108926 | Servidor: Deriv-Demo
Balance: 9986.48 USD
Modo: EJECUCIÓN DEMO
Riesgo por trade: 0.25% | R:R mínimo: 1.50
Intervalo: 30s | Símbolos: 12
Reporte XLSX: C:\TradingBoot\smc_synthetic_bot\storage\exports\deriv_demo_trading_report.xlsx
Pipeline: SMC -> TradeLifecycleManager -> MT5TradeExecutor -> SQLite -> XLSX
========================================================================================
Daemon activo: señales=30s | monitor posiciones/BE=2s | símbolos=12
Progreso: se mostrará cada símbolo y su tiempo de análisis.
{'action': 'POSITION_MONITOR_STARTED', 'signal_interval_seconds': 30, 'position_monitor_interval_seconds': 2, 'monitor_mode': 'BACKGROUND_DECOUPLED'}

========================================================================================
CICLO #0001 | 2026-09-03 14:12:28 UTC | símbolos=8
========================================================================================
[01/08] START Multi Step 2 Index
[01/08] END   Multi Step 2 Index | 2.37s | ARPS REGIME BLOCKED
    Motivo: ADX_M15_INSUFICIENTE
[02/08] START Multi Step 3 Index
[02/08] END   Multi Step 3 Index | 1.36s | ARPS REGIME BLOCKED
    Motivo: ADX_M15_INSUFICIENTE
[03/08] START Multi Step 4 Index
[03/08] END   Multi Step 4 Index | 1.43s | ARPS REGIME BLOCKED
    Motivo: SIN_TENDENCIA_M15
[04/08] START Step Index
[04/08] END   Step Index | 0.49s | ARPS REGIME BLOCKED
    Motivo: SIN_TENDENCIA_M15
[05/08] START Step Index 200
[05/08] END   Step Index 200 | 0.41s | ARPS REGIME BLOCKED
    Motivo: ADX_M15_INSUFICIENTE
[06/08] START Step Index 300
[06/08] END   Step Index 300 | 0.54s | ARPS WAITING SETUP
    Motivo: m5_structure_break,m1_rejection
[07/08] START Step Index 400
[07/08] END   Step Index 400 | 0.64s | ARPS WAITING SETUP
    Motivo: m5_atr_regime,m5_structure_break,m5_pullback,m1_rejection,m1_strong_close
[08/08] START Step Index 500
[08/08] END   Step Index 500 | 1.62s | ARPS WAITING SETUP
    Motivo: m1_rejection
----------------------------------------------------------------------------------------
RESUMEN DEL CICLO #0001
Símbolos analizados: 8
Sin señal: 0
Esperando/otros: 8
Señales rechazadas: 0
Bloqueadas por estado/límites: 0
Validadas DRY RUN: 0
Nuevas órdenes: 0
Operaciones cerradas sincronizadas: 0
Errores: 0
Duración del ciclo: 11.79s
Intervalo objetivo: 30s
Próximo ciclo en: 18.21s
----------------------------------------------------------------------------------------

========================================================================================
CICLO #0002 | 2026-09-03 14:12:58 UTC | símbolos=0
========================================================================================
----------------------------------------------------------------------------------------
RESUMEN DEL CICLO #0002
Símbolos analizados: 0
Sin señal: 0
Esperando/otros: 0
Señales rechazadas: 0
Bloqueadas por estado/límites: 0
Validadas DRY RUN: 0
Nuevas órdenes: 0
Operaciones cerradas sincronizadas: 0
Errores: 0
Duración del ciclo: 0.03s
Intervalo objetivo: 30s
Próximo ciclo en: 29.97s
----------------------------------------------------------------------------------------

========================================================================================
CICLO #0003 | 2026-09-03 14:13:28 UTC | símbolos=8
========================================================================================
[01/08] START Multi Step 2 Index
[01/08] END   Multi Step 2 Index | 0.02s | ARPS REGIME BLOCKED
    Motivo: ADX_M15_INSUFICIENTE
[02/08] START Multi Step 3 Index
[02/08] END   Multi Step 3 Index | 0.02s | ARPS REGIME BLOCKED
    Motivo: ADX_M15_INSUFICIENTE
[03/08] START Multi Step 4 Index
[03/08] END   Multi Step 4 Index | 0.02s | ARPS REGIME BLOCKED
    Motivo: SIN_TENDENCIA_M15
[04/08] START Step Index
[04/08] END   Step Index | 0.02s | ARPS REGIME BLOCKED
    Motivo: SIN_TENDENCIA_M15
[05/08] START Step Index 200
[05/08] END   Step Index 200 | 0.02s | ARPS REGIME BLOCKED
    Motivo: ADX_M15_INSUFICIENTE
[06/08] START Step Index 300
[06/08] END   Step Index 300 | 0.03s | ARPS WAITING SETUP
    Motivo: m5_structure_break,m1_follow_through
[07/08] START Step Index 400
[07/08] END   Step Index 400 | 0.03s | ARPS WAITING SETUP
    Motivo: m5_atr_regime,m5_structure_break,m5_pullback,m1_follow_through,m1_strong_close
[08/08] START Step Index 500
[08/08] END   Step Index 500 | 0.03s | ARPS WAITING SETUP
    Motivo: m1_strong_close
----------------------------------------------------------------------------------------
RESUMEN DEL CICLO #0003
Símbolos analizados: 8
Sin señal: 0
Esperando/otros: 8
Señales rechazadas: 0
Bloqueadas por estado/límites: 0
Validadas DRY RUN: 0
Nuevas órdenes: 0
Operaciones cerradas sincronizadas: 0
Errores: 0
Duración del ciclo: 0.24s
Intervalo objetivo: 30s
Próximo ciclo en: 29.76s
----------------------------------------------------------------------------------------

========================================================================================
CICLO #0004 | 2026-09-03 14:13:58 UTC | símbolos=0
========================================================================================
----------------------------------------------------------------------------------------
RESUMEN DEL CICLO #0004
Símbolos analizados: 0
Sin señal: 0
Esperando/otros: 0
Señales rechazadas: 0
Bloqueadas por estado/límites: 0
Validadas DRY RUN: 0
Nuevas órdenes: 0
Operaciones cerradas sincronizadas: 0
Errores: 0
Duración del ciclo: 0.02s
Intervalo objetivo: 30s
Próximo ciclo en: 29.98s
----------------------------------------------------------------------------------------

========================================================================================
CICLO #0005 | 2026-09-03 14:14:28 UTC | símbolos=8
========================================================================================
[01/08] START Multi Step 2 Index
[01/08] END   Multi Step 2 Index | 0.02s | ARPS REGIME BLOCKED
    Motivo: ADX_M15_INSUFICIENTE
[02/08] START Multi Step 3 Index
[02/08] END   Multi Step 3 Index | 0.02s | ARPS REGIME BLOCKED
    Motivo: ADX_M15_INSUFICIENTE
[03/08] START Multi Step 4 Index
[03/08] END   Multi Step 4 Index | 0.02s | ARPS REGIME BLOCKED
    Motivo: SIN_TENDENCIA_M15
[04/08] START Step Index
[04/08] END   Step Index | 0.02s | ARPS REGIME BLOCKED
    Motivo: SIN_TENDENCIA_M15
[05/08] START Step Index 200
[05/08] END   Step Index 200 | 0.02s | ARPS REGIME BLOCKED
    Motivo: ADX_M15_INSUFICIENTE
[06/08] START Step Index 300
[06/08] END   Step Index 300 | 0.02s | ARPS WAITING SETUP
    Motivo: m5_structure_break,m1_rejection
[07/08] START Step Index 400
[07/08] END   Step Index 400 | 0.02s | ARPS WAITING SETUP
    Motivo: m5_atr_regime,m5_structure_break,m5_pullback,m1_follow_through
[08/08] START Step Index 500
[08/08] END   Step Index 500 | 0.05s | OPERACIÓN RECHAZADA POR RIESGO
    Motivo: NI_LA_DIVISION_NI_LA_ENTRADA_UNICA_RESPETAN_EL_RIESGO_MAXIMO
----------------------------------------------------------------------------------------
RESUMEN DEL CICLO #0005
Símbolos analizados: 8
Sin señal: 0
Esperando/otros: 7
Señales rechazadas: 1
Bloqueadas por estado/límites: 0
Validadas DRY RUN: 0
Nuevas órdenes: 0
Operaciones cerradas sincronizadas: 0
Errores: 0
Duración del ciclo: 0.24s
Intervalo objetivo: 30s
Próximo ciclo en: 29.76s
----------------------------------------------------------------------------------------

========================================================================================
CICLO #0006 | 2026-09-03 14:14:58 UTC | símbolos=0
========================================================================================
----------------------------------------------------------------------------------------
RESUMEN DEL CICLO #0006
Símbolos analizados: 0
Sin señal: 0
Esperando/otros: 0
Señales rechazadas: 0
Bloqueadas por estado/límites: 0
Validadas DRY RUN: 0
Nuevas órdenes: 0
Operaciones cerradas sincronizadas: 0
Errores: 0
Duración del ciclo: 0.03s
Intervalo objetivo: 30s
Próximo ciclo en: 29.97s
----------------------------------------------------------------------------------------

========================================================================================
CICLO #0007 | 2026-09-03 14:15:28 UTC | símbolos=8
========================================================================================
[01/08] START Multi Step 2 Index
[01/08] END   Multi Step 2 Index | 0.03s | ARPS REGIME BLOCKED
    Motivo: SIN_TENDENCIA_M15
[02/08] START Multi Step 3 Index
[02/08] END   Multi Step 3 Index | 0.03s | ARPS REGIME BLOCKED
    Motivo: SIN_TENDENCIA_M15
[03/08] START Multi Step 4 Index
[03/08] END   Multi Step 4 Index | 0.03s | ARPS REGIME BLOCKED
    Motivo: SIN_TENDENCIA_M15
[04/08] START Step Index
[04/08] END   Step Index | 0.03s | ARPS REGIME BLOCKED
    Motivo: SIN_TENDENCIA_M15
[05/08] START Step Index 200
[05/08] END   Step Index 200 | 0.03s | ARPS REGIME BLOCKED
    Motivo: SIN_TENDENCIA_M15
[06/08] START Step Index 300
[06/08] END   Step Index 300 | 0.03s | ARPS WAITING SETUP
    Motivo: m5_structure_break,m1_rejection
[07/08] START Step Index 400
[07/08] END   Step Index 400 | 0.03s | ARPS REGIME BLOCKED
    Motivo: SIN_TENDENCIA_M15
[08/08] START Step Index 500
[08/08] END   Step Index 500 | 0.03s | ARPS WAITING SETUP
    Motivo: m5_structure_break,m1_rejection
----------------------------------------------------------------------------------------
RESUMEN DEL CICLO #0007
Símbolos analizados: 8
Sin señal: 0
Esperando/otros: 8
Señales rechazadas: 0
Bloqueadas por estado/límites: 0
Validadas DRY RUN: 0
Nuevas órdenes: 0
Operaciones cerradas sincronizadas: 0
Errores: 0
Duración del ciclo: 0.30s
Intervalo objetivo: 30s
Próximo ciclo en: 29.70s
----------------------------------------------------------------------------------------

========================================================================================
CICLO #0008 | 2026-09-03 14:15:58 UTC | símbolos=0
========================================================================================
----------------------------------------------------------------------------------------
RESUMEN DEL CICLO #0008
Símbolos analizados: 0
Sin señal: 0
Esperando/otros: 0
Señales rechazadas: 0
Bloqueadas por estado/límites: 0
Validadas DRY RUN: 0
Nuevas órdenes: 0
Operaciones cerradas sincronizadas: 0
Errores: 0
Duración del ciclo: 0.02s
Intervalo objetivo: 30s
Próximo ciclo en: 29.98s
----------------------------------------------------------------------------------------

========================================================================================
CICLO #0009 | 2026-09-03 14:16:28 UTC | símbolos=8
========================================================================================
[01/08] START Multi Step 2 Index
[01/08] END   Multi Step 2 Index | 0.02s | ARPS REGIME BLOCKED
    Motivo: SIN_TENDENCIA_M15
[02/08] START Multi Step 3 Index
[02/08] END   Multi Step 3 Index | 0.02s | ARPS REGIME BLOCKED
    Motivo: SIN_TENDENCIA_M15
[03/08] START Multi Step 4 Index
[03/08] END   Multi Step 4 Index | 0.02s | ARPS REGIME BLOCKED
    Motivo: SIN_TENDENCIA_M15
[04/08] START Step Index
[04/08] END   Step Index | 0.02s | ARPS REGIME BLOCKED
    Motivo: SIN_TENDENCIA_M15
[05/08] START Step Index 200
[05/08] END   Step Index 200 | 0.02s | ARPS REGIME BLOCKED
    Motivo: SIN_TENDENCIA_M15
[06/08] START Step Index 300
[06/08] END   Step Index 300 | 0.03s | ARPS WAITING SETUP
    Motivo: m5_structure_break,m1_follow_through
[07/08] START Step Index 400
[07/08] END   Step Index 400 | 0.02s | ARPS REGIME BLOCKED
    Motivo: SIN_TENDENCIA_M15
[08/08] START Step Index 500
[08/08] END   Step Index 500 | 0.03s | ARPS WAITING SETUP
    Motivo: m5_structure_break,m1_rejection,m1_follow_through
----------------------------------------------------------------------------------------
RESUMEN DEL CICLO #0009
Símbolos analizados: 8
Sin señal: 0
Esperando/otros: 8
Señales rechazadas: 0
Bloqueadas por estado/límites: 0
Validadas DRY RUN: 0
Nuevas órdenes: 0
Operaciones cerradas sincronizadas: 0
Errores: 0
Duración del ciclo: 0.23s
Intervalo objetivo: 30s
Próximo ciclo en: 29.77s
----------------------------------------------------------------------------------------

========================================================================================
CICLO #0010 | 2026-09-03 14:16:58 UTC | símbolos=0
========================================================================================
----------------------------------------------------------------------------------------
RESUMEN DEL CICLO #0010
Símbolos analizados: 0
Sin señal: 0
Esperando/otros: 0
Señales rechazadas: 0
Bloqueadas por estado/límites: 0
Validadas DRY RUN: 0
Nuevas órdenes: 0
Operaciones cerradas sincronizadas: 0
Errores: 0
Duración del ciclo: 0.02s
Intervalo objetivo: 30s
Próximo ciclo en: 29.98s
----------------------------------------------------------------------------------------

========================================================================================
CICLO #0011 | 2026-09-03 14:17:28 UTC | símbolos=8
========================================================================================
[01/08] START Multi Step 2 Index
[01/08] END   Multi Step 2 Index | 0.03s | ARPS REGIME BLOCKED
    Motivo: SIN_TENDENCIA_M15
[02/08] START Multi Step 3 Index
[02/08] END   Multi Step 3 Index | 0.02s | ARPS REGIME BLOCKED
    Motivo: SIN_TENDENCIA_M15
[03/08] START Multi Step 4 Index
[03/08] END   Multi Step 4 Index | 0.02s | ARPS REGIME BLOCKED
    Motivo: SIN_TENDENCIA_M15
[04/08] START Step Index
[04/08] END   Step Index | 0.02s | ARPS REGIME BLOCKED
    Motivo: SIN_TENDENCIA_M15
[05/08] START Step Index 200
[05/08] END   Step Index 200 | 0.02s | ARPS REGIME BLOCKED
    Motivo: SIN_TENDENCIA_M15
[06/08] START Step Index 300
[06/08] END   Step Index 300 | 0.03s | ARPS WAITING SETUP
    Motivo: m5_structure_break,m1_rejection
[07/08] START Step Index 400
[07/08] END   Step Index 400 | 0.02s | ARPS REGIME BLOCKED
    Motivo: SIN_TENDENCIA_M15
[08/08] START Step Index 500
[08/08] END   Step Index 500 | 0.03s | ARPS WAITING SETUP
    Motivo: m5_structure_break,m1_rejection,m1_follow_through
----------------------------------------------------------------------------------------
RESUMEN DEL CICLO #0011
Símbolos analizados: 8
Sin señal: 0
Esperando/otros: 8
Señales rechazadas: 0
Bloqueadas por estado/límites: 0
Validadas DRY RUN: 0
Nuevas órdenes: 0
Operaciones cerradas sincronizadas: 0
Errores: 0
Duración del ciclo: 0.23s
Intervalo objetivo: 30s
Próximo ciclo en: 29.77s
----------------------------------------------------------------------------------------

========================================================================================
CICLO #0012 | 2026-09-03 14:17:58 UTC | símbolos=0
========================================================================================
----------------------------------------------------------------------------------------
RESUMEN DEL CICLO #0012
Símbolos analizados: 0
Sin señal: 0
Esperando/otros: 0
Señales rechazadas: 0
Bloqueadas por estado/límites: 0
Validadas DRY RUN: 0
Nuevas órdenes: 0
Operaciones cerradas sincronizadas: 0
Errores: 0
Duración del ciclo: 0.02s
Intervalo objetivo: 30s
Próximo ciclo en: 29.98s
----------------------------------------------------------------------------------------

========================================================================================
CICLO #0013 | 2026-09-03 14:18:28 UTC | símbolos=8
========================================================================================
[01/08] START Multi Step 2 Index
[01/08] END   Multi Step 2 Index | 0.02s | ARPS REGIME BLOCKED
    Motivo: SIN_TENDENCIA_M15
[02/08] START Multi Step 3 Index
[02/08] END   Multi Step 3 Index | 0.02s | ARPS REGIME BLOCKED
    Motivo: SIN_TENDENCIA_M15
[03/08] START Multi Step 4 Index
[03/08] END   Multi Step 4 Index | 0.02s | ARPS REGIME BLOCKED
    Motivo: SIN_TENDENCIA_M15
[04/08] START Step Index
[04/08] END   Step Index | 0.02s | ARPS REGIME BLOCKED
    Motivo: SIN_TENDENCIA_M15
[05/08] START Step Index 200
[05/08] END   Step Index 200 | 0.02s | ARPS REGIME BLOCKED
    Motivo: SIN_TENDENCIA_M15
[06/08] START Step Index 300
[06/08] END   Step Index 300 | 0.02s | ARPS WAITING SETUP
    Motivo: m5_structure_break,m1_rejection
[07/08] START Step Index 400
[07/08] END   Step Index 400 | 0.02s | ARPS REGIME BLOCKED
    Motivo: SIN_TENDENCIA_M15
[08/08] START Step Index 500
[08/08] END   Step Index 500 | 0.02s | ARPS WAITING SETUP
    Motivo: m5_structure_break,m1_rejection,m1_follow_through,m1_strong_close
----------------------------------------------------------------------------------------
RESUMEN DEL CICLO #0013
Símbolos analizados: 8
Sin señal: 0
Esperando/otros: 8
Señales rechazadas: 0
Bloqueadas por estado/límites: 0
Validadas DRY RUN: 0
Nuevas órdenes: 0
Operaciones cerradas sincronizadas: 0
Errores: 0
Duración del ciclo: 0.23s
Intervalo objetivo: 30s
Próximo ciclo en: 29.77s
----------------------------------------------------------------------------------------

========================================================================================
CICLO #0014 | 2026-09-03 14:18:58 UTC | símbolos=0
========================================================================================
----------------------------------------------------------------------------------------
RESUMEN DEL CICLO #0014
Símbolos analizados: 0
Sin señal: 0
Esperando/otros: 0
Señales rechazadas: 0
Bloqueadas por estado/límites: 0
Validadas DRY RUN: 0
Nuevas órdenes: 0
Operaciones cerradas sincronizadas: 0
Errores: 0
Duración del ciclo: 0.02s
Intervalo objetivo: 30s
Próximo ciclo en: 29.98s
----------------------------------------------------------------------------------------

========================================================================================
CICLO #0015 | 2026-09-03 14:19:28 UTC | símbolos=8
========================================================================================
[01/08] START Multi Step 2 Index
[01/08] END   Multi Step 2 Index | 0.03s | ARPS REGIME BLOCKED
    Motivo: SIN_TENDENCIA_M15
[02/08] START Multi Step 3 Index
[02/08] END   Multi Step 3 Index | 0.02s | ARPS REGIME BLOCKED
    Motivo: SIN_TENDENCIA_M15
[03/08] START Multi Step 4 Index
[03/08] END   Multi Step 4 Index | 0.02s | ARPS REGIME BLOCKED
    Motivo: SIN_TENDENCIA_M15
[04/08] START Step Index
[04/08] END   Step Index | 0.02s | ARPS REGIME BLOCKED
    Motivo: SIN_TENDENCIA_M15
[05/08] START Step Index 200
[05/08] END   Step Index 200 | 0.02s | ARPS REGIME BLOCKED
    Motivo: SIN_TENDENCIA_M15
[06/08] START Step Index 300
[06/08] END   Step Index 300 | 0.03s | ARPS WAITING SETUP
    Motivo: m5_structure_break,m1_rejection
[07/08] START Step Index 400
[07/08] END   Step Index 400 | 0.02s | ARPS REGIME BLOCKED
    Motivo: SIN_TENDENCIA_M15
[08/08] START Step Index 500
[08/08] END   Step Index 500 | 0.02s | ARPS WAITING SETUP
    Motivo: m5_structure_break,m1_rejection
----------------------------------------------------------------------------------------
RESUMEN DEL CICLO #0015
Símbolos analizados: 8
Sin señal: 0
Esperando/otros: 8
Señales rechazadas: 0
Bloqueadas por estado/límites: 0
Validadas DRY RUN: 0
Nuevas órdenes: 0
Operaciones cerradas sincronizadas: 0
Errores: 0
Duración del ciclo: 0.23s
Intervalo objetivo: 30s
Próximo ciclo en: 29.77s
----------------------------------------------------------------------------------------

========================================================================================
CICLO #0016 | 2026-09-03 14:19:58 UTC | símbolos=0
========================================================================================
----------------------------------------------------------------------------------------
RESUMEN DEL CICLO #0016
Símbolos analizados: 0
Sin señal: 0
Esperando/otros: 0
Señales rechazadas: 0
Bloqueadas por estado/límites: 0
Validadas DRY RUN: 0
Nuevas órdenes: 0
Operaciones cerradas sincronizadas: 0
Errores: 0
Duración del ciclo: 0.03s
Intervalo objetivo: 30s
Próximo ciclo en: 29.97s
----------------------------------------------------------------------------------------

========================================================================================
CICLO #0017 | 2026-09-03 14:20:28 UTC | símbolos=8
========================================================================================
[01/08] START Multi Step 2 Index
[01/08] END   Multi Step 2 Index | 0.03s | ARPS REGIME BLOCKED
    Motivo: SIN_TENDENCIA_M15
[02/08] START Multi Step 3 Index
[02/08] END   Multi Step 3 Index | 0.02s | ARPS REGIME BLOCKED
    Motivo: SIN_TENDENCIA_M15
[03/08] START Multi Step 4 Index
[03/08] END   Multi Step 4 Index | 0.02s | ARPS REGIME BLOCKED
    Motivo: SIN_TENDENCIA_M15
[04/08] START Step Index
[04/08] END   Step Index | 0.02s | ARPS REGIME BLOCKED
    Motivo: SIN_TENDENCIA_M15
[05/08] START Step Index 200
[05/08] END   Step Index 200 | 0.03s | ARPS REGIME BLOCKED
    Motivo: SIN_TENDENCIA_M15
[06/08] START Step Index 300
[06/08] END   Step Index 300 | 0.03s | ARPS WAITING SETUP
    Motivo: m5_structure_break,m1_rejection,m1_follow_through,m1_strong_close
[07/08] START Step Index 400
[07/08] END   Step Index 400 | 0.03s | ARPS REGIME BLOCKED
    Motivo: SIN_TENDENCIA_M15
[08/08] START Step Index 500
[08/08] END   Step Index 500 | 0.03s | ARPS WAITING SETUP
    Motivo: m5_structure_break,m1_follow_through,m1_strong_close
----------------------------------------------------------------------------------------
RESUMEN DEL CICLO #0017
Símbolos analizados: 8
Sin señal: 0
Esperando/otros: 8
Señales rechazadas: 0
Bloqueadas por estado/límites: 0
Validadas DRY RUN: 0
Nuevas órdenes: 0
Operaciones cerradas sincronizadas: 0
Errores: 0
Duración del ciclo: 0.80s
Intervalo objetivo: 30s
Próximo ciclo en: 29.20s
----------------------------------------------------------------------------------------

========================================================================================
CICLO #0018 | 2026-09-03 14:20:58 UTC | símbolos=0
========================================================================================
----------------------------------------------------------------------------------------
RESUMEN DEL CICLO #0018
Símbolos analizados: 0
Sin señal: 0
Esperando/otros: 0
Señales rechazadas: 0
Bloqueadas por estado/límites: 0
Validadas DRY RUN: 0
Nuevas órdenes: 0
Operaciones cerradas sincronizadas: 0
Errores: 0
Duración del ciclo: 0.02s
Intervalo objetivo: 30s
Próximo ciclo en: 29.98s
----------------------------------------------------------------------------------------

========================================================================================
CICLO #0019 | 2026-09-03 14:21:28 UTC | símbolos=8
========================================================================================
[01/08] START Multi Step 2 Index
[01/08] END   Multi Step 2 Index | 0.03s | ARPS REGIME BLOCKED
    Motivo: SIN_TENDENCIA_M15
[02/08] START Multi Step 3 Index
[02/08] END   Multi Step 3 Index | 0.03s | ARPS REGIME BLOCKED
    Motivo: SIN_TENDENCIA_M15
[03/08] START Multi Step 4 Index
[03/08] END   Multi Step 4 Index | 0.02s | ARPS REGIME BLOCKED
    Motivo: SIN_TENDENCIA_M15
[04/08] START Step Index
[04/08] END   Step Index | 0.02s | ARPS REGIME BLOCKED
    Motivo: SIN_TENDENCIA_M15
[05/08] START Step Index 200
[05/08] END   Step Index 200 | 0.03s | ARPS REGIME BLOCKED
    Motivo: SIN_TENDENCIA_M15
[06/08] START Step Index 300
[06/08] END   Step Index 300 | 0.04s | ARPS WAITING SETUP
    Motivo: m5_structure_break,m1_strong_close
[07/08] START Step Index 400
[07/08] END   Step Index 400 | 0.02s | ARPS REGIME BLOCKED
    Motivo: SIN_TENDENCIA_M15
[08/08] START Step Index 500
[08/08] END   Step Index 500 | 0.03s | ARPS WAITING SETUP
    Motivo: m5_structure_break,m1_rejection,m1_follow_through,m1_strong_close
----------------------------------------------------------------------------------------
RESUMEN DEL CICLO #0019
Símbolos analizados: 8
Sin señal: 0
Esperando/otros: 8
Señales rechazadas: 0
Bloqueadas por estado/límites: 0
Validadas DRY RUN: 0
Nuevas órdenes: 0
Operaciones cerradas sincronizadas: 0
Errores: 0
Duración del ciclo: 0.28s
Intervalo objetivo: 30s
Próximo ciclo en: 29.72s
----------------------------------------------------------------------------------------

========================================================================================
CICLO #0020 | 2026-09-03 14:21:58 UTC | símbolos=0
========================================================================================
----------------------------------------------------------------------------------------
RESUMEN DEL CICLO #0020
Símbolos analizados: 0
Sin señal: 0
Esperando/otros: 0
Señales rechazadas: 0
Bloqueadas por estado/límites: 0
Validadas DRY RUN: 0
Nuevas órdenes: 0
Operaciones cerradas sincronizadas: 0
Errores: 0
Duración del ciclo: 0.03s
Intervalo objetivo: 30s
Próximo ciclo en: 29.97s
----------------------------------------------------------------------------------------

========================================================================================
CICLO #0021 | 2026-09-03 14:22:28 UTC | símbolos=8
========================================================================================
[01/08] START Multi Step 2 Index
[01/08] END   Multi Step 2 Index | 0.02s | ARPS REGIME BLOCKED
    Motivo: SIN_TENDENCIA_M15
[02/08] START Multi Step 3 Index
[02/08] END   Multi Step 3 Index | 0.03s | ARPS REGIME BLOCKED
    Motivo: SIN_TENDENCIA_M15
[03/08] START Multi Step 4 Index
[03/08] END   Multi Step 4 Index | 0.02s | ARPS REGIME BLOCKED
    Motivo: SIN_TENDENCIA_M15
[04/08] START Step Index
[04/08] END   Step Index | 0.02s | ARPS REGIME BLOCKED
    Motivo: SIN_TENDENCIA_M15
[05/08] START Step Index 200
[05/08] END   Step Index 200 | 0.02s | ARPS REGIME BLOCKED
    Motivo: SIN_TENDENCIA_M15
[06/08] START Step Index 300
[06/08] END   Step Index 300 | 0.02s | ARPS WAITING SETUP
    Motivo: m5_structure_break
[07/08] START Step Index 400
[07/08] END   Step Index 400 | 0.02s | ARPS REGIME BLOCKED
    Motivo: SIN_TENDENCIA_M15
[08/08] START Step Index 500
[08/08] END   Step Index 500 | 0.02s | ARPS WAITING SETUP
    Motivo: m5_structure_break,m1_rejection
----------------------------------------------------------------------------------------
RESUMEN DEL CICLO #0021
Símbolos analizados: 8
Sin señal: 0
Esperando/otros: 8
Señales rechazadas: 0
Bloqueadas por estado/límites: 0
Validadas DRY RUN: 0
Nuevas órdenes: 0
Operaciones cerradas sincronizadas: 0
Errores: 0
Duración del ciclo: 0.23s
Intervalo objetivo: 30s
Próximo ciclo en: 29.77s
----------------------------------------------------------------------------------------

========================================================================================
CICLO #0022 | 2026-09-03 14:22:58 UTC | símbolos=0
========================================================================================
----------------------------------------------------------------------------------------
RESUMEN DEL CICLO #0022
Símbolos analizados: 0
Sin señal: 0
Esperando/otros: 0
Señales rechazadas: 0
Bloqueadas por estado/límites: 0
Validadas DRY RUN: 0
Nuevas órdenes: 0
Operaciones cerradas sincronizadas: 0
Errores: 0
Duración del ciclo: 0.02s
Intervalo objetivo: 30s
Próximo ciclo en: 29.98s
----------------------------------------------------------------------------------------

========================================================================================
CICLO #0023 | 2026-09-03 14:23:28 UTC | símbolos=8
========================================================================================
[01/08] START Multi Step 2 Index
[01/08] END   Multi Step 2 Index | 0.02s | ARPS REGIME BLOCKED
    Motivo: SIN_TENDENCIA_M15
[02/08] START Multi Step 3 Index
[02/08] END   Multi Step 3 Index | 0.02s | ARPS REGIME BLOCKED
    Motivo: SIN_TENDENCIA_M15
[03/08] START Multi Step 4 Index
[03/08] END   Multi Step 4 Index | 0.02s | ARPS REGIME BLOCKED
    Motivo: SIN_TENDENCIA_M15
[04/08] START Step Index
[04/08] END   Step Index | 0.02s | ARPS REGIME BLOCKED
    Motivo: SIN_TENDENCIA_M15
[05/08] START Step Index 200
[05/08] END   Step Index 200 | 0.02s | ARPS REGIME BLOCKED
    Motivo: SIN_TENDENCIA_M15
[06/08] START Step Index 300
[06/08] END   Step Index 300 | 0.03s | ARPS WAITING SETUP
    Motivo: m5_structure_break,m1_rejection,m1_strong_close
[07/08] START Step Index 400
[07/08] END   Step Index 400 | 0.02s | ARPS REGIME BLOCKED
    Motivo: SIN_TENDENCIA_M15
[08/08] START Step Index 500
[08/08] END   Step Index 500 | 0.03s | ARPS WAITING SETUP
    Motivo: m5_structure_break,m1_follow_through
----------------------------------------------------------------------------------------
RESUMEN DEL CICLO #0023
Símbolos analizados: 8
Sin señal: 0
Esperando/otros: 8
Señales rechazadas: 0
Bloqueadas por estado/límites: 0
Validadas DRY RUN: 0
Nuevas órdenes: 0
Operaciones cerradas sincronizadas: 0
Errores: 0
Duración del ciclo: 0.23s
Intervalo objetivo: 30s
Próximo ciclo en: 29.77s
----------------------------------------------------------------------------------------

========================================================================================
CICLO #0024 | 2026-09-03 14:23:58 UTC | símbolos=0
========================================================================================
----------------------------------------------------------------------------------------
RESUMEN DEL CICLO #0024
Símbolos analizados: 0
Sin señal: 0
Esperando/otros: 0
Señales rechazadas: 0
Bloqueadas por estado/límites: 0
Validadas DRY RUN: 0
Nuevas órdenes: 0
Operaciones cerradas sincronizadas: 0
Errores: 0
Duración del ciclo: 0.02s
Intervalo objetivo: 30s
Próximo ciclo en: 29.98s
----------------------------------------------------------------------------------------

========================================================================================
CICLO #0025 | 2026-09-03 14:24:28 UTC | símbolos=8
========================================================================================
[01/08] START Multi Step 2 Index
[01/08] END   Multi Step 2 Index | 0.03s | ARPS REGIME BLOCKED
    Motivo: SIN_TENDENCIA_M15
[02/08] START Multi Step 3 Index
[02/08] END   Multi Step 3 Index | 0.03s | ARPS REGIME BLOCKED
    Motivo: SIN_TENDENCIA_M15
[03/08] START Multi Step 4 Index
[03/08] END   Multi Step 4 Index | 0.03s | ARPS REGIME BLOCKED
    Motivo: SIN_TENDENCIA_M15
[04/08] START Step Index
[04/08] END   Step Index | 0.03s | ARPS REGIME BLOCKED
    Motivo: SIN_TENDENCIA_M15
[05/08] START Step Index 200
[05/08] END   Step Index 200 | 0.03s | ARPS REGIME BLOCKED
    Motivo: SIN_TENDENCIA_M15
[06/08] START Step Index 300
[06/08] END   Step Index 300 | 0.05s | ARPS WAITING SETUP
    Motivo: m5_structure_break
[07/08] START Step Index 400
[07/08] END   Step Index 400 | 0.03s | ARPS REGIME BLOCKED
    Motivo: SIN_TENDENCIA_M15
[08/08] START Step Index 500
[08/08] END   Step Index 500 | 0.03s | ARPS WAITING SETUP
    Motivo: m5_structure_break,m1_rejection,m1_strong_close
----------------------------------------------------------------------------------------
RESUMEN DEL CICLO #0025
Símbolos analizados: 8
Sin señal: 0
Esperando/otros: 8
Señales rechazadas: 0
Bloqueadas por estado/límites: 0
Validadas DRY RUN: 0
Nuevas órdenes: 0
Operaciones cerradas sincronizadas: 0
Errores: 0
Duración del ciclo: 0.30s
Intervalo objetivo: 30s
Próximo ciclo en: 29.70s
----------------------------------------------------------------------------------------

========================================================================================
CICLO #0026 | 2026-09-03 14:24:58 UTC | símbolos=0
========================================================================================
----------------------------------------------------------------------------------------
RESUMEN DEL CICLO #0026
Símbolos analizados: 0
Sin señal: 0
Esperando/otros: 0
Señales rechazadas: 0
Bloqueadas por estado/límites: 0
Validadas DRY RUN: 0
Nuevas órdenes: 0
Operaciones cerradas sincronizadas: 0
Errores: 0
Duración del ciclo: 0.02s
Intervalo objetivo: 30s
Próximo ciclo en: 29.98s
----------------------------------------------------------------------------------------

========================================================================================
CICLO #0027 | 2026-09-03 14:25:28 UTC | símbolos=8
========================================================================================
[01/08] START Multi Step 2 Index
[01/08] END   Multi Step 2 Index | 0.02s | ARPS REGIME BLOCKED
    Motivo: SIN_TENDENCIA_M15
[02/08] START Multi Step 3 Index
[02/08] END   Multi Step 3 Index | 0.02s | ARPS REGIME BLOCKED
    Motivo: SIN_TENDENCIA_M15
[03/08] START Multi Step 4 Index
[03/08] END   Multi Step 4 Index | 0.02s | ARPS REGIME BLOCKED
    Motivo: SIN_TENDENCIA_M15
[04/08] START Step Index
[04/08] END   Step Index | 0.02s | ARPS REGIME BLOCKED
    Motivo: SIN_TENDENCIA_M15
[05/08] START Step Index 200
[05/08] END   Step Index 200 | 0.02s | ARPS REGIME BLOCKED
    Motivo: SIN_TENDENCIA_M15
[06/08] START Step Index 300
[06/08] END   Step Index 300 | 0.03s | ARPS WAITING SETUP
    Motivo: m5_structure_break,m1_rejection
[07/08] START Step Index 400
[07/08] END   Step Index 400 | 0.02s | ARPS REGIME BLOCKED
    Motivo: SIN_TENDENCIA_M15
[08/08] START Step Index 500
[08/08] END   Step Index 500 | 0.03s | ARPS WAITING SETUP
    Motivo: m5_structure_break,m1_follow_through
----------------------------------------------------------------------------------------
RESUMEN DEL CICLO #0027
Símbolos analizados: 8
Sin señal: 0
Esperando/otros: 8
Señales rechazadas: 0
Bloqueadas por estado/límites: 0
Validadas DRY RUN: 0
Nuevas órdenes: 0
Operaciones cerradas sincronizadas: 0
Errores: 0
Duración del ciclo: 0.23s
Intervalo objetivo: 30s
Próximo ciclo en: 29.77s
----------------------------------------------------------------------------------------

========================================================================================
CICLO #0028 | 2026-09-03 14:25:58 UTC | símbolos=0
========================================================================================
----------------------------------------------------------------------------------------
RESUMEN DEL CICLO #0028
Símbolos analizados: 0
Sin señal: 0
Esperando/otros: 0
Señales rechazadas: 0
Bloqueadas por estado/límites: 0
Validadas DRY RUN: 0
Nuevas órdenes: 0
Operaciones cerradas sincronizadas: 0
Errores: 0
Duración del ciclo: 0.02s
Intervalo objetivo: 30s
Próximo ciclo en: 29.98s
----------------------------------------------------------------------------------------

========================================================================================
CICLO #0029 | 2026-09-03 14:26:28 UTC | símbolos=8
========================================================================================
[01/08] START Multi Step 2 Index
[01/08] END   Multi Step 2 Index | 0.02s | ARPS REGIME BLOCKED
    Motivo: SIN_TENDENCIA_M15
[02/08] START Multi Step 3 Index
[02/08] END   Multi Step 3 Index | 0.02s | ARPS REGIME BLOCKED
    Motivo: SIN_TENDENCIA_M15
[03/08] START Multi Step 4 Index
[03/08] END   Multi Step 4 Index | 0.02s | ARPS REGIME BLOCKED
    Motivo: SIN_TENDENCIA_M15
[04/08] START Step Index
[04/08] END   Step Index | 0.02s | ARPS REGIME BLOCKED
    Motivo: SIN_TENDENCIA_M15
[05/08] START Step Index 200
[05/08] END   Step Index 200 | 0.02s | ARPS REGIME BLOCKED
    Motivo: SIN_TENDENCIA_M15
[06/08] START Step Index 300
[06/08] END   Step Index 300 | 0.02s | ARPS WAITING SETUP
    Motivo: m5_structure_break,m1_rejection
[07/08] START Step Index 400
[07/08] END   Step Index 400 | 0.02s | ARPS REGIME BLOCKED
    Motivo: SIN_TENDENCIA_M15
[08/08] START Step Index 500
[08/08] END   Step Index 500 | 0.02s | ARPS WAITING SETUP
    Motivo: m5_structure_break,m1_rejection,m1_follow_through,m1_strong_close
----------------------------------------------------------------------------------------
RESUMEN DEL CICLO #0029
Símbolos analizados: 8
Sin señal: 0
Esperando/otros: 8
Señales rechazadas: 0
Bloqueadas por estado/límites: 0
Validadas DRY RUN: 0
Nuevas órdenes: 0
Operaciones cerradas sincronizadas: 0
Errores: 0
Duración del ciclo: 0.17s
Intervalo objetivo: 30s
Próximo ciclo en: 29.83s
----------------------------------------------------------------------------------------

========================================================================================
CICLO #0030 | 2026-09-03 14:26:58 UTC | símbolos=0
========================================================================================
----------------------------------------------------------------------------------------
RESUMEN DEL CICLO #0030
Símbolos analizados: 0
Sin señal: 0
Esperando/otros: 0
Señales rechazadas: 0
Bloqueadas por estado/límites: 0
Validadas DRY RUN: 0
Nuevas órdenes: 0
Operaciones cerradas sincronizadas: 0
Errores: 0
Duración del ciclo: 0.02s
Intervalo objetivo: 30s
Próximo ciclo en: 29.98s
----------------------------------------------------------------------------------------

========================================================================================
CICLO #0031 | 2026-09-03 14:27:28 UTC | símbolos=8
========================================================================================
[01/08] START Multi Step 2 Index
[01/08] END   Multi Step 2 Index | 0.02s | ARPS REGIME BLOCKED
    Motivo: SIN_TENDENCIA_M15
[02/08] START Multi Step 3 Index
[02/08] END   Multi Step 3 Index | 0.02s | ARPS REGIME BLOCKED
    Motivo: SIN_TENDENCIA_M15
[03/08] START Multi Step 4 Index
[03/08] END   Multi Step 4 Index | 0.02s | ARPS REGIME BLOCKED
    Motivo: SIN_TENDENCIA_M15
[04/08] START Step Index
[04/08] END   Step Index | 0.02s | ARPS REGIME BLOCKED
    Motivo: SIN_TENDENCIA_M15
[05/08] START Step Index 200
[05/08] END   Step Index 200 | 0.02s | ARPS REGIME BLOCKED
    Motivo: SIN_TENDENCIA_M15
[06/08] START Step Index 300
[06/08] END   Step Index 300 | 0.03s | ARPS WAITING SETUP
    Motivo: m5_structure_break,m1_rejection,m1_follow_through,m1_strong_close
[07/08] START Step Index 400
[07/08] END   Step Index 400 | 0.02s | ARPS REGIME BLOCKED
    Motivo: SIN_TENDENCIA_M15
[08/08] START Step Index 500
[08/08] END   Step Index 500 | 0.02s | ARPS WAITING SETUP
    Motivo: m5_structure_break,m1_rejection,m1_strong_close
----------------------------------------------------------------------------------------
RESUMEN DEL CICLO #0031
Símbolos analizados: 8
Sin señal: 0
Esperando/otros: 8
Señales rechazadas: 0
Bloqueadas por estado/límites: 0
Validadas DRY RUN: 0
Nuevas órdenes: 0
Operaciones cerradas sincronizadas: 0
Errores: 0
Duración del ciclo: 0.21s
Intervalo objetivo: 30s
Próximo ciclo en: 29.79s
----------------------------------------------------------------------------------------

========================================================================================
CICLO #0032 | 2026-09-03 14:27:58 UTC | símbolos=0
========================================================================================
----------------------------------------------------------------------------------------
RESUMEN DEL CICLO #0032
Símbolos analizados: 0
Sin señal: 0
Esperando/otros: 0
Señales rechazadas: 0
Bloqueadas por estado/límites: 0
Validadas DRY RUN: 0
Nuevas órdenes: 0
Operaciones cerradas sincronizadas: 0
Errores: 0
Duración del ciclo: 0.03s
Intervalo objetivo: 30s
Próximo ciclo en: 29.97s
----------------------------------------------------------------------------------------

========================================================================================
CICLO #0033 | 2026-09-03 14:28:28 UTC | símbolos=8
========================================================================================
[01/08] START Multi Step 2 Index
[01/08] END   Multi Step 2 Index | 0.03s | ARPS REGIME BLOCKED
    Motivo: SIN_TENDENCIA_M15
[02/08] START Multi Step 3 Index
[02/08] END   Multi Step 3 Index | 0.03s | ARPS REGIME BLOCKED
    Motivo: SIN_TENDENCIA_M15
[03/08] START Multi Step 4 Index
[03/08] END   Multi Step 4 Index | 0.03s | ARPS REGIME BLOCKED
    Motivo: SIN_TENDENCIA_M15
[04/08] START Step Index
[04/08] END   Step Index | 0.03s | ARPS REGIME BLOCKED
    Motivo: SIN_TENDENCIA_M15
[05/08] START Step Index 200
[05/08] END   Step Index 200 | 0.03s | ARPS REGIME BLOCKED
    Motivo: SIN_TENDENCIA_M15
[06/08] START Step Index 300
[06/08] END   Step Index 300 | 0.03s | ARPS WAITING SETUP
    Motivo: m5_structure_break,m1_follow_through
[07/08] START Step Index 400
[07/08] END   Step Index 400 | 0.03s | ARPS REGIME BLOCKED
    Motivo: SIN_TENDENCIA_M15
[08/08] START Step Index 500
[08/08] END   Step Index 500 | 0.03s | ARPS WAITING SETUP
    Motivo: m5_structure_break,m1_follow_through
----------------------------------------------------------------------------------------
RESUMEN DEL CICLO #0033
Símbolos analizados: 8
Sin señal: 0
Esperando/otros: 8
Señales rechazadas: 0
Bloqueadas por estado/límites: 0
Validadas DRY RUN: 0
Nuevas órdenes: 0
Operaciones cerradas sincronizadas: 0
Errores: 0
Duración del ciclo: 0.29s
Intervalo objetivo: 30s
Próximo ciclo en: 29.71s
----------------------------------------------------------------------------------------

========================================================================================
CICLO #0034 | 2026-09-03 14:28:58 UTC | símbolos=0
========================================================================================
----------------------------------------------------------------------------------------
RESUMEN DEL CICLO #0034
Símbolos analizados: 0
Sin señal: 0
Esperando/otros: 0
Señales rechazadas: 0
Bloqueadas por estado/límites: 0
Validadas DRY RUN: 0
Nuevas órdenes: 0
Operaciones cerradas sincronizadas: 0
Errores: 0
Duración del ciclo: 0.02s
Intervalo objetivo: 30s
Próximo ciclo en: 29.98s
----------------------------------------------------------------------------------------

========================================================================================
CICLO #0035 | 2026-09-03 14:29:28 UTC | símbolos=8
========================================================================================
[01/08] START Multi Step 2 Index
[01/08] END   Multi Step 2 Index | 0.02s | ARPS REGIME BLOCKED
    Motivo: SIN_TENDENCIA_M15
[02/08] START Multi Step 3 Index
[02/08] END   Multi Step 3 Index | 0.02s | ARPS REGIME BLOCKED
    Motivo: SIN_TENDENCIA_M15
[03/08] START Multi Step 4 Index
[03/08] END   Multi Step 4 Index | 0.02s | ARPS REGIME BLOCKED
    Motivo: SIN_TENDENCIA_M15
[04/08] START Step Index
[04/08] END   Step Index | 0.02s | ARPS REGIME BLOCKED
    Motivo: SIN_TENDENCIA_M15
[05/08] START Step Index 200
[05/08] END   Step Index 200 | 0.02s | ARPS REGIME BLOCKED
    Motivo: SIN_TENDENCIA_M15
[06/08] START Step Index 300
[06/08] END   Step Index 300 | 0.02s | ARPS WAITING SETUP
    Motivo: m5_structure_break,m1_rejection
[07/08] START Step Index 400
[07/08] END   Step Index 400 | 0.02s | ARPS REGIME BLOCKED
    Motivo: SIN_TENDENCIA_M15
[08/08] START Step Index 500
[08/08] END   Step Index 500 | 0.03s | ARPS WAITING SETUP
    Motivo: m5_structure_break,m1_rejection,m1_strong_close
----------------------------------------------------------------------------------------
RESUMEN DEL CICLO #0035
Símbolos analizados: 8
Sin señal: 0
Esperando/otros: 8
Señales rechazadas: 0
Bloqueadas por estado/límites: 0
Validadas DRY RUN: 0
Nuevas órdenes: 0
Operaciones cerradas sincronizadas: 0
Errores: 0
Duración del ciclo: 0.22s
Intervalo objetivo: 30s
Próximo ciclo en: 29.78s
----------------------------------------------------------------------------------------

========================================================================================
CICLO #0036 | 2026-09-03 14:29:58 UTC | símbolos=0
========================================================================================
----------------------------------------------------------------------------------------
RESUMEN DEL CICLO #0036
Símbolos analizados: 0
Sin señal: 0
Esperando/otros: 0
Señales rechazadas: 0
Bloqueadas por estado/límites: 0
Validadas DRY RUN: 0
Nuevas órdenes: 0
Operaciones cerradas sincronizadas: 0
Errores: 0
Duración del ciclo: 0.02s
Intervalo objetivo: 30s
Próximo ciclo en: 29.98s
----------------------------------------------------------------------------------------

========================================================================================
CICLO #0037 | 2026-09-03 14:30:28 UTC | símbolos=8
========================================================================================
[01/08] START Multi Step 2 Index
[01/08] END   Multi Step 2 Index | 0.03s | ARPS REGIME BLOCKED
    Motivo: SIN_TENDENCIA_M15
[02/08] START Multi Step 3 Index
[02/08] END   Multi Step 3 Index | 0.03s | ARPS REGIME BLOCKED
    Motivo: SIN_TENDENCIA_M15
[03/08] START Multi Step 4 Index
[03/08] END   Multi Step 4 Index | 0.04s | ARPS WAITING SETUP
    Motivo: m5_atr_regime,m5_structure_break,m1_rejection,m1_follow_through
[04/08] START Step Index
[04/08] END   Step Index | 0.03s | ARPS REGIME BLOCKED
    Motivo: ADX_M15_INSUFICIENTE
[05/08] START Step Index 200
[05/08] END   Step Index 200 | 0.03s | ARPS REGIME BLOCKED
    Motivo: SIN_TENDENCIA_M15
[06/08] START Step Index 300
[06/08] END   Step Index 300 | 0.04s | ARPS WAITING SETUP
    Motivo: m5_pullback,m1_rejection
[07/08] START Step Index 400
[07/08] END   Step Index 400 | 0.03s | ARPS REGIME BLOCKED
    Motivo: SIN_TENDENCIA_M15
[08/08] START Step Index 500
[08/08] END   Step Index 500 | 0.04s | ARPS WAITING SETUP
    Motivo: m5_structure_break,m1_follow_through
----------------------------------------------------------------------------------------
RESUMEN DEL CICLO #0037
Símbolos analizados: 8
Sin señal: 0
Esperando/otros: 8
Señales rechazadas: 0
Bloqueadas por estado/límites: 0
Validadas DRY RUN: 0
Nuevas órdenes: 0
Operaciones cerradas sincronizadas: 0
Errores: 0
Duración del ciclo: 0.35s
Intervalo objetivo: 30s
Próximo ciclo en: 29.65s
----------------------------------------------------------------------------------------

========================================================================================
CICLO #0038 | 2026-09-03 14:30:58 UTC | símbolos=0
========================================================================================
----------------------------------------------------------------------------------------
RESUMEN DEL CICLO #0038
Símbolos analizados: 0
Sin señal: 0
Esperando/otros: 0
Señales rechazadas: 0
Bloqueadas por estado/límites: 0
Validadas DRY RUN: 0
Nuevas órdenes: 0
Operaciones cerradas sincronizadas: 0
Errores: 0
Duración del ciclo: 0.02s
Intervalo objetivo: 30s
Próximo ciclo en: 29.98s
----------------------------------------------------------------------------------------

========================================================================================
CICLO #0039 | 2026-09-03 14:31:28 UTC | símbolos=8
========================================================================================
[01/08] START Multi Step 2 Index
[01/08] END   Multi Step 2 Index | 0.02s | ARPS REGIME BLOCKED
    Motivo: SIN_TENDENCIA_M15
[02/08] START Multi Step 3 Index
[02/08] END   Multi Step 3 Index | 0.02s | ARPS REGIME BLOCKED
    Motivo: SIN_TENDENCIA_M15
[03/08] START Multi Step 4 Index
[03/08] END   Multi Step 4 Index | 0.03s | ARPS WAITING SETUP
    Motivo: m5_atr_regime,m5_structure_break,m1_rejection
[04/08] START Step Index
[04/08] END   Step Index | 0.03s | ARPS REGIME BLOCKED
    Motivo: ADX_M15_INSUFICIENTE
[05/08] START Step Index 200
[05/08] END   Step Index 200 | 0.03s | ARPS REGIME BLOCKED
    Motivo: SIN_TENDENCIA_M15
[06/08] START Step Index 300
[06/08] END   Step Index 300 | 0.04s | ARPS WAITING SETUP
    Motivo: m5_pullback,m1_follow_through,m1_strong_close
[07/08] START Step Index 400
[07/08] END   Step Index 400 | 0.02s | ARPS REGIME BLOCKED
    Motivo: SIN_TENDENCIA_M15
[08/08] START Step Index 500
[08/08] END   Step Index 500 | 0.03s | ARPS WAITING SETUP
    Motivo: m5_structure_break,m1_rejection,m1_follow_through
----------------------------------------------------------------------------------------
RESUMEN DEL CICLO #0039
Símbolos analizados: 8
Sin señal: 0
Esperando/otros: 8
Señales rechazadas: 0
Bloqueadas por estado/límites: 0
Validadas DRY RUN: 0
Nuevas órdenes: 0
Operaciones cerradas sincronizadas: 0
Errores: 0
Duración del ciclo: 0.29s
Intervalo objetivo: 30s
Próximo ciclo en: 29.71s
----------------------------------------------------------------------------------------

========================================================================================
CICLO #0040 | 2026-09-03 14:31:58 UTC | símbolos=0
========================================================================================
----------------------------------------------------------------------------------------
RESUMEN DEL CICLO #0040
Símbolos analizados: 0
Sin señal: 0
Esperando/otros: 0
Señales rechazadas: 0
Bloqueadas por estado/límites: 0
Validadas DRY RUN: 0
Nuevas órdenes: 0
Operaciones cerradas sincronizadas: 0
Errores: 0
Duración del ciclo: 0.02s
Intervalo objetivo: 30s
Próximo ciclo en: 29.98s
----------------------------------------------------------------------------------------

========================================================================================
CICLO #0041 | 2026-09-03 14:32:28 UTC | símbolos=8
========================================================================================
[01/08] START Multi Step 2 Index
[01/08] END   Multi Step 2 Index | 0.02s | ARPS REGIME BLOCKED
    Motivo: SIN_TENDENCIA_M15
[02/08] START Multi Step 3 Index
[02/08] END   Multi Step 3 Index | 0.02s | ARPS REGIME BLOCKED
    Motivo: SIN_TENDENCIA_M15
[03/08] START Multi Step 4 Index
[03/08] END   Multi Step 4 Index | 0.03s | ARPS WAITING SETUP
    Motivo: m5_atr_regime,m5_structure_break,m1_rejection,m1_strong_close
[04/08] START Step Index
[04/08] END   Step Index | 0.02s | ARPS REGIME BLOCKED
    Motivo: ADX_M15_INSUFICIENTE
[05/08] START Step Index 200
[05/08] END   Step Index 200 | 0.02s | ARPS REGIME BLOCKED
    Motivo: SIN_TENDENCIA_M15
[06/08] START Step Index 300
[06/08] END   Step Index 300 | 0.03s | ARPS WAITING SETUP
    Motivo: m5_pullback,m1_rejection,m1_follow_through
[07/08] START Step Index 400
[07/08] END   Step Index 400 | 0.02s | ARPS REGIME BLOCKED
    Motivo: SIN_TENDENCIA_M15
[08/08] START Step Index 500
[08/08] END   Step Index 500 | 0.02s | ARPS WAITING SETUP
    Motivo: m5_structure_break,m1_rejection,m1_follow_through,m1_strong_close
----------------------------------------------------------------------------------------
RESUMEN DEL CICLO #0041
Símbolos analizados: 8
Sin señal: 0
Esperando/otros: 8
Señales rechazadas: 0
Bloqueadas por estado/límites: 0
Validadas DRY RUN: 0
Nuevas órdenes: 0
Operaciones cerradas sincronizadas: 0
Errores: 0
Duración del ciclo: 0.23s
Intervalo objetivo: 30s
Próximo ciclo en: 29.77s
----------------------------------------------------------------------------------------

========================================================================================
CICLO #0042 | 2026-09-03 14:32:58 UTC | símbolos=0
========================================================================================
----------------------------------------------------------------------------------------
RESUMEN DEL CICLO #0042
Símbolos analizados: 0
Sin señal: 0
Esperando/otros: 0
Señales rechazadas: 0
Bloqueadas por estado/límites: 0
Validadas DRY RUN: 0
Nuevas órdenes: 0
Operaciones cerradas sincronizadas: 0
Errores: 0
Duración del ciclo: 0.02s
Intervalo objetivo: 30s
Próximo ciclo en: 29.98s
----------------------------------------------------------------------------------------

========================================================================================
CICLO #0043 | 2026-09-03 14:33:28 UTC | símbolos=8
========================================================================================
[01/08] START Multi Step 2 Index
[01/08] END   Multi Step 2 Index | 0.02s | ARPS REGIME BLOCKED
    Motivo: SIN_TENDENCIA_M15
[02/08] START Multi Step 3 Index
[02/08] END   Multi Step 3 Index | 0.02s | ARPS REGIME BLOCKED
    Motivo: SIN_TENDENCIA_M15
[03/08] START Multi Step 4 Index
[03/08] END   Multi Step 4 Index | 0.02s | ARPS WAITING SETUP
    Motivo: m5_atr_regime,m5_structure_break,m1_follow_through,m1_strong_close
[04/08] START Step Index
[04/08] END   Step Index | 0.02s | ARPS REGIME BLOCKED
    Motivo: ADX_M15_INSUFICIENTE
[05/08] START Step Index 200
[05/08] END   Step Index 200 | 0.02s | ARPS REGIME BLOCKED
    Motivo: SIN_TENDENCIA_M15
[06/08] START Step Index 300
[06/08] END   Step Index 300 | 0.02s | ARPS WAITING SETUP
    Motivo: m5_pullback,m1_rejection,m1_follow_through,m1_strong_close
[07/08] START Step Index 400
[07/08] END   Step Index 400 | 0.02s | ARPS REGIME BLOCKED
    Motivo: SIN_TENDENCIA_M15
[08/08] START Step Index 500
[08/08] END   Step Index 500 | 0.02s | ARPS WAITING SETUP
    Motivo: m5_structure_break,m1_rejection,m1_follow_through,m1_strong_close
----------------------------------------------------------------------------------------
RESUMEN DEL CICLO #0043
Símbolos analizados: 8
Sin señal: 0
Esperando/otros: 8
Señales rechazadas: 0
Bloqueadas por estado/límites: 0
Validadas DRY RUN: 0
Nuevas órdenes: 0
Operaciones cerradas sincronizadas: 0
Errores: 0
Duración del ciclo: 0.20s
Intervalo objetivo: 30s
Próximo ciclo en: 29.80s
----------------------------------------------------------------------------------------

========================================================================================
CICLO #0044 | 2026-09-03 14:33:58 UTC | símbolos=0
========================================================================================
----------------------------------------------------------------------------------------
RESUMEN DEL CICLO #0044
Símbolos analizados: 0
Sin señal: 0
Esperando/otros: 0
Señales rechazadas: 0
Bloqueadas por estado/límites: 0
Validadas DRY RUN: 0
Nuevas órdenes: 0
Operaciones cerradas sincronizadas: 0
Errores: 0
Duración del ciclo: 0.02s
Intervalo objetivo: 30s
Próximo ciclo en: 29.98s
----------------------------------------------------------------------------------------

========================================================================================
CICLO #0045 | 2026-09-03 14:34:28 UTC | símbolos=8
========================================================================================
[01/08] START Multi Step 2 Index
[01/08] END   Multi Step 2 Index | 0.02s | ARPS REGIME BLOCKED
    Motivo: SIN_TENDENCIA_M15
[02/08] START Multi Step 3 Index
[02/08] END   Multi Step 3 Index | 0.02s | ARPS REGIME BLOCKED
    Motivo: SIN_TENDENCIA_M15
[03/08] START Multi Step 4 Index
[03/08] END   Multi Step 4 Index | 0.02s | ARPS WAITING SETUP
    Motivo: m5_atr_regime,m5_structure_break,m1_rejection,m1_follow_through,m1_strong_close
[04/08] START Step Index
[04/08] END   Step Index | 0.02s | ARPS REGIME BLOCKED
    Motivo: ADX_M15_INSUFICIENTE
[05/08] START Step Index 200
[05/08] END   Step Index 200 | 0.02s | ARPS REGIME BLOCKED
    Motivo: SIN_TENDENCIA_M15
[06/08] START Step Index 300
[06/08] END   Step Index 300 | 0.02s | ARPS WAITING SETUP
    Motivo: m5_pullback,m1_rejection
[07/08] START Step Index 400
[07/08] END   Step Index 400 | 0.02s | ARPS REGIME BLOCKED
    Motivo: SIN_TENDENCIA_M15
[08/08] START Step Index 500
[08/08] END   Step Index 500 | 0.02s | ARPS WAITING SETUP
    Motivo: m5_structure_break,m1_rejection,m1_follow_through,m1_strong_close
----------------------------------------------------------------------------------------
RESUMEN DEL CICLO #0045
Símbolos analizados: 8
Sin señal: 0
Esperando/otros: 8
Señales rechazadas: 0
Bloqueadas por estado/límites: 0
Validadas DRY RUN: 0
Nuevas órdenes: 0
Operaciones cerradas sincronizadas: 0
Errores: 0
Duración del ciclo: 0.20s
Intervalo objetivo: 30s
Próximo ciclo en: 29.80s
----------------------------------------------------------------------------------------

========================================================================================
CICLO #0046 | 2026-09-03 14:34:58 UTC | símbolos=0
========================================================================================
----------------------------------------------------------------------------------------
RESUMEN DEL CICLO #0046
Símbolos analizados: 0
Sin señal: 0
Esperando/otros: 0
Señales rechazadas: 0
Bloqueadas por estado/límites: 0
Validadas DRY RUN: 0
Nuevas órdenes: 0
Operaciones cerradas sincronizadas: 0
Errores: 0
Duración del ciclo: 0.02s
Intervalo objetivo: 30s
Próximo ciclo en: 29.98s
----------------------------------------------------------------------------------------

========================================================================================
CICLO #0047 | 2026-09-03 14:35:28 UTC | símbolos=8
========================================================================================
[01/08] START Multi Step 2 Index
[01/08] END   Multi Step 2 Index | 0.03s | ARPS REGIME BLOCKED
    Motivo: SIN_TENDENCIA_M15
[02/08] START Multi Step 3 Index
[02/08] END   Multi Step 3 Index | 0.03s | ARPS REGIME BLOCKED
    Motivo: SIN_TENDENCIA_M15
[03/08] START Multi Step 4 Index
[03/08] END   Multi Step 4 Index | 0.03s | ARPS WAITING SETUP
    Motivo: m1_rejection,m1_strong_close
[04/08] START Step Index
[04/08] END   Step Index | 0.02s | ARPS REGIME BLOCKED
    Motivo: ADX_M15_INSUFICIENTE
[05/08] START Step Index 200
[05/08] END   Step Index 200 | 0.02s | ARPS REGIME BLOCKED
    Motivo: SIN_TENDENCIA_M15
[06/08] START Step Index 300
[06/08] END   Step Index 300 | 0.03s | ARPS WAITING SETUP
    Motivo: m1_follow_through
[07/08] START Step Index 400
[07/08] END   Step Index 400 | 0.02s | ARPS REGIME BLOCKED
    Motivo: SIN_TENDENCIA_M15
[08/08] START Step Index 500
[08/08] END   Step Index 500 | 0.03s | ARPS WAITING SETUP
    Motivo: m5_structure_break,m5_pullback,m1_rejection,m1_follow_through
----------------------------------------------------------------------------------------
RESUMEN DEL CICLO #0047
Símbolos analizados: 8
Sin señal: 0
Esperando/otros: 8
Señales rechazadas: 0
Bloqueadas por estado/límites: 0
Validadas DRY RUN: 0
Nuevas órdenes: 0
Operaciones cerradas sincronizadas: 0
Errores: 0
Duración del ciclo: 0.28s
Intervalo objetivo: 30s
Próximo ciclo en: 29.72s
----------------------------------------------------------------------------------------

========================================================================================
CICLO #0048 | 2026-09-03 14:35:58 UTC | símbolos=0
========================================================================================
----------------------------------------------------------------------------------------
RESUMEN DEL CICLO #0048
Símbolos analizados: 0
Sin señal: 0
Esperando/otros: 0
Señales rechazadas: 0
Bloqueadas por estado/límites: 0
Validadas DRY RUN: 0
Nuevas órdenes: 0
Operaciones cerradas sincronizadas: 0
Errores: 0
Duración del ciclo: 0.02s
Intervalo objetivo: 30s
Próximo ciclo en: 29.98s
----------------------------------------------------------------------------------------

========================================================================================
CICLO #0049 | 2026-09-03 14:36:28 UTC | símbolos=8
========================================================================================
[01/08] START Multi Step 2 Index
[01/08] END   Multi Step 2 Index | 0.02s | ARPS REGIME BLOCKED
    Motivo: SIN_TENDENCIA_M15
[02/08] START Multi Step 3 Index
[02/08] END   Multi Step 3 Index | 0.02s | ARPS REGIME BLOCKED
    Motivo: SIN_TENDENCIA_M15
[03/08] START Multi Step 4 Index
[03/08] END   Multi Step 4 Index | 0.03s | ARPS WAITING SETUP
    Motivo: m1_strong_close
[04/08] START Step Index
[04/08] END   Step Index | 0.02s | ARPS REGIME BLOCKED
    Motivo: ADX_M15_INSUFICIENTE
[05/08] START Step Index 200
[05/08] END   Step Index 200 | 0.02s | ARPS REGIME BLOCKED
    Motivo: SIN_TENDENCIA_M15
[06/08] START Step Index 300
[06/08] END   Step Index 300 | 0.03s | ARPS WAITING SETUP
    Motivo: m1_rejection
[07/08] START Step Index 400
[07/08] END   Step Index 400 | 0.02s | ARPS REGIME BLOCKED
    Motivo: SIN_TENDENCIA_M15
[08/08] START Step Index 500
[08/08] END   Step Index 500 | 0.02s | ARPS WAITING SETUP
    Motivo: m5_structure_break,m5_pullback,m1_rejection
----------------------------------------------------------------------------------------
RESUMEN DEL CICLO #0049
Símbolos analizados: 8
Sin señal: 0
Esperando/otros: 8
Señales rechazadas: 0
Bloqueadas por estado/límites: 0
Validadas DRY RUN: 0
Nuevas órdenes: 0
Operaciones cerradas sincronizadas: 0
Errores: 0
Duración del ciclo: 0.22s
Intervalo objetivo: 30s
Próximo ciclo en: 29.78s
----------------------------------------------------------------------------------------

========================================================================================
CICLO #0050 | 2026-09-03 14:36:58 UTC | símbolos=0
========================================================================================
----------------------------------------------------------------------------------------
RESUMEN DEL CICLO #0050
Símbolos analizados: 0
Sin señal: 0
Esperando/otros: 0
Señales rechazadas: 0
Bloqueadas por estado/límites: 0
Validadas DRY RUN: 0
Nuevas órdenes: 0
Operaciones cerradas sincronizadas: 0
Errores: 0
Duración del ciclo: 0.02s
Intervalo objetivo: 30s
Próximo ciclo en: 29.98s
----------------------------------------------------------------------------------------

========================================================================================
CICLO #0051 | 2026-09-03 14:37:28 UTC | símbolos=8
========================================================================================
[01/08] START Multi Step 2 Index
[01/08] END   Multi Step 2 Index | 0.02s | ARPS REGIME BLOCKED
    Motivo: SIN_TENDENCIA_M15
[02/08] START Multi Step 3 Index
[02/08] END   Multi Step 3 Index | 0.02s | ARPS REGIME BLOCKED
    Motivo: SIN_TENDENCIA_M15
[03/08] START Multi Step 4 Index
[03/08] END   Multi Step 4 Index | 0.03s | ARPS WAITING SETUP
    Motivo: m1_follow_through,m1_strong_close
[04/08] START Step Index
[04/08] END   Step Index | 0.02s | ARPS REGIME BLOCKED
    Motivo: ADX_M15_INSUFICIENTE
[05/08] START Step Index 200
[05/08] END   Step Index 200 | 0.02s | ARPS REGIME BLOCKED
    Motivo: SIN_TENDENCIA_M15
[06/08] START Step Index 300
[06/08] END   Step Index 300 | 0.02s | ARPS WAITING SETUP
    Motivo: m1_rejection,m1_follow_through
[07/08] START Step Index 400
[07/08] END   Step Index 400 | 0.02s | ARPS REGIME BLOCKED
    Motivo: SIN_TENDENCIA_M15
[08/08] START Step Index 500
[08/08] END   Step Index 500 | 0.03s | ARPS WAITING SETUP
    Motivo: m5_structure_break,m5_pullback,m1_strong_close
----------------------------------------------------------------------------------------
RESUMEN DEL CICLO #0051
Símbolos analizados: 8
Sin señal: 0
Esperando/otros: 8
Señales rechazadas: 0
Bloqueadas por estado/límites: 0
Validadas DRY RUN: 0
Nuevas órdenes: 0
Operaciones cerradas sincronizadas: 0
Errores: 0
Duración del ciclo: 0.24s
Intervalo objetivo: 30s
Próximo ciclo en: 29.76s
----------------------------------------------------------------------------------------

========================================================================================
CICLO #0052 | 2026-09-03 14:37:58 UTC | símbolos=0
========================================================================================
----------------------------------------------------------------------------------------
RESUMEN DEL CICLO #0052
Símbolos analizados: 0
Sin señal: 0
Esperando/otros: 0
Señales rechazadas: 0
Bloqueadas por estado/límites: 0
Validadas DRY RUN: 0
Nuevas órdenes: 0
Operaciones cerradas sincronizadas: 0
Errores: 0
Duración del ciclo: 0.02s
Intervalo objetivo: 30s
Próximo ciclo en: 29.98s
----------------------------------------------------------------------------------------

========================================================================================
CICLO #0053 | 2026-09-03 14:38:28 UTC | símbolos=8
========================================================================================
[01/08] START Multi Step 2 Index
[01/08] END   Multi Step 2 Index | 0.02s | ARPS REGIME BLOCKED
    Motivo: SIN_TENDENCIA_M15
[02/08] START Multi Step 3 Index
[02/08] END   Multi Step 3 Index | 0.02s | ARPS REGIME BLOCKED
    Motivo: SIN_TENDENCIA_M15
[03/08] START Multi Step 4 Index
[03/08] END   Multi Step 4 Index | 0.02s | ARPS WAITING SETUP
    Motivo: m1_rejection,m1_follow_through
[04/08] START Step Index
[04/08] END   Step Index | 0.02s | ARPS REGIME BLOCKED
    Motivo: ADX_M15_INSUFICIENTE
[05/08] START Step Index 200
[05/08] END   Step Index 200 | 0.02s | ARPS REGIME BLOCKED
    Motivo: SIN_TENDENCIA_M15
[06/08] START Step Index 300
[06/08] END   Step Index 300 | 0.02s | ARPS WAITING SETUP
    Motivo: m1_rejection,m1_follow_through,m1_strong_close
[07/08] START Step Index 400
[07/08] END   Step Index 400 | 0.02s | ARPS REGIME BLOCKED
    Motivo: SIN_TENDENCIA_M15
[08/08] START Step Index 500
[08/08] END   Step Index 500 | 0.02s | ARPS WAITING SETUP
    Motivo: m5_structure_break,m5_pullback,m1_follow_through
----------------------------------------------------------------------------------------
RESUMEN DEL CICLO #0053
Símbolos analizados: 8
Sin señal: 0
Esperando/otros: 8
Señales rechazadas: 0
Bloqueadas por estado/límites: 0
Validadas DRY RUN: 0
Nuevas órdenes: 0
Operaciones cerradas sincronizadas: 0
Errores: 0
Duración del ciclo: 0.20s
Intervalo objetivo: 30s
Próximo ciclo en: 29.80s
----------------------------------------------------------------------------------------

========================================================================================
CICLO #0054 | 2026-09-03 14:38:58 UTC | símbolos=0
========================================================================================
----------------------------------------------------------------------------------------
RESUMEN DEL CICLO #0054
Símbolos analizados: 0
Sin señal: 0
Esperando/otros: 0
Señales rechazadas: 0
Bloqueadas por estado/límites: 0
Validadas DRY RUN: 0
Nuevas órdenes: 0
Operaciones cerradas sincronizadas: 0
Errores: 0
Duración del ciclo: 0.02s
Intervalo objetivo: 30s
Próximo ciclo en: 29.98s
----------------------------------------------------------------------------------------

========================================================================================
CICLO #0055 | 2026-09-03 14:39:28 UTC | símbolos=8
========================================================================================
[01/08] START Multi Step 2 Index
[01/08] END   Multi Step 2 Index | 0.02s | ARPS REGIME BLOCKED
    Motivo: SIN_TENDENCIA_M15
[02/08] START Multi Step 3 Index
[02/08] END   Multi Step 3 Index | 0.02s | ARPS REGIME BLOCKED
    Motivo: SIN_TENDENCIA_M15
[03/08] START Multi Step 4 Index
[03/08] END   Multi Step 4 Index | 0.02s | ARPS WAITING SETUP
    Motivo: m1_rejection,m1_strong_close
[04/08] START Step Index
[04/08] END   Step Index | 0.02s | ARPS REGIME BLOCKED
    Motivo: ADX_M15_INSUFICIENTE
[05/08] START Step Index 200
[05/08] END   Step Index 200 | 0.02s | ARPS REGIME BLOCKED
    Motivo: SIN_TENDENCIA_M15
[06/08] START Step Index 300
[06/08] END   Step Index 300 | 0.02s | ARPS WAITING SETUP
    Motivo: m1_rejection
[07/08] START Step Index 400
[07/08] END   Step Index 400 | 0.02s | ARPS REGIME BLOCKED
    Motivo: SIN_TENDENCIA_M15
[08/08] START Step Index 500
[08/08] END   Step Index 500 | 0.03s | ARPS WAITING SETUP
    Motivo: m5_structure_break,m5_pullback,m1_rejection,m1_follow_through,m1_strong_close
----------------------------------------------------------------------------------------
RESUMEN DEL CICLO #0055
Símbolos analizados: 8
Sin señal: 0
Esperando/otros: 8
Señales rechazadas: 0
Bloqueadas por estado/límites: 0
Validadas DRY RUN: 0
Nuevas órdenes: 0
Operaciones cerradas sincronizadas: 0
Errores: 0
Duración del ciclo: 0.23s
Intervalo objetivo: 30s
Próximo ciclo en: 29.77s
----------------------------------------------------------------------------------------

========================================================================================
CICLO #0056 | 2026-09-03 14:39:58 UTC | símbolos=0
========================================================================================
----------------------------------------------------------------------------------------
RESUMEN DEL CICLO #0056
Símbolos analizados: 0
Sin señal: 0
Esperando/otros: 0
Señales rechazadas: 0
Bloqueadas por estado/límites: 0
Validadas DRY RUN: 0
Nuevas órdenes: 0
Operaciones cerradas sincronizadas: 0
Errores: 0
Duración del ciclo: 0.02s
Intervalo objetivo: 30s
Próximo ciclo en: 29.98s
----------------------------------------------------------------------------------------

========================================================================================
CICLO #0057 | 2026-09-03 14:40:28 UTC | símbolos=8
========================================================================================
[01/08] START Multi Step 2 Index
[01/08] END   Multi Step 2 Index | 0.02s | ARPS REGIME BLOCKED
    Motivo: SIN_TENDENCIA_M15
[02/08] START Multi Step 3 Index
[02/08] END   Multi Step 3 Index | 0.02s | ARPS REGIME BLOCKED
    Motivo: SIN_TENDENCIA_M15
[03/08] START Multi Step 4 Index
[03/08] END   Multi Step 4 Index | 0.03s | ARPS WAITING SETUP
    Motivo: m5_structure_break,m1_follow_through,m1_strong_close
[04/08] START Step Index
[04/08] END   Step Index | 0.02s | ARPS REGIME BLOCKED
    Motivo: ADX_M15_INSUFICIENTE
[05/08] START Step Index 200
[05/08] END   Step Index 200 | 0.02s | ARPS REGIME BLOCKED
    Motivo: SIN_TENDENCIA_M15
[06/08] START Step Index 300
[06/08] END   Step Index 300 | 0.03s | ARPS WAITING SETUP
    Motivo: m5_structure_break
[07/08] START Step Index 400
[07/08] END   Step Index 400 | 0.02s | ARPS REGIME BLOCKED
    Motivo: SIN_TENDENCIA_M15
[08/08] START Step Index 500
[08/08] END   Step Index 500 | 0.03s | ARPS WAITING SETUP
    Motivo: m5_structure_break,m5_pullback,m1_rejection,m1_follow_through
----------------------------------------------------------------------------------------
RESUMEN DEL CICLO #0057
Símbolos analizados: 8
Sin señal: 0
Esperando/otros: 8
Señales rechazadas: 0
Bloqueadas por estado/límites: 0
Validadas DRY RUN: 0
Nuevas órdenes: 0
Operaciones cerradas sincronizadas: 0
Errores: 0
Duración del ciclo: 0.23s
Intervalo objetivo: 30s
Próximo ciclo en: 29.77s
----------------------------------------------------------------------------------------

========================================================================================
CICLO #0058 | 2026-09-03 14:40:58 UTC | símbolos=0
========================================================================================
----------------------------------------------------------------------------------------
RESUMEN DEL CICLO #0058
Símbolos analizados: 0
Sin señal: 0
Esperando/otros: 0
Señales rechazadas: 0
Bloqueadas por estado/límites: 0
Validadas DRY RUN: 0
Nuevas órdenes: 0
Operaciones cerradas sincronizadas: 0
Errores: 0
Duración del ciclo: 0.02s
Intervalo objetivo: 30s
Próximo ciclo en: 29.98s
----------------------------------------------------------------------------------------

========================================================================================
CICLO #0059 | 2026-09-03 14:41:28 UTC | símbolos=8
========================================================================================
[01/08] START Multi Step 2 Index
[01/08] END   Multi Step 2 Index | 0.02s | ARPS REGIME BLOCKED
    Motivo: SIN_TENDENCIA_M15
[02/08] START Multi Step 3 Index
[02/08] END   Multi Step 3 Index | 0.02s | ARPS REGIME BLOCKED
    Motivo: SIN_TENDENCIA_M15
[03/08] START Multi Step 4 Index
[03/08] END   Multi Step 4 Index | 0.03s | ARPS WAITING SETUP
    Motivo: m5_structure_break,m1_follow_through
[04/08] START Step Index
[04/08] END   Step Index | 0.02s | ARPS REGIME BLOCKED
    Motivo: ADX_M15_INSUFICIENTE
[05/08] START Step Index 200
[05/08] END   Step Index 200 | 0.02s | ARPS REGIME BLOCKED
    Motivo: SIN_TENDENCIA_M15
[06/08] START Step Index 300
[06/08] END   Step Index 300 | 0.03s | ARPS WAITING SETUP
    Motivo: m5_structure_break,m1_rejection,m1_follow_through
[07/08] START Step Index 400
[07/08] END   Step Index 400 | 0.02s | ARPS REGIME BLOCKED
    Motivo: SIN_TENDENCIA_M15
[08/08] START Step Index 500
[08/08] END   Step Index 500 | 0.02s | ARPS WAITING SETUP
    Motivo: m5_structure_break,m5_pullback,m1_rejection
----------------------------------------------------------------------------------------
RESUMEN DEL CICLO #0059
Símbolos analizados: 8
Sin señal: 0
Esperando/otros: 8
Señales rechazadas: 0
Bloqueadas por estado/límites: 0
Validadas DRY RUN: 0
Nuevas órdenes: 0
Operaciones cerradas sincronizadas: 0
Errores: 0
Duración del ciclo: 0.23s
Intervalo objetivo: 30s
Próximo ciclo en: 29.77s
----------------------------------------------------------------------------------------

========================================================================================
CICLO #0060 | 2026-09-03 14:41:58 UTC | símbolos=0
========================================================================================
----------------------------------------------------------------------------------------
RESUMEN DEL CICLO #0060
Símbolos analizados: 0
Sin señal: 0
Esperando/otros: 0
Señales rechazadas: 0
Bloqueadas por estado/límites: 0
Validadas DRY RUN: 0
Nuevas órdenes: 0
Operaciones cerradas sincronizadas: 0
Errores: 0
Duración del ciclo: 0.02s
Intervalo objetivo: 30s
Próximo ciclo en: 29.98s
----------------------------------------------------------------------------------------

========================================================================================
CICLO #0061 | 2026-09-03 14:42:28 UTC | símbolos=8
========================================================================================
[01/08] START Multi Step 2 Index
[01/08] END   Multi Step 2 Index | 0.02s | ARPS REGIME BLOCKED
    Motivo: SIN_TENDENCIA_M15
[02/08] START Multi Step 3 Index
[02/08] END   Multi Step 3 Index | 0.02s | ARPS REGIME BLOCKED
    Motivo: SIN_TENDENCIA_M15
[03/08] START Multi Step 4 Index
[03/08] END   Multi Step 4 Index | 0.03s | ARPS WAITING SETUP
    Motivo: m5_structure_break,m1_rejection,m1_follow_through,m1_strong_close
[04/08] START Step Index
[04/08] END   Step Index | 0.02s | ARPS REGIME BLOCKED
    Motivo: ADX_M15_INSUFICIENTE
[05/08] START Step Index 200
[05/08] END   Step Index 200 | 0.03s | ARPS REGIME BLOCKED
    Motivo: SIN_TENDENCIA_M15
[06/08] START Step Index 300
[06/08] END   Step Index 300 | 0.03s | ARPS WAITING SETUP
    Motivo: m5_structure_break,m1_rejection,m1_follow_through
[07/08] START Step Index 400
[07/08] END   Step Index 400 | 0.03s | ARPS REGIME BLOCKED
    Motivo: SIN_TENDENCIA_M15
[08/08] START Step Index 500
[08/08] END   Step Index 500 | 0.03s | ARPS WAITING SETUP
    Motivo: m5_structure_break,m5_pullback,m1_rejection,m1_follow_through
----------------------------------------------------------------------------------------
RESUMEN DEL CICLO #0061
Símbolos analizados: 8
Sin señal: 0
Esperando/otros: 8
Señales rechazadas: 0
Bloqueadas por estado/límites: 0
Validadas DRY RUN: 0
Nuevas órdenes: 0
Operaciones cerradas sincronizadas: 0
Errores: 0
Duración del ciclo: 0.24s
Intervalo objetivo: 30s
Próximo ciclo en: 29.76s
----------------------------------------------------------------------------------------

========================================================================================
CICLO #0062 | 2026-09-03 14:42:58 UTC | símbolos=0
========================================================================================
----------------------------------------------------------------------------------------
RESUMEN DEL CICLO #0062
Símbolos analizados: 0
Sin señal: 0
Esperando/otros: 0
Señales rechazadas: 0
Bloqueadas por estado/límites: 0
Validadas DRY RUN: 0
Nuevas órdenes: 0
Operaciones cerradas sincronizadas: 0
Errores: 0
Duración del ciclo: 0.04s
Intervalo objetivo: 30s
Próximo ciclo en: 29.96s
----------------------------------------------------------------------------------------

========================================================================================
CICLO #0063 | 2026-09-03 14:43:28 UTC | símbolos=8
========================================================================================
[01/08] START Multi Step 2 Index
[01/08] END   Multi Step 2 Index | 0.02s | ARPS REGIME BLOCKED
    Motivo: SIN_TENDENCIA_M15
[02/08] START Multi Step 3 Index
[02/08] END   Multi Step 3 Index | 0.02s | ARPS REGIME BLOCKED
    Motivo: SIN_TENDENCIA_M15
[03/08] START Multi Step 4 Index
[03/08] END   Multi Step 4 Index | 0.02s | ARPS WAITING SETUP
    Motivo: m5_structure_break,m1_rejection
[04/08] START Step Index
[04/08] END   Step Index | 0.03s | ARPS REGIME BLOCKED
    Motivo: ADX_M15_INSUFICIENTE
[05/08] START Step Index 200
[05/08] END   Step Index 200 | 0.02s | ARPS REGIME BLOCKED
    Motivo: SIN_TENDENCIA_M15
[06/08] START Step Index 300
[06/08] END   Step Index 300 | 0.02s | ARPS WAITING SETUP
    Motivo: m5_structure_break,m1_rejection
[07/08] START Step Index 400
[07/08] END   Step Index 400 | 0.02s | ARPS REGIME BLOCKED
    Motivo: SIN_TENDENCIA_M15
[08/08] START Step Index 500
[08/08] END   Step Index 500 | 0.03s | ARPS WAITING SETUP
    Motivo: m5_structure_break,m5_pullback,m1_rejection
----------------------------------------------------------------------------------------
RESUMEN DEL CICLO #0063
Símbolos analizados: 8
Sin señal: 0
Esperando/otros: 8
Señales rechazadas: 0
Bloqueadas por estado/límites: 0
Validadas DRY RUN: 0
Nuevas órdenes: 0
Operaciones cerradas sincronizadas: 0
Errores: 0
Duración del ciclo: 0.23s
Intervalo objetivo: 30s
Próximo ciclo en: 29.77s
----------------------------------------------------------------------------------------

========================================================================================
CICLO #0064 | 2026-09-03 14:43:58 UTC | símbolos=0
========================================================================================
----------------------------------------------------------------------------------------
RESUMEN DEL CICLO #0064
Símbolos analizados: 0
Sin señal: 0
Esperando/otros: 0
Señales rechazadas: 0
Bloqueadas por estado/límites: 0
Validadas DRY RUN: 0
Nuevas órdenes: 0
Operaciones cerradas sincronizadas: 0
Errores: 0
Duración del ciclo: 0.02s
Intervalo objetivo: 30s
Próximo ciclo en: 29.98s
----------------------------------------------------------------------------------------

========================================================================================
CICLO #0065 | 2026-09-03 14:44:28 UTC | símbolos=8
========================================================================================
[01/08] START Multi Step 2 Index
[01/08] END   Multi Step 2 Index | 0.02s | ARPS REGIME BLOCKED
    Motivo: SIN_TENDENCIA_M15
[02/08] START Multi Step 3 Index
[02/08] END   Multi Step 3 Index | 0.02s | ARPS REGIME BLOCKED
    Motivo: SIN_TENDENCIA_M15
[03/08] START Multi Step 4 Index
[03/08] END   Multi Step 4 Index | 0.02s | ARPS WAITING SETUP
    Motivo: m5_structure_break,m1_rejection,m1_follow_through,m1_strong_close
[04/08] START Step Index
[04/08] END   Step Index | 0.02s | ARPS REGIME BLOCKED
    Motivo: ADX_M15_INSUFICIENTE
[05/08] START Step Index 200
[05/08] END   Step Index 200 | 0.02s | ARPS REGIME BLOCKED
    Motivo: SIN_TENDENCIA_M15
[06/08] START Step Index 300
[06/08] END   Step Index 300 | 0.03s | ARPS WAITING SETUP
    Motivo: m5_structure_break,m1_rejection
[07/08] START Step Index 400
[07/08] END   Step Index 400 | 0.02s | ARPS REGIME BLOCKED
    Motivo: SIN_TENDENCIA_M15
[08/08] START Step Index 500
[08/08] END   Step Index 500 | 0.03s | ARPS WAITING SETUP
    Motivo: m5_structure_break,m5_pullback,m1_rejection,m1_follow_through
----------------------------------------------------------------------------------------
RESUMEN DEL CICLO #0065
Símbolos analizados: 8
Sin señal: 0
Esperando/otros: 8
Señales rechazadas: 0
Bloqueadas por estado/límites: 0
Validadas DRY RUN: 0
Nuevas órdenes: 0
Operaciones cerradas sincronizadas: 0
Errores: 0
Duración del ciclo: 0.21s
Intervalo objetivo: 30s
Próximo ciclo en: 29.79s
----------------------------------------------------------------------------------------

========================================================================================
CICLO #0066 | 2026-09-03 14:44:58 UTC | símbolos=0
========================================================================================
----------------------------------------------------------------------------------------
RESUMEN DEL CICLO #0066
Símbolos analizados: 0
Sin señal: 0
Esperando/otros: 0
Señales rechazadas: 0
Bloqueadas por estado/límites: 0
Validadas DRY RUN: 0
Nuevas órdenes: 0
Operaciones cerradas sincronizadas: 0
Errores: 0
Duración del ciclo: 0.03s
Intervalo objetivo: 30s
Próximo ciclo en: 29.97s
----------------------------------------------------------------------------------------

========================================================================================
CICLO #0067 | 2026-09-03 14:45:28 UTC | símbolos=8
========================================================================================
[01/08] START Multi Step 2 Index
[01/08] END   Multi Step 2 Index | 0.03s | ARPS REGIME BLOCKED
    Motivo: SIN_TENDENCIA_M15
[02/08] START Multi Step 3 Index
[02/08] END   Multi Step 3 Index | 0.03s | ARPS REGIME BLOCKED
    Motivo: SIN_TENDENCIA_M15
[03/08] START Multi Step 4 Index
[03/08] END   Multi Step 4 Index | 0.03s | ARPS WAITING SETUP
    Motivo: m5_structure_break,m1_rejection,m1_follow_through,m1_strong_close
[04/08] START Step Index
[04/08] END   Step Index | 0.03s | ARPS REGIME BLOCKED
    Motivo: ADX_M15_INSUFICIENTE
[05/08] START Step Index 200
[05/08] END   Step Index 200 | 0.02s | ARPS REGIME BLOCKED
    Motivo: SIN_TENDENCIA_M15
[06/08] START Step Index 300
[06/08] END   Step Index 300 | 0.03s | ARPS WAITING SETUP
    Motivo: m5_structure_break,m1_rejection,m1_follow_through
[07/08] START Step Index 400
[07/08] END   Step Index 400 | 0.02s | ARPS REGIME BLOCKED
    Motivo: SIN_TENDENCIA_M15
[08/08] START Step Index 500
[08/08] END   Step Index 500 | 0.03s | ARPS WAITING SETUP
    Motivo: m5_structure_break,m5_pullback,m1_rejection,m1_follow_through
----------------------------------------------------------------------------------------
RESUMEN DEL CICLO #0067
Símbolos analizados: 8
Sin señal: 0
Esperando/otros: 8
Señales rechazadas: 0
Bloqueadas por estado/límites: 0
Validadas DRY RUN: 0
Nuevas órdenes: 0
Operaciones cerradas sincronizadas: 0
Errores: 0
Duración del ciclo: 0.27s
Intervalo objetivo: 30s
Próximo ciclo en: 29.73s
----------------------------------------------------------------------------------------

========================================================================================
CICLO #0068 | 2026-09-03 14:45:58 UTC | símbolos=0
========================================================================================
----------------------------------------------------------------------------------------
RESUMEN DEL CICLO #0068
Símbolos analizados: 0
Sin señal: 0
Esperando/otros: 0
Señales rechazadas: 0
Bloqueadas por estado/límites: 0
Validadas DRY RUN: 0
Nuevas órdenes: 0
Operaciones cerradas sincronizadas: 0
Errores: 0
Duración del ciclo: 0.02s
Intervalo objetivo: 30s
Próximo ciclo en: 29.98s
----------------------------------------------------------------------------------------

========================================================================================
CICLO #0069 | 2026-09-03 14:46:28 UTC | símbolos=8
========================================================================================
[01/08] START Multi Step 2 Index
[01/08] END   Multi Step 2 Index | 0.02s | ARPS REGIME BLOCKED
    Motivo: SIN_TENDENCIA_M15
[02/08] START Multi Step 3 Index
[02/08] END   Multi Step 3 Index | 0.02s | ARPS REGIME BLOCKED
    Motivo: SIN_TENDENCIA_M15
[03/08] START Multi Step 4 Index
[03/08] END   Multi Step 4 Index | 0.02s | ARPS WAITING SETUP
    Motivo: m5_structure_break,m1_rejection,m1_follow_through
[04/08] START Step Index
[04/08] END   Step Index | 0.02s | ARPS REGIME BLOCKED
    Motivo: ADX_M15_INSUFICIENTE
[05/08] START Step Index 200
[05/08] END   Step Index 200 | 0.02s | ARPS REGIME BLOCKED
    Motivo: SIN_TENDENCIA_M15
[06/08] START Step Index 300
[06/08] END   Step Index 300 | 0.02s | ARPS WAITING SETUP
    Motivo: m5_structure_break,m1_rejection,m1_strong_close
[07/08] START Step Index 400
[07/08] END   Step Index 400 | 0.02s | ARPS REGIME BLOCKED
    Motivo: SIN_TENDENCIA_M15
[08/08] START Step Index 500
[08/08] END   Step Index 500 | 0.02s | ARPS WAITING SETUP
    Motivo: m5_structure_break,m5_pullback,m1_rejection
----------------------------------------------------------------------------------------
RESUMEN DEL CICLO #0069
Símbolos analizados: 8
Sin señal: 0
Esperando/otros: 8
Señales rechazadas: 0
Bloqueadas por estado/límites: 0
Validadas DRY RUN: 0
Nuevas órdenes: 0
Operaciones cerradas sincronizadas: 0
Errores: 0
Duración del ciclo: 0.19s
Intervalo objetivo: 30s
Próximo ciclo en: 29.81s
----------------------------------------------------------------------------------------

========================================================================================
CICLO #0070 | 2026-09-03 14:46:58 UTC | símbolos=0
========================================================================================
----------------------------------------------------------------------------------------
RESUMEN DEL CICLO #0070
Símbolos analizados: 0
Sin señal: 0
Esperando/otros: 0
Señales rechazadas: 0
Bloqueadas por estado/límites: 0
Validadas DRY RUN: 0
Nuevas órdenes: 0
Operaciones cerradas sincronizadas: 0
Errores: 0
Duración del ciclo: 0.02s
Intervalo objetivo: 30s
Próximo ciclo en: 29.98s
----------------------------------------------------------------------------------------

========================================================================================
CICLO #0071 | 2026-09-03 14:47:28 UTC | símbolos=8
========================================================================================
[01/08] START Multi Step 2 Index
[01/08] END   Multi Step 2 Index | 0.02s | ARPS REGIME BLOCKED
    Motivo: SIN_TENDENCIA_M15
[02/08] START Multi Step 3 Index
[02/08] END   Multi Step 3 Index | 0.02s | ARPS REGIME BLOCKED
    Motivo: SIN_TENDENCIA_M15
[03/08] START Multi Step 4 Index
[03/08] END   Multi Step 4 Index | 0.02s | ARPS WAITING SETUP
    Motivo: m5_structure_break,m1_rejection,m1_follow_through,m1_strong_close
[04/08] START Step Index
[04/08] END   Step Index | 0.02s | ARPS REGIME BLOCKED
    Motivo: ADX_M15_INSUFICIENTE
[05/08] START Step Index 200
[05/08] END   Step Index 200 | 0.02s | ARPS REGIME BLOCKED
    Motivo: SIN_TENDENCIA_M15
[06/08] START Step Index 300
[06/08] END   Step Index 300 | 0.03s | ARPS WAITING SETUP
    Motivo: m5_structure_break,m1_follow_through,m1_strong_close
[07/08] START Step Index 400
[07/08] END   Step Index 400 | 0.02s | ARPS REGIME BLOCKED
    Motivo: SIN_TENDENCIA_M15
[08/08] START Step Index 500
[08/08] END   Step Index 500 | 0.02s | ARPS WAITING SETUP
    Motivo: m5_structure_break,m5_pullback,m1_rejection,m1_follow_through
----------------------------------------------------------------------------------------
RESUMEN DEL CICLO #0071
Símbolos analizados: 8
Sin señal: 0
Esperando/otros: 8
Señales rechazadas: 0
Bloqueadas por estado/límites: 0
Validadas DRY RUN: 0
Nuevas órdenes: 0
Operaciones cerradas sincronizadas: 0
Errores: 0
Duración del ciclo: 0.22s
Intervalo objetivo: 30s
Próximo ciclo en: 29.78s
----------------------------------------------------------------------------------------

========================================================================================
CICLO #0072 | 2026-09-03 14:47:58 UTC | símbolos=0
========================================================================================
----------------------------------------------------------------------------------------
RESUMEN DEL CICLO #0072
Símbolos analizados: 0
Sin señal: 0
Esperando/otros: 0
Señales rechazadas: 0
Bloqueadas por estado/límites: 0
Validadas DRY RUN: 0
Nuevas órdenes: 0
Operaciones cerradas sincronizadas: 0
Errores: 0
Duración del ciclo: 0.02s
Intervalo objetivo: 30s
Próximo ciclo en: 29.98s
----------------------------------------------------------------------------------------

========================================================================================
CICLO #0073 | 2026-09-03 14:48:28 UTC | símbolos=8
========================================================================================
[01/08] START Multi Step 2 Index
[01/08] END   Multi Step 2 Index | 0.02s | ARPS REGIME BLOCKED
    Motivo: SIN_TENDENCIA_M15
[02/08] START Multi Step 3 Index
[02/08] END   Multi Step 3 Index | 0.02s | ARPS REGIME BLOCKED
    Motivo: SIN_TENDENCIA_M15
[03/08] START Multi Step 4 Index
[03/08] END   Multi Step 4 Index | 0.02s | ARPS WAITING SETUP
    Motivo: m5_structure_break,m1_follow_through
[04/08] START Step Index
[04/08] END   Step Index | 0.02s | ARPS REGIME BLOCKED
    Motivo: ADX_M15_INSUFICIENTE
[05/08] START Step Index 200
[05/08] END   Step Index 200 | 0.02s | ARPS REGIME BLOCKED
    Motivo: SIN_TENDENCIA_M15
[06/08] START Step Index 300
[06/08] END   Step Index 300 | 0.03s | ARPS WAITING SETUP
    Motivo: m5_structure_break,m1_rejection,m1_strong_close
[07/08] START Step Index 400
[07/08] END   Step Index 400 | 0.02s | ARPS REGIME BLOCKED
    Motivo: SIN_TENDENCIA_M15
[08/08] START Step Index 500
[08/08] END   Step Index 500 | 0.03s | ARPS WAITING SETUP
    Motivo: m5_structure_break,m5_pullback,m1_rejection,m1_follow_through,m1_strong_close
----------------------------------------------------------------------------------------
RESUMEN DEL CICLO #0073
Símbolos analizados: 8
Sin señal: 0
Esperando/otros: 8
Señales rechazadas: 0
Bloqueadas por estado/límites: 0
Validadas DRY RUN: 0
Nuevas órdenes: 0
Operaciones cerradas sincronizadas: 0
Errores: 0
Duración del ciclo: 0.25s
Intervalo objetivo: 30s
Próximo ciclo en: 29.75s
----------------------------------------------------------------------------------------

========================================================================================
CICLO #0074 | 2026-09-03 14:48:58 UTC | símbolos=0
========================================================================================
----------------------------------------------------------------------------------------
RESUMEN DEL CICLO #0074
Símbolos analizados: 0
Sin señal: 0
Esperando/otros: 0
Señales rechazadas: 0
Bloqueadas por estado/límites: 0
Validadas DRY RUN: 0
Nuevas órdenes: 0
Operaciones cerradas sincronizadas: 0
Errores: 0
Duración del ciclo: 0.02s
Intervalo objetivo: 30s
Próximo ciclo en: 29.98s
----------------------------------------------------------------------------------------

========================================================================================
CICLO #0075 | 2026-09-03 14:49:28 UTC | símbolos=8
========================================================================================
[01/08] START Multi Step 2 Index
[01/08] END   Multi Step 2 Index | 0.02s | ARPS REGIME BLOCKED
    Motivo: SIN_TENDENCIA_M15
[02/08] START Multi Step 3 Index
[02/08] END   Multi Step 3 Index | 0.02s | ARPS REGIME BLOCKED
    Motivo: SIN_TENDENCIA_M15
[03/08] START Multi Step 4 Index
[03/08] END   Multi Step 4 Index | 0.03s | ARPS WAITING SETUP
    Motivo: m5_structure_break,m1_rejection
[04/08] START Step Index
[04/08] END   Step Index | 0.02s | ARPS REGIME BLOCKED
    Motivo: ADX_M15_INSUFICIENTE
[05/08] START Step Index 200
[05/08] END   Step Index 200 | 0.02s | ARPS REGIME BLOCKED
    Motivo: SIN_TENDENCIA_M15
[06/08] START Step Index 300
[06/08] END   Step Index 300 | 0.02s | ARPS WAITING SETUP
    Motivo: m5_structure_break,m1_follow_through,m1_strong_close
[07/08] START Step Index 400
[07/08] END   Step Index 400 | 0.02s | ARPS REGIME BLOCKED
    Motivo: SIN_TENDENCIA_M15
[08/08] START Step Index 500
[08/08] END   Step Index 500 | 0.02s | ARPS WAITING SETUP
    Motivo: m5_structure_break,m5_pullback,m1_rejection,m1_follow_through
----------------------------------------------------------------------------------------
RESUMEN DEL CICLO #0075
Símbolos analizados: 8
Sin señal: 0
Esperando/otros: 8
Señales rechazadas: 0
Bloqueadas por estado/límites: 0
Validadas DRY RUN: 0
Nuevas órdenes: 0
Operaciones cerradas sincronizadas: 0
Errores: 0
Duración del ciclo: 0.25s
Intervalo objetivo: 30s
Próximo ciclo en: 29.75s
----------------------------------------------------------------------------------------

========================================================================================
CICLO #0076 | 2026-09-03 14:49:58 UTC | símbolos=0
========================================================================================
----------------------------------------------------------------------------------------
RESUMEN DEL CICLO #0076
Símbolos analizados: 0
Sin señal: 0
Esperando/otros: 0
Señales rechazadas: 0
Bloqueadas por estado/límites: 0
Validadas DRY RUN: 0
Nuevas órdenes: 0
Operaciones cerradas sincronizadas: 0
Errores: 0
Duración del ciclo: 0.02s
Intervalo objetivo: 30s
Próximo ciclo en: 29.98s
----------------------------------------------------------------------------------------

========================================================================================
CICLO #0077 | 2026-09-03 14:50:28 UTC | símbolos=8
========================================================================================
[01/08] START Multi Step 2 Index
[01/08] END   Multi Step 2 Index | 0.02s | ARPS REGIME BLOCKED
    Motivo: SIN_TENDENCIA_M15
[02/08] START Multi Step 3 Index
[02/08] END   Multi Step 3 Index | 0.02s | ARPS REGIME BLOCKED
    Motivo: SIN_TENDENCIA_M15
[03/08] START Multi Step 4 Index
[03/08] END   Multi Step 4 Index | 0.02s | ARPS WAITING SETUP
    Motivo: m5_structure_break,m1_strong_close
[04/08] START Step Index
[04/08] END   Step Index | 0.02s | ARPS REGIME BLOCKED
    Motivo: ADX_M15_INSUFICIENTE
[05/08] START Step Index 200
[05/08] END   Step Index 200 | 0.02s | ARPS REGIME BLOCKED
    Motivo: SIN_TENDENCIA_M15
[06/08] START Step Index 300
[06/08] END   Step Index 300 | 0.10s | ARPS WAITING SETUP
    Motivo: m5_structure_break,m1_rejection,m1_follow_through,m1_strong_close
[07/08] START Step Index 400
[07/08] END   Step Index 400 | 0.02s | ARPS REGIME BLOCKED
    Motivo: SIN_TENDENCIA_M15
[08/08] START Step Index 500
[08/08] END   Step Index 500 | 0.03s | ARPS WAITING SETUP
    Motivo: m5_structure_break,m5_pullback,m1_rejection,m1_follow_through,m1_strong_close
----------------------------------------------------------------------------------------
RESUMEN DEL CICLO #0077
Símbolos analizados: 8
Sin señal: 0
Esperando/otros: 8
Señales rechazadas: 0
Bloqueadas por estado/límites: 0
Validadas DRY RUN: 0
Nuevas órdenes: 0
Operaciones cerradas sincronizadas: 0
Errores: 0
Duración del ciclo: 0.29s
Intervalo objetivo: 30s
Próximo ciclo en: 29.71s
----------------------------------------------------------------------------------------

========================================================================================
CICLO #0078 | 2026-09-03 14:50:58 UTC | símbolos=0
========================================================================================
----------------------------------------------------------------------------------------
RESUMEN DEL CICLO #0078
Símbolos analizados: 0
Sin señal: 0
Esperando/otros: 0
Señales rechazadas: 0
Bloqueadas por estado/límites: 0
Validadas DRY RUN: 0
Nuevas órdenes: 0
Operaciones cerradas sincronizadas: 0
Errores: 0
Duración del ciclo: 0.02s
Intervalo objetivo: 30s
Próximo ciclo en: 29.98s
----------------------------------------------------------------------------------------

========================================================================================
CICLO #0079 | 2026-09-03 14:51:28 UTC | símbolos=8
========================================================================================
[01/08] START Multi Step 2 Index
[01/08] END   Multi Step 2 Index | 0.02s | ARPS REGIME BLOCKED
    Motivo: SIN_TENDENCIA_M15
[02/08] START Multi Step 3 Index
[02/08] END   Multi Step 3 Index | 0.01s | ARPS REGIME BLOCKED
    Motivo: SIN_TENDENCIA_M15
[03/08] START Multi Step 4 Index
[03/08] END   Multi Step 4 Index | 0.02s | ARPS WAITING SETUP
    Motivo: m5_structure_break,m1_follow_through,m1_strong_close
[04/08] START Step Index
[04/08] END   Step Index | 0.02s | ARPS REGIME BLOCKED
    Motivo: ADX_M15_INSUFICIENTE
[05/08] START Step Index 200
[05/08] END   Step Index 200 | 0.02s | ARPS REGIME BLOCKED
    Motivo: SIN_TENDENCIA_M15
[06/08] START Step Index 300
[06/08] END   Step Index 300 | 0.02s | ARPS WAITING SETUP
    Motivo: m5_structure_break,m1_rejection,m1_follow_through,m1_strong_close
[07/08] START Step Index 400
[07/08] END   Step Index 400 | 0.02s | ARPS REGIME BLOCKED
    Motivo: SIN_TENDENCIA_M15
[08/08] START Step Index 500
[08/08] END   Step Index 500 | 0.02s | ARPS WAITING SETUP
    Motivo: m5_structure_break,m5_pullback,m1_follow_through
----------------------------------------------------------------------------------------
RESUMEN DEL CICLO #0079
Símbolos analizados: 8
Sin señal: 0
Esperando/otros: 8
Señales rechazadas: 0
Bloqueadas por estado/límites: 0
Validadas DRY RUN: 0
Nuevas órdenes: 0
Operaciones cerradas sincronizadas: 0
Errores: 0
Duración del ciclo: 0.18s
Intervalo objetivo: 30s
Próximo ciclo en: 29.82s
----------------------------------------------------------------------------------------

========================================================================================
CICLO #0080 | 2026-09-03 14:51:58 UTC | símbolos=0
========================================================================================
----------------------------------------------------------------------------------------
RESUMEN DEL CICLO #0080
Símbolos analizados: 0
Sin señal: 0
Esperando/otros: 0
Señales rechazadas: 0
Bloqueadas por estado/límites: 0
Validadas DRY RUN: 0
Nuevas órdenes: 0
Operaciones cerradas sincronizadas: 0
Errores: 0
Duración del ciclo: 0.02s
Intervalo objetivo: 30s
Próximo ciclo en: 29.98s
----------------------------------------------------------------------------------------

========================================================================================
CICLO #0081 | 2026-09-03 14:52:28 UTC | símbolos=8
========================================================================================
[01/08] START Multi Step 2 Index
[01/08] END   Multi Step 2 Index | 0.02s | ARPS REGIME BLOCKED
    Motivo: SIN_TENDENCIA_M15
[02/08] START Multi Step 3 Index
[02/08] END   Multi Step 3 Index | 0.02s | ARPS REGIME BLOCKED
    Motivo: SIN_TENDENCIA_M15
[03/08] START Multi Step 4 Index
[03/08] END   Multi Step 4 Index | 0.02s | ARPS WAITING SETUP
    Motivo: m5_structure_break,m1_rejection
[04/08] START Step Index
[04/08] END   Step Index | 0.02s | ARPS REGIME BLOCKED
    Motivo: ADX_M15_INSUFICIENTE
[05/08] START Step Index 200
[05/08] END   Step Index 200 | 0.02s | ARPS REGIME BLOCKED
    Motivo: SIN_TENDENCIA_M15
[06/08] START Step Index 300
[06/08] END   Step Index 300 | 0.03s | ARPS WAITING SETUP
    Motivo: m5_structure_break,m1_rejection,m1_follow_through,m1_strong_close
[07/08] START Step Index 400
[07/08] END   Step Index 400 | 0.02s | ARPS REGIME BLOCKED
    Motivo: SIN_TENDENCIA_M15
[08/08] START Step Index 500
[08/08] END   Step Index 500 | 0.02s | ARPS WAITING SETUP
    Motivo: m5_structure_break,m5_pullback,m1_rejection,m1_follow_through
----------------------------------------------------------------------------------------
RESUMEN DEL CICLO #0081
Símbolos analizados: 8
Sin señal: 0
Esperando/otros: 8
Señales rechazadas: 0
Bloqueadas por estado/límites: 0
Validadas DRY RUN: 0
Nuevas órdenes: 0
Operaciones cerradas sincronizadas: 0
Errores: 0
Duración del ciclo: 0.22s
Intervalo objetivo: 30s
Próximo ciclo en: 29.78s
----------------------------------------------------------------------------------------

========================================================================================
CICLO #0082 | 2026-09-03 14:52:58 UTC | símbolos=0
========================================================================================
----------------------------------------------------------------------------------------
RESUMEN DEL CICLO #0082
Símbolos analizados: 0
Sin señal: 0
Esperando/otros: 0
Señales rechazadas: 0
Bloqueadas por estado/límites: 0
Validadas DRY RUN: 0
Nuevas órdenes: 0
Operaciones cerradas sincronizadas: 0
Errores: 0
Duración del ciclo: 0.02s
Intervalo objetivo: 30s
Próximo ciclo en: 29.98s
----------------------------------------------------------------------------------------

========================================================================================
CICLO #0083 | 2026-09-03 14:53:28 UTC | símbolos=8
========================================================================================
[01/08] START Multi Step 2 Index
[01/08] END   Multi Step 2 Index | 0.02s | ARPS REGIME BLOCKED
    Motivo: SIN_TENDENCIA_M15
[02/08] START Multi Step 3 Index
[02/08] END   Multi Step 3 Index | 0.02s | ARPS REGIME BLOCKED
    Motivo: SIN_TENDENCIA_M15
[03/08] START Multi Step 4 Index
[03/08] END   Multi Step 4 Index | 0.02s | ARPS WAITING SETUP
    Motivo: m5_structure_break,m1_rejection
[04/08] START Step Index
[04/08] END   Step Index | 0.02s | ARPS REGIME BLOCKED
    Motivo: ADX_M15_INSUFICIENTE
[05/08] START Step Index 200
[05/08] END   Step Index 200 | 0.02s | ARPS REGIME BLOCKED
    Motivo: SIN_TENDENCIA_M15
[06/08] START Step Index 300
[06/08] END   Step Index 300 | 0.02s | ARPS WAITING SETUP
    Motivo: m5_structure_break,m1_follow_through
[07/08] START Step Index 400
[07/08] END   Step Index 400 | 0.02s | ARPS REGIME BLOCKED
    Motivo: SIN_TENDENCIA_M15
[08/08] START Step Index 500
[08/08] END   Step Index 500 | 0.02s | ARPS WAITING SETUP
    Motivo: m5_structure_break,m5_pullback,m1_rejection,m1_follow_through,m1_strong_close
----------------------------------------------------------------------------------------
RESUMEN DEL CICLO #0083
Símbolos analizados: 8
Sin señal: 0
Esperando/otros: 8
Señales rechazadas: 0
Bloqueadas por estado/límites: 0
Validadas DRY RUN: 0
Nuevas órdenes: 0
Operaciones cerradas sincronizadas: 0
Errores: 0
Duración del ciclo: 0.21s
Intervalo objetivo: 30s
Próximo ciclo en: 29.79s
----------------------------------------------------------------------------------------

========================================================================================
CICLO #0084 | 2026-09-03 14:53:58 UTC | símbolos=0
========================================================================================
----------------------------------------------------------------------------------------
RESUMEN DEL CICLO #0084
Símbolos analizados: 0
Sin señal: 0
Esperando/otros: 0
Señales rechazadas: 0
Bloqueadas por estado/límites: 0
Validadas DRY RUN: 0
Nuevas órdenes: 0
Operaciones cerradas sincronizadas: 0
Errores: 0
Duración del ciclo: 0.04s
Intervalo objetivo: 30s
Próximo ciclo en: 29.96s
----------------------------------------------------------------------------------------

========================================================================================
CICLO #0085 | 2026-09-03 14:54:28 UTC | símbolos=8
========================================================================================
[01/08] START Multi Step 2 Index
[01/08] END   Multi Step 2 Index | 0.02s | ARPS REGIME BLOCKED
    Motivo: SIN_TENDENCIA_M15
[02/08] START Multi Step 3 Index
[02/08] END   Multi Step 3 Index | 0.04s | ARPS REGIME BLOCKED
    Motivo: SIN_TENDENCIA_M15
[03/08] START Multi Step 4 Index
[03/08] END   Multi Step 4 Index | 0.03s | ARPS WAITING SETUP
    Motivo: m5_structure_break,m1_rejection,m1_strong_close
[04/08] START Step Index
[04/08] END   Step Index | 0.02s | ARPS REGIME BLOCKED
    Motivo: ADX_M15_INSUFICIENTE
[05/08] START Step Index 200
[05/08] END   Step Index 200 | 0.02s | ARPS REGIME BLOCKED
    Motivo: SIN_TENDENCIA_M15
[06/08] START Step Index 300
[06/08] END   Step Index 300 | 0.02s | ARPS WAITING SETUP
    Motivo: m5_structure_break,m1_rejection,m1_follow_through
[07/08] START Step Index 400
[07/08] END   Step Index 400 | 0.02s | ARPS REGIME BLOCKED
    Motivo: SIN_TENDENCIA_M15
[08/08] START Step Index 500
[08/08] END   Step Index 500 | 0.02s | ARPS WAITING SETUP
    Motivo: m5_structure_break,m5_pullback,m1_rejection,m1_strong_close
----------------------------------------------------------------------------------------
RESUMEN DEL CICLO #0085
Símbolos analizados: 8
Sin señal: 0
Esperando/otros: 8
Señales rechazadas: 0
Bloqueadas por estado/límites: 0
Validadas DRY RUN: 0
Nuevas órdenes: 0
Operaciones cerradas sincronizadas: 0
Errores: 0
Duración del ciclo: 0.24s
Intervalo objetivo: 30s
Próximo ciclo en: 29.76s
----------------------------------------------------------------------------------------

========================================================================================
CICLO #0086 | 2026-09-03 14:54:58 UTC | símbolos=0
========================================================================================
----------------------------------------------------------------------------------------
RESUMEN DEL CICLO #0086
Símbolos analizados: 0
Sin señal: 0
Esperando/otros: 0
Señales rechazadas: 0
Bloqueadas por estado/límites: 0
Validadas DRY RUN: 0
Nuevas órdenes: 0
Operaciones cerradas sincronizadas: 0
Errores: 0
Duración del ciclo: 0.03s
Intervalo objetivo: 30s
Próximo ciclo en: 29.97s
----------------------------------------------------------------------------------------

========================================================================================
CICLO #0087 | 2026-09-03 14:55:28 UTC | símbolos=8
========================================================================================
[01/08] START Multi Step 2 Index
[01/08] END   Multi Step 2 Index | 0.04s | ARPS REGIME BLOCKED
    Motivo: SIN_TENDENCIA_M15
[02/08] START Multi Step 3 Index
[02/08] END   Multi Step 3 Index | 0.04s | ARPS REGIME BLOCKED
    Motivo: SIN_TENDENCIA_M15
[03/08] START Multi Step 4 Index
[03/08] END   Multi Step 4 Index | 0.04s | ARPS WAITING SETUP
    Motivo: m5_structure_break,m1_follow_through
[04/08] START Step Index
[04/08] END   Step Index | 0.04s | ARPS REGIME BLOCKED
    Motivo: ADX_M15_INSUFICIENTE
[05/08] START Step Index 200
[05/08] END   Step Index 200 | 0.04s | ARPS REGIME BLOCKED
    Motivo: SIN_TENDENCIA_M15
[06/08] START Step Index 300
[06/08] END   Step Index 300 | 0.04s | ARPS WAITING SETUP
    Motivo: m5_structure_break,m1_rejection
[07/08] START Step Index 400
[07/08] END   Step Index 400 | 0.03s | ARPS REGIME BLOCKED
    Motivo: SIN_TENDENCIA_M15
[08/08] START Step Index 500
[08/08] END   Step Index 500 | 0.04s | ARPS WAITING SETUP
    Motivo: m5_atr_regime,m5_structure_break,m5_pullback,m1_follow_through
----------------------------------------------------------------------------------------
RESUMEN DEL CICLO #0087
Símbolos analizados: 8
Sin señal: 0
Esperando/otros: 8
Señales rechazadas: 0
Bloqueadas por estado/límites: 0
Validadas DRY RUN: 0
Nuevas órdenes: 0
Operaciones cerradas sincronizadas: 0
Errores: 0
Duración del ciclo: 0.40s
Intervalo objetivo: 30s
Próximo ciclo en: 29.60s
----------------------------------------------------------------------------------------

========================================================================================
CICLO #0088 | 2026-09-03 14:55:58 UTC | símbolos=0
========================================================================================
----------------------------------------------------------------------------------------
RESUMEN DEL CICLO #0088
Símbolos analizados: 0
Sin señal: 0
Esperando/otros: 0
Señales rechazadas: 0
Bloqueadas por estado/límites: 0
Validadas DRY RUN: 0
Nuevas órdenes: 0
Operaciones cerradas sincronizadas: 0
Errores: 0
Duración del ciclo: 0.02s
Intervalo objetivo: 30s
Próximo ciclo en: 29.98s
----------------------------------------------------------------------------------------

========================================================================================
CICLO #0089 | 2026-09-03 14:56:28 UTC | símbolos=8
========================================================================================
[01/08] START Multi Step 2 Index
[01/08] END   Multi Step 2 Index | 0.02s | ARPS REGIME BLOCKED
    Motivo: SIN_TENDENCIA_M15
[02/08] START Multi Step 3 Index
[02/08] END   Multi Step 3 Index | 0.02s | ARPS REGIME BLOCKED
    Motivo: SIN_TENDENCIA_M15
[03/08] START Multi Step 4 Index
[03/08] END   Multi Step 4 Index | 0.02s | ARPS WAITING SETUP
    Motivo: m5_structure_break,m1_rejection
[04/08] START Step Index
[04/08] END   Step Index | 0.02s | ARPS REGIME BLOCKED
    Motivo: ADX_M15_INSUFICIENTE
[05/08] START Step Index 200
[05/08] END   Step Index 200 | 0.02s | ARPS REGIME BLOCKED
    Motivo: SIN_TENDENCIA_M15
[06/08] START Step Index 300
[06/08] END   Step Index 300 | 0.02s | ARPS WAITING SETUP
    Motivo: m5_structure_break,m1_follow_through,m1_strong_close
[07/08] START Step Index 400
[07/08] END   Step Index 400 | 0.02s | ARPS REGIME BLOCKED
    Motivo: SIN_TENDENCIA_M15
[08/08] START Step Index 500
[08/08] END   Step Index 500 | 0.02s | ARPS WAITING SETUP
    Motivo: m5_atr_regime,m5_structure_break,m5_pullback,m1_rejection,m1_follow_through
----------------------------------------------------------------------------------------
RESUMEN DEL CICLO #0089
Símbolos analizados: 8
Sin señal: 0
Esperando/otros: 8
Señales rechazadas: 0
Bloqueadas por estado/límites: 0
Validadas DRY RUN: 0
Nuevas órdenes: 0
Operaciones cerradas sincronizadas: 0
Errores: 0
Duración del ciclo: 0.18s
Intervalo objetivo: 30s
Próximo ciclo en: 29.82s
----------------------------------------------------------------------------------------

========================================================================================
CICLO #0090 | 2026-09-03 14:56:58 UTC | símbolos=0
========================================================================================
----------------------------------------------------------------------------------------
RESUMEN DEL CICLO #0090
Símbolos analizados: 0
Sin señal: 0
Esperando/otros: 0
Señales rechazadas: 0
Bloqueadas por estado/límites: 0
Validadas DRY RUN: 0
Nuevas órdenes: 0
Operaciones cerradas sincronizadas: 0
Errores: 0
Duración del ciclo: 0.02s
Intervalo objetivo: 30s
Próximo ciclo en: 29.98s
----------------------------------------------------------------------------------------

========================================================================================
CICLO #0091 | 2026-09-03 14:57:28 UTC | símbolos=8
========================================================================================
[01/08] START Multi Step 2 Index
[01/08] END   Multi Step 2 Index | 0.02s | ARPS REGIME BLOCKED
    Motivo: SIN_TENDENCIA_M15
[02/08] START Multi Step 3 Index
[02/08] END   Multi Step 3 Index | 0.02s | ARPS REGIME BLOCKED
    Motivo: SIN_TENDENCIA_M15
[03/08] START Multi Step 4 Index
[03/08] END   Multi Step 4 Index | 0.03s | ARPS WAITING SETUP
    Motivo: m5_structure_break,m1_rejection
[04/08] START Step Index
[04/08] END   Step Index | 0.02s | ARPS REGIME BLOCKED
    Motivo: ADX_M15_INSUFICIENTE
[05/08] START Step Index 200
[05/08] END   Step Index 200 | 0.02s | ARPS REGIME BLOCKED
    Motivo: SIN_TENDENCIA_M15
[06/08] START Step Index 300
[06/08] END   Step Index 300 | 0.03s | ARPS WAITING SETUP
    Motivo: m5_structure_break,m1_rejection,m1_follow_through,m1_strong_close
[07/08] START Step Index 400
[07/08] END   Step Index 400 | 0.03s | ARPS REGIME BLOCKED
    Motivo: SIN_TENDENCIA_M15
[08/08] START Step Index 500
[08/08] END   Step Index 500 | 0.03s | ARPS WAITING SETUP
    Motivo: m5_atr_regime,m5_structure_break,m5_pullback,m1_rejection,m1_follow_through
----------------------------------------------------------------------------------------
RESUMEN DEL CICLO #0091
Símbolos analizados: 8
Sin señal: 0
Esperando/otros: 8
Señales rechazadas: 0
Bloqueadas por estado/límites: 0
Validadas DRY RUN: 0
Nuevas órdenes: 0
Operaciones cerradas sincronizadas: 0
Errores: 0
Duración del ciclo: 0.26s
Intervalo objetivo: 30s
Próximo ciclo en: 29.74s
----------------------------------------------------------------------------------------

========================================================================================
CICLO #0092 | 2026-09-03 14:57:58 UTC | símbolos=0
========================================================================================
----------------------------------------------------------------------------------------
RESUMEN DEL CICLO #0092
Símbolos analizados: 0
Sin señal: 0
Esperando/otros: 0
Señales rechazadas: 0
Bloqueadas por estado/límites: 0
Validadas DRY RUN: 0
Nuevas órdenes: 0
Operaciones cerradas sincronizadas: 0
Errores: 0
Duración del ciclo: 0.03s
Intervalo objetivo: 30s
Próximo ciclo en: 29.97s
----------------------------------------------------------------------------------------

========================================================================================
CICLO #0093 | 2026-09-03 14:58:28 UTC | símbolos=8
========================================================================================
[01/08] START Multi Step 2 Index
[01/08] END   Multi Step 2 Index | 0.02s | ARPS REGIME BLOCKED
    Motivo: SIN_TENDENCIA_M15
[02/08] START Multi Step 3 Index
[02/08] END   Multi Step 3 Index | 0.02s | ARPS REGIME BLOCKED
    Motivo: SIN_TENDENCIA_M15
[03/08] START Multi Step 4 Index
[03/08] END   Multi Step 4 Index | 0.02s | ARPS WAITING SETUP
    Motivo: m5_structure_break
[04/08] START Step Index
[04/08] END   Step Index | 0.02s | ARPS REGIME BLOCKED
    Motivo: ADX_M15_INSUFICIENTE
[05/08] START Step Index 200
[05/08] END   Step Index 200 | 0.02s | ARPS REGIME BLOCKED
    Motivo: SIN_TENDENCIA_M15
[06/08] START Step Index 300
[06/08] END   Step Index 300 | 0.02s | ARPS WAITING SETUP
    Motivo: m5_structure_break,m1_rejection,m1_strong_close
[07/08] START Step Index 400
[07/08] END   Step Index 400 | 0.02s | ARPS REGIME BLOCKED
    Motivo: SIN_TENDENCIA_M15
[08/08] START Step Index 500
[08/08] END   Step Index 500 | 0.02s | ARPS WAITING SETUP
    Motivo: m5_atr_regime,m5_structure_break,m5_pullback,m1_rejection,m1_follow_through
----------------------------------------------------------------------------------------
RESUMEN DEL CICLO #0093
Símbolos analizados: 8
Sin señal: 0
Esperando/otros: 8
Señales rechazadas: 0
Bloqueadas por estado/límites: 0
Validadas DRY RUN: 0
Nuevas órdenes: 0
Operaciones cerradas sincronizadas: 0
Errores: 0
Duración del ciclo: 0.21s
Intervalo objetivo: 30s
Próximo ciclo en: 29.79s
----------------------------------------------------------------------------------------

========================================================================================
CICLO #0094 | 2026-09-03 14:58:58 UTC | símbolos=0
========================================================================================
----------------------------------------------------------------------------------------
RESUMEN DEL CICLO #0094
Símbolos analizados: 0
Sin señal: 0
Esperando/otros: 0
Señales rechazadas: 0
Bloqueadas por estado/límites: 0
Validadas DRY RUN: 0
Nuevas órdenes: 0
Operaciones cerradas sincronizadas: 0
Errores: 0
Duración del ciclo: 0.03s
Intervalo objetivo: 30s
Próximo ciclo en: 29.97s
----------------------------------------------------------------------------------------

========================================================================================
CICLO #0095 | 2026-09-03 14:59:28 UTC | símbolos=8
========================================================================================
[01/08] START Multi Step 2 Index
[01/08] END   Multi Step 2 Index | 0.03s | ARPS REGIME BLOCKED
    Motivo: SIN_TENDENCIA_M15
[02/08] START Multi Step 3 Index
[02/08] END   Multi Step 3 Index | 0.03s | ARPS REGIME BLOCKED
    Motivo: SIN_TENDENCIA_M15
[03/08] START Multi Step 4 Index
[03/08] END   Multi Step 4 Index | 0.03s | ARPS WAITING SETUP
    Motivo: m5_structure_break,m1_rejection,m1_follow_through,m1_strong_close
[04/08] START Step Index
[04/08] END   Step Index | 0.03s | ARPS REGIME BLOCKED
    Motivo: ADX_M15_INSUFICIENTE
[05/08] START Step Index 200
[05/08] END   Step Index 200 | 0.03s | ARPS REGIME BLOCKED
    Motivo: SIN_TENDENCIA_M15
[06/08] START Step Index 300
[06/08] END   Step Index 300 | 0.04s | ARPS WAITING SETUP
    Motivo: m5_structure_break,m1_rejection,m1_follow_through
[07/08] START Step Index 400
[07/08] END   Step Index 400 | 0.03s | ARPS REGIME BLOCKED
    Motivo: SIN_TENDENCIA_M15
[08/08] START Step Index 500
[08/08] END   Step Index 500 | 0.03s | ARPS WAITING SETUP
    Motivo: m5_atr_regime,m5_structure_break,m5_pullback,m1_rejection,m1_strong_close
----------------------------------------------------------------------------------------
RESUMEN DEL CICLO #0095
Símbolos analizados: 8
Sin señal: 0
Esperando/otros: 8
Señales rechazadas: 0
Bloqueadas por estado/límites: 0
Validadas DRY RUN: 0
Nuevas órdenes: 0
Operaciones cerradas sincronizadas: 0
Errores: 0
Duración del ciclo: 0.32s
Intervalo objetivo: 30s
Próximo ciclo en: 29.68s
----------------------------------------------------------------------------------------

========================================================================================
CICLO #0096 | 2026-09-03 14:59:58 UTC | símbolos=0
========================================================================================
----------------------------------------------------------------------------------------
RESUMEN DEL CICLO #0096
Símbolos analizados: 0
Sin señal: 0
Esperando/otros: 0
Señales rechazadas: 0
Bloqueadas por estado/límites: 0
Validadas DRY RUN: 0
Nuevas órdenes: 0
Operaciones cerradas sincronizadas: 0
Errores: 0
Duración del ciclo: 0.03s
Intervalo objetivo: 30s
Próximo ciclo en: 29.97s
----------------------------------------------------------------------------------------

========================================================================================
CICLO #0097 | 2026-09-03 15:00:28 UTC | símbolos=8
========================================================================================
[01/08] START Multi Step 2 Index
[01/08] END   Multi Step 2 Index | 0.05s | ARPS REGIME BLOCKED
    Motivo: SIN_TENDENCIA_M15
[02/08] START Multi Step 3 Index
[02/08] END   Multi Step 3 Index | 0.05s | ARPS REGIME BLOCKED
    Motivo: SIN_TENDENCIA_M15
[03/08] START Multi Step 4 Index
[03/08] END   Multi Step 4 Index | 0.05s | ARPS REGIME BLOCKED
    Motivo: ADX_M15_INSUFICIENTE
[04/08] START Step Index
[04/08] END   Step Index | 0.05s | ARPS REGIME BLOCKED
    Motivo: SIN_TENDENCIA_M15
[05/08] START Step Index 200
[05/08] END   Step Index 200 | 0.06s | ARPS REGIME BLOCKED
    Motivo: SIN_TENDENCIA_M15
[06/08] START Step Index 300
[06/08] END   Step Index 300 | 0.06s | ARPS WAITING SETUP
    Motivo: m5_structure_break,m1_rejection,m1_follow_through
[07/08] START Step Index 400
[07/08] END   Step Index 400 | 0.09s | ARPS REGIME BLOCKED
    Motivo: SIN_TENDENCIA_M15
[08/08] START Step Index 500
[08/08] END   Step Index 500 | 0.06s | ARPS WAITING SETUP
    Motivo: m5_atr_regime,m5_structure_break,m5_pullback,m1_follow_through
----------------------------------------------------------------------------------------
RESUMEN DEL CICLO #0097
Símbolos analizados: 8
Sin señal: 0
Esperando/otros: 8
Señales rechazadas: 0
Bloqueadas por estado/límites: 0
Validadas DRY RUN: 0
Nuevas órdenes: 0
Operaciones cerradas sincronizadas: 0
Errores: 0
Duración del ciclo: 0.60s
Intervalo objetivo: 30s
Próximo ciclo en: 29.40s
----------------------------------------------------------------------------------------

========================================================================================
CICLO #0098 | 2026-09-03 15:00:58 UTC | símbolos=0
========================================================================================
----------------------------------------------------------------------------------------
RESUMEN DEL CICLO #0098
Símbolos analizados: 0
Sin señal: 0
Esperando/otros: 0
Señales rechazadas: 0
Bloqueadas por estado/límites: 0
Validadas DRY RUN: 0
Nuevas órdenes: 0
Operaciones cerradas sincronizadas: 0
Errores: 0
Duración del ciclo: 0.04s
Intervalo objetivo: 30s
Próximo ciclo en: 29.96s
----------------------------------------------------------------------------------------

========================================================================================
CICLO #0099 | 2026-09-03 15:01:28 UTC | símbolos=8
========================================================================================
[01/08] START Multi Step 2 Index
[01/08] END   Multi Step 2 Index | 0.04s | ARPS REGIME BLOCKED
    Motivo: SIN_TENDENCIA_M15
[02/08] START Multi Step 3 Index
[02/08] END   Multi Step 3 Index | 0.03s | ARPS REGIME BLOCKED
    Motivo: SIN_TENDENCIA_M15
[03/08] START Multi Step 4 Index
[03/08] END   Multi Step 4 Index | 0.04s | ARPS REGIME BLOCKED
    Motivo: ADX_M15_INSUFICIENTE
[04/08] START Step Index
[04/08] END   Step Index | 0.04s | ARPS REGIME BLOCKED
    Motivo: SIN_TENDENCIA_M15
[05/08] START Step Index 200
[05/08] END   Step Index 200 | 0.04s | ARPS REGIME BLOCKED
    Motivo: SIN_TENDENCIA_M15
[06/08] START Step Index 300
[06/08] END   Step Index 300 | 0.04s | ARPS WAITING SETUP
    Motivo: m5_structure_break,m1_rejection,m1_strong_close
[07/08] START Step Index 400
[07/08] END   Step Index 400 | 0.04s | ARPS REGIME BLOCKED
    Motivo: SIN_TENDENCIA_M15
[08/08] START Step Index 500
[08/08] END   Step Index 500 | 0.04s | ARPS WAITING SETUP
    Motivo: m5_atr_regime,m5_structure_break,m5_pullback,m1_rejection,m1_strong_close
----------------------------------------------------------------------------------------
RESUMEN DEL CICLO #0099
Símbolos analizados: 8
Sin señal: 0
Esperando/otros: 8
Señales rechazadas: 0
Bloqueadas por estado/límites: 0
Validadas DRY RUN: 0
Nuevas órdenes: 0
Operaciones cerradas sincronizadas: 0
Errores: 0
Duración del ciclo: 0.40s
Intervalo objetivo: 30s
Próximo ciclo en: 29.60s
----------------------------------------------------------------------------------------

========================================================================================
CICLO #0100 | 2026-09-03 15:01:58 UTC | símbolos=0
========================================================================================
----------------------------------------------------------------------------------------
RESUMEN DEL CICLO #0100
Símbolos analizados: 0
Sin señal: 0
Esperando/otros: 0
Señales rechazadas: 0
Bloqueadas por estado/límites: 0
Validadas DRY RUN: 0
Nuevas órdenes: 0
Operaciones cerradas sincronizadas: 0
Errores: 0
Duración del ciclo: 0.02s
Intervalo objetivo: 30s
Próximo ciclo en: 29.98s
----------------------------------------------------------------------------------------

========================================================================================
CICLO #0101 | 2026-09-03 15:02:28 UTC | símbolos=8
========================================================================================
[01/08] START Multi Step 2 Index
[01/08] END   Multi Step 2 Index | 0.02s | ARPS REGIME BLOCKED
    Motivo: SIN_TENDENCIA_M15
[02/08] START Multi Step 3 Index
[02/08] END   Multi Step 3 Index | 0.02s | ARPS REGIME BLOCKED
    Motivo: SIN_TENDENCIA_M15
[03/08] START Multi Step 4 Index
[03/08] END   Multi Step 4 Index | 0.03s | ARPS REGIME BLOCKED
    Motivo: ADX_M15_INSUFICIENTE
[04/08] START Step Index
[04/08] END   Step Index | 0.02s | ARPS REGIME BLOCKED
    Motivo: SIN_TENDENCIA_M15
[05/08] START Step Index 200
[05/08] END   Step Index 200 | 0.02s | ARPS REGIME BLOCKED
    Motivo: SIN_TENDENCIA_M15
[06/08] START Step Index 300
[06/08] END   Step Index 300 | 0.03s | ARPS WAITING SETUP
    Motivo: m5_structure_break,m1_rejection,m1_follow_through
[07/08] START Step Index 400
[07/08] END   Step Index 400 | 0.02s | ARPS REGIME BLOCKED
    Motivo: SIN_TENDENCIA_M15
[08/08] START Step Index 500
[08/08] END   Step Index 500 | 0.03s | ARPS WAITING SETUP
    Motivo: m5_atr_regime,m5_structure_break,m5_pullback,m1_rejection
----------------------------------------------------------------------------------------
RESUMEN DEL CICLO #0101
Símbolos analizados: 8
Sin señal: 0
Esperando/otros: 8
Señales rechazadas: 0
Bloqueadas por estado/límites: 0
Validadas DRY RUN: 0
Nuevas órdenes: 0
Operaciones cerradas sincronizadas: 0
Errores: 0
Duración del ciclo: 0.27s
Intervalo objetivo: 30s
Próximo ciclo en: 29.73s
----------------------------------------------------------------------------------------

========================================================================================
CICLO #0102 | 2026-09-03 15:02:58 UTC | símbolos=0
========================================================================================
----------------------------------------------------------------------------------------
RESUMEN DEL CICLO #0102
Símbolos analizados: 0
Sin señal: 0
Esperando/otros: 0
Señales rechazadas: 0
Bloqueadas por estado/límites: 0
Validadas DRY RUN: 0
Nuevas órdenes: 0
Operaciones cerradas sincronizadas: 0
Errores: 0
Duración del ciclo: 0.31s
Intervalo objetivo: 30s
Próximo ciclo en: 29.69s
----------------------------------------------------------------------------------------

========================================================================================
CICLO #0103 | 2026-09-03 15:03:28 UTC | símbolos=8
========================================================================================
[01/08] START Multi Step 2 Index
[01/08] END   Multi Step 2 Index | 0.04s | ARPS REGIME BLOCKED
    Motivo: SIN_TENDENCIA_M15
[02/08] START Multi Step 3 Index
[02/08] END   Multi Step 3 Index | 0.03s | ARPS REGIME BLOCKED
    Motivo: SIN_TENDENCIA_M15
[03/08] START Multi Step 4 Index
[03/08] END   Multi Step 4 Index | 0.03s | ARPS REGIME BLOCKED
    Motivo: ADX_M15_INSUFICIENTE
[04/08] START Step Index
[04/08] END   Step Index | 0.03s | ARPS REGIME BLOCKED
    Motivo: SIN_TENDENCIA_M15
[05/08] START Step Index 200
[05/08] END   Step Index 200 | 0.03s | ARPS REGIME BLOCKED
    Motivo: SIN_TENDENCIA_M15
[06/08] START Step Index 300
[06/08] END   Step Index 300 | 0.04s | ARPS WAITING SETUP
    Motivo: m5_structure_break,m1_rejection,m1_follow_through
[07/08] START Step Index 400
[07/08] END   Step Index 400 | 0.03s | ARPS REGIME BLOCKED
    Motivo: SIN_TENDENCIA_M15
[08/08] START Step Index 500
[08/08] END   Step Index 500 | 0.03s | ARPS WAITING SETUP
    Motivo: m5_atr_regime,m5_structure_break,m5_pullback,m1_rejection,m1_follow_through,m1_strong_close
----------------------------------------------------------------------------------------
RESUMEN DEL CICLO #0103
Símbolos analizados: 8
Sin señal: 0
Esperando/otros: 8
Señales rechazadas: 0
Bloqueadas por estado/límites: 0
Validadas DRY RUN: 0
Nuevas órdenes: 0
Operaciones cerradas sincronizadas: 0
Errores: 0
Duración del ciclo: 0.31s
Intervalo objetivo: 30s
Próximo ciclo en: 29.69s
----------------------------------------------------------------------------------------

========================================================================================
CICLO #0104 | 2026-09-03 15:03:58 UTC | símbolos=0
========================================================================================
----------------------------------------------------------------------------------------
RESUMEN DEL CICLO #0104
Símbolos analizados: 0
Sin señal: 0
Esperando/otros: 0
Señales rechazadas: 0
Bloqueadas por estado/límites: 0
Validadas DRY RUN: 0
Nuevas órdenes: 0
Operaciones cerradas sincronizadas: 0
Errores: 0
Duración del ciclo: 0.03s
Intervalo objetivo: 30s
Próximo ciclo en: 29.97s
----------------------------------------------------------------------------------------

========================================================================================
CICLO #0105 | 2026-09-03 15:04:28 UTC | símbolos=8
========================================================================================
[01/08] START Multi Step 2 Index
[01/08] END   Multi Step 2 Index | 0.03s | ARPS REGIME BLOCKED
    Motivo: SIN_TENDENCIA_M15
[02/08] START Multi Step 3 Index
[02/08] END   Multi Step 3 Index | 0.02s | ARPS REGIME BLOCKED
    Motivo: SIN_TENDENCIA_M15
[03/08] START Multi Step 4 Index
[03/08] END   Multi Step 4 Index | 0.03s | ARPS REGIME BLOCKED
    Motivo: ADX_M15_INSUFICIENTE
[04/08] START Step Index
[04/08] END   Step Index | 0.03s | ARPS REGIME BLOCKED
    Motivo: SIN_TENDENCIA_M15
[05/08] START Step Index 200
[05/08] END   Step Index 200 | 0.03s | ARPS REGIME BLOCKED
    Motivo: SIN_TENDENCIA_M15
[06/08] START Step Index 300
[06/08] END   Step Index 300 | 0.04s | ARPS WAITING SETUP
    Motivo: m5_structure_break,m1_rejection,m1_follow_through,m1_strong_close
[07/08] START Step Index 400
[07/08] END   Step Index 400 | 0.03s | ARPS REGIME BLOCKED
    Motivo: SIN_TENDENCIA_M15
[08/08] START Step Index 500
[08/08] END   Step Index 500 | 0.03s | ARPS WAITING SETUP
    Motivo: m5_atr_regime,m5_structure_break,m5_pullback,m1_rejection,m1_follow_through
----------------------------------------------------------------------------------------
RESUMEN DEL CICLO #0105
Símbolos analizados: 8
Sin señal: 0
Esperando/otros: 8
Señales rechazadas: 0
Bloqueadas por estado/límites: 0
Validadas DRY RUN: 0
Nuevas órdenes: 0
Operaciones cerradas sincronizadas: 0
Errores: 0
Duración del ciclo: 0.29s
Intervalo objetivo: 30s
Próximo ciclo en: 29.71s
----------------------------------------------------------------------------------------

========================================================================================
CICLO #0106 | 2026-09-03 15:04:58 UTC | símbolos=0
========================================================================================
----------------------------------------------------------------------------------------
RESUMEN DEL CICLO #0106
Símbolos analizados: 0
Sin señal: 0
Esperando/otros: 0
Señales rechazadas: 0
Bloqueadas por estado/límites: 0
Validadas DRY RUN: 0
Nuevas órdenes: 0
Operaciones cerradas sincronizadas: 0
Errores: 0
Duración del ciclo: 0.03s
Intervalo objetivo: 30s
Próximo ciclo en: 29.97s
----------------------------------------------------------------------------------------

========================================================================================
CICLO #0107 | 2026-09-03 15:05:28 UTC | símbolos=8
========================================================================================
[01/08] START Multi Step 2 Index
[01/08] END   Multi Step 2 Index | 0.03s | ARPS REGIME BLOCKED
    Motivo: SIN_TENDENCIA_M15
[02/08] START Multi Step 3 Index
[02/08] END   Multi Step 3 Index | 0.03s | ARPS REGIME BLOCKED
    Motivo: SIN_TENDENCIA_M15
[03/08] START Multi Step 4 Index
[03/08] END   Multi Step 4 Index | 0.03s | ARPS REGIME BLOCKED
    Motivo: ADX_M15_INSUFICIENTE
[04/08] START Step Index
[04/08] END   Step Index | 0.04s | ARPS REGIME BLOCKED
    Motivo: SIN_TENDENCIA_M15
[05/08] START Step Index 200
[05/08] END   Step Index 200 | 0.04s | ARPS REGIME BLOCKED
    Motivo: SIN_TENDENCIA_M15
[06/08] START Step Index 300
[06/08] END   Step Index 300 | 0.04s | ARPS WAITING SETUP
    Motivo: m5_structure_break,m1_rejection,m1_follow_through,m1_strong_close
[07/08] START Step Index 400
[07/08] END   Step Index 400 | 0.04s | ARPS REGIME BLOCKED
    Motivo: SIN_TENDENCIA_M15
[08/08] START Step Index 500
[08/08] END   Step Index 500 | 0.05s | ARPS WAITING SETUP
    Motivo: m5_atr_regime,m5_structure_break,m5_pullback,m1_rejection,m1_follow_through,m1_strong_close
----------------------------------------------------------------------------------------
RESUMEN DEL CICLO #0107
Símbolos analizados: 8
Sin señal: 0
Esperando/otros: 8
Señales rechazadas: 0
Bloqueadas por estado/límites: 0
Validadas DRY RUN: 0
Nuevas órdenes: 0
Operaciones cerradas sincronizadas: 0
Errores: 0
Duración del ciclo: 0.37s
Intervalo objetivo: 30s
Próximo ciclo en: 29.63s
----------------------------------------------------------------------------------------
Bot detenido por el usuario.
========================================================================
DERIV DEMO EXECUTION PREFLIGHT
========================================================================
[OK] MT5_ACCOUNT_INFO {'login': 41108926, 'server': 'Deriv-Demo', 'currency': 'USD', 'balance': 9780.68, 'equity': 9780.68, 'margin': 0.0, 'free_margin': 9780.68, 'profit': 0.0, 'leverage': 1000, 'trade_mode': 0, 'snapshot_time': datetime.datetime(2026, 9, 3, 15, 6, 46, 753045, tzinfo=datetime.timezone.utc), 'broker': 'MT5'}
[OK] MT5_TERMINAL_CONNECTED {'trade_allowed': True, 'tradeapi_disabled': False}
[OK] MT5_AUTOTRADING_ALLOWED {'trade_allowed': True, 'tradeapi_disabled': False}
[OK] DEMO_ACCOUNT {'trade_mode': 0, 'server': 'Deriv-Demo'}
[OK] FREE_MARGIN {'free_margin': 9780.68, 'required': 0.0}
[OK] DATABASE_READY {}
[OK] SYMBOL:Multi Step 2 Index {'visible': True, 'trade_mode': 4, 'volume_min': 0.1, 'volume_step': 0.01, 'point': 0.01, 'stops_level_points': 96}
[OK] SYMBOL:Multi Step 3 Index {'visible': True, 'trade_mode': 4, 'volume_min': 0.1, 'volume_step': 0.01, 'point': 0.01, 'stops_level_points': 60}
[OK] SYMBOL:Multi Step 4 Index {'visible': True, 'trade_mode': 4, 'volume_min': 0.1, 'volume_step': 0.01, 'point': 0.01, 'stops_level_points': 109}
[OK] SYMBOL:Skew Step Index 4 Down {'visible': True, 'trade_mode': 4, 'volume_min': 0.1, 'volume_step': 0.01, 'point': 0.1, 'stops_level_points': 200}
[OK] SYMBOL:Skew Step Index 4 Up {'visible': True, 'trade_mode': 4, 'volume_min': 0.1, 'volume_step': 0.01, 'point': 0.1, 'stops_level_points': 200}
[OK] SYMBOL:Skew Step Index 5 Down {'visible': True, 'trade_mode': 4, 'volume_min': 0.1, 'volume_step': 0.01, 'point': 0.1, 'stops_level_points': 200}
[OK] SYMBOL:Skew Step Index 5 Up {'visible': True, 'trade_mode': 4, 'volume_min': 0.1, 'volume_step': 0.01, 'point': 0.1, 'stops_level_points': 200}
[OK] SYMBOL:Step Index {'visible': True, 'trade_mode': 4, 'volume_min': 0.1, 'volume_step': 0.01, 'point': 0.1, 'stops_level_points': 8}
[OK] SYMBOL:Step Index 200 {'visible': True, 'trade_mode': 4, 'volume_min': 0.1, 'volume_step': 0.01, 'point': 0.1, 'stops_level_points': 11}
[OK] SYMBOL:Step Index 300 {'visible': True, 'trade_mode': 4, 'volume_min': 0.1, 'volume_step': 0.01, 'point': 0.1, 'stops_level_points': 9}
[OK] SYMBOL:Step Index 400 {'visible': True, 'trade_mode': 4, 'volume_min': 0.1, 'volume_step': 0.01, 'point': 0.1, 'stops_level_points': 12}
[OK] SYMBOL:Step Index 500 {'visible': True, 'trade_mode': 4, 'volume_min': 0.1, 'volume_step': 0.01, 'point': 0.1, 'stops_level_points': 20}
========================================================================
STATUS: READY FOR DEMO EXECUTION
DAEMONBLACKFX VERSION: v100-entry-quality-recoverable-quarantine-winrate-audit
BOT ACTIVO: SCALP_STEP | MAGIC=26082304 | ESTRATEGIA=ARPS_SYNTHETIC_SCALPER | instrumentos=12 | auto_export=False
========================================================================================
BOT SMC MT5 - DERIV DEMO
========================================================================================
Cuenta: 41108926 | Servidor: Deriv-Demo
Balance: 9780.68 USD
Modo: EJECUCIÓN DEMO
Riesgo por trade: 0.25% | R:R mínimo: 1.50
Intervalo: 30s | Símbolos: 12
Reporte XLSX: C:\TradingBoot\smc_synthetic_bot\storage\exports\deriv_demo_trading_report.xlsx
Pipeline: SMC -> TradeLifecycleManager -> MT5TradeExecutor -> SQLite -> XLSX
========================================================================================
Daemon activo: señales=30s | monitor posiciones/BE=2s | símbolos=12
Progreso: se mostrará cada símbolo y su tiempo de análisis.
{'action': 'POSITION_MONITOR_STARTED', 'signal_interval_seconds': 30, 'position_monitor_interval_seconds': 2, 'monitor_mode': 'BACKGROUND_DECOUPLED'}

========================================================================================
CICLO #0001 | 2026-09-03 15:07:01 UTC | símbolos=8
========================================================================================
[01/08] START Multi Step 2 Index
[01/08] END   Multi Step 2 Index | 1.31s | ARPS REGIME BLOCKED
    Motivo: SIN_TENDENCIA_M15
[02/08] START Multi Step 3 Index
[02/08] END   Multi Step 3 Index | 1.31s | ARPS REGIME BLOCKED
    Motivo: SIN_TENDENCIA_M15
[03/08] START Multi Step 4 Index
[03/08] END   Multi Step 4 Index | 1.73s | ARPS REGIME BLOCKED
    Motivo: ADX_M15_INSUFICIENTE
[04/08] START Step Index
[04/08] END   Step Index | 1.44s | ARPS REGIME BLOCKED
    Motivo: SIN_TENDENCIA_M15
[05/08] START Step Index 200
[05/08] END   Step Index 200 | 0.97s | ARPS REGIME BLOCKED
    Motivo: SIN_TENDENCIA_M15
[06/08] START Step Index 300
[06/08] END   Step Index 300 | 0.64s | ARPS WAITING SETUP
    Motivo: m5_structure_break,m1_follow_through,m1_strong_close
[07/08] START Step Index 400
[07/08] END   Step Index 400 | 1.66s | ARPS REGIME BLOCKED
    Motivo: SIN_TENDENCIA_M15
[08/08] START Step Index 500
[08/08] END   Step Index 500 | 0.79s | ARPS WAITING SETUP
    Motivo: m5_atr_regime,m5_structure_break,m5_pullback,m1_rejection
----------------------------------------------------------------------------------------
RESUMEN DEL CICLO #0001
Símbolos analizados: 8
Sin señal: 0
Esperando/otros: 8
Señales rechazadas: 0
Bloqueadas por estado/límites: 0
Validadas DRY RUN: 0
Nuevas órdenes: 0
Operaciones cerradas sincronizadas: 0
Errores: 0
Duración del ciclo: 12.99s
Intervalo objetivo: 30s
Próximo ciclo en: 17.01s
----------------------------------------------------------------------------------------

========================================================================================
CICLO #0002 | 2026-09-03 15:07:31 UTC | símbolos=0
========================================================================================
----------------------------------------------------------------------------------------
RESUMEN DEL CICLO #0002
Símbolos analizados: 0
Sin señal: 0
Esperando/otros: 0
Señales rechazadas: 0
Bloqueadas por estado/límites: 0
Validadas DRY RUN: 0
Nuevas órdenes: 0
Operaciones cerradas sincronizadas: 0
Errores: 0
Duración del ciclo: 0.04s
Intervalo objetivo: 30s
Próximo ciclo en: 29.96s
----------------------------------------------------------------------------------------

========================================================================================
CICLO #0003 | 2026-09-03 15:08:01 UTC | símbolos=8
========================================================================================
[01/08] START Multi Step 2 Index
[01/08] END   Multi Step 2 Index | 0.02s | ARPS REGIME BLOCKED
    Motivo: SIN_TENDENCIA_M15
[02/08] START Multi Step 3 Index
[02/08] END   Multi Step 3 Index | 0.02s | ARPS REGIME BLOCKED
    Motivo: SIN_TENDENCIA_M15
[03/08] START Multi Step 4 Index
[03/08] END   Multi Step 4 Index | 0.02s | ARPS REGIME BLOCKED
    Motivo: ADX_M15_INSUFICIENTE
[04/08] START Step Index
[04/08] END   Step Index | 0.02s | ARPS REGIME BLOCKED
    Motivo: SIN_TENDENCIA_M15
[05/08] START Step Index 200
[05/08] END   Step Index 200 | 0.02s | ARPS REGIME BLOCKED
    Motivo: SIN_TENDENCIA_M15
[06/08] START Step Index 300
[06/08] END   Step Index 300 | 0.03s | ARPS WAITING SETUP
    Motivo: m5_structure_break,m1_rejection,m1_strong_close
[07/08] START Step Index 400
[07/08] END   Step Index 400 | 0.02s | ARPS REGIME BLOCKED
    Motivo: SIN_TENDENCIA_M15
[08/08] START Step Index 500
[08/08] END   Step Index 500 | 0.03s | ARPS WAITING SETUP
    Motivo: m5_atr_regime,m5_structure_break,m5_pullback,m1_follow_through
----------------------------------------------------------------------------------------
RESUMEN DEL CICLO #0003
Símbolos analizados: 8
Sin señal: 0
Esperando/otros: 8
Señales rechazadas: 0
Bloqueadas por estado/límites: 0
Validadas DRY RUN: 0
Nuevas órdenes: 0
Operaciones cerradas sincronizadas: 0
Errores: 0
Duración del ciclo: 0.24s
Intervalo objetivo: 30s
Próximo ciclo en: 29.76s
----------------------------------------------------------------------------------------

========================================================================================
CICLO #0004 | 2026-09-03 15:08:31 UTC | símbolos=0
========================================================================================
----------------------------------------------------------------------------------------
RESUMEN DEL CICLO #0004
Símbolos analizados: 0
Sin señal: 0
Esperando/otros: 0
Señales rechazadas: 0
Bloqueadas por estado/límites: 0
Validadas DRY RUN: 0
Nuevas órdenes: 0
Operaciones cerradas sincronizadas: 0
Errores: 0
Duración del ciclo: 0.04s
Intervalo objetivo: 30s
Próximo ciclo en: 29.96s
----------------------------------------------------------------------------------------

========================================================================================
CICLO #0005 | 2026-09-03 15:09:01 UTC | símbolos=8
========================================================================================
[01/08] START Multi Step 2 Index
[01/08] END   Multi Step 2 Index | 0.02s | ARPS REGIME BLOCKED
    Motivo: SIN_TENDENCIA_M15
[02/08] START Multi Step 3 Index
[02/08] END   Multi Step 3 Index | 0.02s | ARPS REGIME BLOCKED
    Motivo: SIN_TENDENCIA_M15
[03/08] START Multi Step 4 Index
[03/08] END   Multi Step 4 Index | 0.02s | ARPS REGIME BLOCKED
    Motivo: ADX_M15_INSUFICIENTE
[04/08] START Step Index
[04/08] END   Step Index | 0.02s | ARPS REGIME BLOCKED
    Motivo: SIN_TENDENCIA_M15
[05/08] START Step Index 200
[05/08] END   Step Index 200 | 0.02s | ARPS REGIME BLOCKED
    Motivo: SIN_TENDENCIA_M15
[06/08] START Step Index 300
[06/08] END   Step Index 300 | 0.02s | ARPS WAITING SETUP
    Motivo: m5_structure_break
[07/08] START Step Index 400
[07/08] END   Step Index 400 | 0.02s | ARPS REGIME BLOCKED
    Motivo: SIN_TENDENCIA_M15
[08/08] START Step Index 500
[08/08] END   Step Index 500 | 0.03s | ARPS WAITING SETUP
    Motivo: m5_atr_regime,m5_structure_break,m5_pullback,m1_rejection,m1_follow_through,m1_strong_close
----------------------------------------------------------------------------------------
RESUMEN DEL CICLO #0005
Símbolos analizados: 8
Sin señal: 0
Esperando/otros: 8
Señales rechazadas: 0
Bloqueadas por estado/límites: 0
Validadas DRY RUN: 0
Nuevas órdenes: 0
Operaciones cerradas sincronizadas: 0
Errores: 0
Duración del ciclo: 0.22s
Intervalo objetivo: 30s
Próximo ciclo en: 29.78s
----------------------------------------------------------------------------------------

========================================================================================
CICLO #0006 | 2026-09-03 15:09:31 UTC | símbolos=0
========================================================================================
----------------------------------------------------------------------------------------
RESUMEN DEL CICLO #0006
Símbolos analizados: 0
Sin señal: 0
Esperando/otros: 0
Señales rechazadas: 0
Bloqueadas por estado/límites: 0
Validadas DRY RUN: 0
Nuevas órdenes: 0
Operaciones cerradas sincronizadas: 0
Errores: 0
Duración del ciclo: 0.03s
Intervalo objetivo: 30s
Próximo ciclo en: 29.97s
----------------------------------------------------------------------------------------

========================================================================================
CICLO #0007 | 2026-09-03 15:10:01 UTC | símbolos=8
========================================================================================
[01/08] START Multi Step 2 Index
[01/08] END   Multi Step 2 Index | 0.02s | ARPS REGIME BLOCKED
    Motivo: SIN_TENDENCIA_M15
[02/08] START Multi Step 3 Index
[02/08] END   Multi Step 3 Index | 0.02s | ARPS REGIME BLOCKED
    Motivo: SIN_TENDENCIA_M15
[03/08] START Multi Step 4 Index
[03/08] END   Multi Step 4 Index | 0.02s | ARPS REGIME BLOCKED
    Motivo: ADX_M15_INSUFICIENTE
[04/08] START Step Index
[04/08] END   Step Index | 0.02s | ARPS REGIME BLOCKED
    Motivo: SIN_TENDENCIA_M15
[05/08] START Step Index 200
[05/08] END   Step Index 200 | 0.03s | ARPS REGIME BLOCKED
    Motivo: SIN_TENDENCIA_M15
[06/08] START Step Index 300
[06/08] END   Step Index 300 | 0.03s | ARPS WAITING SETUP
    Motivo: m5_structure_break,m1_strong_close
[07/08] START Step Index 400
[07/08] END   Step Index 400 | 0.02s | ARPS REGIME BLOCKED
    Motivo: SIN_TENDENCIA_M15
[08/08] START Step Index 500
[08/08] END   Step Index 500 | 0.03s | ARPS WAITING SETUP
    Motivo: m5_structure_break,m5_pullback,m1_rejection,m1_follow_through
----------------------------------------------------------------------------------------
RESUMEN DEL CICLO #0007
Símbolos analizados: 8
Sin señal: 0
Esperando/otros: 8
Señales rechazadas: 0
Bloqueadas por estado/límites: 0
Validadas DRY RUN: 0
Nuevas órdenes: 0
Operaciones cerradas sincronizadas: 0
Errores: 0
Duración del ciclo: 0.24s
Intervalo objetivo: 30s
Próximo ciclo en: 29.76s
----------------------------------------------------------------------------------------

========================================================================================
CICLO #0008 | 2026-09-03 15:10:31 UTC | símbolos=0
========================================================================================
----------------------------------------------------------------------------------------
RESUMEN DEL CICLO #0008
Símbolos analizados: 0
Sin señal: 0
Esperando/otros: 0
Señales rechazadas: 0
Bloqueadas por estado/límites: 0
Validadas DRY RUN: 0
Nuevas órdenes: 0
Operaciones cerradas sincronizadas: 0
Errores: 0
Duración del ciclo: 0.02s
Intervalo objetivo: 30s
Próximo ciclo en: 29.98s
----------------------------------------------------------------------------------------

========================================================================================
CICLO #0009 | 2026-09-03 15:11:01 UTC | símbolos=8
========================================================================================
[01/08] START Multi Step 2 Index
[01/08] END   Multi Step 2 Index | 0.03s | ARPS REGIME BLOCKED
    Motivo: SIN_TENDENCIA_M15
[02/08] START Multi Step 3 Index
[02/08] END   Multi Step 3 Index | 0.03s | ARPS REGIME BLOCKED
    Motivo: SIN_TENDENCIA_M15
[03/08] START Multi Step 4 Index
[03/08] END   Multi Step 4 Index | 0.03s | ARPS REGIME BLOCKED
    Motivo: ADX_M15_INSUFICIENTE
[04/08] START Step Index
[04/08] END   Step Index | 0.06s | ARPS REGIME BLOCKED
    Motivo: SIN_TENDENCIA_M15
[05/08] START Step Index 200
[05/08] END   Step Index 200 | 0.02s | ARPS REGIME BLOCKED
    Motivo: SIN_TENDENCIA_M15
[06/08] START Step Index 300
[06/08] END   Step Index 300 | 0.03s | ARPS WAITING SETUP
    Motivo: m5_structure_break,m1_follow_through
[07/08] START Step Index 400
[07/08] END   Step Index 400 | 0.03s | ARPS REGIME BLOCKED
    Motivo: SIN_TENDENCIA_M15
[08/08] START Step Index 500
[08/08] END   Step Index 500 | 0.03s | ARPS WAITING SETUP
    Motivo: m5_structure_break,m5_pullback,m1_rejection,m1_follow_through,m1_strong_close
----------------------------------------------------------------------------------------
RESUMEN DEL CICLO #0009
Símbolos analizados: 8
Sin señal: 0
Esperando/otros: 8
Señales rechazadas: 0
Bloqueadas por estado/límites: 0
Validadas DRY RUN: 0
Nuevas órdenes: 0
Operaciones cerradas sincronizadas: 0
Errores: 0
Duración del ciclo: 0.29s
Intervalo objetivo: 30s
Próximo ciclo en: 29.71s
----------------------------------------------------------------------------------------

========================================================================================
CICLO #0010 | 2026-09-03 15:11:31 UTC | símbolos=0
========================================================================================
----------------------------------------------------------------------------------------
RESUMEN DEL CICLO #0010
Símbolos analizados: 0
Sin señal: 0
Esperando/otros: 0
Señales rechazadas: 0
Bloqueadas por estado/límites: 0
Validadas DRY RUN: 0
Nuevas órdenes: 0
Operaciones cerradas sincronizadas: 0
Errores: 0
Duración del ciclo: 0.02s
Intervalo objetivo: 30s
Próximo ciclo en: 29.98s
----------------------------------------------------------------------------------------

========================================================================================
CICLO #0011 | 2026-09-03 15:12:01 UTC | símbolos=8
========================================================================================
[01/08] START Multi Step 2 Index
[01/08] END   Multi Step 2 Index | 0.02s | ARPS REGIME BLOCKED
    Motivo: SIN_TENDENCIA_M15
[02/08] START Multi Step 3 Index
[02/08] END   Multi Step 3 Index | 0.02s | ARPS REGIME BLOCKED
    Motivo: SIN_TENDENCIA_M15
[03/08] START Multi Step 4 Index
[03/08] END   Multi Step 4 Index | 0.02s | ARPS REGIME BLOCKED
    Motivo: ADX_M15_INSUFICIENTE
[04/08] START Step Index
[04/08] END   Step Index | 0.02s | ARPS REGIME BLOCKED
    Motivo: SIN_TENDENCIA_M15
[05/08] START Step Index 200
[05/08] END   Step Index 200 | 0.02s | ARPS REGIME BLOCKED
    Motivo: SIN_TENDENCIA_M15
[06/08] START Step Index 300
[06/08] END   Step Index 300 | 0.03s | ARPS WAITING SETUP
    Motivo: m5_structure_break,m1_rejection,m1_follow_through,m1_strong_close
[07/08] START Step Index 400
[07/08] END   Step Index 400 | 0.02s | ARPS REGIME BLOCKED
    Motivo: SIN_TENDENCIA_M15
[08/08] START Step Index 500
[08/08] END   Step Index 500 | 0.03s | ARPS WAITING SETUP
    Motivo: m5_structure_break,m5_pullback,m1_rejection
----------------------------------------------------------------------------------------
RESUMEN DEL CICLO #0011
Símbolos analizados: 8
Sin señal: 0
Esperando/otros: 8
Señales rechazadas: 0
Bloqueadas por estado/límites: 0
Validadas DRY RUN: 0
Nuevas órdenes: 0
Operaciones cerradas sincronizadas: 0
Errores: 0
Duración del ciclo: 0.25s
Intervalo objetivo: 30s
Próximo ciclo en: 29.75s
----------------------------------------------------------------------------------------

========================================================================================
CICLO #0012 | 2026-09-03 15:12:31 UTC | símbolos=0
========================================================================================
----------------------------------------------------------------------------------------
RESUMEN DEL CICLO #0012
Símbolos analizados: 0
Sin señal: 0
Esperando/otros: 0
Señales rechazadas: 0
Bloqueadas por estado/límites: 0
Validadas DRY RUN: 0
Nuevas órdenes: 0
Operaciones cerradas sincronizadas: 0
Errores: 0
Duración del ciclo: 0.02s
Intervalo objetivo: 30s
Próximo ciclo en: 29.98s
----------------------------------------------------------------------------------------

========================================================================================
CICLO #0013 | 2026-09-03 15:13:01 UTC | símbolos=8
========================================================================================
[01/08] START Multi Step 2 Index
[01/08] END   Multi Step 2 Index | 0.02s | ARPS REGIME BLOCKED
    Motivo: SIN_TENDENCIA_M15
[02/08] START Multi Step 3 Index
[02/08] END   Multi Step 3 Index | 0.02s | ARPS REGIME BLOCKED
    Motivo: SIN_TENDENCIA_M15
[03/08] START Multi Step 4 Index
[03/08] END   Multi Step 4 Index | 0.02s | ARPS REGIME BLOCKED
    Motivo: ADX_M15_INSUFICIENTE
[04/08] START Step Index
[04/08] END   Step Index | 0.02s | ARPS REGIME BLOCKED
    Motivo: SIN_TENDENCIA_M15
[05/08] START Step Index 200
[05/08] END   Step Index 200 | 0.02s | ARPS REGIME BLOCKED
    Motivo: SIN_TENDENCIA_M15
[06/08] START Step Index 300
[06/08] END   Step Index 300 | 0.03s | ARPS WAITING SETUP
    Motivo: m5_structure_break,m1_rejection,m1_follow_through,m1_strong_close
[07/08] START Step Index 400
[07/08] END   Step Index 400 | 0.02s | ARPS REGIME BLOCKED
    Motivo: SIN_TENDENCIA_M15
[08/08] START Step Index 500
[08/08] END   Step Index 500 | 0.03s | ARPS WAITING SETUP
    Motivo: m5_structure_break,m5_pullback,m1_strong_close
----------------------------------------------------------------------------------------
RESUMEN DEL CICLO #0013
Símbolos analizados: 8
Sin señal: 0
Esperando/otros: 8
Señales rechazadas: 0
Bloqueadas por estado/límites: 0
Validadas DRY RUN: 0
Nuevas órdenes: 0
Operaciones cerradas sincronizadas: 0
Errores: 0
Duración del ciclo: 0.24s
Intervalo objetivo: 30s
Próximo ciclo en: 29.76s
----------------------------------------------------------------------------------------

========================================================================================
CICLO #0014 | 2026-09-03 15:13:31 UTC | símbolos=0
========================================================================================
----------------------------------------------------------------------------------------
RESUMEN DEL CICLO #0014
Símbolos analizados: 0
Sin señal: 0
Esperando/otros: 0
Señales rechazadas: 0
Bloqueadas por estado/límites: 0
Validadas DRY RUN: 0
Nuevas órdenes: 0
Operaciones cerradas sincronizadas: 0
Errores: 0
Duración del ciclo: 0.02s
Intervalo objetivo: 30s
Próximo ciclo en: 29.98s
----------------------------------------------------------------------------------------

========================================================================================
CICLO #0015 | 2026-09-03 15:14:01 UTC | símbolos=8
========================================================================================
[01/08] START Multi Step 2 Index
[01/08] END   Multi Step 2 Index | 0.02s | ARPS REGIME BLOCKED
    Motivo: SIN_TENDENCIA_M15
[02/08] START Multi Step 3 Index
[02/08] END   Multi Step 3 Index | 0.02s | ARPS REGIME BLOCKED
    Motivo: SIN_TENDENCIA_M15
[03/08] START Multi Step 4 Index
[03/08] END   Multi Step 4 Index | 0.02s | ARPS REGIME BLOCKED
    Motivo: ADX_M15_INSUFICIENTE
[04/08] START Step Index
[04/08] END   Step Index | 0.02s | ARPS REGIME BLOCKED
    Motivo: SIN_TENDENCIA_M15
[05/08] START Step Index 200
[05/08] END   Step Index 200 | 0.02s | ARPS REGIME BLOCKED
    Motivo: SIN_TENDENCIA_M15
[06/08] START Step Index 300
[06/08] END   Step Index 300 | 0.03s | ARPS WAITING SETUP
    Motivo: m5_structure_break,m1_rejection
[07/08] START Step Index 400
[07/08] END   Step Index 400 | 0.03s | ARPS REGIME BLOCKED
    Motivo: SIN_TENDENCIA_M15
[08/08] START Step Index 500
[08/08] END   Step Index 500 | 0.02s | ARPS WAITING SETUP
    Motivo: m5_structure_break,m5_pullback,m1_rejection,m1_follow_through,m1_strong_close
----------------------------------------------------------------------------------------
RESUMEN DEL CICLO #0015
Símbolos analizados: 8
Sin señal: 0
Esperando/otros: 8
Señales rechazadas: 0
Bloqueadas por estado/límites: 0
Validadas DRY RUN: 0
Nuevas órdenes: 0
Operaciones cerradas sincronizadas: 0
Errores: 0
Duración del ciclo: 0.22s
Intervalo objetivo: 30s
Próximo ciclo en: 29.78s
----------------------------------------------------------------------------------------

========================================================================================
CICLO #0016 | 2026-09-03 15:14:31 UTC | símbolos=0
========================================================================================
----------------------------------------------------------------------------------------
RESUMEN DEL CICLO #0016
Símbolos analizados: 0
Sin señal: 0
Esperando/otros: 0
Señales rechazadas: 0
Bloqueadas por estado/límites: 0
Validadas DRY RUN: 0
Nuevas órdenes: 0
Operaciones cerradas sincronizadas: 0
Errores: 0
Duración del ciclo: 0.02s
Intervalo objetivo: 30s
Próximo ciclo en: 29.98s
----------------------------------------------------------------------------------------

========================================================================================
CICLO #0017 | 2026-09-03 15:15:01 UTC | símbolos=8
========================================================================================
[01/08] START Multi Step 2 Index
[01/08] END   Multi Step 2 Index | 0.02s | ARPS REGIME BLOCKED
    Motivo: SIN_TENDENCIA_M15
[02/08] START Multi Step 3 Index
[02/08] END   Multi Step 3 Index | 0.03s | ARPS REGIME BLOCKED
    Motivo: ADX_M15_INSUFICIENTE
[03/08] START Multi Step 4 Index
[03/08] END   Multi Step 4 Index | 0.03s | ARPS REGIME BLOCKED
    Motivo: ADX_M15_INSUFICIENTE
[04/08] START Step Index
[04/08] END   Step Index | 0.03s | ARPS REGIME BLOCKED
    Motivo: ADX_M15_INSUFICIENTE
[05/08] START Step Index 200
[05/08] END   Step Index 200 | 0.03s | ARPS REGIME BLOCKED
    Motivo: SIN_TENDENCIA_M15
[06/08] START Step Index 300
[06/08] END   Step Index 300 | 0.03s | ARPS WAITING SETUP
    Motivo: m5_structure_break,m1_rejection
[07/08] START Step Index 400
[07/08] END   Step Index 400 | 0.02s | ARPS REGIME BLOCKED
    Motivo: SIN_TENDENCIA_M15
[08/08] START Step Index 500
[08/08] END   Step Index 500 | 0.02s | ARPS REGIME BLOCKED
    Motivo: SIN_TENDENCIA_M15
----------------------------------------------------------------------------------------
RESUMEN DEL CICLO #0017
Símbolos analizados: 8
Sin señal: 0
Esperando/otros: 8
Señales rechazadas: 0
Bloqueadas por estado/límites: 0
Validadas DRY RUN: 0
Nuevas órdenes: 0
Operaciones cerradas sincronizadas: 0
Errores: 0
Duración del ciclo: 0.27s
Intervalo objetivo: 30s
Próximo ciclo en: 29.73s
----------------------------------------------------------------------------------------

========================================================================================
CICLO #0018 | 2026-09-03 15:15:31 UTC | símbolos=0
========================================================================================
----------------------------------------------------------------------------------------
RESUMEN DEL CICLO #0018
Símbolos analizados: 0
Sin señal: 0
Esperando/otros: 0
Señales rechazadas: 0
Bloqueadas por estado/límites: 0
Validadas DRY RUN: 0
Nuevas órdenes: 0
Operaciones cerradas sincronizadas: 0
Errores: 0
Duración del ciclo: 0.04s
Intervalo objetivo: 30s
Próximo ciclo en: 29.96s
----------------------------------------------------------------------------------------

========================================================================================
CICLO #0019 | 2026-09-03 15:16:01 UTC | símbolos=8
========================================================================================
[01/08] START Multi Step 2 Index
[01/08] END   Multi Step 2 Index | 0.02s | ARPS REGIME BLOCKED
    Motivo: SIN_TENDENCIA_M15
[02/08] START Multi Step 3 Index
[02/08] END   Multi Step 3 Index | 0.02s | ARPS REGIME BLOCKED
    Motivo: ADX_M15_INSUFICIENTE
[03/08] START Multi Step 4 Index
[03/08] END   Multi Step 4 Index | 0.02s | ARPS REGIME BLOCKED
    Motivo: ADX_M15_INSUFICIENTE
[04/08] START Step Index
[04/08] END   Step Index | 0.02s | ARPS REGIME BLOCKED
    Motivo: ADX_M15_INSUFICIENTE
[05/08] START Step Index 200
[05/08] END   Step Index 200 | 0.02s | ARPS REGIME BLOCKED
    Motivo: SIN_TENDENCIA_M15
[06/08] START Step Index 300
[06/08] END   Step Index 300 | 0.02s | ARPS WAITING SETUP
    Motivo: m5_structure_break,m1_follow_through,m1_strong_close
[07/08] START Step Index 400
[07/08] END   Step Index 400 | 0.03s | ARPS REGIME BLOCKED
    Motivo: SIN_TENDENCIA_M15
[08/08] START Step Index 500
[08/08] END   Step Index 500 | 0.03s | ARPS REGIME BLOCKED
    Motivo: SIN_TENDENCIA_M15
----------------------------------------------------------------------------------------
RESUMEN DEL CICLO #0019
Símbolos analizados: 8
Sin señal: 0
Esperando/otros: 8
Señales rechazadas: 0
Bloqueadas por estado/límites: 0
Validadas DRY RUN: 0
Nuevas órdenes: 0
Operaciones cerradas sincronizadas: 0
Errores: 0
Duración del ciclo: 0.22s
Intervalo objetivo: 30s
Próximo ciclo en: 29.78s
----------------------------------------------------------------------------------------

========================================================================================
CICLO #0020 | 2026-09-03 15:16:31 UTC | símbolos=0
========================================================================================
----------------------------------------------------------------------------------------
RESUMEN DEL CICLO #0020
Símbolos analizados: 0
Sin señal: 0
Esperando/otros: 0
Señales rechazadas: 0
Bloqueadas por estado/límites: 0
Validadas DRY RUN: 0
Nuevas órdenes: 0
Operaciones cerradas sincronizadas: 0
Errores: 0
Duración del ciclo: 0.05s
Intervalo objetivo: 30s
Próximo ciclo en: 29.95s
----------------------------------------------------------------------------------------

========================================================================================
CICLO #0021 | 2026-09-03 15:17:01 UTC | símbolos=8
========================================================================================
[01/08] START Multi Step 2 Index
[01/08] END   Multi Step 2 Index | 0.03s | ARPS REGIME BLOCKED
    Motivo: SIN_TENDENCIA_M15
[02/08] START Multi Step 3 Index
[02/08] END   Multi Step 3 Index | 0.03s | ARPS REGIME BLOCKED
    Motivo: ADX_M15_INSUFICIENTE
[03/08] START Multi Step 4 Index
[03/08] END   Multi Step 4 Index | 0.03s | ARPS REGIME BLOCKED
    Motivo: ADX_M15_INSUFICIENTE
[04/08] START Step Index
[04/08] END   Step Index | 0.03s | ARPS REGIME BLOCKED
    Motivo: ADX_M15_INSUFICIENTE
[05/08] START Step Index 200
[05/08] END   Step Index 200 | 0.03s | ARPS REGIME BLOCKED
    Motivo: SIN_TENDENCIA_M15
[06/08] START Step Index 300
[06/08] END   Step Index 300 | 0.04s | ARPS WAITING SETUP
    Motivo: m5_structure_break,m1_rejection
[07/08] START Step Index 400
[07/08] END   Step Index 400 | 0.03s | ARPS REGIME BLOCKED
    Motivo: SIN_TENDENCIA_M15
[08/08] START Step Index 500
[08/08] END   Step Index 500 | 0.03s | ARPS REGIME BLOCKED
    Motivo: SIN_TENDENCIA_M15
----------------------------------------------------------------------------------------
RESUMEN DEL CICLO #0021
Símbolos analizados: 8
Sin señal: 0
Esperando/otros: 8
Señales rechazadas: 0
Bloqueadas por estado/límites: 0
Validadas DRY RUN: 0
Nuevas órdenes: 0
Operaciones cerradas sincronizadas: 0
Errores: 0
Duración del ciclo: 0.30s
Intervalo objetivo: 30s
Próximo ciclo en: 29.70s
----------------------------------------------------------------------------------------

========================================================================================
CICLO #0022 | 2026-09-03 15:17:31 UTC | símbolos=0
========================================================================================
----------------------------------------------------------------------------------------
RESUMEN DEL CICLO #0022
Símbolos analizados: 0
Sin señal: 0
Esperando/otros: 0
Señales rechazadas: 0
Bloqueadas por estado/límites: 0
Validadas DRY RUN: 0
Nuevas órdenes: 0
Operaciones cerradas sincronizadas: 0
Errores: 0
Duración del ciclo: 0.02s
Intervalo objetivo: 30s
Próximo ciclo en: 29.98s
----------------------------------------------------------------------------------------

========================================================================================
CICLO #0023 | 2026-09-03 15:18:01 UTC | símbolos=8
========================================================================================
[01/08] START Multi Step 2 Index
[01/08] END   Multi Step 2 Index | 0.02s | ARPS REGIME BLOCKED
    Motivo: SIN_TENDENCIA_M15
[02/08] START Multi Step 3 Index
[02/08] END   Multi Step 3 Index | 0.02s | ARPS REGIME BLOCKED
    Motivo: ADX_M15_INSUFICIENTE
[03/08] START Multi Step 4 Index
[03/08] END   Multi Step 4 Index | 0.02s | ARPS REGIME BLOCKED
    Motivo: ADX_M15_INSUFICIENTE
[04/08] START Step Index
[04/08] END   Step Index | 0.02s | ARPS REGIME BLOCKED
    Motivo: ADX_M15_INSUFICIENTE
[05/08] START Step Index 200
[05/08] END   Step Index 200 | 0.02s | ARPS REGIME BLOCKED
    Motivo: SIN_TENDENCIA_M15
[06/08] START Step Index 300
[06/08] END   Step Index 300 | 0.03s | ARPS WAITING SETUP
    Motivo: m5_structure_break,m1_rejection,m1_follow_through,m1_strong_close
[07/08] START Step Index 400
[07/08] END   Step Index 400 | 0.02s | ARPS REGIME BLOCKED
    Motivo: SIN_TENDENCIA_M15
[08/08] START Step Index 500
[08/08] END   Step Index 500 | 0.02s | ARPS REGIME BLOCKED
    Motivo: SIN_TENDENCIA_M15
----------------------------------------------------------------------------------------
RESUMEN DEL CICLO #0023
Símbolos analizados: 8
Sin señal: 0
Esperando/otros: 8
Señales rechazadas: 0
Bloqueadas por estado/límites: 0
Validadas DRY RUN: 0
Nuevas órdenes: 0
Operaciones cerradas sincronizadas: 0
Errores: 0
Duración del ciclo: 0.23s
Intervalo objetivo: 30s
Próximo ciclo en: 29.77s
----------------------------------------------------------------------------------------
Bot detenido por el usuario.
========================================================================
DERIV DEMO EXECUTION PREFLIGHT
========================================================================
[OK] MT5_ACCOUNT_INFO {'login': 41108926, 'server': 'Deriv-Demo', 'currency': 'USD', 'balance': 9780.68, 'equity': 9780.68, 'margin': 0.0, 'free_margin': 9780.68, 'profit': 0.0, 'leverage': 1000, 'trade_mode': 0, 'snapshot_time': datetime.datetime(2026, 9, 3, 15, 19, 10, 156458, tzinfo=datetime.timezone.utc), 'broker': 'MT5'}
[OK] MT5_TERMINAL_CONNECTED {'trade_allowed': True, 'tradeapi_disabled': False}
[OK] MT5_AUTOTRADING_ALLOWED {'trade_allowed': True, 'tradeapi_disabled': False}
[OK] DEMO_ACCOUNT {'trade_mode': 0, 'server': 'Deriv-Demo'}
[OK] FREE_MARGIN {'free_margin': 9780.68, 'required': 0.0}
[OK] DATABASE_READY {}
[OK] SYMBOL:Multi Step 2 Index {'visible': True, 'trade_mode': 4, 'volume_min': 0.1, 'volume_step': 0.01, 'point': 0.01, 'stops_level_points': 96}
[OK] SYMBOL:Multi Step 3 Index {'visible': True, 'trade_mode': 4, 'volume_min': 0.1, 'volume_step': 0.01, 'point': 0.01, 'stops_level_points': 60}
[OK] SYMBOL:Multi Step 4 Index {'visible': True, 'trade_mode': 4, 'volume_min': 0.1, 'volume_step': 0.01, 'point': 0.01, 'stops_level_points': 109}
[OK] SYMBOL:Skew Step Index 4 Down {'visible': True, 'trade_mode': 4, 'volume_min': 0.1, 'volume_step': 0.01, 'point': 0.1, 'stops_level_points': 200}
[OK] SYMBOL:Skew Step Index 4 Up {'visible': True, 'trade_mode': 4, 'volume_min': 0.1, 'volume_step': 0.01, 'point': 0.1, 'stops_level_points': 200}
[OK] SYMBOL:Skew Step Index 5 Down {'visible': True, 'trade_mode': 4, 'volume_min': 0.1, 'volume_step': 0.01, 'point': 0.1, 'stops_level_points': 200}
[OK] SYMBOL:Skew Step Index 5 Up {'visible': True, 'trade_mode': 4, 'volume_min': 0.1, 'volume_step': 0.01, 'point': 0.1, 'stops_level_points': 200}
[OK] SYMBOL:Step Index {'visible': True, 'trade_mode': 4, 'volume_min': 0.1, 'volume_step': 0.01, 'point': 0.1, 'stops_level_points': 8}
[OK] SYMBOL:Step Index 200 {'visible': True, 'trade_mode': 4, 'volume_min': 0.1, 'volume_step': 0.01, 'point': 0.1, 'stops_level_points': 11}
[OK] SYMBOL:Step Index 300 {'visible': True, 'trade_mode': 4, 'volume_min': 0.1, 'volume_step': 0.01, 'point': 0.1, 'stops_level_points': 9}
[OK] SYMBOL:Step Index 400 {'visible': True, 'trade_mode': 4, 'volume_min': 0.1, 'volume_step': 0.01, 'point': 0.1, 'stops_level_points': 12}
[OK] SYMBOL:Step Index 500 {'visible': True, 'trade_mode': 4, 'volume_min': 0.1, 'volume_step': 0.01, 'point': 0.1, 'stops_level_points': 20}
========================================================================
STATUS: READY FOR DEMO EXECUTION
DAEMONBLACKFX VERSION: v100-entry-quality-recoverable-quarantine-winrate-audit
BOT ACTIVO: SCALP_STEP | MAGIC=26082304 | ESTRATEGIA=ARPS_SYNTHETIC_SCALPER | instrumentos=12 | auto_export=False
========================================================================================
BOT SMC MT5 - DERIV DEMO
========================================================================================
Cuenta: 41108926 | Servidor: Deriv-Demo
Balance: 9780.68 USD
Modo: EJECUCIÓN DEMO
Riesgo por trade: 0.25% | R:R mínimo: 1.50
Intervalo: 30s | Símbolos: 12
Reporte XLSX: C:\TradingBoot\smc_synthetic_bot\storage\exports\deriv_demo_trading_report.xlsx
Pipeline: SMC -> TradeLifecycleManager -> MT5TradeExecutor -> SQLite -> XLSX
========================================================================================
Daemon activo: señales=30s | monitor posiciones/BE=2s | símbolos=12
Progreso: se mostrará cada símbolo y su tiempo de análisis.
{'action': 'POSITION_MONITOR_STARTED', 'signal_interval_seconds': 30, 'position_monitor_interval_seconds': 2, 'monitor_mode': 'BACKGROUND_DECOUPLED'}

========================================================================================
CICLO #0001 | 2026-09-03 15:19:21 UTC | símbolos=8
========================================================================================
[01/08] START Multi Step 2 Index
[01/08] END   Multi Step 2 Index | 1.12s | ARPS REGIME BLOCKED
    Motivo: SIN_TENDENCIA_M15
[02/08] START Multi Step 3 Index
[02/08] END   Multi Step 3 Index | 2.18s | ARPS REGIME BLOCKED
    Motivo: ADX_M15_INSUFICIENTE
[03/08] START Multi Step 4 Index
[03/08] END   Multi Step 4 Index | 1.35s | ARPS REGIME BLOCKED
    Motivo: ADX_M15_INSUFICIENTE
[04/08] START Step Index
[04/08] END   Step Index | 1.83s | ARPS REGIME BLOCKED
    Motivo: ADX_M15_INSUFICIENTE
[05/08] START Step Index 200
[05/08] END   Step Index 200 | 0.42s | ARPS REGIME BLOCKED
    Motivo: SIN_TENDENCIA_M15
[06/08] START Step Index 300
[06/08] END   Step Index 300 | 0.53s | ARPS WAITING SETUP
    Motivo: m5_structure_break,m1_rejection,m1_follow_through
[07/08] START Step Index 400
[07/08] END   Step Index 400 | 1.54s | ARPS REGIME BLOCKED
    Motivo: SIN_TENDENCIA_M15
[08/08] START Step Index 500
[08/08] END   Step Index 500 | 0.67s | ARPS REGIME BLOCKED
    Motivo: SIN_TENDENCIA_M15
----------------------------------------------------------------------------------------
RESUMEN DEL CICLO #0001
Símbolos analizados: 8
Sin señal: 0
Esperando/otros: 8
Señales rechazadas: 0
Bloqueadas por estado/límites: 0
Validadas DRY RUN: 0
Nuevas órdenes: 0
Operaciones cerradas sincronizadas: 0
Errores: 0
Duración del ciclo: 12.26s
Intervalo objetivo: 30s
Próximo ciclo en: 17.74s
----------------------------------------------------------------------------------------

========================================================================================
CICLO #0002 | 2026-09-03 15:19:51 UTC | símbolos=0
========================================================================================
----------------------------------------------------------------------------------------
RESUMEN DEL CICLO #0002
Símbolos analizados: 0
Sin señal: 0
Esperando/otros: 0
Señales rechazadas: 0
Bloqueadas por estado/límites: 0
Validadas DRY RUN: 0
Nuevas órdenes: 0
Operaciones cerradas sincronizadas: 0
Errores: 0
Duración del ciclo: 0.06s
Intervalo objetivo: 30s
Próximo ciclo en: 29.94s
----------------------------------------------------------------------------------------

========================================================================================
CICLO #0003 | 2026-09-03 15:20:21 UTC | símbolos=8
========================================================================================
[01/08] START Multi Step 2 Index
[01/08] END   Multi Step 2 Index | 0.03s | ARPS REGIME BLOCKED
    Motivo: SIN_TENDENCIA_M15
[02/08] START Multi Step 3 Index
[02/08] END   Multi Step 3 Index | 0.03s | ARPS REGIME BLOCKED
    Motivo: ADX_M15_INSUFICIENTE
[03/08] START Multi Step 4 Index
[03/08] END   Multi Step 4 Index | 0.03s | ARPS REGIME BLOCKED
    Motivo: ADX_M15_INSUFICIENTE
[04/08] START Step Index
[04/08] END   Step Index | 0.03s | ARPS REGIME BLOCKED
    Motivo: ADX_M15_INSUFICIENTE
[05/08] START Step Index 200
[05/08] END   Step Index 200 | 0.02s | ARPS REGIME BLOCKED
    Motivo: SIN_TENDENCIA_M15
[06/08] START Step Index 300
[06/08] END   Step Index 300 | 0.03s | ARPS WAITING SETUP
    Motivo: m5_structure_break,m1_rejection,m1_follow_through
[07/08] START Step Index 400
[07/08] END   Step Index 400 | 0.02s | ARPS REGIME BLOCKED
    Motivo: SIN_TENDENCIA_M15
[08/08] START Step Index 500
[08/08] END   Step Index 500 | 0.02s | ARPS REGIME BLOCKED
    Motivo: SIN_TENDENCIA_M15
----------------------------------------------------------------------------------------
RESUMEN DEL CICLO #0003
Símbolos analizados: 8
Sin señal: 0
Esperando/otros: 8
Señales rechazadas: 0
Bloqueadas por estado/límites: 0
Validadas DRY RUN: 0
Nuevas órdenes: 0
Operaciones cerradas sincronizadas: 0
Errores: 0
Duración del ciclo: 0.26s
Intervalo objetivo: 30s
Próximo ciclo en: 29.74s
----------------------------------------------------------------------------------------

========================================================================================
CICLO #0004 | 2026-09-03 15:20:51 UTC | símbolos=0
========================================================================================
----------------------------------------------------------------------------------------
RESUMEN DEL CICLO #0004
Símbolos analizados: 0
Sin señal: 0
Esperando/otros: 0
Señales rechazadas: 0
Bloqueadas por estado/límites: 0
Validadas DRY RUN: 0
Nuevas órdenes: 0
Operaciones cerradas sincronizadas: 0
Errores: 0
Duración del ciclo: 0.04s
Intervalo objetivo: 30s
Próximo ciclo en: 29.96s
----------------------------------------------------------------------------------------

========================================================================================
CICLO #0005 | 2026-09-03 15:21:21 UTC | símbolos=8
========================================================================================
[01/08] START Multi Step 2 Index
[01/08] END   Multi Step 2 Index | 0.37s | ARPS REGIME BLOCKED
    Motivo: SIN_TENDENCIA_M15
[02/08] START Multi Step 3 Index
[02/08] END   Multi Step 3 Index | 0.07s | ARPS REGIME BLOCKED
    Motivo: ADX_M15_INSUFICIENTE
[03/08] START Multi Step 4 Index
[03/08] END   Multi Step 4 Index | 0.05s | ARPS REGIME BLOCKED
    Motivo: ADX_M15_INSUFICIENTE
[04/08] START Step Index
[04/08] END   Step Index | 0.04s | ARPS REGIME BLOCKED
    Motivo: ADX_M15_INSUFICIENTE
[05/08] START Step Index 200
[05/08] END   Step Index 200 | 0.03s | ARPS REGIME BLOCKED
    Motivo: SIN_TENDENCIA_M15
[06/08] START Step Index 300
[06/08] END   Step Index 300 | 0.03s | ARPS WAITING SETUP
    Motivo: m5_structure_break,m1_rejection,m1_follow_through,m1_strong_close
[07/08] START Step Index 400
[07/08] END   Step Index 400 | 0.03s | ARPS REGIME BLOCKED
    Motivo: SIN_TENDENCIA_M15
[08/08] START Step Index 500
[08/08] END   Step Index 500 | 0.03s | ARPS REGIME BLOCKED
    Motivo: SIN_TENDENCIA_M15
----------------------------------------------------------------------------------------
RESUMEN DEL CICLO #0005
Símbolos analizados: 8
Sin señal: 0
Esperando/otros: 8
Señales rechazadas: 0
Bloqueadas por estado/límites: 0
Validadas DRY RUN: 0
Nuevas órdenes: 0
Operaciones cerradas sincronizadas: 0
Errores: 0
Duración del ciclo: 0.74s
Intervalo objetivo: 30s
Próximo ciclo en: 29.26s
----------------------------------------------------------------------------------------

========================================================================================
CICLO #0006 | 2026-09-03 15:21:51 UTC | símbolos=0
========================================================================================
----------------------------------------------------------------------------------------
RESUMEN DEL CICLO #0006
Símbolos analizados: 0
Sin señal: 0
Esperando/otros: 0
Señales rechazadas: 0
Bloqueadas por estado/límites: 0
Validadas DRY RUN: 0
Nuevas órdenes: 0
Operaciones cerradas sincronizadas: 0
Errores: 0
Duración del ciclo: 0.03s
Intervalo objetivo: 30s
Próximo ciclo en: 29.97s
----------------------------------------------------------------------------------------

========================================================================================
CICLO #0007 | 2026-09-03 15:22:21 UTC | símbolos=8
========================================================================================
[01/08] START Multi Step 2 Index
[01/08] END   Multi Step 2 Index | 0.02s | ARPS REGIME BLOCKED
    Motivo: SIN_TENDENCIA_M15
[02/08] START Multi Step 3 Index
[02/08] END   Multi Step 3 Index | 0.02s | ARPS REGIME BLOCKED
    Motivo: ADX_M15_INSUFICIENTE
[03/08] START Multi Step 4 Index
[03/08] END   Multi Step 4 Index | 0.02s | ARPS REGIME BLOCKED
    Motivo: ADX_M15_INSUFICIENTE
[04/08] START Step Index
[04/08] END   Step Index | 0.02s | ARPS REGIME BLOCKED
    Motivo: ADX_M15_INSUFICIENTE
[05/08] START Step Index 200
[05/08] END   Step Index 200 | 0.02s | ARPS REGIME BLOCKED
    Motivo: SIN_TENDENCIA_M15
[06/08] START Step Index 300
[06/08] END   Step Index 300 | 0.02s | ARPS WAITING SETUP
    Motivo: m5_structure_break,m1_follow_through,m1_strong_close
[07/08] START Step Index 400
[07/08] END   Step Index 400 | 0.02s | ARPS REGIME BLOCKED
    Motivo: SIN_TENDENCIA_M15
[08/08] START Step Index 500
[08/08] END   Step Index 500 | 0.02s | ARPS REGIME BLOCKED
    Motivo: SIN_TENDENCIA_M15
----------------------------------------------------------------------------------------
RESUMEN DEL CICLO #0007
Símbolos analizados: 8
Sin señal: 0
Esperando/otros: 8
Señales rechazadas: 0
Bloqueadas por estado/límites: 0
Validadas DRY RUN: 0
Nuevas órdenes: 0
Operaciones cerradas sincronizadas: 0
Errores: 0
Duración del ciclo: 0.21s
Intervalo objetivo: 30s
Próximo ciclo en: 29.79s
----------------------------------------------------------------------------------------

========================================================================================
CICLO #0008 | 2026-09-03 15:22:51 UTC | símbolos=0
========================================================================================
----------------------------------------------------------------------------------------
RESUMEN DEL CICLO #0008
Símbolos analizados: 0
Sin señal: 0
Esperando/otros: 0
Señales rechazadas: 0
Bloqueadas por estado/límites: 0
Validadas DRY RUN: 0
Nuevas órdenes: 0
Operaciones cerradas sincronizadas: 0
Errores: 0
Duración del ciclo: 0.02s
Intervalo objetivo: 30s
Próximo ciclo en: 29.98s
----------------------------------------------------------------------------------------

========================================================================================
CICLO #0009 | 2026-09-03 15:23:21 UTC | símbolos=8
========================================================================================
[01/08] START Multi Step 2 Index
[01/08] END   Multi Step 2 Index | 0.02s | ARPS REGIME BLOCKED
    Motivo: SIN_TENDENCIA_M15
[02/08] START Multi Step 3 Index
[02/08] END   Multi Step 3 Index | 0.02s | ARPS REGIME BLOCKED
    Motivo: ADX_M15_INSUFICIENTE
[03/08] START Multi Step 4 Index
[03/08] END   Multi Step 4 Index | 0.02s | ARPS REGIME BLOCKED
    Motivo: ADX_M15_INSUFICIENTE
[04/08] START Step Index
[04/08] END   Step Index | 0.02s | ARPS REGIME BLOCKED
    Motivo: ADX_M15_INSUFICIENTE
[05/08] START Step Index 200
[05/08] END   Step Index 200 | 0.02s | ARPS REGIME BLOCKED
    Motivo: SIN_TENDENCIA_M15
[06/08] START Step Index 300
[06/08] END   Step Index 300 | 0.03s | ARPS WAITING SETUP
    Motivo: m5_structure_break,m1_rejection
[07/08] START Step Index 400
[07/08] END   Step Index 400 | 0.02s | ARPS REGIME BLOCKED
    Motivo: SIN_TENDENCIA_M15
[08/08] START Step Index 500
[08/08] END   Step Index 500 | 0.02s | ARPS REGIME BLOCKED
    Motivo: SIN_TENDENCIA_M15
----------------------------------------------------------------------------------------
RESUMEN DEL CICLO #0009
Símbolos analizados: 8
Sin señal: 0
Esperando/otros: 8
Señales rechazadas: 0
Bloqueadas por estado/límites: 0
Validadas DRY RUN: 0
Nuevas órdenes: 0
Operaciones cerradas sincronizadas: 0
Errores: 0
Duración del ciclo: 0.22s
Intervalo objetivo: 30s
Próximo ciclo en: 29.78s
----------------------------------------------------------------------------------------

========================================================================================
CICLO #0010 | 2026-09-03 15:23:51 UTC | símbolos=0
========================================================================================
----------------------------------------------------------------------------------------
RESUMEN DEL CICLO #0010
Símbolos analizados: 0
Sin señal: 0
Esperando/otros: 0
Señales rechazadas: 0
Bloqueadas por estado/límites: 0
Validadas DRY RUN: 0
Nuevas órdenes: 0
Operaciones cerradas sincronizadas: 0
Errores: 0
Duración del ciclo: 0.02s
Intervalo objetivo: 30s
Próximo ciclo en: 29.98s
----------------------------------------------------------------------------------------

========================================================================================
CICLO #0011 | 2026-09-03 15:24:21 UTC | símbolos=8
========================================================================================
[01/08] START Multi Step 2 Index
[01/08] END   Multi Step 2 Index | 0.02s | ARPS REGIME BLOCKED
    Motivo: SIN_TENDENCIA_M15
[02/08] START Multi Step 3 Index
[02/08] END   Multi Step 3 Index | 0.02s | ARPS REGIME BLOCKED
    Motivo: ADX_M15_INSUFICIENTE
[03/08] START Multi Step 4 Index
[03/08] END   Multi Step 4 Index | 0.02s | ARPS REGIME BLOCKED
    Motivo: ADX_M15_INSUFICIENTE
[04/08] START Step Index
[04/08] END   Step Index | 0.02s | ARPS REGIME BLOCKED
    Motivo: ADX_M15_INSUFICIENTE
[05/08] START Step Index 200
[05/08] END   Step Index 200 | 0.02s | ARPS REGIME BLOCKED
    Motivo: SIN_TENDENCIA_M15
[06/08] START Step Index 300
[06/08] END   Step Index 300 | 0.03s | ARPS WAITING SETUP
    Motivo: m5_structure_break,m1_rejection,m1_follow_through,m1_strong_close
[07/08] START Step Index 400
[07/08] END   Step Index 400 | 0.02s | ARPS REGIME BLOCKED
    Motivo: SIN_TENDENCIA_M15
[08/08] START Step Index 500
[08/08] END   Step Index 500 | 0.02s | ARPS REGIME BLOCKED
    Motivo: SIN_TENDENCIA_M15
----------------------------------------------------------------------------------------
RESUMEN DEL CICLO #0011
Símbolos analizados: 8
Sin señal: 0
Esperando/otros: 8
Señales rechazadas: 0
Bloqueadas por estado/límites: 0
Validadas DRY RUN: 0
Nuevas órdenes: 0
Operaciones cerradas sincronizadas: 0
Errores: 0
Duración del ciclo: 0.22s
Intervalo objetivo: 30s
Próximo ciclo en: 29.78s
----------------------------------------------------------------------------------------

========================================================================================
CICLO #0012 | 2026-09-03 15:24:51 UTC | símbolos=0
========================================================================================
----------------------------------------------------------------------------------------
RESUMEN DEL CICLO #0012
Símbolos analizados: 0
Sin señal: 0
Esperando/otros: 0
Señales rechazadas: 0
Bloqueadas por estado/límites: 0
Validadas DRY RUN: 0
Nuevas órdenes: 0
Operaciones cerradas sincronizadas: 0
Errores: 0
Duración del ciclo: 0.02s
Intervalo objetivo: 30s
Próximo ciclo en: 29.98s
----------------------------------------------------------------------------------------

========================================================================================
CICLO #0013 | 2026-09-03 15:25:21 UTC | símbolos=8
========================================================================================
[01/08] START Multi Step 2 Index
[01/08] END   Multi Step 2 Index | 0.03s | ARPS REGIME BLOCKED
    Motivo: SIN_TENDENCIA_M15
[02/08] START Multi Step 3 Index
[02/08] END   Multi Step 3 Index | 0.02s | ARPS REGIME BLOCKED
    Motivo: ADX_M15_INSUFICIENTE
[03/08] START Multi Step 4 Index
[03/08] END   Multi Step 4 Index | 0.02s | ARPS REGIME BLOCKED
    Motivo: ADX_M15_INSUFICIENTE
[04/08] START Step Index
[04/08] END   Step Index | 0.02s | ARPS REGIME BLOCKED
    Motivo: ADX_M15_INSUFICIENTE
[05/08] START Step Index 200
[05/08] END   Step Index 200 | 0.03s | ARPS REGIME BLOCKED
    Motivo: SIN_TENDENCIA_M15
[06/08] START Step Index 300
[06/08] END   Step Index 300 | 0.03s | ARPS WAITING SETUP
    Motivo: m5_structure_break,m1_follow_through
[07/08] START Step Index 400
[07/08] END   Step Index 400 | 0.03s | ARPS REGIME BLOCKED
    Motivo: SIN_TENDENCIA_M15
[08/08] START Step Index 500
[08/08] END   Step Index 500 | 0.02s | ARPS REGIME BLOCKED
    Motivo: SIN_TENDENCIA_M15
----------------------------------------------------------------------------------------
RESUMEN DEL CICLO #0013
Símbolos analizados: 8
Sin señal: 0
Esperando/otros: 8
Señales rechazadas: 0
Bloqueadas por estado/límites: 0
Validadas DRY RUN: 0
Nuevas órdenes: 0
Operaciones cerradas sincronizadas: 0
Errores: 0
Duración del ciclo: 0.26s
Intervalo objetivo: 30s
Próximo ciclo en: 29.74s
----------------------------------------------------------------------------------------

========================================================================================
CICLO #0014 | 2026-09-03 15:25:51 UTC | símbolos=0
========================================================================================
----------------------------------------------------------------------------------------
RESUMEN DEL CICLO #0014
Símbolos analizados: 0
Sin señal: 0
Esperando/otros: 0
Señales rechazadas: 0
Bloqueadas por estado/límites: 0
Validadas DRY RUN: 0
Nuevas órdenes: 0
Operaciones cerradas sincronizadas: 0
Errores: 0
Duración del ciclo: 0.02s
Intervalo objetivo: 30s
Próximo ciclo en: 29.98s
----------------------------------------------------------------------------------------

========================================================================================
CICLO #0015 | 2026-09-03 15:26:21 UTC | símbolos=8
========================================================================================
[01/08] START Multi Step 2 Index
[01/08] END   Multi Step 2 Index | 0.02s | ARPS REGIME BLOCKED
    Motivo: SIN_TENDENCIA_M15
[02/08] START Multi Step 3 Index
[02/08] END   Multi Step 3 Index | 0.03s | ARPS REGIME BLOCKED
    Motivo: ADX_M15_INSUFICIENTE
[03/08] START Multi Step 4 Index
[03/08] END   Multi Step 4 Index | 0.02s | ARPS REGIME BLOCKED
    Motivo: ADX_M15_INSUFICIENTE
[04/08] START Step Index
[04/08] END   Step Index | 0.02s | ARPS REGIME BLOCKED
    Motivo: ADX_M15_INSUFICIENTE
[05/08] START Step Index 200
[05/08] END   Step Index 200 | 0.03s | ARPS REGIME BLOCKED
    Motivo: SIN_TENDENCIA_M15
[06/08] START Step Index 300
[06/08] END   Step Index 300 | 0.03s | ARPS WAITING SETUP
    Motivo: m5_structure_break,m1_rejection,m1_strong_close
[07/08] START Step Index 400
[07/08] END   Step Index 400 | 0.03s | ARPS REGIME BLOCKED
    Motivo: SIN_TENDENCIA_M15
[08/08] START Step Index 500
[08/08] END   Step Index 500 | 0.03s | ARPS REGIME BLOCKED
    Motivo: SIN_TENDENCIA_M15
----------------------------------------------------------------------------------------
RESUMEN DEL CICLO #0015
Símbolos analizados: 8
Sin señal: 0
Esperando/otros: 8
Señales rechazadas: 0
Bloqueadas por estado/límites: 0
Validadas DRY RUN: 0
Nuevas órdenes: 0
Operaciones cerradas sincronizadas: 0
Errores: 0
Duración del ciclo: 0.25s
Intervalo objetivo: 30s
Próximo ciclo en: 29.75s
----------------------------------------------------------------------------------------

========================================================================================
CICLO #0016 | 2026-09-03 15:26:51 UTC | símbolos=0
========================================================================================
----------------------------------------------------------------------------------------
RESUMEN DEL CICLO #0016
Símbolos analizados: 0
Sin señal: 0
Esperando/otros: 0
Señales rechazadas: 0
Bloqueadas por estado/límites: 0
Validadas DRY RUN: 0
Nuevas órdenes: 0
Operaciones cerradas sincronizadas: 0
Errores: 0
Duración del ciclo: 0.02s
Intervalo objetivo: 30s
Próximo ciclo en: 29.98s
----------------------------------------------------------------------------------------

========================================================================================
CICLO #0017 | 2026-09-03 15:27:21 UTC | símbolos=8
========================================================================================
[01/08] START Multi Step 2 Index
[01/08] END   Multi Step 2 Index | 0.02s | ARPS REGIME BLOCKED
    Motivo: SIN_TENDENCIA_M15
[02/08] START Multi Step 3 Index
[02/08] END   Multi Step 3 Index | 0.03s | ARPS REGIME BLOCKED
    Motivo: ADX_M15_INSUFICIENTE
[03/08] START Multi Step 4 Index
[03/08] END   Multi Step 4 Index | 0.04s | ARPS REGIME BLOCKED
    Motivo: ADX_M15_INSUFICIENTE
[04/08] START Step Index
[04/08] END   Step Index | 0.03s | ARPS REGIME BLOCKED
    Motivo: ADX_M15_INSUFICIENTE
[05/08] START Step Index 200
[05/08] END   Step Index 200 | 0.03s | ARPS REGIME BLOCKED
    Motivo: SIN_TENDENCIA_M15
[06/08] START Step Index 300
[06/08] END   Step Index 300 | 0.04s | ARPS WAITING SETUP
    Motivo: m5_structure_break,m1_follow_through
[07/08] START Step Index 400
[07/08] END   Step Index 400 | 0.03s | ARPS REGIME BLOCKED
    Motivo: SIN_TENDENCIA_M15
[08/08] START Step Index 500
[08/08] END   Step Index 500 | 0.03s | ARPS REGIME BLOCKED
    Motivo: SIN_TENDENCIA_M15
----------------------------------------------------------------------------------------
RESUMEN DEL CICLO #0017
Símbolos analizados: 8
Sin señal: 0
Esperando/otros: 8
Señales rechazadas: 0
Bloqueadas por estado/límites: 0
Validadas DRY RUN: 0
Nuevas órdenes: 0
Operaciones cerradas sincronizadas: 0
Errores: 0
Duración del ciclo: 0.31s
Intervalo objetivo: 30s
Próximo ciclo en: 29.69s
----------------------------------------------------------------------------------------

========================================================================================
CICLO #0018 | 2026-09-03 15:27:51 UTC | símbolos=0
========================================================================================
----------------------------------------------------------------------------------------
RESUMEN DEL CICLO #0018
Símbolos analizados: 0
Sin señal: 0
Esperando/otros: 0
Señales rechazadas: 0
Bloqueadas por estado/límites: 0
Validadas DRY RUN: 0
Nuevas órdenes: 0
Operaciones cerradas sincronizadas: 0
Errores: 0
Duración del ciclo: 0.02s
Intervalo objetivo: 30s
Próximo ciclo en: 29.98s
----------------------------------------------------------------------------------------

========================================================================================
CICLO #0019 | 2026-09-03 15:28:21 UTC | símbolos=8
========================================================================================
[01/08] START Multi Step 2 Index
[01/08] END   Multi Step 2 Index | 0.02s | ARPS REGIME BLOCKED
    Motivo: SIN_TENDENCIA_M15
[02/08] START Multi Step 3 Index
[02/08] END   Multi Step 3 Index | 0.02s | ARPS REGIME BLOCKED
    Motivo: ADX_M15_INSUFICIENTE
[03/08] START Multi Step 4 Index
[03/08] END   Multi Step 4 Index | 0.02s | ARPS REGIME BLOCKED
    Motivo: ADX_M15_INSUFICIENTE
[04/08] START Step Index
[04/08] END   Step Index | 0.03s | ARPS REGIME BLOCKED
    Motivo: ADX_M15_INSUFICIENTE
[05/08] START Step Index 200
[05/08] END   Step Index 200 | 0.02s | ARPS REGIME BLOCKED
    Motivo: SIN_TENDENCIA_M15
[06/08] START Step Index 300
[06/08] END   Step Index 300 | 0.03s | ARPS WAITING SETUP
    Motivo: m5_structure_break,m1_rejection,m1_follow_through
[07/08] START Step Index 400
[07/08] END   Step Index 400 | 0.03s | ARPS REGIME BLOCKED
    Motivo: SIN_TENDENCIA_M15
[08/08] START Step Index 500
[08/08] END   Step Index 500 | 0.02s | ARPS REGIME BLOCKED
    Motivo: SIN_TENDENCIA_M15
----------------------------------------------------------------------------------------
RESUMEN DEL CICLO #0019
Símbolos analizados: 8
Sin señal: 0
Esperando/otros: 8
Señales rechazadas: 0
Bloqueadas por estado/límites: 0
Validadas DRY RUN: 0
Nuevas órdenes: 0
Operaciones cerradas sincronizadas: 0
Errores: 0
Duración del ciclo: 0.24s
Intervalo objetivo: 30s
Próximo ciclo en: 29.76s
----------------------------------------------------------------------------------------

========================================================================================
CICLO #0020 | 2026-09-03 15:28:51 UTC | símbolos=0
========================================================================================
----------------------------------------------------------------------------------------
RESUMEN DEL CICLO #0020
Símbolos analizados: 0
Sin señal: 0
Esperando/otros: 0
Señales rechazadas: 0
Bloqueadas por estado/límites: 0
Validadas DRY RUN: 0
Nuevas órdenes: 0
Operaciones cerradas sincronizadas: 0
Errores: 0
Duración del ciclo: 0.02s
Intervalo objetivo: 30s
Próximo ciclo en: 29.98s
----------------------------------------------------------------------------------------
Bot detenido por el usuario.
========================================================================
DERIV DEMO EXECUTION PREFLIGHT
========================================================================
[OK] MT5_ACCOUNT_INFO {'login': 41108926, 'server': 'Deriv-Demo', 'currency': 'USD', 'balance': 10000.0, 'equity': 10000.0, 'margin': 0.0, 'free_margin': 10000.0, 'profit': 0.0, 'leverage': 1000, 'trade_mode': 0, 'snapshot_time': datetime.datetime(2026, 9, 3, 15, 31, 16, 111243, tzinfo=datetime.timezone.utc), 'broker': 'MT5'}
[OK] MT5_TERMINAL_CONNECTED {'trade_allowed': True, 'tradeapi_disabled': False}
[OK] MT5_AUTOTRADING_ALLOWED {'trade_allowed': True, 'tradeapi_disabled': False}
[OK] DEMO_ACCOUNT {'trade_mode': 0, 'server': 'Deriv-Demo'}
[OK] FREE_MARGIN {'free_margin': 10000.0, 'required': 0.0}
[OK] DATABASE_READY {}
[OK] SYMBOL:Multi Step 2 Index {'visible': True, 'trade_mode': 4, 'volume_min': 0.1, 'volume_step': 0.01, 'point': 0.01, 'stops_level_points': 96}
[OK] SYMBOL:Multi Step 3 Index {'visible': True, 'trade_mode': 4, 'volume_min': 0.1, 'volume_step': 0.01, 'point': 0.01, 'stops_level_points': 60}
[OK] SYMBOL:Multi Step 4 Index {'visible': True, 'trade_mode': 4, 'volume_min': 0.1, 'volume_step': 0.01, 'point': 0.01, 'stops_level_points': 109}
[OK] SYMBOL:Skew Step Index 4 Down {'visible': True, 'trade_mode': 4, 'volume_min': 0.1, 'volume_step': 0.01, 'point': 0.1, 'stops_level_points': 200}
[OK] SYMBOL:Skew Step Index 4 Up {'visible': True, 'trade_mode': 4, 'volume_min': 0.1, 'volume_step': 0.01, 'point': 0.1, 'stops_level_points': 200}
[OK] SYMBOL:Skew Step Index 5 Down {'visible': True, 'trade_mode': 4, 'volume_min': 0.1, 'volume_step': 0.01, 'point': 0.1, 'stops_level_points': 200}
[OK] SYMBOL:Skew Step Index 5 Up {'visible': True, 'trade_mode': 4, 'volume_min': 0.1, 'volume_step': 0.01, 'point': 0.1, 'stops_level_points': 200}
[OK] SYMBOL:Step Index {'visible': True, 'trade_mode': 4, 'volume_min': 0.1, 'volume_step': 0.01, 'point': 0.1, 'stops_level_points': 8}
[OK] SYMBOL:Step Index 200 {'visible': True, 'trade_mode': 4, 'volume_min': 0.1, 'volume_step': 0.01, 'point': 0.1, 'stops_level_points': 11}
[OK] SYMBOL:Step Index 300 {'visible': True, 'trade_mode': 4, 'volume_min': 0.1, 'volume_step': 0.01, 'point': 0.1, 'stops_level_points': 9}
[OK] SYMBOL:Step Index 400 {'visible': True, 'trade_mode': 4, 'volume_min': 0.1, 'volume_step': 0.01, 'point': 0.1, 'stops_level_points': 12}
[OK] SYMBOL:Step Index 500 {'visible': True, 'trade_mode': 4, 'volume_min': 0.1, 'volume_step': 0.01, 'point': 0.1, 'stops_level_points': 20}
========================================================================
STATUS: READY FOR DEMO EXECUTION
DAEMONBLACKFX VERSION: v100-entry-quality-recoverable-quarantine-winrate-audit
BOT ACTIVO: SCALP_STEP | MAGIC=26082304 | ESTRATEGIA=ARPS_SYNTHETIC_SCALPER | instrumentos=12 | auto_export=False
========================================================================================
BOT SMC MT5 - DERIV DEMO
========================================================================================
Cuenta: 41108926 | Servidor: Deriv-Demo
Balance: 10000.00 USD
Modo: EJECUCIÓN DEMO
Riesgo por trade: 0.25% | R:R mínimo: 1.50
Intervalo: 30s | Símbolos: 12
Reporte XLSX: C:\TradingBoot\smc_synthetic_bot\storage\exports\deriv_demo_trading_report.xlsx
Pipeline: SMC -> TradeLifecycleManager -> MT5TradeExecutor -> SQLite -> XLSX
========================================================================================
Daemon activo: señales=30s | monitor posiciones/BE=2s | símbolos=12
Progreso: se mostrará cada símbolo y su tiempo de análisis.
{'action': 'POSITION_MONITOR_STARTED', 'signal_interval_seconds': 30, 'position_monitor_interval_seconds': 2, 'monitor_mode': 'BACKGROUND_DECOUPLED'}

========================================================================================
CICLO #0001 | 2026-09-03 15:31:29 UTC | símbolos=8
========================================================================================
[01/08] START Multi Step 2 Index
[01/08] END   Multi Step 2 Index | 1.28s | ARPS REGIME BLOCKED
    Motivo: SIN_TENDENCIA_M15
[02/08] START Multi Step 3 Index
[02/08] END   Multi Step 3 Index | 2.05s | ARPS REGIME BLOCKED
    Motivo: ADX_M15_INSUFICIENTE
[03/08] START Multi Step 4 Index
[03/08] END   Multi Step 4 Index | 1.64s | ARPS REGIME BLOCKED
    Motivo: ADX_M15_INSUFICIENTE
[04/08] START Step Index
[04/08] END   Step Index | 1.27s | ARPS REGIME BLOCKED
    Motivo: ADX_M15_INSUFICIENTE
[05/08] START Step Index 200
[05/08] END   Step Index 200 | 1.18s | ARPS REGIME BLOCKED
    Motivo: SIN_TENDENCIA_M15
[06/08] START Step Index 300
[06/08] END   Step Index 300 | 0.84s | ARPS WAITING SETUP
    Motivo: m5_atr_regime,m5_structure_break,m1_rejection
[07/08] START Step Index 400
[07/08] END   Step Index 400 | 0.55s | ARPS REGIME BLOCKED
    Motivo: SIN_TENDENCIA_M15
[08/08] START Step Index 500
[08/08] END   Step Index 500 | 0.54s | ARPS REGIME BLOCKED
    Motivo: SIN_TENDENCIA_M15
----------------------------------------------------------------------------------------
RESUMEN DEL CICLO #0001
Símbolos analizados: 8
Sin señal: 0
Esperando/otros: 8
Señales rechazadas: 0
Bloqueadas por estado/límites: 0
Validadas DRY RUN: 0
Nuevas órdenes: 0
Operaciones cerradas sincronizadas: 0
Errores: 0
Duración del ciclo: 12.07s
Intervalo objetivo: 30s
Próximo ciclo en: 17.93s
----------------------------------------------------------------------------------------

========================================================================================
CICLO #0002 | 2026-09-03 15:31:59 UTC | símbolos=0
========================================================================================
----------------------------------------------------------------------------------------
RESUMEN DEL CICLO #0002
Símbolos analizados: 0
Sin señal: 0
Esperando/otros: 0
Señales rechazadas: 0
Bloqueadas por estado/límites: 0
Validadas DRY RUN: 0
Nuevas órdenes: 0
Operaciones cerradas sincronizadas: 0
Errores: 0
Duración del ciclo: 0.04s
Intervalo objetivo: 30s
Próximo ciclo en: 29.96s
----------------------------------------------------------------------------------------

========================================================================================
CICLO #0003 | 2026-09-03 15:32:29 UTC | símbolos=8
========================================================================================
[01/08] START Multi Step 2 Index
[01/08] END   Multi Step 2 Index | 0.02s | ARPS REGIME BLOCKED
    Motivo: SIN_TENDENCIA_M15
[02/08] START Multi Step 3 Index
[02/08] END   Multi Step 3 Index | 0.02s | ARPS REGIME BLOCKED
    Motivo: ADX_M15_INSUFICIENTE
[03/08] START Multi Step 4 Index
[03/08] END   Multi Step 4 Index | 0.02s | ARPS REGIME BLOCKED
    Motivo: ADX_M15_INSUFICIENTE
[04/08] START Step Index
[04/08] END   Step Index | 0.02s | ARPS REGIME BLOCKED
    Motivo: ADX_M15_INSUFICIENTE
[05/08] START Step Index 200
[05/08] END   Step Index 200 | 0.02s | ARPS REGIME BLOCKED
    Motivo: SIN_TENDENCIA_M15
[06/08] START Step Index 300
[06/08] END   Step Index 300 | 0.03s | ARPS WAITING SETUP
    Motivo: m5_atr_regime,m5_structure_break,m1_rejection,m1_follow_through
[07/08] START Step Index 400
[07/08] END   Step Index 400 | 0.03s | ARPS REGIME BLOCKED
    Motivo: SIN_TENDENCIA_M15
[08/08] START Step Index 500
[08/08] END   Step Index 500 | 0.02s | ARPS REGIME BLOCKED
    Motivo: SIN_TENDENCIA_M15
----------------------------------------------------------------------------------------
RESUMEN DEL CICLO #0003
Símbolos analizados: 8
Sin señal: 0
Esperando/otros: 8
Señales rechazadas: 0
Bloqueadas por estado/límites: 0
Validadas DRY RUN: 0
Nuevas órdenes: 0
Operaciones cerradas sincronizadas: 0
Errores: 0
Duración del ciclo: 0.27s
Intervalo objetivo: 30s
Próximo ciclo en: 29.73s
----------------------------------------------------------------------------------------

========================================================================================
CICLO #0004 | 2026-09-03 15:32:59 UTC | símbolos=0
========================================================================================
----------------------------------------------------------------------------------------
RESUMEN DEL CICLO #0004
Símbolos analizados: 0
Sin señal: 0
Esperando/otros: 0
Señales rechazadas: 0
Bloqueadas por estado/límites: 0
Validadas DRY RUN: 0
Nuevas órdenes: 0
Operaciones cerradas sincronizadas: 0
Errores: 0
Duración del ciclo: 0.03s
Intervalo objetivo: 30s
Próximo ciclo en: 29.97s
----------------------------------------------------------------------------------------

========================================================================================
CICLO #0005 | 2026-09-03 15:33:29 UTC | símbolos=8
========================================================================================
[01/08] START Multi Step 2 Index
[01/08] END   Multi Step 2 Index | 0.02s | ARPS REGIME BLOCKED
    Motivo: SIN_TENDENCIA_M15
[02/08] START Multi Step 3 Index
[02/08] END   Multi Step 3 Index | 0.02s | ARPS REGIME BLOCKED
    Motivo: ADX_M15_INSUFICIENTE
[03/08] START Multi Step 4 Index
[03/08] END   Multi Step 4 Index | 0.02s | ARPS REGIME BLOCKED
    Motivo: ADX_M15_INSUFICIENTE
[04/08] START Step Index
[04/08] END   Step Index | 0.02s | ARPS REGIME BLOCKED
    Motivo: ADX_M15_INSUFICIENTE
[05/08] START Step Index 200
[05/08] END   Step Index 200 | 0.02s | ARPS REGIME BLOCKED
    Motivo: SIN_TENDENCIA_M15
[06/08] START Step Index 300
[06/08] END   Step Index 300 | 0.03s | ARPS WAITING SETUP
    Motivo: m5_atr_regime,m5_structure_break,m1_rejection
[07/08] START Step Index 400
[07/08] END   Step Index 400 | 0.02s | ARPS REGIME BLOCKED
    Motivo: SIN_TENDENCIA_M15
[08/08] START Step Index 500
[08/08] END   Step Index 500 | 0.02s | ARPS REGIME BLOCKED
    Motivo: SIN_TENDENCIA_M15
----------------------------------------------------------------------------------------
RESUMEN DEL CICLO #0005
Símbolos analizados: 8
Sin señal: 0
Esperando/otros: 8
Señales rechazadas: 0
Bloqueadas por estado/límites: 0
Validadas DRY RUN: 0
Nuevas órdenes: 0
Operaciones cerradas sincronizadas: 0
Errores: 0
Duración del ciclo: 0.23s
Intervalo objetivo: 30s
Próximo ciclo en: 29.77s
----------------------------------------------------------------------------------------

========================================================================================
CICLO #0006 | 2026-09-03 15:33:59 UTC | símbolos=0
========================================================================================
----------------------------------------------------------------------------------------
RESUMEN DEL CICLO #0006
Símbolos analizados: 0
Sin señal: 0
Esperando/otros: 0
Señales rechazadas: 0
Bloqueadas por estado/límites: 0
Validadas DRY RUN: 0
Nuevas órdenes: 0
Operaciones cerradas sincronizadas: 0
Errores: 0
Duración del ciclo: 0.02s
Intervalo objetivo: 30s
Próximo ciclo en: 29.98s
----------------------------------------------------------------------------------------

========================================================================================
CICLO #0007 | 2026-09-03 15:34:29 UTC | símbolos=8
========================================================================================
[01/08] START Multi Step 2 Index
[01/08] END   Multi Step 2 Index | 0.02s | ARPS REGIME BLOCKED
    Motivo: SIN_TENDENCIA_M15
[02/08] START Multi Step 3 Index
[02/08] END   Multi Step 3 Index | 0.02s | ARPS REGIME BLOCKED
    Motivo: ADX_M15_INSUFICIENTE
[03/08] START Multi Step 4 Index
[03/08] END   Multi Step 4 Index | 0.02s | ARPS REGIME BLOCKED
    Motivo: ADX_M15_INSUFICIENTE
[04/08] START Step Index
[04/08] END   Step Index | 0.02s | ARPS REGIME BLOCKED
    Motivo: ADX_M15_INSUFICIENTE
[05/08] START Step Index 200
[05/08] END   Step Index 200 | 0.02s | ARPS REGIME BLOCKED
    Motivo: SIN_TENDENCIA_M15
[06/08] START Step Index 300
[06/08] END   Step Index 300 | 0.03s | ARPS WAITING SETUP
    Motivo: m5_atr_regime,m5_structure_break,m1_rejection,m1_strong_close
[07/08] START Step Index 400
[07/08] END   Step Index 400 | 0.02s | ARPS REGIME BLOCKED
    Motivo: SIN_TENDENCIA_M15
[08/08] START Step Index 500
[08/08] END   Step Index 500 | 0.02s | ARPS REGIME BLOCKED
    Motivo: SIN_TENDENCIA_M15
----------------------------------------------------------------------------------------
RESUMEN DEL CICLO #0007
Símbolos analizados: 8
Sin señal: 0
Esperando/otros: 8
Señales rechazadas: 0
Bloqueadas por estado/límites: 0
Validadas DRY RUN: 0
Nuevas órdenes: 0
Operaciones cerradas sincronizadas: 0
Errores: 0
Duración del ciclo: 0.21s
Intervalo objetivo: 30s
Próximo ciclo en: 29.79s
----------------------------------------------------------------------------------------

========================================================================================
CICLO #0008 | 2026-09-03 15:34:59 UTC | símbolos=0
========================================================================================
----------------------------------------------------------------------------------------
RESUMEN DEL CICLO #0008
Símbolos analizados: 0
Sin señal: 0
Esperando/otros: 0
Señales rechazadas: 0
Bloqueadas por estado/límites: 0
Validadas DRY RUN: 0
Nuevas órdenes: 0
Operaciones cerradas sincronizadas: 0
Errores: 0
Duración del ciclo: 0.02s
Intervalo objetivo: 30s
Próximo ciclo en: 29.98s
----------------------------------------------------------------------------------------

========================================================================================
CICLO #0009 | 2026-09-03 15:35:29 UTC | símbolos=8
========================================================================================
[01/08] START Multi Step 2 Index
[01/08] END   Multi Step 2 Index | 0.03s | ARPS REGIME BLOCKED
    Motivo: SIN_TENDENCIA_M15
[02/08] START Multi Step 3 Index
[02/08] END   Multi Step 3 Index | 0.03s | ARPS REGIME BLOCKED
    Motivo: ADX_M15_INSUFICIENTE
[03/08] START Multi Step 4 Index
[03/08] END   Multi Step 4 Index | 0.02s | ARPS REGIME BLOCKED
    Motivo: ADX_M15_INSUFICIENTE
[04/08] START Step Index
[04/08] END   Step Index | 0.02s | ARPS REGIME BLOCKED
    Motivo: ADX_M15_INSUFICIENTE
[05/08] START Step Index 200
[05/08] END   Step Index 200 | 0.02s | ARPS REGIME BLOCKED
    Motivo: SIN_TENDENCIA_M15
[06/08] START Step Index 300
[06/08] END   Step Index 300 | 0.03s | ARPS WAITING SETUP
    Motivo: m5_structure_break,m1_rejection,m1_follow_through
[07/08] START Step Index 400
[07/08] END   Step Index 400 | 0.02s | ARPS REGIME BLOCKED
    Motivo: SIN_TENDENCIA_M15
[08/08] START Step Index 500
[08/08] END   Step Index 500 | 0.02s | ARPS REGIME BLOCKED
    Motivo: SIN_TENDENCIA_M15
----------------------------------------------------------------------------------------
RESUMEN DEL CICLO #0009
Símbolos analizados: 8
Sin señal: 0
Esperando/otros: 8
Señales rechazadas: 0
Bloqueadas por estado/límites: 0
Validadas DRY RUN: 0
Nuevas órdenes: 0
Operaciones cerradas sincronizadas: 0
Errores: 0
Duración del ciclo: 0.24s
Intervalo objetivo: 30s
Próximo ciclo en: 29.76s
----------------------------------------------------------------------------------------

========================================================================================
CICLO #0010 | 2026-09-03 15:35:59 UTC | símbolos=0
========================================================================================
----------------------------------------------------------------------------------------
RESUMEN DEL CICLO #0010
Símbolos analizados: 0
Sin señal: 0
Esperando/otros: 0
Señales rechazadas: 0
Bloqueadas por estado/límites: 0
Validadas DRY RUN: 0
Nuevas órdenes: 0
Operaciones cerradas sincronizadas: 0
Errores: 0
Duración del ciclo: 0.02s
Intervalo objetivo: 30s
Próximo ciclo en: 29.98s
----------------------------------------------------------------------------------------

========================================================================================
CICLO #0011 | 2026-09-03 15:36:29 UTC | símbolos=8
========================================================================================
[01/08] START Multi Step 2 Index
[01/08] END   Multi Step 2 Index | 0.02s | ARPS REGIME BLOCKED
    Motivo: SIN_TENDENCIA_M15
[02/08] START Multi Step 3 Index
[02/08] END   Multi Step 3 Index | 0.02s | ARPS REGIME BLOCKED
    Motivo: ADX_M15_INSUFICIENTE
[03/08] START Multi Step 4 Index
[03/08] END   Multi Step 4 Index | 0.02s | ARPS REGIME BLOCKED
    Motivo: ADX_M15_INSUFICIENTE
[04/08] START Step Index
[04/08] END   Step Index | 0.02s | ARPS REGIME BLOCKED
    Motivo: ADX_M15_INSUFICIENTE
[05/08] START Step Index 200
[05/08] END   Step Index 200 | 0.02s | ARPS REGIME BLOCKED
    Motivo: SIN_TENDENCIA_M15
[06/08] START Step Index 300
[06/08] END   Step Index 300 | 0.03s | ARPS WAITING SETUP
    Motivo: m5_structure_break,m1_rejection
[07/08] START Step Index 400
[07/08] END   Step Index 400 | 0.02s | ARPS REGIME BLOCKED
    Motivo: SIN_TENDENCIA_M15
[08/08] START Step Index 500
[08/08] END   Step Index 500 | 0.03s | ARPS REGIME BLOCKED
    Motivo: SIN_TENDENCIA_M15
----------------------------------------------------------------------------------------
RESUMEN DEL CICLO #0011
Símbolos analizados: 8
Sin señal: 0
Esperando/otros: 8
Señales rechazadas: 0
Bloqueadas por estado/límites: 0
Validadas DRY RUN: 0
Nuevas órdenes: 0
Operaciones cerradas sincronizadas: 0
Errores: 0
Duración del ciclo: 0.23s
Intervalo objetivo: 30s
Próximo ciclo en: 29.77s
----------------------------------------------------------------------------------------

========================================================================================
CICLO #0012 | 2026-09-03 15:36:59 UTC | símbolos=0
========================================================================================
----------------------------------------------------------------------------------------
RESUMEN DEL CICLO #0012
Símbolos analizados: 0
Sin señal: 0
Esperando/otros: 0
Señales rechazadas: 0
Bloqueadas por estado/límites: 0
Validadas DRY RUN: 0
Nuevas órdenes: 0
Operaciones cerradas sincronizadas: 0
Errores: 0
Duración del ciclo: 0.02s
Intervalo objetivo: 30s
Próximo ciclo en: 29.98s
----------------------------------------------------------------------------------------

========================================================================================
CICLO #0013 | 2026-09-03 15:37:29 UTC | símbolos=8
========================================================================================
[01/08] START Multi Step 2 Index
[01/08] END   Multi Step 2 Index | 0.02s | ARPS REGIME BLOCKED
    Motivo: SIN_TENDENCIA_M15
[02/08] START Multi Step 3 Index
[02/08] END   Multi Step 3 Index | 0.03s | ARPS REGIME BLOCKED
    Motivo: ADX_M15_INSUFICIENTE
[03/08] START Multi Step 4 Index
[03/08] END   Multi Step 4 Index | 0.02s | ARPS REGIME BLOCKED
    Motivo: ADX_M15_INSUFICIENTE
[04/08] START Step Index
[04/08] END   Step Index | 0.02s | ARPS REGIME BLOCKED
    Motivo: ADX_M15_INSUFICIENTE
[05/08] START Step Index 200
[05/08] END   Step Index 200 | 0.02s | ARPS REGIME BLOCKED
    Motivo: SIN_TENDENCIA_M15
[06/08] START Step Index 300
[06/08] END   Step Index 300 | 0.03s | ARPS WAITING SETUP
    Motivo: m5_structure_break,m1_rejection
[07/08] START Step Index 400
[07/08] END   Step Index 400 | 0.03s | ARPS REGIME BLOCKED
    Motivo: SIN_TENDENCIA_M15
[08/08] START Step Index 500
[08/08] END   Step Index 500 | 0.02s | ARPS REGIME BLOCKED
    Motivo: SIN_TENDENCIA_M15
----------------------------------------------------------------------------------------
RESUMEN DEL CICLO #0013
Símbolos analizados: 8
Sin señal: 0
Esperando/otros: 8
Señales rechazadas: 0
Bloqueadas por estado/límites: 0
Validadas DRY RUN: 0
Nuevas órdenes: 0
Operaciones cerradas sincronizadas: 0
Errores: 0
Duración del ciclo: 0.26s
Intervalo objetivo: 30s
Próximo ciclo en: 29.74s
----------------------------------------------------------------------------------------

========================================================================================
CICLO #0014 | 2026-09-03 15:37:59 UTC | símbolos=0
========================================================================================
----------------------------------------------------------------------------------------
RESUMEN DEL CICLO #0014
Símbolos analizados: 0
Sin señal: 0
Esperando/otros: 0
Señales rechazadas: 0
Bloqueadas por estado/límites: 0
Validadas DRY RUN: 0
Nuevas órdenes: 0
Operaciones cerradas sincronizadas: 0
Errores: 0
Duración del ciclo: 0.02s
Intervalo objetivo: 30s
Próximo ciclo en: 29.98s
----------------------------------------------------------------------------------------

========================================================================================
CICLO #0015 | 2026-09-03 15:38:29 UTC | símbolos=8
========================================================================================
[01/08] START Multi Step 2 Index
[01/08] END   Multi Step 2 Index | 0.02s | ARPS REGIME BLOCKED
    Motivo: SIN_TENDENCIA_M15
[02/08] START Multi Step 3 Index
[02/08] END   Multi Step 3 Index | 0.02s | ARPS REGIME BLOCKED
    Motivo: ADX_M15_INSUFICIENTE
[03/08] START Multi Step 4 Index
[03/08] END   Multi Step 4 Index | 0.02s | ARPS REGIME BLOCKED
    Motivo: ADX_M15_INSUFICIENTE
[04/08] START Step Index
[04/08] END   Step Index | 0.02s | ARPS REGIME BLOCKED
    Motivo: ADX_M15_INSUFICIENTE
[05/08] START Step Index 200
[05/08] END   Step Index 200 | 0.03s | ARPS REGIME BLOCKED
    Motivo: SIN_TENDENCIA_M15
[06/08] START Step Index 300
[06/08] END   Step Index 300 | 0.03s | ARPS WAITING SETUP
    Motivo: m5_structure_break,m1_rejection,m1_strong_close
[07/08] START Step Index 400
[07/08] END   Step Index 400 | 0.03s | ARPS REGIME BLOCKED
    Motivo: SIN_TENDENCIA_M15
[08/08] START Step Index 500
[08/08] END   Step Index 500 | 0.03s | ARPS REGIME BLOCKED
    Motivo: SIN_TENDENCIA_M15
----------------------------------------------------------------------------------------
RESUMEN DEL CICLO #0015
Símbolos analizados: 8
Sin señal: 0
Esperando/otros: 8
Señales rechazadas: 0
Bloqueadas por estado/límites: 0
Validadas DRY RUN: 0
Nuevas órdenes: 0
Operaciones cerradas sincronizadas: 0
Errores: 0
Duración del ciclo: 0.25s
Intervalo objetivo: 30s
Próximo ciclo en: 29.75s
----------------------------------------------------------------------------------------

========================================================================================
CICLO #0016 | 2026-09-03 15:38:59 UTC | símbolos=0
========================================================================================
----------------------------------------------------------------------------------------
RESUMEN DEL CICLO #0016
Símbolos analizados: 0
Sin señal: 0
Esperando/otros: 0
Señales rechazadas: 0
Bloqueadas por estado/límites: 0
Validadas DRY RUN: 0
Nuevas órdenes: 0
Operaciones cerradas sincronizadas: 0
Errores: 0
Duración del ciclo: 0.03s
Intervalo objetivo: 30s
Próximo ciclo en: 29.97s
----------------------------------------------------------------------------------------

========================================================================================
CICLO #0017 | 2026-09-03 15:39:29 UTC | símbolos=8
========================================================================================
[01/08] START Multi Step 2 Index
[01/08] END   Multi Step 2 Index | 0.02s | ARPS REGIME BLOCKED
    Motivo: SIN_TENDENCIA_M15
[02/08] START Multi Step 3 Index
[02/08] END   Multi Step 3 Index | 0.03s | ARPS REGIME BLOCKED
    Motivo: ADX_M15_INSUFICIENTE
[03/08] START Multi Step 4 Index
[03/08] END   Multi Step 4 Index | 0.02s | ARPS REGIME BLOCKED
    Motivo: ADX_M15_INSUFICIENTE
[04/08] START Step Index
[04/08] END   Step Index | 0.02s | ARPS REGIME BLOCKED
    Motivo: ADX_M15_INSUFICIENTE
[05/08] START Step Index 200
[05/08] END   Step Index 200 | 0.02s | ARPS REGIME BLOCKED
    Motivo: SIN_TENDENCIA_M15
[06/08] START Step Index 300
[06/08] END   Step Index 300 | 0.03s | ARPS WAITING SETUP
    Motivo: m5_structure_break,m1_strong_close
[07/08] START Step Index 400
[07/08] END   Step Index 400 | 0.02s | ARPS REGIME BLOCKED
    Motivo: SIN_TENDENCIA_M15
[08/08] START Step Index 500
[08/08] END   Step Index 500 | 0.02s | ARPS REGIME BLOCKED
    Motivo: SIN_TENDENCIA_M15
----------------------------------------------------------------------------------------
RESUMEN DEL CICLO #0017
Símbolos analizados: 8
Sin señal: 0
Esperando/otros: 8
Señales rechazadas: 0
Bloqueadas por estado/límites: 0
Validadas DRY RUN: 0
Nuevas órdenes: 0
Operaciones cerradas sincronizadas: 0
Errores: 0
Duración del ciclo: 0.22s
Intervalo objetivo: 30s
Próximo ciclo en: 29.78s
----------------------------------------------------------------------------------------

========================================================================================
CICLO #0018 | 2026-09-03 15:39:59 UTC | símbolos=0
========================================================================================
----------------------------------------------------------------------------------------
RESUMEN DEL CICLO #0018
Símbolos analizados: 0
Sin señal: 0
Esperando/otros: 0
Señales rechazadas: 0
Bloqueadas por estado/límites: 0
Validadas DRY RUN: 0
Nuevas órdenes: 0
Operaciones cerradas sincronizadas: 0
Errores: 0
Duración del ciclo: 0.02s
Intervalo objetivo: 30s
Próximo ciclo en: 29.98s
----------------------------------------------------------------------------------------

========================================================================================
CICLO #0019 | 2026-09-03 15:40:29 UTC | símbolos=8
========================================================================================
[01/08] START Multi Step 2 Index
[01/08] END   Multi Step 2 Index | 0.03s | ARPS REGIME BLOCKED
    Motivo: SIN_TENDENCIA_M15
[02/08] START Multi Step 3 Index
[02/08] END   Multi Step 3 Index | 0.02s | ARPS REGIME BLOCKED
    Motivo: ADX_M15_INSUFICIENTE
[03/08] START Multi Step 4 Index
[03/08] END   Multi Step 4 Index | 0.02s | ARPS REGIME BLOCKED
    Motivo: ADX_M15_INSUFICIENTE
[04/08] START Step Index
[04/08] END   Step Index | 0.03s | ARPS REGIME BLOCKED
    Motivo: ADX_M15_INSUFICIENTE
[05/08] START Step Index 200
[05/08] END   Step Index 200 | 0.02s | ARPS REGIME BLOCKED
    Motivo: SIN_TENDENCIA_M15
[06/08] START Step Index 300
[06/08] END   Step Index 300 | 0.03s | ARPS WAITING SETUP
    Motivo: m5_structure_break,m1_follow_through,m1_strong_close
[07/08] START Step Index 400
[07/08] END   Step Index 400 | 0.02s | ARPS REGIME BLOCKED
    Motivo: SIN_TENDENCIA_M15
[08/08] START Step Index 500
[08/08] END   Step Index 500 | 0.02s | ARPS REGIME BLOCKED
    Motivo: SIN_TENDENCIA_M15
----------------------------------------------------------------------------------------
RESUMEN DEL CICLO #0019
Símbolos analizados: 8
Sin señal: 0
Esperando/otros: 8
Señales rechazadas: 0
Bloqueadas por estado/límites: 0
Validadas DRY RUN: 0
Nuevas órdenes: 0
Operaciones cerradas sincronizadas: 0
Errores: 0
Duración del ciclo: 0.25s
Intervalo objetivo: 30s
Próximo ciclo en: 29.75s
----------------------------------------------------------------------------------------

========================================================================================
CICLO #0020 | 2026-09-03 15:40:59 UTC | símbolos=0
========================================================================================
----------------------------------------------------------------------------------------
RESUMEN DEL CICLO #0020
Símbolos analizados: 0
Sin señal: 0
Esperando/otros: 0
Señales rechazadas: 0
Bloqueadas por estado/límites: 0
Validadas DRY RUN: 0
Nuevas órdenes: 0
Operaciones cerradas sincronizadas: 0
Errores: 0
Duración del ciclo: 0.02s
Intervalo objetivo: 30s
Próximo ciclo en: 29.98s
----------------------------------------------------------------------------------------

========================================================================================
CICLO #0021 | 2026-09-03 15:41:29 UTC | símbolos=8
========================================================================================
[01/08] START Multi Step 2 Index
[01/08] END   Multi Step 2 Index | 0.02s | ARPS REGIME BLOCKED
    Motivo: SIN_TENDENCIA_M15
[02/08] START Multi Step 3 Index
[02/08] END   Multi Step 3 Index | 0.02s | ARPS REGIME BLOCKED
    Motivo: ADX_M15_INSUFICIENTE
[03/08] START Multi Step 4 Index
[03/08] END   Multi Step 4 Index | 0.02s | ARPS REGIME BLOCKED
    Motivo: ADX_M15_INSUFICIENTE
[04/08] START Step Index
[04/08] END   Step Index | 0.02s | ARPS REGIME BLOCKED
    Motivo: ADX_M15_INSUFICIENTE
[05/08] START Step Index 200
[05/08] END   Step Index 200 | 0.02s | ARPS REGIME BLOCKED
    Motivo: SIN_TENDENCIA_M15
[06/08] START Step Index 300
[06/08] END   Step Index 300 | 0.02s | ARPS WAITING SETUP
    Motivo: m5_structure_break,m1_rejection,m1_follow_through,m1_strong_close
[07/08] START Step Index 400
[07/08] END   Step Index 400 | 0.02s | ARPS REGIME BLOCKED
    Motivo: SIN_TENDENCIA_M15
[08/08] START Step Index 500
[08/08] END   Step Index 500 | 0.02s | ARPS REGIME BLOCKED
    Motivo: SIN_TENDENCIA_M15
----------------------------------------------------------------------------------------
RESUMEN DEL CICLO #0021
Símbolos analizados: 8
Sin señal: 0
Esperando/otros: 8
Señales rechazadas: 0
Bloqueadas por estado/límites: 0
Validadas DRY RUN: 0
Nuevas órdenes: 0
Operaciones cerradas sincronizadas: 0
Errores: 0
Duración del ciclo: 0.20s
Intervalo objetivo: 30s
Próximo ciclo en: 29.80s
----------------------------------------------------------------------------------------

========================================================================================
CICLO #0022 | 2026-09-03 15:41:59 UTC | símbolos=0
========================================================================================
----------------------------------------------------------------------------------------
RESUMEN DEL CICLO #0022
Símbolos analizados: 0
Sin señal: 0
Esperando/otros: 0
Señales rechazadas: 0
Bloqueadas por estado/límites: 0
Validadas DRY RUN: 0
Nuevas órdenes: 0
Operaciones cerradas sincronizadas: 0
Errores: 0
Duración del ciclo: 0.02s
Intervalo objetivo: 30s
Próximo ciclo en: 29.98s
----------------------------------------------------------------------------------------

========================================================================================
CICLO #0023 | 2026-09-03 15:42:29 UTC | símbolos=8
========================================================================================
[01/08] START Multi Step 2 Index
[01/08] END   Multi Step 2 Index | 0.02s | ARPS REGIME BLOCKED
    Motivo: SIN_TENDENCIA_M15
[02/08] START Multi Step 3 Index
[02/08] END   Multi Step 3 Index | 0.02s | ARPS REGIME BLOCKED
    Motivo: ADX_M15_INSUFICIENTE
[03/08] START Multi Step 4 Index
[03/08] END   Multi Step 4 Index | 0.02s | ARPS REGIME BLOCKED
    Motivo: ADX_M15_INSUFICIENTE
[04/08] START Step Index
[04/08] END   Step Index | 0.02s | ARPS REGIME BLOCKED
    Motivo: ADX_M15_INSUFICIENTE
[05/08] START Step Index 200
[05/08] END   Step Index 200 | 0.03s | ARPS REGIME BLOCKED
    Motivo: SIN_TENDENCIA_M15
[06/08] START Step Index 300
[06/08] END   Step Index 300 | 0.03s | ARPS WAITING SETUP
    Motivo: m5_structure_break,m1_follow_through
[07/08] START Step Index 400
[07/08] END   Step Index 400 | 0.03s | ARPS REGIME BLOCKED
    Motivo: SIN_TENDENCIA_M15
[08/08] START Step Index 500
[08/08] END   Step Index 500 | 0.02s | ARPS REGIME BLOCKED
    Motivo: SIN_TENDENCIA_M15
----------------------------------------------------------------------------------------
RESUMEN DEL CICLO #0023
Símbolos analizados: 8
Sin señal: 0
Esperando/otros: 8
Señales rechazadas: 0
Bloqueadas por estado/límites: 0
Validadas DRY RUN: 0
Nuevas órdenes: 0
Operaciones cerradas sincronizadas: 0
Errores: 0
Duración del ciclo: 0.26s
Intervalo objetivo: 30s
Próximo ciclo en: 29.74s
----------------------------------------------------------------------------------------

========================================================================================
CICLO #0024 | 2026-09-03 15:42:59 UTC | símbolos=0
========================================================================================
----------------------------------------------------------------------------------------
RESUMEN DEL CICLO #0024
Símbolos analizados: 0
Sin señal: 0
Esperando/otros: 0
Señales rechazadas: 0
Bloqueadas por estado/límites: 0
Validadas DRY RUN: 0
Nuevas órdenes: 0
Operaciones cerradas sincronizadas: 0
Errores: 0
Duración del ciclo: 0.02s
Intervalo objetivo: 30s
Próximo ciclo en: 29.98s
----------------------------------------------------------------------------------------

========================================================================================
CICLO #0025 | 2026-09-03 15:43:29 UTC | símbolos=8
========================================================================================
[01/08] START Multi Step 2 Index
[01/08] END   Multi Step 2 Index | 0.02s | ARPS REGIME BLOCKED
    Motivo: SIN_TENDENCIA_M15
[02/08] START Multi Step 3 Index
[02/08] END   Multi Step 3 Index | 0.03s | ARPS REGIME BLOCKED
    Motivo: ADX_M15_INSUFICIENTE
[03/08] START Multi Step 4 Index
[03/08] END   Multi Step 4 Index | 0.03s | ARPS REGIME BLOCKED
    Motivo: ADX_M15_INSUFICIENTE
[04/08] START Step Index
[04/08] END   Step Index | 0.02s | ARPS REGIME BLOCKED
    Motivo: ADX_M15_INSUFICIENTE
[05/08] START Step Index 200
[05/08] END   Step Index 200 | 0.03s | ARPS REGIME BLOCKED
    Motivo: SIN_TENDENCIA_M15
[06/08] START Step Index 300
[06/08] END   Step Index 300 | 0.02s | ARPS WAITING SETUP
    Motivo: m5_structure_break,m1_rejection,m1_follow_through,m1_strong_close
[07/08] START Step Index 400
[07/08] END   Step Index 400 | 0.02s | ARPS REGIME BLOCKED
    Motivo: SIN_TENDENCIA_M15
[08/08] START Step Index 500
[08/08] END   Step Index 500 | 0.02s | ARPS REGIME BLOCKED
    Motivo: SIN_TENDENCIA_M15
----------------------------------------------------------------------------------------
RESUMEN DEL CICLO #0025
Símbolos analizados: 8
Sin señal: 0
Esperando/otros: 8
Señales rechazadas: 0
Bloqueadas por estado/límites: 0
Validadas DRY RUN: 0
Nuevas órdenes: 0
Operaciones cerradas sincronizadas: 0
Errores: 0
Duración del ciclo: 0.24s
Intervalo objetivo: 30s
Próximo ciclo en: 29.76s
----------------------------------------------------------------------------------------

========================================================================================
CICLO #0026 | 2026-09-03 15:43:59 UTC | símbolos=0
========================================================================================
----------------------------------------------------------------------------------------
RESUMEN DEL CICLO #0026
Símbolos analizados: 0
Sin señal: 0
Esperando/otros: 0
Señales rechazadas: 0
Bloqueadas por estado/límites: 0
Validadas DRY RUN: 0
Nuevas órdenes: 0
Operaciones cerradas sincronizadas: 0
Errores: 0
Duración del ciclo: 0.02s
Intervalo objetivo: 30s
Próximo ciclo en: 29.98s
----------------------------------------------------------------------------------------

========================================================================================
CICLO #0027 | 2026-09-03 15:44:29 UTC | símbolos=8
========================================================================================
[01/08] START Multi Step 2 Index
[01/08] END   Multi Step 2 Index | 0.02s | ARPS REGIME BLOCKED
    Motivo: SIN_TENDENCIA_M15
[02/08] START Multi Step 3 Index
[02/08] END   Multi Step 3 Index | 0.02s | ARPS REGIME BLOCKED
    Motivo: ADX_M15_INSUFICIENTE
[03/08] START Multi Step 4 Index
[03/08] END   Multi Step 4 Index | 0.02s | ARPS REGIME BLOCKED
    Motivo: ADX_M15_INSUFICIENTE
[04/08] START Step Index
[04/08] END   Step Index | 0.02s | ARPS REGIME BLOCKED
    Motivo: ADX_M15_INSUFICIENTE
[05/08] START Step Index 200
[05/08] END   Step Index 200 | 0.02s | ARPS REGIME BLOCKED
    Motivo: SIN_TENDENCIA_M15
[06/08] START Step Index 300
[06/08] END   Step Index 300 | 0.03s | ARPS WAITING SETUP
    Motivo: m5_structure_break,m1_rejection,m1_follow_through
[07/08] START Step Index 400
[07/08] END   Step Index 400 | 0.02s | ARPS REGIME BLOCKED
    Motivo: SIN_TENDENCIA_M15
[08/08] START Step Index 500
[08/08] END   Step Index 500 | 0.02s | ARPS REGIME BLOCKED
    Motivo: SIN_TENDENCIA_M15
----------------------------------------------------------------------------------------
RESUMEN DEL CICLO #0027
Símbolos analizados: 8
Sin señal: 0
Esperando/otros: 8
Señales rechazadas: 0
Bloqueadas por estado/límites: 0
Validadas DRY RUN: 0
Nuevas órdenes: 0
Operaciones cerradas sincronizadas: 0
Errores: 0
Duración del ciclo: 0.23s
Intervalo objetivo: 30s
Próximo ciclo en: 29.77s
----------------------------------------------------------------------------------------

========================================================================================
CICLO #0028 | 2026-09-03 15:44:59 UTC | símbolos=0
========================================================================================
----------------------------------------------------------------------------------------
RESUMEN DEL CICLO #0028
Símbolos analizados: 0
Sin señal: 0
Esperando/otros: 0
Señales rechazadas: 0
Bloqueadas por estado/límites: 0
Validadas DRY RUN: 0
Nuevas órdenes: 0
Operaciones cerradas sincronizadas: 0
Errores: 0
Duración del ciclo: 0.03s
Intervalo objetivo: 30s
Próximo ciclo en: 29.97s
----------------------------------------------------------------------------------------

========================================================================================
CICLO #0029 | 2026-09-03 15:45:29 UTC | símbolos=8
========================================================================================
[01/08] START Multi Step 2 Index
[01/08] END   Multi Step 2 Index | 0.04s | ARPS REGIME BLOCKED
    Motivo: SIN_TENDENCIA_M15
[02/08] START Multi Step 3 Index
[02/08] END   Multi Step 3 Index | 0.03s | ARPS REGIME BLOCKED
    Motivo: ADX_M15_INSUFICIENTE
[03/08] START Multi Step 4 Index
[03/08] END   Multi Step 4 Index | 0.03s | ARPS REGIME BLOCKED
    Motivo: ADX_M15_INSUFICIENTE
[04/08] START Step Index
[04/08] END   Step Index | 0.03s | ARPS REGIME BLOCKED
    Motivo: ADX_M15_INSUFICIENTE
[05/08] START Step Index 200
[05/08] END   Step Index 200 | 0.04s | ARPS REGIME BLOCKED
    Motivo: ADX_M15_INSUFICIENTE
[06/08] START Step Index 300
[06/08] END   Step Index 300 | 0.04s | ARPS WAITING SETUP
    Motivo: m5_atr_regime,m5_structure_break,m1_rejection,m1_strong_close
[07/08] START Step Index 400
[07/08] END   Step Index 400 | 0.03s | ARPS REGIME BLOCKED
    Motivo: SIN_TENDENCIA_M15
[08/08] START Step Index 500
[08/08] END   Step Index 500 | 0.03s | ARPS REGIME BLOCKED
    Motivo: SIN_TENDENCIA_M15
----------------------------------------------------------------------------------------
RESUMEN DEL CICLO #0029
Símbolos analizados: 8
Sin señal: 0
Esperando/otros: 8
Señales rechazadas: 0
Bloqueadas por estado/límites: 0
Validadas DRY RUN: 0
Nuevas órdenes: 0
Operaciones cerradas sincronizadas: 0
Errores: 0
Duración del ciclo: 0.36s
Intervalo objetivo: 30s
Próximo ciclo en: 29.64s
----------------------------------------------------------------------------------------

========================================================================================
CICLO #0030 | 2026-09-03 15:45:59 UTC | símbolos=0
========================================================================================
----------------------------------------------------------------------------------------
RESUMEN DEL CICLO #0030
Símbolos analizados: 0
Sin señal: 0
Esperando/otros: 0
Señales rechazadas: 0
Bloqueadas por estado/límites: 0
Validadas DRY RUN: 0
Nuevas órdenes: 0
Operaciones cerradas sincronizadas: 0
Errores: 0
Duración del ciclo: 0.02s
Intervalo objetivo: 30s
Próximo ciclo en: 29.98s
----------------------------------------------------------------------------------------

========================================================================================
CICLO #0031 | 2026-09-03 15:46:29 UTC | símbolos=8
========================================================================================
[01/08] START Multi Step 2 Index
[01/08] END   Multi Step 2 Index | 0.02s | ARPS REGIME BLOCKED
    Motivo: SIN_TENDENCIA_M15
[02/08] START Multi Step 3 Index
[02/08] END   Multi Step 3 Index | 0.02s | ARPS REGIME BLOCKED
    Motivo: ADX_M15_INSUFICIENTE
[03/08] START Multi Step 4 Index
[03/08] END   Multi Step 4 Index | 0.02s | ARPS REGIME BLOCKED
    Motivo: ADX_M15_INSUFICIENTE
[04/08] START Step Index
[04/08] END   Step Index | 0.02s | ARPS REGIME BLOCKED
    Motivo: ADX_M15_INSUFICIENTE
[05/08] START Step Index 200
[05/08] END   Step Index 200 | 0.02s | ARPS REGIME BLOCKED
    Motivo: ADX_M15_INSUFICIENTE
[06/08] START Step Index 300
[06/08] END   Step Index 300 | 0.02s | ARPS WAITING SETUP
    Motivo: m5_atr_regime,m5_structure_break,m1_follow_through
[07/08] START Step Index 400
[07/08] END   Step Index 400 | 0.02s | ARPS REGIME BLOCKED
    Motivo: SIN_TENDENCIA_M15
[08/08] START Step Index 500
[08/08] END   Step Index 500 | 0.02s | ARPS REGIME BLOCKED
    Motivo: SIN_TENDENCIA_M15
----------------------------------------------------------------------------------------
RESUMEN DEL CICLO #0031
Símbolos analizados: 8
Sin señal: 0
Esperando/otros: 8
Señales rechazadas: 0
Bloqueadas por estado/límites: 0
Validadas DRY RUN: 0
Nuevas órdenes: 0
Operaciones cerradas sincronizadas: 0
Errores: 0
Duración del ciclo: 0.18s
Intervalo objetivo: 30s
Próximo ciclo en: 29.82s
----------------------------------------------------------------------------------------

========================================================================================
CICLO #0032 | 2026-09-03 15:46:59 UTC | símbolos=0
========================================================================================
----------------------------------------------------------------------------------------
RESUMEN DEL CICLO #0032
Símbolos analizados: 0
Sin señal: 0
Esperando/otros: 0
Señales rechazadas: 0
Bloqueadas por estado/límites: 0
Validadas DRY RUN: 0
Nuevas órdenes: 0
Operaciones cerradas sincronizadas: 0
Errores: 0
Duración del ciclo: 0.02s
Intervalo objetivo: 30s
Próximo ciclo en: 29.98s
----------------------------------------------------------------------------------------

========================================================================================
CICLO #0033 | 2026-09-03 15:47:29 UTC | símbolos=8
========================================================================================
[01/08] START Multi Step 2 Index
[01/08] END   Multi Step 2 Index | 0.02s | ARPS REGIME BLOCKED
    Motivo: SIN_TENDENCIA_M15
[02/08] START Multi Step 3 Index
[02/08] END   Multi Step 3 Index | 0.02s | ARPS REGIME BLOCKED
    Motivo: ADX_M15_INSUFICIENTE
[03/08] START Multi Step 4 Index
[03/08] END   Multi Step 4 Index | 0.02s | ARPS REGIME BLOCKED
    Motivo: ADX_M15_INSUFICIENTE
[04/08] START Step Index
[04/08] END   Step Index | 0.02s | ARPS REGIME BLOCKED
    Motivo: ADX_M15_INSUFICIENTE
[05/08] START Step Index 200
[05/08] END   Step Index 200 | 0.02s | ARPS REGIME BLOCKED
    Motivo: ADX_M15_INSUFICIENTE
[06/08] START Step Index 300
[06/08] END   Step Index 300 | 0.03s | ARPS WAITING SETUP
    Motivo: m5_atr_regime,m5_structure_break,m1_rejection,m1_follow_through,m1_strong_close
[07/08] START Step Index 400
[07/08] END   Step Index 400 | 0.02s | ARPS REGIME BLOCKED
    Motivo: SIN_TENDENCIA_M15
[08/08] START Step Index 500
[08/08] END   Step Index 500 | 0.02s | ARPS REGIME BLOCKED
    Motivo: SIN_TENDENCIA_M15
----------------------------------------------------------------------------------------
RESUMEN DEL CICLO #0033
Símbolos analizados: 8
Sin señal: 0
Esperando/otros: 8
Señales rechazadas: 0
Bloqueadas por estado/límites: 0
Validadas DRY RUN: 0
Nuevas órdenes: 0
Operaciones cerradas sincronizadas: 0
Errores: 0
Duración del ciclo: 0.22s
Intervalo objetivo: 30s
Próximo ciclo en: 29.78s
----------------------------------------------------------------------------------------

========================================================================================
CICLO #0034 | 2026-09-03 15:47:59 UTC | símbolos=0
========================================================================================
----------------------------------------------------------------------------------------
RESUMEN DEL CICLO #0034
Símbolos analizados: 0
Sin señal: 0
Esperando/otros: 0
Señales rechazadas: 0
Bloqueadas por estado/límites: 0
Validadas DRY RUN: 0
Nuevas órdenes: 0
Operaciones cerradas sincronizadas: 0
Errores: 0
Duración del ciclo: 0.03s
Intervalo objetivo: 30s
Próximo ciclo en: 29.97s
----------------------------------------------------------------------------------------

========================================================================================
CICLO #0035 | 2026-09-03 15:48:29 UTC | símbolos=8
========================================================================================
[01/08] START Multi Step 2 Index
[01/08] END   Multi Step 2 Index | 0.02s | ARPS REGIME BLOCKED
    Motivo: SIN_TENDENCIA_M15
[02/08] START Multi Step 3 Index
[02/08] END   Multi Step 3 Index | 0.02s | ARPS REGIME BLOCKED
    Motivo: ADX_M15_INSUFICIENTE
[03/08] START Multi Step 4 Index
[03/08] END   Multi Step 4 Index | 0.02s | ARPS REGIME BLOCKED
    Motivo: ADX_M15_INSUFICIENTE
[04/08] START Step Index
[04/08] END   Step Index | 0.02s | ARPS REGIME BLOCKED
    Motivo: ADX_M15_INSUFICIENTE
[05/08] START Step Index 200
[05/08] END   Step Index 200 | 0.02s | ARPS REGIME BLOCKED
    Motivo: ADX_M15_INSUFICIENTE
[06/08] START Step Index 300
[06/08] END   Step Index 300 | 0.02s | ARPS WAITING SETUP
    Motivo: m5_atr_regime,m5_structure_break,m1_follow_through
[07/08] START Step Index 400
[07/08] END   Step Index 400 | 0.02s | ARPS REGIME BLOCKED
    Motivo: SIN_TENDENCIA_M15
[08/08] START Step Index 500
[08/08] END   Step Index 500 | 0.02s | ARPS REGIME BLOCKED
    Motivo: SIN_TENDENCIA_M15
----------------------------------------------------------------------------------------
RESUMEN DEL CICLO #0035
Símbolos analizados: 8
Sin señal: 0
Esperando/otros: 8
Señales rechazadas: 0
Bloqueadas por estado/límites: 0
Validadas DRY RUN: 0
Nuevas órdenes: 0
Operaciones cerradas sincronizadas: 0
Errores: 0
Duración del ciclo: 0.21s
Intervalo objetivo: 30s
Próximo ciclo en: 29.79s
----------------------------------------------------------------------------------------

========================================================================================
CICLO #0036 | 2026-09-03 15:48:59 UTC | símbolos=0
========================================================================================
----------------------------------------------------------------------------------------
RESUMEN DEL CICLO #0036
Símbolos analizados: 0
Sin señal: 0
Esperando/otros: 0
Señales rechazadas: 0
Bloqueadas por estado/límites: 0
Validadas DRY RUN: 0
Nuevas órdenes: 0
Operaciones cerradas sincronizadas: 0
Errores: 0
Duración del ciclo: 0.02s
Intervalo objetivo: 30s
Próximo ciclo en: 29.98s
----------------------------------------------------------------------------------------

========================================================================================
CICLO #0037 | 2026-09-03 15:49:29 UTC | símbolos=8
========================================================================================
[01/08] START Multi Step 2 Index
[01/08] END   Multi Step 2 Index | 0.02s | ARPS REGIME BLOCKED
    Motivo: SIN_TENDENCIA_M15
[02/08] START Multi Step 3 Index
[02/08] END   Multi Step 3 Index | 0.02s | ARPS REGIME BLOCKED
    Motivo: ADX_M15_INSUFICIENTE
[03/08] START Multi Step 4 Index
[03/08] END   Multi Step 4 Index | 0.02s | ARPS REGIME BLOCKED
    Motivo: ADX_M15_INSUFICIENTE
[04/08] START Step Index
[04/08] END   Step Index | 0.02s | ARPS REGIME BLOCKED
    Motivo: ADX_M15_INSUFICIENTE
[05/08] START Step Index 200
[05/08] END   Step Index 200 | 0.02s | ARPS REGIME BLOCKED
    Motivo: ADX_M15_INSUFICIENTE
[06/08] START Step Index 300
[06/08] END   Step Index 300 | 0.02s | ARPS WAITING SETUP
    Motivo: m5_atr_regime,m5_structure_break,m1_rejection,m1_follow_through
[07/08] START Step Index 400
[07/08] END   Step Index 400 | 0.02s | ARPS REGIME BLOCKED
    Motivo: SIN_TENDENCIA_M15
[08/08] START Step Index 500
[08/08] END   Step Index 500 | 0.03s | ARPS REGIME BLOCKED
    Motivo: SIN_TENDENCIA_M15
----------------------------------------------------------------------------------------
RESUMEN DEL CICLO #0037
Símbolos analizados: 8
Sin señal: 0
Esperando/otros: 8
Señales rechazadas: 0
Bloqueadas por estado/límites: 0
Validadas DRY RUN: 0
Nuevas órdenes: 0
Operaciones cerradas sincronizadas: 0
Errores: 0
Duración del ciclo: 0.23s
Intervalo objetivo: 30s
Próximo ciclo en: 29.77s
----------------------------------------------------------------------------------------

========================================================================================
CICLO #0038 | 2026-09-03 15:49:59 UTC | símbolos=0
========================================================================================
----------------------------------------------------------------------------------------
RESUMEN DEL CICLO #0038
Símbolos analizados: 0
Sin señal: 0
Esperando/otros: 0
Señales rechazadas: 0
Bloqueadas por estado/límites: 0
Validadas DRY RUN: 0
Nuevas órdenes: 0
Operaciones cerradas sincronizadas: 0
Errores: 0
Duración del ciclo: 0.02s
Intervalo objetivo: 30s
Próximo ciclo en: 29.98s
----------------------------------------------------------------------------------------

========================================================================================
CICLO #0039 | 2026-09-03 15:50:29 UTC | símbolos=8
========================================================================================
[01/08] START Multi Step 2 Index
[01/08] END   Multi Step 2 Index | 0.02s | ARPS REGIME BLOCKED
    Motivo: SIN_TENDENCIA_M15
[02/08] START Multi Step 3 Index
[02/08] END   Multi Step 3 Index | 0.02s | ARPS REGIME BLOCKED
    Motivo: ADX_M15_INSUFICIENTE
[03/08] START Multi Step 4 Index
[03/08] END   Multi Step 4 Index | 0.02s | ARPS REGIME BLOCKED
    Motivo: ADX_M15_INSUFICIENTE
[04/08] START Step Index
[04/08] END   Step Index | 0.02s | ARPS REGIME BLOCKED
    Motivo: ADX_M15_INSUFICIENTE
[05/08] START Step Index 200
[05/08] END   Step Index 200 | 0.02s | ARPS REGIME BLOCKED
    Motivo: ADX_M15_INSUFICIENTE
[06/08] START Step Index 300
[06/08] END   Step Index 300 | 0.02s | ARPS WAITING SETUP
    Motivo: m5_structure_break,m1_rejection
[07/08] START Step Index 400
[07/08] END   Step Index 400 | 0.02s | ARPS REGIME BLOCKED
    Motivo: SIN_TENDENCIA_M15
[08/08] START Step Index 500
[08/08] END   Step Index 500 | 0.02s | ARPS REGIME BLOCKED
    Motivo: SIN_TENDENCIA_M15
----------------------------------------------------------------------------------------
RESUMEN DEL CICLO #0039
Símbolos analizados: 8
Sin señal: 0
Esperando/otros: 8
Señales rechazadas: 0
Bloqueadas por estado/límites: 0
Validadas DRY RUN: 0
Nuevas órdenes: 0
Operaciones cerradas sincronizadas: 0
Errores: 0
Duración del ciclo: 0.19s
Intervalo objetivo: 30s
Próximo ciclo en: 29.81s
----------------------------------------------------------------------------------------

========================================================================================
CICLO #0040 | 2026-09-03 15:50:59 UTC | símbolos=0
========================================================================================
----------------------------------------------------------------------------------------
RESUMEN DEL CICLO #0040
Símbolos analizados: 0
Sin señal: 0
Esperando/otros: 0
Señales rechazadas: 0
Bloqueadas por estado/límites: 0
Validadas DRY RUN: 0
Nuevas órdenes: 0
Operaciones cerradas sincronizadas: 0
Errores: 0
Duración del ciclo: 0.02s
Intervalo objetivo: 30s
Próximo ciclo en: 29.98s
----------------------------------------------------------------------------------------

========================================================================================
CICLO #0041 | 2026-09-03 15:51:29 UTC | símbolos=8
========================================================================================
[01/08] START Multi Step 2 Index
[01/08] END   Multi Step 2 Index | 0.02s | ARPS REGIME BLOCKED
    Motivo: SIN_TENDENCIA_M15
[02/08] START Multi Step 3 Index
[02/08] END   Multi Step 3 Index | 0.02s | ARPS REGIME BLOCKED
    Motivo: ADX_M15_INSUFICIENTE
[03/08] START Multi Step 4 Index
[03/08] END   Multi Step 4 Index | 0.02s | ARPS REGIME BLOCKED
    Motivo: ADX_M15_INSUFICIENTE
[04/08] START Step Index
[04/08] END   Step Index | 0.02s | ARPS REGIME BLOCKED
    Motivo: ADX_M15_INSUFICIENTE
[05/08] START Step Index 200
[05/08] END   Step Index 200 | 0.02s | ARPS REGIME BLOCKED
    Motivo: ADX_M15_INSUFICIENTE
[06/08] START Step Index 300
[06/08] END   Step Index 300 | 0.02s | ARPS WAITING SETUP
    Motivo: m5_structure_break,m1_strong_close
[07/08] START Step Index 400
[07/08] END   Step Index 400 | 0.02s | ARPS REGIME BLOCKED
    Motivo: SIN_TENDENCIA_M15
[08/08] START Step Index 500
[08/08] END   Step Index 500 | 0.02s | ARPS REGIME BLOCKED
    Motivo: SIN_TENDENCIA_M15
----------------------------------------------------------------------------------------
RESUMEN DEL CICLO #0041
Símbolos analizados: 8
Sin señal: 0
Esperando/otros: 8
Señales rechazadas: 0
Bloqueadas por estado/límites: 0
Validadas DRY RUN: 0
Nuevas órdenes: 0
Operaciones cerradas sincronizadas: 0
Errores: 0
Duración del ciclo: 0.17s
Intervalo objetivo: 30s
Próximo ciclo en: 29.83s
----------------------------------------------------------------------------------------

========================================================================================
CICLO #0042 | 2026-09-03 15:51:59 UTC | símbolos=0
========================================================================================
----------------------------------------------------------------------------------------
RESUMEN DEL CICLO #0042
Símbolos analizados: 0
Sin señal: 0
Esperando/otros: 0
Señales rechazadas: 0
Bloqueadas por estado/límites: 0
Validadas DRY RUN: 0
Nuevas órdenes: 0
Operaciones cerradas sincronizadas: 0
Errores: 0
Duración del ciclo: 0.02s
Intervalo objetivo: 30s
Próximo ciclo en: 29.98s
----------------------------------------------------------------------------------------

========================================================================================
CICLO #0043 | 2026-09-03 15:52:29 UTC | símbolos=8
========================================================================================
[01/08] START Multi Step 2 Index
[01/08] END   Multi Step 2 Index | 0.02s | ARPS REGIME BLOCKED
    Motivo: SIN_TENDENCIA_M15
[02/08] START Multi Step 3 Index
[02/08] END   Multi Step 3 Index | 0.02s | ARPS REGIME BLOCKED
    Motivo: ADX_M15_INSUFICIENTE
[03/08] START Multi Step 4 Index
[03/08] END   Multi Step 4 Index | 0.02s | ARPS REGIME BLOCKED
    Motivo: ADX_M15_INSUFICIENTE
[04/08] START Step Index
[04/08] END   Step Index | 0.02s | ARPS REGIME BLOCKED
    Motivo: ADX_M15_INSUFICIENTE
[05/08] START Step Index 200
[05/08] END   Step Index 200 | 0.02s | ARPS REGIME BLOCKED
    Motivo: ADX_M15_INSUFICIENTE
[06/08] START Step Index 300
[06/08] END   Step Index 300 | 0.02s | ARPS WAITING SETUP
    Motivo: m5_structure_break
[07/08] START Step Index 400
[07/08] END   Step Index 400 | 0.02s | ARPS REGIME BLOCKED
    Motivo: SIN_TENDENCIA_M15
[08/08] START Step Index 500
[08/08] END   Step Index 500 | 0.02s | ARPS REGIME BLOCKED
    Motivo: SIN_TENDENCIA_M15
----------------------------------------------------------------------------------------
RESUMEN DEL CICLO #0043
Símbolos analizados: 8
Sin señal: 0
Esperando/otros: 8
Señales rechazadas: 0
Bloqueadas por estado/límites: 0
Validadas DRY RUN: 0
Nuevas órdenes: 0
Operaciones cerradas sincronizadas: 0
Errores: 0
Duración del ciclo: 0.22s
Intervalo objetivo: 30s
Próximo ciclo en: 29.78s
----------------------------------------------------------------------------------------

========================================================================================
CICLO #0044 | 2026-09-03 15:52:59 UTC | símbolos=0
========================================================================================
----------------------------------------------------------------------------------------
RESUMEN DEL CICLO #0044
Símbolos analizados: 0
Sin señal: 0
Esperando/otros: 0
Señales rechazadas: 0
Bloqueadas por estado/límites: 0
Validadas DRY RUN: 0
Nuevas órdenes: 0
Operaciones cerradas sincronizadas: 0
Errores: 0
Duración del ciclo: 0.02s
Intervalo objetivo: 30s
Próximo ciclo en: 29.98s
----------------------------------------------------------------------------------------

========================================================================================
CICLO #0045 | 2026-09-03 15:53:29 UTC | símbolos=8
========================================================================================
[01/08] START Multi Step 2 Index
[01/08] END   Multi Step 2 Index | 0.03s | ARPS REGIME BLOCKED
    Motivo: SIN_TENDENCIA_M15
[02/08] START Multi Step 3 Index
[02/08] END   Multi Step 3 Index | 0.02s | ARPS REGIME BLOCKED
    Motivo: ADX_M15_INSUFICIENTE
[03/08] START Multi Step 4 Index
[03/08] END   Multi Step 4 Index | 0.02s | ARPS REGIME BLOCKED
    Motivo: ADX_M15_INSUFICIENTE
[04/08] START Step Index
[04/08] END   Step Index | 0.03s | ARPS REGIME BLOCKED
    Motivo: ADX_M15_INSUFICIENTE
[05/08] START Step Index 200
[05/08] END   Step Index 200 | 0.02s | ARPS REGIME BLOCKED
    Motivo: ADX_M15_INSUFICIENTE
[06/08] START Step Index 300
[06/08] END   Step Index 300 | 0.03s | ARPS WAITING SETUP
    Motivo: m5_structure_break,m1_rejection
[07/08] START Step Index 400
[07/08] END   Step Index 400 | 0.02s | ARPS REGIME BLOCKED
    Motivo: SIN_TENDENCIA_M15
[08/08] START Step Index 500
[08/08] END   Step Index 500 | 0.02s | ARPS REGIME BLOCKED
    Motivo: SIN_TENDENCIA_M15
----------------------------------------------------------------------------------------
RESUMEN DEL CICLO #0045
Símbolos analizados: 8
Sin señal: 0
Esperando/otros: 8
Señales rechazadas: 0
Bloqueadas por estado/límites: 0
Validadas DRY RUN: 0
Nuevas órdenes: 0
Operaciones cerradas sincronizadas: 0
Errores: 0
Duración del ciclo: 0.24s
Intervalo objetivo: 30s
Próximo ciclo en: 29.76s
----------------------------------------------------------------------------------------

========================================================================================
CICLO #0046 | 2026-09-03 15:53:59 UTC | símbolos=0
========================================================================================
----------------------------------------------------------------------------------------
RESUMEN DEL CICLO #0046
Símbolos analizados: 0
Sin señal: 0
Esperando/otros: 0
Señales rechazadas: 0
Bloqueadas por estado/límites: 0
Validadas DRY RUN: 0
Nuevas órdenes: 0
Operaciones cerradas sincronizadas: 0
Errores: 0
Duración del ciclo: 0.03s
Intervalo objetivo: 30s
Próximo ciclo en: 29.97s
----------------------------------------------------------------------------------------

========================================================================================
CICLO #0047 | 2026-09-03 15:54:29 UTC | símbolos=8
========================================================================================
[01/08] START Multi Step 2 Index
[01/08] END   Multi Step 2 Index | 0.02s | ARPS REGIME BLOCKED
    Motivo: SIN_TENDENCIA_M15
[02/08] START Multi Step 3 Index
[02/08] END   Multi Step 3 Index | 0.02s | ARPS REGIME BLOCKED
    Motivo: ADX_M15_INSUFICIENTE
[03/08] START Multi Step 4 Index
[03/08] END   Multi Step 4 Index | 0.02s | ARPS REGIME BLOCKED
    Motivo: ADX_M15_INSUFICIENTE
[04/08] START Step Index
[04/08] END   Step Index | 0.02s | ARPS REGIME BLOCKED
    Motivo: ADX_M15_INSUFICIENTE
[05/08] START Step Index 200
[05/08] END   Step Index 200 | 0.02s | ARPS REGIME BLOCKED
    Motivo: ADX_M15_INSUFICIENTE
[06/08] START Step Index 300
[06/08] END   Step Index 300 | 0.02s | ARPS WAITING SETUP
    Motivo: m5_structure_break,m1_rejection
[07/08] START Step Index 400
[07/08] END   Step Index 400 | 0.03s | ARPS REGIME BLOCKED
    Motivo: SIN_TENDENCIA_M15
[08/08] START Step Index 500
[08/08] END   Step Index 500 | 0.02s | ARPS REGIME BLOCKED
    Motivo: SIN_TENDENCIA_M15
----------------------------------------------------------------------------------------
RESUMEN DEL CICLO #0047
Símbolos analizados: 8
Sin señal: 0
Esperando/otros: 8
Señales rechazadas: 0
Bloqueadas por estado/límites: 0
Validadas DRY RUN: 0
Nuevas órdenes: 0
Operaciones cerradas sincronizadas: 0
Errores: 0
Duración del ciclo: 0.22s
Intervalo objetivo: 30s
Próximo ciclo en: 29.78s
----------------------------------------------------------------------------------------

========================================================================================
CICLO #0048 | 2026-09-03 15:54:59 UTC | símbolos=0
========================================================================================
----------------------------------------------------------------------------------------
RESUMEN DEL CICLO #0048
Símbolos analizados: 0
Sin señal: 0
Esperando/otros: 0
Señales rechazadas: 0
Bloqueadas por estado/límites: 0
Validadas DRY RUN: 0
Nuevas órdenes: 0
Operaciones cerradas sincronizadas: 0
Errores: 0
Duración del ciclo: 0.02s
Intervalo objetivo: 30s
Próximo ciclo en: 29.98s
----------------------------------------------------------------------------------------

========================================================================================
CICLO #0049 | 2026-09-03 15:55:29 UTC | símbolos=8
========================================================================================
[01/08] START Multi Step 2 Index
[01/08] END   Multi Step 2 Index | 0.03s | ARPS REGIME BLOCKED
    Motivo: SIN_TENDENCIA_M15
[02/08] START Multi Step 3 Index
[02/08] END   Multi Step 3 Index | 0.02s | ARPS REGIME BLOCKED
    Motivo: ADX_M15_INSUFICIENTE
[03/08] START Multi Step 4 Index
[03/08] END   Multi Step 4 Index | 0.02s | ARPS REGIME BLOCKED
    Motivo: ADX_M15_INSUFICIENTE
[04/08] START Step Index
[04/08] END   Step Index | 0.03s | ARPS REGIME BLOCKED
    Motivo: ADX_M15_INSUFICIENTE
[05/08] START Step Index 200
[05/08] END   Step Index 200 | 0.03s | ARPS REGIME BLOCKED
    Motivo: ADX_M15_INSUFICIENTE
[06/08] START Step Index 300
[06/08] END   Step Index 300 | 0.03s | ARPS WAITING SETUP
    Motivo: m5_atr_regime,m5_structure_break,m1_rejection,m1_strong_close
[07/08] START Step Index 400
[07/08] END   Step Index 400 | 0.02s | ARPS REGIME BLOCKED
    Motivo: SIN_TENDENCIA_M15
[08/08] START Step Index 500
[08/08] END   Step Index 500 | 0.02s | ARPS REGIME BLOCKED
    Motivo: SIN_TENDENCIA_M15
----------------------------------------------------------------------------------------
RESUMEN DEL CICLO #0049
Símbolos analizados: 8
Sin señal: 0
Esperando/otros: 8
Señales rechazadas: 0
Bloqueadas por estado/límites: 0
Validadas DRY RUN: 0
Nuevas órdenes: 0
Operaciones cerradas sincronizadas: 0
Errores: 0
Duración del ciclo: 0.25s
Intervalo objetivo: 30s
Próximo ciclo en: 29.75s
----------------------------------------------------------------------------------------

========================================================================================
CICLO #0050 | 2026-09-03 15:55:59 UTC | símbolos=0
========================================================================================
----------------------------------------------------------------------------------------
RESUMEN DEL CICLO #0050
Símbolos analizados: 0
Sin señal: 0
Esperando/otros: 0
Señales rechazadas: 0
Bloqueadas por estado/límites: 0
Validadas DRY RUN: 0
Nuevas órdenes: 0
Operaciones cerradas sincronizadas: 0
Errores: 0
Duración del ciclo: 0.03s
Intervalo objetivo: 30s
Próximo ciclo en: 29.97s
----------------------------------------------------------------------------------------

========================================================================================
CICLO #0051 | 2026-09-03 15:56:29 UTC | símbolos=8
========================================================================================
[01/08] START Multi Step 2 Index
[01/08] END   Multi Step 2 Index | 0.02s | ARPS REGIME BLOCKED
    Motivo: SIN_TENDENCIA_M15
[02/08] START Multi Step 3 Index
[02/08] END   Multi Step 3 Index | 0.03s | ARPS REGIME BLOCKED
    Motivo: ADX_M15_INSUFICIENTE
[03/08] START Multi Step 4 Index
[03/08] END   Multi Step 4 Index | 0.02s | ARPS REGIME BLOCKED
    Motivo: ADX_M15_INSUFICIENTE
[04/08] START Step Index
[04/08] END   Step Index | 0.02s | ARPS REGIME BLOCKED
    Motivo: ADX_M15_INSUFICIENTE
[05/08] START Step Index 200
[05/08] END   Step Index 200 | 0.02s | ARPS REGIME BLOCKED
    Motivo: ADX_M15_INSUFICIENTE
[06/08] START Step Index 300
[06/08] END   Step Index 300 | 0.02s | ARPS WAITING SETUP
    Motivo: m5_atr_regime,m5_structure_break
[07/08] START Step Index 400
[07/08] END   Step Index 400 | 0.02s | ARPS REGIME BLOCKED
    Motivo: SIN_TENDENCIA_M15
[08/08] START Step Index 500
[08/08] END   Step Index 500 | 0.02s | ARPS REGIME BLOCKED
    Motivo: SIN_TENDENCIA_M15
----------------------------------------------------------------------------------------
RESUMEN DEL CICLO #0051
Símbolos analizados: 8
Sin señal: 0
Esperando/otros: 8
Señales rechazadas: 0
Bloqueadas por estado/límites: 0
Validadas DRY RUN: 0
Nuevas órdenes: 0
Operaciones cerradas sincronizadas: 0
Errores: 0
Duración del ciclo: 0.22s
Intervalo objetivo: 30s
Próximo ciclo en: 29.78s
----------------------------------------------------------------------------------------

========================================================================================
CICLO #0052 | 2026-09-03 15:56:59 UTC | símbolos=0
========================================================================================
----------------------------------------------------------------------------------------
RESUMEN DEL CICLO #0052
Símbolos analizados: 0
Sin señal: 0
Esperando/otros: 0
Señales rechazadas: 0
Bloqueadas por estado/límites: 0
Validadas DRY RUN: 0
Nuevas órdenes: 0
Operaciones cerradas sincronizadas: 0
Errores: 0
Duración del ciclo: 0.02s
Intervalo objetivo: 30s
Próximo ciclo en: 29.98s
----------------------------------------------------------------------------------------

========================================================================================
CICLO #0053 | 2026-09-03 15:57:29 UTC | símbolos=8
========================================================================================
[01/08] START Multi Step 2 Index
[01/08] END   Multi Step 2 Index | 0.03s | ARPS REGIME BLOCKED
    Motivo: SIN_TENDENCIA_M15
[02/08] START Multi Step 3 Index
[02/08] END   Multi Step 3 Index | 0.03s | ARPS REGIME BLOCKED
    Motivo: ADX_M15_INSUFICIENTE
[03/08] START Multi Step 4 Index
[03/08] END   Multi Step 4 Index | 0.03s | ARPS REGIME BLOCKED
    Motivo: ADX_M15_INSUFICIENTE
[04/08] START Step Index
[04/08] END   Step Index | 0.03s | ARPS REGIME BLOCKED
    Motivo: ADX_M15_INSUFICIENTE
[05/08] START Step Index 200
[05/08] END   Step Index 200 | 0.03s | ARPS REGIME BLOCKED
    Motivo: ADX_M15_INSUFICIENTE
[06/08] START Step Index 300
[06/08] END   Step Index 300 | 0.03s | ARPS WAITING SETUP
    Motivo: m5_atr_regime,m5_structure_break
[07/08] START Step Index 400
[07/08] END   Step Index 400 | 0.03s | ARPS REGIME BLOCKED
    Motivo: SIN_TENDENCIA_M15
[08/08] START Step Index 500
[08/08] END   Step Index 500 | 0.03s | ARPS REGIME BLOCKED
    Motivo: SIN_TENDENCIA_M15
----------------------------------------------------------------------------------------
RESUMEN DEL CICLO #0053
Símbolos analizados: 8
Sin señal: 0
Esperando/otros: 8
Señales rechazadas: 0
Bloqueadas por estado/límites: 0
Validadas DRY RUN: 0
Nuevas órdenes: 0
Operaciones cerradas sincronizadas: 0
Errores: 0
Duración del ciclo: 0.39s
Intervalo objetivo: 30s
Próximo ciclo en: 29.61s
----------------------------------------------------------------------------------------

========================================================================================
CICLO #0054 | 2026-09-03 15:57:59 UTC | símbolos=0
========================================================================================
----------------------------------------------------------------------------------------
RESUMEN DEL CICLO #0054
Símbolos analizados: 0
Sin señal: 0
Esperando/otros: 0
Señales rechazadas: 0
Bloqueadas por estado/límites: 0
Validadas DRY RUN: 0
Nuevas órdenes: 0
Operaciones cerradas sincronizadas: 0
Errores: 0
Duración del ciclo: 0.02s
Intervalo objetivo: 30s
Próximo ciclo en: 29.98s
----------------------------------------------------------------------------------------

========================================================================================
CICLO #0055 | 2026-09-03 15:58:29 UTC | símbolos=8
========================================================================================
[01/08] START Multi Step 2 Index
[01/08] END   Multi Step 2 Index | 0.02s | ARPS REGIME BLOCKED
    Motivo: SIN_TENDENCIA_M15
[02/08] START Multi Step 3 Index
[02/08] END   Multi Step 3 Index | 0.02s | ARPS REGIME BLOCKED
    Motivo: ADX_M15_INSUFICIENTE
[03/08] START Multi Step 4 Index
[03/08] END   Multi Step 4 Index | 0.02s | ARPS REGIME BLOCKED
    Motivo: ADX_M15_INSUFICIENTE
[04/08] START Step Index
[04/08] END   Step Index | 0.02s | ARPS REGIME BLOCKED
    Motivo: ADX_M15_INSUFICIENTE
[05/08] START Step Index 200
[05/08] END   Step Index 200 | 0.02s | ARPS REGIME BLOCKED
    Motivo: ADX_M15_INSUFICIENTE
[06/08] START Step Index 300
[06/08] END   Step Index 300 | 0.03s | ARPS WAITING SETUP
    Motivo: m5_atr_regime,m5_structure_break,m1_rejection,m1_follow_through
[07/08] START Step Index 400
[07/08] END   Step Index 400 | 0.02s | ARPS REGIME BLOCKED
    Motivo: SIN_TENDENCIA_M15
[08/08] START Step Index 500
[08/08] END   Step Index 500 | 0.02s | ARPS REGIME BLOCKED
    Motivo: SIN_TENDENCIA_M15
----------------------------------------------------------------------------------------
RESUMEN DEL CICLO #0055
Símbolos analizados: 8
Sin señal: 0
Esperando/otros: 8
Señales rechazadas: 0
Bloqueadas por estado/límites: 0
Validadas DRY RUN: 0
Nuevas órdenes: 0
Operaciones cerradas sincronizadas: 0
Errores: 0
Duración del ciclo: 0.22s
Intervalo objetivo: 30s
Próximo ciclo en: 29.78s
----------------------------------------------------------------------------------------

========================================================================================
CICLO #0056 | 2026-09-03 15:58:59 UTC | símbolos=0
========================================================================================
----------------------------------------------------------------------------------------
RESUMEN DEL CICLO #0056
Símbolos analizados: 0
Sin señal: 0
Esperando/otros: 0
Señales rechazadas: 0
Bloqueadas por estado/límites: 0
Validadas DRY RUN: 0
Nuevas órdenes: 0
Operaciones cerradas sincronizadas: 0
Errores: 0
Duración del ciclo: 0.03s
Intervalo objetivo: 30s
Próximo ciclo en: 29.97s
----------------------------------------------------------------------------------------

========================================================================================
CICLO #0057 | 2026-09-03 15:59:29 UTC | símbolos=8
========================================================================================
[01/08] START Multi Step 2 Index
[01/08] END   Multi Step 2 Index | 0.02s | ARPS REGIME BLOCKED
    Motivo: SIN_TENDENCIA_M15
[02/08] START Multi Step 3 Index
[02/08] END   Multi Step 3 Index | 0.02s | ARPS REGIME BLOCKED
    Motivo: ADX_M15_INSUFICIENTE
[03/08] START Multi Step 4 Index
[03/08] END   Multi Step 4 Index | 0.02s | ARPS REGIME BLOCKED
    Motivo: ADX_M15_INSUFICIENTE
[04/08] START Step Index
[04/08] END   Step Index | 0.02s | ARPS REGIME BLOCKED
    Motivo: ADX_M15_INSUFICIENTE
[05/08] START Step Index 200
[05/08] END   Step Index 200 | 0.02s | ARPS REGIME BLOCKED
    Motivo: ADX_M15_INSUFICIENTE
[06/08] START Step Index 300
[06/08] END   Step Index 300 | 0.02s | ARPS WAITING SETUP
    Motivo: m5_atr_regime,m5_structure_break,m1_rejection,m1_follow_through
[07/08] START Step Index 400
[07/08] END   Step Index 400 | 0.02s | ARPS REGIME BLOCKED
    Motivo: SIN_TENDENCIA_M15
[08/08] START Step Index 500
[08/08] END   Step Index 500 | 0.02s | ARPS REGIME BLOCKED
    Motivo: SIN_TENDENCIA_M15
----------------------------------------------------------------------------------------
RESUMEN DEL CICLO #0057
Símbolos analizados: 8
Sin señal: 0
Esperando/otros: 8
Señales rechazadas: 0
Bloqueadas por estado/límites: 0
Validadas DRY RUN: 0
Nuevas órdenes: 0
Operaciones cerradas sincronizadas: 0
Errores: 0
Duración del ciclo: 0.23s
Intervalo objetivo: 30s
Próximo ciclo en: 29.77s
----------------------------------------------------------------------------------------

========================================================================================
CICLO #0058 | 2026-09-03 15:59:59 UTC | símbolos=0
========================================================================================
----------------------------------------------------------------------------------------
RESUMEN DEL CICLO #0058
Símbolos analizados: 0
Sin señal: 0
Esperando/otros: 0
Señales rechazadas: 0
Bloqueadas por estado/límites: 0
Validadas DRY RUN: 0
Nuevas órdenes: 0
Operaciones cerradas sincronizadas: 0
Errores: 0
Duración del ciclo: 0.03s
Intervalo objetivo: 30s
Próximo ciclo en: 29.97s
----------------------------------------------------------------------------------------

========================================================================================
CICLO #0059 | 2026-09-03 16:00:29 UTC | símbolos=8
========================================================================================
[01/08] START Multi Step 2 Index
[01/08] END   Multi Step 2 Index | 0.05s | ARPS REGIME BLOCKED
    Motivo: SIN_TENDENCIA_M15
[02/08] START Multi Step 3 Index
[02/08] END   Multi Step 3 Index | 0.04s | ARPS REGIME BLOCKED
    Motivo: ADX_M15_INSUFICIENTE
[03/08] START Multi Step 4 Index
[03/08] END   Multi Step 4 Index | 0.04s | ARPS REGIME BLOCKED
    Motivo: ADX_M15_INSUFICIENTE
[04/08] START Step Index
[04/08] END   Step Index | 0.91s | ARPS REGIME BLOCKED
    Motivo: ADX_M15_INSUFICIENTE
[05/08] START Step Index 200
[05/08] END   Step Index 200 | 0.04s | ARPS REGIME BLOCKED
    Motivo: ADX_M15_INSUFICIENTE
[06/08] START Step Index 300
[06/08] END   Step Index 300 | 0.05s | ARPS WAITING SETUP
    Motivo: m5_atr_regime,m5_structure_break,m1_rejection
[07/08] START Step Index 400
[07/08] END   Step Index 400 | 0.05s | ARPS REGIME BLOCKED
    Motivo: SIN_TENDENCIA_M15
[08/08] START Step Index 500
[08/08] END   Step Index 500 | 0.06s | ARPS REGIME BLOCKED
    Motivo: SIN_TENDENCIA_M15
----------------------------------------------------------------------------------------
RESUMEN DEL CICLO #0059
Símbolos analizados: 8
Sin señal: 0
Esperando/otros: 8
Señales rechazadas: 0
Bloqueadas por estado/límites: 0
Validadas DRY RUN: 0
Nuevas órdenes: 0
Operaciones cerradas sincronizadas: 0
Errores: 0
Duración del ciclo: 1.57s
Intervalo objetivo: 30s
Próximo ciclo en: 28.43s
----------------------------------------------------------------------------------------

========================================================================================
CICLO #0060 | 2026-09-03 16:00:59 UTC | símbolos=0
========================================================================================
----------------------------------------------------------------------------------------
RESUMEN DEL CICLO #0060
Símbolos analizados: 0
Sin señal: 0
Esperando/otros: 0
Señales rechazadas: 0
Bloqueadas por estado/límites: 0
Validadas DRY RUN: 0
Nuevas órdenes: 0
Operaciones cerradas sincronizadas: 0
Errores: 0
Duración del ciclo: 0.03s
Intervalo objetivo: 30s
Próximo ciclo en: 29.97s
----------------------------------------------------------------------------------------

========================================================================================
CICLO #0061 | 2026-09-03 16:01:29 UTC | símbolos=8
========================================================================================
[01/08] START Multi Step 2 Index
[01/08] END   Multi Step 2 Index | 0.03s | ARPS REGIME BLOCKED
    Motivo: SIN_TENDENCIA_M15
[02/08] START Multi Step 3 Index
[02/08] END   Multi Step 3 Index | 0.02s | ARPS REGIME BLOCKED
    Motivo: ADX_M15_INSUFICIENTE
[03/08] START Multi Step 4 Index
[03/08] END   Multi Step 4 Index | 0.02s | ARPS REGIME BLOCKED
    Motivo: ADX_M15_INSUFICIENTE
[04/08] START Step Index
[04/08] END   Step Index | 0.03s | ARPS REGIME BLOCKED
    Motivo: ADX_M15_INSUFICIENTE
[05/08] START Step Index 200
[05/08] END   Step Index 200 | 0.02s | ARPS REGIME BLOCKED
    Motivo: ADX_M15_INSUFICIENTE
[06/08] START Step Index 300
[06/08] END   Step Index 300 | 0.03s | ARPS WAITING SETUP
    Motivo: m5_atr_regime,m5_structure_break,m1_rejection,m1_follow_through
[07/08] START Step Index 400
[07/08] END   Step Index 400 | 0.02s | ARPS REGIME BLOCKED
    Motivo: SIN_TENDENCIA_M15
[08/08] START Step Index 500
[08/08] END   Step Index 500 | 0.02s | ARPS REGIME BLOCKED
    Motivo: SIN_TENDENCIA_M15
----------------------------------------------------------------------------------------
RESUMEN DEL CICLO #0061
Símbolos analizados: 8
Sin señal: 0
Esperando/otros: 8
Señales rechazadas: 0
Bloqueadas por estado/límites: 0
Validadas DRY RUN: 0
Nuevas órdenes: 0
Operaciones cerradas sincronizadas: 0
Errores: 0
Duración del ciclo: 0.23s
Intervalo objetivo: 30s
Próximo ciclo en: 29.77s
----------------------------------------------------------------------------------------

========================================================================================
CICLO #0062 | 2026-09-03 16:01:59 UTC | símbolos=0
========================================================================================
----------------------------------------------------------------------------------------
RESUMEN DEL CICLO #0062
Símbolos analizados: 0
Sin señal: 0
Esperando/otros: 0
Señales rechazadas: 0
Bloqueadas por estado/límites: 0
Validadas DRY RUN: 0
Nuevas órdenes: 0
Operaciones cerradas sincronizadas: 0
Errores: 0
Duración del ciclo: 0.03s
Intervalo objetivo: 30s
Próximo ciclo en: 29.97s
----------------------------------------------------------------------------------------

========================================================================================
CICLO #0063 | 2026-09-03 16:02:29 UTC | símbolos=8
========================================================================================
[01/08] START Multi Step 2 Index
[01/08] END   Multi Step 2 Index | 0.03s | ARPS REGIME BLOCKED
    Motivo: SIN_TENDENCIA_M15
[02/08] START Multi Step 3 Index
[02/08] END   Multi Step 3 Index | 0.02s | ARPS REGIME BLOCKED
    Motivo: ADX_M15_INSUFICIENTE
[03/08] START Multi Step 4 Index
[03/08] END   Multi Step 4 Index | 0.02s | ARPS REGIME BLOCKED
    Motivo: ADX_M15_INSUFICIENTE
[04/08] START Step Index
[04/08] END   Step Index | 0.02s | ARPS REGIME BLOCKED
    Motivo: ADX_M15_INSUFICIENTE
[05/08] START Step Index 200
[05/08] END   Step Index 200 | 0.02s | ARPS REGIME BLOCKED
    Motivo: ADX_M15_INSUFICIENTE
[06/08] START Step Index 300
[06/08] END   Step Index 300 | 0.03s | ARPS WAITING SETUP
    Motivo: m5_atr_regime,m5_structure_break,m1_rejection,m1_strong_close
[07/08] START Step Index 400
[07/08] END   Step Index 400 | 0.02s | ARPS REGIME BLOCKED
    Motivo: SIN_TENDENCIA_M15
[08/08] START Step Index 500
[08/08] END   Step Index 500 | 0.02s | ARPS REGIME BLOCKED
    Motivo: SIN_TENDENCIA_M15
----------------------------------------------------------------------------------------
RESUMEN DEL CICLO #0063
Símbolos analizados: 8
Sin señal: 0
Esperando/otros: 8
Señales rechazadas: 0
Bloqueadas por estado/límites: 0
Validadas DRY RUN: 0
Nuevas órdenes: 0
Operaciones cerradas sincronizadas: 0
Errores: 0
Duración del ciclo: 0.25s
Intervalo objetivo: 30s
Próximo ciclo en: 29.75s
----------------------------------------------------------------------------------------

========================================================================================
CICLO #0064 | 2026-09-03 16:02:59 UTC | símbolos=0
========================================================================================
----------------------------------------------------------------------------------------
RESUMEN DEL CICLO #0064
Símbolos analizados: 0
Sin señal: 0
Esperando/otros: 0
Señales rechazadas: 0
Bloqueadas por estado/límites: 0
Validadas DRY RUN: 0
Nuevas órdenes: 0
Operaciones cerradas sincronizadas: 0
Errores: 0
Duración del ciclo: 0.03s
Intervalo objetivo: 30s
Próximo ciclo en: 29.97s
----------------------------------------------------------------------------------------

========================================================================================
CICLO #0065 | 2026-09-03 16:03:29 UTC | símbolos=8
========================================================================================
[01/08] START Multi Step 2 Index
[01/08] END   Multi Step 2 Index | 0.03s | ARPS REGIME BLOCKED
    Motivo: SIN_TENDENCIA_M15
[02/08] START Multi Step 3 Index
[02/08] END   Multi Step 3 Index | 0.03s | ARPS REGIME BLOCKED
    Motivo: ADX_M15_INSUFICIENTE
[03/08] START Multi Step 4 Index
[03/08] END   Multi Step 4 Index | 0.03s | ARPS REGIME BLOCKED
    Motivo: ADX_M15_INSUFICIENTE
[04/08] START Step Index
[04/08] END   Step Index | 0.03s | ARPS REGIME BLOCKED
    Motivo: ADX_M15_INSUFICIENTE
[05/08] START Step Index 200
[05/08] END   Step Index 200 | 0.02s | ARPS REGIME BLOCKED
    Motivo: ADX_M15_INSUFICIENTE
[06/08] START Step Index 300
[06/08] END   Step Index 300 | 0.03s | ARPS WAITING SETUP
    Motivo: m5_atr_regime,m5_structure_break
[07/08] START Step Index 400
[07/08] END   Step Index 400 | 0.02s | ARPS REGIME BLOCKED
    Motivo: SIN_TENDENCIA_M15
[08/08] START Step Index 500
[08/08] END   Step Index 500 | 0.02s | ARPS REGIME BLOCKED
    Motivo: SIN_TENDENCIA_M15
----------------------------------------------------------------------------------------
RESUMEN DEL CICLO #0065
Símbolos analizados: 8
Sin señal: 0
Esperando/otros: 8
Señales rechazadas: 0
Bloqueadas por estado/límites: 0
Validadas DRY RUN: 0
Nuevas órdenes: 0
Operaciones cerradas sincronizadas: 0
Errores: 0
Duración del ciclo: 0.27s
Intervalo objetivo: 30s
Próximo ciclo en: 29.73s
----------------------------------------------------------------------------------------

========================================================================================
CICLO #0066 | 2026-09-03 16:03:59 UTC | símbolos=0
========================================================================================
----------------------------------------------------------------------------------------
RESUMEN DEL CICLO #0066
Símbolos analizados: 0
Sin señal: 0
Esperando/otros: 0
Señales rechazadas: 0
Bloqueadas por estado/límites: 0
Validadas DRY RUN: 0
Nuevas órdenes: 0
Operaciones cerradas sincronizadas: 0
Errores: 0
Duración del ciclo: 0.02s
Intervalo objetivo: 30s
Próximo ciclo en: 29.98s
----------------------------------------------------------------------------------------

========================================================================================
CICLO #0067 | 2026-09-03 16:04:29 UTC | símbolos=8
========================================================================================
[01/08] START Multi Step 2 Index
[01/08] END   Multi Step 2 Index | 0.02s | ARPS REGIME BLOCKED
    Motivo: SIN_TENDENCIA_M15
[02/08] START Multi Step 3 Index
[02/08] END   Multi Step 3 Index | 0.02s | ARPS REGIME BLOCKED
    Motivo: ADX_M15_INSUFICIENTE
[03/08] START Multi Step 4 Index
[03/08] END   Multi Step 4 Index | 0.02s | ARPS REGIME BLOCKED
    Motivo: ADX_M15_INSUFICIENTE
[04/08] START Step Index
[04/08] END   Step Index | 0.02s | ARPS REGIME BLOCKED
    Motivo: ADX_M15_INSUFICIENTE
[05/08] START Step Index 200
[05/08] END   Step Index 200 | 0.02s | ARPS REGIME BLOCKED
    Motivo: ADX_M15_INSUFICIENTE
[06/08] START Step Index 300
[06/08] END   Step Index 300 | 0.03s | ARPS WAITING SETUP
    Motivo: m5_atr_regime,m5_structure_break,m1_rejection
[07/08] START Step Index 400
[07/08] END   Step Index 400 | 0.03s | ARPS REGIME BLOCKED
    Motivo: SIN_TENDENCIA_M15
[08/08] START Step Index 500
[08/08] END   Step Index 500 | 0.02s | ARPS REGIME BLOCKED
    Motivo: SIN_TENDENCIA_M15
----------------------------------------------------------------------------------------
RESUMEN DEL CICLO #0067
Símbolos analizados: 8
Sin señal: 0
Esperando/otros: 8
Señales rechazadas: 0
Bloqueadas por estado/límites: 0
Validadas DRY RUN: 0
Nuevas órdenes: 0
Operaciones cerradas sincronizadas: 0
Errores: 0
Duración del ciclo: 0.24s
Intervalo objetivo: 30s
Próximo ciclo en: 29.76s
----------------------------------------------------------------------------------------

========================================================================================
CICLO #0068 | 2026-09-03 16:04:59 UTC | símbolos=0
========================================================================================
----------------------------------------------------------------------------------------
RESUMEN DEL CICLO #0068
Símbolos analizados: 0
Sin señal: 0
Esperando/otros: 0
Señales rechazadas: 0
Bloqueadas por estado/límites: 0
Validadas DRY RUN: 0
Nuevas órdenes: 0
Operaciones cerradas sincronizadas: 0
Errores: 0
Duración del ciclo: 0.02s
Intervalo objetivo: 30s
Próximo ciclo en: 29.98s
----------------------------------------------------------------------------------------
Bot detenido por el usuario.
========================================================================
DERIV DEMO EXECUTION PREFLIGHT
========================================================================
[OK] MT5_ACCOUNT_INFO {'login': 41108926, 'server': 'Deriv-Demo', 'currency': 'USD', 'balance': 10000.0, 'equity': 9958.11, 'margin': 146.54, 'free_margin': 9811.57, 'profit': -41.89, 'leverage': 1000, 'trade_mode': 0, 'snapshot_time': datetime.datetime(2026, 9, 3, 16, 6, 54, 802522, tzinfo=datetime.timezone.utc), 'broker': 'MT5'}
[OK] MT5_TERMINAL_CONNECTED {'trade_allowed': True, 'tradeapi_disabled': False}
[OK] MT5_AUTOTRADING_ALLOWED {'trade_allowed': True, 'tradeapi_disabled': False}
[OK] DEMO_ACCOUNT {'trade_mode': 0, 'server': 'Deriv-Demo'}
[OK] FREE_MARGIN {'free_margin': 9811.57, 'required': 0.0}
[OK] DATABASE_READY {}
[OK] SYMBOL:Multi Step 2 Index {'visible': True, 'trade_mode': 4, 'volume_min': 0.1, 'volume_step': 0.01, 'point': 0.01, 'stops_level_points': 96}
[OK] SYMBOL:Multi Step 3 Index {'visible': True, 'trade_mode': 4, 'volume_min': 0.1, 'volume_step': 0.01, 'point': 0.01, 'stops_level_points': 60}
[OK] SYMBOL:Multi Step 4 Index {'visible': True, 'trade_mode': 4, 'volume_min': 0.1, 'volume_step': 0.01, 'point': 0.01, 'stops_level_points': 109}
[OK] SYMBOL:Skew Step Index 4 Down {'visible': True, 'trade_mode': 4, 'volume_min': 0.1, 'volume_step': 0.01, 'point': 0.1, 'stops_level_points': 200}
[OK] SYMBOL:Skew Step Index 4 Up {'visible': True, 'trade_mode': 4, 'volume_min': 0.1, 'volume_step': 0.01, 'point': 0.1, 'stops_level_points': 200}
[OK] SYMBOL:Skew Step Index 5 Down {'visible': True, 'trade_mode': 4, 'volume_min': 0.1, 'volume_step': 0.01, 'point': 0.1, 'stops_level_points': 200}
[OK] SYMBOL:Skew Step Index 5 Up {'visible': True, 'trade_mode': 4, 'volume_min': 0.1, 'volume_step': 0.01, 'point': 0.1, 'stops_level_points': 200}
[OK] SYMBOL:Step Index {'visible': True, 'trade_mode': 4, 'volume_min': 0.1, 'volume_step': 0.01, 'point': 0.1, 'stops_level_points': 8}
[OK] SYMBOL:Step Index 200 {'visible': True, 'trade_mode': 4, 'volume_min': 0.1, 'volume_step': 0.01, 'point': 0.1, 'stops_level_points': 11}
[OK] SYMBOL:Step Index 300 {'visible': True, 'trade_mode': 4, 'volume_min': 0.1, 'volume_step': 0.01, 'point': 0.1, 'stops_level_points': 9}
[OK] SYMBOL:Step Index 400 {'visible': True, 'trade_mode': 4, 'volume_min': 0.1, 'volume_step': 0.01, 'point': 0.1, 'stops_level_points': 12}
[OK] SYMBOL:Step Index 500 {'visible': True, 'trade_mode': 4, 'volume_min': 0.1, 'volume_step': 0.01, 'point': 0.1, 'stops_level_points': 20}
========================================================================
STATUS: READY FOR DEMO EXECUTION
DAEMONBLACKFX VERSION: v100-entry-quality-recoverable-quarantine-winrate-audit
BOT ACTIVO: SCALP_STEP | MAGIC=26082304 | ESTRATEGIA=ARPS_SYNTHETIC_SCALPER | instrumentos=12 | auto_export=False
========================================================================================
BOT SMC MT5 - DERIV DEMO
========================================================================================
Cuenta: 41108926 | Servidor: Deriv-Demo
Balance: 10000.00 USD
Modo: EJECUCIÓN DEMO
Riesgo por trade: 0.25% | R:R mínimo: 1.50
Intervalo: 30s | Símbolos: 12
Reporte XLSX: C:\TradingBoot\smc_synthetic_bot\storage\exports\deriv_demo_trading_report.xlsx
Pipeline: SMC -> TradeLifecycleManager -> MT5TradeExecutor -> SQLite -> XLSX
========================================================================================
Daemon activo: señales=30s | monitor posiciones/BE=2s | símbolos=12
Progreso: se mostrará cada símbolo y su tiempo de análisis.
{'action': 'POSITION_MONITOR_STARTED', 'signal_interval_seconds': 30, 'position_monitor_interval_seconds': 2, 'monitor_mode': 'BACKGROUND_DECOUPLED'}

========================================================================================
CICLO #0001 | 2026-09-03 16:07:09 UTC | símbolos=8
========================================================================================
[01/08] START Multi Step 2 Index
[01/08] END   Multi Step 2 Index | 1.43s | ARPS REGIME BLOCKED
    Motivo: SIN_TENDENCIA_M15
[02/08] START Multi Step 3 Index
[02/08] END   Multi Step 3 Index | 1.55s | ARPS REGIME BLOCKED
    Motivo: ADX_M15_INSUFICIENTE
[03/08] START Multi Step 4 Index
[03/08] END   Multi Step 4 Index | 1.49s | ARPS REGIME BLOCKED
    Motivo: ADX_M15_INSUFICIENTE
[04/08] START Step Index
[04/08] END   Step Index | 1.24s | ARPS REGIME BLOCKED
    Motivo: ADX_M15_INSUFICIENTE
[05/08] START Step Index 200
[05/08] END   Step Index 200 | 0.64s | ARPS REGIME BLOCKED
    Motivo: ADX_M15_INSUFICIENTE
[06/08] START Step Index 300
[06/08] END   Step Index 300 | 0.62s | ARPS WAITING SETUP
    Motivo: m5_atr_regime,m1_rejection,m1_strong_close
[07/08] START Step Index 400
[07/08] END   Step Index 400 | 0.44s | ARPS REGIME BLOCKED
    Motivo: SIN_TENDENCIA_M15
[08/08] START Step Index 500
[08/08] END   Step Index 500 | 0.47s | ARPS REGIME BLOCKED
    Motivo: SIN_TENDENCIA_M15
----------------------------------------------------------------------------------------
RESUMEN DEL CICLO #0001
Símbolos analizados: 8
Sin señal: 0
Esperando/otros: 8
Señales rechazadas: 0
Bloqueadas por estado/límites: 0
Validadas DRY RUN: 0
Nuevas órdenes: 0
Operaciones cerradas sincronizadas: 0
Errores: 0
Duración del ciclo: 10.51s
Intervalo objetivo: 30s
Próximo ciclo en: 19.49s
----------------------------------------------------------------------------------------

========================================================================================
CICLO #0002 | 2026-09-03 16:07:39 UTC | símbolos=0
========================================================================================
----------------------------------------------------------------------------------------
RESUMEN DEL CICLO #0002
Símbolos analizados: 0
Sin señal: 0
Esperando/otros: 0
Señales rechazadas: 0
Bloqueadas por estado/límites: 0
Validadas DRY RUN: 0
Nuevas órdenes: 0
Operaciones cerradas sincronizadas: 0
Errores: 0
Duración del ciclo: 0.04s
Intervalo objetivo: 30s
Próximo ciclo en: 29.96s
----------------------------------------------------------------------------------------

========================================================================================
CICLO #0003 | 2026-09-03 16:08:09 UTC | símbolos=8
========================================================================================
[01/08] START Multi Step 2 Index
[01/08] END   Multi Step 2 Index | 0.02s | ARPS REGIME BLOCKED
    Motivo: SIN_TENDENCIA_M15
[02/08] START Multi Step 3 Index
[02/08] END   Multi Step 3 Index | 0.02s | ARPS REGIME BLOCKED
    Motivo: ADX_M15_INSUFICIENTE
[03/08] START Multi Step 4 Index
[03/08] END   Multi Step 4 Index | 0.02s | ARPS REGIME BLOCKED
    Motivo: ADX_M15_INSUFICIENTE
[04/08] START Step Index
[04/08] END   Step Index | 0.02s | ARPS REGIME BLOCKED
    Motivo: ADX_M15_INSUFICIENTE
[05/08] START Step Index 200
[05/08] END   Step Index 200 | 0.02s | ARPS REGIME BLOCKED
    Motivo: ADX_M15_INSUFICIENTE
[06/08] START Step Index 300
[06/08] END   Step Index 300 | 0.03s | ARPS WAITING SETUP
    Motivo: m5_atr_regime,m1_strong_close
[07/08] START Step Index 400
[07/08] END   Step Index 400 | 0.03s | ARPS REGIME BLOCKED
    Motivo: SIN_TENDENCIA_M15
[08/08] START Step Index 500
[08/08] END   Step Index 500 | 0.02s | ARPS REGIME BLOCKED
    Motivo: SIN_TENDENCIA_M15
----------------------------------------------------------------------------------------
RESUMEN DEL CICLO #0003
Símbolos analizados: 8
Sin señal: 0
Esperando/otros: 8
Señales rechazadas: 0
Bloqueadas por estado/límites: 0
Validadas DRY RUN: 0
Nuevas órdenes: 0
Operaciones cerradas sincronizadas: 0
Errores: 0
Duración del ciclo: 0.24s
Intervalo objetivo: 30s
Próximo ciclo en: 29.76s
----------------------------------------------------------------------------------------

========================================================================================
CICLO #0004 | 2026-09-03 16:08:39 UTC | símbolos=0
========================================================================================
----------------------------------------------------------------------------------------
RESUMEN DEL CICLO #0004
Símbolos analizados: 0
Sin señal: 0
Esperando/otros: 0
Señales rechazadas: 0
Bloqueadas por estado/límites: 0
Validadas DRY RUN: 0
Nuevas órdenes: 0
Operaciones cerradas sincronizadas: 0
Errores: 0
Duración del ciclo: 0.03s
Intervalo objetivo: 30s
Próximo ciclo en: 29.97s
----------------------------------------------------------------------------------------

========================================================================================
CICLO #0005 | 2026-09-03 16:09:09 UTC | símbolos=8
========================================================================================
[01/08] START Multi Step 2 Index
[01/08] END   Multi Step 2 Index | 0.03s | ARPS REGIME BLOCKED
    Motivo: SIN_TENDENCIA_M15
[02/08] START Multi Step 3 Index
[02/08] END   Multi Step 3 Index | 0.02s | ARPS REGIME BLOCKED
    Motivo: ADX_M15_INSUFICIENTE
[03/08] START Multi Step 4 Index
[03/08] END   Multi Step 4 Index | 0.02s | ARPS REGIME BLOCKED
    Motivo: ADX_M15_INSUFICIENTE
[04/08] START Step Index
[04/08] END   Step Index | 0.02s | ARPS REGIME BLOCKED
    Motivo: ADX_M15_INSUFICIENTE
[05/08] START Step Index 200
[05/08] END   Step Index 200 | 0.02s | ARPS REGIME BLOCKED
    Motivo: ADX_M15_INSUFICIENTE
[06/08] START Step Index 300
[06/08] END   Step Index 300 | 0.03s | ARPS WAITING SETUP
    Motivo: m5_atr_regime,m1_rejection
[07/08] START Step Index 400
[07/08] END   Step Index 400 | 0.02s | ARPS REGIME BLOCKED
    Motivo: SIN_TENDENCIA_M15
[08/08] START Step Index 500
[08/08] END   Step Index 500 | 0.02s | ARPS REGIME BLOCKED
    Motivo: SIN_TENDENCIA_M15
----------------------------------------------------------------------------------------
RESUMEN DEL CICLO #0005
Símbolos analizados: 8
Sin señal: 0
Esperando/otros: 8
Señales rechazadas: 0
Bloqueadas por estado/límites: 0
Validadas DRY RUN: 0
Nuevas órdenes: 0
Operaciones cerradas sincronizadas: 0
Errores: 0
Duración del ciclo: 0.23s
Intervalo objetivo: 30s
Próximo ciclo en: 29.77s
----------------------------------------------------------------------------------------

========================================================================================
CICLO #0006 | 2026-09-03 16:09:39 UTC | símbolos=0
========================================================================================
----------------------------------------------------------------------------------------
RESUMEN DEL CICLO #0006
Símbolos analizados: 0
Sin señal: 0
Esperando/otros: 0
Señales rechazadas: 0
Bloqueadas por estado/límites: 0
Validadas DRY RUN: 0
Nuevas órdenes: 0
Operaciones cerradas sincronizadas: 0
Errores: 0
Duración del ciclo: 0.02s
Intervalo objetivo: 30s
Próximo ciclo en: 29.98s
----------------------------------------------------------------------------------------

========================================================================================
CICLO #0007 | 2026-09-03 16:10:09 UTC | símbolos=8
========================================================================================
[01/08] START Multi Step 2 Index
[01/08] END   Multi Step 2 Index | 0.02s | ARPS REGIME BLOCKED
    Motivo: SIN_TENDENCIA_M15
[02/08] START Multi Step 3 Index
[02/08] END   Multi Step 3 Index | 0.03s | ARPS REGIME BLOCKED
    Motivo: ADX_M15_INSUFICIENTE
[03/08] START Multi Step 4 Index
[03/08] END   Multi Step 4 Index | 0.03s | ARPS REGIME BLOCKED
    Motivo: ADX_M15_INSUFICIENTE
[04/08] START Step Index
[04/08] END   Step Index | 0.02s | ARPS REGIME BLOCKED
    Motivo: ADX_M15_INSUFICIENTE
[05/08] START Step Index 200
[05/08] END   Step Index 200 | 0.03s | ARPS REGIME BLOCKED
    Motivo: ADX_M15_INSUFICIENTE
[06/08] START Step Index 300
[06/08] END   Step Index 300 | 0.03s | ARPS WAITING SETUP
    Motivo: m5_atr_regime,m5_structure_break,m1_rejection
[07/08] START Step Index 400
[07/08] END   Step Index 400 | 0.03s | ARPS REGIME BLOCKED
    Motivo: SIN_TENDENCIA_M15
[08/08] START Step Index 500
[08/08] END   Step Index 500 | 0.03s | ARPS REGIME BLOCKED
    Motivo: SIN_TENDENCIA_M15
----------------------------------------------------------------------------------------
RESUMEN DEL CICLO #0007
Símbolos analizados: 8
Sin señal: 0
Esperando/otros: 8
Señales rechazadas: 0
Bloqueadas por estado/límites: 0
Validadas DRY RUN: 0
Nuevas órdenes: 0
Operaciones cerradas sincronizadas: 0
Errores: 0
Duración del ciclo: 0.26s
Intervalo objetivo: 30s
Próximo ciclo en: 29.74s
----------------------------------------------------------------------------------------

========================================================================================
CICLO #0008 | 2026-09-03 16:10:39 UTC | símbolos=0
========================================================================================
----------------------------------------------------------------------------------------
RESUMEN DEL CICLO #0008
Símbolos analizados: 0
Sin señal: 0
Esperando/otros: 0
Señales rechazadas: 0
Bloqueadas por estado/límites: 0
Validadas DRY RUN: 0
Nuevas órdenes: 0
Operaciones cerradas sincronizadas: 0
Errores: 0
Duración del ciclo: 0.03s
Intervalo objetivo: 30s
Próximo ciclo en: 29.97s
----------------------------------------------------------------------------------------

========================================================================================
CICLO #0009 | 2026-09-03 16:11:09 UTC | símbolos=8
========================================================================================
[01/08] START Multi Step 2 Index
[01/08] END   Multi Step 2 Index | 0.02s | ARPS REGIME BLOCKED
    Motivo: SIN_TENDENCIA_M15
[02/08] START Multi Step 3 Index
[02/08] END   Multi Step 3 Index | 0.02s | ARPS REGIME BLOCKED
    Motivo: ADX_M15_INSUFICIENTE
[03/08] START Multi Step 4 Index
[03/08] END   Multi Step 4 Index | 0.02s | ARPS REGIME BLOCKED
    Motivo: ADX_M15_INSUFICIENTE
[04/08] START Step Index
[04/08] END   Step Index | 0.02s | ARPS REGIME BLOCKED
    Motivo: ADX_M15_INSUFICIENTE
[05/08] START Step Index 200
[05/08] END   Step Index 200 | 0.02s | ARPS REGIME BLOCKED
    Motivo: ADX_M15_INSUFICIENTE
[06/08] START Step Index 300
[06/08] END   Step Index 300 | 0.03s | ARPS WAITING SETUP
    Motivo: m5_atr_regime,m5_structure_break,m1_rejection
[07/08] START Step Index 400
[07/08] END   Step Index 400 | 0.02s | ARPS REGIME BLOCKED
    Motivo: SIN_TENDENCIA_M15
[08/08] START Step Index 500
[08/08] END   Step Index 500 | 0.02s | ARPS REGIME BLOCKED
    Motivo: SIN_TENDENCIA_M15
----------------------------------------------------------------------------------------
RESUMEN DEL CICLO #0009
Símbolos analizados: 8
Sin señal: 0
Esperando/otros: 8
Señales rechazadas: 0
Bloqueadas por estado/límites: 0
Validadas DRY RUN: 0
Nuevas órdenes: 0
Operaciones cerradas sincronizadas: 0
Errores: 0
Duración del ciclo: 0.22s
Intervalo objetivo: 30s
Próximo ciclo en: 29.78s
----------------------------------------------------------------------------------------

========================================================================================
CICLO #0010 | 2026-09-03 16:11:39 UTC | símbolos=0
========================================================================================
----------------------------------------------------------------------------------------
RESUMEN DEL CICLO #0010
Símbolos analizados: 0
Sin señal: 0
Esperando/otros: 0
Señales rechazadas: 0
Bloqueadas por estado/límites: 0
Validadas DRY RUN: 0
Nuevas órdenes: 0
Operaciones cerradas sincronizadas: 0
Errores: 0
Duración del ciclo: 0.04s
Intervalo objetivo: 30s
Próximo ciclo en: 29.96s
----------------------------------------------------------------------------------------

========================================================================================
CICLO #0011 | 2026-09-03 16:12:09 UTC | símbolos=8
========================================================================================
[01/08] START Multi Step 2 Index
[01/08] END   Multi Step 2 Index | 0.04s | ARPS REGIME BLOCKED
    Motivo: SIN_TENDENCIA_M15
[02/08] START Multi Step 3 Index
[02/08] END   Multi Step 3 Index | 0.02s | ARPS REGIME BLOCKED
    Motivo: ADX_M15_INSUFICIENTE
[03/08] START Multi Step 4 Index
[03/08] END   Multi Step 4 Index | 0.03s | ARPS REGIME BLOCKED
    Motivo: ADX_M15_INSUFICIENTE
[04/08] START Step Index
[04/08] END   Step Index | 0.03s | ARPS REGIME BLOCKED
    Motivo: ADX_M15_INSUFICIENTE
[05/08] START Step Index 200
[05/08] END   Step Index 200 | 0.02s | ARPS REGIME BLOCKED
    Motivo: ADX_M15_INSUFICIENTE
[06/08] START Step Index 300
[06/08] END   Step Index 300 | 0.03s | ARPS WAITING SETUP
    Motivo: m5_atr_regime,m5_structure_break,m1_rejection
[07/08] START Step Index 400
[07/08] END   Step Index 400 | 0.02s | ARPS REGIME BLOCKED
    Motivo: SIN_TENDENCIA_M15
[08/08] START Step Index 500
[08/08] END   Step Index 500 | 0.03s | ARPS REGIME BLOCKED
    Motivo: SIN_TENDENCIA_M15
----------------------------------------------------------------------------------------
RESUMEN DEL CICLO #0011
Símbolos analizados: 8
Sin señal: 0
Esperando/otros: 8
Señales rechazadas: 0
Bloqueadas por estado/límites: 0
Validadas DRY RUN: 0
Nuevas órdenes: 0
Operaciones cerradas sincronizadas: 0
Errores: 0
Duración del ciclo: 0.29s
Intervalo objetivo: 30s
Próximo ciclo en: 29.71s
----------------------------------------------------------------------------------------

========================================================================================
CICLO #0012 | 2026-09-03 16:12:39 UTC | símbolos=0
========================================================================================
----------------------------------------------------------------------------------------
RESUMEN DEL CICLO #0012
Símbolos analizados: 0
Sin señal: 0
Esperando/otros: 0
Señales rechazadas: 0
Bloqueadas por estado/límites: 0
Validadas DRY RUN: 0
Nuevas órdenes: 0
Operaciones cerradas sincronizadas: 0
Errores: 0
Duración del ciclo: 0.03s
Intervalo objetivo: 30s
Próximo ciclo en: 29.97s
----------------------------------------------------------------------------------------

========================================================================================
CICLO #0013 | 2026-09-03 16:13:09 UTC | símbolos=8
========================================================================================
[01/08] START Multi Step 2 Index
[01/08] END   Multi Step 2 Index | 0.02s | ARPS REGIME BLOCKED
    Motivo: SIN_TENDENCIA_M15
[02/08] START Multi Step 3 Index
[02/08] END   Multi Step 3 Index | 0.02s | ARPS REGIME BLOCKED
    Motivo: ADX_M15_INSUFICIENTE
[03/08] START Multi Step 4 Index
[03/08] END   Multi Step 4 Index | 0.02s | ARPS REGIME BLOCKED
    Motivo: ADX_M15_INSUFICIENTE
[04/08] START Step Index
[04/08] END   Step Index | 0.02s | ARPS REGIME BLOCKED
    Motivo: ADX_M15_INSUFICIENTE
[05/08] START Step Index 200
[05/08] END   Step Index 200 | 0.02s | ARPS REGIME BLOCKED
    Motivo: ADX_M15_INSUFICIENTE
[06/08] START Step Index 300
[06/08] END   Step Index 300 | 0.03s | ARPS WAITING SETUP
    Motivo: m5_atr_regime,m5_structure_break,m1_rejection
[07/08] START Step Index 400
[07/08] END   Step Index 400 | 0.02s | ARPS REGIME BLOCKED
    Motivo: SIN_TENDENCIA_M15
[08/08] START Step Index 500
[08/08] END   Step Index 500 | 0.02s | ARPS REGIME BLOCKED
    Motivo: SIN_TENDENCIA_M15
----------------------------------------------------------------------------------------
RESUMEN DEL CICLO #0013
Símbolos analizados: 8
Sin señal: 0
Esperando/otros: 8
Señales rechazadas: 0
Bloqueadas por estado/límites: 0
Validadas DRY RUN: 0
Nuevas órdenes: 0
Operaciones cerradas sincronizadas: 0
Errores: 0
Duración del ciclo: 0.25s
Intervalo objetivo: 30s
Próximo ciclo en: 29.75s
----------------------------------------------------------------------------------------

========================================================================================
CICLO #0014 | 2026-09-03 16:13:39 UTC | símbolos=0
========================================================================================
----------------------------------------------------------------------------------------
RESUMEN DEL CICLO #0014
Símbolos analizados: 0
Sin señal: 0
Esperando/otros: 0
Señales rechazadas: 0
Bloqueadas por estado/límites: 0
Validadas DRY RUN: 0
Nuevas órdenes: 0
Operaciones cerradas sincronizadas: 0
Errores: 0
Duración del ciclo: 0.03s
Intervalo objetivo: 30s
Próximo ciclo en: 29.97s
----------------------------------------------------------------------------------------

========================================================================================
CICLO #0015 | 2026-09-03 16:14:09 UTC | símbolos=8
========================================================================================
[01/08] START Multi Step 2 Index
[01/08] END   Multi Step 2 Index | 0.02s | ARPS REGIME BLOCKED
    Motivo: SIN_TENDENCIA_M15
[02/08] START Multi Step 3 Index
[02/08] END   Multi Step 3 Index | 0.02s | ARPS REGIME BLOCKED
    Motivo: ADX_M15_INSUFICIENTE
[03/08] START Multi Step 4 Index
[03/08] END   Multi Step 4 Index | 0.02s | ARPS REGIME BLOCKED
    Motivo: ADX_M15_INSUFICIENTE
[04/08] START Step Index
[04/08] END   Step Index | 0.02s | ARPS REGIME BLOCKED
    Motivo: ADX_M15_INSUFICIENTE
[05/08] START Step Index 200
[05/08] END   Step Index 200 | 0.02s | ARPS REGIME BLOCKED
    Motivo: ADX_M15_INSUFICIENTE
[06/08] START Step Index 300
[06/08] END   Step Index 300 | 0.03s | ARPS WAITING SETUP
    Motivo: m5_atr_regime,m5_structure_break,m1_rejection,m1_follow_through,m1_strong_close
[07/08] START Step Index 400
[07/08] END   Step Index 400 | 0.03s | ARPS REGIME BLOCKED
    Motivo: SIN_TENDENCIA_M15
[08/08] START Step Index 500
[08/08] END   Step Index 500 | 0.02s | ARPS REGIME BLOCKED
    Motivo: SIN_TENDENCIA_M15
----------------------------------------------------------------------------------------
RESUMEN DEL CICLO #0015
Símbolos analizados: 8
Sin señal: 0
Esperando/otros: 8
Señales rechazadas: 0
Bloqueadas por estado/límites: 0
Validadas DRY RUN: 0
Nuevas órdenes: 0
Operaciones cerradas sincronizadas: 0
Errores: 0
Duración del ciclo: 0.24s
Intervalo objetivo: 30s
Próximo ciclo en: 29.76s
----------------------------------------------------------------------------------------

========================================================================================
CICLO #0016 | 2026-09-03 16:14:39 UTC | símbolos=0
========================================================================================
----------------------------------------------------------------------------------------
RESUMEN DEL CICLO #0016
Símbolos analizados: 0
Sin señal: 0
Esperando/otros: 0
Señales rechazadas: 0
Bloqueadas por estado/límites: 0
Validadas DRY RUN: 0
Nuevas órdenes: 0
Operaciones cerradas sincronizadas: 0
Errores: 0
Duración del ciclo: 0.03s
Intervalo objetivo: 30s
Próximo ciclo en: 29.97s
----------------------------------------------------------------------------------------

========================================================================================
CICLO #0017 | 2026-09-03 16:15:09 UTC | símbolos=8
========================================================================================
[01/08] START Multi Step 2 Index
[01/08] END   Multi Step 2 Index | 0.03s | ARPS REGIME BLOCKED
    Motivo: SIN_TENDENCIA_M15
[02/08] START Multi Step 3 Index
[02/08] END   Multi Step 3 Index | 0.03s | ARPS REGIME BLOCKED
    Motivo: ADX_M15_INSUFICIENTE
[03/08] START Multi Step 4 Index
[03/08] END   Multi Step 4 Index | 0.03s | ARPS REGIME BLOCKED
    Motivo: ADX_M15_INSUFICIENTE
[04/08] START Step Index
[04/08] END   Step Index | 0.03s | ARPS REGIME BLOCKED
    Motivo: ADX_M15_INSUFICIENTE
[05/08] START Step Index 200
[05/08] END   Step Index 200 | 0.03s | ARPS REGIME BLOCKED
    Motivo: SIN_TENDENCIA_M15
[06/08] START Step Index 300
[06/08] END   Step Index 300 | 0.03s | ARPS WAITING SETUP
    Motivo: m5_atr_regime,m5_structure_break
[07/08] START Step Index 400
[07/08] END   Step Index 400 | 0.03s | ARPS REGIME BLOCKED
    Motivo: SIN_TENDENCIA_M15
[08/08] START Step Index 500
[08/08] END   Step Index 500 | 0.03s | ARPS REGIME BLOCKED
    Motivo: SIN_TENDENCIA_M15
----------------------------------------------------------------------------------------
RESUMEN DEL CICLO #0017
Símbolos analizados: 8
Sin señal: 0
Esperando/otros: 8
Señales rechazadas: 0
Bloqueadas por estado/límites: 0
Validadas DRY RUN: 0
Nuevas órdenes: 0
Operaciones cerradas sincronizadas: 0
Errores: 0
Duración del ciclo: 0.30s
Intervalo objetivo: 30s
Próximo ciclo en: 29.70s
----------------------------------------------------------------------------------------

========================================================================================
CICLO #0018 | 2026-09-03 16:15:39 UTC | símbolos=0
========================================================================================
----------------------------------------------------------------------------------------
RESUMEN DEL CICLO #0018
Símbolos analizados: 0
Sin señal: 0
Esperando/otros: 0
Señales rechazadas: 0
Bloqueadas por estado/límites: 0
Validadas DRY RUN: 0
Nuevas órdenes: 0
Operaciones cerradas sincronizadas: 0
Errores: 0
Duración del ciclo: 0.04s
Intervalo objetivo: 30s
Próximo ciclo en: 29.96s
----------------------------------------------------------------------------------------

========================================================================================
CICLO #0019 | 2026-09-03 16:16:09 UTC | símbolos=8
========================================================================================
[01/08] START Multi Step 2 Index
[01/08] END   Multi Step 2 Index | 0.02s | ARPS REGIME BLOCKED
    Motivo: SIN_TENDENCIA_M15
[02/08] START Multi Step 3 Index
[02/08] END   Multi Step 3 Index | 0.03s | ARPS REGIME BLOCKED
    Motivo: ADX_M15_INSUFICIENTE
[03/08] START Multi Step 4 Index
[03/08] END   Multi Step 4 Index | 0.02s | ARPS REGIME BLOCKED
    Motivo: ADX_M15_INSUFICIENTE
[04/08] START Step Index
[04/08] END   Step Index | 0.03s | ARPS REGIME BLOCKED
    Motivo: ADX_M15_INSUFICIENTE
[05/08] START Step Index 200
[05/08] END   Step Index 200 | 0.02s | ARPS REGIME BLOCKED
    Motivo: SIN_TENDENCIA_M15
[06/08] START Step Index 300
[06/08] END   Step Index 300 | 0.03s | ARPS WAITING SETUP
    Motivo: m5_atr_regime,m5_structure_break
[07/08] START Step Index 400
[07/08] END   Step Index 400 | 0.02s | ARPS REGIME BLOCKED
    Motivo: SIN_TENDENCIA_M15
[08/08] START Step Index 500
[08/08] END   Step Index 500 | 0.02s | ARPS REGIME BLOCKED
    Motivo: SIN_TENDENCIA_M15
----------------------------------------------------------------------------------------
RESUMEN DEL CICLO #0019
Símbolos analizados: 8
Sin señal: 0
Esperando/otros: 8
Señales rechazadas: 0
Bloqueadas por estado/límites: 0
Validadas DRY RUN: 0
Nuevas órdenes: 0
Operaciones cerradas sincronizadas: 0
Errores: 0
Duración del ciclo: 0.24s
Intervalo objetivo: 30s
Próximo ciclo en: 29.76s
----------------------------------------------------------------------------------------

========================================================================================
CICLO #0020 | 2026-09-03 16:16:39 UTC | símbolos=0
========================================================================================
----------------------------------------------------------------------------------------
RESUMEN DEL CICLO #0020
Símbolos analizados: 0
Sin señal: 0
Esperando/otros: 0
Señales rechazadas: 0
Bloqueadas por estado/límites: 0
Validadas DRY RUN: 0
Nuevas órdenes: 0
Operaciones cerradas sincronizadas: 0
Errores: 0
Duración del ciclo: 0.02s
Intervalo objetivo: 30s
Próximo ciclo en: 29.98s
----------------------------------------------------------------------------------------
Bot detenido por el usuario.
========================================================================
DERIV DEMO EXECUTION PREFLIGHT
========================================================================
[OK] MT5_ACCOUNT_INFO {'login': 41108926, 'server': 'Deriv-Demo', 'currency': 'USD', 'balance': 10000.0, 'equity': 9915.12, 'margin': 146.54, 'free_margin': 9768.58, 'profit': -84.88, 'leverage': 1000, 'trade_mode': 0, 'snapshot_time': datetime.datetime(2026, 9, 3, 16, 18, 55, 129668, tzinfo=datetime.timezone.utc), 'broker': 'MT5'}
[OK] MT5_TERMINAL_CONNECTED {'trade_allowed': True, 'tradeapi_disabled': False}
[OK] MT5_AUTOTRADING_ALLOWED {'trade_allowed': True, 'tradeapi_disabled': False}
[OK] DEMO_ACCOUNT {'trade_mode': 0, 'server': 'Deriv-Demo'}
[OK] FREE_MARGIN {'free_margin': 9768.58, 'required': 0.0}
[OK] DATABASE_READY {}
[OK] SYMBOL:Multi Step 2 Index {'visible': True, 'trade_mode': 4, 'volume_min': 0.1, 'volume_step': 0.01, 'point': 0.01, 'stops_level_points': 96}
[OK] SYMBOL:Multi Step 3 Index {'visible': True, 'trade_mode': 4, 'volume_min': 0.1, 'volume_step': 0.01, 'point': 0.01, 'stops_level_points': 60}
[OK] SYMBOL:Multi Step 4 Index {'visible': True, 'trade_mode': 4, 'volume_min': 0.1, 'volume_step': 0.01, 'point': 0.01, 'stops_level_points': 109}
[OK] SYMBOL:Skew Step Index 4 Down {'visible': True, 'trade_mode': 4, 'volume_min': 0.1, 'volume_step': 0.01, 'point': 0.1, 'stops_level_points': 200}
[OK] SYMBOL:Skew Step Index 4 Up {'visible': True, 'trade_mode': 4, 'volume_min': 0.1, 'volume_step': 0.01, 'point': 0.1, 'stops_level_points': 200}
[OK] SYMBOL:Skew Step Index 5 Down {'visible': True, 'trade_mode': 4, 'volume_min': 0.1, 'volume_step': 0.01, 'point': 0.1, 'stops_level_points': 200}
[OK] SYMBOL:Skew Step Index 5 Up {'visible': True, 'trade_mode': 4, 'volume_min': 0.1, 'volume_step': 0.01, 'point': 0.1, 'stops_level_points': 200}
[OK] SYMBOL:Step Index {'visible': True, 'trade_mode': 4, 'volume_min': 0.1, 'volume_step': 0.01, 'point': 0.1, 'stops_level_points': 8}
[OK] SYMBOL:Step Index 200 {'visible': True, 'trade_mode': 4, 'volume_min': 0.1, 'volume_step': 0.01, 'point': 0.1, 'stops_level_points': 11}
[OK] SYMBOL:Step Index 300 {'visible': True, 'trade_mode': 4, 'volume_min': 0.1, 'volume_step': 0.01, 'point': 0.1, 'stops_level_points': 9}
[OK] SYMBOL:Step Index 400 {'visible': True, 'trade_mode': 4, 'volume_min': 0.1, 'volume_step': 0.01, 'point': 0.1, 'stops_level_points': 12}
[OK] SYMBOL:Step Index 500 {'visible': True, 'trade_mode': 4, 'volume_min': 0.1, 'volume_step': 0.01, 'point': 0.1, 'stops_level_points': 20}
========================================================================
STATUS: READY FOR DEMO EXECUTION
DAEMONBLACKFX VERSION: v100-entry-quality-recoverable-quarantine-winrate-audit
BOT ACTIVO: SCALP_STEP | MAGIC=26082304 | ESTRATEGIA=ARPS_SYNTHETIC_SCALPER | instrumentos=12 | auto_export=False
========================================================================================
BOT SMC MT5 - DERIV DEMO
========================================================================================
Cuenta: 41108926 | Servidor: Deriv-Demo
Balance: 10000.00 USD
Modo: EJECUCIÓN DEMO
Riesgo por trade: 0.25% | R:R mínimo: 1.50
Intervalo: 30s | Símbolos: 12
Reporte XLSX: C:\TradingBoot\smc_synthetic_bot\storage\exports\deriv_demo_trading_report.xlsx
Pipeline: SMC -> TradeLifecycleManager -> MT5TradeExecutor -> SQLite -> XLSX
========================================================================================
Daemon activo: señales=30s | monitor posiciones/BE=2s | símbolos=12
Progreso: se mostrará cada símbolo y su tiempo de análisis.
{'action': 'POSITION_MONITOR_STARTED', 'signal_interval_seconds': 30, 'position_monitor_interval_seconds': 2, 'monitor_mode': 'BACKGROUND_DECOUPLED'}

========================================================================================
CICLO #0001 | 2026-09-03 16:19:10 UTC | símbolos=8
========================================================================================
[01/08] START Multi Step 2 Index
[01/08] END   Multi Step 2 Index | 1.57s | ARPS REGIME BLOCKED
    Motivo: SIN_TENDENCIA_M15
[02/08] START Multi Step 3 Index
[02/08] END   Multi Step 3 Index | 1.66s | ARPS REGIME BLOCKED
    Motivo: ADX_M15_INSUFICIENTE
[03/08] START Multi Step 4 Index
[03/08] END   Multi Step 4 Index | 1.18s | ARPS REGIME BLOCKED
    Motivo: ADX_M15_INSUFICIENTE
[04/08] START Step Index
[04/08] END   Step Index | 0.74s | ARPS REGIME BLOCKED
    Motivo: ADX_M15_INSUFICIENTE
[05/08] START Step Index 200
[05/08] END   Step Index 200 | 0.59s | ARPS REGIME BLOCKED
    Motivo: SIN_TENDENCIA_M15
[06/08] START Step Index 300
[06/08] END   Step Index 300 | 0.82s | ARPS WAITING SETUP
    Motivo: m5_atr_regime,m5_structure_break,m1_strong_close
[07/08] START Step Index 400
[07/08] END   Step Index 400 | 0.63s | ARPS REGIME BLOCKED
    Motivo: SIN_TENDENCIA_M15
[08/08] START Step Index 500
[08/08] END   Step Index 500 | 0.69s | ARPS REGIME BLOCKED
    Motivo: SIN_TENDENCIA_M15
----------------------------------------------------------------------------------------
RESUMEN DEL CICLO #0001
Símbolos analizados: 8
Sin señal: 0
Esperando/otros: 8
Señales rechazadas: 0
Bloqueadas por estado/límites: 0
Validadas DRY RUN: 0
Nuevas órdenes: 0
Operaciones cerradas sincronizadas: 0
Errores: 0
Duración del ciclo: 10.62s
Intervalo objetivo: 30s
Próximo ciclo en: 19.38s
----------------------------------------------------------------------------------------

========================================================================================
CICLO #0002 | 2026-09-03 16:19:40 UTC | símbolos=0
========================================================================================
----------------------------------------------------------------------------------------
RESUMEN DEL CICLO #0002
Símbolos analizados: 0
Sin señal: 0
Esperando/otros: 0
Señales rechazadas: 0
Bloqueadas por estado/límites: 0
Validadas DRY RUN: 0
Nuevas órdenes: 0
Operaciones cerradas sincronizadas: 0
Errores: 0
Duración del ciclo: 0.06s
Intervalo objetivo: 30s
Próximo ciclo en: 29.94s
----------------------------------------------------------------------------------------

========================================================================================
CICLO #0003 | 2026-09-03 16:20:10 UTC | símbolos=8
========================================================================================
[01/08] START Multi Step 2 Index
[01/08] END   Multi Step 2 Index | 0.03s | ARPS REGIME BLOCKED
    Motivo: SIN_TENDENCIA_M15
[02/08] START Multi Step 3 Index
[02/08] END   Multi Step 3 Index | 0.03s | ARPS REGIME BLOCKED
    Motivo: ADX_M15_INSUFICIENTE
[03/08] START Multi Step 4 Index
[03/08] END   Multi Step 4 Index | 0.03s | ARPS REGIME BLOCKED
    Motivo: ADX_M15_INSUFICIENTE
[04/08] START Step Index
[04/08] END   Step Index | 0.03s | ARPS REGIME BLOCKED
    Motivo: ADX_M15_INSUFICIENTE
[05/08] START Step Index 200
[05/08] END   Step Index 200 | 0.03s | ARPS REGIME BLOCKED
    Motivo: SIN_TENDENCIA_M15
[06/08] START Step Index 300
[06/08] END   Step Index 300 | 0.03s | ARPS WAITING SETUP
    Motivo: m5_atr_regime,m5_pullback
[07/08] START Step Index 400
[07/08] END   Step Index 400 | 0.03s | ARPS REGIME BLOCKED
    Motivo: SIN_TENDENCIA_M15
[08/08] START Step Index 500
[08/08] END   Step Index 500 | 0.03s | ARPS REGIME BLOCKED
    Motivo: SIN_TENDENCIA_M15
----------------------------------------------------------------------------------------
RESUMEN DEL CICLO #0003
Símbolos analizados: 8
Sin señal: 0
Esperando/otros: 8
Señales rechazadas: 0
Bloqueadas por estado/límites: 0
Validadas DRY RUN: 0
Nuevas órdenes: 0
Operaciones cerradas sincronizadas: 0
Errores: 0
Duración del ciclo: 0.31s
Intervalo objetivo: 30s
Próximo ciclo en: 29.69s
----------------------------------------------------------------------------------------

========================================================================================
CICLO #0004 | 2026-09-03 16:20:40 UTC | símbolos=0
========================================================================================
----------------------------------------------------------------------------------------
RESUMEN DEL CICLO #0004
Símbolos analizados: 0
Sin señal: 0
Esperando/otros: 0
Señales rechazadas: 0
Bloqueadas por estado/límites: 0
Validadas DRY RUN: 0
Nuevas órdenes: 0
Operaciones cerradas sincronizadas: 0
Errores: 0
Duración del ciclo: 0.02s
Intervalo objetivo: 30s
Próximo ciclo en: 29.98s
----------------------------------------------------------------------------------------

========================================================================================
CICLO #0005 | 2026-09-03 16:21:10 UTC | símbolos=8
========================================================================================
[01/08] START Multi Step 2 Index
[01/08] END   Multi Step 2 Index | 0.02s | ARPS REGIME BLOCKED
    Motivo: SIN_TENDENCIA_M15
[02/08] START Multi Step 3 Index
[02/08] END   Multi Step 3 Index | 0.02s | ARPS REGIME BLOCKED
    Motivo: ADX_M15_INSUFICIENTE
[03/08] START Multi Step 4 Index
[03/08] END   Multi Step 4 Index | 0.03s | ARPS REGIME BLOCKED
    Motivo: ADX_M15_INSUFICIENTE
[04/08] START Step Index
[04/08] END   Step Index | 0.02s | ARPS REGIME BLOCKED
    Motivo: ADX_M15_INSUFICIENTE
[05/08] START Step Index 200
[05/08] END   Step Index 200 | 0.02s | ARPS REGIME BLOCKED
    Motivo: SIN_TENDENCIA_M15
[06/08] START Step Index 300
[06/08] END   Step Index 300 | 0.03s | ARPS WAITING SETUP
    Motivo: m5_atr_regime,m5_pullback,m1_rejection
[07/08] START Step Index 400
[07/08] END   Step Index 400 | 0.02s | ARPS REGIME BLOCKED
    Motivo: SIN_TENDENCIA_M15
[08/08] START Step Index 500
[08/08] END   Step Index 500 | 0.02s | ARPS REGIME BLOCKED
    Motivo: SIN_TENDENCIA_M15
----------------------------------------------------------------------------------------
RESUMEN DEL CICLO #0005
Símbolos analizados: 8
Sin señal: 0
Esperando/otros: 8
Señales rechazadas: 0
Bloqueadas por estado/límites: 0
Validadas DRY RUN: 0
Nuevas órdenes: 0
Operaciones cerradas sincronizadas: 0
Errores: 0
Duración del ciclo: 0.24s
Intervalo objetivo: 30s
Próximo ciclo en: 29.76s
----------------------------------------------------------------------------------------

========================================================================================
CICLO #0006 | 2026-09-03 16:21:40 UTC | símbolos=0
========================================================================================
----------------------------------------------------------------------------------------
RESUMEN DEL CICLO #0006
Símbolos analizados: 0
Sin señal: 0
Esperando/otros: 0
Señales rechazadas: 0
Bloqueadas por estado/límites: 0
Validadas DRY RUN: 0
Nuevas órdenes: 0
Operaciones cerradas sincronizadas: 0
Errores: 0
Duración del ciclo: 0.03s
Intervalo objetivo: 30s
Próximo ciclo en: 29.97s
----------------------------------------------------------------------------------------

========================================================================================
CICLO #0007 | 2026-09-03 16:22:10 UTC | símbolos=8
========================================================================================
[01/08] START Multi Step 2 Index
[01/08] END   Multi Step 2 Index | 0.03s | ARPS REGIME BLOCKED
    Motivo: SIN_TENDENCIA_M15
[02/08] START Multi Step 3 Index
[02/08] END   Multi Step 3 Index | 0.02s | ARPS REGIME BLOCKED
    Motivo: ADX_M15_INSUFICIENTE
[03/08] START Multi Step 4 Index
[03/08] END   Multi Step 4 Index | 0.02s | ARPS REGIME BLOCKED
    Motivo: ADX_M15_INSUFICIENTE
[04/08] START Step Index
[04/08] END   Step Index | 0.02s | ARPS REGIME BLOCKED
    Motivo: ADX_M15_INSUFICIENTE
[05/08] START Step Index 200
[05/08] END   Step Index 200 | 0.02s | ARPS REGIME BLOCKED
    Motivo: SIN_TENDENCIA_M15
[06/08] START Step Index 300
[06/08] END   Step Index 300 | 0.02s | ARPS WAITING SETUP
    Motivo: m5_atr_regime,m5_pullback,m1_rejection
[07/08] START Step Index 400
[07/08] END   Step Index 400 | 0.02s | ARPS REGIME BLOCKED
    Motivo: SIN_TENDENCIA_M15
[08/08] START Step Index 500
[08/08] END   Step Index 500 | 0.02s | ARPS REGIME BLOCKED
    Motivo: SIN_TENDENCIA_M15
----------------------------------------------------------------------------------------
RESUMEN DEL CICLO #0007
Símbolos analizados: 8
Sin señal: 0
Esperando/otros: 8
Señales rechazadas: 0
Bloqueadas por estado/límites: 0
Validadas DRY RUN: 0
Nuevas órdenes: 0
Operaciones cerradas sincronizadas: 0
Errores: 0
Duración del ciclo: 0.24s
Intervalo objetivo: 30s
Próximo ciclo en: 29.76s
----------------------------------------------------------------------------------------

========================================================================================
CICLO #0008 | 2026-09-03 16:22:40 UTC | símbolos=0
========================================================================================
----------------------------------------------------------------------------------------
RESUMEN DEL CICLO #0008
Símbolos analizados: 0
Sin señal: 0
Esperando/otros: 0
Señales rechazadas: 0
Bloqueadas por estado/límites: 0
Validadas DRY RUN: 0
Nuevas órdenes: 0
Operaciones cerradas sincronizadas: 0
Errores: 0
Duración del ciclo: 0.02s
Intervalo objetivo: 30s
Próximo ciclo en: 29.98s
----------------------------------------------------------------------------------------

========================================================================================
CICLO #0009 | 2026-09-03 16:23:10 UTC | símbolos=8
========================================================================================
[01/08] START Multi Step 2 Index
[01/08] END   Multi Step 2 Index | 0.02s | ARPS REGIME BLOCKED
    Motivo: SIN_TENDENCIA_M15
[02/08] START Multi Step 3 Index
[02/08] END   Multi Step 3 Index | 0.03s | ARPS REGIME BLOCKED
    Motivo: ADX_M15_INSUFICIENTE
[03/08] START Multi Step 4 Index
[03/08] END   Multi Step 4 Index | 0.03s | ARPS REGIME BLOCKED
    Motivo: ADX_M15_INSUFICIENTE
[04/08] START Step Index
[04/08] END   Step Index | 0.03s | ARPS REGIME BLOCKED
    Motivo: ADX_M15_INSUFICIENTE
[05/08] START Step Index 200
[05/08] END   Step Index 200 | 0.02s | ARPS REGIME BLOCKED
    Motivo: SIN_TENDENCIA_M15
[06/08] START Step Index 300
[06/08] END   Step Index 300 | 0.03s | ARPS WAITING SETUP
    Motivo: m5_atr_regime,m5_pullback,m1_rejection
[07/08] START Step Index 400
[07/08] END   Step Index 400 | 0.02s | ARPS REGIME BLOCKED
    Motivo: SIN_TENDENCIA_M15
[08/08] START Step Index 500
[08/08] END   Step Index 500 | 0.03s | ARPS REGIME BLOCKED
    Motivo: SIN_TENDENCIA_M15
----------------------------------------------------------------------------------------
RESUMEN DEL CICLO #0009
Símbolos analizados: 8
Sin señal: 0
Esperando/otros: 8
Señales rechazadas: 0
Bloqueadas por estado/límites: 0
Validadas DRY RUN: 0
Nuevas órdenes: 0
Operaciones cerradas sincronizadas: 0
Errores: 0
Duración del ciclo: 0.26s
Intervalo objetivo: 30s
Próximo ciclo en: 29.74s
----------------------------------------------------------------------------------------

========================================================================================
CICLO #0010 | 2026-09-03 16:23:40 UTC | símbolos=0
========================================================================================
----------------------------------------------------------------------------------------
RESUMEN DEL CICLO #0010
Símbolos analizados: 0
Sin señal: 0
Esperando/otros: 0
Señales rechazadas: 0
Bloqueadas por estado/límites: 0
Validadas DRY RUN: 0
Nuevas órdenes: 0
Operaciones cerradas sincronizadas: 0
Errores: 0
Duración del ciclo: 0.03s
Intervalo objetivo: 30s
Próximo ciclo en: 29.97s
----------------------------------------------------------------------------------------

========================================================================================
CICLO #0011 | 2026-09-03 16:24:10 UTC | símbolos=8
========================================================================================
[01/08] START Multi Step 2 Index
[01/08] END   Multi Step 2 Index | 0.02s | ARPS REGIME BLOCKED
    Motivo: SIN_TENDENCIA_M15
[02/08] START Multi Step 3 Index
[02/08] END   Multi Step 3 Index | 0.02s | ARPS REGIME BLOCKED
    Motivo: ADX_M15_INSUFICIENTE
[03/08] START Multi Step 4 Index
[03/08] END   Multi Step 4 Index | 0.02s | ARPS REGIME BLOCKED
    Motivo: ADX_M15_INSUFICIENTE
[04/08] START Step Index
[04/08] END   Step Index | 0.02s | ARPS REGIME BLOCKED
    Motivo: ADX_M15_INSUFICIENTE
[05/08] START Step Index 200
[05/08] END   Step Index 200 | 0.02s | ARPS REGIME BLOCKED
    Motivo: SIN_TENDENCIA_M15
[06/08] START Step Index 300
[06/08] END   Step Index 300 | 0.02s | ARPS WAITING SETUP
    Motivo: m5_atr_regime,m5_pullback,m1_follow_through,m1_strong_close
[07/08] START Step Index 400
[07/08] END   Step Index 400 | 0.02s | ARPS REGIME BLOCKED
    Motivo: SIN_TENDENCIA_M15
[08/08] START Step Index 500
[08/08] END   Step Index 500 | 0.02s | ARPS REGIME BLOCKED
    Motivo: SIN_TENDENCIA_M15
----------------------------------------------------------------------------------------
RESUMEN DEL CICLO #0011
Símbolos analizados: 8
Sin señal: 0
Esperando/otros: 8
Señales rechazadas: 0
Bloqueadas por estado/límites: 0
Validadas DRY RUN: 0
Nuevas órdenes: 0
Operaciones cerradas sincronizadas: 0
Errores: 0
Duración del ciclo: 0.23s
Intervalo objetivo: 30s
Próximo ciclo en: 29.77s
----------------------------------------------------------------------------------------

========================================================================================
CICLO #0012 | 2026-09-03 16:24:40 UTC | símbolos=0
========================================================================================
----------------------------------------------------------------------------------------
RESUMEN DEL CICLO #0012
Símbolos analizados: 0
Sin señal: 0
Esperando/otros: 0
Señales rechazadas: 0
Bloqueadas por estado/límites: 0
Validadas DRY RUN: 0
Nuevas órdenes: 0
Operaciones cerradas sincronizadas: 0
Errores: 0
Duración del ciclo: 0.03s
Intervalo objetivo: 30s
Próximo ciclo en: 29.97s
----------------------------------------------------------------------------------------

========================================================================================
CICLO #0013 | 2026-09-03 16:25:10 UTC | símbolos=8
========================================================================================
[01/08] START Multi Step 2 Index
[01/08] END   Multi Step 2 Index | 0.03s | ARPS REGIME BLOCKED
    Motivo: SIN_TENDENCIA_M15
[02/08] START Multi Step 3 Index
[02/08] END   Multi Step 3 Index | 0.03s | ARPS REGIME BLOCKED
    Motivo: ADX_M15_INSUFICIENTE
[03/08] START Multi Step 4 Index
[03/08] END   Multi Step 4 Index | 0.03s | ARPS REGIME BLOCKED
    Motivo: ADX_M15_INSUFICIENTE
[04/08] START Step Index
[04/08] END   Step Index | 0.03s | ARPS REGIME BLOCKED
    Motivo: ADX_M15_INSUFICIENTE
[05/08] START Step Index 200
[05/08] END   Step Index 200 | 0.03s | ARPS REGIME BLOCKED
    Motivo: SIN_TENDENCIA_M15
[06/08] START Step Index 300
[06/08] END   Step Index 300 | 0.04s | ARPS WAITING SETUP
    Motivo: m5_atr_regime,m5_pullback,m1_rejection,m1_strong_close
[07/08] START Step Index 400
[07/08] END   Step Index 400 | 0.03s | ARPS REGIME BLOCKED
    Motivo: SIN_TENDENCIA_M15
[08/08] START Step Index 500
[08/08] END   Step Index 500 | 0.03s | ARPS REGIME BLOCKED
    Motivo: SIN_TENDENCIA_M15
----------------------------------------------------------------------------------------
RESUMEN DEL CICLO #0013
Símbolos analizados: 8
Sin señal: 0
Esperando/otros: 8
Señales rechazadas: 0
Bloqueadas por estado/límites: 0
Validadas DRY RUN: 0
Nuevas órdenes: 0
Operaciones cerradas sincronizadas: 0
Errores: 0
Duración del ciclo: 0.37s
Intervalo objetivo: 30s
Próximo ciclo en: 29.63s
----------------------------------------------------------------------------------------

========================================================================================
CICLO #0014 | 2026-09-03 16:25:40 UTC | símbolos=0
========================================================================================
----------------------------------------------------------------------------------------
RESUMEN DEL CICLO #0014
Símbolos analizados: 0
Sin señal: 0
Esperando/otros: 0
Señales rechazadas: 0
Bloqueadas por estado/límites: 0
Validadas DRY RUN: 0
Nuevas órdenes: 0
Operaciones cerradas sincronizadas: 0
Errores: 0
Duración del ciclo: 0.04s
Intervalo objetivo: 30s
Próximo ciclo en: 29.96s
----------------------------------------------------------------------------------------

========================================================================================
CICLO #0015 | 2026-09-03 16:26:10 UTC | símbolos=8
========================================================================================
[01/08] START Multi Step 2 Index
[01/08] END   Multi Step 2 Index | 0.04s | ARPS REGIME BLOCKED
    Motivo: SIN_TENDENCIA_M15
[02/08] START Multi Step 3 Index
[02/08] END   Multi Step 3 Index | 0.05s | ARPS REGIME BLOCKED
    Motivo: ADX_M15_INSUFICIENTE
[03/08] START Multi Step 4 Index
[03/08] END   Multi Step 4 Index | 0.04s | ARPS REGIME BLOCKED
    Motivo: ADX_M15_INSUFICIENTE
[04/08] START Step Index
[04/08] END   Step Index | 0.04s | ARPS REGIME BLOCKED
    Motivo: ADX_M15_INSUFICIENTE
[05/08] START Step Index 200
[05/08] END   Step Index 200 | 0.03s | ARPS REGIME BLOCKED
    Motivo: SIN_TENDENCIA_M15
[06/08] START Step Index 300
[06/08] END   Step Index 300 | 0.04s | ARPS WAITING SETUP
    Motivo: m5_atr_regime,m5_pullback,m1_strong_close
[07/08] START Step Index 400
[07/08] END   Step Index 400 | 0.04s | ARPS REGIME BLOCKED
    Motivo: SIN_TENDENCIA_M15
[08/08] START Step Index 500
[08/08] END   Step Index 500 | 0.05s | ARPS REGIME BLOCKED
    Motivo: SIN_TENDENCIA_M15
----------------------------------------------------------------------------------------
RESUMEN DEL CICLO #0015
Símbolos analizados: 8
Sin señal: 0
Esperando/otros: 8
Señales rechazadas: 0
Bloqueadas por estado/límites: 0
Validadas DRY RUN: 0
Nuevas órdenes: 0
Operaciones cerradas sincronizadas: 0
Errores: 0
Duración del ciclo: 0.41s
Intervalo objetivo: 30s
Próximo ciclo en: 29.59s
----------------------------------------------------------------------------------------

========================================================================================
CICLO #0016 | 2026-09-03 16:26:40 UTC | símbolos=0
========================================================================================
----------------------------------------------------------------------------------------
RESUMEN DEL CICLO #0016
Símbolos analizados: 0
Sin señal: 0
Esperando/otros: 0
Señales rechazadas: 0
Bloqueadas por estado/límites: 0
Validadas DRY RUN: 0
Nuevas órdenes: 0
Operaciones cerradas sincronizadas: 0
Errores: 0
Duración del ciclo: 0.03s
Intervalo objetivo: 30s
Próximo ciclo en: 29.97s
----------------------------------------------------------------------------------------

========================================================================================
CICLO #0017 | 2026-09-03 16:27:10 UTC | símbolos=8
========================================================================================
[01/08] START Multi Step 2 Index
[01/08] END   Multi Step 2 Index | 0.02s | ARPS REGIME BLOCKED
    Motivo: SIN_TENDENCIA_M15
[02/08] START Multi Step 3 Index
[02/08] END   Multi Step 3 Index | 0.02s | ARPS REGIME BLOCKED
    Motivo: ADX_M15_INSUFICIENTE
[03/08] START Multi Step 4 Index
[03/08] END   Multi Step 4 Index | 0.02s | ARPS REGIME BLOCKED
    Motivo: ADX_M15_INSUFICIENTE
[04/08] START Step Index
[04/08] END   Step Index | 0.02s | ARPS REGIME BLOCKED
    Motivo: ADX_M15_INSUFICIENTE
[05/08] START Step Index 200
[05/08] END   Step Index 200 | 0.02s | ARPS REGIME BLOCKED
    Motivo: SIN_TENDENCIA_M15
[06/08] START Step Index 300
[06/08] END   Step Index 300 | 0.02s | ARPS WAITING SETUP
    Motivo: m5_atr_regime,m5_pullback,m1_follow_through,m1_strong_close
[07/08] START Step Index 400
[07/08] END   Step Index 400 | 0.02s | ARPS REGIME BLOCKED
    Motivo: SIN_TENDENCIA_M15
[08/08] START Step Index 500
[08/08] END   Step Index 500 | 0.02s | ARPS REGIME BLOCKED
    Motivo: SIN_TENDENCIA_M15
----------------------------------------------------------------------------------------
RESUMEN DEL CICLO #0017
Símbolos analizados: 8
Sin señal: 0
Esperando/otros: 8
Señales rechazadas: 0
Bloqueadas por estado/límites: 0
Validadas DRY RUN: 0
Nuevas órdenes: 0
Operaciones cerradas sincronizadas: 0
Errores: 0
Duración del ciclo: 0.20s
Intervalo objetivo: 30s
Próximo ciclo en: 29.80s
----------------------------------------------------------------------------------------

========================================================================================
CICLO #0018 | 2026-09-03 16:27:40 UTC | símbolos=0
========================================================================================
----------------------------------------------------------------------------------------
RESUMEN DEL CICLO #0018
Símbolos analizados: 0
Sin señal: 0
Esperando/otros: 0
Señales rechazadas: 0
Bloqueadas por estado/límites: 0
Validadas DRY RUN: 0
Nuevas órdenes: 0
Operaciones cerradas sincronizadas: 0
Errores: 0
Duración del ciclo: 0.03s
Intervalo objetivo: 30s
Próximo ciclo en: 29.97s
----------------------------------------------------------------------------------------

========================================================================================
CICLO #0019 | 2026-09-03 16:28:10 UTC | símbolos=8
========================================================================================
[01/08] START Multi Step 2 Index
[01/08] END   Multi Step 2 Index | 0.02s | ARPS REGIME BLOCKED
    Motivo: SIN_TENDENCIA_M15
[02/08] START Multi Step 3 Index
[02/08] END   Multi Step 3 Index | 0.02s | ARPS REGIME BLOCKED
    Motivo: ADX_M15_INSUFICIENTE
[03/08] START Multi Step 4 Index
[03/08] END   Multi Step 4 Index | 0.02s | ARPS REGIME BLOCKED
    Motivo: ADX_M15_INSUFICIENTE
[04/08] START Step Index
[04/08] END   Step Index | 0.02s | ARPS REGIME BLOCKED
    Motivo: ADX_M15_INSUFICIENTE
[05/08] START Step Index 200
[05/08] END   Step Index 200 | 0.02s | ARPS REGIME BLOCKED
    Motivo: SIN_TENDENCIA_M15
[06/08] START Step Index 300
[06/08] END   Step Index 300 | 0.03s | ARPS WAITING SETUP
    Motivo: m5_atr_regime,m5_pullback,m1_rejection,m1_follow_through,m1_strong_close
[07/08] START Step Index 400
[07/08] END   Step Index 400 | 0.02s | ARPS REGIME BLOCKED
    Motivo: SIN_TENDENCIA_M15
[08/08] START Step Index 500
[08/08] END   Step Index 500 | 0.02s | ARPS REGIME BLOCKED
    Motivo: SIN_TENDENCIA_M15
----------------------------------------------------------------------------------------
RESUMEN DEL CICLO #0019
Símbolos analizados: 8
Sin señal: 0
Esperando/otros: 8
Señales rechazadas: 0
Bloqueadas por estado/límites: 0
Validadas DRY RUN: 0
Nuevas órdenes: 0
Operaciones cerradas sincronizadas: 0
Errores: 0
Duración del ciclo: 0.23s
Intervalo objetivo: 30s
Próximo ciclo en: 29.77s
----------------------------------------------------------------------------------------

========================================================================================
CICLO #0020 | 2026-09-03 16:28:40 UTC | símbolos=0
========================================================================================
----------------------------------------------------------------------------------------
RESUMEN DEL CICLO #0020
Símbolos analizados: 0
Sin señal: 0
Esperando/otros: 0
Señales rechazadas: 0
Bloqueadas por estado/límites: 0
Validadas DRY RUN: 0
Nuevas órdenes: 0
Operaciones cerradas sincronizadas: 0
Errores: 0
Duración del ciclo: 0.02s
Intervalo objetivo: 30s
Próximo ciclo en: 29.98s
----------------------------------------------------------------------------------------

========================================================================================
CICLO #0021 | 2026-09-03 16:29:10 UTC | símbolos=8
========================================================================================
[01/08] START Multi Step 2 Index
[01/08] END   Multi Step 2 Index | 0.02s | ARPS REGIME BLOCKED
    Motivo: SIN_TENDENCIA_M15
[02/08] START Multi Step 3 Index
[02/08] END   Multi Step 3 Index | 0.02s | ARPS REGIME BLOCKED
    Motivo: ADX_M15_INSUFICIENTE
[03/08] START Multi Step 4 Index
[03/08] END   Multi Step 4 Index | 0.02s | ARPS REGIME BLOCKED
    Motivo: ADX_M15_INSUFICIENTE
[04/08] START Step Index
[04/08] END   Step Index | 0.02s | ARPS REGIME BLOCKED
    Motivo: ADX_M15_INSUFICIENTE
[05/08] START Step Index 200
[05/08] END   Step Index 200 | 0.02s | ARPS REGIME BLOCKED
    Motivo: SIN_TENDENCIA_M15
[06/08] START Step Index 300
[06/08] END   Step Index 300 | 0.02s | ARPS WAITING SETUP
    Motivo: m5_atr_regime,m5_pullback,m1_rejection
[07/08] START Step Index 400
[07/08] END   Step Index 400 | 0.02s | ARPS REGIME BLOCKED
    Motivo: SIN_TENDENCIA_M15
[08/08] START Step Index 500
[08/08] END   Step Index 500 | 0.02s | ARPS REGIME BLOCKED
    Motivo: SIN_TENDENCIA_M15
----------------------------------------------------------------------------------------
RESUMEN DEL CICLO #0021
Símbolos analizados: 8
Sin señal: 0
Esperando/otros: 8
Señales rechazadas: 0
Bloqueadas por estado/límites: 0
Validadas DRY RUN: 0
Nuevas órdenes: 0
Operaciones cerradas sincronizadas: 0
Errores: 0
Duración del ciclo: 0.19s
Intervalo objetivo: 30s
Próximo ciclo en: 29.81s
----------------------------------------------------------------------------------------

========================================================================================
CICLO #0022 | 2026-09-03 16:29:40 UTC | símbolos=0
========================================================================================
----------------------------------------------------------------------------------------
RESUMEN DEL CICLO #0022
Símbolos analizados: 0
Sin señal: 0
Esperando/otros: 0
Señales rechazadas: 0
Bloqueadas por estado/límites: 0
Validadas DRY RUN: 0
Nuevas órdenes: 0
Operaciones cerradas sincronizadas: 0
Errores: 0
Duración del ciclo: 0.02s
Intervalo objetivo: 30s
Próximo ciclo en: 29.98s
----------------------------------------------------------------------------------------

========================================================================================
CICLO #0023 | 2026-09-03 16:30:10 UTC | símbolos=8
========================================================================================
[01/08] START Multi Step 2 Index
[01/08] END   Multi Step 2 Index | 0.03s | ARPS REGIME BLOCKED
    Motivo: SIN_TENDENCIA_M15
[02/08] START Multi Step 3 Index
[02/08] END   Multi Step 3 Index | 0.03s | ARPS WAITING SETUP
    Motivo: m5_structure_break,m1_rejection,m1_follow_through
[03/08] START Multi Step 4 Index
[03/08] END   Multi Step 4 Index | 0.03s | ARPS REGIME BLOCKED
    Motivo: ADX_M15_INSUFICIENTE
[04/08] START Step Index
[04/08] END   Step Index | 0.03s | ARPS REGIME BLOCKED
    Motivo: ADX_M15_INSUFICIENTE
[05/08] START Step Index 200
[05/08] END   Step Index 200 | 0.02s | ARPS REGIME BLOCKED
    Motivo: SIN_TENDENCIA_M15
[06/08] START Step Index 300
[06/08] END   Step Index 300 | 0.03s | ARPS WAITING SETUP
    Motivo: m5_atr_regime,m5_pullback,m1_follow_through
[07/08] START Step Index 400
[07/08] END   Step Index 400 | 0.03s | ARPS REGIME BLOCKED
    Motivo: SIN_TENDENCIA_M15
[08/08] START Step Index 500
[08/08] END   Step Index 500 | 0.03s | ARPS REGIME BLOCKED
    Motivo: SIN_TENDENCIA_M15
----------------------------------------------------------------------------------------
RESUMEN DEL CICLO #0023
Símbolos analizados: 8
Sin señal: 0
Esperando/otros: 8
Señales rechazadas: 0
Bloqueadas por estado/límites: 0
Validadas DRY RUN: 0
Nuevas órdenes: 0
Operaciones cerradas sincronizadas: 0
Errores: 0
Duración del ciclo: 0.28s
Intervalo objetivo: 30s
Próximo ciclo en: 29.72s
----------------------------------------------------------------------------------------

========================================================================================
CICLO #0024 | 2026-09-03 16:30:40 UTC | símbolos=0
========================================================================================
----------------------------------------------------------------------------------------
RESUMEN DEL CICLO #0024
Símbolos analizados: 0
Sin señal: 0
Esperando/otros: 0
Señales rechazadas: 0
Bloqueadas por estado/límites: 0
Validadas DRY RUN: 0
Nuevas órdenes: 0
Operaciones cerradas sincronizadas: 0
Errores: 0
Duración del ciclo: 0.03s
Intervalo objetivo: 30s
Próximo ciclo en: 29.97s
----------------------------------------------------------------------------------------

========================================================================================
CICLO #0025 | 2026-09-03 16:31:10 UTC | símbolos=8
========================================================================================
[01/08] START Multi Step 2 Index
[01/08] END   Multi Step 2 Index | 0.02s | ARPS REGIME BLOCKED
    Motivo: SIN_TENDENCIA_M15
[02/08] START Multi Step 3 Index
[02/08] END   Multi Step 3 Index | 0.02s | ARPS WAITING SETUP
    Motivo: m5_structure_break,m1_rejection,m1_follow_through
[03/08] START Multi Step 4 Index
[03/08] END   Multi Step 4 Index | 0.02s | ARPS REGIME BLOCKED
    Motivo: ADX_M15_INSUFICIENTE
[04/08] START Step Index
[04/08] END   Step Index | 0.02s | ARPS REGIME BLOCKED
    Motivo: ADX_M15_INSUFICIENTE
[05/08] START Step Index 200
[05/08] END   Step Index 200 | 0.02s | ARPS REGIME BLOCKED
    Motivo: SIN_TENDENCIA_M15
[06/08] START Step Index 300
[06/08] END   Step Index 300 | 0.02s | ARPS WAITING SETUP
    Motivo: m5_atr_regime,m5_pullback,m1_rejection,m1_follow_through
[07/08] START Step Index 400
[07/08] END   Step Index 400 | 0.04s | ARPS REGIME BLOCKED
    Motivo: SIN_TENDENCIA_M15
[08/08] START Step Index 500
[08/08] END   Step Index 500 | 0.02s | ARPS REGIME BLOCKED
    Motivo: SIN_TENDENCIA_M15
----------------------------------------------------------------------------------------
RESUMEN DEL CICLO #0025
Símbolos analizados: 8
Sin señal: 0
Esperando/otros: 8
Señales rechazadas: 0
Bloqueadas por estado/límites: 0
Validadas DRY RUN: 0
Nuevas órdenes: 0
Operaciones cerradas sincronizadas: 0
Errores: 0
Duración del ciclo: 0.23s
Intervalo objetivo: 30s
Próximo ciclo en: 29.77s
----------------------------------------------------------------------------------------

========================================================================================
CICLO #0026 | 2026-09-03 16:31:40 UTC | símbolos=0
========================================================================================
----------------------------------------------------------------------------------------
RESUMEN DEL CICLO #0026
Símbolos analizados: 0
Sin señal: 0
Esperando/otros: 0
Señales rechazadas: 0
Bloqueadas por estado/límites: 0
Validadas DRY RUN: 0
Nuevas órdenes: 0
Operaciones cerradas sincronizadas: 0
Errores: 0
Duración del ciclo: 0.02s
Intervalo objetivo: 30s
Próximo ciclo en: 29.98s
----------------------------------------------------------------------------------------

========================================================================================
CICLO #0027 | 2026-09-03 16:32:10 UTC | símbolos=8
========================================================================================
[01/08] START Multi Step 2 Index
[01/08] END   Multi Step 2 Index | 0.02s | ARPS REGIME BLOCKED
    Motivo: SIN_TENDENCIA_M15
[02/08] START Multi Step 3 Index
[02/08] END   Multi Step 3 Index | 0.02s | ARPS WAITING SETUP
    Motivo: m5_structure_break,m1_rejection,m1_strong_close
[03/08] START Multi Step 4 Index
[03/08] END   Multi Step 4 Index | 0.02s | ARPS REGIME BLOCKED
    Motivo: ADX_M15_INSUFICIENTE
[04/08] START Step Index
[04/08] END   Step Index | 0.02s | ARPS REGIME BLOCKED
    Motivo: ADX_M15_INSUFICIENTE
[05/08] START Step Index 200
[05/08] END   Step Index 200 | 0.02s | ARPS REGIME BLOCKED
    Motivo: SIN_TENDENCIA_M15
[06/08] START Step Index 300
[06/08] END   Step Index 300 | 0.02s | ARPS WAITING SETUP
    Motivo: m5_atr_regime,m5_pullback,m1_rejection,m1_follow_through
[07/08] START Step Index 400
[07/08] END   Step Index 400 | 0.02s | ARPS REGIME BLOCKED
    Motivo: SIN_TENDENCIA_M15
[08/08] START Step Index 500
[08/08] END   Step Index 500 | 0.02s | ARPS REGIME BLOCKED
    Motivo: SIN_TENDENCIA_M15
----------------------------------------------------------------------------------------
RESUMEN DEL CICLO #0027
Símbolos analizados: 8
Sin señal: 0
Esperando/otros: 8
Señales rechazadas: 0
Bloqueadas por estado/límites: 0
Validadas DRY RUN: 0
Nuevas órdenes: 0
Operaciones cerradas sincronizadas: 0
Errores: 0
Duración del ciclo: 0.20s
Intervalo objetivo: 30s
Próximo ciclo en: 29.80s
----------------------------------------------------------------------------------------

========================================================================================
CICLO #0028 | 2026-09-03 16:32:40 UTC | símbolos=0
========================================================================================
----------------------------------------------------------------------------------------
RESUMEN DEL CICLO #0028
Símbolos analizados: 0
Sin señal: 0
Esperando/otros: 0
Señales rechazadas: 0
Bloqueadas por estado/límites: 0
Validadas DRY RUN: 0
Nuevas órdenes: 0
Operaciones cerradas sincronizadas: 0
Errores: 0
Duración del ciclo: 0.02s
Intervalo objetivo: 30s
Próximo ciclo en: 29.98s
----------------------------------------------------------------------------------------

========================================================================================
CICLO #0029 | 2026-09-03 16:33:10 UTC | símbolos=8
========================================================================================
[01/08] START Multi Step 2 Index
[01/08] END   Multi Step 2 Index | 0.02s | ARPS REGIME BLOCKED
    Motivo: SIN_TENDENCIA_M15
[02/08] START Multi Step 3 Index
[02/08] END   Multi Step 3 Index | 0.03s | ARPS WAITING SETUP
    Motivo: m5_structure_break
[03/08] START Multi Step 4 Index
[03/08] END   Multi Step 4 Index | 0.02s | ARPS REGIME BLOCKED
    Motivo: ADX_M15_INSUFICIENTE
[04/08] START Step Index
[04/08] END   Step Index | 0.02s | ARPS REGIME BLOCKED
    Motivo: ADX_M15_INSUFICIENTE
[05/08] START Step Index 200
[05/08] END   Step Index 200 | 0.02s | ARPS REGIME BLOCKED
    Motivo: SIN_TENDENCIA_M15
[06/08] START Step Index 300
[06/08] END   Step Index 300 | 0.02s | ARPS WAITING SETUP
    Motivo: m5_atr_regime,m5_pullback,m1_rejection
[07/08] START Step Index 400
[07/08] END   Step Index 400 | 0.02s | ARPS REGIME BLOCKED
    Motivo: SIN_TENDENCIA_M15
[08/08] START Step Index 500
[08/08] END   Step Index 500 | 0.02s | ARPS REGIME BLOCKED
    Motivo: SIN_TENDENCIA_M15
----------------------------------------------------------------------------------------
RESUMEN DEL CICLO #0029
Símbolos analizados: 8
Sin señal: 0
Esperando/otros: 8
Señales rechazadas: 0
Bloqueadas por estado/límites: 0
Validadas DRY RUN: 0
Nuevas órdenes: 0
Operaciones cerradas sincronizadas: 0
Errores: 0
Duración del ciclo: 0.21s
Intervalo objetivo: 30s
Próximo ciclo en: 29.79s
----------------------------------------------------------------------------------------

========================================================================================
CICLO #0030 | 2026-09-03 16:33:40 UTC | símbolos=0
========================================================================================
----------------------------------------------------------------------------------------
RESUMEN DEL CICLO #0030
Símbolos analizados: 0
Sin señal: 0
Esperando/otros: 0
Señales rechazadas: 0
Bloqueadas por estado/límites: 0
Validadas DRY RUN: 0
Nuevas órdenes: 0
Operaciones cerradas sincronizadas: 0
Errores: 0
Duración del ciclo: 0.06s
Intervalo objetivo: 30s
Próximo ciclo en: 29.94s
----------------------------------------------------------------------------------------

========================================================================================
CICLO #0031 | 2026-09-03 16:34:10 UTC | símbolos=8
========================================================================================
[01/08] START Multi Step 2 Index
[01/08] END   Multi Step 2 Index | 0.02s | ARPS REGIME BLOCKED
    Motivo: SIN_TENDENCIA_M15
[02/08] START Multi Step 3 Index
[02/08] END   Multi Step 3 Index | 0.03s | ARPS WAITING SETUP
    Motivo: m5_structure_break,m1_follow_through,m1_strong_close
[03/08] START Multi Step 4 Index
[03/08] END   Multi Step 4 Index | 0.02s | ARPS REGIME BLOCKED
    Motivo: ADX_M15_INSUFICIENTE
[04/08] START Step Index
[04/08] END   Step Index | 0.02s | ARPS REGIME BLOCKED
    Motivo: ADX_M15_INSUFICIENTE
[05/08] START Step Index 200
[05/08] END   Step Index 200 | 0.02s | ARPS REGIME BLOCKED
    Motivo: SIN_TENDENCIA_M15
[06/08] START Step Index 300
[06/08] END   Step Index 300 | 0.02s | ARPS WAITING SETUP
    Motivo: m5_atr_regime,m5_pullback,m1_rejection,m1_follow_through
[07/08] START Step Index 400
[07/08] END   Step Index 400 | 0.03s | ARPS REGIME BLOCKED
    Motivo: SIN_TENDENCIA_M15
[08/08] START Step Index 500
[08/08] END   Step Index 500 | 0.02s | ARPS REGIME BLOCKED
    Motivo: SIN_TENDENCIA_M15
----------------------------------------------------------------------------------------
RESUMEN DEL CICLO #0031
Símbolos analizados: 8
Sin señal: 0
Esperando/otros: 8
Señales rechazadas: 0
Bloqueadas por estado/límites: 0
Validadas DRY RUN: 0
Nuevas órdenes: 0
Operaciones cerradas sincronizadas: 0
Errores: 0
Duración del ciclo: 0.25s
Intervalo objetivo: 30s
Próximo ciclo en: 29.75s
----------------------------------------------------------------------------------------

========================================================================================
CICLO #0032 | 2026-09-03 16:34:40 UTC | símbolos=0
========================================================================================
----------------------------------------------------------------------------------------
RESUMEN DEL CICLO #0032
Símbolos analizados: 0
Sin señal: 0
Esperando/otros: 0
Señales rechazadas: 0
Bloqueadas por estado/límites: 0
Validadas DRY RUN: 0
Nuevas órdenes: 0
Operaciones cerradas sincronizadas: 0
Errores: 0
Duración del ciclo: 0.03s
Intervalo objetivo: 30s
Próximo ciclo en: 29.97s
----------------------------------------------------------------------------------------

========================================================================================
CICLO #0033 | 2026-09-03 16:35:10 UTC | símbolos=8
========================================================================================
[01/08] START Multi Step 2 Index
[01/08] END   Multi Step 2 Index | 0.03s | ARPS REGIME BLOCKED
    Motivo: SIN_TENDENCIA_M15
[02/08] START Multi Step 3 Index
[02/08] END   Multi Step 3 Index | 0.03s | ARPS WAITING SETUP
    Motivo: m5_structure_break,m1_rejection
[03/08] START Multi Step 4 Index
[03/08] END   Multi Step 4 Index | 0.03s | ARPS REGIME BLOCKED
    Motivo: ADX_M15_INSUFICIENTE
[04/08] START Step Index
[04/08] END   Step Index | 0.03s | ARPS REGIME BLOCKED
    Motivo: ADX_M15_INSUFICIENTE
[05/08] START Step Index 200
[05/08] END   Step Index 200 | 0.03s | ARPS REGIME BLOCKED
    Motivo: SIN_TENDENCIA_M15
[06/08] START Step Index 300
[06/08] END   Step Index 300 | 0.04s | ARPS WAITING SETUP
    Motivo: m5_atr_regime,m5_structure_break,m1_rejection
[07/08] START Step Index 400
[07/08] END   Step Index 400 | 0.03s | ARPS REGIME BLOCKED
    Motivo: SIN_TENDENCIA_M15
[08/08] START Step Index 500
[08/08] END   Step Index 500 | 0.03s | ARPS REGIME BLOCKED
    Motivo: SIN_TENDENCIA_M15
----------------------------------------------------------------------------------------
RESUMEN DEL CICLO #0033
Símbolos analizados: 8
Sin señal: 0
Esperando/otros: 8
Señales rechazadas: 0
Bloqueadas por estado/límites: 0
Validadas DRY RUN: 0
Nuevas órdenes: 0
Operaciones cerradas sincronizadas: 0
Errores: 0
Duración del ciclo: 0.31s
Intervalo objetivo: 30s
Próximo ciclo en: 29.69s
----------------------------------------------------------------------------------------

========================================================================================
CICLO #0034 | 2026-09-03 16:35:40 UTC | símbolos=0
========================================================================================
----------------------------------------------------------------------------------------
RESUMEN DEL CICLO #0034
Símbolos analizados: 0
Sin señal: 0
Esperando/otros: 0
Señales rechazadas: 0
Bloqueadas por estado/límites: 0
Validadas DRY RUN: 0
Nuevas órdenes: 0
Operaciones cerradas sincronizadas: 0
Errores: 0
Duración del ciclo: 0.03s
Intervalo objetivo: 30s
Próximo ciclo en: 29.97s
----------------------------------------------------------------------------------------

========================================================================================
CICLO #0035 | 2026-09-03 16:36:10 UTC | símbolos=8
========================================================================================
[01/08] START Multi Step 2 Index
[01/08] END   Multi Step 2 Index | 0.02s | ARPS REGIME BLOCKED
    Motivo: SIN_TENDENCIA_M15
[02/08] START Multi Step 3 Index
[02/08] END   Multi Step 3 Index | 0.03s | ARPS WAITING SETUP
    Motivo: m5_structure_break,m1_rejection,m1_follow_through,m1_strong_close
[03/08] START Multi Step 4 Index
[03/08] END   Multi Step 4 Index | 0.02s | ARPS REGIME BLOCKED
    Motivo: ADX_M15_INSUFICIENTE
[04/08] START Step Index
[04/08] END   Step Index | 0.02s | ARPS REGIME BLOCKED
    Motivo: ADX_M15_INSUFICIENTE
[05/08] START Step Index 200
[05/08] END   Step Index 200 | 0.02s | ARPS REGIME BLOCKED
    Motivo: SIN_TENDENCIA_M15
[06/08] START Step Index 300
[06/08] END   Step Index 300 | 0.03s | ARPS WAITING SETUP
    Motivo: m5_atr_regime,m5_structure_break,m1_follow_through,m1_strong_close
[07/08] START Step Index 400
[07/08] END   Step Index 400 | 0.02s | ARPS REGIME BLOCKED
    Motivo: SIN_TENDENCIA_M15
[08/08] START Step Index 500
[08/08] END   Step Index 500 | 0.02s | ARPS REGIME BLOCKED
    Motivo: SIN_TENDENCIA_M15
----------------------------------------------------------------------------------------
RESUMEN DEL CICLO #0035
Símbolos analizados: 8
Sin señal: 0
Esperando/otros: 8
Señales rechazadas: 0
Bloqueadas por estado/límites: 0
Validadas DRY RUN: 0
Nuevas órdenes: 0
Operaciones cerradas sincronizadas: 0
Errores: 0
Duración del ciclo: 0.24s
Intervalo objetivo: 30s
Próximo ciclo en: 29.76s
----------------------------------------------------------------------------------------

========================================================================================
CICLO #0036 | 2026-09-03 16:36:40 UTC | símbolos=0
========================================================================================
----------------------------------------------------------------------------------------
RESUMEN DEL CICLO #0036
Símbolos analizados: 0
Sin señal: 0
Esperando/otros: 0
Señales rechazadas: 0
Bloqueadas por estado/límites: 0
Validadas DRY RUN: 0
Nuevas órdenes: 0
Operaciones cerradas sincronizadas: 0
Errores: 0
Duración del ciclo: 0.02s
Intervalo objetivo: 30s
Próximo ciclo en: 29.98s
----------------------------------------------------------------------------------------

========================================================================================
CICLO #0037 | 2026-09-03 16:37:10 UTC | símbolos=8
========================================================================================
[01/08] START Multi Step 2 Index
[01/08] END   Multi Step 2 Index | 0.03s | ARPS REGIME BLOCKED
    Motivo: SIN_TENDENCIA_M15
[02/08] START Multi Step 3 Index
[02/08] END   Multi Step 3 Index | 0.03s | ARPS WAITING SETUP
    Motivo: m5_structure_break,m1_rejection,m1_follow_through,m1_strong_close
[03/08] START Multi Step 4 Index
[03/08] END   Multi Step 4 Index | 0.04s | ARPS REGIME BLOCKED
    Motivo: ADX_M15_INSUFICIENTE
[04/08] START Step Index
[04/08] END   Step Index | 0.03s | ARPS REGIME BLOCKED
    Motivo: ADX_M15_INSUFICIENTE
[05/08] START Step Index 200
[05/08] END   Step Index 200 | 0.03s | ARPS REGIME BLOCKED
    Motivo: SIN_TENDENCIA_M15
[06/08] START Step Index 300
[06/08] END   Step Index 300 | 0.03s | ARPS WAITING SETUP
    Motivo: m5_atr_regime,m5_structure_break,m1_rejection
[07/08] START Step Index 400
[07/08] END   Step Index 400 | 0.03s | ARPS REGIME BLOCKED
    Motivo: SIN_TENDENCIA_M15
[08/08] START Step Index 500
[08/08] END   Step Index 500 | 0.03s | ARPS REGIME BLOCKED
    Motivo: SIN_TENDENCIA_M15
----------------------------------------------------------------------------------------
RESUMEN DEL CICLO #0037
Símbolos analizados: 8
Sin señal: 0
Esperando/otros: 8
Señales rechazadas: 0
Bloqueadas por estado/límites: 0
Validadas DRY RUN: 0
Nuevas órdenes: 0
Operaciones cerradas sincronizadas: 0
Errores: 0
Duración del ciclo: 0.33s
Intervalo objetivo: 30s
Próximo ciclo en: 29.67s
----------------------------------------------------------------------------------------

========================================================================================
CICLO #0038 | 2026-09-03 16:37:40 UTC | símbolos=0
========================================================================================
----------------------------------------------------------------------------------------
RESUMEN DEL CICLO #0038
Símbolos analizados: 0
Sin señal: 0
Esperando/otros: 0
Señales rechazadas: 0
Bloqueadas por estado/límites: 0
Validadas DRY RUN: 0
Nuevas órdenes: 0
Operaciones cerradas sincronizadas: 0
Errores: 0
Duración del ciclo: 0.02s
Intervalo objetivo: 30s
Próximo ciclo en: 29.98s
----------------------------------------------------------------------------------------

========================================================================================
CICLO #0039 | 2026-09-03 16:38:10 UTC | símbolos=8
========================================================================================
[01/08] START Multi Step 2 Index
[01/08] END   Multi Step 2 Index | 0.02s | ARPS REGIME BLOCKED
    Motivo: SIN_TENDENCIA_M15
[02/08] START Multi Step 3 Index
[02/08] END   Multi Step 3 Index | 0.02s | ARPS WAITING SETUP
    Motivo: m5_structure_break,m1_rejection,m1_follow_through,m1_strong_close
[03/08] START Multi Step 4 Index
[03/08] END   Multi Step 4 Index | 0.02s | ARPS REGIME BLOCKED
    Motivo: ADX_M15_INSUFICIENTE
[04/08] START Step Index
[04/08] END   Step Index | 0.02s | ARPS REGIME BLOCKED
    Motivo: ADX_M15_INSUFICIENTE
[05/08] START Step Index 200
[05/08] END   Step Index 200 | 0.02s | ARPS REGIME BLOCKED
    Motivo: SIN_TENDENCIA_M15
[06/08] START Step Index 300
[06/08] END   Step Index 300 | 0.03s | ARPS WAITING SETUP
    Motivo: m5_atr_regime,m5_structure_break,m1_strong_close
[07/08] START Step Index 400
[07/08] END   Step Index 400 | 0.02s | ARPS REGIME BLOCKED
    Motivo: SIN_TENDENCIA_M15
[08/08] START Step Index 500
[08/08] END   Step Index 500 | 0.02s | ARPS REGIME BLOCKED
    Motivo: SIN_TENDENCIA_M15
----------------------------------------------------------------------------------------
RESUMEN DEL CICLO #0039
Símbolos analizados: 8
Sin señal: 0
Esperando/otros: 8
Señales rechazadas: 0
Bloqueadas por estado/límites: 0
Validadas DRY RUN: 0
Nuevas órdenes: 0
Operaciones cerradas sincronizadas: 0
Errores: 0
Duración del ciclo: 0.22s
Intervalo objetivo: 30s
Próximo ciclo en: 29.78s
----------------------------------------------------------------------------------------

========================================================================================
CICLO #0040 | 2026-09-03 16:38:40 UTC | símbolos=0
========================================================================================
----------------------------------------------------------------------------------------
RESUMEN DEL CICLO #0040
Símbolos analizados: 0
Sin señal: 0
Esperando/otros: 0
Señales rechazadas: 0
Bloqueadas por estado/límites: 0
Validadas DRY RUN: 0
Nuevas órdenes: 0
Operaciones cerradas sincronizadas: 0
Errores: 0
Duración del ciclo: 0.02s
Intervalo objetivo: 30s
Próximo ciclo en: 29.98s
----------------------------------------------------------------------------------------

========================================================================================
CICLO #0041 | 2026-09-03 16:39:10 UTC | símbolos=8
========================================================================================
[01/08] START Multi Step 2 Index
[01/08] END   Multi Step 2 Index | 0.03s | ARPS REGIME BLOCKED
    Motivo: SIN_TENDENCIA_M15
[02/08] START Multi Step 3 Index
[02/08] END   Multi Step 3 Index | 0.03s | ARPS WAITING SETUP
    Motivo: m5_structure_break,m1_rejection
[03/08] START Multi Step 4 Index
[03/08] END   Multi Step 4 Index | 0.02s | ARPS REGIME BLOCKED
    Motivo: ADX_M15_INSUFICIENTE
[04/08] START Step Index
[04/08] END   Step Index | 0.03s | ARPS REGIME BLOCKED
    Motivo: ADX_M15_INSUFICIENTE
[05/08] START Step Index 200
[05/08] END   Step Index 200 | 0.03s | ARPS REGIME BLOCKED
    Motivo: SIN_TENDENCIA_M15
[06/08] START Step Index 300
[06/08] END   Step Index 300 | 0.03s | ARPS WAITING SETUP
    Motivo: m5_atr_regime,m5_structure_break,m1_rejection,m1_strong_close
[07/08] START Step Index 400
[07/08] END   Step Index 400 | 0.02s | ARPS REGIME BLOCKED
    Motivo: SIN_TENDENCIA_M15
[08/08] START Step Index 500
[08/08] END   Step Index 500 | 0.02s | ARPS REGIME BLOCKED
    Motivo: SIN_TENDENCIA_M15
----------------------------------------------------------------------------------------
RESUMEN DEL CICLO #0041
Símbolos analizados: 8
Sin señal: 0
Esperando/otros: 8
Señales rechazadas: 0
Bloqueadas por estado/límites: 0
Validadas DRY RUN: 0
Nuevas órdenes: 0
Operaciones cerradas sincronizadas: 0
Errores: 0
Duración del ciclo: 0.26s
Intervalo objetivo: 30s
Próximo ciclo en: 29.74s
----------------------------------------------------------------------------------------

========================================================================================
CICLO #0042 | 2026-09-03 16:39:40 UTC | símbolos=0
========================================================================================
----------------------------------------------------------------------------------------
RESUMEN DEL CICLO #0042
Símbolos analizados: 0
Sin señal: 0
Esperando/otros: 0
Señales rechazadas: 0
Bloqueadas por estado/límites: 0
Validadas DRY RUN: 0
Nuevas órdenes: 0
Operaciones cerradas sincronizadas: 0
Errores: 0
Duración del ciclo: 0.03s
Intervalo objetivo: 30s
Próximo ciclo en: 29.97s
----------------------------------------------------------------------------------------

========================================================================================
CICLO #0043 | 2026-09-03 16:40:10 UTC | símbolos=8
========================================================================================
[01/08] START Multi Step 2 Index
[01/08] END   Multi Step 2 Index | 0.04s | ARPS REGIME BLOCKED
    Motivo: SIN_TENDENCIA_M15
[02/08] START Multi Step 3 Index
[02/08] END   Multi Step 3 Index | 0.03s | ARPS WAITING SETUP
    Motivo: m5_structure_break
[03/08] START Multi Step 4 Index
[03/08] END   Multi Step 4 Index | 0.03s | ARPS REGIME BLOCKED
    Motivo: ADX_M15_INSUFICIENTE
[04/08] START Step Index
[04/08] END   Step Index | 0.03s | ARPS REGIME BLOCKED
    Motivo: ADX_M15_INSUFICIENTE
[05/08] START Step Index 200
[05/08] END   Step Index 200 | 0.03s | ARPS REGIME BLOCKED
    Motivo: SIN_TENDENCIA_M15
[06/08] START Step Index 300
[06/08] END   Step Index 300 | 0.03s | ARPS WAITING SETUP
    Motivo: m5_atr_regime,m5_structure_break
[07/08] START Step Index 400
[07/08] END   Step Index 400 | 0.03s | ARPS REGIME BLOCKED
    Motivo: SIN_TENDENCIA_M15
[08/08] START Step Index 500
[08/08] END   Step Index 500 | 0.03s | ARPS REGIME BLOCKED
    Motivo: SIN_TENDENCIA_M15
----------------------------------------------------------------------------------------
RESUMEN DEL CICLO #0043
Símbolos analizados: 8
Sin señal: 0
Esperando/otros: 8
Señales rechazadas: 0
Bloqueadas por estado/límites: 0
Validadas DRY RUN: 0
Nuevas órdenes: 0
Operaciones cerradas sincronizadas: 0
Errores: 0
Duración del ciclo: 0.32s
Intervalo objetivo: 30s
Próximo ciclo en: 29.68s
----------------------------------------------------------------------------------------

========================================================================================
CICLO #0044 | 2026-09-03 16:40:40 UTC | símbolos=0
========================================================================================
----------------------------------------------------------------------------------------
RESUMEN DEL CICLO #0044
Símbolos analizados: 0
Sin señal: 0
Esperando/otros: 0
Señales rechazadas: 0
Bloqueadas por estado/límites: 0
Validadas DRY RUN: 0
Nuevas órdenes: 0
Operaciones cerradas sincronizadas: 0
Errores: 0
Duración del ciclo: 0.03s
Intervalo objetivo: 30s
Próximo ciclo en: 29.97s
----------------------------------------------------------------------------------------

========================================================================================
CICLO #0045 | 2026-09-03 16:41:10 UTC | símbolos=8
========================================================================================
[01/08] START Multi Step 2 Index
[01/08] END   Multi Step 2 Index | 0.02s | ARPS REGIME BLOCKED
    Motivo: SIN_TENDENCIA_M15
[02/08] START Multi Step 3 Index
[02/08] END   Multi Step 3 Index | 0.03s | ARPS WAITING SETUP
    Motivo: m5_structure_break,m1_rejection,m1_follow_through
[03/08] START Multi Step 4 Index
[03/08] END   Multi Step 4 Index | 0.02s | ARPS REGIME BLOCKED
    Motivo: ADX_M15_INSUFICIENTE
[04/08] START Step Index
[04/08] END   Step Index | 0.02s | ARPS REGIME BLOCKED
    Motivo: ADX_M15_INSUFICIENTE
[05/08] START Step Index 200
[05/08] END   Step Index 200 | 0.02s | ARPS REGIME BLOCKED
    Motivo: SIN_TENDENCIA_M15
[06/08] START Step Index 300
[06/08] END   Step Index 300 | 0.03s | ARPS WAITING SETUP
    Motivo: m5_atr_regime,m5_structure_break,m1_rejection
[07/08] START Step Index 400
[07/08] END   Step Index 400 | 0.02s | ARPS REGIME BLOCKED
    Motivo: SIN_TENDENCIA_M15
[08/08] START Step Index 500
[08/08] END   Step Index 500 | 0.02s | ARPS REGIME BLOCKED
    Motivo: SIN_TENDENCIA_M15
----------------------------------------------------------------------------------------
RESUMEN DEL CICLO #0045
Símbolos analizados: 8
Sin señal: 0
Esperando/otros: 8
Señales rechazadas: 0
Bloqueadas por estado/límites: 0
Validadas DRY RUN: 0
Nuevas órdenes: 0
Operaciones cerradas sincronizadas: 0
Errores: 0
Duración del ciclo: 0.23s
Intervalo objetivo: 30s
Próximo ciclo en: 29.77s
----------------------------------------------------------------------------------------

========================================================================================
CICLO #0046 | 2026-09-03 16:41:40 UTC | símbolos=0
========================================================================================
----------------------------------------------------------------------------------------
RESUMEN DEL CICLO #0046
Símbolos analizados: 0
Sin señal: 0
Esperando/otros: 0
Señales rechazadas: 0
Bloqueadas por estado/límites: 0
Validadas DRY RUN: 0
Nuevas órdenes: 0
Operaciones cerradas sincronizadas: 0
Errores: 0
Duración del ciclo: 0.02s
Intervalo objetivo: 30s
Próximo ciclo en: 29.98s
----------------------------------------------------------------------------------------

========================================================================================
CICLO #0047 | 2026-09-03 16:42:10 UTC | símbolos=8
========================================================================================
[01/08] START Multi Step 2 Index
[01/08] END   Multi Step 2 Index | 0.02s | ARPS REGIME BLOCKED
    Motivo: SIN_TENDENCIA_M15
[02/08] START Multi Step 3 Index
[02/08] END   Multi Step 3 Index | 0.03s | ARPS WAITING SETUP
    Motivo: m5_structure_break,m1_rejection
[03/08] START Multi Step 4 Index
[03/08] END   Multi Step 4 Index | 0.02s | ARPS REGIME BLOCKED
    Motivo: ADX_M15_INSUFICIENTE
[04/08] START Step Index
[04/08] END   Step Index | 0.02s | ARPS REGIME BLOCKED
    Motivo: ADX_M15_INSUFICIENTE
[05/08] START Step Index 200
[05/08] END   Step Index 200 | 0.02s | ARPS REGIME BLOCKED
    Motivo: SIN_TENDENCIA_M15
[06/08] START Step Index 300
[06/08] END   Step Index 300 | 0.03s | ARPS WAITING SETUP
    Motivo: m5_atr_regime,m5_structure_break
[07/08] START Step Index 400
[07/08] END   Step Index 400 | 0.02s | ARPS REGIME BLOCKED
    Motivo: SIN_TENDENCIA_M15
[08/08] START Step Index 500
[08/08] END   Step Index 500 | 0.03s | ARPS REGIME BLOCKED
    Motivo: SIN_TENDENCIA_M15
----------------------------------------------------------------------------------------
RESUMEN DEL CICLO #0047
Símbolos analizados: 8
Sin señal: 0
Esperando/otros: 8
Señales rechazadas: 0
Bloqueadas por estado/límites: 0
Validadas DRY RUN: 0
Nuevas órdenes: 0
Operaciones cerradas sincronizadas: 0
Errores: 0
Duración del ciclo: 0.24s
Intervalo objetivo: 30s
Próximo ciclo en: 29.76s
----------------------------------------------------------------------------------------

========================================================================================
CICLO #0048 | 2026-09-03 16:42:40 UTC | símbolos=0
========================================================================================
----------------------------------------------------------------------------------------
RESUMEN DEL CICLO #0048
Símbolos analizados: 0
Sin señal: 0
Esperando/otros: 0
Señales rechazadas: 0
Bloqueadas por estado/límites: 0
Validadas DRY RUN: 0
Nuevas órdenes: 0
Operaciones cerradas sincronizadas: 0
Errores: 0
Duración del ciclo: 0.02s
Intervalo objetivo: 30s
Próximo ciclo en: 29.98s
----------------------------------------------------------------------------------------

========================================================================================
CICLO #0049 | 2026-09-03 16:43:10 UTC | símbolos=8
========================================================================================
[01/08] START Multi Step 2 Index
[01/08] END   Multi Step 2 Index | 0.02s | ARPS REGIME BLOCKED
    Motivo: SIN_TENDENCIA_M15
[02/08] START Multi Step 3 Index
[02/08] END   Multi Step 3 Index | 0.02s | ARPS WAITING SETUP
    Motivo: m5_structure_break,m1_rejection,m1_follow_through,m1_strong_close
[03/08] START Multi Step 4 Index
[03/08] END   Multi Step 4 Index | 0.02s | ARPS REGIME BLOCKED
    Motivo: ADX_M15_INSUFICIENTE
[04/08] START Step Index
[04/08] END   Step Index | 0.02s | ARPS REGIME BLOCKED
    Motivo: ADX_M15_INSUFICIENTE
[05/08] START Step Index 200
[05/08] END   Step Index 200 | 0.02s | ARPS REGIME BLOCKED
    Motivo: SIN_TENDENCIA_M15
[06/08] START Step Index 300
[06/08] END   Step Index 300 | 0.03s | ARPS WAITING SETUP
    Motivo: m5_atr_regime,m5_structure_break,m1_rejection,m1_follow_through
[07/08] START Step Index 400
[07/08] END   Step Index 400 | 0.02s | ARPS REGIME BLOCKED
    Motivo: SIN_TENDENCIA_M15
[08/08] START Step Index 500
[08/08] END   Step Index 500 | 0.02s | ARPS REGIME BLOCKED
    Motivo: SIN_TENDENCIA_M15
----------------------------------------------------------------------------------------
RESUMEN DEL CICLO #0049
Símbolos analizados: 8
Sin señal: 0
Esperando/otros: 8
Señales rechazadas: 0
Bloqueadas por estado/límites: 0
Validadas DRY RUN: 0
Nuevas órdenes: 0
Operaciones cerradas sincronizadas: 0
Errores: 0
Duración del ciclo: 0.22s
Intervalo objetivo: 30s
Próximo ciclo en: 29.78s
----------------------------------------------------------------------------------------

========================================================================================
CICLO #0050 | 2026-09-03 16:43:40 UTC | símbolos=0
========================================================================================
----------------------------------------------------------------------------------------
RESUMEN DEL CICLO #0050
Símbolos analizados: 0
Sin señal: 0
Esperando/otros: 0
Señales rechazadas: 0
Bloqueadas por estado/límites: 0
Validadas DRY RUN: 0
Nuevas órdenes: 0
Operaciones cerradas sincronizadas: 0
Errores: 0
Duración del ciclo: 0.02s
Intervalo objetivo: 30s
Próximo ciclo en: 29.98s
----------------------------------------------------------------------------------------

========================================================================================
CICLO #0051 | 2026-09-03 16:44:10 UTC | símbolos=8
========================================================================================
[01/08] START Multi Step 2 Index
[01/08] END   Multi Step 2 Index | 0.02s | ARPS REGIME BLOCKED
    Motivo: SIN_TENDENCIA_M15
[02/08] START Multi Step 3 Index
[02/08] END   Multi Step 3 Index | 0.03s | ARPS WAITING SETUP
    Motivo: m5_structure_break,m1_rejection
[03/08] START Multi Step 4 Index
[03/08] END   Multi Step 4 Index | 0.03s | ARPS REGIME BLOCKED
    Motivo: ADX_M15_INSUFICIENTE
[04/08] START Step Index
[04/08] END   Step Index | 0.02s | ARPS REGIME BLOCKED
    Motivo: ADX_M15_INSUFICIENTE
[05/08] START Step Index 200
[05/08] END   Step Index 200 | 0.02s | ARPS REGIME BLOCKED
    Motivo: SIN_TENDENCIA_M15
[06/08] START Step Index 300
[06/08] END   Step Index 300 | 0.02s | ARPS WAITING SETUP
    Motivo: m5_atr_regime,m5_structure_break,m1_rejection,m1_follow_through
[07/08] START Step Index 400
[07/08] END   Step Index 400 | 0.02s | ARPS REGIME BLOCKED
    Motivo: SIN_TENDENCIA_M15
[08/08] START Step Index 500
[08/08] END   Step Index 500 | 0.02s | ARPS REGIME BLOCKED
    Motivo: SIN_TENDENCIA_M15
----------------------------------------------------------------------------------------
RESUMEN DEL CICLO #0051
Símbolos analizados: 8
Sin señal: 0
Esperando/otros: 8
Señales rechazadas: 0
Bloqueadas por estado/límites: 0
Validadas DRY RUN: 0
Nuevas órdenes: 0
Operaciones cerradas sincronizadas: 0
Errores: 0
Duración del ciclo: 0.22s
Intervalo objetivo: 30s
Próximo ciclo en: 29.78s
----------------------------------------------------------------------------------------

========================================================================================
CICLO #0052 | 2026-09-03 16:44:40 UTC | símbolos=0
========================================================================================
----------------------------------------------------------------------------------------
RESUMEN DEL CICLO #0052
Símbolos analizados: 0
Sin señal: 0
Esperando/otros: 0
Señales rechazadas: 0
Bloqueadas por estado/límites: 0
Validadas DRY RUN: 0
Nuevas órdenes: 0
Operaciones cerradas sincronizadas: 0
Errores: 0
Duración del ciclo: 0.02s
Intervalo objetivo: 30s
Próximo ciclo en: 29.98s
----------------------------------------------------------------------------------------

========================================================================================
CICLO #0053 | 2026-09-03 16:45:10 UTC | símbolos=8
========================================================================================
[01/08] START Multi Step 2 Index
[01/08] END   Multi Step 2 Index | 0.03s | ARPS REGIME BLOCKED
    Motivo: SIN_TENDENCIA_M15
[02/08] START Multi Step 3 Index
[02/08] END   Multi Step 3 Index | 0.03s | ARPS WAITING SETUP
    Motivo: m5_structure_break,m1_rejection,m1_strong_close
[03/08] START Multi Step 4 Index
[03/08] END   Multi Step 4 Index | 0.03s | ARPS REGIME BLOCKED
    Motivo: SIN_TENDENCIA_M15
[04/08] START Step Index
[04/08] END   Step Index | 0.03s | ARPS REGIME BLOCKED
    Motivo: ADX_M15_INSUFICIENTE
[05/08] START Step Index 200
[05/08] END   Step Index 200 | 0.03s | ARPS REGIME BLOCKED
    Motivo: SIN_TENDENCIA_M15
[06/08] START Step Index 300
[06/08] END   Step Index 300 | 0.03s | ARPS WAITING SETUP
    Motivo: m5_atr_regime,m1_rejection,m1_follow_through,m1_strong_close
[07/08] START Step Index 400
[07/08] END   Step Index 400 | 0.03s | ARPS REGIME BLOCKED
    Motivo: SIN_TENDENCIA_M15
[08/08] START Step Index 500
[08/08] END   Step Index 500 | 0.03s | ARPS REGIME BLOCKED
    Motivo: SIN_TENDENCIA_M15
----------------------------------------------------------------------------------------
RESUMEN DEL CICLO #0053
Símbolos analizados: 8
Sin señal: 0
Esperando/otros: 8
Señales rechazadas: 0
Bloqueadas por estado/límites: 0
Validadas DRY RUN: 0
Nuevas órdenes: 0
Operaciones cerradas sincronizadas: 0
Errores: 0
Duración del ciclo: 0.29s
Intervalo objetivo: 30s
Próximo ciclo en: 29.71s
----------------------------------------------------------------------------------------

========================================================================================
CICLO #0054 | 2026-09-03 16:45:40 UTC | símbolos=0
========================================================================================
----------------------------------------------------------------------------------------
RESUMEN DEL CICLO #0054
Símbolos analizados: 0
Sin señal: 0
Esperando/otros: 0
Señales rechazadas: 0
Bloqueadas por estado/límites: 0
Validadas DRY RUN: 0
Nuevas órdenes: 0
Operaciones cerradas sincronizadas: 0
Errores: 0
Duración del ciclo: 0.03s
Intervalo objetivo: 30s
Próximo ciclo en: 29.97s
----------------------------------------------------------------------------------------

========================================================================================
CICLO #0055 | 2026-09-03 16:46:10 UTC | símbolos=8
========================================================================================
[01/08] START Multi Step 2 Index
[01/08] END   Multi Step 2 Index | 0.02s | ARPS REGIME BLOCKED
    Motivo: SIN_TENDENCIA_M15
[02/08] START Multi Step 3 Index
[02/08] END   Multi Step 3 Index | 0.03s | ARPS WAITING SETUP
    Motivo: m5_structure_break,m1_rejection,m1_follow_through
[03/08] START Multi Step 4 Index
[03/08] END   Multi Step 4 Index | 0.02s | ARPS REGIME BLOCKED
    Motivo: SIN_TENDENCIA_M15
[04/08] START Step Index
[04/08] END   Step Index | 0.03s | ARPS REGIME BLOCKED
    Motivo: ADX_M15_INSUFICIENTE
[05/08] START Step Index 200
[05/08] END   Step Index 200 | 0.02s | ARPS REGIME BLOCKED
    Motivo: SIN_TENDENCIA_M15
[06/08] START Step Index 300
[06/08] END   Step Index 300 | 0.02s | ARPS WAITING SETUP
    Motivo: m5_atr_regime,m1_rejection,m1_follow_through,m1_strong_close
[07/08] START Step Index 400
[07/08] END   Step Index 400 | 0.02s | ARPS REGIME BLOCKED
    Motivo: SIN_TENDENCIA_M15
[08/08] START Step Index 500
[08/08] END   Step Index 500 | 0.02s | ARPS REGIME BLOCKED
    Motivo: SIN_TENDENCIA_M15
----------------------------------------------------------------------------------------
RESUMEN DEL CICLO #0055
Símbolos analizados: 8
Sin señal: 0
Esperando/otros: 8
Señales rechazadas: 0
Bloqueadas por estado/límites: 0
Validadas DRY RUN: 0
Nuevas órdenes: 0
Operaciones cerradas sincronizadas: 0
Errores: 0
Duración del ciclo: 0.23s
Intervalo objetivo: 30s
Próximo ciclo en: 29.77s
----------------------------------------------------------------------------------------

========================================================================================
CICLO #0056 | 2026-09-03 16:46:40 UTC | símbolos=0
========================================================================================
----------------------------------------------------------------------------------------
RESUMEN DEL CICLO #0056
Símbolos analizados: 0
Sin señal: 0
Esperando/otros: 0
Señales rechazadas: 0
Bloqueadas por estado/límites: 0
Validadas DRY RUN: 0
Nuevas órdenes: 0
Operaciones cerradas sincronizadas: 0
Errores: 0
Duración del ciclo: 0.02s
Intervalo objetivo: 30s
Próximo ciclo en: 29.98s
----------------------------------------------------------------------------------------

========================================================================================
CICLO #0057 | 2026-09-03 16:47:10 UTC | símbolos=8
========================================================================================
[01/08] START Multi Step 2 Index
[01/08] END   Multi Step 2 Index | 0.02s | ARPS REGIME BLOCKED
    Motivo: SIN_TENDENCIA_M15
[02/08] START Multi Step 3 Index
[02/08] END   Multi Step 3 Index | 0.02s | ARPS WAITING SETUP
    Motivo: m5_structure_break,m1_rejection,m1_strong_close
[03/08] START Multi Step 4 Index
[03/08] END   Multi Step 4 Index | 0.02s | ARPS REGIME BLOCKED
    Motivo: SIN_TENDENCIA_M15
[04/08] START Step Index
[04/08] END   Step Index | 0.02s | ARPS REGIME BLOCKED
    Motivo: ADX_M15_INSUFICIENTE
[05/08] START Step Index 200
[05/08] END   Step Index 200 | 0.02s | ARPS REGIME BLOCKED
    Motivo: SIN_TENDENCIA_M15
[06/08] START Step Index 300
[06/08] END   Step Index 300 | 0.02s | ARPS WAITING SETUP
    Motivo: m5_atr_regime,m1_rejection,m1_follow_through
[07/08] START Step Index 400
[07/08] END   Step Index 400 | 0.02s | ARPS REGIME BLOCKED
    Motivo: SIN_TENDENCIA_M15
[08/08] START Step Index 500
[08/08] END   Step Index 500 | 0.03s | ARPS REGIME BLOCKED
    Motivo: SIN_TENDENCIA_M15
----------------------------------------------------------------------------------------
RESUMEN DEL CICLO #0057
Símbolos analizados: 8
Sin señal: 0
Esperando/otros: 8
Señales rechazadas: 0
Bloqueadas por estado/límites: 0
Validadas DRY RUN: 0
Nuevas órdenes: 0
Operaciones cerradas sincronizadas: 0
Errores: 0
Duración del ciclo: 0.23s
Intervalo objetivo: 30s
Próximo ciclo en: 29.77s
----------------------------------------------------------------------------------------

========================================================================================
CICLO #0058 | 2026-09-03 16:47:40 UTC | símbolos=0
========================================================================================
----------------------------------------------------------------------------------------
RESUMEN DEL CICLO #0058
Símbolos analizados: 0
Sin señal: 0
Esperando/otros: 0
Señales rechazadas: 0
Bloqueadas por estado/límites: 0
Validadas DRY RUN: 0
Nuevas órdenes: 0
Operaciones cerradas sincronizadas: 0
Errores: 0
Duración del ciclo: 0.02s
Intervalo objetivo: 30s
Próximo ciclo en: 29.98s
----------------------------------------------------------------------------------------

========================================================================================
CICLO #0059 | 2026-09-03 16:48:10 UTC | símbolos=8
========================================================================================
[01/08] START Multi Step 2 Index
[01/08] END   Multi Step 2 Index | 0.02s | ARPS REGIME BLOCKED
    Motivo: SIN_TENDENCIA_M15
[02/08] START Multi Step 3 Index
[02/08] END   Multi Step 3 Index | 0.03s | ARPS WAITING SETUP
    Motivo: m5_structure_break
[03/08] START Multi Step 4 Index
[03/08] END   Multi Step 4 Index | 0.02s | ARPS REGIME BLOCKED
    Motivo: SIN_TENDENCIA_M15
[04/08] START Step Index
[04/08] END   Step Index | 0.02s | ARPS REGIME BLOCKED
    Motivo: ADX_M15_INSUFICIENTE
[05/08] START Step Index 200
[05/08] END   Step Index 200 | 0.02s | ARPS REGIME BLOCKED
    Motivo: SIN_TENDENCIA_M15
[06/08] START Step Index 300
[06/08] END   Step Index 300 | 0.03s | ARPS WAITING SETUP
    Motivo: m5_atr_regime,m1_rejection,m1_follow_through
[07/08] START Step Index 400
[07/08] END   Step Index 400 | 0.03s | ARPS REGIME BLOCKED
    Motivo: SIN_TENDENCIA_M15
[08/08] START Step Index 500
[08/08] END   Step Index 500 | 0.02s | ARPS REGIME BLOCKED
    Motivo: SIN_TENDENCIA_M15
----------------------------------------------------------------------------------------
RESUMEN DEL CICLO #0059
Símbolos analizados: 8
Sin señal: 0
Esperando/otros: 8
Señales rechazadas: 0
Bloqueadas por estado/límites: 0
Validadas DRY RUN: 0
Nuevas órdenes: 0
Operaciones cerradas sincronizadas: 0
Errores: 0
Duración del ciclo: 0.23s
Intervalo objetivo: 30s
Próximo ciclo en: 29.77s
----------------------------------------------------------------------------------------

========================================================================================
CICLO #0060 | 2026-09-03 16:48:40 UTC | símbolos=0
========================================================================================
----------------------------------------------------------------------------------------
RESUMEN DEL CICLO #0060
Símbolos analizados: 0
Sin señal: 0
Esperando/otros: 0
Señales rechazadas: 0
Bloqueadas por estado/límites: 0
Validadas DRY RUN: 0
Nuevas órdenes: 0
Operaciones cerradas sincronizadas: 0
Errores: 0
Duración del ciclo: 0.02s
Intervalo objetivo: 30s
Próximo ciclo en: 29.98s
----------------------------------------------------------------------------------------

========================================================================================
CICLO #0061 | 2026-09-03 16:49:10 UTC | símbolos=8
========================================================================================
[01/08] START Multi Step 2 Index
[01/08] END   Multi Step 2 Index | 0.02s | ARPS REGIME BLOCKED
    Motivo: SIN_TENDENCIA_M15
[02/08] START Multi Step 3 Index
[02/08] END   Multi Step 3 Index | 0.02s | ARPS WAITING SETUP
    Motivo: m5_structure_break
[03/08] START Multi Step 4 Index
[03/08] END   Multi Step 4 Index | 0.02s | ARPS REGIME BLOCKED
    Motivo: SIN_TENDENCIA_M15
[04/08] START Step Index
[04/08] END   Step Index | 0.02s | ARPS REGIME BLOCKED
    Motivo: ADX_M15_INSUFICIENTE
[05/08] START Step Index 200
[05/08] END   Step Index 200 | 0.02s | ARPS REGIME BLOCKED
    Motivo: SIN_TENDENCIA_M15
[06/08] START Step Index 300
[06/08] END   Step Index 300 | 0.03s | ARPS WAITING SETUP
    Motivo: m5_atr_regime,m1_rejection,m1_follow_through,m1_strong_close
[07/08] START Step Index 400
[07/08] END   Step Index 400 | 0.02s | ARPS REGIME BLOCKED
    Motivo: SIN_TENDENCIA_M15
[08/08] START Step Index 500
[08/08] END   Step Index 500 | 0.02s | ARPS REGIME BLOCKED
    Motivo: SIN_TENDENCIA_M15
----------------------------------------------------------------------------------------
RESUMEN DEL CICLO #0061
Símbolos analizados: 8
Sin señal: 0
Esperando/otros: 8
Señales rechazadas: 0
Bloqueadas por estado/límites: 0
Validadas DRY RUN: 0
Nuevas órdenes: 0
Operaciones cerradas sincronizadas: 0
Errores: 0
Duración del ciclo: 0.22s
Intervalo objetivo: 30s
Próximo ciclo en: 29.78s
----------------------------------------------------------------------------------------

========================================================================================
CICLO #0062 | 2026-09-03 16:49:40 UTC | símbolos=0
========================================================================================
----------------------------------------------------------------------------------------
RESUMEN DEL CICLO #0062
Símbolos analizados: 0
Sin señal: 0
Esperando/otros: 0
Señales rechazadas: 0
Bloqueadas por estado/límites: 0
Validadas DRY RUN: 0
Nuevas órdenes: 0
Operaciones cerradas sincronizadas: 0
Errores: 0
Duración del ciclo: 0.02s
Intervalo objetivo: 30s
Próximo ciclo en: 29.98s
----------------------------------------------------------------------------------------

========================================================================================
CICLO #0063 | 2026-09-03 16:50:10 UTC | símbolos=8
========================================================================================
[01/08] START Multi Step 2 Index
[01/08] END   Multi Step 2 Index | 0.03s | ARPS REGIME BLOCKED
    Motivo: SIN_TENDENCIA_M15
[02/08] START Multi Step 3 Index
[02/08] END   Multi Step 3 Index | 0.03s | ARPS WAITING SETUP
    Motivo: m5_structure_break,m1_rejection
[03/08] START Multi Step 4 Index
[03/08] END   Multi Step 4 Index | 0.03s | ARPS REGIME BLOCKED
    Motivo: SIN_TENDENCIA_M15
[04/08] START Step Index
[04/08] END   Step Index | 0.03s | ARPS REGIME BLOCKED
    Motivo: ADX_M15_INSUFICIENTE
[05/08] START Step Index 200
[05/08] END   Step Index 200 | 0.03s | ARPS REGIME BLOCKED
    Motivo: SIN_TENDENCIA_M15
[06/08] START Step Index 300
[06/08] END   Step Index 300 | 0.03s | ARPS WAITING SETUP
    Motivo: m5_structure_break,m1_rejection,m1_follow_through,m1_strong_close
[07/08] START Step Index 400
[07/08] END   Step Index 400 | 0.03s | ARPS REGIME BLOCKED
    Motivo: SIN_TENDENCIA_M15
[08/08] START Step Index 500
[08/08] END   Step Index 500 | 0.03s | ARPS REGIME BLOCKED
    Motivo: SIN_TENDENCIA_M15
----------------------------------------------------------------------------------------
RESUMEN DEL CICLO #0063
Símbolos analizados: 8
Sin señal: 0
Esperando/otros: 8
Señales rechazadas: 0
Bloqueadas por estado/límites: 0
Validadas DRY RUN: 0
Nuevas órdenes: 0
Operaciones cerradas sincronizadas: 0
Errores: 0
Duración del ciclo: 0.28s
Intervalo objetivo: 30s
Próximo ciclo en: 29.72s
----------------------------------------------------------------------------------------

========================================================================================
CICLO #0064 | 2026-09-03 16:50:40 UTC | símbolos=0
========================================================================================
----------------------------------------------------------------------------------------
RESUMEN DEL CICLO #0064
Símbolos analizados: 0
Sin señal: 0
Esperando/otros: 0
Señales rechazadas: 0
Bloqueadas por estado/límites: 0
Validadas DRY RUN: 0
Nuevas órdenes: 0
Operaciones cerradas sincronizadas: 0
Errores: 0
Duración del ciclo: 0.04s
Intervalo objetivo: 30s
Próximo ciclo en: 29.96s
----------------------------------------------------------------------------------------

========================================================================================
CICLO #0065 | 2026-09-03 16:51:10 UTC | símbolos=8
========================================================================================
[01/08] START Multi Step 2 Index
[01/08] END   Multi Step 2 Index | 0.03s | ARPS REGIME BLOCKED
    Motivo: SIN_TENDENCIA_M15
[02/08] START Multi Step 3 Index
[02/08] END   Multi Step 3 Index | 0.06s | ARPS WAITING SETUP
    Motivo: m5_structure_break,m1_rejection,m1_follow_through
[03/08] START Multi Step 4 Index
[03/08] END   Multi Step 4 Index | 0.03s | ARPS REGIME BLOCKED
    Motivo: SIN_TENDENCIA_M15
[04/08] START Step Index
[04/08] END   Step Index | 0.03s | ARPS REGIME BLOCKED
    Motivo: ADX_M15_INSUFICIENTE
[05/08] START Step Index 200
[05/08] END   Step Index 200 | 0.04s | ARPS REGIME BLOCKED
    Motivo: SIN_TENDENCIA_M15
[06/08] START Step Index 300
[06/08] END   Step Index 300 | 0.03s | ARPS WAITING SETUP
    Motivo: m5_structure_break,m1_rejection,m1_follow_through,m1_strong_close
[07/08] START Step Index 400
[07/08] END   Step Index 400 | 0.03s | ARPS REGIME BLOCKED
    Motivo: SIN_TENDENCIA_M15
[08/08] START Step Index 500
[08/08] END   Step Index 500 | 0.03s | ARPS REGIME BLOCKED
    Motivo: SIN_TENDENCIA_M15
----------------------------------------------------------------------------------------
RESUMEN DEL CICLO #0065
Símbolos analizados: 8
Sin señal: 0
Esperando/otros: 8
Señales rechazadas: 0
Bloqueadas por estado/límites: 0
Validadas DRY RUN: 0
Nuevas órdenes: 0
Operaciones cerradas sincronizadas: 0
Errores: 0
Duración del ciclo: 0.36s
Intervalo objetivo: 30s
Próximo ciclo en: 29.64s
----------------------------------------------------------------------------------------

========================================================================================
CICLO #0066 | 2026-09-03 16:51:40 UTC | símbolos=0
========================================================================================
----------------------------------------------------------------------------------------
RESUMEN DEL CICLO #0066
Símbolos analizados: 0
Sin señal: 0
Esperando/otros: 0
Señales rechazadas: 0
Bloqueadas por estado/límites: 0
Validadas DRY RUN: 0
Nuevas órdenes: 0
Operaciones cerradas sincronizadas: 0
Errores: 0
Duración del ciclo: 0.05s
Intervalo objetivo: 30s
Próximo ciclo en: 29.95s
----------------------------------------------------------------------------------------

========================================================================================
CICLO #0067 | 2026-09-03 16:52:10 UTC | símbolos=8
========================================================================================
[01/08] START Multi Step 2 Index
[01/08] END   Multi Step 2 Index | 0.03s | ARPS REGIME BLOCKED
    Motivo: SIN_TENDENCIA_M15
[02/08] START Multi Step 3 Index
[02/08] END   Multi Step 3 Index | 0.04s | ARPS WAITING SETUP
    Motivo: m5_structure_break,m1_rejection,m1_follow_through,m1_strong_close
[03/08] START Multi Step 4 Index
[03/08] END   Multi Step 4 Index | 0.03s | ARPS REGIME BLOCKED
    Motivo: SIN_TENDENCIA_M15
[04/08] START Step Index
[04/08] END   Step Index | 0.03s | ARPS REGIME BLOCKED
    Motivo: ADX_M15_INSUFICIENTE
[05/08] START Step Index 200
[05/08] END   Step Index 200 | 0.03s | ARPS REGIME BLOCKED
    Motivo: SIN_TENDENCIA_M15
[06/08] START Step Index 300
[06/08] END   Step Index 300 | 0.04s | ARPS WAITING SETUP
    Motivo: m5_structure_break,m1_rejection
[07/08] START Step Index 400
[07/08] END   Step Index 400 | 0.03s | ARPS REGIME BLOCKED
    Motivo: SIN_TENDENCIA_M15
[08/08] START Step Index 500
[08/08] END   Step Index 500 | 0.03s | ARPS REGIME BLOCKED
    Motivo: SIN_TENDENCIA_M15
----------------------------------------------------------------------------------------
RESUMEN DEL CICLO #0067
Símbolos analizados: 8
Sin señal: 0
Esperando/otros: 8
Señales rechazadas: 0
Bloqueadas por estado/límites: 0
Validadas DRY RUN: 0
Nuevas órdenes: 0
Operaciones cerradas sincronizadas: 0
Errores: 0
Duración del ciclo: 0.34s
Intervalo objetivo: 30s
Próximo ciclo en: 29.66s
----------------------------------------------------------------------------------------

========================================================================================
CICLO #0068 | 2026-09-03 16:52:40 UTC | símbolos=0
========================================================================================
----------------------------------------------------------------------------------------
RESUMEN DEL CICLO #0068
Símbolos analizados: 0
Sin señal: 0
Esperando/otros: 0
Señales rechazadas: 0
Bloqueadas por estado/límites: 0
Validadas DRY RUN: 0
Nuevas órdenes: 0
Operaciones cerradas sincronizadas: 0
Errores: 0
Duración del ciclo: 0.02s
Intervalo objetivo: 30s
Próximo ciclo en: 29.98s
----------------------------------------------------------------------------------------

========================================================================================
CICLO #0069 | 2026-09-03 16:53:10 UTC | símbolos=8
========================================================================================
[01/08] START Multi Step 2 Index
[01/08] END   Multi Step 2 Index | 0.02s | ARPS REGIME BLOCKED
    Motivo: SIN_TENDENCIA_M15
[02/08] START Multi Step 3 Index
[02/08] END   Multi Step 3 Index | 0.02s | ARPS WAITING SETUP
    Motivo: m5_structure_break,m1_rejection
[03/08] START Multi Step 4 Index
[03/08] END   Multi Step 4 Index | 0.02s | ARPS REGIME BLOCKED
    Motivo: SIN_TENDENCIA_M15
[04/08] START Step Index
[04/08] END   Step Index | 0.02s | ARPS REGIME BLOCKED
    Motivo: ADX_M15_INSUFICIENTE
[05/08] START Step Index 200
[05/08] END   Step Index 200 | 0.02s | ARPS REGIME BLOCKED
    Motivo: SIN_TENDENCIA_M15
[06/08] START Step Index 300
[06/08] END   Step Index 300 | 0.02s | ARPS WAITING SETUP
    Motivo: m5_structure_break,m1_rejection,m1_strong_close
[07/08] START Step Index 400
[07/08] END   Step Index 400 | 0.02s | ARPS REGIME BLOCKED
    Motivo: SIN_TENDENCIA_M15
[08/08] START Step Index 500
[08/08] END   Step Index 500 | 0.02s | ARPS REGIME BLOCKED
    Motivo: SIN_TENDENCIA_M15
----------------------------------------------------------------------------------------
RESUMEN DEL CICLO #0069
Símbolos analizados: 8
Sin señal: 0
Esperando/otros: 8
Señales rechazadas: 0
Bloqueadas por estado/límites: 0
Validadas DRY RUN: 0
Nuevas órdenes: 0
Operaciones cerradas sincronizadas: 0
Errores: 0
Duración del ciclo: 0.21s
Intervalo objetivo: 30s
Próximo ciclo en: 29.79s
----------------------------------------------------------------------------------------

========================================================================================
CICLO #0070 | 2026-09-03 16:53:40 UTC | símbolos=0
========================================================================================
----------------------------------------------------------------------------------------
RESUMEN DEL CICLO #0070
Símbolos analizados: 0
Sin señal: 0
Esperando/otros: 0
Señales rechazadas: 0
Bloqueadas por estado/límites: 0
Validadas DRY RUN: 0
Nuevas órdenes: 0
Operaciones cerradas sincronizadas: 0
Errores: 0
Duración del ciclo: 0.02s
Intervalo objetivo: 30s
Próximo ciclo en: 29.98s
----------------------------------------------------------------------------------------

========================================================================================
CICLO #0071 | 2026-09-03 16:54:10 UTC | símbolos=8
========================================================================================
[01/08] START Multi Step 2 Index
[01/08] END   Multi Step 2 Index | 0.02s | ARPS REGIME BLOCKED
    Motivo: SIN_TENDENCIA_M15
[02/08] START Multi Step 3 Index
[02/08] END   Multi Step 3 Index | 0.04s | ARPS WAITING SETUP
    Motivo: m5_structure_break
[03/08] START Multi Step 4 Index
[03/08] END   Multi Step 4 Index | 0.02s | ARPS REGIME BLOCKED
    Motivo: SIN_TENDENCIA_M15
[04/08] START Step Index
[04/08] END   Step Index | 0.02s | ARPS REGIME BLOCKED
    Motivo: ADX_M15_INSUFICIENTE
[05/08] START Step Index 200
[05/08] END   Step Index 200 | 0.02s | ARPS REGIME BLOCKED
    Motivo: SIN_TENDENCIA_M15
[06/08] START Step Index 300
[06/08] END   Step Index 300 | 0.03s | ARPS WAITING SETUP
    Motivo: m5_structure_break,m1_follow_through,m1_strong_close
[07/08] START Step Index 400
[07/08] END   Step Index 400 | 0.02s | ARPS REGIME BLOCKED
    Motivo: SIN_TENDENCIA_M15
[08/08] START Step Index 500
[08/08] END   Step Index 500 | 0.02s | ARPS REGIME BLOCKED
    Motivo: SIN_TENDENCIA_M15
----------------------------------------------------------------------------------------
RESUMEN DEL CICLO #0071
Símbolos analizados: 8
Sin señal: 0
Esperando/otros: 8
Señales rechazadas: 0
Bloqueadas por estado/límites: 0
Validadas DRY RUN: 0
Nuevas órdenes: 0
Operaciones cerradas sincronizadas: 0
Errores: 0
Duración del ciclo: 0.25s
Intervalo objetivo: 30s
Próximo ciclo en: 29.75s
----------------------------------------------------------------------------------------

========================================================================================
CICLO #0072 | 2026-09-03 16:54:40 UTC | símbolos=0
========================================================================================
----------------------------------------------------------------------------------------
RESUMEN DEL CICLO #0072
Símbolos analizados: 0
Sin señal: 0
Esperando/otros: 0
Señales rechazadas: 0
Bloqueadas por estado/límites: 0
Validadas DRY RUN: 0
Nuevas órdenes: 0
Operaciones cerradas sincronizadas: 0
Errores: 0
Duración del ciclo: 0.02s
Intervalo objetivo: 30s
Próximo ciclo en: 29.98s
----------------------------------------------------------------------------------------

========================================================================================
CICLO #0073 | 2026-09-03 16:55:10 UTC | símbolos=8
========================================================================================
[01/08] START Multi Step 2 Index
[01/08] END   Multi Step 2 Index | 0.03s | ARPS REGIME BLOCKED
    Motivo: SIN_TENDENCIA_M15
[02/08] START Multi Step 3 Index
[02/08] END   Multi Step 3 Index | 0.03s | ARPS WAITING SETUP
    Motivo: m5_structure_break,m1_follow_through
[03/08] START Multi Step 4 Index
[03/08] END   Multi Step 4 Index | 0.03s | ARPS REGIME BLOCKED
    Motivo: SIN_TENDENCIA_M15
[04/08] START Step Index
[04/08] END   Step Index | 0.03s | ARPS REGIME BLOCKED
    Motivo: ADX_M15_INSUFICIENTE
[05/08] START Step Index 200
[05/08] END   Step Index 200 | 0.03s | ARPS REGIME BLOCKED
    Motivo: SIN_TENDENCIA_M15
[06/08] START Step Index 300
[06/08] END   Step Index 300 | 0.04s | ARPS WAITING SETUP
    Motivo: m5_structure_break,m1_rejection,m1_strong_close
[07/08] START Step Index 400
[07/08] END   Step Index 400 | 0.03s | ARPS REGIME BLOCKED
    Motivo: SIN_TENDENCIA_M15
[08/08] START Step Index 500
[08/08] END   Step Index 500 | 0.04s | ARPS REGIME BLOCKED
    Motivo: SIN_TENDENCIA_M15
----------------------------------------------------------------------------------------
RESUMEN DEL CICLO #0073
Símbolos analizados: 8
Sin señal: 0
Esperando/otros: 8
Señales rechazadas: 0
Bloqueadas por estado/límites: 0
Validadas DRY RUN: 0
Nuevas órdenes: 0
Operaciones cerradas sincronizadas: 0
Errores: 0
Duración del ciclo: 0.32s
Intervalo objetivo: 30s
Próximo ciclo en: 29.68s
----------------------------------------------------------------------------------------

========================================================================================
CICLO #0074 | 2026-09-03 16:55:40 UTC | símbolos=0
========================================================================================
----------------------------------------------------------------------------------------
RESUMEN DEL CICLO #0074
Símbolos analizados: 0
Sin señal: 0
Esperando/otros: 0
Señales rechazadas: 0
Bloqueadas por estado/límites: 0
Validadas DRY RUN: 0
Nuevas órdenes: 0
Operaciones cerradas sincronizadas: 0
Errores: 0
Duración del ciclo: 0.03s
Intervalo objetivo: 30s
Próximo ciclo en: 29.97s
----------------------------------------------------------------------------------------

========================================================================================
CICLO #0075 | 2026-09-03 16:56:10 UTC | símbolos=8
========================================================================================
[01/08] START Multi Step 2 Index
[01/08] END   Multi Step 2 Index | 0.02s | ARPS REGIME BLOCKED
    Motivo: SIN_TENDENCIA_M15
[02/08] START Multi Step 3 Index
[02/08] END   Multi Step 3 Index | 0.02s | ARPS WAITING SETUP
    Motivo: m5_structure_break,m1_rejection,m1_follow_through
[03/08] START Multi Step 4 Index
[03/08] END   Multi Step 4 Index | 0.02s | ARPS REGIME BLOCKED
    Motivo: SIN_TENDENCIA_M15
[04/08] START Step Index
[04/08] END   Step Index | 0.02s | ARPS REGIME BLOCKED
    Motivo: ADX_M15_INSUFICIENTE
[05/08] START Step Index 200
[05/08] END   Step Index 200 | 0.03s | ARPS REGIME BLOCKED
    Motivo: SIN_TENDENCIA_M15
[06/08] START Step Index 300
[06/08] END   Step Index 300 | 0.03s | ARPS WAITING SETUP
    Motivo: m5_structure_break,m1_rejection
[07/08] START Step Index 400
[07/08] END   Step Index 400 | 0.02s | ARPS REGIME BLOCKED
    Motivo: SIN_TENDENCIA_M15
[08/08] START Step Index 500
[08/08] END   Step Index 500 | 0.02s | ARPS REGIME BLOCKED
    Motivo: SIN_TENDENCIA_M15
----------------------------------------------------------------------------------------
RESUMEN DEL CICLO #0075
Símbolos analizados: 8
Sin señal: 0
Esperando/otros: 8
Señales rechazadas: 0
Bloqueadas por estado/límites: 0
Validadas DRY RUN: 0
Nuevas órdenes: 0
Operaciones cerradas sincronizadas: 0
Errores: 0
Duración del ciclo: 0.23s
Intervalo objetivo: 30s
Próximo ciclo en: 29.77s
----------------------------------------------------------------------------------------

========================================================================================
CICLO #0076 | 2026-09-03 16:56:40 UTC | símbolos=0
========================================================================================
----------------------------------------------------------------------------------------
RESUMEN DEL CICLO #0076
Símbolos analizados: 0
Sin señal: 0
Esperando/otros: 0
Señales rechazadas: 0
Bloqueadas por estado/límites: 0
Validadas DRY RUN: 0
Nuevas órdenes: 0
Operaciones cerradas sincronizadas: 0
Errores: 0
Duración del ciclo: 0.02s
Intervalo objetivo: 30s
Próximo ciclo en: 29.98s
----------------------------------------------------------------------------------------

========================================================================================
CICLO #0077 | 2026-09-03 16:57:10 UTC | símbolos=8
========================================================================================
[01/08] START Multi Step 2 Index
[01/08] END   Multi Step 2 Index | 0.02s | ARPS REGIME BLOCKED
    Motivo: SIN_TENDENCIA_M15
[02/08] START Multi Step 3 Index
[02/08] END   Multi Step 3 Index | 0.02s | ARPS WAITING SETUP
    Motivo: m5_structure_break,m1_rejection,m1_follow_through,m1_strong_close
[03/08] START Multi Step 4 Index
[03/08] END   Multi Step 4 Index | 0.02s | ARPS REGIME BLOCKED
    Motivo: SIN_TENDENCIA_M15
[04/08] START Step Index
[04/08] END   Step Index | 0.02s | ARPS REGIME BLOCKED
    Motivo: ADX_M15_INSUFICIENTE
[05/08] START Step Index 200
[05/08] END   Step Index 200 | 0.02s | ARPS REGIME BLOCKED
    Motivo: SIN_TENDENCIA_M15
[06/08] START Step Index 300
[06/08] END   Step Index 300 | 0.02s | ARPS WAITING SETUP
    Motivo: m5_structure_break,m1_rejection,m1_follow_through,m1_strong_close
[07/08] START Step Index 400
[07/08] END   Step Index 400 | 0.02s | ARPS REGIME BLOCKED
    Motivo: SIN_TENDENCIA_M15
[08/08] START Step Index 500
[08/08] END   Step Index 500 | 0.02s | ARPS REGIME BLOCKED
    Motivo: SIN_TENDENCIA_M15
----------------------------------------------------------------------------------------
RESUMEN DEL CICLO #0077
Símbolos analizados: 8
Sin señal: 0
Esperando/otros: 8
Señales rechazadas: 0
Bloqueadas por estado/límites: 0
Validadas DRY RUN: 0
Nuevas órdenes: 0
Operaciones cerradas sincronizadas: 0
Errores: 0
Duración del ciclo: 0.22s
Intervalo objetivo: 30s
Próximo ciclo en: 29.78s
----------------------------------------------------------------------------------------

========================================================================================
CICLO #0078 | 2026-09-03 16:57:40 UTC | símbolos=0
========================================================================================
----------------------------------------------------------------------------------------
RESUMEN DEL CICLO #0078
Símbolos analizados: 0
Sin señal: 0
Esperando/otros: 0
Señales rechazadas: 0
Bloqueadas por estado/límites: 0
Validadas DRY RUN: 0
Nuevas órdenes: 0
Operaciones cerradas sincronizadas: 0
Errores: 0
Duración del ciclo: 0.02s
Intervalo objetivo: 30s
Próximo ciclo en: 29.98s
----------------------------------------------------------------------------------------

========================================================================================
CICLO #0079 | 2026-09-03 16:58:10 UTC | símbolos=8
========================================================================================
[01/08] START Multi Step 2 Index
[01/08] END   Multi Step 2 Index | 0.02s | ARPS REGIME BLOCKED
    Motivo: SIN_TENDENCIA_M15
[02/08] START Multi Step 3 Index
[02/08] END   Multi Step 3 Index | 0.03s | ARPS WAITING SETUP
    Motivo: m5_structure_break,m1_rejection,m1_follow_through
[03/08] START Multi Step 4 Index
[03/08] END   Multi Step 4 Index | 0.02s | ARPS REGIME BLOCKED
    Motivo: SIN_TENDENCIA_M15
[04/08] START Step Index
[04/08] END   Step Index | 0.02s | ARPS REGIME BLOCKED
    Motivo: ADX_M15_INSUFICIENTE
[05/08] START Step Index 200
[05/08] END   Step Index 200 | 0.02s | ARPS REGIME BLOCKED
    Motivo: SIN_TENDENCIA_M15
[06/08] START Step Index 300
[06/08] END   Step Index 300 | 0.03s | ARPS WAITING SETUP
    Motivo: m5_structure_break,m1_rejection,m1_follow_through
[07/08] START Step Index 400
[07/08] END   Step Index 400 | 0.02s | ARPS REGIME BLOCKED
    Motivo: SIN_TENDENCIA_M15
[08/08] START Step Index 500
[08/08] END   Step Index 500 | 0.02s | ARPS REGIME BLOCKED
    Motivo: SIN_TENDENCIA_M15
----------------------------------------------------------------------------------------
RESUMEN DEL CICLO #0079
Símbolos analizados: 8
Sin señal: 0
Esperando/otros: 8
Señales rechazadas: 0
Bloqueadas por estado/límites: 0
Validadas DRY RUN: 0
Nuevas órdenes: 0
Operaciones cerradas sincronizadas: 0
Errores: 0
Duración del ciclo: 0.23s
Intervalo objetivo: 30s
Próximo ciclo en: 29.77s
----------------------------------------------------------------------------------------

========================================================================================
CICLO #0080 | 2026-09-03 16:58:40 UTC | símbolos=0
========================================================================================
----------------------------------------------------------------------------------------
RESUMEN DEL CICLO #0080
Símbolos analizados: 0
Sin señal: 0
Esperando/otros: 0
Señales rechazadas: 0
Bloqueadas por estado/límites: 0
Validadas DRY RUN: 0
Nuevas órdenes: 0
Operaciones cerradas sincronizadas: 0
Errores: 0
Duración del ciclo: 0.02s
Intervalo objetivo: 30s
Próximo ciclo en: 29.98s
----------------------------------------------------------------------------------------

========================================================================================
CICLO #0081 | 2026-09-03 16:59:10 UTC | símbolos=8
========================================================================================
[01/08] START Multi Step 2 Index
[01/08] END   Multi Step 2 Index | 0.02s | ARPS REGIME BLOCKED
    Motivo: SIN_TENDENCIA_M15
[02/08] START Multi Step 3 Index
[02/08] END   Multi Step 3 Index | 0.03s | ARPS WAITING SETUP
    Motivo: m5_structure_break,m1_rejection
[03/08] START Multi Step 4 Index
[03/08] END   Multi Step 4 Index | 0.02s | ARPS REGIME BLOCKED
    Motivo: SIN_TENDENCIA_M15
[04/08] START Step Index
[04/08] END   Step Index | 0.02s | ARPS REGIME BLOCKED
    Motivo: ADX_M15_INSUFICIENTE
[05/08] START Step Index 200
[05/08] END   Step Index 200 | 0.03s | ARPS REGIME BLOCKED
    Motivo: SIN_TENDENCIA_M15
[06/08] START Step Index 300
[06/08] END   Step Index 300 | 0.03s | ARPS WAITING SETUP
    Motivo: m5_structure_break,m1_rejection,m1_follow_through
[07/08] START Step Index 400
[07/08] END   Step Index 400 | 0.03s | ARPS REGIME BLOCKED
    Motivo: SIN_TENDENCIA_M15
[08/08] START Step Index 500
[08/08] END   Step Index 500 | 0.02s | ARPS REGIME BLOCKED
    Motivo: SIN_TENDENCIA_M15
----------------------------------------------------------------------------------------
RESUMEN DEL CICLO #0081
Símbolos analizados: 8
Sin señal: 0
Esperando/otros: 8
Señales rechazadas: 0
Bloqueadas por estado/límites: 0
Validadas DRY RUN: 0
Nuevas órdenes: 0
Operaciones cerradas sincronizadas: 0
Errores: 0
Duración del ciclo: 0.25s
Intervalo objetivo: 30s
Próximo ciclo en: 29.75s
----------------------------------------------------------------------------------------

========================================================================================
CICLO #0082 | 2026-09-03 16:59:40 UTC | símbolos=0
========================================================================================
----------------------------------------------------------------------------------------
RESUMEN DEL CICLO #0082
Símbolos analizados: 0
Sin señal: 0
Esperando/otros: 0
Señales rechazadas: 0
Bloqueadas por estado/límites: 0
Validadas DRY RUN: 0
Nuevas órdenes: 0
Operaciones cerradas sincronizadas: 0
Errores: 0
Duración del ciclo: 0.02s
Intervalo objetivo: 30s
Próximo ciclo en: 29.98s
----------------------------------------------------------------------------------------

========================================================================================
CICLO #0083 | 2026-09-03 17:00:10 UTC | símbolos=8
========================================================================================
[01/08] START Multi Step 2 Index
[01/08] END   Multi Step 2 Index | 0.03s | ARPS REGIME BLOCKED
    Motivo: SIN_TENDENCIA_M15
[02/08] START Multi Step 3 Index
[02/08] END   Multi Step 3 Index | 0.04s | ARPS WAITING SETUP
    Motivo: m5_atr_regime,m5_structure_break,m1_follow_through,m1_strong_close
[03/08] START Multi Step 4 Index
[03/08] END   Multi Step 4 Index | 0.04s | ARPS REGIME BLOCKED
    Motivo: SIN_TENDENCIA_M15
[04/08] START Step Index
[04/08] END   Step Index | 0.03s | ARPS REGIME BLOCKED
    Motivo: ADX_M15_INSUFICIENTE
[05/08] START Step Index 200
[05/08] END   Step Index 200 | 0.03s | ARPS REGIME BLOCKED
    Motivo: SIN_TENDENCIA_M15
[06/08] START Step Index 300
[06/08] END   Step Index 300 | 0.03s | ARPS WAITING SETUP
    Motivo: m5_structure_break,m1_rejection,m1_strong_close
[07/08] START Step Index 400
[07/08] END   Step Index 400 | 0.03s | ARPS REGIME BLOCKED
    Motivo: SIN_TENDENCIA_M15
[08/08] START Step Index 500
[08/08] END   Step Index 500 | 0.03s | ARPS REGIME BLOCKED
    Motivo: SIN_TENDENCIA_M15
----------------------------------------------------------------------------------------
RESUMEN DEL CICLO #0083
Símbolos analizados: 8
Sin señal: 0
Esperando/otros: 8
Señales rechazadas: 0
Bloqueadas por estado/límites: 0
Validadas DRY RUN: 0
Nuevas órdenes: 0
Operaciones cerradas sincronizadas: 0
Errores: 0
Duración del ciclo: 0.33s
Intervalo objetivo: 30s
Próximo ciclo en: 29.67s
----------------------------------------------------------------------------------------

========================================================================================
CICLO #0084 | 2026-09-03 17:00:40 UTC | símbolos=0
========================================================================================
----------------------------------------------------------------------------------------
RESUMEN DEL CICLO #0084
Símbolos analizados: 0
Sin señal: 0
Esperando/otros: 0
Señales rechazadas: 0
Bloqueadas por estado/límites: 0
Validadas DRY RUN: 0
Nuevas órdenes: 0
Operaciones cerradas sincronizadas: 0
Errores: 0
Duración del ciclo: 0.05s
Intervalo objetivo: 30s
Próximo ciclo en: 29.95s
----------------------------------------------------------------------------------------

========================================================================================
CICLO #0085 | 2026-09-03 17:01:10 UTC | símbolos=8
========================================================================================
[01/08] START Multi Step 2 Index
[01/08] END   Multi Step 2 Index | 0.02s | ARPS REGIME BLOCKED
    Motivo: SIN_TENDENCIA_M15
[02/08] START Multi Step 3 Index
[02/08] END   Multi Step 3 Index | 0.02s | ARPS WAITING SETUP
    Motivo: m5_atr_regime,m5_structure_break,m1_rejection,m1_follow_through,m1_strong_close
[03/08] START Multi Step 4 Index
[03/08] END   Multi Step 4 Index | 0.02s | ARPS REGIME BLOCKED
    Motivo: SIN_TENDENCIA_M15
[04/08] START Step Index
[04/08] END   Step Index | 0.02s | ARPS REGIME BLOCKED
    Motivo: ADX_M15_INSUFICIENTE
[05/08] START Step Index 200
[05/08] END   Step Index 200 | 0.02s | ARPS REGIME BLOCKED
    Motivo: SIN_TENDENCIA_M15
[06/08] START Step Index 300
[06/08] END   Step Index 300 | 0.03s | ARPS WAITING SETUP
    Motivo: m5_structure_break
[07/08] START Step Index 400
[07/08] END   Step Index 400 | 0.02s | ARPS REGIME BLOCKED
    Motivo: SIN_TENDENCIA_M15
[08/08] START Step Index 500
[08/08] END   Step Index 500 | 0.02s | ARPS REGIME BLOCKED
    Motivo: SIN_TENDENCIA_M15
----------------------------------------------------------------------------------------
RESUMEN DEL CICLO #0085
Símbolos analizados: 8
Sin señal: 0
Esperando/otros: 8
Señales rechazadas: 0
Bloqueadas por estado/límites: 0
Validadas DRY RUN: 0
Nuevas órdenes: 0
Operaciones cerradas sincronizadas: 0
Errores: 0
Duración del ciclo: 0.21s
Intervalo objetivo: 30s
Próximo ciclo en: 29.79s
----------------------------------------------------------------------------------------

========================================================================================
CICLO #0086 | 2026-09-03 17:01:40 UTC | símbolos=0
========================================================================================
----------------------------------------------------------------------------------------
RESUMEN DEL CICLO #0086
Símbolos analizados: 0
Sin señal: 0
Esperando/otros: 0
Señales rechazadas: 0
Bloqueadas por estado/límites: 0
Validadas DRY RUN: 0
Nuevas órdenes: 0
Operaciones cerradas sincronizadas: 0
Errores: 0
Duración del ciclo: 0.02s
Intervalo objetivo: 30s
Próximo ciclo en: 29.98s
----------------------------------------------------------------------------------------

========================================================================================
CICLO #0087 | 2026-09-03 17:02:10 UTC | símbolos=8
========================================================================================
[01/08] START Multi Step 2 Index
[01/08] END   Multi Step 2 Index | 0.02s | ARPS REGIME BLOCKED
    Motivo: SIN_TENDENCIA_M15
[02/08] START Multi Step 3 Index
[02/08] END   Multi Step 3 Index | 0.02s | ARPS WAITING SETUP
    Motivo: m5_atr_regime,m5_structure_break,m1_rejection,m1_follow_through
[03/08] START Multi Step 4 Index
[03/08] END   Multi Step 4 Index | 0.03s | ARPS REGIME BLOCKED
    Motivo: SIN_TENDENCIA_M15
[04/08] START Step Index
[04/08] END   Step Index | 0.02s | ARPS REGIME BLOCKED
    Motivo: ADX_M15_INSUFICIENTE
[05/08] START Step Index 200
[05/08] END   Step Index 200 | 0.02s | ARPS REGIME BLOCKED
    Motivo: SIN_TENDENCIA_M15
[06/08] START Step Index 300
[06/08] END   Step Index 300 | 0.03s | ARPS WAITING SETUP
    Motivo: m5_structure_break,m1_rejection
[07/08] START Step Index 400
[07/08] END   Step Index 400 | 0.02s | ARPS REGIME BLOCKED
    Motivo: SIN_TENDENCIA_M15
[08/08] START Step Index 500
[08/08] END   Step Index 500 | 0.02s | ARPS REGIME BLOCKED
    Motivo: SIN_TENDENCIA_M15
----------------------------------------------------------------------------------------
RESUMEN DEL CICLO #0087
Símbolos analizados: 8
Sin señal: 0
Esperando/otros: 8
Señales rechazadas: 0
Bloqueadas por estado/límites: 0
Validadas DRY RUN: 0
Nuevas órdenes: 0
Operaciones cerradas sincronizadas: 0
Errores: 0
Duración del ciclo: 0.22s
Intervalo objetivo: 30s
Próximo ciclo en: 29.78s
----------------------------------------------------------------------------------------

========================================================================================
CICLO #0088 | 2026-09-03 17:02:40 UTC | símbolos=0
========================================================================================
----------------------------------------------------------------------------------------
RESUMEN DEL CICLO #0088
Símbolos analizados: 0
Sin señal: 0
Esperando/otros: 0
Señales rechazadas: 0
Bloqueadas por estado/límites: 0
Validadas DRY RUN: 0
Nuevas órdenes: 0
Operaciones cerradas sincronizadas: 0
Errores: 0
Duración del ciclo: 0.02s
Intervalo objetivo: 30s
Próximo ciclo en: 29.98s
----------------------------------------------------------------------------------------

========================================================================================
CICLO #0089 | 2026-09-03 17:03:10 UTC | símbolos=8
========================================================================================
[01/08] START Multi Step 2 Index
[01/08] END   Multi Step 2 Index | 0.02s | ARPS REGIME BLOCKED
    Motivo: SIN_TENDENCIA_M15
[02/08] START Multi Step 3 Index
[02/08] END   Multi Step 3 Index | 0.02s | ARPS WAITING SETUP
    Motivo: m5_atr_regime,m5_structure_break,m1_rejection,m1_strong_close
[03/08] START Multi Step 4 Index
[03/08] END   Multi Step 4 Index | 0.02s | ARPS REGIME BLOCKED
    Motivo: SIN_TENDENCIA_M15
[04/08] START Step Index
[04/08] END   Step Index | 0.02s | ARPS REGIME BLOCKED
    Motivo: ADX_M15_INSUFICIENTE
[05/08] START Step Index 200
[05/08] END   Step Index 200 | 0.02s | ARPS REGIME BLOCKED
    Motivo: SIN_TENDENCIA_M15
[06/08] START Step Index 300
[06/08] END   Step Index 300 | 0.02s | ARPS WAITING SETUP
    Motivo: m5_structure_break,m1_rejection,m1_follow_through,m1_strong_close
[07/08] START Step Index 400
[07/08] END   Step Index 400 | 0.02s | ARPS REGIME BLOCKED
    Motivo: SIN_TENDENCIA_M15
[08/08] START Step Index 500
[08/08] END   Step Index 500 | 0.02s | ARPS REGIME BLOCKED
    Motivo: SIN_TENDENCIA_M15
----------------------------------------------------------------------------------------
RESUMEN DEL CICLO #0089
Símbolos analizados: 8
Sin señal: 0
Esperando/otros: 8
Señales rechazadas: 0
Bloqueadas por estado/límites: 0
Validadas DRY RUN: 0
Nuevas órdenes: 0
Operaciones cerradas sincronizadas: 0
Errores: 0
Duración del ciclo: 0.22s
Intervalo objetivo: 30s
Próximo ciclo en: 29.78s
----------------------------------------------------------------------------------------

========================================================================================
CICLO #0090 | 2026-09-03 17:03:40 UTC | símbolos=0
========================================================================================
----------------------------------------------------------------------------------------
RESUMEN DEL CICLO #0090
Símbolos analizados: 0
Sin señal: 0
Esperando/otros: 0
Señales rechazadas: 0
Bloqueadas por estado/límites: 0
Validadas DRY RUN: 0
Nuevas órdenes: 0
Operaciones cerradas sincronizadas: 0
Errores: 0
Duración del ciclo: 0.02s
Intervalo objetivo: 30s
Próximo ciclo en: 29.98s
----------------------------------------------------------------------------------------

========================================================================================
CICLO #0091 | 2026-09-03 17:04:10 UTC | símbolos=8
========================================================================================
[01/08] START Multi Step 2 Index
[01/08] END   Multi Step 2 Index | 0.02s | ARPS REGIME BLOCKED
    Motivo: SIN_TENDENCIA_M15
[02/08] START Multi Step 3 Index
[02/08] END   Multi Step 3 Index | 0.03s | ARPS WAITING SETUP
    Motivo: m5_atr_regime,m5_structure_break,m1_strong_close
[03/08] START Multi Step 4 Index
[03/08] END   Multi Step 4 Index | 0.03s | ARPS REGIME BLOCKED
    Motivo: SIN_TENDENCIA_M15
[04/08] START Step Index
[04/08] END   Step Index | 0.03s | ARPS REGIME BLOCKED
    Motivo: ADX_M15_INSUFICIENTE
[05/08] START Step Index 200
[05/08] END   Step Index 200 | 0.03s | ARPS REGIME BLOCKED
    Motivo: SIN_TENDENCIA_M15
[06/08] START Step Index 300
[06/08] END   Step Index 300 | 0.03s | ARPS WAITING SETUP
    Motivo: m5_structure_break,m1_rejection
[07/08] START Step Index 400
[07/08] END   Step Index 400 | 0.03s | ARPS REGIME BLOCKED
    Motivo: SIN_TENDENCIA_M15
[08/08] START Step Index 500
[08/08] END   Step Index 500 | 0.02s | ARPS REGIME BLOCKED
    Motivo: SIN_TENDENCIA_M15
----------------------------------------------------------------------------------------
RESUMEN DEL CICLO #0091
Símbolos analizados: 8
Sin señal: 0
Esperando/otros: 8
Señales rechazadas: 0
Bloqueadas por estado/límites: 0
Validadas DRY RUN: 0
Nuevas órdenes: 0
Operaciones cerradas sincronizadas: 0
Errores: 0
Duración del ciclo: 0.27s
Intervalo objetivo: 30s
Próximo ciclo en: 29.73s
----------------------------------------------------------------------------------------

========================================================================================
CICLO #0092 | 2026-09-03 17:04:40 UTC | símbolos=0
========================================================================================
----------------------------------------------------------------------------------------
RESUMEN DEL CICLO #0092
Símbolos analizados: 0
Sin señal: 0
Esperando/otros: 0
Señales rechazadas: 0
Bloqueadas por estado/límites: 0
Validadas DRY RUN: 0
Nuevas órdenes: 0
Operaciones cerradas sincronizadas: 0
Errores: 0
Duración del ciclo: 0.03s
Intervalo objetivo: 30s
Próximo ciclo en: 29.97s
----------------------------------------------------------------------------------------

========================================================================================
CICLO #0093 | 2026-09-03 17:05:10 UTC | símbolos=8
========================================================================================
[01/08] START Multi Step 2 Index
[01/08] END   Multi Step 2 Index | 0.03s | ARPS REGIME BLOCKED
    Motivo: SIN_TENDENCIA_M15
[02/08] START Multi Step 3 Index
[02/08] END   Multi Step 3 Index | 0.04s | ARPS WAITING SETUP
    Motivo: m5_structure_break
[03/08] START Multi Step 4 Index
[03/08] END   Multi Step 4 Index | 0.03s | ARPS REGIME BLOCKED
    Motivo: SIN_TENDENCIA_M15
[04/08] START Step Index
[04/08] END   Step Index | 0.03s | ARPS REGIME BLOCKED
    Motivo: ADX_M15_INSUFICIENTE
[05/08] START Step Index 200
[05/08] END   Step Index 200 | 0.03s | ARPS REGIME BLOCKED
    Motivo: SIN_TENDENCIA_M15
[06/08] START Step Index 300
[06/08] END   Step Index 300 | 0.04s | ARPS WAITING SETUP
    Motivo: m5_atr_regime,m5_structure_break,m1_rejection
[07/08] START Step Index 400
[07/08] END   Step Index 400 | 0.03s | ARPS REGIME BLOCKED
    Motivo: SIN_TENDENCIA_M15
[08/08] START Step Index 500
[08/08] END   Step Index 500 | 0.04s | ARPS REGIME BLOCKED
    Motivo: SIN_TENDENCIA_M15
----------------------------------------------------------------------------------------
RESUMEN DEL CICLO #0093
Símbolos analizados: 8
Sin señal: 0
Esperando/otros: 8
Señales rechazadas: 0
Bloqueadas por estado/límites: 0
Validadas DRY RUN: 0
Nuevas órdenes: 0
Operaciones cerradas sincronizadas: 0
Errores: 0
Duración del ciclo: 0.32s
Intervalo objetivo: 30s
Próximo ciclo en: 29.68s
----------------------------------------------------------------------------------------

========================================================================================
CICLO #0094 | 2026-09-03 17:05:40 UTC | símbolos=0
========================================================================================
----------------------------------------------------------------------------------------
RESUMEN DEL CICLO #0094
Símbolos analizados: 0
Sin señal: 0
Esperando/otros: 0
Señales rechazadas: 0
Bloqueadas por estado/límites: 0
Validadas DRY RUN: 0
Nuevas órdenes: 0
Operaciones cerradas sincronizadas: 0
Errores: 0
Duración del ciclo: 0.02s
Intervalo objetivo: 30s
Próximo ciclo en: 29.98s
----------------------------------------------------------------------------------------

========================================================================================
CICLO #0095 | 2026-09-03 17:06:10 UTC | símbolos=8
========================================================================================
[01/08] START Multi Step 2 Index
[01/08] END   Multi Step 2 Index | 0.03s | ARPS REGIME BLOCKED
    Motivo: SIN_TENDENCIA_M15
[02/08] START Multi Step 3 Index
[02/08] END   Multi Step 3 Index | 0.03s | ARPS WAITING SETUP
    Motivo: m5_structure_break,m1_rejection,m1_follow_through,m1_strong_close
[03/08] START Multi Step 4 Index
[03/08] END   Multi Step 4 Index | 0.02s | ARPS REGIME BLOCKED
    Motivo: SIN_TENDENCIA_M15
[04/08] START Step Index
[04/08] END   Step Index | 0.03s | ARPS REGIME BLOCKED
    Motivo: ADX_M15_INSUFICIENTE
[05/08] START Step Index 200
[05/08] END   Step Index 200 | 0.02s | ARPS REGIME BLOCKED
    Motivo: SIN_TENDENCIA_M15
[06/08] START Step Index 300
[06/08] END   Step Index 300 | 0.03s | ARPS WAITING SETUP
    Motivo: m5_atr_regime,m5_structure_break,m1_rejection,m1_follow_through,m1_strong_close
[07/08] START Step Index 400
[07/08] END   Step Index 400 | 0.02s | ARPS REGIME BLOCKED
    Motivo: SIN_TENDENCIA_M15
[08/08] START Step Index 500
[08/08] END   Step Index 500 | 0.02s | ARPS REGIME BLOCKED
    Motivo: SIN_TENDENCIA_M15
----------------------------------------------------------------------------------------
RESUMEN DEL CICLO #0095
Símbolos analizados: 8
Sin señal: 0
Esperando/otros: 8
Señales rechazadas: 0
Bloqueadas por estado/límites: 0
Validadas DRY RUN: 0
Nuevas órdenes: 0
Operaciones cerradas sincronizadas: 0
Errores: 0
Duración del ciclo: 0.26s
Intervalo objetivo: 30s
Próximo ciclo en: 29.74s
----------------------------------------------------------------------------------------

========================================================================================
CICLO #0096 | 2026-09-03 17:06:40 UTC | símbolos=0
========================================================================================
----------------------------------------------------------------------------------------
RESUMEN DEL CICLO #0096
Símbolos analizados: 0
Sin señal: 0
Esperando/otros: 0
Señales rechazadas: 0
Bloqueadas por estado/límites: 0
Validadas DRY RUN: 0
Nuevas órdenes: 0
Operaciones cerradas sincronizadas: 0
Errores: 0
Duración del ciclo: 0.03s
Intervalo objetivo: 30s
Próximo ciclo en: 29.97s
----------------------------------------------------------------------------------------

========================================================================================
CICLO #0097 | 2026-09-03 17:07:10 UTC | símbolos=8
========================================================================================
[01/08] START Multi Step 2 Index
[01/08] END   Multi Step 2 Index | 0.03s | ARPS REGIME BLOCKED
    Motivo: SIN_TENDENCIA_M15
[02/08] START Multi Step 3 Index
[02/08] END   Multi Step 3 Index | 0.03s | ARPS WAITING SETUP
    Motivo: m5_structure_break,m1_follow_through,m1_strong_close
[03/08] START Multi Step 4 Index
[03/08] END   Multi Step 4 Index | 0.02s | ARPS REGIME BLOCKED
    Motivo: SIN_TENDENCIA_M15
[04/08] START Step Index
[04/08] END   Step Index | 0.03s | ARPS REGIME BLOCKED
    Motivo: ADX_M15_INSUFICIENTE
[05/08] START Step Index 200
[05/08] END   Step Index 200 | 0.02s | ARPS REGIME BLOCKED
    Motivo: SIN_TENDENCIA_M15
[06/08] START Step Index 300
[06/08] END   Step Index 300 | 0.03s | ARPS WAITING SETUP
    Motivo: m5_atr_regime,m5_structure_break
[07/08] START Step Index 400
[07/08] END   Step Index 400 | 0.02s | ARPS REGIME BLOCKED
    Motivo: SIN_TENDENCIA_M15
[08/08] START Step Index 500
[08/08] END   Step Index 500 | 0.02s | ARPS REGIME BLOCKED
    Motivo: SIN_TENDENCIA_M15
----------------------------------------------------------------------------------------
RESUMEN DEL CICLO #0097
Símbolos analizados: 8
Sin señal: 0
Esperando/otros: 8
Señales rechazadas: 0
Bloqueadas por estado/límites: 0
Validadas DRY RUN: 0
Nuevas órdenes: 0
Operaciones cerradas sincronizadas: 0
Errores: 0
Duración del ciclo: 0.26s
Intervalo objetivo: 30s
Próximo ciclo en: 29.74s
----------------------------------------------------------------------------------------

========================================================================================
CICLO #0098 | 2026-09-03 17:07:40 UTC | símbolos=0
========================================================================================
----------------------------------------------------------------------------------------
RESUMEN DEL CICLO #0098
Símbolos analizados: 0
Sin señal: 0
Esperando/otros: 0
Señales rechazadas: 0
Bloqueadas por estado/límites: 0
Validadas DRY RUN: 0
Nuevas órdenes: 0
Operaciones cerradas sincronizadas: 0
Errores: 0
Duración del ciclo: 0.03s
Intervalo objetivo: 30s
Próximo ciclo en: 29.97s
----------------------------------------------------------------------------------------

========================================================================================
CICLO #0099 | 2026-09-03 17:08:10 UTC | símbolos=8
========================================================================================
[01/08] START Multi Step 2 Index
[01/08] END   Multi Step 2 Index | 0.03s | ARPS REGIME BLOCKED
    Motivo: SIN_TENDENCIA_M15
[02/08] START Multi Step 3 Index
[02/08] END   Multi Step 3 Index | 0.03s | ARPS WAITING SETUP
    Motivo: m5_structure_break,m1_rejection,m1_follow_through,m1_strong_close
[03/08] START Multi Step 4 Index
[03/08] END   Multi Step 4 Index | 0.02s | ARPS REGIME BLOCKED
    Motivo: SIN_TENDENCIA_M15
[04/08] START Step Index
[04/08] END   Step Index | 0.02s | ARPS REGIME BLOCKED
    Motivo: ADX_M15_INSUFICIENTE
[05/08] START Step Index 200
[05/08] END   Step Index 200 | 0.02s | ARPS REGIME BLOCKED
    Motivo: SIN_TENDENCIA_M15
[06/08] START Step Index 300
[06/08] END   Step Index 300 | 0.03s | ARPS WAITING SETUP
    Motivo: m5_atr_regime,m5_structure_break,m1_rejection,m1_strong_close
[07/08] START Step Index 400
[07/08] END   Step Index 400 | 0.03s | ARPS REGIME BLOCKED
    Motivo: SIN_TENDENCIA_M15
[08/08] START Step Index 500
[08/08] END   Step Index 500 | 0.02s | ARPS REGIME BLOCKED
    Motivo: SIN_TENDENCIA_M15
----------------------------------------------------------------------------------------
RESUMEN DEL CICLO #0099
Símbolos analizados: 8
Sin señal: 0
Esperando/otros: 8
Señales rechazadas: 0
Bloqueadas por estado/límites: 0
Validadas DRY RUN: 0
Nuevas órdenes: 0
Operaciones cerradas sincronizadas: 0
Errores: 0
Duración del ciclo: 0.28s
Intervalo objetivo: 30s
Próximo ciclo en: 29.72s
----------------------------------------------------------------------------------------

========================================================================================
CICLO #0100 | 2026-09-03 17:08:40 UTC | símbolos=0
========================================================================================
----------------------------------------------------------------------------------------
RESUMEN DEL CICLO #0100
Símbolos analizados: 0
Sin señal: 0
Esperando/otros: 0
Señales rechazadas: 0
Bloqueadas por estado/límites: 0
Validadas DRY RUN: 0
Nuevas órdenes: 0
Operaciones cerradas sincronizadas: 0
Errores: 0
Duración del ciclo: 0.03s
Intervalo objetivo: 30s
Próximo ciclo en: 29.97s
----------------------------------------------------------------------------------------

========================================================================================
CICLO #0101 | 2026-09-03 17:09:10 UTC | símbolos=8
========================================================================================
[01/08] START Multi Step 2 Index
[01/08] END   Multi Step 2 Index | 0.02s | ARPS REGIME BLOCKED
    Motivo: SIN_TENDENCIA_M15
[02/08] START Multi Step 3 Index
[02/08] END   Multi Step 3 Index | 0.03s | ARPS WAITING SETUP
    Motivo: m5_structure_break,m1_rejection
[03/08] START Multi Step 4 Index
[03/08] END   Multi Step 4 Index | 0.02s | ARPS REGIME BLOCKED
    Motivo: SIN_TENDENCIA_M15
[04/08] START Step Index
[04/08] END   Step Index | 0.03s | ARPS REGIME BLOCKED
    Motivo: ADX_M15_INSUFICIENTE
[05/08] START Step Index 200
[05/08] END   Step Index 200 | 0.02s | ARPS REGIME BLOCKED
    Motivo: SIN_TENDENCIA_M15
[06/08] START Step Index 300
[06/08] END   Step Index 300 | 0.03s | ARPS WAITING SETUP
    Motivo: m5_atr_regime,m5_structure_break,m1_follow_through
[07/08] START Step Index 400
[07/08] END   Step Index 400 | 0.03s | ARPS REGIME BLOCKED
    Motivo: SIN_TENDENCIA_M15
[08/08] START Step Index 500
[08/08] END   Step Index 500 | 0.02s | ARPS REGIME BLOCKED
    Motivo: SIN_TENDENCIA_M15
----------------------------------------------------------------------------------------
RESUMEN DEL CICLO #0101
Símbolos analizados: 8
Sin señal: 0
Esperando/otros: 8
Señales rechazadas: 0
Bloqueadas por estado/límites: 0
Validadas DRY RUN: 0
Nuevas órdenes: 0
Operaciones cerradas sincronizadas: 0
Errores: 0
Duración del ciclo: 0.25s
Intervalo objetivo: 30s
Próximo ciclo en: 29.75s
----------------------------------------------------------------------------------------

========================================================================================
CICLO #0102 | 2026-09-03 17:09:40 UTC | símbolos=0
========================================================================================
----------------------------------------------------------------------------------------
RESUMEN DEL CICLO #0102
Símbolos analizados: 0
Sin señal: 0
Esperando/otros: 0
Señales rechazadas: 0
Bloqueadas por estado/límites: 0
Validadas DRY RUN: 0
Nuevas órdenes: 0
Operaciones cerradas sincronizadas: 0
Errores: 0
Duración del ciclo: 0.03s
Intervalo objetivo: 30s
Próximo ciclo en: 29.97s
----------------------------------------------------------------------------------------

========================================================================================
CICLO #0103 | 2026-09-03 17:10:10 UTC | símbolos=8
========================================================================================
[01/08] START Multi Step 2 Index
[01/08] END   Multi Step 2 Index | 0.03s | ARPS REGIME BLOCKED
    Motivo: SIN_TENDENCIA_M15
[02/08] START Multi Step 3 Index
[02/08] END   Multi Step 3 Index | 0.04s | ARPS WAITING SETUP
    Motivo: m5_atr_regime,m5_structure_break,m1_rejection,m1_strong_close
[03/08] START Multi Step 4 Index
[03/08] END   Multi Step 4 Index | 0.03s | ARPS REGIME BLOCKED
    Motivo: SIN_TENDENCIA_M15
[04/08] START Step Index
[04/08] END   Step Index | 0.03s | ARPS REGIME BLOCKED
    Motivo: ADX_M15_INSUFICIENTE
[05/08] START Step Index 200
[05/08] END   Step Index 200 | 0.03s | ARPS REGIME BLOCKED
    Motivo: SIN_TENDENCIA_M15
[06/08] START Step Index 300
[06/08] END   Step Index 300 | 0.04s | ARPS WAITING SETUP
    Motivo: m5_atr_regime,m5_structure_break,m1_rejection,m1_follow_through,m1_strong_close
[07/08] START Step Index 400
[07/08] END   Step Index 400 | 0.03s | ARPS REGIME BLOCKED
    Motivo: SIN_TENDENCIA_M15
[08/08] START Step Index 500
[08/08] END   Step Index 500 | 0.03s | ARPS REGIME BLOCKED
    Motivo: SIN_TENDENCIA_M15
----------------------------------------------------------------------------------------
RESUMEN DEL CICLO #0103
Símbolos analizados: 8
Sin señal: 0
Esperando/otros: 8
Señales rechazadas: 0
Bloqueadas por estado/límites: 0
Validadas DRY RUN: 0
Nuevas órdenes: 0
Operaciones cerradas sincronizadas: 0
Errores: 0
Duración del ciclo: 0.32s
Intervalo objetivo: 30s
Próximo ciclo en: 29.68s
----------------------------------------------------------------------------------------

========================================================================================
CICLO #0104 | 2026-09-03 17:10:40 UTC | símbolos=0
========================================================================================
----------------------------------------------------------------------------------------
RESUMEN DEL CICLO #0104
Símbolos analizados: 0
Sin señal: 0
Esperando/otros: 0
Señales rechazadas: 0
Bloqueadas por estado/límites: 0
Validadas DRY RUN: 0
Nuevas órdenes: 0
Operaciones cerradas sincronizadas: 0
Errores: 0
Duración del ciclo: 0.03s
Intervalo objetivo: 30s
Próximo ciclo en: 29.97s
----------------------------------------------------------------------------------------

========================================================================================
CICLO #0105 | 2026-09-03 17:11:10 UTC | símbolos=8
========================================================================================
[01/08] START Multi Step 2 Index
[01/08] END   Multi Step 2 Index | 0.02s | ARPS REGIME BLOCKED
    Motivo: SIN_TENDENCIA_M15
[02/08] START Multi Step 3 Index
[02/08] END   Multi Step 3 Index | 0.03s | ARPS WAITING SETUP
    Motivo: m5_atr_regime,m5_structure_break
[03/08] START Multi Step 4 Index
[03/08] END   Multi Step 4 Index | 0.02s | ARPS REGIME BLOCKED
    Motivo: SIN_TENDENCIA_M15
[04/08] START Step Index
[04/08] END   Step Index | 0.03s | ARPS REGIME BLOCKED
    Motivo: ADX_M15_INSUFICIENTE
[05/08] START Step Index 200
[05/08] END   Step Index 200 | 0.02s | ARPS REGIME BLOCKED
    Motivo: SIN_TENDENCIA_M15
[06/08] START Step Index 300
[06/08] END   Step Index 300 | 0.03s | ARPS WAITING SETUP
    Motivo: m5_atr_regime,m5_structure_break,m1_rejection
[07/08] START Step Index 400
[07/08] END   Step Index 400 | 0.03s | ARPS REGIME BLOCKED
    Motivo: SIN_TENDENCIA_M15
[08/08] START Step Index 500
[08/08] END   Step Index 500 | 0.02s | ARPS REGIME BLOCKED
    Motivo: SIN_TENDENCIA_M15
----------------------------------------------------------------------------------------
RESUMEN DEL CICLO #0105
Símbolos analizados: 8
Sin señal: 0
Esperando/otros: 8
Señales rechazadas: 0
Bloqueadas por estado/límites: 0
Validadas DRY RUN: 0
Nuevas órdenes: 0
Operaciones cerradas sincronizadas: 0
Errores: 0
Duración del ciclo: 0.25s
Intervalo objetivo: 30s
Próximo ciclo en: 29.75s
----------------------------------------------------------------------------------------

========================================================================================
CICLO #0106 | 2026-09-03 17:11:40 UTC | símbolos=0
========================================================================================
----------------------------------------------------------------------------------------
RESUMEN DEL CICLO #0106
Símbolos analizados: 0
Sin señal: 0
Esperando/otros: 0
Señales rechazadas: 0
Bloqueadas por estado/límites: 0
Validadas DRY RUN: 0
Nuevas órdenes: 0
Operaciones cerradas sincronizadas: 0
Errores: 0
Duración del ciclo: 0.03s
Intervalo objetivo: 30s
Próximo ciclo en: 29.97s
----------------------------------------------------------------------------------------

========================================================================================
CICLO #0107 | 2026-09-03 17:12:10 UTC | símbolos=8
========================================================================================
[01/08] START Multi Step 2 Index
[01/08] END   Multi Step 2 Index | 0.02s | ARPS REGIME BLOCKED
    Motivo: SIN_TENDENCIA_M15
[02/08] START Multi Step 3 Index
[02/08] END   Multi Step 3 Index | 0.03s | ARPS WAITING SETUP
    Motivo: m5_atr_regime,m5_structure_break,m1_follow_through,m1_strong_close
[03/08] START Multi Step 4 Index
[03/08] END   Multi Step 4 Index | 0.02s | ARPS REGIME BLOCKED
    Motivo: SIN_TENDENCIA_M15
[04/08] START Step Index
[04/08] END   Step Index | 0.02s | ARPS REGIME BLOCKED
    Motivo: ADX_M15_INSUFICIENTE
[05/08] START Step Index 200
[05/08] END   Step Index 200 | 0.02s | ARPS REGIME BLOCKED
    Motivo: SIN_TENDENCIA_M15
[06/08] START Step Index 300
[06/08] END   Step Index 300 | 0.03s | ARPS WAITING SETUP
    Motivo: m5_atr_regime,m5_structure_break,m1_rejection,m1_strong_close
[07/08] START Step Index 400
[07/08] END   Step Index 400 | 0.02s | ARPS REGIME BLOCKED
    Motivo: SIN_TENDENCIA_M15
[08/08] START Step Index 500
[08/08] END   Step Index 500 | 0.02s | ARPS REGIME BLOCKED
    Motivo: SIN_TENDENCIA_M15
----------------------------------------------------------------------------------------
RESUMEN DEL CICLO #0107
Símbolos analizados: 8
Sin señal: 0
Esperando/otros: 8
Señales rechazadas: 0
Bloqueadas por estado/límites: 0
Validadas DRY RUN: 0
Nuevas órdenes: 0
Operaciones cerradas sincronizadas: 0
Errores: 0
Duración del ciclo: 0.24s
Intervalo objetivo: 30s
Próximo ciclo en: 29.76s
----------------------------------------------------------------------------------------

========================================================================================
CICLO #0108 | 2026-09-03 17:12:40 UTC | símbolos=0
========================================================================================
----------------------------------------------------------------------------------------
RESUMEN DEL CICLO #0108
Símbolos analizados: 0
Sin señal: 0
Esperando/otros: 0
Señales rechazadas: 0
Bloqueadas por estado/límites: 0
Validadas DRY RUN: 0
Nuevas órdenes: 0
Operaciones cerradas sincronizadas: 0
Errores: 0
Duración del ciclo: 0.02s
Intervalo objetivo: 30s
Próximo ciclo en: 29.98s
----------------------------------------------------------------------------------------

========================================================================================
CICLO #0109 | 2026-09-03 17:13:10 UTC | símbolos=8
========================================================================================
[01/08] START Multi Step 2 Index
[01/08] END   Multi Step 2 Index | 0.02s | ARPS REGIME BLOCKED
    Motivo: SIN_TENDENCIA_M15
[02/08] START Multi Step 3 Index
[02/08] END   Multi Step 3 Index | 0.03s | ARPS WAITING SETUP
    Motivo: m5_atr_regime,m5_structure_break,m1_rejection,m1_follow_through,m1_strong_close
[03/08] START Multi Step 4 Index
[03/08] END   Multi Step 4 Index | 0.03s | ARPS REGIME BLOCKED
    Motivo: SIN_TENDENCIA_M15
[04/08] START Step Index
[04/08] END   Step Index | 0.03s | ARPS REGIME BLOCKED
    Motivo: ADX_M15_INSUFICIENTE
[05/08] START Step Index 200
[05/08] END   Step Index 200 | 0.03s | ARPS REGIME BLOCKED
    Motivo: SIN_TENDENCIA_M15
[06/08] START Step Index 300
[06/08] END   Step Index 300 | 0.03s | ARPS WAITING SETUP
    Motivo: m5_atr_regime,m5_structure_break
[07/08] START Step Index 400
[07/08] END   Step Index 400 | 0.03s | ARPS REGIME BLOCKED
    Motivo: SIN_TENDENCIA_M15
[08/08] START Step Index 500
[08/08] END   Step Index 500 | 0.02s | ARPS REGIME BLOCKED
    Motivo: SIN_TENDENCIA_M15
----------------------------------------------------------------------------------------
RESUMEN DEL CICLO #0109
Símbolos analizados: 8
Sin señal: 0
Esperando/otros: 8
Señales rechazadas: 0
Bloqueadas por estado/límites: 0
Validadas DRY RUN: 0
Nuevas órdenes: 0
Operaciones cerradas sincronizadas: 0
Errores: 0
Duración del ciclo: 0.26s
Intervalo objetivo: 30s
Próximo ciclo en: 29.74s
----------------------------------------------------------------------------------------

========================================================================================
CICLO #0110 | 2026-09-03 17:13:40 UTC | símbolos=0
========================================================================================
----------------------------------------------------------------------------------------
RESUMEN DEL CICLO #0110
Símbolos analizados: 0
Sin señal: 0
Esperando/otros: 0
Señales rechazadas: 0
Bloqueadas por estado/límites: 0
Validadas DRY RUN: 0
Nuevas órdenes: 0
Operaciones cerradas sincronizadas: 0
Errores: 0
Duración del ciclo: 0.03s
Intervalo objetivo: 30s
Próximo ciclo en: 29.97s
----------------------------------------------------------------------------------------

========================================================================================
CICLO #0111 | 2026-09-03 17:14:10 UTC | símbolos=8
========================================================================================
[01/08] START Multi Step 2 Index
[01/08] END   Multi Step 2 Index | 0.02s | ARPS REGIME BLOCKED
    Motivo: SIN_TENDENCIA_M15
[02/08] START Multi Step 3 Index
[02/08] END   Multi Step 3 Index | 0.02s | ARPS WAITING SETUP
    Motivo: m5_atr_regime,m5_structure_break,m1_rejection,m1_follow_through,m1_strong_close
[03/08] START Multi Step 4 Index
[03/08] END   Multi Step 4 Index | 0.02s | ARPS REGIME BLOCKED
    Motivo: SIN_TENDENCIA_M15
[04/08] START Step Index
[04/08] END   Step Index | 0.02s | ARPS REGIME BLOCKED
    Motivo: ADX_M15_INSUFICIENTE
[05/08] START Step Index 200
[05/08] END   Step Index 200 | 0.02s | ARPS REGIME BLOCKED
    Motivo: SIN_TENDENCIA_M15
[06/08] START Step Index 300
[06/08] END   Step Index 300 | 0.03s | ARPS WAITING SETUP
    Motivo: m5_atr_regime,m5_structure_break,m1_rejection,m1_follow_through
[07/08] START Step Index 400
[07/08] END   Step Index 400 | 0.02s | ARPS REGIME BLOCKED
    Motivo: SIN_TENDENCIA_M15
[08/08] START Step Index 500
[08/08] END   Step Index 500 | 0.02s | ARPS REGIME BLOCKED
    Motivo: SIN_TENDENCIA_M15
----------------------------------------------------------------------------------------
RESUMEN DEL CICLO #0111
Símbolos analizados: 8
Sin señal: 0
Esperando/otros: 8
Señales rechazadas: 0
Bloqueadas por estado/límites: 0
Validadas DRY RUN: 0
Nuevas órdenes: 0
Operaciones cerradas sincronizadas: 0
Errores: 0
Duración del ciclo: 0.23s
Intervalo objetivo: 30s
Próximo ciclo en: 29.77s
----------------------------------------------------------------------------------------

========================================================================================
CICLO #0112 | 2026-09-03 17:14:40 UTC | símbolos=0
========================================================================================
----------------------------------------------------------------------------------------
RESUMEN DEL CICLO #0112
Símbolos analizados: 0
Sin señal: 0
Esperando/otros: 0
Señales rechazadas: 0
Bloqueadas por estado/límites: 0
Validadas DRY RUN: 0
Nuevas órdenes: 0
Operaciones cerradas sincronizadas: 0
Errores: 0
Duración del ciclo: 0.03s
Intervalo objetivo: 30s
Próximo ciclo en: 29.97s
----------------------------------------------------------------------------------------

========================================================================================
CICLO #0113 | 2026-09-03 17:15:10 UTC | símbolos=8
========================================================================================
[01/08] START Multi Step 2 Index
[01/08] END   Multi Step 2 Index | 0.03s | ARPS REGIME BLOCKED
    Motivo: SIN_TENDENCIA_M15
[02/08] START Multi Step 3 Index
[02/08] END   Multi Step 3 Index | 0.04s | ARPS WAITING SETUP
    Motivo: m5_atr_regime,m5_structure_break,m1_rejection
[03/08] START Multi Step 4 Index
[03/08] END   Multi Step 4 Index | 0.03s | ARPS REGIME BLOCKED
    Motivo: SIN_TENDENCIA_M15
[04/08] START Step Index
[04/08] END   Step Index | 0.03s | ARPS REGIME BLOCKED
    Motivo: SIN_TENDENCIA_M15
[05/08] START Step Index 200
[05/08] END   Step Index 200 | 0.03s | ARPS WAITING SETUP
    Motivo: m5_structure_break,m1_rejection
[06/08] START Step Index 300
[06/08] END   Step Index 300 | 0.03s | ARPS WAITING SETUP
    Motivo: m5_structure_break,m1_rejection,m1_follow_through
[07/08] START Step Index 400
[07/08] END   Step Index 400 | 0.03s | ARPS REGIME BLOCKED
    Motivo: SIN_TENDENCIA_M15
[08/08] START Step Index 500
[08/08] END   Step Index 500 | 0.03s | ARPS REGIME BLOCKED
    Motivo: SIN_TENDENCIA_M15
----------------------------------------------------------------------------------------
RESUMEN DEL CICLO #0113
Símbolos analizados: 8
Sin señal: 0
Esperando/otros: 8
Señales rechazadas: 0
Bloqueadas por estado/límites: 0
Validadas DRY RUN: 0
Nuevas órdenes: 0
Operaciones cerradas sincronizadas: 0
Errores: 0
Duración del ciclo: 0.32s
Intervalo objetivo: 30s
Próximo ciclo en: 29.68s
----------------------------------------------------------------------------------------

========================================================================================
CICLO #0114 | 2026-09-03 17:15:40 UTC | símbolos=0
========================================================================================
----------------------------------------------------------------------------------------
RESUMEN DEL CICLO #0114
Símbolos analizados: 0
Sin señal: 0
Esperando/otros: 0
Señales rechazadas: 0
Bloqueadas por estado/límites: 0
Validadas DRY RUN: 0
Nuevas órdenes: 0
Operaciones cerradas sincronizadas: 0
Errores: 0
Duración del ciclo: 0.03s
Intervalo objetivo: 30s
Próximo ciclo en: 29.97s
----------------------------------------------------------------------------------------

========================================================================================
CICLO #0115 | 2026-09-03 17:16:10 UTC | símbolos=8
========================================================================================
[01/08] START Multi Step 2 Index
[01/08] END   Multi Step 2 Index | 0.02s | ARPS REGIME BLOCKED
    Motivo: SIN_TENDENCIA_M15
[02/08] START Multi Step 3 Index
[02/08] END   Multi Step 3 Index | 0.02s | ARPS WAITING SETUP
    Motivo: m5_atr_regime,m5_structure_break,m1_rejection,m1_follow_through
[03/08] START Multi Step 4 Index
[03/08] END   Multi Step 4 Index | 0.02s | ARPS REGIME BLOCKED
    Motivo: SIN_TENDENCIA_M15
[04/08] START Step Index
[04/08] END   Step Index | 0.02s | ARPS REGIME BLOCKED
    Motivo: SIN_TENDENCIA_M15
[05/08] START Step Index 200
[05/08] END   Step Index 200 | 0.02s | ARPS WAITING SETUP
    Motivo: m5_structure_break,m1_rejection,m1_follow_through
[06/08] START Step Index 300
[06/08] END   Step Index 300 | 0.02s | ARPS WAITING SETUP
    Motivo: m5_structure_break,m1_rejection
[07/08] START Step Index 400
[07/08] END   Step Index 400 | 0.02s | ARPS REGIME BLOCKED
    Motivo: SIN_TENDENCIA_M15
[08/08] START Step Index 500
[08/08] END   Step Index 500 | 0.02s | ARPS REGIME BLOCKED
    Motivo: SIN_TENDENCIA_M15
----------------------------------------------------------------------------------------
RESUMEN DEL CICLO #0115
Símbolos analizados: 8
Sin señal: 0
Esperando/otros: 8
Señales rechazadas: 0
Bloqueadas por estado/límites: 0
Validadas DRY RUN: 0
Nuevas órdenes: 0
Operaciones cerradas sincronizadas: 0
Errores: 0
Duración del ciclo: 0.19s
Intervalo objetivo: 30s
Próximo ciclo en: 29.81s
----------------------------------------------------------------------------------------

========================================================================================
CICLO #0116 | 2026-09-03 17:16:40 UTC | símbolos=0
========================================================================================
----------------------------------------------------------------------------------------
RESUMEN DEL CICLO #0116
Símbolos analizados: 0
Sin señal: 0
Esperando/otros: 0
Señales rechazadas: 0
Bloqueadas por estado/límites: 0
Validadas DRY RUN: 0
Nuevas órdenes: 0
Operaciones cerradas sincronizadas: 0
Errores: 0
Duración del ciclo: 0.02s
Intervalo objetivo: 30s
Próximo ciclo en: 29.98s
----------------------------------------------------------------------------------------

========================================================================================
CICLO #0117 | 2026-09-03 17:17:10 UTC | símbolos=8
========================================================================================
[01/08] START Multi Step 2 Index
[01/08] END   Multi Step 2 Index | 0.02s | ARPS REGIME BLOCKED
    Motivo: SIN_TENDENCIA_M15
[02/08] START Multi Step 3 Index
[02/08] END   Multi Step 3 Index | 0.03s | ARPS WAITING SETUP
    Motivo: m5_atr_regime,m5_structure_break,m1_rejection,m1_follow_through,m1_strong_close
[03/08] START Multi Step 4 Index
[03/08] END   Multi Step 4 Index | 0.02s | ARPS REGIME BLOCKED
    Motivo: SIN_TENDENCIA_M15
[04/08] START Step Index
[04/08] END   Step Index | 0.02s | ARPS REGIME BLOCKED
    Motivo: SIN_TENDENCIA_M15
[05/08] START Step Index 200
[05/08] END   Step Index 200 | 0.03s | ARPS WAITING SETUP
    Motivo: m5_structure_break,m1_rejection,m1_strong_close
[06/08] START Step Index 300
[06/08] END   Step Index 300 | 0.02s | ARPS WAITING SETUP
    Motivo: m5_structure_break,m1_follow_through
[07/08] START Step Index 400
[07/08] END   Step Index 400 | 0.02s | ARPS REGIME BLOCKED
    Motivo: SIN_TENDENCIA_M15
[08/08] START Step Index 500
[08/08] END   Step Index 500 | 0.02s | ARPS REGIME BLOCKED
    Motivo: SIN_TENDENCIA_M15
----------------------------------------------------------------------------------------
RESUMEN DEL CICLO #0117
Símbolos analizados: 8
Sin señal: 0
Esperando/otros: 8
Señales rechazadas: 0
Bloqueadas por estado/límites: 0
Validadas DRY RUN: 0
Nuevas órdenes: 0
Operaciones cerradas sincronizadas: 0
Errores: 0
Duración del ciclo: 0.22s
Intervalo objetivo: 30s
Próximo ciclo en: 29.78s
----------------------------------------------------------------------------------------

========================================================================================
CICLO #0118 | 2026-09-03 17:17:40 UTC | símbolos=0
========================================================================================
----------------------------------------------------------------------------------------
RESUMEN DEL CICLO #0118
Símbolos analizados: 0
Sin señal: 0
Esperando/otros: 0
Señales rechazadas: 0
Bloqueadas por estado/límites: 0
Validadas DRY RUN: 0
Nuevas órdenes: 0
Operaciones cerradas sincronizadas: 0
Errores: 0
Duración del ciclo: 0.02s
Intervalo objetivo: 30s
Próximo ciclo en: 29.98s
----------------------------------------------------------------------------------------

========================================================================================
CICLO #0119 | 2026-09-03 17:18:10 UTC | símbolos=8
========================================================================================
[01/08] START Multi Step 2 Index
[01/08] END   Multi Step 2 Index | 0.02s | ARPS REGIME BLOCKED
    Motivo: SIN_TENDENCIA_M15
[02/08] START Multi Step 3 Index
[02/08] END   Multi Step 3 Index | 0.02s | ARPS WAITING SETUP
    Motivo: m5_atr_regime,m5_structure_break,m1_rejection,m1_follow_through,m1_strong_close
[03/08] START Multi Step 4 Index
[03/08] END   Multi Step 4 Index | 0.02s | ARPS REGIME BLOCKED
    Motivo: SIN_TENDENCIA_M15
[04/08] START Step Index
[04/08] END   Step Index | 0.02s | ARPS REGIME BLOCKED
    Motivo: SIN_TENDENCIA_M15
[05/08] START Step Index 200
[05/08] END   Step Index 200 | 0.03s | ARPS WAITING SETUP
    Motivo: m5_structure_break
[06/08] START Step Index 300
[06/08] END   Step Index 300 | 0.03s | ARPS WAITING SETUP
    Motivo: m5_structure_break,m1_rejection,m1_follow_through,m1_strong_close
[07/08] START Step Index 400
[07/08] END   Step Index 400 | 0.02s | ARPS REGIME BLOCKED
    Motivo: SIN_TENDENCIA_M15
[08/08] START Step Index 500
[08/08] END   Step Index 500 | 0.02s | ARPS REGIME BLOCKED
    Motivo: SIN_TENDENCIA_M15
----------------------------------------------------------------------------------------
RESUMEN DEL CICLO #0119
Símbolos analizados: 8
Sin señal: 0
Esperando/otros: 8
Señales rechazadas: 0
Bloqueadas por estado/límites: 0
Validadas DRY RUN: 0
Nuevas órdenes: 0
Operaciones cerradas sincronizadas: 0
Errores: 0
Duración del ciclo: 0.23s
Intervalo objetivo: 30s
Próximo ciclo en: 29.77s
----------------------------------------------------------------------------------------

========================================================================================
CICLO #0120 | 2026-09-03 17:18:40 UTC | símbolos=0
========================================================================================
----------------------------------------------------------------------------------------
RESUMEN DEL CICLO #0120
Símbolos analizados: 0
Sin señal: 0
Esperando/otros: 0
Señales rechazadas: 0
Bloqueadas por estado/límites: 0
Validadas DRY RUN: 0
Nuevas órdenes: 0
Operaciones cerradas sincronizadas: 0
Errores: 0
Duración del ciclo: 0.02s
Intervalo objetivo: 30s
Próximo ciclo en: 29.98s
----------------------------------------------------------------------------------------

========================================================================================
CICLO #0121 | 2026-09-03 17:19:10 UTC | símbolos=8
========================================================================================
[01/08] START Multi Step 2 Index
[01/08] END   Multi Step 2 Index | 0.03s | ARPS REGIME BLOCKED
    Motivo: SIN_TENDENCIA_M15
[02/08] START Multi Step 3 Index
[02/08] END   Multi Step 3 Index | 0.03s | ARPS WAITING SETUP
    Motivo: m5_atr_regime,m5_structure_break,m1_follow_through,m1_strong_close
[03/08] START Multi Step 4 Index
[03/08] END   Multi Step 4 Index | 0.03s | ARPS REGIME BLOCKED
    Motivo: SIN_TENDENCIA_M15
[04/08] START Step Index
[04/08] END   Step Index | 0.03s | ARPS REGIME BLOCKED
    Motivo: SIN_TENDENCIA_M15
[05/08] START Step Index 200
[05/08] END   Step Index 200 | 0.03s | ARPS WAITING SETUP
    Motivo: m5_structure_break,m1_rejection,m1_follow_through
[06/08] START Step Index 300
[06/08] END   Step Index 300 | 0.03s | ARPS WAITING SETUP
    Motivo: m5_structure_break,m1_rejection
[07/08] START Step Index 400
[07/08] END   Step Index 400 | 0.02s | ARPS REGIME BLOCKED
    Motivo: SIN_TENDENCIA_M15
[08/08] START Step Index 500
[08/08] END   Step Index 500 | 0.02s | ARPS REGIME BLOCKED
    Motivo: SIN_TENDENCIA_M15
----------------------------------------------------------------------------------------
RESUMEN DEL CICLO #0121
Símbolos analizados: 8
Sin señal: 0
Esperando/otros: 8
Señales rechazadas: 0
Bloqueadas por estado/límites: 0
Validadas DRY RUN: 0
Nuevas órdenes: 0
Operaciones cerradas sincronizadas: 0
Errores: 0
Duración del ciclo: 0.26s
Intervalo objetivo: 30s
Próximo ciclo en: 29.74s
----------------------------------------------------------------------------------------

========================================================================================
CICLO #0122 | 2026-09-03 17:19:40 UTC | símbolos=0
========================================================================================
----------------------------------------------------------------------------------------
RESUMEN DEL CICLO #0122
Símbolos analizados: 0
Sin señal: 0
Esperando/otros: 0
Señales rechazadas: 0
Bloqueadas por estado/límites: 0
Validadas DRY RUN: 0
Nuevas órdenes: 0
Operaciones cerradas sincronizadas: 0
Errores: 0
Duración del ciclo: 0.02s
Intervalo objetivo: 30s
Próximo ciclo en: 29.98s
----------------------------------------------------------------------------------------

========================================================================================
CICLO #0123 | 2026-09-03 17:20:10 UTC | símbolos=8
========================================================================================
[01/08] START Multi Step 2 Index
[01/08] END   Multi Step 2 Index | 0.03s | ARPS REGIME BLOCKED
    Motivo: SIN_TENDENCIA_M15
[02/08] START Multi Step 3 Index
[02/08] END   Multi Step 3 Index | 0.03s | ARPS WAITING SETUP
    Motivo: m5_atr_regime,m5_structure_break,m1_rejection,m1_follow_through,m1_strong_close
[03/08] START Multi Step 4 Index
[03/08] END   Multi Step 4 Index | 0.03s | ARPS REGIME BLOCKED
    Motivo: SIN_TENDENCIA_M15
[04/08] START Step Index
[04/08] END   Step Index | 0.03s | ARPS REGIME BLOCKED
    Motivo: SIN_TENDENCIA_M15
[05/08] START Step Index 200
[05/08] END   Step Index 200 | 0.03s | ARPS WAITING SETUP
    Motivo: m5_structure_break,m1_rejection
[06/08] START Step Index 300
[06/08] END   Step Index 300 | 0.03s | ARPS WAITING SETUP
    Motivo: m5_structure_break,m1_rejection,m1_follow_through
[07/08] START Step Index 400
[07/08] END   Step Index 400 | 0.03s | ARPS REGIME BLOCKED
    Motivo: SIN_TENDENCIA_M15
[08/08] START Step Index 500
[08/08] END   Step Index 500 | 0.02s | ARPS REGIME BLOCKED
    Motivo: SIN_TENDENCIA_M15
----------------------------------------------------------------------------------------
RESUMEN DEL CICLO #0123
Símbolos analizados: 8
Sin señal: 0
Esperando/otros: 8
Señales rechazadas: 0
Bloqueadas por estado/límites: 0
Validadas DRY RUN: 0
Nuevas órdenes: 0
Operaciones cerradas sincronizadas: 0
Errores: 0
Duración del ciclo: 0.28s
Intervalo objetivo: 30s
Próximo ciclo en: 29.72s
----------------------------------------------------------------------------------------

========================================================================================
CICLO #0124 | 2026-09-03 17:20:40 UTC | símbolos=0
========================================================================================
----------------------------------------------------------------------------------------
RESUMEN DEL CICLO #0124
Símbolos analizados: 0
Sin señal: 0
Esperando/otros: 0
Señales rechazadas: 0
Bloqueadas por estado/límites: 0
Validadas DRY RUN: 0
Nuevas órdenes: 0
Operaciones cerradas sincronizadas: 0
Errores: 0
Duración del ciclo: 0.02s
Intervalo objetivo: 30s
Próximo ciclo en: 29.98s
----------------------------------------------------------------------------------------

========================================================================================
CICLO #0125 | 2026-09-03 17:21:10 UTC | símbolos=8
========================================================================================
[01/08] START Multi Step 2 Index
[01/08] END   Multi Step 2 Index | 0.02s | ARPS REGIME BLOCKED
    Motivo: SIN_TENDENCIA_M15
[02/08] START Multi Step 3 Index
[02/08] END   Multi Step 3 Index | 0.02s | ARPS WAITING SETUP
    Motivo: m5_atr_regime,m5_structure_break,m1_rejection,m1_follow_through
[03/08] START Multi Step 4 Index
[03/08] END   Multi Step 4 Index | 0.02s | ARPS REGIME BLOCKED
    Motivo: SIN_TENDENCIA_M15
[04/08] START Step Index
[04/08] END   Step Index | 0.02s | ARPS REGIME BLOCKED
    Motivo: SIN_TENDENCIA_M15
[05/08] START Step Index 200
[05/08] END   Step Index 200 | 0.03s | ARPS WAITING SETUP
    Motivo: m5_structure_break,m1_rejection,m1_follow_through
[06/08] START Step Index 300
[06/08] END   Step Index 300 | 0.02s | ARPS WAITING SETUP
    Motivo: m5_structure_break,m1_rejection,m1_follow_through,m1_strong_close
[07/08] START Step Index 400
[07/08] END   Step Index 400 | 0.02s | ARPS REGIME BLOCKED
    Motivo: SIN_TENDENCIA_M15
[08/08] START Step Index 500
[08/08] END   Step Index 500 | 0.02s | ARPS REGIME BLOCKED
    Motivo: SIN_TENDENCIA_M15
----------------------------------------------------------------------------------------
RESUMEN DEL CICLO #0125
Símbolos analizados: 8
Sin señal: 0
Esperando/otros: 8
Señales rechazadas: 0
Bloqueadas por estado/límites: 0
Validadas DRY RUN: 0
Nuevas órdenes: 0
Operaciones cerradas sincronizadas: 0
Errores: 0
Duración del ciclo: 0.20s
Intervalo objetivo: 30s
Próximo ciclo en: 29.80s
----------------------------------------------------------------------------------------

========================================================================================
CICLO #0126 | 2026-09-03 17:21:40 UTC | símbolos=0
========================================================================================
----------------------------------------------------------------------------------------
RESUMEN DEL CICLO #0126
Símbolos analizados: 0
Sin señal: 0
Esperando/otros: 0
Señales rechazadas: 0
Bloqueadas por estado/límites: 0
Validadas DRY RUN: 0
Nuevas órdenes: 0
Operaciones cerradas sincronizadas: 0
Errores: 0
Duración del ciclo: 0.02s
Intervalo objetivo: 30s
Próximo ciclo en: 29.98s
----------------------------------------------------------------------------------------

========================================================================================
CICLO #0127 | 2026-09-03 17:22:10 UTC | símbolos=8
========================================================================================
[01/08] START Multi Step 2 Index
[01/08] END   Multi Step 2 Index | 0.02s | ARPS REGIME BLOCKED
    Motivo: SIN_TENDENCIA_M15
[02/08] START Multi Step 3 Index
[02/08] END   Multi Step 3 Index | 0.02s | ARPS WAITING SETUP
    Motivo: m5_atr_regime,m5_structure_break,m1_rejection,m1_follow_through
[03/08] START Multi Step 4 Index
[03/08] END   Multi Step 4 Index | 0.02s | ARPS REGIME BLOCKED
    Motivo: SIN_TENDENCIA_M15
[04/08] START Step Index
[04/08] END   Step Index | 0.02s | ARPS REGIME BLOCKED
    Motivo: SIN_TENDENCIA_M15
[05/08] START Step Index 200
[05/08] END   Step Index 200 | 0.03s | ARPS WAITING SETUP
    Motivo: m5_structure_break,m1_rejection
[06/08] START Step Index 300
[06/08] END   Step Index 300 | 0.02s | ARPS WAITING SETUP
    Motivo: m5_structure_break,m1_rejection
[07/08] START Step Index 400
[07/08] END   Step Index 400 | 0.02s | ARPS REGIME BLOCKED
    Motivo: SIN_TENDENCIA_M15
[08/08] START Step Index 500
[08/08] END   Step Index 500 | 0.02s | ARPS REGIME BLOCKED
    Motivo: SIN_TENDENCIA_M15
----------------------------------------------------------------------------------------
RESUMEN DEL CICLO #0127
Símbolos analizados: 8
Sin señal: 0
Esperando/otros: 8
Señales rechazadas: 0
Bloqueadas por estado/límites: 0
Validadas DRY RUN: 0
Nuevas órdenes: 0
Operaciones cerradas sincronizadas: 0
Errores: 0
Duración del ciclo: 0.21s
Intervalo objetivo: 30s
Próximo ciclo en: 29.79s
----------------------------------------------------------------------------------------

========================================================================================
CICLO #0128 | 2026-09-03 17:22:40 UTC | símbolos=0
========================================================================================
----------------------------------------------------------------------------------------
RESUMEN DEL CICLO #0128
Símbolos analizados: 0
Sin señal: 0
Esperando/otros: 0
Señales rechazadas: 0
Bloqueadas por estado/límites: 0
Validadas DRY RUN: 0
Nuevas órdenes: 0
Operaciones cerradas sincronizadas: 0
Errores: 0
Duración del ciclo: 0.03s
Intervalo objetivo: 30s
Próximo ciclo en: 29.97s
----------------------------------------------------------------------------------------

========================================================================================
CICLO #0129 | 2026-09-03 17:23:10 UTC | símbolos=8
========================================================================================
[01/08] START Multi Step 2 Index
[01/08] END   Multi Step 2 Index | 0.02s | ARPS REGIME BLOCKED
    Motivo: SIN_TENDENCIA_M15
[02/08] START Multi Step 3 Index
[02/08] END   Multi Step 3 Index | 0.02s | ARPS WAITING SETUP
    Motivo: m5_atr_regime,m5_structure_break,m1_rejection
[03/08] START Multi Step 4 Index
[03/08] END   Multi Step 4 Index | 0.02s | ARPS REGIME BLOCKED
    Motivo: SIN_TENDENCIA_M15
[04/08] START Step Index
[04/08] END   Step Index | 0.02s | ARPS REGIME BLOCKED
    Motivo: SIN_TENDENCIA_M15
[05/08] START Step Index 200
[05/08] END   Step Index 200 | 0.03s | ARPS WAITING SETUP
    Motivo: m5_structure_break,m1_follow_through
[06/08] START Step Index 300
[06/08] END   Step Index 300 | 0.02s | ARPS WAITING SETUP
    Motivo: m5_structure_break,m1_follow_through
[07/08] START Step Index 400
[07/08] END   Step Index 400 | 0.02s | ARPS REGIME BLOCKED
    Motivo: SIN_TENDENCIA_M15
[08/08] START Step Index 500
[08/08] END   Step Index 500 | 0.02s | ARPS REGIME BLOCKED
    Motivo: SIN_TENDENCIA_M15
----------------------------------------------------------------------------------------
RESUMEN DEL CICLO #0129
Símbolos analizados: 8
Sin señal: 0
Esperando/otros: 8
Señales rechazadas: 0
Bloqueadas por estado/límites: 0
Validadas DRY RUN: 0
Nuevas órdenes: 0
Operaciones cerradas sincronizadas: 0
Errores: 0
Duración del ciclo: 0.23s
Intervalo objetivo: 30s
Próximo ciclo en: 29.77s
----------------------------------------------------------------------------------------

========================================================================================
CICLO #0130 | 2026-09-03 17:23:40 UTC | símbolos=0
========================================================================================
----------------------------------------------------------------------------------------
RESUMEN DEL CICLO #0130
Símbolos analizados: 0
Sin señal: 0
Esperando/otros: 0
Señales rechazadas: 0
Bloqueadas por estado/límites: 0
Validadas DRY RUN: 0
Nuevas órdenes: 0
Operaciones cerradas sincronizadas: 0
Errores: 0
Duración del ciclo: 0.02s
Intervalo objetivo: 30s
Próximo ciclo en: 29.98s
----------------------------------------------------------------------------------------

========================================================================================
CICLO #0131 | 2026-09-03 17:24:10 UTC | símbolos=8
========================================================================================
[01/08] START Multi Step 2 Index
[01/08] END   Multi Step 2 Index | 0.02s | ARPS REGIME BLOCKED
    Motivo: SIN_TENDENCIA_M15
[02/08] START Multi Step 3 Index
[02/08] END   Multi Step 3 Index | 0.02s | ARPS WAITING SETUP
    Motivo: m5_atr_regime,m5_structure_break,m1_follow_through,m1_strong_close
[03/08] START Multi Step 4 Index
[03/08] END   Multi Step 4 Index | 0.02s | ARPS REGIME BLOCKED
    Motivo: SIN_TENDENCIA_M15
[04/08] START Step Index
[04/08] END   Step Index | 0.02s | ARPS REGIME BLOCKED
    Motivo: SIN_TENDENCIA_M15
[05/08] START Step Index 200
[05/08] END   Step Index 200 | 0.03s | ARPS WAITING SETUP
    Motivo: m5_structure_break,m1_rejection,m1_follow_through
[06/08] START Step Index 300
[06/08] END   Step Index 300 | 0.02s | ARPS WAITING SETUP
    Motivo: m5_structure_break,m1_rejection,m1_follow_through,m1_strong_close
[07/08] START Step Index 400
[07/08] END   Step Index 400 | 0.02s | ARPS REGIME BLOCKED
    Motivo: SIN_TENDENCIA_M15
[08/08] START Step Index 500
[08/08] END   Step Index 500 | 0.02s | ARPS REGIME BLOCKED
    Motivo: SIN_TENDENCIA_M15
----------------------------------------------------------------------------------------
RESUMEN DEL CICLO #0131
Símbolos analizados: 8
Sin señal: 0
Esperando/otros: 8
Señales rechazadas: 0
Bloqueadas por estado/límites: 0
Validadas DRY RUN: 0
Nuevas órdenes: 0
Operaciones cerradas sincronizadas: 0
Errores: 0
Duración del ciclo: 0.22s
Intervalo objetivo: 30s
Próximo ciclo en: 29.78s
----------------------------------------------------------------------------------------

========================================================================================
CICLO #0132 | 2026-09-03 17:24:40 UTC | símbolos=0
========================================================================================
----------------------------------------------------------------------------------------
RESUMEN DEL CICLO #0132
Símbolos analizados: 0
Sin señal: 0
Esperando/otros: 0
Señales rechazadas: 0
Bloqueadas por estado/límites: 0
Validadas DRY RUN: 0
Nuevas órdenes: 0
Operaciones cerradas sincronizadas: 0
Errores: 0
Duración del ciclo: 0.02s
Intervalo objetivo: 30s
Próximo ciclo en: 29.98s
----------------------------------------------------------------------------------------

========================================================================================
CICLO #0133 | 2026-09-03 17:25:10 UTC | símbolos=8
========================================================================================
[01/08] START Multi Step 2 Index
[01/08] END   Multi Step 2 Index | 0.02s | ARPS REGIME BLOCKED
    Motivo: SIN_TENDENCIA_M15
[02/08] START Multi Step 3 Index
[02/08] END   Multi Step 3 Index | 0.03s | ARPS WAITING SETUP
    Motivo: m5_structure_break,m1_rejection,m1_strong_close
[03/08] START Multi Step 4 Index
[03/08] END   Multi Step 4 Index | 0.02s | ARPS REGIME BLOCKED
    Motivo: SIN_TENDENCIA_M15
[04/08] START Step Index
[04/08] END   Step Index | 0.03s | ARPS REGIME BLOCKED
    Motivo: SIN_TENDENCIA_M15
[05/08] START Step Index 200
[05/08] END   Step Index 200 | 0.03s | ARPS WAITING SETUP
    Motivo: m1_rejection,m1_strong_close
[06/08] START Step Index 300
[06/08] END   Step Index 300 | 0.03s | ARPS WAITING SETUP
    Motivo: m5_structure_break,m1_rejection,m1_follow_through
[07/08] START Step Index 400
[07/08] END   Step Index 400 | 0.02s | ARPS REGIME BLOCKED
    Motivo: SIN_TENDENCIA_M15
[08/08] START Step Index 500
[08/08] END   Step Index 500 | 0.02s | ARPS REGIME BLOCKED
    Motivo: SIN_TENDENCIA_M15
----------------------------------------------------------------------------------------
RESUMEN DEL CICLO #0133
Símbolos analizados: 8
Sin señal: 0
Esperando/otros: 8
Señales rechazadas: 0
Bloqueadas por estado/límites: 0
Validadas DRY RUN: 0
Nuevas órdenes: 0
Operaciones cerradas sincronizadas: 0
Errores: 0
Duración del ciclo: 0.26s
Intervalo objetivo: 30s
Próximo ciclo en: 29.74s
----------------------------------------------------------------------------------------

========================================================================================
CICLO #0134 | 2026-09-03 17:25:40 UTC | símbolos=0
========================================================================================
----------------------------------------------------------------------------------------
RESUMEN DEL CICLO #0134
Símbolos analizados: 0
Sin señal: 0
Esperando/otros: 0
Señales rechazadas: 0
Bloqueadas por estado/límites: 0
Validadas DRY RUN: 0
Nuevas órdenes: 0
Operaciones cerradas sincronizadas: 0
Errores: 0
Duración del ciclo: 0.03s
Intervalo objetivo: 30s
Próximo ciclo en: 29.97s
----------------------------------------------------------------------------------------

========================================================================================
CICLO #0135 | 2026-09-03 17:26:10 UTC | símbolos=8
========================================================================================
[01/08] START Multi Step 2 Index
[01/08] END   Multi Step 2 Index | 0.02s | ARPS REGIME BLOCKED
    Motivo: SIN_TENDENCIA_M15
[02/08] START Multi Step 3 Index
[02/08] END   Multi Step 3 Index | 0.02s | ARPS WAITING SETUP
    Motivo: m5_structure_break,m1_follow_through
[03/08] START Multi Step 4 Index
[03/08] END   Multi Step 4 Index | 0.02s | ARPS REGIME BLOCKED
    Motivo: SIN_TENDENCIA_M15
[04/08] START Step Index
[04/08] END   Step Index | 0.02s | ARPS REGIME BLOCKED
    Motivo: SIN_TENDENCIA_M15
[05/08] START Step Index 200
[05/08] END   Step Index 200 | 0.02s | ARPS WAITING SETUP
    Motivo: m1_follow_through
[06/08] START Step Index 300
[06/08] END   Step Index 300 | 0.02s | ARPS WAITING SETUP
    Motivo: m5_structure_break,m1_rejection
[07/08] START Step Index 400
[07/08] END   Step Index 400 | 0.02s | ARPS REGIME BLOCKED
    Motivo: SIN_TENDENCIA_M15
[08/08] START Step Index 500
[08/08] END   Step Index 500 | 0.02s | ARPS REGIME BLOCKED
    Motivo: SIN_TENDENCIA_M15
----------------------------------------------------------------------------------------
RESUMEN DEL CICLO #0135
Símbolos analizados: 8
Sin señal: 0
Esperando/otros: 8
Señales rechazadas: 0
Bloqueadas por estado/límites: 0
Validadas DRY RUN: 0
Nuevas órdenes: 0
Operaciones cerradas sincronizadas: 0
Errores: 0
Duración del ciclo: 0.19s
Intervalo objetivo: 30s
Próximo ciclo en: 29.81s
----------------------------------------------------------------------------------------

========================================================================================
CICLO #0136 | 2026-09-03 17:26:40 UTC | símbolos=0
========================================================================================
----------------------------------------------------------------------------------------
RESUMEN DEL CICLO #0136
Símbolos analizados: 0
Sin señal: 0
Esperando/otros: 0
Señales rechazadas: 0
Bloqueadas por estado/límites: 0
Validadas DRY RUN: 0
Nuevas órdenes: 0
Operaciones cerradas sincronizadas: 0
Errores: 0
Duración del ciclo: 0.02s
Intervalo objetivo: 30s
Próximo ciclo en: 29.98s
----------------------------------------------------------------------------------------

========================================================================================
CICLO #0137 | 2026-09-03 17:27:10 UTC | símbolos=8
========================================================================================
[01/08] START Multi Step 2 Index
[01/08] END   Multi Step 2 Index | 0.02s | ARPS REGIME BLOCKED
    Motivo: SIN_TENDENCIA_M15
[02/08] START Multi Step 3 Index
[02/08] END   Multi Step 3 Index | 0.03s | ARPS WAITING SETUP
    Motivo: m5_structure_break,m1_rejection
[03/08] START Multi Step 4 Index
[03/08] END   Multi Step 4 Index | 0.02s | ARPS REGIME BLOCKED
    Motivo: SIN_TENDENCIA_M15
[04/08] START Step Index
[04/08] END   Step Index | 0.02s | ARPS REGIME BLOCKED
    Motivo: SIN_TENDENCIA_M15
[05/08] START Step Index 200
[05/08] END   Step Index 200 | 0.02s | ARPS WAITING SETUP
    Motivo: m1_rejection,m1_follow_through,m1_strong_close
[06/08] START Step Index 300
[06/08] END   Step Index 300 | 0.03s | ARPS WAITING SETUP
    Motivo: m5_structure_break,m1_rejection,m1_follow_through,m1_strong_close
[07/08] START Step Index 400
[07/08] END   Step Index 400 | 0.02s | ARPS REGIME BLOCKED
    Motivo: SIN_TENDENCIA_M15
[08/08] START Step Index 500
[08/08] END   Step Index 500 | 0.02s | ARPS REGIME BLOCKED
    Motivo: SIN_TENDENCIA_M15
----------------------------------------------------------------------------------------
RESUMEN DEL CICLO #0137
Símbolos analizados: 8
Sin señal: 0
Esperando/otros: 8
Señales rechazadas: 0
Bloqueadas por estado/límites: 0
Validadas DRY RUN: 0
Nuevas órdenes: 0
Operaciones cerradas sincronizadas: 0
Errores: 0
Duración del ciclo: 0.23s
Intervalo objetivo: 30s
Próximo ciclo en: 29.77s
----------------------------------------------------------------------------------------

========================================================================================
CICLO #0138 | 2026-09-03 17:27:40 UTC | símbolos=0
========================================================================================
----------------------------------------------------------------------------------------
RESUMEN DEL CICLO #0138
Símbolos analizados: 0
Sin señal: 0
Esperando/otros: 0
Señales rechazadas: 0
Bloqueadas por estado/límites: 0
Validadas DRY RUN: 0
Nuevas órdenes: 0
Operaciones cerradas sincronizadas: 0
Errores: 0
Duración del ciclo: 0.02s
Intervalo objetivo: 30s
Próximo ciclo en: 29.98s
----------------------------------------------------------------------------------------

========================================================================================
CICLO #0139 | 2026-09-03 17:28:10 UTC | símbolos=8
========================================================================================
[01/08] START Multi Step 2 Index
[01/08] END   Multi Step 2 Index | 0.02s | ARPS REGIME BLOCKED
    Motivo: SIN_TENDENCIA_M15
[02/08] START Multi Step 3 Index
[02/08] END   Multi Step 3 Index | 0.03s | ARPS WAITING SETUP
    Motivo: m5_structure_break,m1_follow_through
[03/08] START Multi Step 4 Index
[03/08] END   Multi Step 4 Index | 0.02s | ARPS REGIME BLOCKED
    Motivo: SIN_TENDENCIA_M15
[04/08] START Step Index
[04/08] END   Step Index | 0.02s | ARPS REGIME BLOCKED
    Motivo: SIN_TENDENCIA_M15
[05/08] START Step Index 200
[05/08] END   Step Index 200 | 0.03s | ARPS WAITING SETUP
    Motivo: m1_rejection,m1_follow_through,m1_strong_close
[06/08] START Step Index 300
[06/08] END   Step Index 300 | 0.02s | ARPS WAITING SETUP
    Motivo: m5_structure_break,m1_rejection,m1_strong_close
[07/08] START Step Index 400
[07/08] END   Step Index 400 | 0.02s | ARPS REGIME BLOCKED
    Motivo: SIN_TENDENCIA_M15
[08/08] START Step Index 500
[08/08] END   Step Index 500 | 0.02s | ARPS REGIME BLOCKED
    Motivo: SIN_TENDENCIA_M15
----------------------------------------------------------------------------------------
RESUMEN DEL CICLO #0139
Símbolos analizados: 8
Sin señal: 0
Esperando/otros: 8
Señales rechazadas: 0
Bloqueadas por estado/límites: 0
Validadas DRY RUN: 0
Nuevas órdenes: 0
Operaciones cerradas sincronizadas: 0
Errores: 0
Duración del ciclo: 0.24s
Intervalo objetivo: 30s
Próximo ciclo en: 29.76s
----------------------------------------------------------------------------------------

========================================================================================
CICLO #0140 | 2026-09-03 17:28:40 UTC | símbolos=0
========================================================================================
----------------------------------------------------------------------------------------
RESUMEN DEL CICLO #0140
Símbolos analizados: 0
Sin señal: 0
Esperando/otros: 0
Señales rechazadas: 0
Bloqueadas por estado/límites: 0
Validadas DRY RUN: 0
Nuevas órdenes: 0
Operaciones cerradas sincronizadas: 0
Errores: 0
Duración del ciclo: 0.02s
Intervalo objetivo: 30s
Próximo ciclo en: 29.98s
----------------------------------------------------------------------------------------

========================================================================================
CICLO #0141 | 2026-09-03 17:29:10 UTC | símbolos=8
========================================================================================
[01/08] START Multi Step 2 Index
[01/08] END   Multi Step 2 Index | 0.02s | ARPS REGIME BLOCKED
    Motivo: SIN_TENDENCIA_M15
[02/08] START Multi Step 3 Index
[02/08] END   Multi Step 3 Index | 0.02s | ARPS WAITING SETUP
    Motivo: m5_structure_break,m1_rejection,m1_follow_through
[03/08] START Multi Step 4 Index
[03/08] END   Multi Step 4 Index | 0.02s | ARPS REGIME BLOCKED
    Motivo: SIN_TENDENCIA_M15
[04/08] START Step Index
[04/08] END   Step Index | 0.02s | ARPS REGIME BLOCKED
    Motivo: SIN_TENDENCIA_M15
[05/08] START Step Index 200
[05/08] END   Step Index 200 | 0.02s | ARPS WAITING SETUP
    Motivo: m1_rejection,m1_follow_through
[06/08] START Step Index 300
[06/08] END   Step Index 300 | 0.02s | ARPS WAITING SETUP
    Motivo: m5_structure_break,m1_follow_through,m1_strong_close
[07/08] START Step Index 400
[07/08] END   Step Index 400 | 0.02s | ARPS REGIME BLOCKED
    Motivo: SIN_TENDENCIA_M15
[08/08] START Step Index 500
[08/08] END   Step Index 500 | 0.02s | ARPS REGIME BLOCKED
    Motivo: SIN_TENDENCIA_M15
----------------------------------------------------------------------------------------
RESUMEN DEL CICLO #0141
Símbolos analizados: 8
Sin señal: 0
Esperando/otros: 8
Señales rechazadas: 0
Bloqueadas por estado/límites: 0
Validadas DRY RUN: 0
Nuevas órdenes: 0
Operaciones cerradas sincronizadas: 0
Errores: 0
Duración del ciclo: 0.22s
Intervalo objetivo: 30s
Próximo ciclo en: 29.78s
----------------------------------------------------------------------------------------

========================================================================================
CICLO #0142 | 2026-09-03 17:29:40 UTC | símbolos=0
========================================================================================
----------------------------------------------------------------------------------------
RESUMEN DEL CICLO #0142
Símbolos analizados: 0
Sin señal: 0
Esperando/otros: 0
Señales rechazadas: 0
Bloqueadas por estado/límites: 0
Validadas DRY RUN: 0
Nuevas órdenes: 0
Operaciones cerradas sincronizadas: 0
Errores: 0
Duración del ciclo: 0.02s
Intervalo objetivo: 30s
Próximo ciclo en: 29.98s
----------------------------------------------------------------------------------------

========================================================================================
CICLO #0143 | 2026-09-03 17:30:10 UTC | símbolos=8
========================================================================================
[01/08] START Multi Step 2 Index
[01/08] END   Multi Step 2 Index | 0.03s | ARPS REGIME BLOCKED
    Motivo: SIN_TENDENCIA_M15
[02/08] START Multi Step 3 Index
[02/08] END   Multi Step 3 Index | 0.04s | ARPS WAITING SETUP
    Motivo: m5_structure_break,m1_rejection,m1_follow_through
[03/08] START Multi Step 4 Index
[03/08] END   Multi Step 4 Index | 0.03s | ARPS REGIME BLOCKED
    Motivo: SIN_TENDENCIA_M15
[04/08] START Step Index
[04/08] END   Step Index | 0.03s | ARPS REGIME BLOCKED
    Motivo: ADX_M15_INSUFICIENTE
[05/08] START Step Index 200
[05/08] END   Step Index 200 | 0.03s | ARPS WAITING SETUP
    Motivo: m5_atr_regime,m5_structure_break,m1_rejection,m1_follow_through
[06/08] START Step Index 300
[06/08] END   Step Index 300 | 0.03s | ARPS WAITING SETUP
    Motivo: m5_structure_break,m1_rejection
[07/08] START Step Index 400
[07/08] END   Step Index 400 | 0.03s | ARPS REGIME BLOCKED
    Motivo: SIN_TENDENCIA_M15
[08/08] START Step Index 500
[08/08] END   Step Index 500 | 0.03s | ARPS REGIME BLOCKED
    Motivo: SIN_TENDENCIA_M15
----------------------------------------------------------------------------------------
RESUMEN DEL CICLO #0143
Símbolos analizados: 8
Sin señal: 0
Esperando/otros: 8
Señales rechazadas: 0
Bloqueadas por estado/límites: 0
Validadas DRY RUN: 0
Nuevas órdenes: 0
Operaciones cerradas sincronizadas: 0
Errores: 0
Duración del ciclo: 0.33s
Intervalo objetivo: 30s
Próximo ciclo en: 29.67s
----------------------------------------------------------------------------------------

========================================================================================
CICLO #0144 | 2026-09-03 17:30:40 UTC | símbolos=0
========================================================================================
----------------------------------------------------------------------------------------
RESUMEN DEL CICLO #0144
Símbolos analizados: 0
Sin señal: 0
Esperando/otros: 0
Señales rechazadas: 0
Bloqueadas por estado/límites: 0
Validadas DRY RUN: 0
Nuevas órdenes: 0
Operaciones cerradas sincronizadas: 0
Errores: 0
Duración del ciclo: 0.03s
Intervalo objetivo: 30s
Próximo ciclo en: 29.97s
----------------------------------------------------------------------------------------

========================================================================================
CICLO #0145 | 2026-09-03 17:31:10 UTC | símbolos=8
========================================================================================
[01/08] START Multi Step 2 Index
[01/08] END   Multi Step 2 Index | 0.02s | ARPS REGIME BLOCKED
    Motivo: SIN_TENDENCIA_M15
[02/08] START Multi Step 3 Index
[02/08] END   Multi Step 3 Index | 0.02s | ARPS WAITING SETUP
    Motivo: m5_structure_break,m1_rejection,m1_follow_through
[03/08] START Multi Step 4 Index
[03/08] END   Multi Step 4 Index | 0.02s | ARPS REGIME BLOCKED
    Motivo: SIN_TENDENCIA_M15
[04/08] START Step Index
[04/08] END   Step Index | 0.02s | ARPS REGIME BLOCKED
    Motivo: ADX_M15_INSUFICIENTE
[05/08] START Step Index 200
[05/08] END   Step Index 200 | 0.03s | ARPS WAITING SETUP
    Motivo: m5_atr_regime,m5_structure_break,m1_rejection
[06/08] START Step Index 300
[06/08] END   Step Index 300 | 0.02s | ARPS WAITING SETUP
    Motivo: m5_structure_break,m1_rejection,m1_follow_through
[07/08] START Step Index 400
[07/08] END   Step Index 400 | 0.02s | ARPS REGIME BLOCKED
    Motivo: SIN_TENDENCIA_M15
[08/08] START Step Index 500
[08/08] END   Step Index 500 | 0.02s | ARPS REGIME BLOCKED
    Motivo: SIN_TENDENCIA_M15
----------------------------------------------------------------------------------------
RESUMEN DEL CICLO #0145
Símbolos analizados: 8
Sin señal: 0
Esperando/otros: 8
Señales rechazadas: 0
Bloqueadas por estado/límites: 0
Validadas DRY RUN: 0
Nuevas órdenes: 0
Operaciones cerradas sincronizadas: 0
Errores: 0
Duración del ciclo: 0.19s
Intervalo objetivo: 30s
Próximo ciclo en: 29.81s
----------------------------------------------------------------------------------------

========================================================================================
CICLO #0146 | 2026-09-03 17:31:40 UTC | símbolos=0
========================================================================================
----------------------------------------------------------------------------------------
RESUMEN DEL CICLO #0146
Símbolos analizados: 0
Sin señal: 0
Esperando/otros: 0
Señales rechazadas: 0
Bloqueadas por estado/límites: 0
Validadas DRY RUN: 0
Nuevas órdenes: 0
Operaciones cerradas sincronizadas: 0
Errores: 0
Duración del ciclo: 0.02s
Intervalo objetivo: 30s
Próximo ciclo en: 29.98s
----------------------------------------------------------------------------------------

========================================================================================
CICLO #0147 | 2026-09-03 17:32:10 UTC | símbolos=8
========================================================================================
[01/08] START Multi Step 2 Index
[01/08] END   Multi Step 2 Index | 0.02s | ARPS REGIME BLOCKED
    Motivo: SIN_TENDENCIA_M15
[02/08] START Multi Step 3 Index
[02/08] END   Multi Step 3 Index | 0.03s | ARPS WAITING SETUP
    Motivo: m5_structure_break,m1_rejection,m1_follow_through,m1_strong_close
[03/08] START Multi Step 4 Index
[03/08] END   Multi Step 4 Index | 0.02s | ARPS REGIME BLOCKED
    Motivo: SIN_TENDENCIA_M15
[04/08] START Step Index
[04/08] END   Step Index | 0.02s | ARPS REGIME BLOCKED
    Motivo: ADX_M15_INSUFICIENTE
[05/08] START Step Index 200
[05/08] END   Step Index 200 | 0.02s | ARPS WAITING SETUP
    Motivo: m5_atr_regime,m5_structure_break,m1_follow_through,m1_strong_close
[06/08] START Step Index 300
[06/08] END   Step Index 300 | 0.02s | ARPS WAITING SETUP
    Motivo: m5_structure_break,m1_rejection,m1_strong_close
[07/08] START Step Index 400
[07/08] END   Step Index 400 | 0.02s | ARPS REGIME BLOCKED
    Motivo: SIN_TENDENCIA_M15
[08/08] START Step Index 500
[08/08] END   Step Index 500 | 0.02s | ARPS REGIME BLOCKED
    Motivo: SIN_TENDENCIA_M15
----------------------------------------------------------------------------------------
RESUMEN DEL CICLO #0147
Símbolos analizados: 8
Sin señal: 0
Esperando/otros: 8
Señales rechazadas: 0
Bloqueadas por estado/límites: 0
Validadas DRY RUN: 0
Nuevas órdenes: 0
Operaciones cerradas sincronizadas: 0
Errores: 0
Duración del ciclo: 0.22s
Intervalo objetivo: 30s
Próximo ciclo en: 29.78s
----------------------------------------------------------------------------------------

========================================================================================
CICLO #0148 | 2026-09-03 17:32:40 UTC | símbolos=0
========================================================================================
----------------------------------------------------------------------------------------
RESUMEN DEL CICLO #0148
Símbolos analizados: 0
Sin señal: 0
Esperando/otros: 0
Señales rechazadas: 0
Bloqueadas por estado/límites: 0
Validadas DRY RUN: 0
Nuevas órdenes: 0
Operaciones cerradas sincronizadas: 0
Errores: 0
Duración del ciclo: 0.02s
Intervalo objetivo: 30s
Próximo ciclo en: 29.98s
----------------------------------------------------------------------------------------

========================================================================================
CICLO #0149 | 2026-09-03 17:33:10 UTC | símbolos=8
========================================================================================
[01/08] START Multi Step 2 Index
[01/08] END   Multi Step 2 Index | 0.02s | ARPS REGIME BLOCKED
    Motivo: SIN_TENDENCIA_M15
[02/08] START Multi Step 3 Index
[02/08] END   Multi Step 3 Index | 0.03s | ARPS WAITING SETUP
    Motivo: m5_structure_break,m1_follow_through
[03/08] START Multi Step 4 Index
[03/08] END   Multi Step 4 Index | 0.02s | ARPS REGIME BLOCKED
    Motivo: SIN_TENDENCIA_M15
[04/08] START Step Index
[04/08] END   Step Index | 0.02s | ARPS REGIME BLOCKED
    Motivo: ADX_M15_INSUFICIENTE
[05/08] START Step Index 200
[05/08] END   Step Index 200 | 0.03s | ARPS WAITING SETUP
    Motivo: m5_atr_regime,m5_structure_break,m1_rejection,m1_follow_through
[06/08] START Step Index 300
[06/08] END   Step Index 300 | 0.02s | ARPS WAITING SETUP
    Motivo: m5_structure_break,m1_follow_through
[07/08] START Step Index 400
[07/08] END   Step Index 400 | 0.02s | ARPS REGIME BLOCKED
    Motivo: SIN_TENDENCIA_M15
[08/08] START Step Index 500
[08/08] END   Step Index 500 | 0.02s | ARPS REGIME BLOCKED
    Motivo: SIN_TENDENCIA_M15
----------------------------------------------------------------------------------------
RESUMEN DEL CICLO #0149
Símbolos analizados: 8
Sin señal: 0
Esperando/otros: 8
Señales rechazadas: 0
Bloqueadas por estado/límites: 0
Validadas DRY RUN: 0
Nuevas órdenes: 0
Operaciones cerradas sincronizadas: 0
Errores: 0
Duración del ciclo: 0.24s
Intervalo objetivo: 30s
Próximo ciclo en: 29.76s
----------------------------------------------------------------------------------------

========================================================================================
CICLO #0150 | 2026-09-03 17:33:40 UTC | símbolos=0
========================================================================================
----------------------------------------------------------------------------------------
RESUMEN DEL CICLO #0150
Símbolos analizados: 0
Sin señal: 0
Esperando/otros: 0
Señales rechazadas: 0
Bloqueadas por estado/límites: 0
Validadas DRY RUN: 0
Nuevas órdenes: 0
Operaciones cerradas sincronizadas: 0
Errores: 0
Duración del ciclo: 0.02s
Intervalo objetivo: 30s
Próximo ciclo en: 29.98s
----------------------------------------------------------------------------------------

========================================================================================
CICLO #0151 | 2026-09-03 17:34:10 UTC | símbolos=8
========================================================================================
[01/08] START Multi Step 2 Index
[01/08] END   Multi Step 2 Index | 0.02s | ARPS REGIME BLOCKED
    Motivo: SIN_TENDENCIA_M15
[02/08] START Multi Step 3 Index
[02/08] END   Multi Step 3 Index | 0.02s | ARPS WAITING SETUP
    Motivo: m5_structure_break,m1_rejection,m1_follow_through,m1_strong_close
[03/08] START Multi Step 4 Index
[03/08] END   Multi Step 4 Index | 0.02s | ARPS REGIME BLOCKED
    Motivo: SIN_TENDENCIA_M15
[04/08] START Step Index
[04/08] END   Step Index | 0.02s | ARPS REGIME BLOCKED
    Motivo: ADX_M15_INSUFICIENTE
[05/08] START Step Index 200
[05/08] END   Step Index 200 | 0.03s | ARPS WAITING SETUP
    Motivo: m5_atr_regime,m5_structure_break,m1_rejection,m1_follow_through
[06/08] START Step Index 300
[06/08] END   Step Index 300 | 0.03s | ARPS WAITING SETUP
    Motivo: m5_structure_break,m1_rejection,m1_strong_close
[07/08] START Step Index 400
[07/08] END   Step Index 400 | 0.02s | ARPS REGIME BLOCKED
    Motivo: SIN_TENDENCIA_M15
[08/08] START Step Index 500
[08/08] END   Step Index 500 | 0.02s | ARPS REGIME BLOCKED
    Motivo: SIN_TENDENCIA_M15
----------------------------------------------------------------------------------------
RESUMEN DEL CICLO #0151
Símbolos analizados: 8
Sin señal: 0
Esperando/otros: 8
Señales rechazadas: 0
Bloqueadas por estado/límites: 0
Validadas DRY RUN: 0
Nuevas órdenes: 0
Operaciones cerradas sincronizadas: 0
Errores: 0
Duración del ciclo: 0.22s
Intervalo objetivo: 30s
Próximo ciclo en: 29.78s
----------------------------------------------------------------------------------------

========================================================================================
CICLO #0152 | 2026-09-03 17:34:40 UTC | símbolos=0
========================================================================================
----------------------------------------------------------------------------------------
RESUMEN DEL CICLO #0152
Símbolos analizados: 0
Sin señal: 0
Esperando/otros: 0
Señales rechazadas: 0
Bloqueadas por estado/límites: 0
Validadas DRY RUN: 0
Nuevas órdenes: 0
Operaciones cerradas sincronizadas: 0
Errores: 0
Duración del ciclo: 0.02s
Intervalo objetivo: 30s
Próximo ciclo en: 29.98s
----------------------------------------------------------------------------------------

========================================================================================
CICLO #0153 | 2026-09-03 17:35:10 UTC | símbolos=8
========================================================================================
[01/08] START Multi Step 2 Index
[01/08] END   Multi Step 2 Index | 0.03s | ARPS REGIME BLOCKED
    Motivo: SIN_TENDENCIA_M15
[02/08] START Multi Step 3 Index
[02/08] END   Multi Step 3 Index | 0.03s | ARPS WAITING SETUP
    Motivo: m5_atr_regime,m5_structure_break,m1_rejection,m1_strong_close
[03/08] START Multi Step 4 Index
[03/08] END   Multi Step 4 Index | 0.03s | ARPS REGIME BLOCKED
    Motivo: SIN_TENDENCIA_M15
[04/08] START Step Index
[04/08] END   Step Index | 0.03s | ARPS REGIME BLOCKED
    Motivo: ADX_M15_INSUFICIENTE
[05/08] START Step Index 200
[05/08] END   Step Index 200 | 0.03s | ARPS WAITING SETUP
    Motivo: m5_structure_break,m1_rejection
[06/08] START Step Index 300
[06/08] END   Step Index 300 | 0.03s | ARPS WAITING SETUP
    Motivo: m5_structure_break,m1_follow_through,m1_strong_close
[07/08] START Step Index 400
[07/08] END   Step Index 400 | 0.03s | ARPS REGIME BLOCKED
    Motivo: SIN_TENDENCIA_M15
[08/08] START Step Index 500
[08/08] END   Step Index 500 | 0.03s | ARPS REGIME BLOCKED
    Motivo: SIN_TENDENCIA_M15
----------------------------------------------------------------------------------------
RESUMEN DEL CICLO #0153
Símbolos analizados: 8
Sin señal: 0
Esperando/otros: 8
Señales rechazadas: 0
Bloqueadas por estado/límites: 0
Validadas DRY RUN: 0
Nuevas órdenes: 0
Operaciones cerradas sincronizadas: 0
Errores: 0
Duración del ciclo: 0.31s
Intervalo objetivo: 30s
Próximo ciclo en: 29.69s
----------------------------------------------------------------------------------------

========================================================================================
CICLO #0154 | 2026-09-03 17:35:40 UTC | símbolos=0
========================================================================================
----------------------------------------------------------------------------------------
RESUMEN DEL CICLO #0154
Símbolos analizados: 0
Sin señal: 0
Esperando/otros: 0
Señales rechazadas: 0
Bloqueadas por estado/límites: 0
Validadas DRY RUN: 0
Nuevas órdenes: 0
Operaciones cerradas sincronizadas: 0
Errores: 0
Duración del ciclo: 0.02s
Intervalo objetivo: 30s
Próximo ciclo en: 29.98s
----------------------------------------------------------------------------------------

========================================================================================
CICLO #0155 | 2026-09-03 17:36:10 UTC | símbolos=8
========================================================================================
[01/08] START Multi Step 2 Index
[01/08] END   Multi Step 2 Index | 0.02s | ARPS REGIME BLOCKED
    Motivo: SIN_TENDENCIA_M15
[02/08] START Multi Step 3 Index
[02/08] END   Multi Step 3 Index | 0.02s | ARPS WAITING SETUP
    Motivo: m5_atr_regime,m5_structure_break,m1_strong_close
[03/08] START Multi Step 4 Index
[03/08] END   Multi Step 4 Index | 0.02s | ARPS REGIME BLOCKED
    Motivo: SIN_TENDENCIA_M15
[04/08] START Step Index
[04/08] END   Step Index | 0.02s | ARPS REGIME BLOCKED
    Motivo: ADX_M15_INSUFICIENTE
[05/08] START Step Index 200
[05/08] END   Step Index 200 | 0.03s | ARPS WAITING SETUP
    Motivo: m5_structure_break,m1_rejection,m1_follow_through,m1_strong_close
[06/08] START Step Index 300
[06/08] END   Step Index 300 | 0.02s | ARPS WAITING SETUP
    Motivo: m5_structure_break,m1_rejection
[07/08] START Step Index 400
[07/08] END   Step Index 400 | 0.02s | ARPS REGIME BLOCKED
    Motivo: SIN_TENDENCIA_M15
[08/08] START Step Index 500
[08/08] END   Step Index 500 | 0.02s | ARPS REGIME BLOCKED
    Motivo: SIN_TENDENCIA_M15
----------------------------------------------------------------------------------------
RESUMEN DEL CICLO #0155
Símbolos analizados: 8
Sin señal: 0
Esperando/otros: 8
Señales rechazadas: 0
Bloqueadas por estado/límites: 0
Validadas DRY RUN: 0
Nuevas órdenes: 0
Operaciones cerradas sincronizadas: 0
Errores: 0
Duración del ciclo: 0.20s
Intervalo objetivo: 30s
Próximo ciclo en: 29.80s
----------------------------------------------------------------------------------------

========================================================================================
CICLO #0156 | 2026-09-03 17:36:40 UTC | símbolos=0
========================================================================================
----------------------------------------------------------------------------------------
RESUMEN DEL CICLO #0156
Símbolos analizados: 0
Sin señal: 0
Esperando/otros: 0
Señales rechazadas: 0
Bloqueadas por estado/límites: 0
Validadas DRY RUN: 0
Nuevas órdenes: 0
Operaciones cerradas sincronizadas: 0
Errores: 0
Duración del ciclo: 0.02s
Intervalo objetivo: 30s
Próximo ciclo en: 29.98s
----------------------------------------------------------------------------------------

========================================================================================
CICLO #0157 | 2026-09-03 17:37:10 UTC | símbolos=8
========================================================================================
[01/08] START Multi Step 2 Index
[01/08] END   Multi Step 2 Index | 0.02s | ARPS REGIME BLOCKED
    Motivo: SIN_TENDENCIA_M15
[02/08] START Multi Step 3 Index
[02/08] END   Multi Step 3 Index | 0.02s | ARPS WAITING SETUP
    Motivo: m5_atr_regime,m5_structure_break,m1_rejection
[03/08] START Multi Step 4 Index
[03/08] END   Multi Step 4 Index | 0.02s | ARPS REGIME BLOCKED
    Motivo: SIN_TENDENCIA_M15
[04/08] START Step Index
[04/08] END   Step Index | 0.02s | ARPS REGIME BLOCKED
    Motivo: ADX_M15_INSUFICIENTE
[05/08] START Step Index 200
[05/08] END   Step Index 200 | 0.02s | ARPS WAITING SETUP
    Motivo: m5_structure_break,m1_follow_through,m1_strong_close
[06/08] START Step Index 300
[06/08] END   Step Index 300 | 0.02s | ARPS WAITING SETUP
    Motivo: m5_structure_break,m1_follow_through
[07/08] START Step Index 400
[07/08] END   Step Index 400 | 0.02s | ARPS REGIME BLOCKED
    Motivo: SIN_TENDENCIA_M15
[08/08] START Step Index 500
[08/08] END   Step Index 500 | 0.02s | ARPS REGIME BLOCKED
    Motivo: SIN_TENDENCIA_M15
----------------------------------------------------------------------------------------
RESUMEN DEL CICLO #0157
Símbolos analizados: 8
Sin señal: 0
Esperando/otros: 8
Señales rechazadas: 0
Bloqueadas por estado/límites: 0
Validadas DRY RUN: 0
Nuevas órdenes: 0
Operaciones cerradas sincronizadas: 0
Errores: 0
Duración del ciclo: 0.21s
Intervalo objetivo: 30s
Próximo ciclo en: 29.79s
----------------------------------------------------------------------------------------

========================================================================================
CICLO #0158 | 2026-09-03 17:37:40 UTC | símbolos=0
========================================================================================
----------------------------------------------------------------------------------------
RESUMEN DEL CICLO #0158
Símbolos analizados: 0
Sin señal: 0
Esperando/otros: 0
Señales rechazadas: 0
Bloqueadas por estado/límites: 0
Validadas DRY RUN: 0
Nuevas órdenes: 0
Operaciones cerradas sincronizadas: 0
Errores: 0
Duración del ciclo: 0.02s
Intervalo objetivo: 30s
Próximo ciclo en: 29.98s
----------------------------------------------------------------------------------------

========================================================================================
CICLO #0159 | 2026-09-03 17:38:10 UTC | símbolos=8
========================================================================================
[01/08] START Multi Step 2 Index
[01/08] END   Multi Step 2 Index | 0.02s | ARPS REGIME BLOCKED
    Motivo: SIN_TENDENCIA_M15
[02/08] START Multi Step 3 Index
[02/08] END   Multi Step 3 Index | 0.03s | ARPS WAITING SETUP
    Motivo: m5_atr_regime,m5_structure_break
[03/08] START Multi Step 4 Index
[03/08] END   Multi Step 4 Index | 0.02s | ARPS REGIME BLOCKED
    Motivo: SIN_TENDENCIA_M15
[04/08] START Step Index
[04/08] END   Step Index | 0.02s | ARPS REGIME BLOCKED
    Motivo: ADX_M15_INSUFICIENTE
[05/08] START Step Index 200
[05/08] END   Step Index 200 | 0.02s | ARPS WAITING SETUP
    Motivo: m5_structure_break,m1_strong_close
[06/08] START Step Index 300
[06/08] END   Step Index 300 | 0.03s | ARPS WAITING SETUP
    Motivo: m5_structure_break,m1_rejection,m1_follow_through,m1_strong_close
[07/08] START Step Index 400
[07/08] END   Step Index 400 | 0.02s | ARPS REGIME BLOCKED
    Motivo: SIN_TENDENCIA_M15
[08/08] START Step Index 500
[08/08] END   Step Index 500 | 0.02s | ARPS REGIME BLOCKED
    Motivo: SIN_TENDENCIA_M15
----------------------------------------------------------------------------------------
RESUMEN DEL CICLO #0159
Símbolos analizados: 8
Sin señal: 0
Esperando/otros: 8
Señales rechazadas: 0
Bloqueadas por estado/límites: 0
Validadas DRY RUN: 0
Nuevas órdenes: 0
Operaciones cerradas sincronizadas: 0
Errores: 0
Duración del ciclo: 0.24s
Intervalo objetivo: 30s
Próximo ciclo en: 29.76s
----------------------------------------------------------------------------------------

========================================================================================
CICLO #0160 | 2026-09-03 17:38:40 UTC | símbolos=0
========================================================================================
----------------------------------------------------------------------------------------
RESUMEN DEL CICLO #0160
Símbolos analizados: 0
Sin señal: 0
Esperando/otros: 0
Señales rechazadas: 0
Bloqueadas por estado/límites: 0
Validadas DRY RUN: 0
Nuevas órdenes: 0
Operaciones cerradas sincronizadas: 0
Errores: 0
Duración del ciclo: 0.03s
Intervalo objetivo: 30s
Próximo ciclo en: 29.97s
----------------------------------------------------------------------------------------

========================================================================================
CICLO #0161 | 2026-09-03 17:39:10 UTC | símbolos=8
========================================================================================
[01/08] START Multi Step 2 Index
[01/08] END   Multi Step 2 Index | 0.02s | ARPS REGIME BLOCKED
    Motivo: SIN_TENDENCIA_M15
[02/08] START Multi Step 3 Index
[02/08] END   Multi Step 3 Index | 0.03s | ARPS WAITING SETUP
    Motivo: m5_atr_regime,m5_structure_break,m1_rejection,m1_follow_through,m1_strong_close
[03/08] START Multi Step 4 Index
[03/08] END   Multi Step 4 Index | 0.02s | ARPS REGIME BLOCKED
    Motivo: SIN_TENDENCIA_M15
[04/08] START Step Index
[04/08] END   Step Index | 0.02s | ARPS REGIME BLOCKED
    Motivo: ADX_M15_INSUFICIENTE
[05/08] START Step Index 200
[05/08] END   Step Index 200 | 0.03s | ARPS WAITING SETUP
    Motivo: m5_structure_break,m1_strong_close
[06/08] START Step Index 300
[06/08] END   Step Index 300 | 0.02s | ARPS WAITING SETUP
    Motivo: m5_structure_break,m1_rejection,m1_follow_through,m1_strong_close
[07/08] START Step Index 400
[07/08] END   Step Index 400 | 0.02s | ARPS REGIME BLOCKED
    Motivo: SIN_TENDENCIA_M15
[08/08] START Step Index 500
[08/08] END   Step Index 500 | 0.02s | ARPS REGIME BLOCKED
    Motivo: SIN_TENDENCIA_M15
----------------------------------------------------------------------------------------
RESUMEN DEL CICLO #0161
Símbolos analizados: 8
Sin señal: 0
Esperando/otros: 8
Señales rechazadas: 0
Bloqueadas por estado/límites: 0
Validadas DRY RUN: 0
Nuevas órdenes: 0
Operaciones cerradas sincronizadas: 0
Errores: 0
Duración del ciclo: 0.23s
Intervalo objetivo: 30s
Próximo ciclo en: 29.77s
----------------------------------------------------------------------------------------

========================================================================================
CICLO #0162 | 2026-09-03 17:39:40 UTC | símbolos=0
========================================================================================
----------------------------------------------------------------------------------------
RESUMEN DEL CICLO #0162
Símbolos analizados: 0
Sin señal: 0
Esperando/otros: 0
Señales rechazadas: 0
Bloqueadas por estado/límites: 0
Validadas DRY RUN: 0
Nuevas órdenes: 0
Operaciones cerradas sincronizadas: 0
Errores: 0
Duración del ciclo: 0.02s
Intervalo objetivo: 30s
Próximo ciclo en: 29.98s
----------------------------------------------------------------------------------------

========================================================================================
CICLO #0163 | 2026-09-03 17:40:10 UTC | símbolos=8
========================================================================================
[01/08] START Multi Step 2 Index
[01/08] END   Multi Step 2 Index | 0.02s | ARPS REGIME BLOCKED
    Motivo: SIN_TENDENCIA_M15
[02/08] START Multi Step 3 Index
[02/08] END   Multi Step 3 Index | 0.03s | ARPS WAITING SETUP
    Motivo: m5_atr_regime,m5_structure_break,m1_rejection,m1_follow_through
[03/08] START Multi Step 4 Index
[03/08] END   Multi Step 4 Index | 0.03s | ARPS REGIME BLOCKED
    Motivo: SIN_TENDENCIA_M15
[04/08] START Step Index
[04/08] END   Step Index | 0.02s | ARPS REGIME BLOCKED
    Motivo: ADX_M15_INSUFICIENTE
[05/08] START Step Index 200
[05/08] END   Step Index 200 | 0.03s | ARPS WAITING SETUP
    Motivo: m5_structure_break,m1_follow_through
[06/08] START Step Index 300
[06/08] END   Step Index 300 | 0.03s | ARPS WAITING SETUP
    Motivo: m5_structure_break,m1_follow_through
[07/08] START Step Index 400
[07/08] END   Step Index 400 | 0.03s | ARPS REGIME BLOCKED
    Motivo: SIN_TENDENCIA_M15
[08/08] START Step Index 500
[08/08] END   Step Index 500 | 0.03s | ARPS REGIME BLOCKED
    Motivo: SIN_TENDENCIA_M15
----------------------------------------------------------------------------------------
RESUMEN DEL CICLO #0163
Símbolos analizados: 8
Sin señal: 0
Esperando/otros: 8
Señales rechazadas: 0
Bloqueadas por estado/límites: 0
Validadas DRY RUN: 0
Nuevas órdenes: 0
Operaciones cerradas sincronizadas: 0
Errores: 0
Duración del ciclo: 0.27s
Intervalo objetivo: 30s
Próximo ciclo en: 29.73s
----------------------------------------------------------------------------------------

========================================================================================
CICLO #0164 | 2026-09-03 17:40:40 UTC | símbolos=0
========================================================================================
----------------------------------------------------------------------------------------
RESUMEN DEL CICLO #0164
Símbolos analizados: 0
Sin señal: 0
Esperando/otros: 0
Señales rechazadas: 0
Bloqueadas por estado/límites: 0
Validadas DRY RUN: 0
Nuevas órdenes: 0
Operaciones cerradas sincronizadas: 0
Errores: 0
Duración del ciclo: 0.02s
Intervalo objetivo: 30s
Próximo ciclo en: 29.98s
----------------------------------------------------------------------------------------

========================================================================================
CICLO #0165 | 2026-09-03 17:41:10 UTC | símbolos=8
========================================================================================
[01/08] START Multi Step 2 Index
[01/08] END   Multi Step 2 Index | 0.02s | ARPS REGIME BLOCKED
    Motivo: SIN_TENDENCIA_M15
[02/08] START Multi Step 3 Index
[02/08] END   Multi Step 3 Index | 0.02s | ARPS WAITING SETUP
    Motivo: m5_atr_regime,m5_structure_break,m1_rejection,m1_follow_through,m1_strong_close
[03/08] START Multi Step 4 Index
[03/08] END   Multi Step 4 Index | 0.02s | ARPS REGIME BLOCKED
    Motivo: SIN_TENDENCIA_M15
[04/08] START Step Index
[04/08] END   Step Index | 0.02s | ARPS REGIME BLOCKED
    Motivo: ADX_M15_INSUFICIENTE
[05/08] START Step Index 200
[05/08] END   Step Index 200 | 0.02s | ARPS WAITING SETUP
    Motivo: m5_structure_break,m1_rejection,m1_strong_close
[06/08] START Step Index 300
[06/08] END   Step Index 300 | 0.02s | ARPS WAITING SETUP
    Motivo: m5_structure_break,m1_rejection
[07/08] START Step Index 400
[07/08] END   Step Index 400 | 0.02s | ARPS REGIME BLOCKED
    Motivo: SIN_TENDENCIA_M15
[08/08] START Step Index 500
[08/08] END   Step Index 500 | 0.02s | ARPS REGIME BLOCKED
    Motivo: SIN_TENDENCIA_M15
----------------------------------------------------------------------------------------
RESUMEN DEL CICLO #0165
Símbolos analizados: 8
Sin señal: 0
Esperando/otros: 8
Señales rechazadas: 0
Bloqueadas por estado/límites: 0
Validadas DRY RUN: 0
Nuevas órdenes: 0
Operaciones cerradas sincronizadas: 0
Errores: 0
Duración del ciclo: 0.19s
Intervalo objetivo: 30s
Próximo ciclo en: 29.81s
----------------------------------------------------------------------------------------

========================================================================================
CICLO #0166 | 2026-09-03 17:41:40 UTC | símbolos=0
========================================================================================
----------------------------------------------------------------------------------------
RESUMEN DEL CICLO #0166
Símbolos analizados: 0
Sin señal: 0
Esperando/otros: 0
Señales rechazadas: 0
Bloqueadas por estado/límites: 0
Validadas DRY RUN: 0
Nuevas órdenes: 0
Operaciones cerradas sincronizadas: 0
Errores: 0
Duración del ciclo: 0.02s
Intervalo objetivo: 30s
Próximo ciclo en: 29.98s
----------------------------------------------------------------------------------------

========================================================================================
CICLO #0167 | 2026-09-03 17:42:10 UTC | símbolos=8
========================================================================================
[01/08] START Multi Step 2 Index
[01/08] END   Multi Step 2 Index | 0.02s | ARPS REGIME BLOCKED
    Motivo: SIN_TENDENCIA_M15
[02/08] START Multi Step 3 Index
[02/08] END   Multi Step 3 Index | 0.02s | ARPS WAITING SETUP
    Motivo: m5_atr_regime,m5_structure_break,m1_rejection,m1_strong_close
[03/08] START Multi Step 4 Index
[03/08] END   Multi Step 4 Index | 0.02s | ARPS REGIME BLOCKED
    Motivo: SIN_TENDENCIA_M15
[04/08] START Step Index
[04/08] END   Step Index | 0.02s | ARPS REGIME BLOCKED
    Motivo: ADX_M15_INSUFICIENTE
[05/08] START Step Index 200
[05/08] END   Step Index 200 | 0.02s | ARPS WAITING SETUP
    Motivo: m5_structure_break,m1_follow_through,m1_strong_close
[06/08] START Step Index 300
[06/08] END   Step Index 300 | 0.03s | ARPS WAITING SETUP
    Motivo: m5_structure_break,m1_rejection
[07/08] START Step Index 400
[07/08] END   Step Index 400 | 0.02s | ARPS REGIME BLOCKED
    Motivo: SIN_TENDENCIA_M15
[08/08] START Step Index 500
[08/08] END   Step Index 500 | 0.02s | ARPS REGIME BLOCKED
    Motivo: SIN_TENDENCIA_M15
----------------------------------------------------------------------------------------
RESUMEN DEL CICLO #0167
Símbolos analizados: 8
Sin señal: 0
Esperando/otros: 8
Señales rechazadas: 0
Bloqueadas por estado/límites: 0
Validadas DRY RUN: 0
Nuevas órdenes: 0
Operaciones cerradas sincronizadas: 0
Errores: 0
Duración del ciclo: 0.23s
Intervalo objetivo: 30s
Próximo ciclo en: 29.77s
----------------------------------------------------------------------------------------

========================================================================================
CICLO #0168 | 2026-09-03 17:42:40 UTC | símbolos=0
========================================================================================
----------------------------------------------------------------------------------------
RESUMEN DEL CICLO #0168
Símbolos analizados: 0
Sin señal: 0
Esperando/otros: 0
Señales rechazadas: 0
Bloqueadas por estado/límites: 0
Validadas DRY RUN: 0
Nuevas órdenes: 0
Operaciones cerradas sincronizadas: 0
Errores: 0
Duración del ciclo: 0.05s
Intervalo objetivo: 30s
Próximo ciclo en: 29.95s
----------------------------------------------------------------------------------------

========================================================================================
CICLO #0169 | 2026-09-03 17:43:10 UTC | símbolos=8
========================================================================================
[01/08] START Multi Step 2 Index
[01/08] END   Multi Step 2 Index | 0.02s | ARPS REGIME BLOCKED
    Motivo: SIN_TENDENCIA_M15
[02/08] START Multi Step 3 Index
[02/08] END   Multi Step 3 Index | 0.03s | ARPS WAITING SETUP
    Motivo: m5_atr_regime,m5_structure_break,m1_strong_close
[03/08] START Multi Step 4 Index
[03/08] END   Multi Step 4 Index | 0.02s | ARPS REGIME BLOCKED
    Motivo: SIN_TENDENCIA_M15
[04/08] START Step Index
[04/08] END   Step Index | 0.02s | ARPS REGIME BLOCKED
    Motivo: ADX_M15_INSUFICIENTE
[05/08] START Step Index 200
[05/08] END   Step Index 200 | 0.03s | ARPS WAITING SETUP
    Motivo: m5_structure_break,m1_rejection,m1_follow_through,m1_strong_close
[06/08] START Step Index 300
[06/08] END   Step Index 300 | 0.03s | ARPS WAITING SETUP
    Motivo: m5_structure_break,m1_follow_through
[07/08] START Step Index 400
[07/08] END   Step Index 400 | 0.02s | ARPS REGIME BLOCKED
    Motivo: SIN_TENDENCIA_M15
[08/08] START Step Index 500
[08/08] END   Step Index 500 | 0.02s | ARPS REGIME BLOCKED
    Motivo: SIN_TENDENCIA_M15
----------------------------------------------------------------------------------------
RESUMEN DEL CICLO #0169
Símbolos analizados: 8
Sin señal: 0
Esperando/otros: 8
Señales rechazadas: 0
Bloqueadas por estado/límites: 0
Validadas DRY RUN: 0
Nuevas órdenes: 0
Operaciones cerradas sincronizadas: 0
Errores: 0
Duración del ciclo: 0.24s
Intervalo objetivo: 30s
Próximo ciclo en: 29.76s
----------------------------------------------------------------------------------------

========================================================================================
CICLO #0170 | 2026-09-03 17:43:40 UTC | símbolos=0
========================================================================================
----------------------------------------------------------------------------------------
RESUMEN DEL CICLO #0170
Símbolos analizados: 0
Sin señal: 0
Esperando/otros: 0
Señales rechazadas: 0
Bloqueadas por estado/límites: 0
Validadas DRY RUN: 0
Nuevas órdenes: 0
Operaciones cerradas sincronizadas: 0
Errores: 0
Duración del ciclo: 0.02s
Intervalo objetivo: 30s
Próximo ciclo en: 29.98s
----------------------------------------------------------------------------------------

========================================================================================
CICLO #0171 | 2026-09-03 17:44:10 UTC | símbolos=8
========================================================================================
[01/08] START Multi Step 2 Index
[01/08] END   Multi Step 2 Index | 0.02s | ARPS REGIME BLOCKED
    Motivo: SIN_TENDENCIA_M15
[02/08] START Multi Step 3 Index
[02/08] END   Multi Step 3 Index | 0.02s | ARPS WAITING SETUP
    Motivo: m5_atr_regime,m5_structure_break,m1_follow_through,m1_strong_close
[03/08] START Multi Step 4 Index
[03/08] END   Multi Step 4 Index | 0.02s | ARPS REGIME BLOCKED
    Motivo: SIN_TENDENCIA_M15
[04/08] START Step Index
[04/08] END   Step Index | 0.02s | ARPS REGIME BLOCKED
    Motivo: ADX_M15_INSUFICIENTE
[05/08] START Step Index 200
[05/08] END   Step Index 200 | 0.02s | ARPS WAITING SETUP
    Motivo: m5_structure_break,m1_strong_close
[06/08] START Step Index 300
[06/08] END   Step Index 300 | 0.02s | ARPS WAITING SETUP
    Motivo: m5_structure_break,m1_rejection
[07/08] START Step Index 400
[07/08] END   Step Index 400 | 0.02s | ARPS REGIME BLOCKED
    Motivo: SIN_TENDENCIA_M15
[08/08] START Step Index 500
[08/08] END   Step Index 500 | 0.02s | ARPS REGIME BLOCKED
    Motivo: SIN_TENDENCIA_M15
----------------------------------------------------------------------------------------
RESUMEN DEL CICLO #0171
Símbolos analizados: 8
Sin señal: 0
Esperando/otros: 8
Señales rechazadas: 0
Bloqueadas por estado/límites: 0
Validadas DRY RUN: 0
Nuevas órdenes: 0
Operaciones cerradas sincronizadas: 0
Errores: 0
Duración del ciclo: 0.22s
Intervalo objetivo: 30s
Próximo ciclo en: 29.78s
----------------------------------------------------------------------------------------

========================================================================================
CICLO #0172 | 2026-09-03 17:44:40 UTC | símbolos=0
========================================================================================
----------------------------------------------------------------------------------------
RESUMEN DEL CICLO #0172
Símbolos analizados: 0
Sin señal: 0
Esperando/otros: 0
Señales rechazadas: 0
Bloqueadas por estado/límites: 0
Validadas DRY RUN: 0
Nuevas órdenes: 0
Operaciones cerradas sincronizadas: 0
Errores: 0
Duración del ciclo: 0.02s
Intervalo objetivo: 30s
Próximo ciclo en: 29.98s
----------------------------------------------------------------------------------------

========================================================================================
CICLO #0173 | 2026-09-03 17:45:10 UTC | símbolos=8
========================================================================================
[01/08] START Multi Step 2 Index
[01/08] END   Multi Step 2 Index | 0.03s | ARPS REGIME BLOCKED
    Motivo: SIN_TENDENCIA_M15
[02/08] START Multi Step 3 Index
[02/08] END   Multi Step 3 Index | 0.03s | ARPS WAITING SETUP
    Motivo: m5_atr_regime,m5_structure_break,m1_rejection
[03/08] START Multi Step 4 Index
[03/08] END   Multi Step 4 Index | 0.03s | ARPS REGIME BLOCKED
    Motivo: SIN_TENDENCIA_M15
[04/08] START Step Index
[04/08] END   Step Index | 0.03s | ARPS REGIME BLOCKED
    Motivo: ADX_M15_INSUFICIENTE
[05/08] START Step Index 200
[05/08] END   Step Index 200 | 0.03s | ARPS WAITING SETUP
    Motivo: m5_structure_break,m1_strong_close
[06/08] START Step Index 300
[06/08] END   Step Index 300 | 0.04s | ARPS WAITING SETUP
    Motivo: m5_structure_break,m1_rejection
[07/08] START Step Index 400
[07/08] END   Step Index 400 | 0.03s | ARPS REGIME BLOCKED
    Motivo: SIN_TENDENCIA_M15
[08/08] START Step Index 500
[08/08] END   Step Index 500 | 0.03s | ARPS REGIME BLOCKED
    Motivo: SIN_TENDENCIA_M15
----------------------------------------------------------------------------------------
RESUMEN DEL CICLO #0173
Símbolos analizados: 8
Sin señal: 0
Esperando/otros: 8
Señales rechazadas: 0
Bloqueadas por estado/límites: 0
Validadas DRY RUN: 0
Nuevas órdenes: 0
Operaciones cerradas sincronizadas: 0
Errores: 0
Duración del ciclo: 0.30s
Intervalo objetivo: 30s
Próximo ciclo en: 29.70s
----------------------------------------------------------------------------------------

========================================================================================
CICLO #0174 | 2026-09-03 17:45:40 UTC | símbolos=0
========================================================================================
----------------------------------------------------------------------------------------
RESUMEN DEL CICLO #0174
Símbolos analizados: 0
Sin señal: 0
Esperando/otros: 0
Señales rechazadas: 0
Bloqueadas por estado/límites: 0
Validadas DRY RUN: 0
Nuevas órdenes: 0
Operaciones cerradas sincronizadas: 0
Errores: 0
Duración del ciclo: 0.03s
Intervalo objetivo: 30s
Próximo ciclo en: 29.97s
----------------------------------------------------------------------------------------

========================================================================================
CICLO #0175 | 2026-09-03 17:46:10 UTC | símbolos=8
========================================================================================
[01/08] START Multi Step 2 Index
[01/08] END   Multi Step 2 Index | 0.02s | ARPS REGIME BLOCKED
    Motivo: SIN_TENDENCIA_M15
[02/08] START Multi Step 3 Index
[02/08] END   Multi Step 3 Index | 0.02s | ARPS WAITING SETUP
    Motivo: m5_atr_regime,m5_structure_break,m1_strong_close
[03/08] START Multi Step 4 Index
[03/08] END   Multi Step 4 Index | 0.02s | ARPS REGIME BLOCKED
    Motivo: SIN_TENDENCIA_M15
[04/08] START Step Index
[04/08] END   Step Index | 0.02s | ARPS REGIME BLOCKED
    Motivo: ADX_M15_INSUFICIENTE
[05/08] START Step Index 200
[05/08] END   Step Index 200 | 0.02s | ARPS WAITING SETUP
    Motivo: m5_structure_break,m1_follow_through
[06/08] START Step Index 300
[06/08] END   Step Index 300 | 0.02s | ARPS WAITING SETUP
    Motivo: m5_structure_break,m1_rejection,m1_follow_through,m1_strong_close
[07/08] START Step Index 400
[07/08] END   Step Index 400 | 0.02s | ARPS REGIME BLOCKED
    Motivo: SIN_TENDENCIA_M15
[08/08] START Step Index 500
[08/08] END   Step Index 500 | 0.02s | ARPS REGIME BLOCKED
    Motivo: SIN_TENDENCIA_M15
----------------------------------------------------------------------------------------
RESUMEN DEL CICLO #0175
Símbolos analizados: 8
Sin señal: 0
Esperando/otros: 8
Señales rechazadas: 0
Bloqueadas por estado/límites: 0
Validadas DRY RUN: 0
Nuevas órdenes: 0
Operaciones cerradas sincronizadas: 0
Errores: 0
Duración del ciclo: 0.20s
Intervalo objetivo: 30s
Próximo ciclo en: 29.80s
----------------------------------------------------------------------------------------

========================================================================================
CICLO #0176 | 2026-09-03 17:46:40 UTC | símbolos=0
========================================================================================
----------------------------------------------------------------------------------------
RESUMEN DEL CICLO #0176
Símbolos analizados: 0
Sin señal: 0
Esperando/otros: 0
Señales rechazadas: 0
Bloqueadas por estado/límites: 0
Validadas DRY RUN: 0
Nuevas órdenes: 0
Operaciones cerradas sincronizadas: 0
Errores: 0
Duración del ciclo: 0.03s
Intervalo objetivo: 30s
Próximo ciclo en: 29.97s
----------------------------------------------------------------------------------------

========================================================================================
CICLO #0177 | 2026-09-03 17:47:10 UTC | símbolos=8
========================================================================================
[01/08] START Multi Step 2 Index
[01/08] END   Multi Step 2 Index | 0.02s | ARPS REGIME BLOCKED
    Motivo: SIN_TENDENCIA_M15
[02/08] START Multi Step 3 Index
[02/08] END   Multi Step 3 Index | 0.03s | ARPS WAITING SETUP
    Motivo: m5_atr_regime,m5_structure_break
[03/08] START Multi Step 4 Index
[03/08] END   Multi Step 4 Index | 0.02s | ARPS REGIME BLOCKED
    Motivo: SIN_TENDENCIA_M15
[04/08] START Step Index
[04/08] END   Step Index | 0.02s | ARPS REGIME BLOCKED
    Motivo: ADX_M15_INSUFICIENTE
[05/08] START Step Index 200
[05/08] END   Step Index 200 | 0.02s | ARPS WAITING SETUP
    Motivo: m5_structure_break,m1_rejection
[06/08] START Step Index 300
[06/08] END   Step Index 300 | 0.03s | ARPS WAITING SETUP
    Motivo: m5_structure_break,m1_rejection,m1_follow_through
[07/08] START Step Index 400
[07/08] END   Step Index 400 | 0.02s | ARPS REGIME BLOCKED
    Motivo: SIN_TENDENCIA_M15
[08/08] START Step Index 500
[08/08] END   Step Index 500 | 0.02s | ARPS REGIME BLOCKED
    Motivo: SIN_TENDENCIA_M15
----------------------------------------------------------------------------------------
RESUMEN DEL CICLO #0177
Símbolos analizados: 8
Sin señal: 0
Esperando/otros: 8
Señales rechazadas: 0
Bloqueadas por estado/límites: 0
Validadas DRY RUN: 0
Nuevas órdenes: 0
Operaciones cerradas sincronizadas: 0
Errores: 0
Duración del ciclo: 0.23s
Intervalo objetivo: 30s
Próximo ciclo en: 29.77s
----------------------------------------------------------------------------------------

========================================================================================
CICLO #0178 | 2026-09-03 17:47:40 UTC | símbolos=0
========================================================================================
----------------------------------------------------------------------------------------
RESUMEN DEL CICLO #0178
Símbolos analizados: 0
Sin señal: 0
Esperando/otros: 0
Señales rechazadas: 0
Bloqueadas por estado/límites: 0
Validadas DRY RUN: 0
Nuevas órdenes: 0
Operaciones cerradas sincronizadas: 0
Errores: 0
Duración del ciclo: 0.02s
Intervalo objetivo: 30s
Próximo ciclo en: 29.98s
----------------------------------------------------------------------------------------

========================================================================================
CICLO #0179 | 2026-09-03 17:48:10 UTC | símbolos=8
========================================================================================
[01/08] START Multi Step 2 Index
[01/08] END   Multi Step 2 Index | 0.02s | ARPS REGIME BLOCKED
    Motivo: SIN_TENDENCIA_M15
[02/08] START Multi Step 3 Index
[02/08] END   Multi Step 3 Index | 0.03s | ARPS WAITING SETUP
    Motivo: m5_atr_regime,m5_structure_break,m1_rejection,m1_follow_through
[03/08] START Multi Step 4 Index
[03/08] END   Multi Step 4 Index | 0.02s | ARPS REGIME BLOCKED
    Motivo: SIN_TENDENCIA_M15
[04/08] START Step Index
[04/08] END   Step Index | 0.02s | ARPS REGIME BLOCKED
    Motivo: ADX_M15_INSUFICIENTE
[05/08] START Step Index 200
[05/08] END   Step Index 200 | 0.03s | ARPS WAITING SETUP
    Motivo: m5_structure_break,m1_rejection,m1_follow_through,m1_strong_close
[06/08] START Step Index 300
[06/08] END   Step Index 300 | 0.03s | ARPS WAITING SETUP
    Motivo: m5_structure_break,m1_rejection,m1_follow_through
[07/08] START Step Index 400
[07/08] END   Step Index 400 | 0.02s | ARPS REGIME BLOCKED
    Motivo: SIN_TENDENCIA_M15
[08/08] START Step Index 500
[08/08] END   Step Index 500 | 0.02s | ARPS REGIME BLOCKED
    Motivo: SIN_TENDENCIA_M15
----------------------------------------------------------------------------------------
RESUMEN DEL CICLO #0179
Símbolos analizados: 8
Sin señal: 0
Esperando/otros: 8
Señales rechazadas: 0
Bloqueadas por estado/límites: 0
Validadas DRY RUN: 0
Nuevas órdenes: 0
Operaciones cerradas sincronizadas: 0
Errores: 0
Duración del ciclo: 0.23s
Intervalo objetivo: 30s
Próximo ciclo en: 29.77s
----------------------------------------------------------------------------------------

========================================================================================
CICLO #0180 | 2026-09-03 17:48:40 UTC | símbolos=0
========================================================================================
----------------------------------------------------------------------------------------
RESUMEN DEL CICLO #0180
Símbolos analizados: 0
Sin señal: 0
Esperando/otros: 0
Señales rechazadas: 0
Bloqueadas por estado/límites: 0
Validadas DRY RUN: 0
Nuevas órdenes: 0
Operaciones cerradas sincronizadas: 0
Errores: 0
Duración del ciclo: 0.02s
Intervalo objetivo: 30s
Próximo ciclo en: 29.98s
----------------------------------------------------------------------------------------

========================================================================================
CICLO #0181 | 2026-09-03 17:49:10 UTC | símbolos=8
========================================================================================
[01/08] START Multi Step 2 Index
[01/08] END   Multi Step 2 Index | 0.02s | ARPS REGIME BLOCKED
    Motivo: SIN_TENDENCIA_M15
[02/08] START Multi Step 3 Index
[02/08] END   Multi Step 3 Index | 0.03s | ARPS WAITING SETUP
    Motivo: m5_atr_regime,m5_structure_break,m1_rejection
[03/08] START Multi Step 4 Index
[03/08] END   Multi Step 4 Index | 0.02s | ARPS REGIME BLOCKED
    Motivo: SIN_TENDENCIA_M15
[04/08] START Step Index
[04/08] END   Step Index | 0.02s | ARPS REGIME BLOCKED
    Motivo: ADX_M15_INSUFICIENTE
[05/08] START Step Index 200
[05/08] END   Step Index 200 | 0.02s | ARPS WAITING SETUP
    Motivo: m5_structure_break,m1_rejection,m1_follow_through
[06/08] START Step Index 300
[06/08] END   Step Index 300 | 0.03s | ARPS WAITING SETUP
    Motivo: m5_structure_break,m1_rejection,m1_strong_close
[07/08] START Step Index 400
[07/08] END   Step Index 400 | 0.02s | ARPS REGIME BLOCKED
    Motivo: SIN_TENDENCIA_M15
[08/08] START Step Index 500
[08/08] END   Step Index 500 | 0.02s | ARPS REGIME BLOCKED
    Motivo: SIN_TENDENCIA_M15
----------------------------------------------------------------------------------------
RESUMEN DEL CICLO #0181
Símbolos analizados: 8
Sin señal: 0
Esperando/otros: 8
Señales rechazadas: 0
Bloqueadas por estado/límites: 0
Validadas DRY RUN: 0
Nuevas órdenes: 0
Operaciones cerradas sincronizadas: 0
Errores: 0
Duración del ciclo: 0.24s
Intervalo objetivo: 30s
Próximo ciclo en: 29.76s
----------------------------------------------------------------------------------------

========================================================================================
CICLO #0182 | 2026-09-03 17:49:40 UTC | símbolos=0
========================================================================================
----------------------------------------------------------------------------------------
RESUMEN DEL CICLO #0182
Símbolos analizados: 0
Sin señal: 0
Esperando/otros: 0
Señales rechazadas: 0
Bloqueadas por estado/límites: 0
Validadas DRY RUN: 0
Nuevas órdenes: 0
Operaciones cerradas sincronizadas: 0
Errores: 0
Duración del ciclo: 0.02s
Intervalo objetivo: 30s
Próximo ciclo en: 29.98s
----------------------------------------------------------------------------------------

========================================================================================
CICLO #0183 | 2026-09-03 17:50:10 UTC | símbolos=8
========================================================================================
[01/08] START Multi Step 2 Index
[01/08] END   Multi Step 2 Index | 0.02s | ARPS REGIME BLOCKED
    Motivo: SIN_TENDENCIA_M15
[02/08] START Multi Step 3 Index
[02/08] END   Multi Step 3 Index | 0.03s | ARPS WAITING SETUP
    Motivo: m5_atr_regime,m5_structure_break,m1_rejection
[03/08] START Multi Step 4 Index
[03/08] END   Multi Step 4 Index | 0.02s | ARPS REGIME BLOCKED
    Motivo: SIN_TENDENCIA_M15
[04/08] START Step Index
[04/08] END   Step Index | 0.02s | ARPS REGIME BLOCKED
    Motivo: ADX_M15_INSUFICIENTE
[05/08] START Step Index 200
[05/08] END   Step Index 200 | 0.03s | ARPS WAITING SETUP
    Motivo: m5_structure_break,m1_rejection
[06/08] START Step Index 300
[06/08] END   Step Index 300 | 0.03s | ARPS WAITING SETUP
    Motivo: m5_structure_break,m1_follow_through
[07/08] START Step Index 400
[07/08] END   Step Index 400 | 0.02s | ARPS REGIME BLOCKED
    Motivo: SIN_TENDENCIA_M15
[08/08] START Step Index 500
[08/08] END   Step Index 500 | 0.02s | ARPS REGIME BLOCKED
    Motivo: SIN_TENDENCIA_M15
----------------------------------------------------------------------------------------
RESUMEN DEL CICLO #0183
Símbolos analizados: 8
Sin señal: 0
Esperando/otros: 8
Señales rechazadas: 0
Bloqueadas por estado/límites: 0
Validadas DRY RUN: 0
Nuevas órdenes: 0
Operaciones cerradas sincronizadas: 0
Errores: 0
Duración del ciclo: 0.24s
Intervalo objetivo: 30s
Próximo ciclo en: 29.76s
----------------------------------------------------------------------------------------

========================================================================================
CICLO #0184 | 2026-09-03 17:50:40 UTC | símbolos=0
========================================================================================
----------------------------------------------------------------------------------------
RESUMEN DEL CICLO #0184
Símbolos analizados: 0
Sin señal: 0
Esperando/otros: 0
Señales rechazadas: 0
Bloqueadas por estado/límites: 0
Validadas DRY RUN: 0
Nuevas órdenes: 0
Operaciones cerradas sincronizadas: 0
Errores: 0
Duración del ciclo: 0.02s
Intervalo objetivo: 30s
Próximo ciclo en: 29.98s
----------------------------------------------------------------------------------------

========================================================================================
CICLO #0185 | 2026-09-03 17:51:10 UTC | símbolos=8
========================================================================================
[01/08] START Multi Step 2 Index
[01/08] END   Multi Step 2 Index | 0.02s | ARPS REGIME BLOCKED
    Motivo: SIN_TENDENCIA_M15
[02/08] START Multi Step 3 Index
[02/08] END   Multi Step 3 Index | 0.02s | ARPS WAITING SETUP
    Motivo: m5_atr_regime,m5_structure_break,m1_rejection,m1_follow_through,m1_strong_close
[03/08] START Multi Step 4 Index
[03/08] END   Multi Step 4 Index | 0.02s | ARPS REGIME BLOCKED
    Motivo: SIN_TENDENCIA_M15
[04/08] START Step Index
[04/08] END   Step Index | 0.02s | ARPS REGIME BLOCKED
    Motivo: ADX_M15_INSUFICIENTE
[05/08] START Step Index 200
[05/08] END   Step Index 200 | 0.03s | ARPS WAITING SETUP
    Motivo: m5_structure_break,m1_rejection
[06/08] START Step Index 300
[06/08] END   Step Index 300 | 0.02s | ARPS WAITING SETUP
    Motivo: m5_structure_break,m1_rejection,m1_strong_close
[07/08] START Step Index 400
[07/08] END   Step Index 400 | 0.02s | ARPS REGIME BLOCKED
    Motivo: SIN_TENDENCIA_M15
[08/08] START Step Index 500
[08/08] END   Step Index 500 | 0.02s | ARPS REGIME BLOCKED
    Motivo: SIN_TENDENCIA_M15
----------------------------------------------------------------------------------------
RESUMEN DEL CICLO #0185
Símbolos analizados: 8
Sin señal: 0
Esperando/otros: 8
Señales rechazadas: 0
Bloqueadas por estado/límites: 0
Validadas DRY RUN: 0
Nuevas órdenes: 0
Operaciones cerradas sincronizadas: 0
Errores: 0
Duración del ciclo: 0.19s
Intervalo objetivo: 30s
Próximo ciclo en: 29.81s
----------------------------------------------------------------------------------------

========================================================================================
CICLO #0186 | 2026-09-03 17:51:40 UTC | símbolos=0
========================================================================================
----------------------------------------------------------------------------------------
RESUMEN DEL CICLO #0186
Símbolos analizados: 0
Sin señal: 0
Esperando/otros: 0
Señales rechazadas: 0
Bloqueadas por estado/límites: 0
Validadas DRY RUN: 0
Nuevas órdenes: 0
Operaciones cerradas sincronizadas: 0
Errores: 0
Duración del ciclo: 0.02s
Intervalo objetivo: 30s
Próximo ciclo en: 29.98s
----------------------------------------------------------------------------------------

========================================================================================
CICLO #0187 | 2026-09-03 17:52:10 UTC | símbolos=8
========================================================================================
[01/08] START Multi Step 2 Index
[01/08] END   Multi Step 2 Index | 0.02s | ARPS REGIME BLOCKED
    Motivo: SIN_TENDENCIA_M15
[02/08] START Multi Step 3 Index
[02/08] END   Multi Step 3 Index | 0.02s | ARPS WAITING SETUP
    Motivo: m5_atr_regime,m5_structure_break,m1_rejection
[03/08] START Multi Step 4 Index
[03/08] END   Multi Step 4 Index | 0.02s | ARPS REGIME BLOCKED
    Motivo: SIN_TENDENCIA_M15
[04/08] START Step Index
[04/08] END   Step Index | 0.02s | ARPS REGIME BLOCKED
    Motivo: ADX_M15_INSUFICIENTE
[05/08] START Step Index 200
[05/08] END   Step Index 200 | 0.03s | ARPS WAITING SETUP
    Motivo: m5_structure_break,m1_rejection,m1_strong_close
[06/08] START Step Index 300
[06/08] END   Step Index 300 | 0.03s | ARPS WAITING SETUP
    Motivo: m5_structure_break,m1_rejection
[07/08] START Step Index 400
[07/08] END   Step Index 400 | 0.02s | ARPS REGIME BLOCKED
    Motivo: SIN_TENDENCIA_M15
[08/08] START Step Index 500
[08/08] END   Step Index 500 | 0.02s | ARPS REGIME BLOCKED
    Motivo: SIN_TENDENCIA_M15
----------------------------------------------------------------------------------------
RESUMEN DEL CICLO #0187
Símbolos analizados: 8
Sin señal: 0
Esperando/otros: 8
Señales rechazadas: 0
Bloqueadas por estado/límites: 0
Validadas DRY RUN: 0
Nuevas órdenes: 0
Operaciones cerradas sincronizadas: 0
Errores: 0
Duración del ciclo: 0.23s
Intervalo objetivo: 30s
Próximo ciclo en: 29.77s
----------------------------------------------------------------------------------------

========================================================================================
CICLO #0188 | 2026-09-03 17:52:40 UTC | símbolos=0
========================================================================================
----------------------------------------------------------------------------------------
RESUMEN DEL CICLO #0188
Símbolos analizados: 0
Sin señal: 0
Esperando/otros: 0
Señales rechazadas: 0
Bloqueadas por estado/límites: 0
Validadas DRY RUN: 0
Nuevas órdenes: 0
Operaciones cerradas sincronizadas: 0
Errores: 0
Duración del ciclo: 0.02s
Intervalo objetivo: 30s
Próximo ciclo en: 29.98s
----------------------------------------------------------------------------------------

========================================================================================
CICLO #0189 | 2026-09-03 17:53:10 UTC | símbolos=8
========================================================================================
[01/08] START Multi Step 2 Index
[01/08] END   Multi Step 2 Index | 0.02s | ARPS REGIME BLOCKED
    Motivo: SIN_TENDENCIA_M15
[02/08] START Multi Step 3 Index
[02/08] END   Multi Step 3 Index | 0.02s | ARPS WAITING SETUP
    Motivo: m5_atr_regime,m5_structure_break,m1_rejection,m1_follow_through,m1_strong_close
[03/08] START Multi Step 4 Index
[03/08] END   Multi Step 4 Index | 0.02s | ARPS REGIME BLOCKED
    Motivo: SIN_TENDENCIA_M15
[04/08] START Step Index
[04/08] END   Step Index | 0.02s | ARPS REGIME BLOCKED
    Motivo: ADX_M15_INSUFICIENTE
[05/08] START Step Index 200
[05/08] END   Step Index 200 | 0.03s | ARPS WAITING SETUP
    Motivo: m5_structure_break,m1_rejection,m1_follow_through,m1_strong_close
[06/08] START Step Index 300
[06/08] END   Step Index 300 | 0.03s | ARPS WAITING SETUP
    Motivo: m5_structure_break,m1_follow_through
[07/08] START Step Index 400
[07/08] END   Step Index 400 | 0.02s | ARPS REGIME BLOCKED
    Motivo: SIN_TENDENCIA_M15
[08/08] START Step Index 500
[08/08] END   Step Index 500 | 0.02s | ARPS REGIME BLOCKED
    Motivo: SIN_TENDENCIA_M15
----------------------------------------------------------------------------------------
RESUMEN DEL CICLO #0189
Símbolos analizados: 8
Sin señal: 0
Esperando/otros: 8
Señales rechazadas: 0
Bloqueadas por estado/límites: 0
Validadas DRY RUN: 0
Nuevas órdenes: 0
Operaciones cerradas sincronizadas: 0
Errores: 0
Duración del ciclo: 0.23s
Intervalo objetivo: 30s
Próximo ciclo en: 29.77s
----------------------------------------------------------------------------------------

========================================================================================
CICLO #0190 | 2026-09-03 17:53:40 UTC | símbolos=0
========================================================================================
----------------------------------------------------------------------------------------
RESUMEN DEL CICLO #0190
Símbolos analizados: 0
Sin señal: 0
Esperando/otros: 0
Señales rechazadas: 0
Bloqueadas por estado/límites: 0
Validadas DRY RUN: 0
Nuevas órdenes: 0
Operaciones cerradas sincronizadas: 0
Errores: 0
Duración del ciclo: 0.02s
Intervalo objetivo: 30s
Próximo ciclo en: 29.98s
----------------------------------------------------------------------------------------

========================================================================================
CICLO #0191 | 2026-09-03 17:54:10 UTC | símbolos=8
========================================================================================
[01/08] START Multi Step 2 Index
[01/08] END   Multi Step 2 Index | 0.03s | ARPS REGIME BLOCKED
    Motivo: SIN_TENDENCIA_M15
[02/08] START Multi Step 3 Index
[02/08] END   Multi Step 3 Index | 0.03s | ARPS WAITING SETUP
    Motivo: m5_atr_regime,m5_structure_break,m1_rejection
[03/08] START Multi Step 4 Index
[03/08] END   Multi Step 4 Index | 0.02s | ARPS REGIME BLOCKED
    Motivo: SIN_TENDENCIA_M15
[04/08] START Step Index
[04/08] END   Step Index | 0.03s | ARPS REGIME BLOCKED
    Motivo: ADX_M15_INSUFICIENTE
[05/08] START Step Index 200
[05/08] END   Step Index 200 | 0.03s | ARPS WAITING SETUP
    Motivo: m5_structure_break,m1_rejection
[06/08] START Step Index 300
[06/08] END   Step Index 300 | 0.03s | ARPS WAITING SETUP
    Motivo: m5_structure_break,m1_rejection,m1_strong_close
[07/08] START Step Index 400
[07/08] END   Step Index 400 | 0.03s | ARPS REGIME BLOCKED
    Motivo: SIN_TENDENCIA_M15
[08/08] START Step Index 500
[08/08] END   Step Index 500 | 0.02s | ARPS REGIME BLOCKED
    Motivo: SIN_TENDENCIA_M15
----------------------------------------------------------------------------------------
RESUMEN DEL CICLO #0191
Símbolos analizados: 8
Sin señal: 0
Esperando/otros: 8
Señales rechazadas: 0
Bloqueadas por estado/límites: 0
Validadas DRY RUN: 0
Nuevas órdenes: 0
Operaciones cerradas sincronizadas: 0
Errores: 0
Duración del ciclo: 0.26s
Intervalo objetivo: 30s
Próximo ciclo en: 29.74s
----------------------------------------------------------------------------------------

========================================================================================
CICLO #0192 | 2026-09-03 17:54:40 UTC | símbolos=0
========================================================================================
----------------------------------------------------------------------------------------
RESUMEN DEL CICLO #0192
Símbolos analizados: 0
Sin señal: 0
Esperando/otros: 0
Señales rechazadas: 0
Bloqueadas por estado/límites: 0
Validadas DRY RUN: 0
Nuevas órdenes: 0
Operaciones cerradas sincronizadas: 0
Errores: 0
Duración del ciclo: 0.02s
Intervalo objetivo: 30s
Próximo ciclo en: 29.98s
----------------------------------------------------------------------------------------

========================================================================================
CICLO #0193 | 2026-09-03 17:55:10 UTC | símbolos=8
========================================================================================
[01/08] START Multi Step 2 Index
[01/08] END   Multi Step 2 Index | 0.02s | ARPS REGIME BLOCKED
    Motivo: SIN_TENDENCIA_M15
[02/08] START Multi Step 3 Index
[02/08] END   Multi Step 3 Index | 0.02s | ARPS WAITING SETUP
    Motivo: m5_atr_regime,m5_structure_break,m1_rejection,m1_strong_close
[03/08] START Multi Step 4 Index
[03/08] END   Multi Step 4 Index | 0.02s | ARPS REGIME BLOCKED
    Motivo: SIN_TENDENCIA_M15
[04/08] START Step Index
[04/08] END   Step Index | 0.02s | ARPS REGIME BLOCKED
    Motivo: ADX_M15_INSUFICIENTE
[05/08] START Step Index 200
[05/08] END   Step Index 200 | 0.03s | ARPS WAITING SETUP
    Motivo: m5_structure_break,m1_rejection,m1_follow_through
[06/08] START Step Index 300
[06/08] END   Step Index 300 | 0.03s | ARPS WAITING SETUP
    Motivo: m5_structure_break,m1_follow_through,m1_strong_close
[07/08] START Step Index 400
[07/08] END   Step Index 400 | 0.02s | ARPS REGIME BLOCKED
    Motivo: SIN_TENDENCIA_M15
[08/08] START Step Index 500
[08/08] END   Step Index 500 | 0.02s | ARPS REGIME BLOCKED
    Motivo: SIN_TENDENCIA_M15
----------------------------------------------------------------------------------------
RESUMEN DEL CICLO #0193
Símbolos analizados: 8
Sin señal: 0
Esperando/otros: 8
Señales rechazadas: 0
Bloqueadas por estado/límites: 0
Validadas DRY RUN: 0
Nuevas órdenes: 0
Operaciones cerradas sincronizadas: 0
Errores: 0
Duración del ciclo: 0.24s
Intervalo objetivo: 30s
Próximo ciclo en: 29.76s
----------------------------------------------------------------------------------------

========================================================================================
CICLO #0194 | 2026-09-03 17:55:40 UTC | símbolos=0
========================================================================================
----------------------------------------------------------------------------------------
RESUMEN DEL CICLO #0194
Símbolos analizados: 0
Sin señal: 0
Esperando/otros: 0
Señales rechazadas: 0
Bloqueadas por estado/límites: 0
Validadas DRY RUN: 0
Nuevas órdenes: 0
Operaciones cerradas sincronizadas: 0
Errores: 0
Duración del ciclo: 0.02s
Intervalo objetivo: 30s
Próximo ciclo en: 29.98s
----------------------------------------------------------------------------------------

========================================================================================
CICLO #0195 | 2026-09-03 17:56:10 UTC | símbolos=8
========================================================================================
[01/08] START Multi Step 2 Index
[01/08] END   Multi Step 2 Index | 0.02s | ARPS REGIME BLOCKED
    Motivo: SIN_TENDENCIA_M15
[02/08] START Multi Step 3 Index
[02/08] END   Multi Step 3 Index | 0.02s | ARPS WAITING SETUP
    Motivo: m5_atr_regime,m5_structure_break
[03/08] START Multi Step 4 Index
[03/08] END   Multi Step 4 Index | 0.02s | ARPS REGIME BLOCKED
    Motivo: SIN_TENDENCIA_M15
[04/08] START Step Index
[04/08] END   Step Index | 0.02s | ARPS REGIME BLOCKED
    Motivo: ADX_M15_INSUFICIENTE
[05/08] START Step Index 200
[05/08] END   Step Index 200 | 0.02s | ARPS WAITING SETUP
    Motivo: m5_structure_break,m1_rejection,m1_strong_close
[06/08] START Step Index 300
[06/08] END   Step Index 300 | 0.02s | ARPS WAITING SETUP
    Motivo: m5_structure_break,m1_rejection
[07/08] START Step Index 400
[07/08] END   Step Index 400 | 0.02s | ARPS REGIME BLOCKED
    Motivo: SIN_TENDENCIA_M15
[08/08] START Step Index 500
[08/08] END   Step Index 500 | 0.02s | ARPS REGIME BLOCKED
    Motivo: SIN_TENDENCIA_M15
----------------------------------------------------------------------------------------
RESUMEN DEL CICLO #0195
Símbolos analizados: 8
Sin señal: 0
Esperando/otros: 8
Señales rechazadas: 0
Bloqueadas por estado/límites: 0
Validadas DRY RUN: 0
Nuevas órdenes: 0
Operaciones cerradas sincronizadas: 0
Errores: 0
Duración del ciclo: 0.18s
Intervalo objetivo: 30s
Próximo ciclo en: 29.82s
----------------------------------------------------------------------------------------

========================================================================================
CICLO #0196 | 2026-09-03 17:56:40 UTC | símbolos=0
========================================================================================
----------------------------------------------------------------------------------------
RESUMEN DEL CICLO #0196
Símbolos analizados: 0
Sin señal: 0
Esperando/otros: 0
Señales rechazadas: 0
Bloqueadas por estado/límites: 0
Validadas DRY RUN: 0
Nuevas órdenes: 0
Operaciones cerradas sincronizadas: 0
Errores: 0
Duración del ciclo: 0.04s
Intervalo objetivo: 30s
Próximo ciclo en: 29.96s
----------------------------------------------------------------------------------------

========================================================================================
CICLO #0197 | 2026-09-03 17:57:10 UTC | símbolos=8
========================================================================================
[01/08] START Multi Step 2 Index
[01/08] END   Multi Step 2 Index | 0.02s | ARPS REGIME BLOCKED
    Motivo: SIN_TENDENCIA_M15
[02/08] START Multi Step 3 Index
[02/08] END   Multi Step 3 Index | 0.03s | ARPS WAITING SETUP
    Motivo: m5_atr_regime,m5_structure_break,m1_follow_through
[03/08] START Multi Step 4 Index
[03/08] END   Multi Step 4 Index | 0.02s | ARPS REGIME BLOCKED
    Motivo: SIN_TENDENCIA_M15
[04/08] START Step Index
[04/08] END   Step Index | 0.02s | ARPS REGIME BLOCKED
    Motivo: ADX_M15_INSUFICIENTE
[05/08] START Step Index 200
[05/08] END   Step Index 200 | 0.02s | ARPS WAITING SETUP
    Motivo: m5_structure_break,m1_strong_close
[06/08] START Step Index 300
[06/08] END   Step Index 300 | 0.02s | ARPS WAITING SETUP
    Motivo: m5_structure_break,m1_rejection,m1_follow_through
[07/08] START Step Index 400
[07/08] END   Step Index 400 | 0.02s | ARPS REGIME BLOCKED
    Motivo: SIN_TENDENCIA_M15
[08/08] START Step Index 500
[08/08] END   Step Index 500 | 0.02s | ARPS REGIME BLOCKED
    Motivo: SIN_TENDENCIA_M15
----------------------------------------------------------------------------------------
RESUMEN DEL CICLO #0197
Símbolos analizados: 8
Sin señal: 0
Esperando/otros: 8
Señales rechazadas: 0
Bloqueadas por estado/límites: 0
Validadas DRY RUN: 0
Nuevas órdenes: 0
Operaciones cerradas sincronizadas: 0
Errores: 0
Duración del ciclo: 0.23s
Intervalo objetivo: 30s
Próximo ciclo en: 29.77s
----------------------------------------------------------------------------------------

========================================================================================
CICLO #0198 | 2026-09-03 17:57:40 UTC | símbolos=0
========================================================================================
----------------------------------------------------------------------------------------
RESUMEN DEL CICLO #0198
Símbolos analizados: 0
Sin señal: 0
Esperando/otros: 0
Señales rechazadas: 0
Bloqueadas por estado/límites: 0
Validadas DRY RUN: 0
Nuevas órdenes: 0
Operaciones cerradas sincronizadas: 0
Errores: 0
Duración del ciclo: 0.02s
Intervalo objetivo: 30s
Próximo ciclo en: 29.98s
----------------------------------------------------------------------------------------

========================================================================================
CICLO #0199 | 2026-09-03 17:58:10 UTC | símbolos=8
========================================================================================
[01/08] START Multi Step 2 Index
[01/08] END   Multi Step 2 Index | 0.02s | ARPS REGIME BLOCKED
    Motivo: SIN_TENDENCIA_M15
[02/08] START Multi Step 3 Index
[02/08] END   Multi Step 3 Index | 0.03s | ARPS WAITING SETUP
    Motivo: m5_atr_regime,m5_structure_break,m1_rejection
[03/08] START Multi Step 4 Index
[03/08] END   Multi Step 4 Index | 0.02s | ARPS REGIME BLOCKED
    Motivo: SIN_TENDENCIA_M15
[04/08] START Step Index
[04/08] END   Step Index | 0.02s | ARPS REGIME BLOCKED
    Motivo: ADX_M15_INSUFICIENTE
[05/08] START Step Index 200
[05/08] END   Step Index 200 | 0.03s | ARPS WAITING SETUP
    Motivo: m5_structure_break,m1_follow_through
[06/08] START Step Index 300
[06/08] END   Step Index 300 | 0.02s | ARPS WAITING SETUP
    Motivo: m5_structure_break,m1_rejection,m1_strong_close
[07/08] START Step Index 400
[07/08] END   Step Index 400 | 0.02s | ARPS REGIME BLOCKED
    Motivo: SIN_TENDENCIA_M15
[08/08] START Step Index 500
[08/08] END   Step Index 500 | 0.02s | ARPS REGIME BLOCKED
    Motivo: SIN_TENDENCIA_M15
----------------------------------------------------------------------------------------
RESUMEN DEL CICLO #0199
Símbolos analizados: 8
Sin señal: 0
Esperando/otros: 8
Señales rechazadas: 0
Bloqueadas por estado/límites: 0
Validadas DRY RUN: 0
Nuevas órdenes: 0
Operaciones cerradas sincronizadas: 0
Errores: 0
Duración del ciclo: 0.23s
Intervalo objetivo: 30s
Próximo ciclo en: 29.77s
----------------------------------------------------------------------------------------

========================================================================================
CICLO #0200 | 2026-09-03 17:58:40 UTC | símbolos=0
========================================================================================
----------------------------------------------------------------------------------------
RESUMEN DEL CICLO #0200
Símbolos analizados: 0
Sin señal: 0
Esperando/otros: 0
Señales rechazadas: 0
Bloqueadas por estado/límites: 0
Validadas DRY RUN: 0
Nuevas órdenes: 0
Operaciones cerradas sincronizadas: 0
Errores: 0
Duración del ciclo: 0.02s
Intervalo objetivo: 30s
Próximo ciclo en: 29.98s
----------------------------------------------------------------------------------------

========================================================================================
CICLO #0201 | 2026-09-03 17:59:10 UTC | símbolos=8
========================================================================================
[01/08] START Multi Step 2 Index
[01/08] END   Multi Step 2 Index | 0.02s | ARPS REGIME BLOCKED
    Motivo: SIN_TENDENCIA_M15
[02/08] START Multi Step 3 Index
[02/08] END   Multi Step 3 Index | 0.03s | ARPS WAITING SETUP
    Motivo: m5_atr_regime,m5_structure_break,m1_rejection,m1_strong_close
[03/08] START Multi Step 4 Index
[03/08] END   Multi Step 4 Index | 0.02s | ARPS REGIME BLOCKED
    Motivo: SIN_TENDENCIA_M15
[04/08] START Step Index
[04/08] END   Step Index | 0.02s | ARPS REGIME BLOCKED
    Motivo: ADX_M15_INSUFICIENTE
[05/08] START Step Index 200
[05/08] END   Step Index 200 | 0.03s | ARPS WAITING SETUP
    Motivo: m5_structure_break,m1_rejection,m1_follow_through
[06/08] START Step Index 300
[06/08] END   Step Index 300 | 0.02s | ARPS WAITING SETUP
    Motivo: m5_structure_break,m1_follow_through,m1_strong_close
[07/08] START Step Index 400
[07/08] END   Step Index 400 | 0.02s | ARPS REGIME BLOCKED
    Motivo: SIN_TENDENCIA_M15
[08/08] START Step Index 500
[08/08] END   Step Index 500 | 0.02s | ARPS REGIME BLOCKED
    Motivo: SIN_TENDENCIA_M15
----------------------------------------------------------------------------------------
RESUMEN DEL CICLO #0201
Símbolos analizados: 8
Sin señal: 0
Esperando/otros: 8
Señales rechazadas: 0
Bloqueadas por estado/límites: 0
Validadas DRY RUN: 0
Nuevas órdenes: 0
Operaciones cerradas sincronizadas: 0
Errores: 0
Duración del ciclo: 0.23s
Intervalo objetivo: 30s
Próximo ciclo en: 29.77s
----------------------------------------------------------------------------------------

========================================================================================
CICLO #0202 | 2026-09-03 17:59:40 UTC | símbolos=0
========================================================================================
----------------------------------------------------------------------------------------
RESUMEN DEL CICLO #0202
Símbolos analizados: 0
Sin señal: 0
Esperando/otros: 0
Señales rechazadas: 0
Bloqueadas por estado/límites: 0
Validadas DRY RUN: 0
Nuevas órdenes: 0
Operaciones cerradas sincronizadas: 0
Errores: 0
Duración del ciclo: 0.03s
Intervalo objetivo: 30s
Próximo ciclo en: 29.97s
----------------------------------------------------------------------------------------

========================================================================================
CICLO #0203 | 2026-09-03 18:00:10 UTC | símbolos=8
========================================================================================
[01/08] START Multi Step 2 Index
[01/08] END   Multi Step 2 Index | 0.03s | ARPS REGIME BLOCKED
    Motivo: SIN_TENDENCIA_M15
[02/08] START Multi Step 3 Index
[02/08] END   Multi Step 3 Index | 0.04s | ARPS WAITING SETUP
    Motivo: m5_atr_regime,m5_structure_break,m1_follow_through
[03/08] START Multi Step 4 Index
[03/08] END   Multi Step 4 Index | 0.03s | ARPS REGIME BLOCKED
    Motivo: SIN_TENDENCIA_M15
[04/08] START Step Index
[04/08] END   Step Index | 0.03s | ARPS REGIME BLOCKED
    Motivo: ADX_M15_INSUFICIENTE
[05/08] START Step Index 200
[05/08] END   Step Index 200 | 0.04s | ARPS WAITING SETUP
    Motivo: m5_structure_break,m1_rejection,m1_strong_close
[06/08] START Step Index 300
[06/08] END   Step Index 300 | 0.04s | ARPS WAITING SETUP
    Motivo: m5_structure_break,m1_rejection
[07/08] START Step Index 400
[07/08] END   Step Index 400 | 0.03s | ARPS REGIME BLOCKED
    Motivo: SIN_TENDENCIA_M15
[08/08] START Step Index 500
[08/08] END   Step Index 500 | 0.03s | ARPS REGIME BLOCKED
    Motivo: SIN_TENDENCIA_M15
----------------------------------------------------------------------------------------
RESUMEN DEL CICLO #0203
Símbolos analizados: 8
Sin señal: 0
Esperando/otros: 8
Señales rechazadas: 0
Bloqueadas por estado/límites: 0
Validadas DRY RUN: 0
Nuevas órdenes: 0
Operaciones cerradas sincronizadas: 0
Errores: 0
Duración del ciclo: 0.33s
Intervalo objetivo: 30s
Próximo ciclo en: 29.67s
----------------------------------------------------------------------------------------

========================================================================================
CICLO #0204 | 2026-09-03 18:00:40 UTC | símbolos=0
========================================================================================
----------------------------------------------------------------------------------------
RESUMEN DEL CICLO #0204
Símbolos analizados: 0
Sin señal: 0
Esperando/otros: 0
Señales rechazadas: 0
Bloqueadas por estado/límites: 0
Validadas DRY RUN: 0
Nuevas órdenes: 0
Operaciones cerradas sincronizadas: 0
Errores: 0
Duración del ciclo: 0.03s
Intervalo objetivo: 30s
Próximo ciclo en: 29.97s
----------------------------------------------------------------------------------------

========================================================================================
CICLO #0205 | 2026-09-03 18:01:10 UTC | símbolos=8
========================================================================================
[01/08] START Multi Step 2 Index
[01/08] END   Multi Step 2 Index | 0.02s | ARPS REGIME BLOCKED
    Motivo: SIN_TENDENCIA_M15
[02/08] START Multi Step 3 Index
[02/08] END   Multi Step 3 Index | 0.02s | ARPS WAITING SETUP
    Motivo: m5_atr_regime,m5_structure_break,m1_rejection
[03/08] START Multi Step 4 Index
[03/08] END   Multi Step 4 Index | 0.02s | ARPS REGIME BLOCKED
    Motivo: SIN_TENDENCIA_M15
[04/08] START Step Index
[04/08] END   Step Index | 0.02s | ARPS REGIME BLOCKED
    Motivo: ADX_M15_INSUFICIENTE
[05/08] START Step Index 200
[05/08] END   Step Index 200 | 0.02s | ARPS WAITING SETUP
    Motivo: m5_structure_break
[06/08] START Step Index 300
[06/08] END   Step Index 300 | 0.02s | ARPS WAITING SETUP
    Motivo: m5_structure_break,m1_rejection
[07/08] START Step Index 400
[07/08] END   Step Index 400 | 0.02s | ARPS REGIME BLOCKED
    Motivo: SIN_TENDENCIA_M15
[08/08] START Step Index 500
[08/08] END   Step Index 500 | 0.02s | ARPS REGIME BLOCKED
    Motivo: SIN_TENDENCIA_M15
----------------------------------------------------------------------------------------
RESUMEN DEL CICLO #0205
Símbolos analizados: 8
Sin señal: 0
Esperando/otros: 8
Señales rechazadas: 0
Bloqueadas por estado/límites: 0
Validadas DRY RUN: 0
Nuevas órdenes: 0
Operaciones cerradas sincronizadas: 0
Errores: 0
Duración del ciclo: 0.19s
Intervalo objetivo: 30s
Próximo ciclo en: 29.81s
----------------------------------------------------------------------------------------

========================================================================================
CICLO #0206 | 2026-09-03 18:01:40 UTC | símbolos=0
========================================================================================
----------------------------------------------------------------------------------------
RESUMEN DEL CICLO #0206
Símbolos analizados: 0
Sin señal: 0
Esperando/otros: 0
Señales rechazadas: 0
Bloqueadas por estado/límites: 0
Validadas DRY RUN: 0
Nuevas órdenes: 0
Operaciones cerradas sincronizadas: 0
Errores: 0
Duración del ciclo: 0.02s
Intervalo objetivo: 30s
Próximo ciclo en: 29.98s
----------------------------------------------------------------------------------------

========================================================================================
CICLO #0207 | 2026-09-03 18:02:10 UTC | símbolos=8
========================================================================================
[01/08] START Multi Step 2 Index
[01/08] END   Multi Step 2 Index | 0.02s | ARPS REGIME BLOCKED
    Motivo: SIN_TENDENCIA_M15
[02/08] START Multi Step 3 Index
[02/08] END   Multi Step 3 Index | 0.03s | ARPS WAITING SETUP
    Motivo: m5_atr_regime,m5_structure_break
[03/08] START Multi Step 4 Index
[03/08] END   Multi Step 4 Index | 0.02s | ARPS REGIME BLOCKED
    Motivo: SIN_TENDENCIA_M15
[04/08] START Step Index
[04/08] END   Step Index | 0.02s | ARPS REGIME BLOCKED
    Motivo: ADX_M15_INSUFICIENTE
[05/08] START Step Index 200
[05/08] END   Step Index 200 | 0.02s | ARPS WAITING SETUP
    Motivo: m5_structure_break
[06/08] START Step Index 300
[06/08] END   Step Index 300 | 0.03s | ARPS WAITING SETUP
    Motivo: m5_structure_break,m1_rejection,m1_follow_through
[07/08] START Step Index 400
[07/08] END   Step Index 400 | 0.02s | ARPS REGIME BLOCKED
    Motivo: SIN_TENDENCIA_M15
[08/08] START Step Index 500
[08/08] END   Step Index 500 | 0.02s | ARPS REGIME BLOCKED
    Motivo: SIN_TENDENCIA_M15
----------------------------------------------------------------------------------------
RESUMEN DEL CICLO #0207
Símbolos analizados: 8
Sin señal: 0
Esperando/otros: 8
Señales rechazadas: 0
Bloqueadas por estado/límites: 0
Validadas DRY RUN: 0
Nuevas órdenes: 0
Operaciones cerradas sincronizadas: 0
Errores: 0
Duración del ciclo: 0.24s
Intervalo objetivo: 30s
Próximo ciclo en: 29.76s
----------------------------------------------------------------------------------------

========================================================================================
CICLO #0208 | 2026-09-03 18:02:40 UTC | símbolos=0
========================================================================================
----------------------------------------------------------------------------------------
RESUMEN DEL CICLO #0208
Símbolos analizados: 0
Sin señal: 0
Esperando/otros: 0
Señales rechazadas: 0
Bloqueadas por estado/límites: 0
Validadas DRY RUN: 0
Nuevas órdenes: 0
Operaciones cerradas sincronizadas: 0
Errores: 0
Duración del ciclo: 0.02s
Intervalo objetivo: 30s
Próximo ciclo en: 29.98s
----------------------------------------------------------------------------------------

========================================================================================
CICLO #0209 | 2026-09-03 18:03:10 UTC | símbolos=8
========================================================================================
[01/08] START Multi Step 2 Index
[01/08] END   Multi Step 2 Index | 0.02s | ARPS REGIME BLOCKED
    Motivo: SIN_TENDENCIA_M15
[02/08] START Multi Step 3 Index
[02/08] END   Multi Step 3 Index | 0.03s | ARPS WAITING SETUP
    Motivo: m5_atr_regime,m5_structure_break,m1_rejection
[03/08] START Multi Step 4 Index
[03/08] END   Multi Step 4 Index | 0.02s | ARPS REGIME BLOCKED
    Motivo: SIN_TENDENCIA_M15
[04/08] START Step Index
[04/08] END   Step Index | 0.02s | ARPS REGIME BLOCKED
    Motivo: ADX_M15_INSUFICIENTE
[05/08] START Step Index 200
[05/08] END   Step Index 200 | 0.03s | ARPS WAITING SETUP
    Motivo: m5_structure_break,m1_rejection,m1_follow_through
[06/08] START Step Index 300
[06/08] END   Step Index 300 | 0.02s | ARPS WAITING SETUP
    Motivo: m5_structure_break,m1_rejection,m1_follow_through,m1_strong_close
[07/08] START Step Index 400
[07/08] END   Step Index 400 | 0.02s | ARPS REGIME BLOCKED
    Motivo: SIN_TENDENCIA_M15
[08/08] START Step Index 500
[08/08] END   Step Index 500 | 0.02s | ARPS REGIME BLOCKED
    Motivo: SIN_TENDENCIA_M15
----------------------------------------------------------------------------------------
RESUMEN DEL CICLO #0209
Símbolos analizados: 8
Sin señal: 0
Esperando/otros: 8
Señales rechazadas: 0
Bloqueadas por estado/límites: 0
Validadas DRY RUN: 0
Nuevas órdenes: 0
Operaciones cerradas sincronizadas: 0
Errores: 0
Duración del ciclo: 0.22s
Intervalo objetivo: 30s
Próximo ciclo en: 29.78s
----------------------------------------------------------------------------------------

========================================================================================
CICLO #0210 | 2026-09-03 18:03:40 UTC | símbolos=0
========================================================================================
----------------------------------------------------------------------------------------
RESUMEN DEL CICLO #0210
Símbolos analizados: 0
Sin señal: 0
Esperando/otros: 0
Señales rechazadas: 0
Bloqueadas por estado/límites: 0
Validadas DRY RUN: 0
Nuevas órdenes: 0
Operaciones cerradas sincronizadas: 0
Errores: 0
Duración del ciclo: 0.02s
Intervalo objetivo: 30s
Próximo ciclo en: 29.98s
----------------------------------------------------------------------------------------

========================================================================================
CICLO #0211 | 2026-09-03 18:04:10 UTC | símbolos=8
========================================================================================
[01/08] START Multi Step 2 Index
[01/08] END   Multi Step 2 Index | 0.03s | ARPS REGIME BLOCKED
    Motivo: SIN_TENDENCIA_M15
[02/08] START Multi Step 3 Index
[02/08] END   Multi Step 3 Index | 0.03s | ARPS WAITING SETUP
    Motivo: m5_atr_regime,m5_structure_break,m1_rejection
[03/08] START Multi Step 4 Index
[03/08] END   Multi Step 4 Index | 0.02s | ARPS REGIME BLOCKED
    Motivo: SIN_TENDENCIA_M15
[04/08] START Step Index
[04/08] END   Step Index | 0.02s | ARPS REGIME BLOCKED
    Motivo: ADX_M15_INSUFICIENTE
[05/08] START Step Index 200
[05/08] END   Step Index 200 | 0.03s | ARPS WAITING SETUP
    Motivo: m5_structure_break,m1_rejection,m1_strong_close
[06/08] START Step Index 300
[06/08] END   Step Index 300 | 0.03s | ARPS WAITING SETUP
    Motivo: m5_structure_break,m1_rejection,m1_follow_through,m1_strong_close
[07/08] START Step Index 400
[07/08] END   Step Index 400 | 0.02s | ARPS REGIME BLOCKED
    Motivo: SIN_TENDENCIA_M15
[08/08] START Step Index 500
[08/08] END   Step Index 500 | 0.02s | ARPS REGIME BLOCKED
    Motivo: SIN_TENDENCIA_M15
----------------------------------------------------------------------------------------
RESUMEN DEL CICLO #0211
Símbolos analizados: 8
Sin señal: 0
Esperando/otros: 8
Señales rechazadas: 0
Bloqueadas por estado/límites: 0
Validadas DRY RUN: 0
Nuevas órdenes: 0
Operaciones cerradas sincronizadas: 0
Errores: 0
Duración del ciclo: 0.23s
Intervalo objetivo: 30s
Próximo ciclo en: 29.77s
----------------------------------------------------------------------------------------

========================================================================================
CICLO #0212 | 2026-09-03 18:04:40 UTC | símbolos=0
========================================================================================
----------------------------------------------------------------------------------------
RESUMEN DEL CICLO #0212
Símbolos analizados: 0
Sin señal: 0
Esperando/otros: 0
Señales rechazadas: 0
Bloqueadas por estado/límites: 0
Validadas DRY RUN: 0
Nuevas órdenes: 0
Operaciones cerradas sincronizadas: 0
Errores: 0
Duración del ciclo: 0.03s
Intervalo objetivo: 30s
Próximo ciclo en: 29.97s
----------------------------------------------------------------------------------------

========================================================================================
CICLO #0213 | 2026-09-03 18:05:10 UTC | símbolos=8
========================================================================================
[01/08] START Multi Step 2 Index
[01/08] END   Multi Step 2 Index | 0.03s | ARPS REGIME BLOCKED
    Motivo: SIN_TENDENCIA_M15
[02/08] START Multi Step 3 Index
[02/08] END   Multi Step 3 Index | 0.03s | ARPS WAITING SETUP
    Motivo: m5_structure_break,m1_rejection,m1_follow_through
[03/08] START Multi Step 4 Index
[03/08] END   Multi Step 4 Index | 0.03s | ARPS REGIME BLOCKED
    Motivo: SIN_TENDENCIA_M15
[04/08] START Step Index
[04/08] END   Step Index | 0.03s | ARPS REGIME BLOCKED
    Motivo: ADX_M15_INSUFICIENTE
[05/08] START Step Index 200
[05/08] END   Step Index 200 | 0.03s | ARPS WAITING SETUP
    Motivo: m5_atr_regime,m5_structure_break,m1_follow_through,m1_strong_close
[06/08] START Step Index 300
[06/08] END   Step Index 300 | 0.04s | ARPS WAITING SETUP
    Motivo: m5_atr_regime,m5_structure_break,m1_rejection
[07/08] START Step Index 400
[07/08] END   Step Index 400 | 0.03s | ARPS REGIME BLOCKED
    Motivo: SIN_TENDENCIA_M15
[08/08] START Step Index 500
[08/08] END   Step Index 500 | 0.03s | ARPS REGIME BLOCKED
    Motivo: SIN_TENDENCIA_M15
----------------------------------------------------------------------------------------
RESUMEN DEL CICLO #0213
Símbolos analizados: 8
Sin señal: 0
Esperando/otros: 8
Señales rechazadas: 0
Bloqueadas por estado/límites: 0
Validadas DRY RUN: 0
Nuevas órdenes: 0
Operaciones cerradas sincronizadas: 0
Errores: 0
Duración del ciclo: 0.28s
Intervalo objetivo: 30s
Próximo ciclo en: 29.72s
----------------------------------------------------------------------------------------

========================================================================================
CICLO #0214 | 2026-09-03 18:05:40 UTC | símbolos=0
========================================================================================
----------------------------------------------------------------------------------------
RESUMEN DEL CICLO #0214
Símbolos analizados: 0
Sin señal: 0
Esperando/otros: 0
Señales rechazadas: 0
Bloqueadas por estado/límites: 0
Validadas DRY RUN: 0
Nuevas órdenes: 0
Operaciones cerradas sincronizadas: 0
Errores: 0
Duración del ciclo: 0.02s
Intervalo objetivo: 30s
Próximo ciclo en: 29.98s
----------------------------------------------------------------------------------------

========================================================================================
CICLO #0215 | 2026-09-03 18:06:10 UTC | símbolos=8
========================================================================================
[01/08] START Multi Step 2 Index
[01/08] END   Multi Step 2 Index | 0.02s | ARPS REGIME BLOCKED
    Motivo: SIN_TENDENCIA_M15
[02/08] START Multi Step 3 Index
[02/08] END   Multi Step 3 Index | 0.02s | ARPS WAITING SETUP
    Motivo: m5_structure_break,m1_rejection,m1_strong_close
[03/08] START Multi Step 4 Index
[03/08] END   Multi Step 4 Index | 0.02s | ARPS REGIME BLOCKED
    Motivo: SIN_TENDENCIA_M15
[04/08] START Step Index
[04/08] END   Step Index | 0.02s | ARPS REGIME BLOCKED
    Motivo: ADX_M15_INSUFICIENTE
[05/08] START Step Index 200
[05/08] END   Step Index 200 | 0.02s | ARPS WAITING SETUP
    Motivo: m5_atr_regime,m5_structure_break,m1_rejection
[06/08] START Step Index 300
[06/08] END   Step Index 300 | 0.02s | ARPS WAITING SETUP
    Motivo: m5_atr_regime,m5_structure_break,m1_rejection
[07/08] START Step Index 400
[07/08] END   Step Index 400 | 0.02s | ARPS REGIME BLOCKED
    Motivo: SIN_TENDENCIA_M15
[08/08] START Step Index 500
[08/08] END   Step Index 500 | 0.02s | ARPS REGIME BLOCKED
    Motivo: SIN_TENDENCIA_M15
----------------------------------------------------------------------------------------
RESUMEN DEL CICLO #0215
Símbolos analizados: 8
Sin señal: 0
Esperando/otros: 8
Señales rechazadas: 0
Bloqueadas por estado/límites: 0
Validadas DRY RUN: 0
Nuevas órdenes: 0
Operaciones cerradas sincronizadas: 0
Errores: 0
Duración del ciclo: 0.19s
Intervalo objetivo: 30s
Próximo ciclo en: 29.81s
----------------------------------------------------------------------------------------

========================================================================================
CICLO #0216 | 2026-09-03 18:06:40 UTC | símbolos=0
========================================================================================
----------------------------------------------------------------------------------------
RESUMEN DEL CICLO #0216
Símbolos analizados: 0
Sin señal: 0
Esperando/otros: 0
Señales rechazadas: 0
Bloqueadas por estado/límites: 0
Validadas DRY RUN: 0
Nuevas órdenes: 0
Operaciones cerradas sincronizadas: 0
Errores: 0
Duración del ciclo: 0.02s
Intervalo objetivo: 30s
Próximo ciclo en: 29.98s
----------------------------------------------------------------------------------------

========================================================================================
CICLO #0217 | 2026-09-03 18:07:10 UTC | símbolos=8
========================================================================================
[01/08] START Multi Step 2 Index
[01/08] END   Multi Step 2 Index | 0.02s | ARPS REGIME BLOCKED
    Motivo: SIN_TENDENCIA_M15
[02/08] START Multi Step 3 Index
[02/08] END   Multi Step 3 Index | 0.03s | ARPS WAITING SETUP
    Motivo: m5_structure_break,m1_follow_through
[03/08] START Multi Step 4 Index
[03/08] END   Multi Step 4 Index | 0.02s | ARPS REGIME BLOCKED
    Motivo: SIN_TENDENCIA_M15
[04/08] START Step Index
[04/08] END   Step Index | 0.02s | ARPS REGIME BLOCKED
    Motivo: ADX_M15_INSUFICIENTE
[05/08] START Step Index 200
[05/08] END   Step Index 200 | 0.03s | ARPS WAITING SETUP
    Motivo: m5_atr_regime,m5_structure_break,m1_rejection
[06/08] START Step Index 300
[06/08] END   Step Index 300 | 0.03s | ARPS WAITING SETUP
    Motivo: m5_atr_regime,m5_structure_break,m1_rejection,m1_follow_through,m1_strong_close
[07/08] START Step Index 400
[07/08] END   Step Index 400 | 0.02s | ARPS REGIME BLOCKED
    Motivo: SIN_TENDENCIA_M15
[08/08] START Step Index 500
[08/08] END   Step Index 500 | 0.02s | ARPS REGIME BLOCKED
    Motivo: SIN_TENDENCIA_M15
----------------------------------------------------------------------------------------
RESUMEN DEL CICLO #0217
Símbolos analizados: 8
Sin señal: 0
Esperando/otros: 8
Señales rechazadas: 0
Bloqueadas por estado/límites: 0
Validadas DRY RUN: 0
Nuevas órdenes: 0
Operaciones cerradas sincronizadas: 0
Errores: 0
Duración del ciclo: 0.23s
Intervalo objetivo: 30s
Próximo ciclo en: 29.77s
----------------------------------------------------------------------------------------

========================================================================================
CICLO #0218 | 2026-09-03 18:07:40 UTC | símbolos=0
========================================================================================
----------------------------------------------------------------------------------------
RESUMEN DEL CICLO #0218
Símbolos analizados: 0
Sin señal: 0
Esperando/otros: 0
Señales rechazadas: 0
Bloqueadas por estado/límites: 0
Validadas DRY RUN: 0
Nuevas órdenes: 0
Operaciones cerradas sincronizadas: 0
Errores: 0
Duración del ciclo: 0.02s
Intervalo objetivo: 30s
Próximo ciclo en: 29.98s
----------------------------------------------------------------------------------------

========================================================================================
CICLO #0219 | 2026-09-03 18:08:10 UTC | símbolos=8
========================================================================================
[01/08] START Multi Step 2 Index
[01/08] END   Multi Step 2 Index | 0.02s | ARPS REGIME BLOCKED
    Motivo: SIN_TENDENCIA_M15
[02/08] START Multi Step 3 Index
[02/08] END   Multi Step 3 Index | 0.03s | ARPS WAITING SETUP
    Motivo: m5_structure_break,m1_rejection,m1_follow_through,m1_strong_close
[03/08] START Multi Step 4 Index
[03/08] END   Multi Step 4 Index | 0.02s | ARPS REGIME BLOCKED
    Motivo: SIN_TENDENCIA_M15
[04/08] START Step Index
[04/08] END   Step Index | 0.03s | ARPS REGIME BLOCKED
    Motivo: ADX_M15_INSUFICIENTE
[05/08] START Step Index 200
[05/08] END   Step Index 200 | 0.03s | ARPS WAITING SETUP
    Motivo: m5_atr_regime,m5_structure_break,m1_rejection,m1_follow_through,m1_strong_close
[06/08] START Step Index 300
[06/08] END   Step Index 300 | 0.02s | ARPS WAITING SETUP
    Motivo: m5_atr_regime,m5_structure_break,m1_rejection
[07/08] START Step Index 400
[07/08] END   Step Index 400 | 0.02s | ARPS REGIME BLOCKED
    Motivo: SIN_TENDENCIA_M15
[08/08] START Step Index 500
[08/08] END   Step Index 500 | 0.02s | ARPS REGIME BLOCKED
    Motivo: SIN_TENDENCIA_M15
----------------------------------------------------------------------------------------
RESUMEN DEL CICLO #0219
Símbolos analizados: 8
Sin señal: 0
Esperando/otros: 8
Señales rechazadas: 0
Bloqueadas por estado/límites: 0
Validadas DRY RUN: 0
Nuevas órdenes: 0
Operaciones cerradas sincronizadas: 0
Errores: 0
Duración del ciclo: 0.24s
Intervalo objetivo: 30s
Próximo ciclo en: 29.76s
----------------------------------------------------------------------------------------

========================================================================================
CICLO #0220 | 2026-09-03 18:08:40 UTC | símbolos=0
========================================================================================
----------------------------------------------------------------------------------------
RESUMEN DEL CICLO #0220
Símbolos analizados: 0
Sin señal: 0
Esperando/otros: 0
Señales rechazadas: 0
Bloqueadas por estado/límites: 0
Validadas DRY RUN: 0
Nuevas órdenes: 0
Operaciones cerradas sincronizadas: 0
Errores: 0
Duración del ciclo: 0.02s
Intervalo objetivo: 30s
Próximo ciclo en: 29.98s
----------------------------------------------------------------------------------------

========================================================================================
CICLO #0221 | 2026-09-03 18:09:10 UTC | símbolos=8
========================================================================================
[01/08] START Multi Step 2 Index
[01/08] END   Multi Step 2 Index | 0.02s | ARPS REGIME BLOCKED
    Motivo: SIN_TENDENCIA_M15
[02/08] START Multi Step 3 Index
[02/08] END   Multi Step 3 Index | 0.02s | ARPS WAITING SETUP
    Motivo: m5_structure_break,m1_rejection,m1_follow_through
[03/08] START Multi Step 4 Index
[03/08] END   Multi Step 4 Index | 0.02s | ARPS REGIME BLOCKED
    Motivo: SIN_TENDENCIA_M15
[04/08] START Step Index
[04/08] END   Step Index | 0.02s | ARPS REGIME BLOCKED
    Motivo: ADX_M15_INSUFICIENTE
[05/08] START Step Index 200
[05/08] END   Step Index 200 | 0.03s | ARPS WAITING SETUP
    Motivo: m5_atr_regime,m5_structure_break,m1_rejection
[06/08] START Step Index 300
[06/08] END   Step Index 300 | 0.02s | ARPS WAITING SETUP
    Motivo: m5_atr_regime,m5_structure_break,m1_rejection
[07/08] START Step Index 400
[07/08] END   Step Index 400 | 0.02s | ARPS REGIME BLOCKED
    Motivo: SIN_TENDENCIA_M15
[08/08] START Step Index 500
[08/08] END   Step Index 500 | 0.02s | ARPS REGIME BLOCKED
    Motivo: SIN_TENDENCIA_M15
----------------------------------------------------------------------------------------
RESUMEN DEL CICLO #0221
Símbolos analizados: 8
Sin señal: 0
Esperando/otros: 8
Señales rechazadas: 0
Bloqueadas por estado/límites: 0
Validadas DRY RUN: 0
Nuevas órdenes: 0
Operaciones cerradas sincronizadas: 0
Errores: 0
Duración del ciclo: 0.22s
Intervalo objetivo: 30s
Próximo ciclo en: 29.78s
----------------------------------------------------------------------------------------

========================================================================================
CICLO #0222 | 2026-09-03 18:09:40 UTC | símbolos=0
========================================================================================
----------------------------------------------------------------------------------------
RESUMEN DEL CICLO #0222
Símbolos analizados: 0
Sin señal: 0
Esperando/otros: 0
Señales rechazadas: 0
Bloqueadas por estado/límites: 0
Validadas DRY RUN: 0
Nuevas órdenes: 0
Operaciones cerradas sincronizadas: 0
Errores: 0
Duración del ciclo: 0.02s
Intervalo objetivo: 30s
Próximo ciclo en: 29.98s
----------------------------------------------------------------------------------------

========================================================================================
CICLO #0223 | 2026-09-03 18:10:10 UTC | símbolos=8
========================================================================================
[01/08] START Multi Step 2 Index
[01/08] END   Multi Step 2 Index | 0.02s | ARPS REGIME BLOCKED
    Motivo: SIN_TENDENCIA_M15
[02/08] START Multi Step 3 Index
[02/08] END   Multi Step 3 Index | 0.03s | ARPS WAITING SETUP
    Motivo: m5_structure_break,m1_rejection,m1_follow_through
[03/08] START Multi Step 4 Index
[03/08] END   Multi Step 4 Index | 0.03s | ARPS REGIME BLOCKED
    Motivo: SIN_TENDENCIA_M15
[04/08] START Step Index
[04/08] END   Step Index | 0.03s | ARPS REGIME BLOCKED
    Motivo: ADX_M15_INSUFICIENTE
[05/08] START Step Index 200
[05/08] END   Step Index 200 | 0.03s | ARPS WAITING SETUP
    Motivo: m5_atr_regime,m5_structure_break,m1_follow_through
[06/08] START Step Index 300
[06/08] END   Step Index 300 | 0.03s | ARPS WAITING SETUP
    Motivo: m5_structure_break,m1_rejection,m1_strong_close
[07/08] START Step Index 400
[07/08] END   Step Index 400 | 0.02s | ARPS REGIME BLOCKED
    Motivo: SIN_TENDENCIA_M15
[08/08] START Step Index 500
[08/08] END   Step Index 500 | 0.02s | ARPS REGIME BLOCKED
    Motivo: SIN_TENDENCIA_M15
----------------------------------------------------------------------------------------
RESUMEN DEL CICLO #0223
Símbolos analizados: 8
Sin señal: 0
Esperando/otros: 8
Señales rechazadas: 0
Bloqueadas por estado/límites: 0
Validadas DRY RUN: 0
Nuevas órdenes: 0
Operaciones cerradas sincronizadas: 0
Errores: 0
Duración del ciclo: 0.27s
Intervalo objetivo: 30s
Próximo ciclo en: 29.73s
----------------------------------------------------------------------------------------

========================================================================================
CICLO #0224 | 2026-09-03 18:10:40 UTC | símbolos=0
========================================================================================
----------------------------------------------------------------------------------------
RESUMEN DEL CICLO #0224
Símbolos analizados: 0
Sin señal: 0
Esperando/otros: 0
Señales rechazadas: 0
Bloqueadas por estado/límites: 0
Validadas DRY RUN: 0
Nuevas órdenes: 0
Operaciones cerradas sincronizadas: 0
Errores: 0
Duración del ciclo: 0.02s
Intervalo objetivo: 30s
Próximo ciclo en: 29.98s
----------------------------------------------------------------------------------------

========================================================================================
CICLO #0225 | 2026-09-03 18:11:10 UTC | símbolos=8
========================================================================================
[01/08] START Multi Step 2 Index
[01/08] END   Multi Step 2 Index | 0.02s | ARPS REGIME BLOCKED
    Motivo: SIN_TENDENCIA_M15
[02/08] START Multi Step 3 Index
[02/08] END   Multi Step 3 Index | 0.02s | ARPS WAITING SETUP
    Motivo: m5_structure_break,m1_rejection
[03/08] START Multi Step 4 Index
[03/08] END   Multi Step 4 Index | 0.02s | ARPS REGIME BLOCKED
    Motivo: SIN_TENDENCIA_M15
[04/08] START Step Index
[04/08] END   Step Index | 0.02s | ARPS REGIME BLOCKED
    Motivo: ADX_M15_INSUFICIENTE
[05/08] START Step Index 200
[05/08] END   Step Index 200 | 0.02s | ARPS WAITING SETUP
    Motivo: m5_atr_regime,m5_structure_break,m1_rejection,m1_follow_through
[06/08] START Step Index 300
[06/08] END   Step Index 300 | 0.02s | ARPS WAITING SETUP
    Motivo: m5_structure_break,m1_follow_through,m1_strong_close
[07/08] START Step Index 400
[07/08] END   Step Index 400 | 0.02s | ARPS REGIME BLOCKED
    Motivo: SIN_TENDENCIA_M15
[08/08] START Step Index 500
[08/08] END   Step Index 500 | 0.02s | ARPS REGIME BLOCKED
    Motivo: SIN_TENDENCIA_M15
----------------------------------------------------------------------------------------
RESUMEN DEL CICLO #0225
Símbolos analizados: 8
Sin señal: 0
Esperando/otros: 8
Señales rechazadas: 0
Bloqueadas por estado/límites: 0
Validadas DRY RUN: 0
Nuevas órdenes: 0
Operaciones cerradas sincronizadas: 0
Errores: 0
Duración del ciclo: 0.19s
Intervalo objetivo: 30s
Próximo ciclo en: 29.81s
----------------------------------------------------------------------------------------

========================================================================================
CICLO #0226 | 2026-09-03 18:11:40 UTC | símbolos=0
========================================================================================
----------------------------------------------------------------------------------------
RESUMEN DEL CICLO #0226
Símbolos analizados: 0
Sin señal: 0
Esperando/otros: 0
Señales rechazadas: 0
Bloqueadas por estado/límites: 0
Validadas DRY RUN: 0
Nuevas órdenes: 0
Operaciones cerradas sincronizadas: 0
Errores: 0
Duración del ciclo: 0.03s
Intervalo objetivo: 30s
Próximo ciclo en: 29.97s
----------------------------------------------------------------------------------------

========================================================================================
CICLO #0227 | 2026-09-03 18:12:10 UTC | símbolos=8
========================================================================================
[01/08] START Multi Step 2 Index
[01/08] END   Multi Step 2 Index | 0.02s | ARPS REGIME BLOCKED
    Motivo: SIN_TENDENCIA_M15
[02/08] START Multi Step 3 Index
[02/08] END   Multi Step 3 Index | 0.03s | ARPS WAITING SETUP
    Motivo: m5_structure_break,m1_rejection,m1_follow_through
[03/08] START Multi Step 4 Index
[03/08] END   Multi Step 4 Index | 0.02s | ARPS REGIME BLOCKED
    Motivo: SIN_TENDENCIA_M15
[04/08] START Step Index
[04/08] END   Step Index | 0.02s | ARPS REGIME BLOCKED
    Motivo: ADX_M15_INSUFICIENTE
[05/08] START Step Index 200
[05/08] END   Step Index 200 | 0.02s | ARPS WAITING SETUP
    Motivo: m5_atr_regime,m5_structure_break,m1_rejection,m1_follow_through
[06/08] START Step Index 300
[06/08] END   Step Index 300 | 0.02s | ARPS WAITING SETUP
    Motivo: m5_structure_break,m1_rejection,m1_follow_through
[07/08] START Step Index 400
[07/08] END   Step Index 400 | 0.02s | ARPS REGIME BLOCKED
    Motivo: SIN_TENDENCIA_M15
[08/08] START Step Index 500
[08/08] END   Step Index 500 | 0.02s | ARPS REGIME BLOCKED
    Motivo: SIN_TENDENCIA_M15
----------------------------------------------------------------------------------------
RESUMEN DEL CICLO #0227
Símbolos analizados: 8
Sin señal: 0
Esperando/otros: 8
Señales rechazadas: 0
Bloqueadas por estado/límites: 0
Validadas DRY RUN: 0
Nuevas órdenes: 0
Operaciones cerradas sincronizadas: 0
Errores: 0
Duración del ciclo: 0.22s
Intervalo objetivo: 30s
Próximo ciclo en: 29.78s
----------------------------------------------------------------------------------------

========================================================================================
CICLO #0228 | 2026-09-03 18:12:40 UTC | símbolos=0
========================================================================================
----------------------------------------------------------------------------------------
RESUMEN DEL CICLO #0228
Símbolos analizados: 0
Sin señal: 0
Esperando/otros: 0
Señales rechazadas: 0
Bloqueadas por estado/límites: 0
Validadas DRY RUN: 0
Nuevas órdenes: 0
Operaciones cerradas sincronizadas: 0
Errores: 0
Duración del ciclo: 0.02s
Intervalo objetivo: 30s
Próximo ciclo en: 29.98s
----------------------------------------------------------------------------------------

========================================================================================
CICLO #0229 | 2026-09-03 18:13:10 UTC | símbolos=8
========================================================================================
[01/08] START Multi Step 2 Index
[01/08] END   Multi Step 2 Index | 0.02s | ARPS REGIME BLOCKED
    Motivo: SIN_TENDENCIA_M15
[02/08] START Multi Step 3 Index
[02/08] END   Multi Step 3 Index | 0.02s | ARPS WAITING SETUP
    Motivo: m5_structure_break,m1_rejection,m1_follow_through,m1_strong_close
[03/08] START Multi Step 4 Index
[03/08] END   Multi Step 4 Index | 0.02s | ARPS REGIME BLOCKED
    Motivo: SIN_TENDENCIA_M15
[04/08] START Step Index
[04/08] END   Step Index | 0.02s | ARPS REGIME BLOCKED
    Motivo: ADX_M15_INSUFICIENTE
[05/08] START Step Index 200
[05/08] END   Step Index 200 | 0.02s | ARPS WAITING SETUP
    Motivo: m5_atr_regime,m5_structure_break,m1_rejection,m1_follow_through,m1_strong_close
[06/08] START Step Index 300
[06/08] END   Step Index 300 | 0.03s | ARPS WAITING SETUP
    Motivo: m5_structure_break,m1_rejection,m1_follow_through,m1_strong_close
[07/08] START Step Index 400
[07/08] END   Step Index 400 | 0.02s | ARPS REGIME BLOCKED
    Motivo: SIN_TENDENCIA_M15
[08/08] START Step Index 500
[08/08] END   Step Index 500 | 0.02s | ARPS REGIME BLOCKED
    Motivo: SIN_TENDENCIA_M15
----------------------------------------------------------------------------------------
RESUMEN DEL CICLO #0229
Símbolos analizados: 8
Sin señal: 0
Esperando/otros: 8
Señales rechazadas: 0
Bloqueadas por estado/límites: 0
Validadas DRY RUN: 0
Nuevas órdenes: 0
Operaciones cerradas sincronizadas: 0
Errores: 0
Duración del ciclo: 0.22s
Intervalo objetivo: 30s
Próximo ciclo en: 29.78s
----------------------------------------------------------------------------------------

========================================================================================
CICLO #0230 | 2026-09-03 18:13:40 UTC | símbolos=0
========================================================================================
----------------------------------------------------------------------------------------
RESUMEN DEL CICLO #0230
Símbolos analizados: 0
Sin señal: 0
Esperando/otros: 0
Señales rechazadas: 0
Bloqueadas por estado/límites: 0
Validadas DRY RUN: 0
Nuevas órdenes: 0
Operaciones cerradas sincronizadas: 0
Errores: 0
Duración del ciclo: 0.02s
Intervalo objetivo: 30s
Próximo ciclo en: 29.98s
----------------------------------------------------------------------------------------

========================================================================================
CICLO #0231 | 2026-09-03 18:14:10 UTC | símbolos=8
========================================================================================
[01/08] START Multi Step 2 Index
[01/08] END   Multi Step 2 Index | 0.02s | ARPS REGIME BLOCKED
    Motivo: SIN_TENDENCIA_M15
[02/08] START Multi Step 3 Index
[02/08] END   Multi Step 3 Index | 0.03s | ARPS WAITING SETUP
    Motivo: m5_structure_break,m1_rejection,m1_follow_through,m1_strong_close
[03/08] START Multi Step 4 Index
[03/08] END   Multi Step 4 Index | 0.03s | ARPS REGIME BLOCKED
    Motivo: SIN_TENDENCIA_M15
[04/08] START Step Index
[04/08] END   Step Index | 0.02s | ARPS REGIME BLOCKED
    Motivo: ADX_M15_INSUFICIENTE
[05/08] START Step Index 200
[05/08] END   Step Index 200 | 0.03s | ARPS WAITING SETUP
    Motivo: m5_atr_regime,m5_structure_break,m1_follow_through,m1_strong_close
[06/08] START Step Index 300
[06/08] END   Step Index 300 | 0.03s | ARPS WAITING SETUP
    Motivo: m5_structure_break,m1_rejection,m1_follow_through
[07/08] START Step Index 400
[07/08] END   Step Index 400 | 0.02s | ARPS REGIME BLOCKED
    Motivo: SIN_TENDENCIA_M15
[08/08] START Step Index 500
[08/08] END   Step Index 500 | 0.02s | ARPS REGIME BLOCKED
    Motivo: SIN_TENDENCIA_M15
----------------------------------------------------------------------------------------
RESUMEN DEL CICLO #0231
Símbolos analizados: 8
Sin señal: 0
Esperando/otros: 8
Señales rechazadas: 0
Bloqueadas por estado/límites: 0
Validadas DRY RUN: 0
Nuevas órdenes: 0
Operaciones cerradas sincronizadas: 0
Errores: 0
Duración del ciclo: 0.25s
Intervalo objetivo: 30s
Próximo ciclo en: 29.75s
----------------------------------------------------------------------------------------

========================================================================================
CICLO #0232 | 2026-09-03 18:14:40 UTC | símbolos=0
========================================================================================
----------------------------------------------------------------------------------------
RESUMEN DEL CICLO #0232
Símbolos analizados: 0
Sin señal: 0
Esperando/otros: 0
Señales rechazadas: 0
Bloqueadas por estado/límites: 0
Validadas DRY RUN: 0
Nuevas órdenes: 0
Operaciones cerradas sincronizadas: 0
Errores: 0
Duración del ciclo: 0.03s
Intervalo objetivo: 30s
Próximo ciclo en: 29.97s
----------------------------------------------------------------------------------------

========================================================================================
CICLO #0233 | 2026-09-03 18:15:10 UTC | símbolos=8
========================================================================================
[01/08] START Multi Step 2 Index
[01/08] END   Multi Step 2 Index | 0.03s | ARPS REGIME BLOCKED
    Motivo: SIN_TENDENCIA_M15
[02/08] START Multi Step 3 Index
[02/08] END   Multi Step 3 Index | 0.04s | ARPS WAITING SETUP
    Motivo: m5_structure_break,m1_follow_through,m1_strong_close
[03/08] START Multi Step 4 Index
[03/08] END   Multi Step 4 Index | 0.03s | ARPS REGIME BLOCKED
    Motivo: ADX_M15_INSUFICIENTE
[04/08] START Step Index
[04/08] END   Step Index | 0.04s | ARPS REGIME BLOCKED
    Motivo: ADX_M15_INSUFICIENTE
[05/08] START Step Index 200
[05/08] END   Step Index 200 | 0.04s | ARPS WAITING SETUP
    Motivo: m5_structure_break,m1_follow_through,m1_strong_close
[06/08] START Step Index 300
[06/08] END   Step Index 300 | 0.04s | ARPS WAITING SETUP
    Motivo: m5_structure_break,m1_rejection,m1_strong_close
[07/08] START Step Index 400
[07/08] END   Step Index 400 | 0.03s | ARPS REGIME BLOCKED
    Motivo: SIN_TENDENCIA_M15
[08/08] START Step Index 500
[08/08] END   Step Index 500 | 0.03s | ARPS REGIME BLOCKED
    Motivo: SIN_TENDENCIA_M15
----------------------------------------------------------------------------------------
RESUMEN DEL CICLO #0233
Símbolos analizados: 8
Sin señal: 0
Esperando/otros: 8
Señales rechazadas: 0
Bloqueadas por estado/límites: 0
Validadas DRY RUN: 0
Nuevas órdenes: 0
Operaciones cerradas sincronizadas: 0
Errores: 0
Duración del ciclo: 0.34s
Intervalo objetivo: 30s
Próximo ciclo en: 29.66s
----------------------------------------------------------------------------------------

========================================================================================
CICLO #0234 | 2026-09-03 18:15:40 UTC | símbolos=0
========================================================================================
----------------------------------------------------------------------------------------
RESUMEN DEL CICLO #0234
Símbolos analizados: 0
Sin señal: 0
Esperando/otros: 0
Señales rechazadas: 0
Bloqueadas por estado/límites: 0
Validadas DRY RUN: 0
Nuevas órdenes: 0
Operaciones cerradas sincronizadas: 0
Errores: 0
Duración del ciclo: 0.03s
Intervalo objetivo: 30s
Próximo ciclo en: 29.97s
----------------------------------------------------------------------------------------

========================================================================================
CICLO #0235 | 2026-09-03 18:16:10 UTC | símbolos=8
========================================================================================
[01/08] START Multi Step 2 Index
[01/08] END   Multi Step 2 Index | 0.02s | ARPS REGIME BLOCKED
    Motivo: SIN_TENDENCIA_M15
[02/08] START Multi Step 3 Index
[02/08] END   Multi Step 3 Index | 0.02s | ARPS WAITING SETUP
    Motivo: m5_structure_break,m1_rejection,m1_follow_through,m1_strong_close
[03/08] START Multi Step 4 Index
[03/08] END   Multi Step 4 Index | 0.02s | ARPS REGIME BLOCKED
    Motivo: ADX_M15_INSUFICIENTE
[04/08] START Step Index
[04/08] END   Step Index | 0.02s | ARPS REGIME BLOCKED
    Motivo: ADX_M15_INSUFICIENTE
[05/08] START Step Index 200
[05/08] END   Step Index 200 | 0.02s | ARPS WAITING SETUP
    Motivo: m5_structure_break,m1_rejection,m1_follow_through
[06/08] START Step Index 300
[06/08] END   Step Index 300 | 0.02s | ARPS WAITING SETUP
    Motivo: m5_structure_break,m1_rejection
[07/08] START Step Index 400
[07/08] END   Step Index 400 | 0.02s | ARPS REGIME BLOCKED
    Motivo: SIN_TENDENCIA_M15
[08/08] START Step Index 500
[08/08] END   Step Index 500 | 0.02s | ARPS REGIME BLOCKED
    Motivo: SIN_TENDENCIA_M15
----------------------------------------------------------------------------------------
RESUMEN DEL CICLO #0235
Símbolos analizados: 8
Sin señal: 0
Esperando/otros: 8
Señales rechazadas: 0
Bloqueadas por estado/límites: 0
Validadas DRY RUN: 0
Nuevas órdenes: 0
Operaciones cerradas sincronizadas: 0
Errores: 0
Duración del ciclo: 0.18s
Intervalo objetivo: 30s
Próximo ciclo en: 29.82s
----------------------------------------------------------------------------------------

========================================================================================
CICLO #0236 | 2026-09-03 18:16:40 UTC | símbolos=0
========================================================================================
----------------------------------------------------------------------------------------
RESUMEN DEL CICLO #0236
Símbolos analizados: 0
Sin señal: 0
Esperando/otros: 0
Señales rechazadas: 0
Bloqueadas por estado/límites: 0
Validadas DRY RUN: 0
Nuevas órdenes: 0
Operaciones cerradas sincronizadas: 0
Errores: 0
Duración del ciclo: 0.02s
Intervalo objetivo: 30s
Próximo ciclo en: 29.98s
----------------------------------------------------------------------------------------

========================================================================================
CICLO #0237 | 2026-09-03 18:17:10 UTC | símbolos=8
========================================================================================
[01/08] START Multi Step 2 Index
[01/08] END   Multi Step 2 Index | 0.02s | ARPS REGIME BLOCKED
    Motivo: SIN_TENDENCIA_M15
[02/08] START Multi Step 3 Index
[02/08] END   Multi Step 3 Index | 0.02s | ARPS WAITING SETUP
    Motivo: m5_structure_break,m1_rejection,m1_follow_through,m1_strong_close
[03/08] START Multi Step 4 Index
[03/08] END   Multi Step 4 Index | 0.02s | ARPS REGIME BLOCKED
    Motivo: ADX_M15_INSUFICIENTE
[04/08] START Step Index
[04/08] END   Step Index | 0.02s | ARPS REGIME BLOCKED
    Motivo: ADX_M15_INSUFICIENTE
[05/08] START Step Index 200
[05/08] END   Step Index 200 | 0.02s | ARPS WAITING SETUP
    Motivo: m5_structure_break,m1_rejection
[06/08] START Step Index 300
[06/08] END   Step Index 300 | 0.02s | ARPS WAITING SETUP
    Motivo: m5_structure_break,m1_rejection,m1_follow_through,m1_strong_close
[07/08] START Step Index 400
[07/08] END   Step Index 400 | 0.02s | ARPS REGIME BLOCKED
    Motivo: SIN_TENDENCIA_M15
[08/08] START Step Index 500
[08/08] END   Step Index 500 | 0.02s | ARPS REGIME BLOCKED
    Motivo: SIN_TENDENCIA_M15
----------------------------------------------------------------------------------------
RESUMEN DEL CICLO #0237
Símbolos analizados: 8
Sin señal: 0
Esperando/otros: 8
Señales rechazadas: 0
Bloqueadas por estado/límites: 0
Validadas DRY RUN: 0
Nuevas órdenes: 0
Operaciones cerradas sincronizadas: 0
Errores: 0
Duración del ciclo: 0.22s
Intervalo objetivo: 30s
Próximo ciclo en: 29.78s
----------------------------------------------------------------------------------------

========================================================================================
CICLO #0238 | 2026-09-03 18:17:40 UTC | símbolos=0
========================================================================================
----------------------------------------------------------------------------------------
RESUMEN DEL CICLO #0238
Símbolos analizados: 0
Sin señal: 0
Esperando/otros: 0
Señales rechazadas: 0
Bloqueadas por estado/límites: 0
Validadas DRY RUN: 0
Nuevas órdenes: 0
Operaciones cerradas sincronizadas: 0
Errores: 0
Duración del ciclo: 0.02s
Intervalo objetivo: 30s
Próximo ciclo en: 29.98s
----------------------------------------------------------------------------------------

========================================================================================
CICLO #0239 | 2026-09-03 18:18:10 UTC | símbolos=8
========================================================================================
[01/08] START Multi Step 2 Index
[01/08] END   Multi Step 2 Index | 0.02s | ARPS REGIME BLOCKED
    Motivo: SIN_TENDENCIA_M15
[02/08] START Multi Step 3 Index
[02/08] END   Multi Step 3 Index | 0.03s | ARPS WAITING SETUP
    Motivo: m5_structure_break,m1_rejection,m1_strong_close
[03/08] START Multi Step 4 Index
[03/08] END   Multi Step 4 Index | 0.02s | ARPS REGIME BLOCKED
    Motivo: ADX_M15_INSUFICIENTE
[04/08] START Step Index
[04/08] END   Step Index | 0.02s | ARPS REGIME BLOCKED
    Motivo: ADX_M15_INSUFICIENTE
[05/08] START Step Index 200
[05/08] END   Step Index 200 | 0.03s | ARPS WAITING SETUP
    Motivo: m5_structure_break,m1_rejection,m1_strong_close
[06/08] START Step Index 300
[06/08] END   Step Index 300 | 0.03s | ARPS WAITING SETUP
    Motivo: m5_structure_break,m1_rejection
[07/08] START Step Index 400
[07/08] END   Step Index 400 | 0.02s | ARPS REGIME BLOCKED
    Motivo: SIN_TENDENCIA_M15
[08/08] START Step Index 500
[08/08] END   Step Index 500 | 0.02s | ARPS REGIME BLOCKED
    Motivo: SIN_TENDENCIA_M15
----------------------------------------------------------------------------------------
RESUMEN DEL CICLO #0239
Símbolos analizados: 8
Sin señal: 0
Esperando/otros: 8
Señales rechazadas: 0
Bloqueadas por estado/límites: 0
Validadas DRY RUN: 0
Nuevas órdenes: 0
Operaciones cerradas sincronizadas: 0
Errores: 0
Duración del ciclo: 0.23s
Intervalo objetivo: 30s
Próximo ciclo en: 29.77s
----------------------------------------------------------------------------------------

========================================================================================
CICLO #0240 | 2026-09-03 18:18:40 UTC | símbolos=0
========================================================================================
----------------------------------------------------------------------------------------
RESUMEN DEL CICLO #0240
Símbolos analizados: 0
Sin señal: 0
Esperando/otros: 0
Señales rechazadas: 0
Bloqueadas por estado/límites: 0
Validadas DRY RUN: 0
Nuevas órdenes: 0
Operaciones cerradas sincronizadas: 0
Errores: 0
Duración del ciclo: 0.02s
Intervalo objetivo: 30s
Próximo ciclo en: 29.98s
----------------------------------------------------------------------------------------

========================================================================================
CICLO #0241 | 2026-09-03 18:19:10 UTC | símbolos=8
========================================================================================
[01/08] START Multi Step 2 Index
[01/08] END   Multi Step 2 Index | 0.02s | ARPS REGIME BLOCKED
    Motivo: SIN_TENDENCIA_M15
[02/08] START Multi Step 3 Index
[02/08] END   Multi Step 3 Index | 0.02s | ARPS WAITING SETUP
    Motivo: m5_structure_break,m1_rejection
[03/08] START Multi Step 4 Index
[03/08] END   Multi Step 4 Index | 0.02s | ARPS REGIME BLOCKED
    Motivo: ADX_M15_INSUFICIENTE
[04/08] START Step Index
[04/08] END   Step Index | 0.02s | ARPS REGIME BLOCKED
    Motivo: ADX_M15_INSUFICIENTE
[05/08] START Step Index 200
[05/08] END   Step Index 200 | 0.03s | ARPS WAITING SETUP
    Motivo: m5_structure_break,m1_follow_through
[06/08] START Step Index 300
[06/08] END   Step Index 300 | 0.03s | ARPS WAITING SETUP
    Motivo: m5_structure_break,m1_follow_through
[07/08] START Step Index 400
[07/08] END   Step Index 400 | 0.02s | ARPS REGIME BLOCKED
    Motivo: SIN_TENDENCIA_M15
[08/08] START Step Index 500
[08/08] END   Step Index 500 | 0.02s | ARPS REGIME BLOCKED
    Motivo: SIN_TENDENCIA_M15
----------------------------------------------------------------------------------------
RESUMEN DEL CICLO #0241
Símbolos analizados: 8
Sin señal: 0
Esperando/otros: 8
Señales rechazadas: 0
Bloqueadas por estado/límites: 0
Validadas DRY RUN: 0
Nuevas órdenes: 0
Operaciones cerradas sincronizadas: 0
Errores: 0
Duración del ciclo: 0.22s
Intervalo objetivo: 30s
Próximo ciclo en: 29.78s
----------------------------------------------------------------------------------------

========================================================================================
CICLO #0242 | 2026-09-03 18:19:40 UTC | símbolos=0
========================================================================================
----------------------------------------------------------------------------------------
RESUMEN DEL CICLO #0242
Símbolos analizados: 0
Sin señal: 0
Esperando/otros: 0
Señales rechazadas: 0
Bloqueadas por estado/límites: 0
Validadas DRY RUN: 0
Nuevas órdenes: 0
Operaciones cerradas sincronizadas: 0
Errores: 0
Duración del ciclo: 0.02s
Intervalo objetivo: 30s
Próximo ciclo en: 29.98s
----------------------------------------------------------------------------------------

========================================================================================
CICLO #0243 | 2026-09-03 18:20:10 UTC | símbolos=8
========================================================================================
[01/08] START Multi Step 2 Index
[01/08] END   Multi Step 2 Index | 0.03s | ARPS REGIME BLOCKED
    Motivo: SIN_TENDENCIA_M15
[02/08] START Multi Step 3 Index
[02/08] END   Multi Step 3 Index | 0.03s | ARPS WAITING SETUP
    Motivo: m5_structure_break,m1_rejection,m1_follow_through,m1_strong_close
[03/08] START Multi Step 4 Index
[03/08] END   Multi Step 4 Index | 0.03s | ARPS REGIME BLOCKED
    Motivo: ADX_M15_INSUFICIENTE
[04/08] START Step Index
[04/08] END   Step Index | 0.02s | ARPS REGIME BLOCKED
    Motivo: ADX_M15_INSUFICIENTE
[05/08] START Step Index 200
[05/08] END   Step Index 200 | 0.03s | ARPS WAITING SETUP
    Motivo: m5_atr_regime,m5_structure_break,m1_rejection,m1_follow_through
[06/08] START Step Index 300
[06/08] END   Step Index 300 | 0.03s | ARPS WAITING SETUP
    Motivo: m5_structure_break,m1_rejection,m1_follow_through
[07/08] START Step Index 400
[07/08] END   Step Index 400 | 0.02s | ARPS REGIME BLOCKED
    Motivo: SIN_TENDENCIA_M15
[08/08] START Step Index 500
[08/08] END   Step Index 500 | 0.03s | ARPS REGIME BLOCKED
    Motivo: SIN_TENDENCIA_M15
----------------------------------------------------------------------------------------
RESUMEN DEL CICLO #0243
Símbolos analizados: 8
Sin señal: 0
Esperando/otros: 8
Señales rechazadas: 0
Bloqueadas por estado/límites: 0
Validadas DRY RUN: 0
Nuevas órdenes: 0
Operaciones cerradas sincronizadas: 0
Errores: 0
Duración del ciclo: 0.27s
Intervalo objetivo: 30s
Próximo ciclo en: 29.73s
----------------------------------------------------------------------------------------

========================================================================================
CICLO #0244 | 2026-09-03 18:20:40 UTC | símbolos=0
========================================================================================
----------------------------------------------------------------------------------------
RESUMEN DEL CICLO #0244
Símbolos analizados: 0
Sin señal: 0
Esperando/otros: 0
Señales rechazadas: 0
Bloqueadas por estado/límites: 0
Validadas DRY RUN: 0
Nuevas órdenes: 0
Operaciones cerradas sincronizadas: 0
Errores: 0
Duración del ciclo: 0.02s
Intervalo objetivo: 30s
Próximo ciclo en: 29.98s
----------------------------------------------------------------------------------------

========================================================================================
CICLO #0245 | 2026-09-03 18:21:10 UTC | símbolos=8
========================================================================================
[01/08] START Multi Step 2 Index
[01/08] END   Multi Step 2 Index | 0.02s | ARPS REGIME BLOCKED
    Motivo: SIN_TENDENCIA_M15
[02/08] START Multi Step 3 Index
[02/08] END   Multi Step 3 Index | 0.02s | ARPS WAITING SETUP
    Motivo: m5_structure_break,m1_rejection,m1_follow_through
[03/08] START Multi Step 4 Index
[03/08] END   Multi Step 4 Index | 0.02s | ARPS REGIME BLOCKED
    Motivo: ADX_M15_INSUFICIENTE
[04/08] START Step Index
[04/08] END   Step Index | 0.02s | ARPS REGIME BLOCKED
    Motivo: ADX_M15_INSUFICIENTE
[05/08] START Step Index 200
[05/08] END   Step Index 200 | 0.02s | ARPS WAITING SETUP
    Motivo: m5_atr_regime,m5_structure_break,m1_rejection,m1_follow_through
[06/08] START Step Index 300
[06/08] END   Step Index 300 | 0.02s | ARPS WAITING SETUP
    Motivo: m5_structure_break,m1_rejection
[07/08] START Step Index 400
[07/08] END   Step Index 400 | 0.02s | ARPS REGIME BLOCKED
    Motivo: SIN_TENDENCIA_M15
[08/08] START Step Index 500
[08/08] END   Step Index 500 | 0.02s | ARPS REGIME BLOCKED
    Motivo: SIN_TENDENCIA_M15
----------------------------------------------------------------------------------------
RESUMEN DEL CICLO #0245
Símbolos analizados: 8
Sin señal: 0
Esperando/otros: 8
Señales rechazadas: 0
Bloqueadas por estado/límites: 0
Validadas DRY RUN: 0
Nuevas órdenes: 0
Operaciones cerradas sincronizadas: 0
Errores: 0
Duración del ciclo: 0.19s
Intervalo objetivo: 30s
Próximo ciclo en: 29.81s
----------------------------------------------------------------------------------------

========================================================================================
CICLO #0246 | 2026-09-03 18:21:40 UTC | símbolos=0
========================================================================================
----------------------------------------------------------------------------------------
RESUMEN DEL CICLO #0246
Símbolos analizados: 0
Sin señal: 0
Esperando/otros: 0
Señales rechazadas: 0
Bloqueadas por estado/límites: 0
Validadas DRY RUN: 0
Nuevas órdenes: 0
Operaciones cerradas sincronizadas: 0
Errores: 0
Duración del ciclo: 0.02s
Intervalo objetivo: 30s
Próximo ciclo en: 29.98s
----------------------------------------------------------------------------------------

========================================================================================
CICLO #0247 | 2026-09-03 18:22:10 UTC | símbolos=8
========================================================================================
[01/08] START Multi Step 2 Index
[01/08] END   Multi Step 2 Index | 0.02s | ARPS REGIME BLOCKED
    Motivo: SIN_TENDENCIA_M15
[02/08] START Multi Step 3 Index
[02/08] END   Multi Step 3 Index | 0.02s | ARPS WAITING SETUP
    Motivo: m5_structure_break,m1_rejection,m1_strong_close
[03/08] START Multi Step 4 Index
[03/08] END   Multi Step 4 Index | 0.02s | ARPS REGIME BLOCKED
    Motivo: ADX_M15_INSUFICIENTE
[04/08] START Step Index
[04/08] END   Step Index | 0.02s | ARPS REGIME BLOCKED
    Motivo: ADX_M15_INSUFICIENTE
[05/08] START Step Index 200
[05/08] END   Step Index 200 | 0.02s | ARPS WAITING SETUP
    Motivo: m5_atr_regime,m5_structure_break,m1_rejection,m1_follow_through,m1_strong_close
[06/08] START Step Index 300
[06/08] END   Step Index 300 | 0.03s | ARPS WAITING SETUP
    Motivo: m5_structure_break,m1_follow_through
[07/08] START Step Index 400
[07/08] END   Step Index 400 | 0.02s | ARPS REGIME BLOCKED
    Motivo: SIN_TENDENCIA_M15
[08/08] START Step Index 500
[08/08] END   Step Index 500 | 0.02s | ARPS REGIME BLOCKED
    Motivo: SIN_TENDENCIA_M15
----------------------------------------------------------------------------------------
RESUMEN DEL CICLO #0247
Símbolos analizados: 8
Sin señal: 0
Esperando/otros: 8
Señales rechazadas: 0
Bloqueadas por estado/límites: 0
Validadas DRY RUN: 0
Nuevas órdenes: 0
Operaciones cerradas sincronizadas: 0
Errores: 0
Duración del ciclo: 0.22s
Intervalo objetivo: 30s
Próximo ciclo en: 29.78s
----------------------------------------------------------------------------------------

========================================================================================
CICLO #0248 | 2026-09-03 18:22:40 UTC | símbolos=0
========================================================================================
----------------------------------------------------------------------------------------
RESUMEN DEL CICLO #0248
Símbolos analizados: 0
Sin señal: 0
Esperando/otros: 0
Señales rechazadas: 0
Bloqueadas por estado/límites: 0
Validadas DRY RUN: 0
Nuevas órdenes: 0
Operaciones cerradas sincronizadas: 0
Errores: 0
Duración del ciclo: 0.02s
Intervalo objetivo: 30s
Próximo ciclo en: 29.98s
----------------------------------------------------------------------------------------

========================================================================================
CICLO #0249 | 2026-09-03 18:23:10 UTC | símbolos=8
========================================================================================
[01/08] START Multi Step 2 Index
[01/08] END   Multi Step 2 Index | 0.02s | ARPS REGIME BLOCKED
    Motivo: SIN_TENDENCIA_M15
[02/08] START Multi Step 3 Index
[02/08] END   Multi Step 3 Index | 0.02s | ARPS WAITING SETUP
    Motivo: m5_structure_break,m1_strong_close
[03/08] START Multi Step 4 Index
[03/08] END   Multi Step 4 Index | 0.02s | ARPS REGIME BLOCKED
    Motivo: ADX_M15_INSUFICIENTE
[04/08] START Step Index
[04/08] END   Step Index | 0.02s | ARPS REGIME BLOCKED
    Motivo: ADX_M15_INSUFICIENTE
[05/08] START Step Index 200
[05/08] END   Step Index 200 | 0.02s | ARPS WAITING SETUP
    Motivo: m5_atr_regime,m5_structure_break,m1_rejection,m1_strong_close
[06/08] START Step Index 300
[06/08] END   Step Index 300 | 0.02s | ARPS WAITING SETUP
    Motivo: m5_structure_break,m1_rejection,m1_follow_through
[07/08] START Step Index 400
[07/08] END   Step Index 400 | 0.02s | ARPS REGIME BLOCKED
    Motivo: SIN_TENDENCIA_M15
[08/08] START Step Index 500
[08/08] END   Step Index 500 | 0.02s | ARPS REGIME BLOCKED
    Motivo: SIN_TENDENCIA_M15
----------------------------------------------------------------------------------------
RESUMEN DEL CICLO #0249
Símbolos analizados: 8
Sin señal: 0
Esperando/otros: 8
Señales rechazadas: 0
Bloqueadas por estado/límites: 0
Validadas DRY RUN: 0
Nuevas órdenes: 0
Operaciones cerradas sincronizadas: 0
Errores: 0
Duración del ciclo: 0.22s
Intervalo objetivo: 30s
Próximo ciclo en: 29.78s
----------------------------------------------------------------------------------------

========================================================================================
CICLO #0250 | 2026-09-03 18:23:40 UTC | símbolos=0
========================================================================================
----------------------------------------------------------------------------------------
RESUMEN DEL CICLO #0250
Símbolos analizados: 0
Sin señal: 0
Esperando/otros: 0
Señales rechazadas: 0
Bloqueadas por estado/límites: 0
Validadas DRY RUN: 0
Nuevas órdenes: 0
Operaciones cerradas sincronizadas: 0
Errores: 0
Duración del ciclo: 0.02s
Intervalo objetivo: 30s
Próximo ciclo en: 29.98s
----------------------------------------------------------------------------------------

========================================================================================
CICLO #0251 | 2026-09-03 18:24:10 UTC | símbolos=8
========================================================================================
[01/08] START Multi Step 2 Index
[01/08] END   Multi Step 2 Index | 0.02s | ARPS REGIME BLOCKED
    Motivo: SIN_TENDENCIA_M15
[02/08] START Multi Step 3 Index
[02/08] END   Multi Step 3 Index | 0.02s | ARPS WAITING SETUP
    Motivo: m5_structure_break,m1_follow_through
[03/08] START Multi Step 4 Index
[03/08] END   Multi Step 4 Index | 0.02s | ARPS REGIME BLOCKED
    Motivo: ADX_M15_INSUFICIENTE
[04/08] START Step Index
[04/08] END   Step Index | 0.02s | ARPS REGIME BLOCKED
    Motivo: ADX_M15_INSUFICIENTE
[05/08] START Step Index 200
[05/08] END   Step Index 200 | 0.02s | ARPS WAITING SETUP
    Motivo: m5_atr_regime,m5_structure_break,m1_rejection,m1_strong_close
[06/08] START Step Index 300
[06/08] END   Step Index 300 | 0.02s | ARPS WAITING SETUP
    Motivo: m5_structure_break,m1_rejection,m1_follow_through,m1_strong_close
[07/08] START Step Index 400
[07/08] END   Step Index 400 | 0.02s | ARPS REGIME BLOCKED
    Motivo: SIN_TENDENCIA_M15
[08/08] START Step Index 500
[08/08] END   Step Index 500 | 0.02s | ARPS REGIME BLOCKED
    Motivo: SIN_TENDENCIA_M15
----------------------------------------------------------------------------------------
RESUMEN DEL CICLO #0251
Símbolos analizados: 8
Sin señal: 0
Esperando/otros: 8
Señales rechazadas: 0
Bloqueadas por estado/límites: 0
Validadas DRY RUN: 0
Nuevas órdenes: 0
Operaciones cerradas sincronizadas: 0
Errores: 0
Duración del ciclo: 0.22s
Intervalo objetivo: 30s
Próximo ciclo en: 29.78s
----------------------------------------------------------------------------------------

========================================================================================
CICLO #0252 | 2026-09-03 18:24:40 UTC | símbolos=0
========================================================================================
----------------------------------------------------------------------------------------
RESUMEN DEL CICLO #0252
Símbolos analizados: 0
Sin señal: 0
Esperando/otros: 0
Señales rechazadas: 0
Bloqueadas por estado/límites: 0
Validadas DRY RUN: 0
Nuevas órdenes: 0
Operaciones cerradas sincronizadas: 0
Errores: 0
Duración del ciclo: 0.02s
Intervalo objetivo: 30s
Próximo ciclo en: 29.98s
----------------------------------------------------------------------------------------

========================================================================================
CICLO #0253 | 2026-09-03 18:25:10 UTC | símbolos=8
========================================================================================
[01/08] START Multi Step 2 Index
[01/08] END   Multi Step 2 Index | 0.03s | ARPS REGIME BLOCKED
    Motivo: SIN_TENDENCIA_M15
[02/08] START Multi Step 3 Index
[02/08] END   Multi Step 3 Index | 0.03s | ARPS WAITING SETUP
    Motivo: m5_atr_regime,m5_structure_break,m1_rejection,m1_follow_through
[03/08] START Multi Step 4 Index
[03/08] END   Multi Step 4 Index | 0.03s | ARPS REGIME BLOCKED
    Motivo: ADX_M15_INSUFICIENTE
[04/08] START Step Index
[04/08] END   Step Index | 0.03s | ARPS REGIME BLOCKED
    Motivo: ADX_M15_INSUFICIENTE
[05/08] START Step Index 200
[05/08] END   Step Index 200 | 0.04s | ARPS WAITING SETUP
    Motivo: m5_structure_break,m5_pullback,m1_follow_through,m1_strong_close
[06/08] START Step Index 300
[06/08] END   Step Index 300 | 0.04s | ARPS WAITING SETUP
    Motivo: m5_structure_break,m1_rejection,m1_follow_through,m1_strong_close
[07/08] START Step Index 400
[07/08] END   Step Index 400 | 0.03s | ARPS REGIME BLOCKED
    Motivo: SIN_TENDENCIA_M15
[08/08] START Step Index 500
[08/08] END   Step Index 500 | 0.03s | ARPS REGIME BLOCKED
    Motivo: SIN_TENDENCIA_M15
----------------------------------------------------------------------------------------
RESUMEN DEL CICLO #0253
Símbolos analizados: 8
Sin señal: 0
Esperando/otros: 8
Señales rechazadas: 0
Bloqueadas por estado/límites: 0
Validadas DRY RUN: 0
Nuevas órdenes: 0
Operaciones cerradas sincronizadas: 0
Errores: 0
Duración del ciclo: 0.30s
Intervalo objetivo: 30s
Próximo ciclo en: 29.70s
----------------------------------------------------------------------------------------

========================================================================================
CICLO #0254 | 2026-09-03 18:25:40 UTC | símbolos=0
========================================================================================
----------------------------------------------------------------------------------------
RESUMEN DEL CICLO #0254
Símbolos analizados: 0
Sin señal: 0
Esperando/otros: 0
Señales rechazadas: 0
Bloqueadas por estado/límites: 0
Validadas DRY RUN: 0
Nuevas órdenes: 0
Operaciones cerradas sincronizadas: 0
Errores: 0
Duración del ciclo: 0.03s
Intervalo objetivo: 30s
Próximo ciclo en: 29.97s
----------------------------------------------------------------------------------------

========================================================================================
CICLO #0255 | 2026-09-03 18:26:10 UTC | símbolos=8
========================================================================================
[01/08] START Multi Step 2 Index
[01/08] END   Multi Step 2 Index | 0.02s | ARPS REGIME BLOCKED
    Motivo: SIN_TENDENCIA_M15
[02/08] START Multi Step 3 Index
[02/08] END   Multi Step 3 Index | 0.03s | ARPS WAITING SETUP
    Motivo: m5_atr_regime,m5_structure_break,m1_rejection
[03/08] START Multi Step 4 Index
[03/08] END   Multi Step 4 Index | 0.02s | ARPS REGIME BLOCKED
    Motivo: ADX_M15_INSUFICIENTE
[04/08] START Step Index
[04/08] END   Step Index | 0.02s | ARPS REGIME BLOCKED
    Motivo: ADX_M15_INSUFICIENTE
[05/08] START Step Index 200
[05/08] END   Step Index 200 | 0.03s | ARPS WAITING SETUP
    Motivo: m5_structure_break,m5_pullback,m1_rejection,m1_follow_through
[06/08] START Step Index 300
[06/08] END   Step Index 300 | 0.03s | ARPS WAITING SETUP
    Motivo: m5_structure_break,m1_rejection,m1_follow_through,m1_strong_close
[07/08] START Step Index 400
[07/08] END   Step Index 400 | 0.02s | ARPS REGIME BLOCKED
    Motivo: SIN_TENDENCIA_M15
[08/08] START Step Index 500
[08/08] END   Step Index 500 | 0.02s | ARPS REGIME BLOCKED
    Motivo: SIN_TENDENCIA_M15
----------------------------------------------------------------------------------------
RESUMEN DEL CICLO #0255
Símbolos analizados: 8
Sin señal: 0
Esperando/otros: 8
Señales rechazadas: 0
Bloqueadas por estado/límites: 0
Validadas DRY RUN: 0
Nuevas órdenes: 0
Operaciones cerradas sincronizadas: 0
Errores: 0
Duración del ciclo: 0.25s
Intervalo objetivo: 30s
Próximo ciclo en: 29.75s
----------------------------------------------------------------------------------------

========================================================================================
CICLO #0256 | 2026-09-03 18:26:40 UTC | símbolos=0
========================================================================================
----------------------------------------------------------------------------------------
RESUMEN DEL CICLO #0256
Símbolos analizados: 0
Sin señal: 0
Esperando/otros: 0
Señales rechazadas: 0
Bloqueadas por estado/límites: 0
Validadas DRY RUN: 0
Nuevas órdenes: 0
Operaciones cerradas sincronizadas: 0
Errores: 0
Duración del ciclo: 0.02s
Intervalo objetivo: 30s
Próximo ciclo en: 29.98s
----------------------------------------------------------------------------------------

========================================================================================
CICLO #0257 | 2026-09-03 18:27:10 UTC | símbolos=8
========================================================================================
[01/08] START Multi Step 2 Index
[01/08] END   Multi Step 2 Index | 0.02s | ARPS REGIME BLOCKED
    Motivo: SIN_TENDENCIA_M15
[02/08] START Multi Step 3 Index
[02/08] END   Multi Step 3 Index | 0.02s | ARPS WAITING SETUP
    Motivo: m5_atr_regime,m5_structure_break,m1_rejection,m1_follow_through,m1_strong_close
[03/08] START Multi Step 4 Index
[03/08] END   Multi Step 4 Index | 0.02s | ARPS REGIME BLOCKED
    Motivo: ADX_M15_INSUFICIENTE
[04/08] START Step Index
[04/08] END   Step Index | 0.02s | ARPS REGIME BLOCKED
    Motivo: ADX_M15_INSUFICIENTE
[05/08] START Step Index 200
[05/08] END   Step Index 200 | 0.03s | ARPS WAITING SETUP
    Motivo: m5_structure_break,m5_pullback,m1_rejection,m1_follow_through,m1_strong_close
[06/08] START Step Index 300
[06/08] END   Step Index 300 | 0.03s | ARPS WAITING SETUP
    Motivo: m5_structure_break,m1_follow_through
[07/08] START Step Index 400
[07/08] END   Step Index 400 | 0.02s | ARPS REGIME BLOCKED
    Motivo: SIN_TENDENCIA_M15
[08/08] START Step Index 500
[08/08] END   Step Index 500 | 0.02s | ARPS REGIME BLOCKED
    Motivo: SIN_TENDENCIA_M15
----------------------------------------------------------------------------------------
RESUMEN DEL CICLO #0257
Símbolos analizados: 8
Sin señal: 0
Esperando/otros: 8
Señales rechazadas: 0
Bloqueadas por estado/límites: 0
Validadas DRY RUN: 0
Nuevas órdenes: 0
Operaciones cerradas sincronizadas: 0
Errores: 0
Duración del ciclo: 0.24s
Intervalo objetivo: 30s
Próximo ciclo en: 29.76s
----------------------------------------------------------------------------------------

========================================================================================
CICLO #0258 | 2026-09-03 18:27:40 UTC | símbolos=0
========================================================================================
----------------------------------------------------------------------------------------
RESUMEN DEL CICLO #0258
Símbolos analizados: 0
Sin señal: 0
Esperando/otros: 0
Señales rechazadas: 0
Bloqueadas por estado/límites: 0
Validadas DRY RUN: 0
Nuevas órdenes: 0
Operaciones cerradas sincronizadas: 0
Errores: 0
Duración del ciclo: 0.02s
Intervalo objetivo: 30s
Próximo ciclo en: 29.98s
----------------------------------------------------------------------------------------

========================================================================================
CICLO #0259 | 2026-09-03 18:28:10 UTC | símbolos=8
========================================================================================
[01/08] START Multi Step 2 Index
[01/08] END   Multi Step 2 Index | 0.02s | ARPS REGIME BLOCKED
    Motivo: SIN_TENDENCIA_M15
[02/08] START Multi Step 3 Index
[02/08] END   Multi Step 3 Index | 0.03s | ARPS WAITING SETUP
    Motivo: m5_atr_regime,m5_structure_break,m1_follow_through
[03/08] START Multi Step 4 Index
[03/08] END   Multi Step 4 Index | 0.02s | ARPS REGIME BLOCKED
    Motivo: ADX_M15_INSUFICIENTE
[04/08] START Step Index
[04/08] END   Step Index | 0.02s | ARPS REGIME BLOCKED
    Motivo: ADX_M15_INSUFICIENTE
[05/08] START Step Index 200
[05/08] END   Step Index 200 | 0.03s | ARPS WAITING SETUP
    Motivo: m5_structure_break,m5_pullback,m1_rejection
[06/08] START Step Index 300
[06/08] END   Step Index 300 | 0.03s | ARPS WAITING SETUP
    Motivo: m5_structure_break,m1_rejection,m1_follow_through
[07/08] START Step Index 400
[07/08] END   Step Index 400 | 0.02s | ARPS REGIME BLOCKED
    Motivo: SIN_TENDENCIA_M15
[08/08] START Step Index 500
[08/08] END   Step Index 500 | 0.02s | ARPS REGIME BLOCKED
    Motivo: SIN_TENDENCIA_M15
----------------------------------------------------------------------------------------
RESUMEN DEL CICLO #0259
Símbolos analizados: 8
Sin señal: 0
Esperando/otros: 8
Señales rechazadas: 0
Bloqueadas por estado/límites: 0
Validadas DRY RUN: 0
Nuevas órdenes: 0
Operaciones cerradas sincronizadas: 0
Errores: 0
Duración del ciclo: 0.25s
Intervalo objetivo: 30s
Próximo ciclo en: 29.75s
----------------------------------------------------------------------------------------

========================================================================================
CICLO #0260 | 2026-09-03 18:28:40 UTC | símbolos=0
========================================================================================
----------------------------------------------------------------------------------------
RESUMEN DEL CICLO #0260
Símbolos analizados: 0
Sin señal: 0
Esperando/otros: 0
Señales rechazadas: 0
Bloqueadas por estado/límites: 0
Validadas DRY RUN: 0
Nuevas órdenes: 0
Operaciones cerradas sincronizadas: 0
Errores: 0
Duración del ciclo: 0.02s
Intervalo objetivo: 30s
Próximo ciclo en: 29.98s
----------------------------------------------------------------------------------------

========================================================================================
CICLO #0261 | 2026-09-03 18:29:10 UTC | símbolos=8
========================================================================================
[01/08] START Multi Step 2 Index
[01/08] END   Multi Step 2 Index | 0.02s | ARPS REGIME BLOCKED
    Motivo: SIN_TENDENCIA_M15
[02/08] START Multi Step 3 Index
[02/08] END   Multi Step 3 Index | 0.03s | ARPS WAITING SETUP
    Motivo: m5_atr_regime,m5_structure_break,m1_rejection,m1_follow_through
[03/08] START Multi Step 4 Index
[03/08] END   Multi Step 4 Index | 0.02s | ARPS REGIME BLOCKED
    Motivo: ADX_M15_INSUFICIENTE
[04/08] START Step Index
[04/08] END   Step Index | 0.03s | ARPS REGIME BLOCKED
    Motivo: ADX_M15_INSUFICIENTE
[05/08] START Step Index 200
[05/08] END   Step Index 200 | 0.02s | ARPS WAITING SETUP
    Motivo: m5_structure_break,m5_pullback,m1_strong_close
[06/08] START Step Index 300
[06/08] END   Step Index 300 | 0.03s | ARPS WAITING SETUP
    Motivo: m5_structure_break,m1_rejection,m1_strong_close
[07/08] START Step Index 400
[07/08] END   Step Index 400 | 0.02s | ARPS REGIME BLOCKED
    Motivo: SIN_TENDENCIA_M15
[08/08] START Step Index 500
[08/08] END   Step Index 500 | 0.02s | ARPS REGIME BLOCKED
    Motivo: SIN_TENDENCIA_M15
----------------------------------------------------------------------------------------
RESUMEN DEL CICLO #0261
Símbolos analizados: 8
Sin señal: 0
Esperando/otros: 8
Señales rechazadas: 0
Bloqueadas por estado/límites: 0
Validadas DRY RUN: 0
Nuevas órdenes: 0
Operaciones cerradas sincronizadas: 0
Errores: 0
Duración del ciclo: 0.24s
Intervalo objetivo: 30s
Próximo ciclo en: 29.76s
----------------------------------------------------------------------------------------

========================================================================================
CICLO #0262 | 2026-09-03 18:29:40 UTC | símbolos=0
========================================================================================
----------------------------------------------------------------------------------------
RESUMEN DEL CICLO #0262
Símbolos analizados: 0
Sin señal: 0
Esperando/otros: 0
Señales rechazadas: 0
Bloqueadas por estado/límites: 0
Validadas DRY RUN: 0
Nuevas órdenes: 0
Operaciones cerradas sincronizadas: 0
Errores: 0
Duración del ciclo: 0.03s
Intervalo objetivo: 30s
Próximo ciclo en: 29.97s
----------------------------------------------------------------------------------------

========================================================================================
CICLO #0263 | 2026-09-03 18:30:10 UTC | símbolos=8
========================================================================================
[01/08] START Multi Step 2 Index
[01/08] END   Multi Step 2 Index | 0.03s | ARPS REGIME BLOCKED
    Motivo: SIN_TENDENCIA_M15
[02/08] START Multi Step 3 Index
[02/08] END   Multi Step 3 Index | 0.04s | ARPS WAITING SETUP
    Motivo: m5_atr_regime,m5_structure_break,m1_rejection,m1_follow_through
[03/08] START Multi Step 4 Index
[03/08] END   Multi Step 4 Index | 0.03s | ARPS REGIME BLOCKED
    Motivo: ADX_M15_INSUFICIENTE
[04/08] START Step Index
[04/08] END   Step Index | 0.03s | ARPS REGIME BLOCKED
    Motivo: ADX_M15_INSUFICIENTE
[05/08] START Step Index 200
[05/08] END   Step Index 200 | 0.04s | ARPS WAITING SETUP
    Motivo: m5_atr_regime,m5_structure_break,m5_pullback,m1_rejection
[06/08] START Step Index 300
[06/08] END   Step Index 300 | 0.04s | ARPS WAITING SETUP
    Motivo: m5_structure_break,m1_rejection
[07/08] START Step Index 400
[07/08] END   Step Index 400 | 0.03s | ARPS REGIME BLOCKED
    Motivo: ADX_M15_INSUFICIENTE
[08/08] START Step Index 500
[08/08] END   Step Index 500 | 0.03s | ARPS REGIME BLOCKED
    Motivo: SIN_TENDENCIA_M15
----------------------------------------------------------------------------------------
RESUMEN DEL CICLO #0263
Símbolos analizados: 8
Sin señal: 0
Esperando/otros: 8
Señales rechazadas: 0
Bloqueadas por estado/límites: 0
Validadas DRY RUN: 0
Nuevas órdenes: 0
Operaciones cerradas sincronizadas: 0
Errores: 0
Duración del ciclo: 0.34s
Intervalo objetivo: 30s
Próximo ciclo en: 29.66s
----------------------------------------------------------------------------------------

========================================================================================
CICLO #0264 | 2026-09-03 18:30:40 UTC | símbolos=0
========================================================================================
----------------------------------------------------------------------------------------
RESUMEN DEL CICLO #0264
Símbolos analizados: 0
Sin señal: 0
Esperando/otros: 0
Señales rechazadas: 0
Bloqueadas por estado/límites: 0
Validadas DRY RUN: 0
Nuevas órdenes: 0
Operaciones cerradas sincronizadas: 0
Errores: 0
Duración del ciclo: 0.04s
Intervalo objetivo: 30s
Próximo ciclo en: 29.96s
----------------------------------------------------------------------------------------

========================================================================================
CICLO #0265 | 2026-09-03 18:31:10 UTC | símbolos=8
========================================================================================
[01/08] START Multi Step 2 Index
[01/08] END   Multi Step 2 Index | 0.02s | ARPS REGIME BLOCKED
    Motivo: SIN_TENDENCIA_M15
[02/08] START Multi Step 3 Index
[02/08] END   Multi Step 3 Index | 0.02s | ARPS WAITING SETUP
    Motivo: m5_atr_regime,m5_structure_break,m1_rejection,m1_follow_through
[03/08] START Multi Step 4 Index
[03/08] END   Multi Step 4 Index | 0.02s | ARPS REGIME BLOCKED
    Motivo: ADX_M15_INSUFICIENTE
[04/08] START Step Index
[04/08] END   Step Index | 0.02s | ARPS REGIME BLOCKED
    Motivo: ADX_M15_INSUFICIENTE
[05/08] START Step Index 200
[05/08] END   Step Index 200 | 0.03s | ARPS WAITING SETUP
    Motivo: m5_atr_regime,m5_structure_break,m5_pullback,m1_rejection,m1_follow_through
[06/08] START Step Index 300
[06/08] END   Step Index 300 | 0.03s | ARPS WAITING SETUP
    Motivo: m5_structure_break
[07/08] START Step Index 400
[07/08] END   Step Index 400 | 0.02s | ARPS REGIME BLOCKED
    Motivo: ADX_M15_INSUFICIENTE
[08/08] START Step Index 500
[08/08] END   Step Index 500 | 0.03s | ARPS REGIME BLOCKED
    Motivo: SIN_TENDENCIA_M15
----------------------------------------------------------------------------------------
RESUMEN DEL CICLO #0265
Símbolos analizados: 8
Sin señal: 0
Esperando/otros: 8
Señales rechazadas: 0
Bloqueadas por estado/límites: 0
Validadas DRY RUN: 0
Nuevas órdenes: 0
Operaciones cerradas sincronizadas: 0
Errores: 0
Duración del ciclo: 0.23s
Intervalo objetivo: 30s
Próximo ciclo en: 29.77s
----------------------------------------------------------------------------------------

========================================================================================
CICLO #0266 | 2026-09-03 18:31:40 UTC | símbolos=0
========================================================================================
----------------------------------------------------------------------------------------
RESUMEN DEL CICLO #0266
Símbolos analizados: 0
Sin señal: 0
Esperando/otros: 0
Señales rechazadas: 0
Bloqueadas por estado/límites: 0
Validadas DRY RUN: 0
Nuevas órdenes: 0
Operaciones cerradas sincronizadas: 0
Errores: 0
Duración del ciclo: 0.02s
Intervalo objetivo: 30s
Próximo ciclo en: 29.98s
----------------------------------------------------------------------------------------

========================================================================================
CICLO #0267 | 2026-09-03 18:32:10 UTC | símbolos=0
========================================================================================
----------------------------------------------------------------------------------------
RESUMEN DEL CICLO #0267
Símbolos analizados: 0
Sin señal: 0
Esperando/otros: 0
Señales rechazadas: 0
Bloqueadas por estado/límites: 0
Validadas DRY RUN: 0
Nuevas órdenes: 0
Operaciones cerradas sincronizadas: 0
Errores: 0
Duración del ciclo: 0.05s
Intervalo objetivo: 30s
Próximo ciclo en: 29.95s
----------------------------------------------------------------------------------------

========================================================================================
CICLO #0268 | 2026-09-03 18:32:40 UTC | símbolos=8
========================================================================================
[01/08] START Multi Step 2 Index
[01/08] END   Multi Step 2 Index | 0.02s | ARPS REGIME BLOCKED
    Motivo: SIN_TENDENCIA_M15
[02/08] START Multi Step 3 Index
[02/08] END   Multi Step 3 Index | 0.03s | ARPS WAITING SETUP
    Motivo: m5_atr_regime,m5_structure_break,m1_rejection
[03/08] START Multi Step 4 Index
[03/08] END   Multi Step 4 Index | 0.02s | ARPS REGIME BLOCKED
    Motivo: ADX_M15_INSUFICIENTE
[04/08] START Step Index
[04/08] END   Step Index | 0.02s | ARPS REGIME BLOCKED
    Motivo: ADX_M15_INSUFICIENTE
[05/08] START Step Index 200
[05/08] END   Step Index 200 | 0.03s | ARPS WAITING SETUP
    Motivo: m5_atr_regime,m5_structure_break,m5_pullback,m1_rejection,m1_strong_close
[06/08] START Step Index 300
[06/08] END   Step Index 300 | 0.03s | ARPS WAITING SETUP
    Motivo: m5_structure_break,m1_rejection,m1_follow_through
[07/08] START Step Index 400
[07/08] END   Step Index 400 | 0.02s | ARPS REGIME BLOCKED
    Motivo: ADX_M15_INSUFICIENTE
[08/08] START Step Index 500
[08/08] END   Step Index 500 | 0.02s | ARPS REGIME BLOCKED
    Motivo: SIN_TENDENCIA_M15
----------------------------------------------------------------------------------------
RESUMEN DEL CICLO #0268
Símbolos analizados: 8
Sin señal: 0
Esperando/otros: 8
Señales rechazadas: 0
Bloqueadas por estado/límites: 0
Validadas DRY RUN: 0
Nuevas órdenes: 0
Operaciones cerradas sincronizadas: 0
Errores: 0
Duración del ciclo: 0.25s
Intervalo objetivo: 30s
Próximo ciclo en: 29.75s
----------------------------------------------------------------------------------------

========================================================================================
CICLO #0269 | 2026-09-03 18:33:10 UTC | símbolos=8
========================================================================================
[01/08] START Multi Step 2 Index
[01/08] END   Multi Step 2 Index | 0.03s | ARPS REGIME BLOCKED
    Motivo: SIN_TENDENCIA_M15
[02/08] START Multi Step 3 Index
[02/08] END   Multi Step 3 Index | 0.03s | ARPS WAITING SETUP
    Motivo: m5_atr_regime,m5_structure_break,m1_strong_close
[03/08] START Multi Step 4 Index
[03/08] END   Multi Step 4 Index | 0.03s | ARPS REGIME BLOCKED
    Motivo: ADX_M15_INSUFICIENTE
[04/08] START Step Index
[04/08] END   Step Index | 0.03s | ARPS REGIME BLOCKED
    Motivo: ADX_M15_INSUFICIENTE
[05/08] START Step Index 200
[05/08] END   Step Index 200 | 0.03s | ARPS WAITING SETUP
    Motivo: m5_atr_regime,m5_structure_break,m5_pullback,m1_follow_through
[06/08] START Step Index 300
[06/08] END   Step Index 300 | 0.03s | ARPS WAITING SETUP
    Motivo: m5_structure_break,m1_rejection
[07/08] START Step Index 400
[07/08] END   Step Index 400 | 0.02s | ARPS REGIME BLOCKED
    Motivo: ADX_M15_INSUFICIENTE
[08/08] START Step Index 500
[08/08] END   Step Index 500 | 0.02s | ARPS REGIME BLOCKED
    Motivo: SIN_TENDENCIA_M15
----------------------------------------------------------------------------------------
RESUMEN DEL CICLO #0269
Símbolos analizados: 8
Sin señal: 0
Esperando/otros: 8
Señales rechazadas: 0
Bloqueadas por estado/límites: 0
Validadas DRY RUN: 0
Nuevas órdenes: 0
Operaciones cerradas sincronizadas: 0
Errores: 0
Duración del ciclo: 0.28s
Intervalo objetivo: 30s
Próximo ciclo en: 29.72s
----------------------------------------------------------------------------------------

========================================================================================
CICLO #0270 | 2026-09-03 18:33:40 UTC | símbolos=0
========================================================================================
----------------------------------------------------------------------------------------
RESUMEN DEL CICLO #0270
Símbolos analizados: 0
Sin señal: 0
Esperando/otros: 0
Señales rechazadas: 0
Bloqueadas por estado/límites: 0
Validadas DRY RUN: 0
Nuevas órdenes: 0
Operaciones cerradas sincronizadas: 0
Errores: 0
Duración del ciclo: 0.03s
Intervalo objetivo: 30s
Próximo ciclo en: 29.97s
----------------------------------------------------------------------------------------

========================================================================================
CICLO #0271 | 2026-09-03 18:34:10 UTC | símbolos=8
========================================================================================
[01/08] START Multi Step 2 Index
[01/08] END   Multi Step 2 Index | 0.03s | ARPS REGIME BLOCKED
    Motivo: SIN_TENDENCIA_M15
[02/08] START Multi Step 3 Index
[02/08] END   Multi Step 3 Index | 0.05s | ARPS WAITING SETUP
    Motivo: m5_atr_regime,m5_structure_break
[03/08] START Multi Step 4 Index
[03/08] END   Multi Step 4 Index | 0.04s | ARPS REGIME BLOCKED
    Motivo: ADX_M15_INSUFICIENTE
[04/08] START Step Index
[04/08] END   Step Index | 0.04s | ARPS REGIME BLOCKED
    Motivo: ADX_M15_INSUFICIENTE
[05/08] START Step Index 200
[05/08] END   Step Index 200 | 0.04s | ARPS WAITING SETUP
    Motivo: m5_atr_regime,m5_structure_break,m5_pullback,m1_rejection,m1_follow_through
[06/08] START Step Index 300
[06/08] END   Step Index 300 | 0.04s | ARPS WAITING SETUP
    Motivo: m5_structure_break,m1_rejection,m1_strong_close
[07/08] START Step Index 400
[07/08] END   Step Index 400 | 0.03s | ARPS REGIME BLOCKED
    Motivo: ADX_M15_INSUFICIENTE
[08/08] START Step Index 500
[08/08] END   Step Index 500 | 0.03s | ARPS REGIME BLOCKED
    Motivo: SIN_TENDENCIA_M15
----------------------------------------------------------------------------------------
RESUMEN DEL CICLO #0271
Símbolos analizados: 8
Sin señal: 0
Esperando/otros: 8
Señales rechazadas: 0
Bloqueadas por estado/límites: 0
Validadas DRY RUN: 0
Nuevas órdenes: 0
Operaciones cerradas sincronizadas: 0
Errores: 0
Duración del ciclo: 0.37s
Intervalo objetivo: 30s
Próximo ciclo en: 29.63s
----------------------------------------------------------------------------------------

========================================================================================
CICLO #0272 | 2026-09-03 18:34:40 UTC | símbolos=0
========================================================================================
----------------------------------------------------------------------------------------
RESUMEN DEL CICLO #0272
Símbolos analizados: 0
Sin señal: 0
Esperando/otros: 0
Señales rechazadas: 0
Bloqueadas por estado/límites: 0
Validadas DRY RUN: 0
Nuevas órdenes: 0
Operaciones cerradas sincronizadas: 0
Errores: 0
Duración del ciclo: 0.03s
Intervalo objetivo: 30s
Próximo ciclo en: 29.97s
----------------------------------------------------------------------------------------

========================================================================================
CICLO #0273 | 2026-09-03 18:35:10 UTC | símbolos=8
========================================================================================
[01/08] START Multi Step 2 Index
[01/08] END   Multi Step 2 Index | 0.03s | ARPS REGIME BLOCKED
    Motivo: SIN_TENDENCIA_M15
[02/08] START Multi Step 3 Index
[02/08] END   Multi Step 3 Index | 0.04s | ARPS WAITING SETUP
    Motivo: m5_structure_break,m1_strong_close
[03/08] START Multi Step 4 Index
[03/08] END   Multi Step 4 Index | 0.03s | ARPS REGIME BLOCKED
    Motivo: ADX_M15_INSUFICIENTE
[04/08] START Step Index
[04/08] END   Step Index | 0.04s | ARPS REGIME BLOCKED
    Motivo: ADX_M15_INSUFICIENTE
[05/08] START Step Index 200
[05/08] END   Step Index 200 | 0.04s | ARPS WAITING SETUP
    Motivo: m5_structure_break,m5_pullback,m1_rejection,m1_follow_through,m1_strong_close
[06/08] START Step Index 300
[06/08] END   Step Index 300 | 0.04s | ARPS WAITING SETUP
    Motivo: m5_structure_break,m1_strong_close
[07/08] START Step Index 400
[07/08] END   Step Index 400 | 0.03s | ARPS REGIME BLOCKED
    Motivo: ADX_M15_INSUFICIENTE
[08/08] START Step Index 500
[08/08] END   Step Index 500 | 0.03s | ARPS REGIME BLOCKED
    Motivo: SIN_TENDENCIA_M15
----------------------------------------------------------------------------------------
RESUMEN DEL CICLO #0273
Símbolos analizados: 8
Sin señal: 0
Esperando/otros: 8
Señales rechazadas: 0
Bloqueadas por estado/límites: 0
Validadas DRY RUN: 0
Nuevas órdenes: 0
Operaciones cerradas sincronizadas: 0
Errores: 0
Duración del ciclo: 0.36s
Intervalo objetivo: 30s
Próximo ciclo en: 29.64s
----------------------------------------------------------------------------------------

========================================================================================
CICLO #0274 | 2026-09-03 18:35:40 UTC | símbolos=0
========================================================================================
----------------------------------------------------------------------------------------
RESUMEN DEL CICLO #0274
Símbolos analizados: 0
Sin señal: 0
Esperando/otros: 0
Señales rechazadas: 0
Bloqueadas por estado/límites: 0
Validadas DRY RUN: 0
Nuevas órdenes: 0
Operaciones cerradas sincronizadas: 0
Errores: 0
Duración del ciclo: 0.03s
Intervalo objetivo: 30s
Próximo ciclo en: 29.97s
----------------------------------------------------------------------------------------

========================================================================================
CICLO #0275 | 2026-09-03 18:36:10 UTC | símbolos=8
========================================================================================
[01/08] START Multi Step 2 Index
[01/08] END   Multi Step 2 Index | 0.03s | ARPS REGIME BLOCKED
    Motivo: SIN_TENDENCIA_M15
[02/08] START Multi Step 3 Index
[02/08] END   Multi Step 3 Index | 0.04s | ARPS WAITING SETUP
    Motivo: m5_structure_break,m1_follow_through,m1_strong_close
[03/08] START Multi Step 4 Index
[03/08] END   Multi Step 4 Index | 0.03s | ARPS REGIME BLOCKED
    Motivo: ADX_M15_INSUFICIENTE
[04/08] START Step Index
[04/08] END   Step Index | 0.03s | ARPS REGIME BLOCKED
    Motivo: ADX_M15_INSUFICIENTE
[05/08] START Step Index 200
[05/08] END   Step Index 200 | 0.03s | ARPS WAITING SETUP
    Motivo: m5_structure_break,m5_pullback,m1_follow_through
[06/08] START Step Index 300
[06/08] END   Step Index 300 | 0.04s | ARPS WAITING SETUP
    Motivo: m5_structure_break,m1_strong_close
[07/08] START Step Index 400
[07/08] END   Step Index 400 | 0.03s | ARPS REGIME BLOCKED
    Motivo: ADX_M15_INSUFICIENTE
[08/08] START Step Index 500
[08/08] END   Step Index 500 | 0.03s | ARPS REGIME BLOCKED
    Motivo: SIN_TENDENCIA_M15
----------------------------------------------------------------------------------------
RESUMEN DEL CICLO #0275
Símbolos analizados: 8
Sin señal: 0
Esperando/otros: 8
Señales rechazadas: 0
Bloqueadas por estado/límites: 0
Validadas DRY RUN: 0
Nuevas órdenes: 0
Operaciones cerradas sincronizadas: 0
Errores: 0
Duración del ciclo: 0.31s
Intervalo objetivo: 30s
Próximo ciclo en: 29.69s
----------------------------------------------------------------------------------------

========================================================================================
CICLO #0276 | 2026-09-03 18:36:40 UTC | símbolos=0
========================================================================================
----------------------------------------------------------------------------------------
RESUMEN DEL CICLO #0276
Símbolos analizados: 0
Sin señal: 0
Esperando/otros: 0
Señales rechazadas: 0
Bloqueadas por estado/límites: 0
Validadas DRY RUN: 0
Nuevas órdenes: 0
Operaciones cerradas sincronizadas: 0
Errores: 0
Duración del ciclo: 0.04s
Intervalo objetivo: 30s
Próximo ciclo en: 29.96s
----------------------------------------------------------------------------------------

========================================================================================
CICLO #0277 | 2026-09-03 18:37:10 UTC | símbolos=8
========================================================================================
[01/08] START Multi Step 2 Index
[01/08] END   Multi Step 2 Index | 0.03s | ARPS REGIME BLOCKED
    Motivo: SIN_TENDENCIA_M15
[02/08] START Multi Step 3 Index
[02/08] END   Multi Step 3 Index | 0.03s | ARPS WAITING SETUP
    Motivo: m5_structure_break,m1_rejection,m1_follow_through
[03/08] START Multi Step 4 Index
[03/08] END   Multi Step 4 Index | 0.03s | ARPS REGIME BLOCKED
    Motivo: ADX_M15_INSUFICIENTE
[04/08] START Step Index
[04/08] END   Step Index | 0.02s | ARPS REGIME BLOCKED
    Motivo: ADX_M15_INSUFICIENTE
[05/08] START Step Index 200
[05/08] END   Step Index 200 | 0.03s | ARPS WAITING SETUP
    Motivo: m5_structure_break,m5_pullback,m1_rejection,m1_strong_close
[06/08] START Step Index 300
[06/08] END   Step Index 300 | 0.02s | ARPS WAITING SETUP
    Motivo: m5_structure_break,m1_follow_through,m1_strong_close
[07/08] START Step Index 400
[07/08] END   Step Index 400 | 0.02s | ARPS REGIME BLOCKED
    Motivo: ADX_M15_INSUFICIENTE
[08/08] START Step Index 500
[08/08] END   Step Index 500 | 0.02s | ARPS REGIME BLOCKED
    Motivo: SIN_TENDENCIA_M15
----------------------------------------------------------------------------------------
RESUMEN DEL CICLO #0277
Símbolos analizados: 8
Sin señal: 0
Esperando/otros: 8
Señales rechazadas: 0
Bloqueadas por estado/límites: 0
Validadas DRY RUN: 0
Nuevas órdenes: 0
Operaciones cerradas sincronizadas: 0
Errores: 0
Duración del ciclo: 0.25s
Intervalo objetivo: 30s
Próximo ciclo en: 29.75s
----------------------------------------------------------------------------------------

========================================================================================
CICLO #0278 | 2026-09-03 18:37:40 UTC | símbolos=0
========================================================================================
----------------------------------------------------------------------------------------
RESUMEN DEL CICLO #0278
Símbolos analizados: 0
Sin señal: 0
Esperando/otros: 0
Señales rechazadas: 0
Bloqueadas por estado/límites: 0
Validadas DRY RUN: 0
Nuevas órdenes: 0
Operaciones cerradas sincronizadas: 0
Errores: 0
Duración del ciclo: 0.02s
Intervalo objetivo: 30s
Próximo ciclo en: 29.98s
----------------------------------------------------------------------------------------

========================================================================================
CICLO #0279 | 2026-09-03 18:38:10 UTC | símbolos=8
========================================================================================
[01/08] START Multi Step 2 Index
[01/08] END   Multi Step 2 Index | 0.02s | ARPS REGIME BLOCKED
    Motivo: SIN_TENDENCIA_M15
[02/08] START Multi Step 3 Index
[02/08] END   Multi Step 3 Index | 0.03s | ARPS WAITING SETUP
    Motivo: m5_structure_break,m1_rejection,m1_follow_through,m1_strong_close
[03/08] START Multi Step 4 Index
[03/08] END   Multi Step 4 Index | 0.02s | ARPS REGIME BLOCKED
    Motivo: ADX_M15_INSUFICIENTE
[04/08] START Step Index
[04/08] END   Step Index | 0.02s | ARPS REGIME BLOCKED
    Motivo: ADX_M15_INSUFICIENTE
[05/08] START Step Index 200
[05/08] END   Step Index 200 | 0.03s | ARPS WAITING SETUP
    Motivo: m5_structure_break,m5_pullback,m1_strong_close
[06/08] START Step Index 300
[06/08] END   Step Index 300 | 0.03s | ARPS WAITING SETUP
    Motivo: m5_structure_break,m1_rejection,m1_follow_through
[07/08] START Step Index 400
[07/08] END   Step Index 400 | 0.02s | ARPS REGIME BLOCKED
    Motivo: ADX_M15_INSUFICIENTE
[08/08] START Step Index 500
[08/08] END   Step Index 500 | 0.03s | ARPS REGIME BLOCKED
    Motivo: SIN_TENDENCIA_M15
----------------------------------------------------------------------------------------
RESUMEN DEL CICLO #0279
Símbolos analizados: 8
Sin señal: 0
Esperando/otros: 8
Señales rechazadas: 0
Bloqueadas por estado/límites: 0
Validadas DRY RUN: 0
Nuevas órdenes: 0
Operaciones cerradas sincronizadas: 0
Errores: 0
Duración del ciclo: 0.27s
Intervalo objetivo: 30s
Próximo ciclo en: 29.73s
----------------------------------------------------------------------------------------

========================================================================================
CICLO #0280 | 2026-09-03 18:38:40 UTC | símbolos=0
========================================================================================
----------------------------------------------------------------------------------------
RESUMEN DEL CICLO #0280
Símbolos analizados: 0
Sin señal: 0
Esperando/otros: 0
Señales rechazadas: 0
Bloqueadas por estado/límites: 0
Validadas DRY RUN: 0
Nuevas órdenes: 0
Operaciones cerradas sincronizadas: 0
Errores: 0
Duración del ciclo: 0.02s
Intervalo objetivo: 30s
Próximo ciclo en: 29.98s
----------------------------------------------------------------------------------------

========================================================================================
CICLO #0281 | 2026-09-03 18:39:10 UTC | símbolos=8
========================================================================================
[01/08] START Multi Step 2 Index
[01/08] END   Multi Step 2 Index | 0.03s | ARPS REGIME BLOCKED
    Motivo: SIN_TENDENCIA_M15
[02/08] START Multi Step 3 Index
[02/08] END   Multi Step 3 Index | 0.03s | ARPS WAITING SETUP
    Motivo: m5_structure_break,m1_rejection,m1_strong_close
[03/08] START Multi Step 4 Index
[03/08] END   Multi Step 4 Index | 0.03s | ARPS REGIME BLOCKED
    Motivo: ADX_M15_INSUFICIENTE
[04/08] START Step Index
[04/08] END   Step Index | 0.03s | ARPS REGIME BLOCKED
    Motivo: ADX_M15_INSUFICIENTE
[05/08] START Step Index 200
[05/08] END   Step Index 200 | 0.03s | ARPS WAITING SETUP
    Motivo: m5_structure_break,m5_pullback,m1_rejection
[06/08] START Step Index 300
[06/08] END   Step Index 300 | 0.03s | ARPS WAITING SETUP
    Motivo: m5_structure_break,m1_rejection,m1_follow_through,m1_strong_close
[07/08] START Step Index 400
[07/08] END   Step Index 400 | 0.03s | ARPS REGIME BLOCKED
    Motivo: ADX_M15_INSUFICIENTE
[08/08] START Step Index 500
[08/08] END   Step Index 500 | 0.03s | ARPS REGIME BLOCKED
    Motivo: SIN_TENDENCIA_M15
----------------------------------------------------------------------------------------
RESUMEN DEL CICLO #0281
Símbolos analizados: 8
Sin señal: 0
Esperando/otros: 8
Señales rechazadas: 0
Bloqueadas por estado/límites: 0
Validadas DRY RUN: 0
Nuevas órdenes: 0
Operaciones cerradas sincronizadas: 0
Errores: 0
Duración del ciclo: 0.29s
Intervalo objetivo: 30s
Próximo ciclo en: 29.71s
----------------------------------------------------------------------------------------

========================================================================================
CICLO #0282 | 2026-09-03 18:39:40 UTC | símbolos=0
========================================================================================
----------------------------------------------------------------------------------------
RESUMEN DEL CICLO #0282
Símbolos analizados: 0
Sin señal: 0
Esperando/otros: 0
Señales rechazadas: 0
Bloqueadas por estado/límites: 0
Validadas DRY RUN: 0
Nuevas órdenes: 0
Operaciones cerradas sincronizadas: 0
Errores: 0
Duración del ciclo: 0.03s
Intervalo objetivo: 30s
Próximo ciclo en: 29.97s
----------------------------------------------------------------------------------------

========================================================================================
CICLO #0283 | 2026-09-03 18:40:10 UTC | símbolos=8
========================================================================================
[01/08] START Multi Step 2 Index
[01/08] END   Multi Step 2 Index | 0.03s | ARPS REGIME BLOCKED
    Motivo: SIN_TENDENCIA_M15
[02/08] START Multi Step 3 Index
[02/08] END   Multi Step 3 Index | 0.03s | ARPS WAITING SETUP
    Motivo: m5_structure_break,m5_pullback,m1_follow_through
[03/08] START Multi Step 4 Index
[03/08] END   Multi Step 4 Index | 0.03s | ARPS REGIME BLOCKED
    Motivo: ADX_M15_INSUFICIENTE
[04/08] START Step Index
[04/08] END   Step Index | 0.03s | ARPS REGIME BLOCKED
    Motivo: ADX_M15_INSUFICIENTE
[05/08] START Step Index 200
[05/08] END   Step Index 200 | 0.04s | ARPS WAITING SETUP
    Motivo: m5_structure_break,m5_pullback,m1_rejection,m1_follow_through,m1_strong_close
[06/08] START Step Index 300
[06/08] END   Step Index 300 | 0.04s | ARPS WAITING SETUP
    Motivo: m5_structure_break,m1_follow_through,m1_strong_close
[07/08] START Step Index 400
[07/08] END   Step Index 400 | 0.03s | ARPS REGIME BLOCKED
    Motivo: ADX_M15_INSUFICIENTE
[08/08] START Step Index 500
[08/08] END   Step Index 500 | 0.03s | ARPS REGIME BLOCKED
    Motivo: SIN_TENDENCIA_M15
----------------------------------------------------------------------------------------
RESUMEN DEL CICLO #0283
Símbolos analizados: 8
Sin señal: 0
Esperando/otros: 8
Señales rechazadas: 0
Bloqueadas por estado/límites: 0
Validadas DRY RUN: 0
Nuevas órdenes: 0
Operaciones cerradas sincronizadas: 0
Errores: 0
Duración del ciclo: 0.33s
Intervalo objetivo: 30s
Próximo ciclo en: 29.67s
----------------------------------------------------------------------------------------

========================================================================================
CICLO #0284 | 2026-09-03 18:40:40 UTC | símbolos=0
========================================================================================
----------------------------------------------------------------------------------------
RESUMEN DEL CICLO #0284
Símbolos analizados: 0
Sin señal: 0
Esperando/otros: 0
Señales rechazadas: 0
Bloqueadas por estado/límites: 0
Validadas DRY RUN: 0
Nuevas órdenes: 0
Operaciones cerradas sincronizadas: 0
Errores: 0
Duración del ciclo: 0.02s
Intervalo objetivo: 30s
Próximo ciclo en: 29.98s
----------------------------------------------------------------------------------------

========================================================================================
CICLO #0285 | 2026-09-03 18:41:10 UTC | símbolos=8
========================================================================================
[01/08] START Multi Step 2 Index
[01/08] END   Multi Step 2 Index | 0.02s | ARPS REGIME BLOCKED
    Motivo: SIN_TENDENCIA_M15
[02/08] START Multi Step 3 Index
[02/08] END   Multi Step 3 Index | 0.02s | ARPS WAITING SETUP
    Motivo: m5_structure_break,m5_pullback,m1_rejection,m1_strong_close
[03/08] START Multi Step 4 Index
[03/08] END   Multi Step 4 Index | 0.02s | ARPS REGIME BLOCKED
    Motivo: ADX_M15_INSUFICIENTE
[04/08] START Step Index
[04/08] END   Step Index | 0.02s | ARPS REGIME BLOCKED
    Motivo: ADX_M15_INSUFICIENTE
[05/08] START Step Index 200
[05/08] END   Step Index 200 | 0.02s | ARPS WAITING SETUP
    Motivo: m5_structure_break,m5_pullback,m1_rejection,m1_strong_close
[06/08] START Step Index 300
[06/08] END   Step Index 300 | 0.03s | ARPS WAITING SETUP
    Motivo: m5_structure_break
[07/08] START Step Index 400
[07/08] END   Step Index 400 | 0.02s | ARPS REGIME BLOCKED
    Motivo: ADX_M15_INSUFICIENTE
[08/08] START Step Index 500
[08/08] END   Step Index 500 | 0.02s | ARPS REGIME BLOCKED
    Motivo: SIN_TENDENCIA_M15
----------------------------------------------------------------------------------------
RESUMEN DEL CICLO #0285
Símbolos analizados: 8
Sin señal: 0
Esperando/otros: 8
Señales rechazadas: 0
Bloqueadas por estado/límites: 0
Validadas DRY RUN: 0
Nuevas órdenes: 0
Operaciones cerradas sincronizadas: 0
Errores: 0
Duración del ciclo: 0.22s
Intervalo objetivo: 30s
Próximo ciclo en: 29.78s
----------------------------------------------------------------------------------------

========================================================================================
CICLO #0286 | 2026-09-03 18:41:40 UTC | símbolos=0
========================================================================================
----------------------------------------------------------------------------------------
RESUMEN DEL CICLO #0286
Símbolos analizados: 0
Sin señal: 0
Esperando/otros: 0
Señales rechazadas: 0
Bloqueadas por estado/límites: 0
Validadas DRY RUN: 0
Nuevas órdenes: 0
Operaciones cerradas sincronizadas: 0
Errores: 0
Duración del ciclo: 0.03s
Intervalo objetivo: 30s
Próximo ciclo en: 29.97s
----------------------------------------------------------------------------------------

========================================================================================
CICLO #0287 | 2026-09-03 18:42:10 UTC | símbolos=8
========================================================================================
[01/08] START Multi Step 2 Index
[01/08] END   Multi Step 2 Index | 0.03s | ARPS REGIME BLOCKED
    Motivo: SIN_TENDENCIA_M15
[02/08] START Multi Step 3 Index
[02/08] END   Multi Step 3 Index | 0.03s | ARPS WAITING SETUP
    Motivo: m5_structure_break,m5_pullback,m1_follow_through,m1_strong_close
[03/08] START Multi Step 4 Index
[03/08] END   Multi Step 4 Index | 0.03s | ARPS REGIME BLOCKED
    Motivo: ADX_M15_INSUFICIENTE
[04/08] START Step Index
[04/08] END   Step Index | 0.03s | ARPS REGIME BLOCKED
    Motivo: ADX_M15_INSUFICIENTE
[05/08] START Step Index 200
[05/08] END   Step Index 200 | 0.04s | ARPS WAITING SETUP
    Motivo: m5_structure_break,m5_pullback,m1_strong_close
[06/08] START Step Index 300
[06/08] END   Step Index 300 | 0.03s | ARPS WAITING SETUP
    Motivo: m5_structure_break,m1_follow_through
[07/08] START Step Index 400
[07/08] END   Step Index 400 | 0.03s | ARPS REGIME BLOCKED
    Motivo: ADX_M15_INSUFICIENTE
[08/08] START Step Index 500
[08/08] END   Step Index 500 | 0.03s | ARPS REGIME BLOCKED
    Motivo: SIN_TENDENCIA_M15
----------------------------------------------------------------------------------------
RESUMEN DEL CICLO #0287
Símbolos analizados: 8
Sin señal: 0
Esperando/otros: 8
Señales rechazadas: 0
Bloqueadas por estado/límites: 0
Validadas DRY RUN: 0
Nuevas órdenes: 0
Operaciones cerradas sincronizadas: 0
Errores: 0
Duración del ciclo: 0.30s
Intervalo objetivo: 30s
Próximo ciclo en: 29.70s
----------------------------------------------------------------------------------------

========================================================================================
CICLO #0288 | 2026-09-03 18:42:40 UTC | símbolos=0
========================================================================================
----------------------------------------------------------------------------------------
RESUMEN DEL CICLO #0288
Símbolos analizados: 0
Sin señal: 0
Esperando/otros: 0
Señales rechazadas: 0
Bloqueadas por estado/límites: 0
Validadas DRY RUN: 0
Nuevas órdenes: 0
Operaciones cerradas sincronizadas: 0
Errores: 0
Duración del ciclo: 0.03s
Intervalo objetivo: 30s
Próximo ciclo en: 29.97s
----------------------------------------------------------------------------------------

========================================================================================
CICLO #0289 | 2026-09-03 18:43:10 UTC | símbolos=8
========================================================================================
[01/08] START Multi Step 2 Index
[01/08] END   Multi Step 2 Index | 0.03s | ARPS REGIME BLOCKED
    Motivo: SIN_TENDENCIA_M15
[02/08] START Multi Step 3 Index
[02/08] END   Multi Step 3 Index | 0.04s | ARPS WAITING SETUP
    Motivo: m5_structure_break,m5_pullback,m1_rejection,m1_follow_through,m1_strong_close
[03/08] START Multi Step 4 Index
[03/08] END   Multi Step 4 Index | 0.03s | ARPS REGIME BLOCKED
    Motivo: ADX_M15_INSUFICIENTE
[04/08] START Step Index
[04/08] END   Step Index | 0.03s | ARPS REGIME BLOCKED
    Motivo: ADX_M15_INSUFICIENTE
[05/08] START Step Index 200
[05/08] END   Step Index 200 | 0.04s | ARPS WAITING SETUP
    Motivo: m5_structure_break,m5_pullback,m1_rejection,m1_follow_through
[06/08] START Step Index 300
[06/08] END   Step Index 300 | 0.06s | ARPS WAITING SETUP
    Motivo: m5_structure_break,m1_rejection,m1_follow_through
[07/08] START Step Index 400
[07/08] END   Step Index 400 | 0.05s | ARPS REGIME BLOCKED
    Motivo: ADX_M15_INSUFICIENTE
[08/08] START Step Index 500
[08/08] END   Step Index 500 | 0.04s | ARPS REGIME BLOCKED
    Motivo: SIN_TENDENCIA_M15
----------------------------------------------------------------------------------------
RESUMEN DEL CICLO #0289
Símbolos analizados: 8
Sin señal: 0
Esperando/otros: 8
Señales rechazadas: 0
Bloqueadas por estado/límites: 0
Validadas DRY RUN: 0
Nuevas órdenes: 0
Operaciones cerradas sincronizadas: 0
Errores: 0
Duración del ciclo: 0.42s
Intervalo objetivo: 30s
Próximo ciclo en: 29.58s
----------------------------------------------------------------------------------------

========================================================================================
CICLO #0290 | 2026-09-03 18:43:40 UTC | símbolos=0
========================================================================================
----------------------------------------------------------------------------------------
RESUMEN DEL CICLO #0290
Símbolos analizados: 0
Sin señal: 0
Esperando/otros: 0
Señales rechazadas: 0
Bloqueadas por estado/límites: 0
Validadas DRY RUN: 0
Nuevas órdenes: 0
Operaciones cerradas sincronizadas: 0
Errores: 0
Duración del ciclo: 0.03s
Intervalo objetivo: 30s
Próximo ciclo en: 29.97s
----------------------------------------------------------------------------------------

========================================================================================
CICLO #0291 | 2026-09-03 18:44:10 UTC | símbolos=8
========================================================================================
[01/08] START Multi Step 2 Index
[01/08] END   Multi Step 2 Index | 0.03s | ARPS REGIME BLOCKED
    Motivo: SIN_TENDENCIA_M15
[02/08] START Multi Step 3 Index
[02/08] END   Multi Step 3 Index | 0.03s | ARPS WAITING SETUP
    Motivo: m5_structure_break,m5_pullback,m1_rejection,m1_follow_through
[03/08] START Multi Step 4 Index
[03/08] END   Multi Step 4 Index | 0.03s | ARPS REGIME BLOCKED
    Motivo: ADX_M15_INSUFICIENTE
[04/08] START Step Index
[04/08] END   Step Index | 0.03s | ARPS REGIME BLOCKED
    Motivo: ADX_M15_INSUFICIENTE
[05/08] START Step Index 200
[05/08] END   Step Index 200 | 0.03s | ARPS WAITING SETUP
    Motivo: m5_structure_break,m5_pullback,m1_rejection,m1_follow_through,m1_strong_close
[06/08] START Step Index 300
[06/08] END   Step Index 300 | 0.05s | ARPS WAITING SETUP
    Motivo: m5_structure_break,m1_rejection
[07/08] START Step Index 400
[07/08] END   Step Index 400 | 0.04s | ARPS REGIME BLOCKED
    Motivo: ADX_M15_INSUFICIENTE
[08/08] START Step Index 500
[08/08] END   Step Index 500 | 0.03s | ARPS REGIME BLOCKED
    Motivo: SIN_TENDENCIA_M15
----------------------------------------------------------------------------------------
RESUMEN DEL CICLO #0291
Símbolos analizados: 8
Sin señal: 0
Esperando/otros: 8
Señales rechazadas: 0
Bloqueadas por estado/límites: 0
Validadas DRY RUN: 0
Nuevas órdenes: 0
Operaciones cerradas sincronizadas: 0
Errores: 0
Duración del ciclo: 0.33s
Intervalo objetivo: 30s
Próximo ciclo en: 29.67s
----------------------------------------------------------------------------------------

========================================================================================
CICLO #0292 | 2026-09-03 18:44:40 UTC | símbolos=0
========================================================================================
----------------------------------------------------------------------------------------
RESUMEN DEL CICLO #0292
Símbolos analizados: 0
Sin señal: 0
Esperando/otros: 0
Señales rechazadas: 0
Bloqueadas por estado/límites: 0
Validadas DRY RUN: 0
Nuevas órdenes: 0
Operaciones cerradas sincronizadas: 0
Errores: 0
Duración del ciclo: 0.04s
Intervalo objetivo: 30s
Próximo ciclo en: 29.96s
----------------------------------------------------------------------------------------

========================================================================================
CICLO #0293 | 2026-09-03 18:45:10 UTC | símbolos=8
========================================================================================
[01/08] START Multi Step 2 Index
[01/08] END   Multi Step 2 Index | 0.04s | ARPS WAITING SETUP
    Motivo: m5_atr_regime,m5_structure_break,m1_follow_through,m1_strong_close
[02/08] START Multi Step 3 Index
[02/08] END   Multi Step 3 Index | 0.04s | ARPS WAITING SETUP
    Motivo: m5_structure_break,m5_pullback,m1_rejection,m1_follow_through
[03/08] START Multi Step 4 Index
[03/08] END   Multi Step 4 Index | 0.03s | ARPS REGIME BLOCKED
    Motivo: ADX_M15_INSUFICIENTE
[04/08] START Step Index
[04/08] END   Step Index | 0.03s | ARPS REGIME BLOCKED
    Motivo: ADX_M15_INSUFICIENTE
[05/08] START Step Index 200
[05/08] END   Step Index 200 | 0.04s | ARPS WAITING SETUP
    Motivo: m5_atr_regime,m5_structure_break,m5_pullback,m1_rejection
[06/08] START Step Index 300
[06/08] END   Step Index 300 | 0.04s | ARPS WAITING SETUP
    Motivo: m5_structure_break
[07/08] START Step Index 400
[07/08] END   Step Index 400 | 0.03s | ARPS REGIME BLOCKED
    Motivo: ADX_M15_INSUFICIENTE
[08/08] START Step Index 500
[08/08] END   Step Index 500 | 0.03s | ARPS REGIME BLOCKED
    Motivo: SIN_TENDENCIA_M15
----------------------------------------------------------------------------------------
RESUMEN DEL CICLO #0293
Símbolos analizados: 8
Sin señal: 0
Esperando/otros: 8
Señales rechazadas: 0
Bloqueadas por estado/límites: 0
Validadas DRY RUN: 0
Nuevas órdenes: 0
Operaciones cerradas sincronizadas: 0
Errores: 0
Duración del ciclo: 0.36s
Intervalo objetivo: 30s
Próximo ciclo en: 29.64s
----------------------------------------------------------------------------------------

========================================================================================
CICLO #0294 | 2026-09-03 18:45:40 UTC | símbolos=0
========================================================================================
----------------------------------------------------------------------------------------
RESUMEN DEL CICLO #0294
Símbolos analizados: 0
Sin señal: 0
Esperando/otros: 0
Señales rechazadas: 0
Bloqueadas por estado/límites: 0
Validadas DRY RUN: 0
Nuevas órdenes: 0
Operaciones cerradas sincronizadas: 0
Errores: 0
Duración del ciclo: 0.04s
Intervalo objetivo: 30s
Próximo ciclo en: 29.96s
----------------------------------------------------------------------------------------

========================================================================================
CICLO #0295 | 2026-09-03 18:46:10 UTC | símbolos=8
========================================================================================
[01/08] START Multi Step 2 Index
[01/08] END   Multi Step 2 Index | 0.03s | ARPS WAITING SETUP
    Motivo: m5_atr_regime,m5_structure_break,m1_rejection
[02/08] START Multi Step 3 Index
[02/08] END   Multi Step 3 Index | 0.03s | ARPS WAITING SETUP
    Motivo: m5_structure_break,m5_pullback,m1_rejection,m1_follow_through,m1_strong_close
[03/08] START Multi Step 4 Index
[03/08] END   Multi Step 4 Index | 0.02s | ARPS REGIME BLOCKED
    Motivo: ADX_M15_INSUFICIENTE
[04/08] START Step Index
[04/08] END   Step Index | 0.02s | ARPS REGIME BLOCKED
    Motivo: ADX_M15_INSUFICIENTE
[05/08] START Step Index 200
[05/08] END   Step Index 200 | 0.03s | ARPS WAITING SETUP
    Motivo: m5_atr_regime,m5_structure_break,m5_pullback,m1_rejection,m1_follow_through
[06/08] START Step Index 300
[06/08] END   Step Index 300 | 0.03s | ARPS WAITING SETUP
    Motivo: m5_structure_break,m1_rejection,m1_follow_through,m1_strong_close
[07/08] START Step Index 400
[07/08] END   Step Index 400 | 0.02s | ARPS REGIME BLOCKED
    Motivo: ADX_M15_INSUFICIENTE
[08/08] START Step Index 500
[08/08] END   Step Index 500 | 0.03s | ARPS REGIME BLOCKED
    Motivo: SIN_TENDENCIA_M15
----------------------------------------------------------------------------------------
RESUMEN DEL CICLO #0295
Símbolos analizados: 8
Sin señal: 0
Esperando/otros: 8
Señales rechazadas: 0
Bloqueadas por estado/límites: 0
Validadas DRY RUN: 0
Nuevas órdenes: 0
Operaciones cerradas sincronizadas: 0
Errores: 0
Duración del ciclo: 0.28s
Intervalo objetivo: 30s
Próximo ciclo en: 29.72s
----------------------------------------------------------------------------------------

========================================================================================
CICLO #0296 | 2026-09-03 18:46:40 UTC | símbolos=0
========================================================================================
----------------------------------------------------------------------------------------
RESUMEN DEL CICLO #0296
Símbolos analizados: 0
Sin señal: 0
Esperando/otros: 0
Señales rechazadas: 0
Bloqueadas por estado/límites: 0
Validadas DRY RUN: 0
Nuevas órdenes: 0
Operaciones cerradas sincronizadas: 0
Errores: 0
Duración del ciclo: 0.02s
Intervalo objetivo: 30s
Próximo ciclo en: 29.98s
----------------------------------------------------------------------------------------

========================================================================================
CICLO #0297 | 2026-09-03 18:47:10 UTC | símbolos=8
========================================================================================
[01/08] START Multi Step 2 Index
[01/08] END   Multi Step 2 Index | 0.03s | ARPS WAITING SETUP
    Motivo: m5_atr_regime,m5_structure_break,m1_rejection,m1_follow_through
[02/08] START Multi Step 3 Index
[02/08] END   Multi Step 3 Index | 0.03s | ARPS WAITING SETUP
    Motivo: m5_structure_break,m5_pullback,m1_rejection,m1_follow_through,m1_strong_close
[03/08] START Multi Step 4 Index
[03/08] END   Multi Step 4 Index | 0.03s | ARPS REGIME BLOCKED
    Motivo: ADX_M15_INSUFICIENTE
[04/08] START Step Index
[04/08] END   Step Index | 0.03s | ARPS REGIME BLOCKED
    Motivo: ADX_M15_INSUFICIENTE
[05/08] START Step Index 200
[05/08] END   Step Index 200 | 0.04s | ARPS WAITING SETUP
    Motivo: m5_atr_regime,m5_structure_break,m5_pullback,m1_rejection
[06/08] START Step Index 300
[06/08] END   Step Index 300 | 0.04s | ARPS WAITING SETUP
    Motivo: m5_structure_break
[07/08] START Step Index 400
[07/08] END   Step Index 400 | 0.03s | ARPS REGIME BLOCKED
    Motivo: ADX_M15_INSUFICIENTE
[08/08] START Step Index 500
[08/08] END   Step Index 500 | 0.02s | ARPS REGIME BLOCKED
    Motivo: SIN_TENDENCIA_M15
----------------------------------------------------------------------------------------
RESUMEN DEL CICLO #0297
Símbolos analizados: 8
Sin señal: 0
Esperando/otros: 8
Señales rechazadas: 0
Bloqueadas por estado/límites: 0
Validadas DRY RUN: 0
Nuevas órdenes: 0
Operaciones cerradas sincronizadas: 0
Errores: 0
Duración del ciclo: 0.31s
Intervalo objetivo: 30s
Próximo ciclo en: 29.69s
----------------------------------------------------------------------------------------

========================================================================================
CICLO #0298 | 2026-09-03 18:47:40 UTC | símbolos=0
========================================================================================
----------------------------------------------------------------------------------------
RESUMEN DEL CICLO #0298
Símbolos analizados: 0
Sin señal: 0
Esperando/otros: 0
Señales rechazadas: 0
Bloqueadas por estado/límites: 0
Validadas DRY RUN: 0
Nuevas órdenes: 0
Operaciones cerradas sincronizadas: 0
Errores: 0
Duración del ciclo: 0.03s
Intervalo objetivo: 30s
Próximo ciclo en: 29.97s
----------------------------------------------------------------------------------------
Bot detenido por el usuario.
========================================================================
DERIV DEMO EXECUTION PREFLIGHT
========================================================================
[OK] MT5_ACCOUNT_INFO {'login': 41108926, 'server': 'Deriv-Demo', 'currency': 'USD', 'balance': 9637.83, 'equity': 9601.15, 'margin': 69.28, 'free_margin': 9531.87, 'profit': -36.68, 'leverage': 1000, 'trade_mode': 0, 'snapshot_time': datetime.datetime(2026, 9, 4, 16, 49, 23, 384613, tzinfo=datetime.timezone.utc), 'broker': 'MT5'}
[OK] MT5_TERMINAL_CONNECTED {'trade_allowed': True, 'tradeapi_disabled': False}
[OK] MT5_AUTOTRADING_ALLOWED {'trade_allowed': True, 'tradeapi_disabled': False}
[OK] DEMO_ACCOUNT {'trade_mode': 0, 'server': 'Deriv-Demo'}
[OK] FREE_MARGIN {'free_margin': 9531.87, 'required': 0.0}
[OK] DATABASE_READY {}
[OK] SYMBOL:Multi Step 2 Index {'visible': True, 'trade_mode': 4, 'volume_min': 0.1, 'volume_step': 0.01, 'point': 0.01, 'stops_level_points': 96}
[OK] SYMBOL:Multi Step 3 Index {'visible': True, 'trade_mode': 4, 'volume_min': 0.1, 'volume_step': 0.01, 'point': 0.01, 'stops_level_points': 60}
[OK] SYMBOL:Multi Step 4 Index {'visible': True, 'trade_mode': 4, 'volume_min': 0.1, 'volume_step': 0.01, 'point': 0.01, 'stops_level_points': 109}
[OK] SYMBOL:Skew Step Index 4 Down {'visible': True, 'trade_mode': 4, 'volume_min': 0.1, 'volume_step': 0.01, 'point': 0.1, 'stops_level_points': 200}
[OK] SYMBOL:Skew Step Index 4 Up {'visible': True, 'trade_mode': 4, 'volume_min': 0.1, 'volume_step': 0.01, 'point': 0.1, 'stops_level_points': 200}
[OK] SYMBOL:Skew Step Index 5 Down {'visible': True, 'trade_mode': 4, 'volume_min': 0.1, 'volume_step': 0.01, 'point': 0.1, 'stops_level_points': 200}
[OK] SYMBOL:Skew Step Index 5 Up {'visible': True, 'trade_mode': 4, 'volume_min': 0.1, 'volume_step': 0.01, 'point': 0.1, 'stops_level_points': 200}
[OK] SYMBOL:Step Index {'visible': True, 'trade_mode': 4, 'volume_min': 0.1, 'volume_step': 0.01, 'point': 0.1, 'stops_level_points': 8}
[OK] SYMBOL:Step Index 200 {'visible': True, 'trade_mode': 4, 'volume_min': 0.1, 'volume_step': 0.01, 'point': 0.1, 'stops_level_points': 11}
[OK] SYMBOL:Step Index 300 {'visible': True, 'trade_mode': 4, 'volume_min': 0.1, 'volume_step': 0.01, 'point': 0.1, 'stops_level_points': 9}
[OK] SYMBOL:Step Index 400 {'visible': True, 'trade_mode': 4, 'volume_min': 0.1, 'volume_step': 0.01, 'point': 0.1, 'stops_level_points': 12}
[OK] SYMBOL:Step Index 500 {'visible': True, 'trade_mode': 4, 'volume_min': 0.1, 'volume_step': 0.01, 'point': 0.1, 'stops_level_points': 20}
========================================================================
STATUS: READY FOR DEMO EXECUTION
DAEMONBLACKFX VERSION: v100-entry-quality-recoverable-quarantine-winrate-audit
BOT ACTIVO: SCALP_STEP | MAGIC=26082304 | ESTRATEGIA=ARPS_SYNTHETIC_SCALPER | instrumentos=12 | auto_export=False
========================================================================================
BOT SMC MT5 - DERIV DEMO
========================================================================================
Cuenta: 41108926 | Servidor: Deriv-Demo
Balance: 9637.83 USD
Modo: EJECUCIÓN DEMO
Riesgo por trade: 0.25% | R:R mínimo: 1.50
Intervalo: 30s | Símbolos: 12
Reporte XLSX: C:\TradingBoot\smc_synthetic_bot\storage\exports\deriv_demo_trading_report.xlsx
Pipeline: SMC -> TradeLifecycleManager -> MT5TradeExecutor -> SQLite -> XLSX
========================================================================================
Daemon activo: señales=30s | monitor posiciones/BE=2s | símbolos=12
Progreso: se mostrará cada símbolo y su tiempo de análisis.
{'action': 'POSITION_MONITOR_STARTED', 'signal_interval_seconds': 30, 'position_monitor_interval_seconds': 2, 'monitor_mode': 'BACKGROUND_DECOUPLED'}

========================================================================================
CICLO #0001 | 2026-09-04 16:49:34 UTC | símbolos=8
========================================================================================
[01/08] START Multi Step 2 Index
[01/08] END   Multi Step 2 Index | 1.05s | ARPS REGIME BLOCKED
    Motivo: SIN_TENDENCIA_M15
[02/08] START Multi Step 3 Index
[02/08] END   Multi Step 3 Index | 2.08s | ARPS REGIME BLOCKED
    Motivo: SIN_TENDENCIA_M15
[03/08] START Multi Step 4 Index
[03/08] END   Multi Step 4 Index | 1.58s | ARPS WAITING SETUP
    Motivo: m5_atr_regime,m5_structure_break,m1_rejection
[04/08] START Step Index
[04/08] END   Step Index | 0.58s | ARPS REGIME BLOCKED
    Motivo: ADX_M15_INSUFICIENTE
[05/08] START Step Index 200
[05/08] END   Step Index 200 | 0.45s | ARPS REGIME BLOCKED
    Motivo: ADX_M15_INSUFICIENTE
[06/08] START Step Index 300
[06/08] END   Step Index 300 | 0.61s | ARPS WAITING SETUP
    Motivo: m5_pullback,m1_rejection,m1_strong_close
[07/08] START Step Index 400
[07/08] END   Step Index 400 | 0.54s | ARPS REGIME BLOCKED
    Motivo: SIN_TENDENCIA_M15
[08/08] START Step Index 500
[08/08] END   Step Index 500 | 0.50s | ARPS REGIME BLOCKED
    Motivo: SIN_TENDENCIA_M15
----------------------------------------------------------------------------------------
RESUMEN DEL CICLO #0001
Símbolos analizados: 8
Sin señal: 0
Esperando/otros: 8
Señales rechazadas: 0
Bloqueadas por estado/límites: 0
Validadas DRY RUN: 0
Nuevas órdenes: 0
Operaciones cerradas sincronizadas: 0
Errores: 0
Duración del ciclo: 9.90s
Intervalo objetivo: 30s
Próximo ciclo en: 20.10s
----------------------------------------------------------------------------------------

========================================================================================
CICLO #0002 | 2026-09-04 16:50:04 UTC | símbolos=8
========================================================================================
[01/08] START Multi Step 2 Index
[01/08] END   Multi Step 2 Index | 0.03s | ARPS REGIME BLOCKED
    Motivo: SIN_TENDENCIA_M15
[02/08] START Multi Step 3 Index
[02/08] END   Multi Step 3 Index | 0.03s | ARPS REGIME BLOCKED
    Motivo: SIN_TENDENCIA_M15
[03/08] START Multi Step 4 Index
[03/08] END   Multi Step 4 Index | 0.03s | ARPS WAITING SETUP
    Motivo: m5_atr_regime,m5_structure_break
[04/08] START Step Index
[04/08] END   Step Index | 0.03s | ARPS REGIME BLOCKED
    Motivo: ADX_M15_INSUFICIENTE
[05/08] START Step Index 200
[05/08] END   Step Index 200 | 0.03s | ARPS REGIME BLOCKED
    Motivo: ADX_M15_INSUFICIENTE
[06/08] START Step Index 300
[06/08] END   Step Index 300 | 0.04s | ARPS WAITING SETUP
    Motivo: m5_atr_regime,m5_pullback,m1_follow_through
[07/08] START Step Index 400
[07/08] END   Step Index 400 | 0.03s | ARPS REGIME BLOCKED
    Motivo: SIN_TENDENCIA_M15
[08/08] START Step Index 500
[08/08] END   Step Index 500 | 0.03s | ARPS REGIME BLOCKED
    Motivo: SIN_TENDENCIA_M15
----------------------------------------------------------------------------------------
RESUMEN DEL CICLO #0002
Símbolos analizados: 8
Sin señal: 0
Esperando/otros: 8
Señales rechazadas: 0
Bloqueadas por estado/límites: 0
Validadas DRY RUN: 0
Nuevas órdenes: 0
Operaciones cerradas sincronizadas: 0
Errores: 0
Duración del ciclo: 0.30s
Intervalo objetivo: 30s
Próximo ciclo en: 29.70s
----------------------------------------------------------------------------------------

========================================================================================
CICLO #0003 | 2026-09-04 16:50:34 UTC | símbolos=0
========================================================================================
----------------------------------------------------------------------------------------
RESUMEN DEL CICLO #0003
Símbolos analizados: 0
Sin señal: 0
Esperando/otros: 0
Señales rechazadas: 0
Bloqueadas por estado/límites: 0
Validadas DRY RUN: 0
Nuevas órdenes: 0
Operaciones cerradas sincronizadas: 0
Errores: 0
Duración del ciclo: 0.03s
Intervalo objetivo: 30s
Próximo ciclo en: 29.97s
----------------------------------------------------------------------------------------

========================================================================================
CICLO #0004 | 2026-09-04 16:51:04 UTC | símbolos=8
========================================================================================
[01/08] START Multi Step 2 Index
[01/08] END   Multi Step 2 Index | 0.02s | ARPS REGIME BLOCKED
    Motivo: SIN_TENDENCIA_M15
[02/08] START Multi Step 3 Index
[02/08] END   Multi Step 3 Index | 0.02s | ARPS REGIME BLOCKED
    Motivo: SIN_TENDENCIA_M15
[03/08] START Multi Step 4 Index
[03/08] END   Multi Step 4 Index | 0.03s | ARPS WAITING SETUP
    Motivo: m5_atr_regime,m5_structure_break,m1_follow_through,m1_strong_close
[04/08] START Step Index
[04/08] END   Step Index | 0.02s | ARPS REGIME BLOCKED
    Motivo: ADX_M15_INSUFICIENTE
[05/08] START Step Index 200
[05/08] END   Step Index 200 | 0.02s | ARPS REGIME BLOCKED
    Motivo: ADX_M15_INSUFICIENTE
[06/08] START Step Index 300
[06/08] END   Step Index 300 | 0.02s | ARPS WAITING SETUP
    Motivo: m5_atr_regime,m5_pullback,m1_rejection,m1_strong_close
[07/08] START Step Index 400
[07/08] END   Step Index 400 | 0.02s | ARPS REGIME BLOCKED
    Motivo: SIN_TENDENCIA_M15
[08/08] START Step Index 500
[08/08] END   Step Index 500 | 0.02s | ARPS REGIME BLOCKED
    Motivo: SIN_TENDENCIA_M15
----------------------------------------------------------------------------------------
RESUMEN DEL CICLO #0004
Símbolos analizados: 8
Sin señal: 0
Esperando/otros: 8
Señales rechazadas: 0
Bloqueadas por estado/límites: 0
Validadas DRY RUN: 0
Nuevas órdenes: 0
Operaciones cerradas sincronizadas: 0
Errores: 0
Duración del ciclo: 0.22s
Intervalo objetivo: 30s
Próximo ciclo en: 29.78s
----------------------------------------------------------------------------------------

========================================================================================
CICLO #0005 | 2026-09-04 16:51:34 UTC | símbolos=0
========================================================================================
----------------------------------------------------------------------------------------
RESUMEN DEL CICLO #0005
Símbolos analizados: 0
Sin señal: 0
Esperando/otros: 0
Señales rechazadas: 0
Bloqueadas por estado/límites: 0
Validadas DRY RUN: 0
Nuevas órdenes: 0
Operaciones cerradas sincronizadas: 0
Errores: 0
Duración del ciclo: 0.03s
Intervalo objetivo: 30s
Próximo ciclo en: 29.97s
----------------------------------------------------------------------------------------

========================================================================================
CICLO #0006 | 2026-09-04 16:52:04 UTC | símbolos=8
========================================================================================
[01/08] START Multi Step 2 Index
[01/08] END   Multi Step 2 Index | 0.04s | ARPS REGIME BLOCKED
    Motivo: SIN_TENDENCIA_M15
[02/08] START Multi Step 3 Index
[02/08] END   Multi Step 3 Index | 0.02s | ARPS REGIME BLOCKED
    Motivo: SIN_TENDENCIA_M15
[03/08] START Multi Step 4 Index
[03/08] END   Multi Step 4 Index | 0.03s | ARPS WAITING SETUP
    Motivo: m5_atr_regime,m5_structure_break,m1_rejection
[04/08] START Step Index
[04/08] END   Step Index | 0.03s | ARPS REGIME BLOCKED
    Motivo: ADX_M15_INSUFICIENTE
[05/08] START Step Index 200
[05/08] END   Step Index 200 | 0.03s | ARPS REGIME BLOCKED
    Motivo: ADX_M15_INSUFICIENTE
[06/08] START Step Index 300
[06/08] END   Step Index 300 | 0.03s | ARPS WAITING SETUP
    Motivo: m5_atr_regime,m5_pullback,m1_strong_close
[07/08] START Step Index 400
[07/08] END   Step Index 400 | 0.02s | ARPS REGIME BLOCKED
    Motivo: SIN_TENDENCIA_M15
[08/08] START Step Index 500
[08/08] END   Step Index 500 | 0.02s | ARPS REGIME BLOCKED
    Motivo: SIN_TENDENCIA_M15
----------------------------------------------------------------------------------------
RESUMEN DEL CICLO #0006
Símbolos analizados: 8
Sin señal: 0
Esperando/otros: 8
Señales rechazadas: 0
Bloqueadas por estado/límites: 0
Validadas DRY RUN: 0
Nuevas órdenes: 0
Operaciones cerradas sincronizadas: 0
Errores: 0
Duración del ciclo: 0.27s
Intervalo objetivo: 30s
Próximo ciclo en: 29.73s
----------------------------------------------------------------------------------------

========================================================================================
CICLO #0007 | 2026-09-04 16:52:34 UTC | símbolos=0
========================================================================================
----------------------------------------------------------------------------------------
RESUMEN DEL CICLO #0007
Símbolos analizados: 0
Sin señal: 0
Esperando/otros: 0
Señales rechazadas: 0
Bloqueadas por estado/límites: 0
Validadas DRY RUN: 0
Nuevas órdenes: 0
Operaciones cerradas sincronizadas: 0
Errores: 0
Duración del ciclo: 0.03s
Intervalo objetivo: 30s
Próximo ciclo en: 29.97s
----------------------------------------------------------------------------------------

========================================================================================
CICLO #0008 | 2026-09-04 16:53:04 UTC | símbolos=8
========================================================================================
[01/08] START Multi Step 2 Index
[01/08] END   Multi Step 2 Index | 0.02s | ARPS REGIME BLOCKED
    Motivo: SIN_TENDENCIA_M15
[02/08] START Multi Step 3 Index
[02/08] END   Multi Step 3 Index | 0.03s | ARPS REGIME BLOCKED
    Motivo: SIN_TENDENCIA_M15
[03/08] START Multi Step 4 Index
[03/08] END   Multi Step 4 Index | 0.03s | ARPS WAITING SETUP
    Motivo: m5_atr_regime,m5_structure_break,m1_rejection,m1_follow_through
[04/08] START Step Index
[04/08] END   Step Index | 0.02s | ARPS REGIME BLOCKED
    Motivo: ADX_M15_INSUFICIENTE
[05/08] START Step Index 200
[05/08] END   Step Index 200 | 0.03s | ARPS REGIME BLOCKED
    Motivo: ADX_M15_INSUFICIENTE
[06/08] START Step Index 300
[06/08] END   Step Index 300 | 0.03s | ARPS WAITING SETUP
    Motivo: m5_atr_regime,m5_pullback,m1_follow_through,m1_strong_close
[07/08] START Step Index 400
[07/08] END   Step Index 400 | 0.02s | ARPS REGIME BLOCKED
    Motivo: SIN_TENDENCIA_M15
[08/08] START Step Index 500
[08/08] END   Step Index 500 | 0.02s | ARPS REGIME BLOCKED
    Motivo: SIN_TENDENCIA_M15
----------------------------------------------------------------------------------------
RESUMEN DEL CICLO #0008
Símbolos analizados: 8
Sin señal: 0
Esperando/otros: 8
Señales rechazadas: 0
Bloqueadas por estado/límites: 0
Validadas DRY RUN: 0
Nuevas órdenes: 0
Operaciones cerradas sincronizadas: 0
Errores: 0
Duración del ciclo: 0.27s
Intervalo objetivo: 30s
Próximo ciclo en: 29.73s
----------------------------------------------------------------------------------------

========================================================================================
CICLO #0009 | 2026-09-04 16:53:34 UTC | símbolos=0
========================================================================================
----------------------------------------------------------------------------------------
RESUMEN DEL CICLO #0009
Símbolos analizados: 0
Sin señal: 0
Esperando/otros: 0
Señales rechazadas: 0
Bloqueadas por estado/límites: 0
Validadas DRY RUN: 0
Nuevas órdenes: 0
Operaciones cerradas sincronizadas: 0
Errores: 0
Duración del ciclo: 0.03s
Intervalo objetivo: 30s
Próximo ciclo en: 29.97s
----------------------------------------------------------------------------------------

========================================================================================
CICLO #0010 | 2026-09-04 16:54:04 UTC | símbolos=8
========================================================================================
[01/08] START Multi Step 2 Index
[01/08] END   Multi Step 2 Index | 0.02s | ARPS REGIME BLOCKED
    Motivo: SIN_TENDENCIA_M15
[02/08] START Multi Step 3 Index
[02/08] END   Multi Step 3 Index | 0.03s | ARPS REGIME BLOCKED
    Motivo: SIN_TENDENCIA_M15
[03/08] START Multi Step 4 Index
[03/08] END   Multi Step 4 Index | 0.03s | ARPS WAITING SETUP
    Motivo: m5_atr_regime,m5_structure_break,m1_rejection
[04/08] START Step Index
[04/08] END   Step Index | 0.02s | ARPS REGIME BLOCKED
    Motivo: ADX_M15_INSUFICIENTE
[05/08] START Step Index 200
[05/08] END   Step Index 200 | 0.02s | ARPS REGIME BLOCKED
    Motivo: ADX_M15_INSUFICIENTE
[06/08] START Step Index 300
[06/08] END   Step Index 300 | 0.02s | ARPS WAITING SETUP
    Motivo: m5_atr_regime,m5_pullback,m1_strong_close
[07/08] START Step Index 400
[07/08] END   Step Index 400 | 0.02s | ARPS REGIME BLOCKED
    Motivo: SIN_TENDENCIA_M15
[08/08] START Step Index 500
[08/08] END   Step Index 500 | 0.02s | ARPS REGIME BLOCKED
    Motivo: SIN_TENDENCIA_M15
----------------------------------------------------------------------------------------
RESUMEN DEL CICLO #0010
Símbolos analizados: 8
Sin señal: 0
Esperando/otros: 8
Señales rechazadas: 0
Bloqueadas por estado/límites: 0
Validadas DRY RUN: 0
Nuevas órdenes: 0
Operaciones cerradas sincronizadas: 0
Errores: 0
Duración del ciclo: 0.23s
Intervalo objetivo: 30s
Próximo ciclo en: 29.77s
----------------------------------------------------------------------------------------

========================================================================================
CICLO #0011 | 2026-09-04 16:54:34 UTC | símbolos=0
========================================================================================
----------------------------------------------------------------------------------------
RESUMEN DEL CICLO #0011
Símbolos analizados: 0
Sin señal: 0
Esperando/otros: 0
Señales rechazadas: 0
Bloqueadas por estado/límites: 0
Validadas DRY RUN: 0
Nuevas órdenes: 0
Operaciones cerradas sincronizadas: 0
Errores: 0
Duración del ciclo: 0.02s
Intervalo objetivo: 30s
Próximo ciclo en: 29.98s
----------------------------------------------------------------------------------------

========================================================================================
CICLO #0012 | 2026-09-04 16:55:04 UTC | símbolos=8
========================================================================================
[01/08] START Multi Step 2 Index
[01/08] END   Multi Step 2 Index | 0.03s | ARPS REGIME BLOCKED
    Motivo: SIN_TENDENCIA_M15
[02/08] START Multi Step 3 Index
[02/08] END   Multi Step 3 Index | 0.03s | ARPS REGIME BLOCKED
    Motivo: SIN_TENDENCIA_M15
[03/08] START Multi Step 4 Index
[03/08] END   Multi Step 4 Index | 0.03s | ARPS WAITING SETUP
    Motivo: m5_atr_regime,m1_rejection,m1_follow_through,m1_strong_close
[04/08] START Step Index
[04/08] END   Step Index | 0.02s | ARPS REGIME BLOCKED
    Motivo: ADX_M15_INSUFICIENTE
[05/08] START Step Index 200
[05/08] END   Step Index 200 | 0.02s | ARPS REGIME BLOCKED
    Motivo: ADX_M15_INSUFICIENTE
[06/08] START Step Index 300
[06/08] END   Step Index 300 | 0.03s | ARPS WAITING SETUP
    Motivo: m5_atr_regime,m5_structure_break,m1_follow_through
[07/08] START Step Index 400
[07/08] END   Step Index 400 | 0.03s | ARPS REGIME BLOCKED
    Motivo: SIN_TENDENCIA_M15
[08/08] START Step Index 500
[08/08] END   Step Index 500 | 0.02s | ARPS REGIME BLOCKED
    Motivo: SIN_TENDENCIA_M15
----------------------------------------------------------------------------------------
RESUMEN DEL CICLO #0012
Símbolos analizados: 8
Sin señal: 0
Esperando/otros: 8
Señales rechazadas: 0
Bloqueadas por estado/límites: 0
Validadas DRY RUN: 0
Nuevas órdenes: 0
Operaciones cerradas sincronizadas: 0
Errores: 0
Duración del ciclo: 0.30s
Intervalo objetivo: 30s
Próximo ciclo en: 29.70s
----------------------------------------------------------------------------------------

========================================================================================
CICLO #0013 | 2026-09-04 16:55:34 UTC | símbolos=0
========================================================================================
----------------------------------------------------------------------------------------
RESUMEN DEL CICLO #0013
Símbolos analizados: 0
Sin señal: 0
Esperando/otros: 0
Señales rechazadas: 0
Bloqueadas por estado/límites: 0
Validadas DRY RUN: 0
Nuevas órdenes: 0
Operaciones cerradas sincronizadas: 0
Errores: 0
Duración del ciclo: 0.02s
Intervalo objetivo: 30s
Próximo ciclo en: 29.98s
----------------------------------------------------------------------------------------
Bot detenido por el usuario.
========================================================================
DERIV DEMO EXECUTION PREFLIGHT
========================================================================
[OK] MT5_ACCOUNT_INFO {'login': 41108926, 'server': 'Deriv-Demo', 'currency': 'USD', 'balance': 9637.19, 'equity': 9579.57, 'margin': 69.28, 'free_margin': 9510.29, 'profit': -57.62, 'leverage': 1000, 'trade_mode': 0, 'snapshot_time': datetime.datetime(2026, 9, 4, 16, 56, 46, 815405, tzinfo=datetime.timezone.utc), 'broker': 'MT5'}
[OK] MT5_TERMINAL_CONNECTED {'trade_allowed': True, 'tradeapi_disabled': False}
[OK] MT5_AUTOTRADING_ALLOWED {'trade_allowed': True, 'tradeapi_disabled': False}
[OK] DEMO_ACCOUNT {'trade_mode': 0, 'server': 'Deriv-Demo'}
[OK] FREE_MARGIN {'free_margin': 9510.29, 'required': 0.0}
[OK] DATABASE_READY {}
[OK] SYMBOL:Multi Step 2 Index {'visible': True, 'trade_mode': 4, 'volume_min': 0.1, 'volume_step': 0.01, 'point': 0.01, 'stops_level_points': 96}
[OK] SYMBOL:Multi Step 3 Index {'visible': True, 'trade_mode': 4, 'volume_min': 0.1, 'volume_step': 0.01, 'point': 0.01, 'stops_level_points': 60}
[OK] SYMBOL:Multi Step 4 Index {'visible': True, 'trade_mode': 4, 'volume_min': 0.1, 'volume_step': 0.01, 'point': 0.01, 'stops_level_points': 109}
[OK] SYMBOL:Skew Step Index 4 Down {'visible': True, 'trade_mode': 4, 'volume_min': 0.1, 'volume_step': 0.01, 'point': 0.1, 'stops_level_points': 200}
[OK] SYMBOL:Skew Step Index 4 Up {'visible': True, 'trade_mode': 4, 'volume_min': 0.1, 'volume_step': 0.01, 'point': 0.1, 'stops_level_points': 200}
[OK] SYMBOL:Skew Step Index 5 Down {'visible': True, 'trade_mode': 4, 'volume_min': 0.1, 'volume_step': 0.01, 'point': 0.1, 'stops_level_points': 200}
[OK] SYMBOL:Skew Step Index 5 Up {'visible': True, 'trade_mode': 4, 'volume_min': 0.1, 'volume_step': 0.01, 'point': 0.1, 'stops_level_points': 200}
[OK] SYMBOL:Step Index {'visible': True, 'trade_mode': 4, 'volume_min': 0.1, 'volume_step': 0.01, 'point': 0.1, 'stops_level_points': 8}
[OK] SYMBOL:Step Index 200 {'visible': True, 'trade_mode': 4, 'volume_min': 0.1, 'volume_step': 0.01, 'point': 0.1, 'stops_level_points': 11}
[OK] SYMBOL:Step Index 300 {'visible': True, 'trade_mode': 4, 'volume_min': 0.1, 'volume_step': 0.01, 'point': 0.1, 'stops_level_points': 9}
[OK] SYMBOL:Step Index 400 {'visible': True, 'trade_mode': 4, 'volume_min': 0.1, 'volume_step': 0.01, 'point': 0.1, 'stops_level_points': 12}
[OK] SYMBOL:Step Index 500 {'visible': True, 'trade_mode': 4, 'volume_min': 0.1, 'volume_step': 0.01, 'point': 0.1, 'stops_level_points': 20}
========================================================================
STATUS: READY FOR DEMO EXECUTION
DAEMONBLACKFX VERSION: v100-entry-quality-recoverable-quarantine-winrate-audit
BOT ACTIVO: SCALP_STEP | MAGIC=26082304 | ESTRATEGIA=ARPS_SYNTHETIC_SCALPER | instrumentos=12 | auto_export=False
========================================================================================
BOT SMC MT5 - DERIV DEMO
========================================================================================
Cuenta: 41108926 | Servidor: Deriv-Demo
Balance: 9637.19 USD
Modo: EJECUCIÓN DEMO
Riesgo por trade: 0.25% | R:R mínimo: 1.50
Intervalo: 30s | Símbolos: 12
Reporte XLSX: C:\TradingBoot\smc_synthetic_bot\storage\exports\deriv_demo_trading_report.xlsx
Pipeline: SMC -> TradeLifecycleManager -> MT5TradeExecutor -> SQLite -> XLSX
========================================================================================
Daemon activo: señales=30s | monitor posiciones/BE=2s | símbolos=12
Progreso: se mostrará cada símbolo y su tiempo de análisis.
{'action': 'POSITION_MONITOR_STARTED', 'signal_interval_seconds': 30, 'position_monitor_interval_seconds': 2, 'monitor_mode': 'BACKGROUND_DECOUPLED'}

========================================================================================
CICLO #0001 | 2026-09-04 16:57:00 UTC | símbolos=8
========================================================================================
[01/08] START Multi Step 2 Index
[01/08] END   Multi Step 2 Index | 1.14s | ARPS REGIME BLOCKED
    Motivo: SIN_TENDENCIA_M15
[02/08] START Multi Step 3 Index
[02/08] END   Multi Step 3 Index | 1.27s | ARPS REGIME BLOCKED
    Motivo: SIN_TENDENCIA_M15
[03/08] START Multi Step 4 Index
[03/08] END   Multi Step 4 Index | 1.62s | ARPS WAITING SETUP
    Motivo: m5_atr_regime,m1_rejection,m1_strong_close
[04/08] START Step Index
[04/08] END   Step Index | 0.94s | ARPS REGIME BLOCKED
    Motivo: ADX_M15_INSUFICIENTE
[05/08] START Step Index 200
[05/08] END   Step Index 200 | 0.36s | ARPS REGIME BLOCKED
    Motivo: ADX_M15_INSUFICIENTE
[06/08] START Step Index 300
[06/08] END   Step Index 300 | 1.54s | ARPS WAITING SETUP
    Motivo: m5_atr_regime,m5_structure_break,m1_rejection
[07/08] START Step Index 400
[07/08] END   Step Index 400 | 0.48s | ARPS REGIME BLOCKED
    Motivo: SIN_TENDENCIA_M15
[08/08] START Step Index 500
[08/08] END   Step Index 500 | 0.45s | ARPS REGIME BLOCKED
    Motivo: SIN_TENDENCIA_M15
----------------------------------------------------------------------------------------
RESUMEN DEL CICLO #0001
Símbolos analizados: 8
Sin señal: 0
Esperando/otros: 8
Señales rechazadas: 0
Bloqueadas por estado/límites: 0
Validadas DRY RUN: 0
Nuevas órdenes: 0
Operaciones cerradas sincronizadas: 0
Errores: 0
Duración del ciclo: 10.26s
Intervalo objetivo: 30s
Próximo ciclo en: 19.74s
----------------------------------------------------------------------------------------

========================================================================================
CICLO #0002 | 2026-09-04 16:57:30 UTC | símbolos=0
========================================================================================
----------------------------------------------------------------------------------------
RESUMEN DEL CICLO #0002
Símbolos analizados: 0
Sin señal: 0
Esperando/otros: 0
Señales rechazadas: 0
Bloqueadas por estado/límites: 0
Validadas DRY RUN: 0
Nuevas órdenes: 0
Operaciones cerradas sincronizadas: 0
Errores: 0
Duración del ciclo: 0.03s
Intervalo objetivo: 30s
Próximo ciclo en: 29.97s
----------------------------------------------------------------------------------------

========================================================================================
CICLO #0003 | 2026-09-04 16:58:00 UTC | símbolos=8
========================================================================================
[01/08] START Multi Step 2 Index
[01/08] END   Multi Step 2 Index | 0.03s | ARPS REGIME BLOCKED
    Motivo: SIN_TENDENCIA_M15
[02/08] START Multi Step 3 Index
[02/08] END   Multi Step 3 Index | 0.03s | ARPS REGIME BLOCKED
    Motivo: SIN_TENDENCIA_M15
[03/08] START Multi Step 4 Index
[03/08] END   Multi Step 4 Index | 0.03s | ARPS WAITING SETUP
    Motivo: m5_atr_regime,m1_rejection,m1_follow_through,m1_strong_close
[04/08] START Step Index
[04/08] END   Step Index | 0.03s | ARPS REGIME BLOCKED
    Motivo: ADX_M15_INSUFICIENTE
[05/08] START Step Index 200
[05/08] END   Step Index 200 | 0.03s | ARPS REGIME BLOCKED
    Motivo: ADX_M15_INSUFICIENTE
[06/08] START Step Index 300
[06/08] END   Step Index 300 | 0.03s | ARPS WAITING SETUP
    Motivo: m5_atr_regime,m5_structure_break,m1_rejection
[07/08] START Step Index 400
[07/08] END   Step Index 400 | 0.03s | ARPS REGIME BLOCKED
    Motivo: SIN_TENDENCIA_M15
[08/08] START Step Index 500
[08/08] END   Step Index 500 | 0.03s | ARPS REGIME BLOCKED
    Motivo: SIN_TENDENCIA_M15
----------------------------------------------------------------------------------------
RESUMEN DEL CICLO #0003
Símbolos analizados: 8
Sin señal: 0
Esperando/otros: 8
Señales rechazadas: 0
Bloqueadas por estado/límites: 0
Validadas DRY RUN: 0
Nuevas órdenes: 0
Operaciones cerradas sincronizadas: 0
Errores: 0
Duración del ciclo: 0.31s
Intervalo objetivo: 30s
Próximo ciclo en: 29.69s
----------------------------------------------------------------------------------------

========================================================================================
CICLO #0004 | 2026-09-04 16:58:30 UTC | símbolos=0
========================================================================================
----------------------------------------------------------------------------------------
RESUMEN DEL CICLO #0004
Símbolos analizados: 0
Sin señal: 0
Esperando/otros: 0
Señales rechazadas: 0
Bloqueadas por estado/límites: 0
Validadas DRY RUN: 0
Nuevas órdenes: 0
Operaciones cerradas sincronizadas: 0
Errores: 0
Duración del ciclo: 0.02s
Intervalo objetivo: 30s
Próximo ciclo en: 29.98s
----------------------------------------------------------------------------------------
Bot detenido por el usuario.
