========================================================================
DERIV DEMO EXECUTION PREFLIGHT
========================================================================
[OK] MT5_ACCOUNT_INFO {'login': 41108926, 'server': 'Deriv-Demo', 'currency': 'USD', 'balance': 10000.0, 'equity': 10000.0, 'margin': 0.0, 'free_margin': 10000.0, 'profit': 0.0, 'leverage': 1000, 'trade_mode': 0, 'snapshot_time': datetime.datetime(2026, 9, 3, 13, 19, 30, 157216, tzinfo=datetime.timezone.utc), 'broker': 'MT5'}
[OK] MT5_TERMINAL_CONNECTED {'trade_allowed': True, 'tradeapi_disabled': False}
[OK] MT5_AUTOTRADING_ALLOWED {'trade_allowed': True, 'tradeapi_disabled': False}
[OK] DEMO_ACCOUNT {'trade_mode': 0, 'server': 'Deriv-Demo'}
[OK] FREE_MARGIN {'free_margin': 10000.0, 'required': 0.0}
[OK] DATABASE_READY {}
[OK] SYMBOL:Jump 10 Index {'visible': True, 'trade_mode': 4, 'volume_min': 0.01, 'volume_step': 0.01, 'point': 0.01, 'stops_level_points': 870}
[OK] SYMBOL:Jump 100 Index {'visible': True, 'trade_mode': 4, 'volume_min': 0.1, 'volume_step': 0.01, 'point': 0.01, 'stops_level_points': 243}
[OK] SYMBOL:Jump 25 Index {'visible': True, 'trade_mode': 4, 'volume_min': 0.01, 'volume_step': 0.01, 'point': 0.01, 'stops_level_points': 1452}
[OK] SYMBOL:Jump 50 Index {'visible': True, 'trade_mode': 4, 'volume_min': 0.01, 'volume_step': 0.01, 'point': 0.01, 'stops_level_points': 1308}
[OK] SYMBOL:Jump 75 Index {'visible': True, 'trade_mode': 4, 'volume_min': 0.01, 'volume_step': 0.01, 'point': 0.01, 'stops_level_points': 726}
========================================================================
STATUS: READY FOR DEMO EXECUTION
DAEMONBLACKFX VERSION: v100-entry-quality-recoverable-quarantine-winrate-audit
BOT ACTIVO: SCALP_JUMP | MAGIC=26082305 | ESTRATEGIA=ARPS_SYNTHETIC_SCALPER | instrumentos=5 | auto_export=False
========================================================================================
BOT SMC MT5 - DERIV DEMO
========================================================================================
Cuenta: 41108926 | Servidor: Deriv-Demo
Balance: 10000.00 USD
Modo: EJECUCIÓN DEMO
Riesgo por trade: 0.25% | R:R mínimo: 1.50
Intervalo: 30s | Símbolos: 5
Reporte XLSX: C:\TradingBoot\smc_synthetic_bot\storage\exports\deriv_demo_trading_report.xlsx
Pipeline: SMC -> TradeLifecycleManager -> MT5TradeExecutor -> SQLite -> XLSX
========================================================================================
Daemon activo: señales=30s | monitor posiciones/BE=2s | símbolos=5
Progreso: se mostrará cada símbolo y su tiempo de análisis.
{'action': 'POSITION_MONITOR_STARTED', 'signal_interval_seconds': 30, 'position_monitor_interval_seconds': 2, 'monitor_mode': 'BACKGROUND_DECOUPLED'}

========================================================================================
CICLO #0001 | 2026-09-03 13:19:36 UTC | símbolos=5
========================================================================================
[01/05] START Jump 10 Index
[01/05] END   Jump 10 Index | 1.55s | ARPS REGIME BLOCKED
    Motivo: SIN_TENDENCIA_M15
[02/05] START Jump 100 Index
[02/05] END   Jump 100 Index | 1.67s | ARPS WAITING SETUP
    Motivo: m5_atr_regime,m5_structure_break,m1_rejection,m1_follow_through,m1_strong_close
[03/05] START Jump 25 Index
[03/05] END   Jump 25 Index | 1.57s | ARPS REGIME BLOCKED
    Motivo: SIN_TENDENCIA_M15
[04/05] START Jump 50 Index
[04/05] END   Jump 50 Index | 2.20s | ARPS WAITING SETUP
    Motivo: m5_atr_regime,m5_structure_break,m1_rejection
[05/05] START Jump 75 Index
[05/05] END   Jump 75 Index | 0.36s | INSTRUMENTO EN CUARENTENA DE RIESGO
    Motivo: cuarentena temporal por desviación marginal de ejecución
----------------------------------------------------------------------------------------
RESUMEN DEL CICLO #0001
Símbolos analizados: 5
Sin señal: 0
Esperando/otros: 5
Señales rechazadas: 0
Bloqueadas por estado/límites: 0
Validadas DRY RUN: 0
Nuevas órdenes: 0
Operaciones cerradas sincronizadas: 0
Errores: 0
Duración del ciclo: 11.21s
Intervalo objetivo: 30s
Próximo ciclo en: 18.79s
----------------------------------------------------------------------------------------

========================================================================================
CICLO #0002 | 2026-09-03 13:20:06 UTC | símbolos=5
========================================================================================
[01/05] START Jump 10 Index
[01/05] END   Jump 10 Index | 0.08s | ARPS REGIME BLOCKED
    Motivo: SIN_TENDENCIA_M15
[02/05] START Jump 100 Index
[02/05] END   Jump 100 Index | 0.06s | ARPS WAITING SETUP
    Motivo: m5_atr_regime,m5_structure_break,m1_rejection,m1_follow_through,m1_strong_close
[03/05] START Jump 25 Index
[03/05] END   Jump 25 Index | 0.05s | ARPS REGIME BLOCKED
    Motivo: SIN_TENDENCIA_M15
[04/05] START Jump 50 Index
[04/05] END   Jump 50 Index | 0.32s | ARPS WAITING SETUP
    Motivo: m5_atr_regime,m5_structure_break,m1_rejection,m1_follow_through,m1_strong_close
[05/05] START Jump 75 Index
[05/05] END   Jump 75 Index | 0.01s | INSTRUMENTO EN CUARENTENA DE RIESGO
    Motivo: cuarentena temporal por desviación marginal de ejecución
----------------------------------------------------------------------------------------
RESUMEN DEL CICLO #0002
Símbolos analizados: 5
Sin señal: 0
Esperando/otros: 5
Señales rechazadas: 0
Bloqueadas por estado/límites: 0
Validadas DRY RUN: 0
Nuevas órdenes: 0
Operaciones cerradas sincronizadas: 0
Errores: 0
Duración del ciclo: 0.70s
Intervalo objetivo: 30s
Próximo ciclo en: 29.30s
----------------------------------------------------------------------------------------

========================================================================================
CICLO #0003 | 2026-09-03 13:20:36 UTC | símbolos=0
========================================================================================
----------------------------------------------------------------------------------------
RESUMEN DEL CICLO #0003
Símbolos analizados: 0
Sin señal: 0
Esperando/otros: 0
Señales rechazadas: 0
Bloqueadas por estado/límites: 0
Validadas DRY RUN: 0
Nuevas órdenes: 0
Operaciones cerradas sincronizadas: 0
Errores: 0
Duración del ciclo: 0.02s
Intervalo objetivo: 30s
Próximo ciclo en: 29.98s
----------------------------------------------------------------------------------------

========================================================================================
CICLO #0004 | 2026-09-03 13:21:06 UTC | símbolos=5
========================================================================================
[01/05] START Jump 10 Index
[01/05] END   Jump 10 Index | 0.03s | ARPS REGIME BLOCKED
    Motivo: SIN_TENDENCIA_M15
[02/05] START Jump 100 Index
[02/05] END   Jump 100 Index | 0.03s | ARPS WAITING SETUP
    Motivo: m5_atr_regime,m5_structure_break,m1_rejection
[03/05] START Jump 25 Index
[03/05] END   Jump 25 Index | 0.02s | ARPS REGIME BLOCKED
    Motivo: SIN_TENDENCIA_M15
[04/05] START Jump 50 Index
[04/05] END   Jump 50 Index | 0.03s | ARPS WAITING SETUP
    Motivo: m5_atr_regime,m5_structure_break,m1_rejection
[05/05] START Jump 75 Index
[05/05] END   Jump 75 Index | 0.00s | INSTRUMENTO EN CUARENTENA DE RIESGO
    Motivo: cuarentena temporal por desviación marginal de ejecución
----------------------------------------------------------------------------------------
RESUMEN DEL CICLO #0004
Símbolos analizados: 5
Sin señal: 0
Esperando/otros: 5
Señales rechazadas: 0
Bloqueadas por estado/límites: 0
Validadas DRY RUN: 0
Nuevas órdenes: 0
Operaciones cerradas sincronizadas: 0
Errores: 0
Duración del ciclo: 0.14s
Intervalo objetivo: 30s
Próximo ciclo en: 29.86s
----------------------------------------------------------------------------------------

========================================================================================
CICLO #0005 | 2026-09-03 13:21:36 UTC | símbolos=0
========================================================================================
----------------------------------------------------------------------------------------
RESUMEN DEL CICLO #0005
Símbolos analizados: 0
Sin señal: 0
Esperando/otros: 0
Señales rechazadas: 0
Bloqueadas por estado/límites: 0
Validadas DRY RUN: 0
Nuevas órdenes: 0
Operaciones cerradas sincronizadas: 0
Errores: 0
Duración del ciclo: 0.02s
Intervalo objetivo: 30s
Próximo ciclo en: 29.98s
----------------------------------------------------------------------------------------

========================================================================================
CICLO #0006 | 2026-09-03 13:22:06 UTC | símbolos=5
========================================================================================
[01/05] START Jump 10 Index
[01/05] END   Jump 10 Index | 0.03s | ARPS REGIME BLOCKED
    Motivo: SIN_TENDENCIA_M15
[02/05] START Jump 100 Index
[02/05] END   Jump 100 Index | 0.03s | ARPS WAITING SETUP
    Motivo: m5_atr_regime,m5_structure_break,m1_rejection,m1_follow_through
[03/05] START Jump 25 Index
[03/05] END   Jump 25 Index | 0.03s | ARPS REGIME BLOCKED
    Motivo: SIN_TENDENCIA_M15
[04/05] START Jump 50 Index
[04/05] END   Jump 50 Index | 0.03s | ARPS WAITING SETUP
    Motivo: m5_atr_regime,m5_structure_break,m1_rejection,m1_follow_through
[05/05] START Jump 75 Index
[05/05] END   Jump 75 Index | 0.00s | INSTRUMENTO EN CUARENTENA DE RIESGO
    Motivo: cuarentena temporal por desviación marginal de ejecución
----------------------------------------------------------------------------------------
RESUMEN DEL CICLO #0006
Símbolos analizados: 5
Sin señal: 0
Esperando/otros: 5
Señales rechazadas: 0
Bloqueadas por estado/límites: 0
Validadas DRY RUN: 0
Nuevas órdenes: 0
Operaciones cerradas sincronizadas: 0
Errores: 0
Duración del ciclo: 0.15s
Intervalo objetivo: 30s
Próximo ciclo en: 29.85s
----------------------------------------------------------------------------------------

========================================================================================
CICLO #0007 | 2026-09-03 13:22:36 UTC | símbolos=0
========================================================================================
----------------------------------------------------------------------------------------
RESUMEN DEL CICLO #0007
Símbolos analizados: 0
Sin señal: 0
Esperando/otros: 0
Señales rechazadas: 0
Bloqueadas por estado/límites: 0
Validadas DRY RUN: 0
Nuevas órdenes: 0
Operaciones cerradas sincronizadas: 0
Errores: 0
Duración del ciclo: 0.02s
Intervalo objetivo: 30s
Próximo ciclo en: 29.98s
----------------------------------------------------------------------------------------

========================================================================================
CICLO #0008 | 2026-09-03 13:23:06 UTC | símbolos=5
========================================================================================
[01/05] START Jump 10 Index
[01/05] END   Jump 10 Index | 0.02s | ARPS REGIME BLOCKED
    Motivo: SIN_TENDENCIA_M15
[02/05] START Jump 100 Index
[02/05] END   Jump 100 Index | 0.03s | ARPS WAITING SETUP
    Motivo: m5_atr_regime,m5_structure_break,m1_rejection
[03/05] START Jump 25 Index
[03/05] END   Jump 25 Index | 0.02s | ARPS REGIME BLOCKED
    Motivo: SIN_TENDENCIA_M15
[04/05] START Jump 50 Index
[04/05] END   Jump 50 Index | 0.03s | ARPS WAITING SETUP
    Motivo: m5_atr_regime,m5_structure_break,m1_rejection,m1_follow_through
[05/05] START Jump 75 Index
[05/05] END   Jump 75 Index | 0.00s | INSTRUMENTO EN CUARENTENA DE RIESGO
    Motivo: cuarentena temporal por desviación marginal de ejecución
----------------------------------------------------------------------------------------
RESUMEN DEL CICLO #0008
Símbolos analizados: 5
Sin señal: 0
Esperando/otros: 5
Señales rechazadas: 0
Bloqueadas por estado/límites: 0
Validadas DRY RUN: 0
Nuevas órdenes: 0
Operaciones cerradas sincronizadas: 0
Errores: 0
Duración del ciclo: 0.15s
Intervalo objetivo: 30s
Próximo ciclo en: 29.85s
----------------------------------------------------------------------------------------
Bot detenido por el usuario.
========================================================================
DERIV DEMO EXECUTION PREFLIGHT
========================================================================
[OK] MT5_ACCOUNT_INFO {'login': 41108926, 'server': 'Deriv-Demo', 'currency': 'USD', 'balance': 9999.39, 'equity': 9999.39, 'margin': 0.0, 'free_margin': 9999.39, 'profit': 0.0, 'leverage': 1000, 'trade_mode': 0, 'snapshot_time': datetime.datetime(2026, 9, 3, 13, 24, 52, 938062, tzinfo=datetime.timezone.utc), 'broker': 'MT5'}
[OK] MT5_TERMINAL_CONNECTED {'trade_allowed': True, 'tradeapi_disabled': False}
[OK] MT5_AUTOTRADING_ALLOWED {'trade_allowed': True, 'tradeapi_disabled': False}
[OK] DEMO_ACCOUNT {'trade_mode': 0, 'server': 'Deriv-Demo'}
[OK] FREE_MARGIN {'free_margin': 9999.39, 'required': 0.0}
[OK] DATABASE_READY {}
[OK] SYMBOL:Jump 10 Index {'visible': True, 'trade_mode': 4, 'volume_min': 0.01, 'volume_step': 0.01, 'point': 0.01, 'stops_level_points': 870}
[OK] SYMBOL:Jump 100 Index {'visible': True, 'trade_mode': 4, 'volume_min': 0.1, 'volume_step': 0.01, 'point': 0.01, 'stops_level_points': 243}
[OK] SYMBOL:Jump 25 Index {'visible': True, 'trade_mode': 4, 'volume_min': 0.01, 'volume_step': 0.01, 'point': 0.01, 'stops_level_points': 1452}
[OK] SYMBOL:Jump 50 Index {'visible': True, 'trade_mode': 4, 'volume_min': 0.01, 'volume_step': 0.01, 'point': 0.01, 'stops_level_points': 1308}
[OK] SYMBOL:Jump 75 Index {'visible': True, 'trade_mode': 4, 'volume_min': 0.01, 'volume_step': 0.01, 'point': 0.01, 'stops_level_points': 726}
========================================================================
STATUS: READY FOR DEMO EXECUTION
DAEMONBLACKFX VERSION: v100-entry-quality-recoverable-quarantine-winrate-audit
BOT ACTIVO: SCALP_JUMP | MAGIC=26082305 | ESTRATEGIA=ARPS_SYNTHETIC_SCALPER | instrumentos=5 | auto_export=False
========================================================================================
BOT SMC MT5 - DERIV DEMO
========================================================================================
Cuenta: 41108926 | Servidor: Deriv-Demo
Balance: 9999.39 USD
Modo: EJECUCIÓN DEMO
Riesgo por trade: 0.25% | R:R mínimo: 1.50
Intervalo: 30s | Símbolos: 5
Reporte XLSX: C:\TradingBoot\smc_synthetic_bot\storage\exports\deriv_demo_trading_report.xlsx
Pipeline: SMC -> TradeLifecycleManager -> MT5TradeExecutor -> SQLite -> XLSX
========================================================================================
Daemon activo: señales=30s | monitor posiciones/BE=2s | símbolos=5
Progreso: se mostrará cada símbolo y su tiempo de análisis.
{'action': 'POSITION_MONITOR_STARTED', 'signal_interval_seconds': 30, 'position_monitor_interval_seconds': 2, 'monitor_mode': 'BACKGROUND_DECOUPLED'}

========================================================================================
CICLO #0001 | 2026-09-03 13:24:58 UTC | símbolos=5
========================================================================================
[01/05] START Jump 10 Index
[01/05] END   Jump 10 Index | 1.48s | ARPS REGIME BLOCKED
    Motivo: SIN_TENDENCIA_M15
[02/05] START Jump 100 Index
[02/05] END   Jump 100 Index | 1.63s | ARPS WAITING SETUP
    Motivo: m5_atr_regime,m5_structure_break,m1_follow_through
[03/05] START Jump 25 Index
[03/05] END   Jump 25 Index | 1.36s | ARPS REGIME BLOCKED
    Motivo: SIN_TENDENCIA_M15
[04/05] START Jump 50 Index
[04/05] END   Jump 50 Index | 1.82s | ARPS WAITING SETUP
    Motivo: m5_atr_regime,m5_structure_break,m1_rejection,m1_follow_through
[05/05] START Jump 75 Index
[05/05] END   Jump 75 Index | 0.46s | INSTRUMENTO EN CUARENTENA DE RIESGO
    Motivo: cuarentena temporal por desviación marginal de ejecución
----------------------------------------------------------------------------------------
RESUMEN DEL CICLO #0001
Símbolos analizados: 5
Sin señal: 0
Esperando/otros: 5
Señales rechazadas: 0
Bloqueadas por estado/límites: 0
Validadas DRY RUN: 0
Nuevas órdenes: 0
Operaciones cerradas sincronizadas: 0
Errores: 0
Duración del ciclo: 9.77s
Intervalo objetivo: 30s
Próximo ciclo en: 20.23s
----------------------------------------------------------------------------------------

========================================================================================
CICLO #0002 | 2026-09-03 13:25:28 UTC | símbolos=3
========================================================================================
[01/03] START Jump 10 Index
[01/03] END   Jump 10 Index | 0.04s | ARPS REGIME BLOCKED
    Motivo: SIN_TENDENCIA_M15
[02/03] START Jump 100 Index
[02/03] END   Jump 100 Index | 0.04s | ARPS WAITING SETUP
    Motivo: m5_atr_regime,m5_structure_break,m1_follow_through
[03/03] START Jump 25 Index
[03/03] END   Jump 25 Index | 0.04s | ARPS REGIME BLOCKED
    Motivo: SIN_TENDENCIA_M15
----------------------------------------------------------------------------------------
RESUMEN DEL CICLO #0002
Símbolos analizados: 3
Sin señal: 0
Esperando/otros: 3
Señales rechazadas: 0
Bloqueadas por estado/límites: 0
Validadas DRY RUN: 0
Nuevas órdenes: 0
Operaciones cerradas sincronizadas: 0
Errores: 0
Duración del ciclo: 0.17s
Intervalo objetivo: 30s
Próximo ciclo en: 29.83s
----------------------------------------------------------------------------------------

========================================================================================
CICLO #0003 | 2026-09-03 13:25:58 UTC | símbolos=0
========================================================================================
----------------------------------------------------------------------------------------
RESUMEN DEL CICLO #0003
Símbolos analizados: 0
Sin señal: 0
Esperando/otros: 0
Señales rechazadas: 0
Bloqueadas por estado/límites: 0
Validadas DRY RUN: 0
Nuevas órdenes: 0
Operaciones cerradas sincronizadas: 0
Errores: 0
Duración del ciclo: 0.03s
Intervalo objetivo: 30s
Próximo ciclo en: 29.97s
----------------------------------------------------------------------------------------

========================================================================================
CICLO #0004 | 2026-09-03 13:26:28 UTC | símbolos=5
========================================================================================
[01/05] START Jump 10 Index
[01/05] END   Jump 10 Index | 0.02s | ARPS REGIME BLOCKED
    Motivo: SIN_TENDENCIA_M15
[02/05] START Jump 100 Index
[02/05] END   Jump 100 Index | 0.04s | ARPS WAITING SETUP
    Motivo: m5_atr_regime,m5_structure_break,m1_rejection,m1_follow_through
[03/05] START Jump 25 Index
[03/05] END   Jump 25 Index | 0.03s | ARPS REGIME BLOCKED
    Motivo: SIN_TENDENCIA_M15
[04/05] START Jump 50 Index
[04/05] END   Jump 50 Index | 0.03s | ARPS WAITING SETUP
    Motivo: m5_atr_regime,m5_structure_break,m1_rejection,m1_follow_through,m1_strong_close
[05/05] START Jump 75 Index
[05/05] END   Jump 75 Index | 0.00s | INSTRUMENTO EN CUARENTENA DE RIESGO
    Motivo: cuarentena temporal por desviación marginal de ejecución
----------------------------------------------------------------------------------------
RESUMEN DEL CICLO #0004
Símbolos analizados: 5
Sin señal: 0
Esperando/otros: 5
Señales rechazadas: 0
Bloqueadas por estado/límites: 0
Validadas DRY RUN: 0
Nuevas órdenes: 0
Operaciones cerradas sincronizadas: 0
Errores: 0
Duración del ciclo: 0.17s
Intervalo objetivo: 30s
Próximo ciclo en: 29.83s
----------------------------------------------------------------------------------------

========================================================================================
CICLO #0005 | 2026-09-03 13:26:58 UTC | símbolos=0
========================================================================================
----------------------------------------------------------------------------------------
RESUMEN DEL CICLO #0005
Símbolos analizados: 0
Sin señal: 0
Esperando/otros: 0
Señales rechazadas: 0
Bloqueadas por estado/límites: 0
Validadas DRY RUN: 0
Nuevas órdenes: 0
Operaciones cerradas sincronizadas: 0
Errores: 0
Duración del ciclo: 0.03s
Intervalo objetivo: 30s
Próximo ciclo en: 29.97s
----------------------------------------------------------------------------------------

========================================================================================
CICLO #0006 | 2026-09-03 13:27:28 UTC | símbolos=5
========================================================================================
[01/05] START Jump 10 Index
[01/05] END   Jump 10 Index | 0.02s | ARPS REGIME BLOCKED
    Motivo: SIN_TENDENCIA_M15
[02/05] START Jump 100 Index
[02/05] END   Jump 100 Index | 0.03s | ARPS WAITING SETUP
    Motivo: m5_atr_regime,m5_structure_break,m1_rejection
[03/05] START Jump 25 Index
[03/05] END   Jump 25 Index | 0.02s | ARPS REGIME BLOCKED
    Motivo: SIN_TENDENCIA_M15
[04/05] START Jump 50 Index
[04/05] END   Jump 50 Index | 0.03s | ARPS WAITING SETUP
    Motivo: m5_atr_regime,m5_structure_break,m1_follow_through
[05/05] START Jump 75 Index
[05/05] END   Jump 75 Index | 0.00s | INSTRUMENTO EN CUARENTENA DE RIESGO
    Motivo: cuarentena temporal por desviación marginal de ejecución
----------------------------------------------------------------------------------------
RESUMEN DEL CICLO #0006
Símbolos analizados: 5
Sin señal: 0
Esperando/otros: 5
Señales rechazadas: 0
Bloqueadas por estado/límites: 0
Validadas DRY RUN: 0
Nuevas órdenes: 0
Operaciones cerradas sincronizadas: 0
Errores: 0
Duración del ciclo: 0.15s
Intervalo objetivo: 30s
Próximo ciclo en: 29.85s
----------------------------------------------------------------------------------------

========================================================================================
CICLO #0007 | 2026-09-03 13:27:58 UTC | símbolos=0
========================================================================================
----------------------------------------------------------------------------------------
RESUMEN DEL CICLO #0007
Símbolos analizados: 0
Sin señal: 0
Esperando/otros: 0
Señales rechazadas: 0
Bloqueadas por estado/límites: 0
Validadas DRY RUN: 0
Nuevas órdenes: 0
Operaciones cerradas sincronizadas: 0
Errores: 0
Duración del ciclo: 0.02s
Intervalo objetivo: 30s
Próximo ciclo en: 29.98s
----------------------------------------------------------------------------------------

========================================================================================
CICLO #0008 | 2026-09-03 13:28:28 UTC | símbolos=5
========================================================================================
[01/05] START Jump 10 Index
[01/05] END   Jump 10 Index | 0.03s | ARPS REGIME BLOCKED
    Motivo: SIN_TENDENCIA_M15
[02/05] START Jump 100 Index
[02/05] END   Jump 100 Index | 0.03s | ARPS WAITING SETUP
    Motivo: m5_atr_regime,m5_structure_break,m1_rejection
[03/05] START Jump 25 Index
[03/05] END   Jump 25 Index | 0.02s | ARPS REGIME BLOCKED
    Motivo: SIN_TENDENCIA_M15
[04/05] START Jump 50 Index
[04/05] END   Jump 50 Index | 0.02s | ARPS WAITING SETUP
    Motivo: m5_atr_regime,m5_structure_break,m1_rejection,m1_follow_through
[05/05] START Jump 75 Index
[05/05] END   Jump 75 Index | 0.00s | INSTRUMENTO EN CUARENTENA DE RIESGO
    Motivo: cuarentena temporal por desviación marginal de ejecución
----------------------------------------------------------------------------------------
RESUMEN DEL CICLO #0008
Símbolos analizados: 5
Sin señal: 0
Esperando/otros: 5
Señales rechazadas: 0
Bloqueadas por estado/límites: 0
Validadas DRY RUN: 0
Nuevas órdenes: 0
Operaciones cerradas sincronizadas: 0
Errores: 0
Duración del ciclo: 0.14s
Intervalo objetivo: 30s
Próximo ciclo en: 29.86s
----------------------------------------------------------------------------------------

========================================================================================
CICLO #0009 | 2026-09-03 13:28:58 UTC | símbolos=0
========================================================================================
----------------------------------------------------------------------------------------
RESUMEN DEL CICLO #0009
Símbolos analizados: 0
Sin señal: 0
Esperando/otros: 0
Señales rechazadas: 0
Bloqueadas por estado/límites: 0
Validadas DRY RUN: 0
Nuevas órdenes: 0
Operaciones cerradas sincronizadas: 0
Errores: 0
Duración del ciclo: 0.02s
Intervalo objetivo: 30s
Próximo ciclo en: 29.98s
----------------------------------------------------------------------------------------

========================================================================================
CICLO #0010 | 2026-09-03 13:29:28 UTC | símbolos=5
========================================================================================
[01/05] START Jump 10 Index
[01/05] END   Jump 10 Index | 0.03s | ARPS REGIME BLOCKED
    Motivo: SIN_TENDENCIA_M15
[02/05] START Jump 100 Index
[02/05] END   Jump 100 Index | 0.03s | ARPS WAITING SETUP
    Motivo: m5_atr_regime,m5_structure_break,m1_rejection
[03/05] START Jump 25 Index
[03/05] END   Jump 25 Index | 0.03s | ARPS REGIME BLOCKED
    Motivo: SIN_TENDENCIA_M15
[04/05] START Jump 50 Index
[04/05] END   Jump 50 Index | 0.03s | ARPS WAITING SETUP
    Motivo: m5_atr_regime,m5_structure_break,m1_rejection
[05/05] START Jump 75 Index
[05/05] END   Jump 75 Index | 0.00s | INSTRUMENTO EN CUARENTENA DE RIESGO
    Motivo: cuarentena temporal por desviación marginal de ejecución
----------------------------------------------------------------------------------------
RESUMEN DEL CICLO #0010
Símbolos analizados: 5
Sin señal: 0
Esperando/otros: 5
Señales rechazadas: 0
Bloqueadas por estado/límites: 0
Validadas DRY RUN: 0
Nuevas órdenes: 0
Operaciones cerradas sincronizadas: 0
Errores: 0
Duración del ciclo: 0.14s
Intervalo objetivo: 30s
Próximo ciclo en: 29.86s
----------------------------------------------------------------------------------------

========================================================================================
CICLO #0011 | 2026-09-03 13:29:58 UTC | símbolos=0
========================================================================================
----------------------------------------------------------------------------------------
RESUMEN DEL CICLO #0011
Símbolos analizados: 0
Sin señal: 0
Esperando/otros: 0
Señales rechazadas: 0
Bloqueadas por estado/límites: 0
Validadas DRY RUN: 0
Nuevas órdenes: 0
Operaciones cerradas sincronizadas: 0
Errores: 0
Duración del ciclo: 0.02s
Intervalo objetivo: 30s
Próximo ciclo en: 29.98s
----------------------------------------------------------------------------------------

========================================================================================
CICLO #0012 | 2026-09-03 13:30:28 UTC | símbolos=5
========================================================================================
[01/05] START Jump 10 Index
[01/05] END   Jump 10 Index | 0.05s | ARPS REGIME BLOCKED
    Motivo: SIN_TENDENCIA_M15
[02/05] START Jump 100 Index
[02/05] END   Jump 100 Index | 0.05s | ARPS WAITING SETUP
    Motivo: m5_atr_regime,m5_structure_break,m1_follow_through
[03/05] START Jump 25 Index
[03/05] END   Jump 25 Index | 0.04s | ARPS REGIME BLOCKED
    Motivo: SIN_TENDENCIA_M15
[04/05] START Jump 50 Index
[04/05] END   Jump 50 Index | 0.04s | ARPS WAITING SETUP
    Motivo: m5_atr_regime,m5_structure_break,m5_pullback,m1_rejection,m1_follow_through
[05/05] START Jump 75 Index
[05/05] END   Jump 75 Index | 0.01s | INSTRUMENTO EN CUARENTENA DE RIESGO
    Motivo: cuarentena temporal por desviación marginal de ejecución
----------------------------------------------------------------------------------------
RESUMEN DEL CICLO #0012
Símbolos analizados: 5
Sin señal: 0
Esperando/otros: 5
Señales rechazadas: 0
Bloqueadas por estado/límites: 0
Validadas DRY RUN: 0
Nuevas órdenes: 0
Operaciones cerradas sincronizadas: 0
Errores: 0
Duración del ciclo: 0.28s
Intervalo objetivo: 30s
Próximo ciclo en: 29.72s
----------------------------------------------------------------------------------------

========================================================================================
CICLO #0013 | 2026-09-03 13:30:58 UTC | símbolos=0
========================================================================================
----------------------------------------------------------------------------------------
RESUMEN DEL CICLO #0013
Símbolos analizados: 0
Sin señal: 0
Esperando/otros: 0
Señales rechazadas: 0
Bloqueadas por estado/límites: 0
Validadas DRY RUN: 0
Nuevas órdenes: 0
Operaciones cerradas sincronizadas: 0
Errores: 0
Duración del ciclo: 0.03s
Intervalo objetivo: 30s
Próximo ciclo en: 29.97s
----------------------------------------------------------------------------------------

========================================================================================
CICLO #0014 | 2026-09-03 13:31:28 UTC | símbolos=5
========================================================================================
[01/05] START Jump 10 Index
[01/05] END   Jump 10 Index | 0.02s | ARPS REGIME BLOCKED
    Motivo: SIN_TENDENCIA_M15
[02/05] START Jump 100 Index
[02/05] END   Jump 100 Index | 0.04s | ARPS WAITING SETUP
    Motivo: m5_atr_regime,m5_structure_break,m1_rejection
[03/05] START Jump 25 Index
[03/05] END   Jump 25 Index | 0.02s | ARPS REGIME BLOCKED
    Motivo: SIN_TENDENCIA_M15
[04/05] START Jump 50 Index
[04/05] END   Jump 50 Index | 0.03s | ARPS WAITING SETUP
    Motivo: m5_atr_regime,m5_structure_break,m5_pullback,m1_rejection
[05/05] START Jump 75 Index
[05/05] END   Jump 75 Index | 0.00s | INSTRUMENTO EN CUARENTENA DE RIESGO
    Motivo: cuarentena temporal por desviación marginal de ejecución
----------------------------------------------------------------------------------------
RESUMEN DEL CICLO #0014
Símbolos analizados: 5
Sin señal: 0
Esperando/otros: 5
Señales rechazadas: 0
Bloqueadas por estado/límites: 0
Validadas DRY RUN: 0
Nuevas órdenes: 0
Operaciones cerradas sincronizadas: 0
Errores: 0
Duración del ciclo: 0.16s
Intervalo objetivo: 30s
Próximo ciclo en: 29.84s
----------------------------------------------------------------------------------------

========================================================================================
CICLO #0015 | 2026-09-03 13:31:58 UTC | símbolos=0
========================================================================================
----------------------------------------------------------------------------------------
RESUMEN DEL CICLO #0015
Símbolos analizados: 0
Sin señal: 0
Esperando/otros: 0
Señales rechazadas: 0
Bloqueadas por estado/límites: 0
Validadas DRY RUN: 0
Nuevas órdenes: 0
Operaciones cerradas sincronizadas: 0
Errores: 0
Duración del ciclo: 0.02s
Intervalo objetivo: 30s
Próximo ciclo en: 29.98s
----------------------------------------------------------------------------------------

========================================================================================
CICLO #0016 | 2026-09-03 13:32:28 UTC | símbolos=5
========================================================================================
[01/05] START Jump 10 Index
[01/05] END   Jump 10 Index | 0.02s | ARPS REGIME BLOCKED
    Motivo: SIN_TENDENCIA_M15
[02/05] START Jump 100 Index
[02/05] END   Jump 100 Index | 0.03s | ARPS WAITING SETUP
    Motivo: m5_atr_regime,m5_structure_break,m1_rejection,m1_follow_through,m1_strong_close
[03/05] START Jump 25 Index
[03/05] END   Jump 25 Index | 0.02s | ARPS REGIME BLOCKED
    Motivo: SIN_TENDENCIA_M15
[04/05] START Jump 50 Index
[04/05] END   Jump 50 Index | 0.02s | ARPS WAITING SETUP
    Motivo: m5_atr_regime,m5_structure_break,m5_pullback,m1_rejection,m1_follow_through
[05/05] START Jump 75 Index
[05/05] END   Jump 75 Index | 0.00s | INSTRUMENTO EN CUARENTENA DE RIESGO
    Motivo: cuarentena temporal por desviación marginal de ejecución
----------------------------------------------------------------------------------------
RESUMEN DEL CICLO #0016
Símbolos analizados: 5
Sin señal: 0
Esperando/otros: 5
Señales rechazadas: 0
Bloqueadas por estado/límites: 0
Validadas DRY RUN: 0
Nuevas órdenes: 0
Operaciones cerradas sincronizadas: 0
Errores: 0
Duración del ciclo: 0.15s
Intervalo objetivo: 30s
Próximo ciclo en: 29.85s
----------------------------------------------------------------------------------------

========================================================================================
CICLO #0017 | 2026-09-03 13:32:58 UTC | símbolos=0
========================================================================================
----------------------------------------------------------------------------------------
RESUMEN DEL CICLO #0017
Símbolos analizados: 0
Sin señal: 0
Esperando/otros: 0
Señales rechazadas: 0
Bloqueadas por estado/límites: 0
Validadas DRY RUN: 0
Nuevas órdenes: 0
Operaciones cerradas sincronizadas: 0
Errores: 0
Duración del ciclo: 0.02s
Intervalo objetivo: 30s
Próximo ciclo en: 29.98s
----------------------------------------------------------------------------------------

========================================================================================
CICLO #0018 | 2026-09-03 13:33:28 UTC | símbolos=5
========================================================================================
[01/05] START Jump 10 Index
[01/05] END   Jump 10 Index | 0.03s | ARPS REGIME BLOCKED
    Motivo: SIN_TENDENCIA_M15
[02/05] START Jump 100 Index
[02/05] END   Jump 100 Index | 0.04s | ARPS WAITING SETUP
    Motivo: m5_atr_regime,m5_structure_break,m1_rejection,m1_follow_through
[03/05] START Jump 25 Index
[03/05] END   Jump 25 Index | 0.02s | ARPS REGIME BLOCKED
    Motivo: SIN_TENDENCIA_M15
[04/05] START Jump 50 Index
[04/05] END   Jump 50 Index | 0.03s | ARPS WAITING SETUP
    Motivo: m5_atr_regime,m5_structure_break,m5_pullback,m1_rejection,m1_follow_through,m1_strong_close
[05/05] START Jump 75 Index
[05/05] END   Jump 75 Index | 0.00s | INSTRUMENTO EN CUARENTENA DE RIESGO
    Motivo: cuarentena temporal por desviación marginal de ejecución
----------------------------------------------------------------------------------------
RESUMEN DEL CICLO #0018
Símbolos analizados: 5
Sin señal: 0
Esperando/otros: 5
Señales rechazadas: 0
Bloqueadas por estado/límites: 0
Validadas DRY RUN: 0
Nuevas órdenes: 0
Operaciones cerradas sincronizadas: 0
Errores: 0
Duración del ciclo: 0.15s
Intervalo objetivo: 30s
Próximo ciclo en: 29.85s
----------------------------------------------------------------------------------------

========================================================================================
CICLO #0019 | 2026-09-03 13:33:58 UTC | símbolos=0
========================================================================================
----------------------------------------------------------------------------------------
RESUMEN DEL CICLO #0019
Símbolos analizados: 0
Sin señal: 0
Esperando/otros: 0
Señales rechazadas: 0
Bloqueadas por estado/límites: 0
Validadas DRY RUN: 0
Nuevas órdenes: 0
Operaciones cerradas sincronizadas: 0
Errores: 0
Duración del ciclo: 0.02s
Intervalo objetivo: 30s
Próximo ciclo en: 29.98s
----------------------------------------------------------------------------------------

========================================================================================
CICLO #0020 | 2026-09-03 13:34:28 UTC | símbolos=5
========================================================================================
[01/05] START Jump 10 Index
[01/05] END   Jump 10 Index | 0.02s | ARPS REGIME BLOCKED
    Motivo: SIN_TENDENCIA_M15
[02/05] START Jump 100 Index
[02/05] END   Jump 100 Index | 0.03s | ARPS WAITING SETUP
    Motivo: m5_atr_regime,m5_structure_break,m1_rejection,m1_follow_through,m1_strong_close
[03/05] START Jump 25 Index
[03/05] END   Jump 25 Index | 0.02s | ARPS REGIME BLOCKED
    Motivo: SIN_TENDENCIA_M15
[04/05] START Jump 50 Index
[04/05] END   Jump 50 Index | 0.02s | ARPS WAITING SETUP
    Motivo: m5_atr_regime,m5_structure_break,m5_pullback,m1_rejection,m1_follow_through,m1_strong_close
[05/05] START Jump 75 Index
[05/05] END   Jump 75 Index | 0.00s | INSTRUMENTO EN CUARENTENA DE RIESGO
    Motivo: cuarentena temporal por desviación marginal de ejecución
----------------------------------------------------------------------------------------
RESUMEN DEL CICLO #0020
Símbolos analizados: 5
Sin señal: 0
Esperando/otros: 5
Señales rechazadas: 0
Bloqueadas por estado/límites: 0
Validadas DRY RUN: 0
Nuevas órdenes: 0
Operaciones cerradas sincronizadas: 0
Errores: 0
Duración del ciclo: 0.13s
Intervalo objetivo: 30s
Próximo ciclo en: 29.87s
----------------------------------------------------------------------------------------

========================================================================================
CICLO #0021 | 2026-09-03 13:34:58 UTC | símbolos=0
========================================================================================
----------------------------------------------------------------------------------------
RESUMEN DEL CICLO #0021
Símbolos analizados: 0
Sin señal: 0
Esperando/otros: 0
Señales rechazadas: 0
Bloqueadas por estado/límites: 0
Validadas DRY RUN: 0
Nuevas órdenes: 0
Operaciones cerradas sincronizadas: 0
Errores: 0
Duración del ciclo: 0.02s
Intervalo objetivo: 30s
Próximo ciclo en: 29.98s
----------------------------------------------------------------------------------------

========================================================================================
CICLO #0022 | 2026-09-03 13:35:28 UTC | símbolos=5
========================================================================================
[01/05] START Jump 10 Index
[01/05] END   Jump 10 Index | 0.03s | ARPS REGIME BLOCKED
    Motivo: SIN_TENDENCIA_M15
[02/05] START Jump 100 Index
[02/05] END   Jump 100 Index | 0.04s | ARPS WAITING SETUP
    Motivo: m5_atr_regime,m5_structure_break,m1_rejection,m1_strong_close
[03/05] START Jump 25 Index
[03/05] END   Jump 25 Index | 0.03s | ARPS REGIME BLOCKED
    Motivo: SIN_TENDENCIA_M15
[04/05] START Jump 50 Index
[04/05] END   Jump 50 Index | 0.03s | ARPS WAITING SETUP
    Motivo: m5_atr_regime,m5_structure_break,m5_pullback,m1_rejection
[05/05] START Jump 75 Index
[05/05] END   Jump 75 Index | 0.00s | INSTRUMENTO EN CUARENTENA DE RIESGO
    Motivo: cuarentena temporal por desviación marginal de ejecución
----------------------------------------------------------------------------------------
RESUMEN DEL CICLO #0022
Símbolos analizados: 5
Sin señal: 0
Esperando/otros: 5
Señales rechazadas: 0
Bloqueadas por estado/límites: 0
Validadas DRY RUN: 0
Nuevas órdenes: 0
Operaciones cerradas sincronizadas: 0
Errores: 0
Duración del ciclo: 0.20s
Intervalo objetivo: 30s
Próximo ciclo en: 29.80s
----------------------------------------------------------------------------------------

========================================================================================
CICLO #0023 | 2026-09-03 13:35:58 UTC | símbolos=0
========================================================================================
----------------------------------------------------------------------------------------
RESUMEN DEL CICLO #0023
Símbolos analizados: 0
Sin señal: 0
Esperando/otros: 0
Señales rechazadas: 0
Bloqueadas por estado/límites: 0
Validadas DRY RUN: 0
Nuevas órdenes: 0
Operaciones cerradas sincronizadas: 0
Errores: 0
Duración del ciclo: 0.02s
Intervalo objetivo: 30s
Próximo ciclo en: 29.98s
----------------------------------------------------------------------------------------

========================================================================================
CICLO #0024 | 2026-09-03 13:36:28 UTC | símbolos=5
========================================================================================
[01/05] START Jump 10 Index
[01/05] END   Jump 10 Index | 0.03s | ARPS REGIME BLOCKED
    Motivo: SIN_TENDENCIA_M15
[02/05] START Jump 100 Index
[02/05] END   Jump 100 Index | 0.03s | ARPS WAITING SETUP
    Motivo: m5_atr_regime,m5_structure_break,m1_follow_through
[03/05] START Jump 25 Index
[03/05] END   Jump 25 Index | 0.03s | ARPS REGIME BLOCKED
    Motivo: SIN_TENDENCIA_M15
[04/05] START Jump 50 Index
[04/05] END   Jump 50 Index | 0.03s | ARPS WAITING SETUP
    Motivo: m5_atr_regime,m5_structure_break,m5_pullback,m1_rejection
[05/05] START Jump 75 Index
[05/05] END   Jump 75 Index | 0.01s | INSTRUMENTO EN CUARENTENA DE RIESGO
    Motivo: cuarentena temporal por desviación marginal de ejecución
----------------------------------------------------------------------------------------
RESUMEN DEL CICLO #0024
Símbolos analizados: 5
Sin señal: 0
Esperando/otros: 5
Señales rechazadas: 0
Bloqueadas por estado/límites: 0
Validadas DRY RUN: 0
Nuevas órdenes: 0
Operaciones cerradas sincronizadas: 0
Errores: 0
Duración del ciclo: 0.17s
Intervalo objetivo: 30s
Próximo ciclo en: 29.83s
----------------------------------------------------------------------------------------

========================================================================================
CICLO #0025 | 2026-09-03 13:36:58 UTC | símbolos=0
========================================================================================
----------------------------------------------------------------------------------------
RESUMEN DEL CICLO #0025
Símbolos analizados: 0
Sin señal: 0
Esperando/otros: 0
Señales rechazadas: 0
Bloqueadas por estado/límites: 0
Validadas DRY RUN: 0
Nuevas órdenes: 0
Operaciones cerradas sincronizadas: 0
Errores: 0
Duración del ciclo: 0.03s
Intervalo objetivo: 30s
Próximo ciclo en: 29.97s
----------------------------------------------------------------------------------------

========================================================================================
CICLO #0026 | 2026-09-03 13:37:28 UTC | símbolos=5
========================================================================================
[01/05] START Jump 10 Index
[01/05] END   Jump 10 Index | 0.02s | ARPS REGIME BLOCKED
    Motivo: SIN_TENDENCIA_M15
[02/05] START Jump 100 Index
[02/05] END   Jump 100 Index | 0.03s | ARPS WAITING SETUP
    Motivo: m5_atr_regime,m5_structure_break,m1_rejection,m1_follow_through
[03/05] START Jump 25 Index
[03/05] END   Jump 25 Index | 0.02s | ARPS REGIME BLOCKED
    Motivo: SIN_TENDENCIA_M15
[04/05] START Jump 50 Index
[04/05] END   Jump 50 Index | 0.03s | ARPS WAITING SETUP
    Motivo: m5_atr_regime,m5_structure_break,m5_pullback,m1_rejection,m1_strong_close
[05/05] START Jump 75 Index
[05/05] END   Jump 75 Index | 0.00s | INSTRUMENTO EN CUARENTENA DE RIESGO
    Motivo: cuarentena temporal por desviación marginal de ejecución
----------------------------------------------------------------------------------------
RESUMEN DEL CICLO #0026
Símbolos analizados: 5
Sin señal: 0
Esperando/otros: 5
Señales rechazadas: 0
Bloqueadas por estado/límites: 0
Validadas DRY RUN: 0
Nuevas órdenes: 0
Operaciones cerradas sincronizadas: 0
Errores: 0
Duración del ciclo: 0.14s
Intervalo objetivo: 30s
Próximo ciclo en: 29.86s
----------------------------------------------------------------------------------------

========================================================================================
CICLO #0027 | 2026-09-03 13:37:58 UTC | símbolos=0
========================================================================================
----------------------------------------------------------------------------------------
RESUMEN DEL CICLO #0027
Símbolos analizados: 0
Sin señal: 0
Esperando/otros: 0
Señales rechazadas: 0
Bloqueadas por estado/límites: 0
Validadas DRY RUN: 0
Nuevas órdenes: 0
Operaciones cerradas sincronizadas: 0
Errores: 0
Duración del ciclo: 0.02s
Intervalo objetivo: 30s
Próximo ciclo en: 29.98s
----------------------------------------------------------------------------------------

========================================================================================
CICLO #0028 | 2026-09-03 13:38:28 UTC | símbolos=5
========================================================================================
[01/05] START Jump 10 Index
[01/05] END   Jump 10 Index | 0.03s | ARPS REGIME BLOCKED
    Motivo: SIN_TENDENCIA_M15
[02/05] START Jump 100 Index
[02/05] END   Jump 100 Index | 0.03s | ARPS WAITING SETUP
    Motivo: m5_atr_regime,m5_structure_break,m1_rejection
[03/05] START Jump 25 Index
[03/05] END   Jump 25 Index | 0.03s | ARPS REGIME BLOCKED
    Motivo: SIN_TENDENCIA_M15
[04/05] START Jump 50 Index
[04/05] END   Jump 50 Index | 0.03s | ARPS WAITING SETUP
    Motivo: m5_atr_regime,m5_structure_break,m5_pullback,m1_follow_through
[05/05] START Jump 75 Index
[05/05] END   Jump 75 Index | 0.00s | INSTRUMENTO EN CUARENTENA DE RIESGO
    Motivo: cuarentena temporal por desviación marginal de ejecución
----------------------------------------------------------------------------------------
RESUMEN DEL CICLO #0028
Símbolos analizados: 5
Sin señal: 0
Esperando/otros: 5
Señales rechazadas: 0
Bloqueadas por estado/límites: 0
Validadas DRY RUN: 0
Nuevas órdenes: 0
Operaciones cerradas sincronizadas: 0
Errores: 0
Duración del ciclo: 0.17s
Intervalo objetivo: 30s
Próximo ciclo en: 29.83s
----------------------------------------------------------------------------------------

========================================================================================
CICLO #0029 | 2026-09-03 13:38:58 UTC | símbolos=0
========================================================================================
----------------------------------------------------------------------------------------
RESUMEN DEL CICLO #0029
Símbolos analizados: 0
Sin señal: 0
Esperando/otros: 0
Señales rechazadas: 0
Bloqueadas por estado/límites: 0
Validadas DRY RUN: 0
Nuevas órdenes: 0
Operaciones cerradas sincronizadas: 0
Errores: 0
Duración del ciclo: 0.02s
Intervalo objetivo: 30s
Próximo ciclo en: 29.98s
----------------------------------------------------------------------------------------

========================================================================================
CICLO #0030 | 2026-09-03 13:39:28 UTC | símbolos=5
========================================================================================
[01/05] START Jump 10 Index
[01/05] END   Jump 10 Index | 0.02s | ARPS REGIME BLOCKED
    Motivo: SIN_TENDENCIA_M15
[02/05] START Jump 100 Index
[02/05] END   Jump 100 Index | 0.04s | ARPS WAITING SETUP
    Motivo: m5_atr_regime,m5_structure_break,m1_rejection,m1_follow_through,m1_strong_close
[03/05] START Jump 25 Index
[03/05] END   Jump 25 Index | 0.02s | ARPS REGIME BLOCKED
    Motivo: SIN_TENDENCIA_M15
[04/05] START Jump 50 Index
[04/05] END   Jump 50 Index | 0.03s | ARPS WAITING SETUP
    Motivo: m5_atr_regime,m5_structure_break,m5_pullback,m1_rejection
[05/05] START Jump 75 Index
[05/05] END   Jump 75 Index | 0.00s | INSTRUMENTO EN CUARENTENA DE RIESGO
    Motivo: cuarentena temporal por desviación marginal de ejecución
----------------------------------------------------------------------------------------
RESUMEN DEL CICLO #0030
Símbolos analizados: 5
Sin señal: 0
Esperando/otros: 5
Señales rechazadas: 0
Bloqueadas por estado/límites: 0
Validadas DRY RUN: 0
Nuevas órdenes: 0
Operaciones cerradas sincronizadas: 0
Errores: 0
Duración del ciclo: 0.17s
Intervalo objetivo: 30s
Próximo ciclo en: 29.83s
----------------------------------------------------------------------------------------

========================================================================================
CICLO #0031 | 2026-09-03 13:39:58 UTC | símbolos=0
========================================================================================
----------------------------------------------------------------------------------------
RESUMEN DEL CICLO #0031
Símbolos analizados: 0
Sin señal: 0
Esperando/otros: 0
Señales rechazadas: 0
Bloqueadas por estado/límites: 0
Validadas DRY RUN: 0
Nuevas órdenes: 0
Operaciones cerradas sincronizadas: 0
Errores: 0
Duración del ciclo: 0.02s
Intervalo objetivo: 30s
Próximo ciclo en: 29.98s
----------------------------------------------------------------------------------------

========================================================================================
CICLO #0032 | 2026-09-03 13:40:28 UTC | símbolos=5
========================================================================================
[01/05] START Jump 10 Index
[01/05] END   Jump 10 Index | 0.04s | ARPS REGIME BLOCKED
    Motivo: SIN_TENDENCIA_M15
[02/05] START Jump 100 Index
[02/05] END   Jump 100 Index | 0.03s | ARPS WAITING SETUP
    Motivo: m5_atr_regime,m5_structure_break,m5_pullback,m1_rejection,m1_follow_through,m1_strong_close
[03/05] START Jump 25 Index
[03/05] END   Jump 25 Index | 0.03s | ARPS REGIME BLOCKED
    Motivo: SIN_TENDENCIA_M15
[04/05] START Jump 50 Index
[04/05] END   Jump 50 Index | 0.03s | ARPS WAITING SETUP
    Motivo: m5_atr_regime,m5_structure_break,m1_rejection,m1_strong_close
[05/05] START Jump 75 Index
[05/05] END   Jump 75 Index | 0.01s | INSTRUMENTO EN CUARENTENA DE RIESGO
    Motivo: cuarentena temporal por desviación marginal de ejecución
----------------------------------------------------------------------------------------
RESUMEN DEL CICLO #0032
Símbolos analizados: 5
Sin señal: 0
Esperando/otros: 5
Señales rechazadas: 0
Bloqueadas por estado/límites: 0
Validadas DRY RUN: 0
Nuevas órdenes: 0
Operaciones cerradas sincronizadas: 0
Errores: 0
Duración del ciclo: 0.18s
Intervalo objetivo: 30s
Próximo ciclo en: 29.82s
----------------------------------------------------------------------------------------

========================================================================================
CICLO #0033 | 2026-09-03 13:40:58 UTC | símbolos=0
========================================================================================
----------------------------------------------------------------------------------------
RESUMEN DEL CICLO #0033
Símbolos analizados: 0
Sin señal: 0
Esperando/otros: 0
Señales rechazadas: 0
Bloqueadas por estado/límites: 0
Validadas DRY RUN: 0
Nuevas órdenes: 0
Operaciones cerradas sincronizadas: 0
Errores: 0
Duración del ciclo: 0.05s
Intervalo objetivo: 30s
Próximo ciclo en: 29.95s
----------------------------------------------------------------------------------------

========================================================================================
CICLO #0034 | 2026-09-03 13:41:28 UTC | símbolos=5
========================================================================================
[01/05] START Jump 10 Index
[01/05] END   Jump 10 Index | 0.02s | ARPS REGIME BLOCKED
    Motivo: SIN_TENDENCIA_M15
[02/05] START Jump 100 Index
[02/05] END   Jump 100 Index | 0.02s | ARPS WAITING SETUP
    Motivo: m5_atr_regime,m5_structure_break,m5_pullback,m1_rejection,m1_strong_close
[03/05] START Jump 25 Index
[03/05] END   Jump 25 Index | 0.02s | ARPS REGIME BLOCKED
    Motivo: SIN_TENDENCIA_M15
[04/05] START Jump 50 Index
[04/05] END   Jump 50 Index | 0.03s | ARPS WAITING SETUP
    Motivo: m5_atr_regime,m5_structure_break,m1_rejection,m1_follow_through,m1_strong_close
[05/05] START Jump 75 Index
[05/05] END   Jump 75 Index | 0.00s | INSTRUMENTO EN CUARENTENA DE RIESGO
    Motivo: cuarentena temporal por desviación marginal de ejecución
----------------------------------------------------------------------------------------
RESUMEN DEL CICLO #0034
Símbolos analizados: 5
Sin señal: 0
Esperando/otros: 5
Señales rechazadas: 0
Bloqueadas por estado/límites: 0
Validadas DRY RUN: 0
Nuevas órdenes: 0
Operaciones cerradas sincronizadas: 0
Errores: 0
Duración del ciclo: 0.13s
Intervalo objetivo: 30s
Próximo ciclo en: 29.87s
----------------------------------------------------------------------------------------

========================================================================================
CICLO #0035 | 2026-09-03 13:41:58 UTC | símbolos=0
========================================================================================
----------------------------------------------------------------------------------------
RESUMEN DEL CICLO #0035
Símbolos analizados: 0
Sin señal: 0
Esperando/otros: 0
Señales rechazadas: 0
Bloqueadas por estado/límites: 0
Validadas DRY RUN: 0
Nuevas órdenes: 0
Operaciones cerradas sincronizadas: 0
Errores: 0
Duración del ciclo: 0.02s
Intervalo objetivo: 30s
Próximo ciclo en: 29.98s
----------------------------------------------------------------------------------------

========================================================================================
CICLO #0036 | 2026-09-03 13:42:28 UTC | símbolos=5
========================================================================================
[01/05] START Jump 10 Index
[01/05] END   Jump 10 Index | 0.02s | ARPS REGIME BLOCKED
    Motivo: SIN_TENDENCIA_M15
[02/05] START Jump 100 Index
[02/05] END   Jump 100 Index | 0.03s | ARPS WAITING SETUP
    Motivo: m5_atr_regime,m5_structure_break,m5_pullback,m1_strong_close
[03/05] START Jump 25 Index
[03/05] END   Jump 25 Index | 0.02s | ARPS REGIME BLOCKED
    Motivo: SIN_TENDENCIA_M15
[04/05] START Jump 50 Index
[04/05] END   Jump 50 Index | 0.03s | ARPS WAITING SETUP
    Motivo: m5_atr_regime,m5_structure_break,m1_rejection,m1_strong_close
[05/05] START Jump 75 Index
[05/05] END   Jump 75 Index | 0.00s | INSTRUMENTO EN CUARENTENA DE RIESGO
    Motivo: cuarentena temporal por desviación marginal de ejecución
----------------------------------------------------------------------------------------
RESUMEN DEL CICLO #0036
Símbolos analizados: 5
Sin señal: 0
Esperando/otros: 5
Señales rechazadas: 0
Bloqueadas por estado/límites: 0
Validadas DRY RUN: 0
Nuevas órdenes: 0
Operaciones cerradas sincronizadas: 0
Errores: 0
Duración del ciclo: 0.14s
Intervalo objetivo: 30s
Próximo ciclo en: 29.86s
----------------------------------------------------------------------------------------

========================================================================================
CICLO #0037 | 2026-09-03 13:42:58 UTC | símbolos=0
========================================================================================
----------------------------------------------------------------------------------------
RESUMEN DEL CICLO #0037
Símbolos analizados: 0
Sin señal: 0
Esperando/otros: 0
Señales rechazadas: 0
Bloqueadas por estado/límites: 0
Validadas DRY RUN: 0
Nuevas órdenes: 0
Operaciones cerradas sincronizadas: 0
Errores: 0
Duración del ciclo: 0.02s
Intervalo objetivo: 30s
Próximo ciclo en: 29.98s
----------------------------------------------------------------------------------------

========================================================================================
CICLO #0038 | 2026-09-03 13:43:28 UTC | símbolos=5
========================================================================================
[01/05] START Jump 10 Index
[01/05] END   Jump 10 Index | 0.02s | ARPS REGIME BLOCKED
    Motivo: SIN_TENDENCIA_M15
[02/05] START Jump 100 Index
[02/05] END   Jump 100 Index | 0.03s | ARPS WAITING SETUP
    Motivo: m5_atr_regime,m5_structure_break,m5_pullback,m1_strong_close
[03/05] START Jump 25 Index
[03/05] END   Jump 25 Index | 0.02s | ARPS REGIME BLOCKED
    Motivo: SIN_TENDENCIA_M15
[04/05] START Jump 50 Index
[04/05] END   Jump 50 Index | 0.03s | ARPS WAITING SETUP
    Motivo: m5_atr_regime,m5_structure_break,m1_strong_close
[05/05] START Jump 75 Index
[05/05] END   Jump 75 Index | 0.00s | INSTRUMENTO EN CUARENTENA DE RIESGO
    Motivo: cuarentena temporal por desviación marginal de ejecución
----------------------------------------------------------------------------------------
RESUMEN DEL CICLO #0038
Símbolos analizados: 5
Sin señal: 0
Esperando/otros: 5
Señales rechazadas: 0
Bloqueadas por estado/límites: 0
Validadas DRY RUN: 0
Nuevas órdenes: 0
Operaciones cerradas sincronizadas: 0
Errores: 0
Duración del ciclo: 0.13s
Intervalo objetivo: 30s
Próximo ciclo en: 29.87s
----------------------------------------------------------------------------------------

========================================================================================
CICLO #0039 | 2026-09-03 13:43:58 UTC | símbolos=0
========================================================================================
----------------------------------------------------------------------------------------
RESUMEN DEL CICLO #0039
Símbolos analizados: 0
Sin señal: 0
Esperando/otros: 0
Señales rechazadas: 0
Bloqueadas por estado/límites: 0
Validadas DRY RUN: 0
Nuevas órdenes: 0
Operaciones cerradas sincronizadas: 0
Errores: 0
Duración del ciclo: 0.02s
Intervalo objetivo: 30s
Próximo ciclo en: 29.98s
----------------------------------------------------------------------------------------

========================================================================================
CICLO #0040 | 2026-09-03 13:44:28 UTC | símbolos=5
========================================================================================
[01/05] START Jump 10 Index
[01/05] END   Jump 10 Index | 0.02s | ARPS REGIME BLOCKED
    Motivo: SIN_TENDENCIA_M15
[02/05] START Jump 100 Index
[02/05] END   Jump 100 Index | 0.03s | ARPS WAITING SETUP
    Motivo: m5_atr_regime,m5_structure_break,m5_pullback,m1_follow_through,m1_strong_close
[03/05] START Jump 25 Index
[03/05] END   Jump 25 Index | 0.02s | ARPS REGIME BLOCKED
    Motivo: SIN_TENDENCIA_M15
[04/05] START Jump 50 Index
[04/05] END   Jump 50 Index | 0.03s | ARPS WAITING SETUP
    Motivo: m5_atr_regime,m5_structure_break,m1_follow_through,m1_strong_close
[05/05] START Jump 75 Index
[05/05] END   Jump 75 Index | 0.00s | INSTRUMENTO EN CUARENTENA DE RIESGO
    Motivo: cuarentena temporal por desviación marginal de ejecución
----------------------------------------------------------------------------------------
RESUMEN DEL CICLO #0040
Símbolos analizados: 5
Sin señal: 0
Esperando/otros: 5
Señales rechazadas: 0
Bloqueadas por estado/límites: 0
Validadas DRY RUN: 0
Nuevas órdenes: 0
Operaciones cerradas sincronizadas: 0
Errores: 0
Duración del ciclo: 0.13s
Intervalo objetivo: 30s
Próximo ciclo en: 29.87s
----------------------------------------------------------------------------------------

========================================================================================
CICLO #0041 | 2026-09-03 13:44:58 UTC | símbolos=0
========================================================================================
----------------------------------------------------------------------------------------
RESUMEN DEL CICLO #0041
Símbolos analizados: 0
Sin señal: 0
Esperando/otros: 0
Señales rechazadas: 0
Bloqueadas por estado/límites: 0
Validadas DRY RUN: 0
Nuevas órdenes: 0
Operaciones cerradas sincronizadas: 0
Errores: 0
Duración del ciclo: 0.02s
Intervalo objetivo: 30s
Próximo ciclo en: 29.98s
----------------------------------------------------------------------------------------

========================================================================================
CICLO #0042 | 2026-09-03 13:45:28 UTC | símbolos=5
========================================================================================
[01/05] START Jump 10 Index
[01/05] END   Jump 10 Index | 0.03s | ARPS REGIME BLOCKED
    Motivo: SIN_TENDENCIA_M15
[02/05] START Jump 100 Index
[02/05] END   Jump 100 Index | 0.04s | ARPS WAITING SETUP
    Motivo: m5_atr_regime,m5_structure_break,m1_rejection
[03/05] START Jump 25 Index
[03/05] END   Jump 25 Index | 0.03s | ARPS REGIME BLOCKED
    Motivo: SIN_TENDENCIA_M15
[04/05] START Jump 50 Index
[04/05] END   Jump 50 Index | 0.04s | ARPS WAITING SETUP
    Motivo: m5_atr_regime,m5_structure_break
[05/05] START Jump 75 Index
[05/05] END   Jump 75 Index | 0.01s | INSTRUMENTO EN CUARENTENA DE RIESGO
    Motivo: cuarentena temporal por desviación marginal de ejecución
----------------------------------------------------------------------------------------
RESUMEN DEL CICLO #0042
Símbolos analizados: 5
Sin señal: 0
Esperando/otros: 5
Señales rechazadas: 0
Bloqueadas por estado/límites: 0
Validadas DRY RUN: 0
Nuevas órdenes: 0
Operaciones cerradas sincronizadas: 0
Errores: 0
Duración del ciclo: 0.19s
Intervalo objetivo: 30s
Próximo ciclo en: 29.81s
----------------------------------------------------------------------------------------

========================================================================================
CICLO #0043 | 2026-09-03 13:45:58 UTC | símbolos=0
========================================================================================
----------------------------------------------------------------------------------------
RESUMEN DEL CICLO #0043
Símbolos analizados: 0
Sin señal: 0
Esperando/otros: 0
Señales rechazadas: 0
Bloqueadas por estado/límites: 0
Validadas DRY RUN: 0
Nuevas órdenes: 0
Operaciones cerradas sincronizadas: 0
Errores: 0
Duración del ciclo: 0.02s
Intervalo objetivo: 30s
Próximo ciclo en: 29.98s
----------------------------------------------------------------------------------------

========================================================================================
CICLO #0044 | 2026-09-03 13:46:28 UTC | símbolos=5
========================================================================================
[01/05] START Jump 10 Index
[01/05] END   Jump 10 Index | 0.02s | ARPS REGIME BLOCKED
    Motivo: SIN_TENDENCIA_M15
[02/05] START Jump 100 Index
[02/05] END   Jump 100 Index | 0.02s | ARPS WAITING SETUP
    Motivo: m5_atr_regime,m5_structure_break,m1_rejection,m1_follow_through
[03/05] START Jump 25 Index
[03/05] END   Jump 25 Index | 0.02s | ARPS REGIME BLOCKED
    Motivo: SIN_TENDENCIA_M15
[04/05] START Jump 50 Index
[04/05] END   Jump 50 Index | 0.02s | ARPS WAITING SETUP
    Motivo: m5_atr_regime,m5_structure_break,m1_rejection,m1_follow_through,m1_strong_close
[05/05] START Jump 75 Index
[05/05] END   Jump 75 Index | 0.00s | INSTRUMENTO EN CUARENTENA DE RIESGO
    Motivo: cuarentena temporal por desviación marginal de ejecución
----------------------------------------------------------------------------------------
RESUMEN DEL CICLO #0044
Símbolos analizados: 5
Sin señal: 0
Esperando/otros: 5
Señales rechazadas: 0
Bloqueadas por estado/límites: 0
Validadas DRY RUN: 0
Nuevas órdenes: 0
Operaciones cerradas sincronizadas: 0
Errores: 0
Duración del ciclo: 0.11s
Intervalo objetivo: 30s
Próximo ciclo en: 29.89s
----------------------------------------------------------------------------------------

========================================================================================
CICLO #0045 | 2026-09-03 13:46:58 UTC | símbolos=0
========================================================================================
----------------------------------------------------------------------------------------
RESUMEN DEL CICLO #0045
Símbolos analizados: 0
Sin señal: 0
Esperando/otros: 0
Señales rechazadas: 0
Bloqueadas por estado/límites: 0
Validadas DRY RUN: 0
Nuevas órdenes: 0
Operaciones cerradas sincronizadas: 0
Errores: 0
Duración del ciclo: 0.02s
Intervalo objetivo: 30s
Próximo ciclo en: 29.98s
----------------------------------------------------------------------------------------

========================================================================================
CICLO #0046 | 2026-09-03 13:47:28 UTC | símbolos=5
========================================================================================
[01/05] START Jump 10 Index
[01/05] END   Jump 10 Index | 0.02s | ARPS REGIME BLOCKED
    Motivo: SIN_TENDENCIA_M15
[02/05] START Jump 100 Index
[02/05] END   Jump 100 Index | 0.03s | ARPS WAITING SETUP
    Motivo: m5_atr_regime,m5_structure_break,m1_rejection
[03/05] START Jump 25 Index
[03/05] END   Jump 25 Index | 0.02s | ARPS REGIME BLOCKED
    Motivo: SIN_TENDENCIA_M15
[04/05] START Jump 50 Index
[04/05] END   Jump 50 Index | 0.03s | ARPS WAITING SETUP
    Motivo: m5_atr_regime,m5_structure_break,m1_rejection,m1_follow_through,m1_strong_close
[05/05] START Jump 75 Index
[05/05] END   Jump 75 Index | 0.00s | INSTRUMENTO EN CUARENTENA DE RIESGO
    Motivo: cuarentena temporal por desviación marginal de ejecución
----------------------------------------------------------------------------------------
RESUMEN DEL CICLO #0046
Símbolos analizados: 5
Sin señal: 0
Esperando/otros: 5
Señales rechazadas: 0
Bloqueadas por estado/límites: 0
Validadas DRY RUN: 0
Nuevas órdenes: 0
Operaciones cerradas sincronizadas: 0
Errores: 0
Duración del ciclo: 0.13s
Intervalo objetivo: 30s
Próximo ciclo en: 29.87s
----------------------------------------------------------------------------------------

========================================================================================
CICLO #0047 | 2026-09-03 13:47:58 UTC | símbolos=0
========================================================================================
----------------------------------------------------------------------------------------
RESUMEN DEL CICLO #0047
Símbolos analizados: 0
Sin señal: 0
Esperando/otros: 0
Señales rechazadas: 0
Bloqueadas por estado/límites: 0
Validadas DRY RUN: 0
Nuevas órdenes: 0
Operaciones cerradas sincronizadas: 0
Errores: 0
Duración del ciclo: 0.02s
Intervalo objetivo: 30s
Próximo ciclo en: 29.98s
----------------------------------------------------------------------------------------

========================================================================================
CICLO #0048 | 2026-09-03 13:48:28 UTC | símbolos=5
========================================================================================
[01/05] START Jump 10 Index
[01/05] END   Jump 10 Index | 0.02s | ARPS REGIME BLOCKED
    Motivo: SIN_TENDENCIA_M15
[02/05] START Jump 100 Index
[02/05] END   Jump 100 Index | 0.02s | ARPS WAITING SETUP
    Motivo: m5_atr_regime,m5_structure_break,m1_rejection
[03/05] START Jump 25 Index
[03/05] END   Jump 25 Index | 0.02s | ARPS REGIME BLOCKED
    Motivo: SIN_TENDENCIA_M15
[04/05] START Jump 50 Index
[04/05] END   Jump 50 Index | 0.03s | ARPS WAITING SETUP
    Motivo: m5_atr_regime,m5_structure_break,m1_rejection,m1_follow_through
[05/05] START Jump 75 Index
[05/05] END   Jump 75 Index | 0.00s | INSTRUMENTO EN CUARENTENA DE RIESGO
    Motivo: cuarentena temporal por desviación marginal de ejecución
----------------------------------------------------------------------------------------
RESUMEN DEL CICLO #0048
Símbolos analizados: 5
Sin señal: 0
Esperando/otros: 5
Señales rechazadas: 0
Bloqueadas por estado/límites: 0
Validadas DRY RUN: 0
Nuevas órdenes: 0
Operaciones cerradas sincronizadas: 0
Errores: 0
Duración del ciclo: 0.13s
Intervalo objetivo: 30s
Próximo ciclo en: 29.87s
----------------------------------------------------------------------------------------

========================================================================================
CICLO #0049 | 2026-09-03 13:48:58 UTC | símbolos=0
========================================================================================
----------------------------------------------------------------------------------------
RESUMEN DEL CICLO #0049
Símbolos analizados: 0
Sin señal: 0
Esperando/otros: 0
Señales rechazadas: 0
Bloqueadas por estado/límites: 0
Validadas DRY RUN: 0
Nuevas órdenes: 0
Operaciones cerradas sincronizadas: 0
Errores: 0
Duración del ciclo: 0.02s
Intervalo objetivo: 30s
Próximo ciclo en: 29.98s
----------------------------------------------------------------------------------------

========================================================================================
CICLO #0050 | 2026-09-03 13:49:28 UTC | símbolos=5
========================================================================================
[01/05] START Jump 10 Index
[01/05] END   Jump 10 Index | 0.02s | ARPS REGIME BLOCKED
    Motivo: SIN_TENDENCIA_M15
[02/05] START Jump 100 Index
[02/05] END   Jump 100 Index | 0.02s | ARPS WAITING SETUP
    Motivo: m5_atr_regime,m5_structure_break,m1_rejection,m1_strong_close
[03/05] START Jump 25 Index
[03/05] END   Jump 25 Index | 0.02s | ARPS REGIME BLOCKED
    Motivo: SIN_TENDENCIA_M15
[04/05] START Jump 50 Index
[04/05] END   Jump 50 Index | 0.02s | ARPS WAITING SETUP
    Motivo: m5_atr_regime,m5_structure_break,m1_rejection,m1_follow_through
[05/05] START Jump 75 Index
[05/05] END   Jump 75 Index | 0.00s | INSTRUMENTO EN CUARENTENA DE RIESGO
    Motivo: cuarentena temporal por desviación marginal de ejecución
----------------------------------------------------------------------------------------
RESUMEN DEL CICLO #0050
Símbolos analizados: 5
Sin señal: 0
Esperando/otros: 5
Señales rechazadas: 0
Bloqueadas por estado/límites: 0
Validadas DRY RUN: 0
Nuevas órdenes: 0
Operaciones cerradas sincronizadas: 0
Errores: 0
Duración del ciclo: 0.12s
Intervalo objetivo: 30s
Próximo ciclo en: 29.88s
----------------------------------------------------------------------------------------

========================================================================================
CICLO #0051 | 2026-09-03 13:49:58 UTC | símbolos=0
========================================================================================
----------------------------------------------------------------------------------------
RESUMEN DEL CICLO #0051
Símbolos analizados: 0
Sin señal: 0
Esperando/otros: 0
Señales rechazadas: 0
Bloqueadas por estado/límites: 0
Validadas DRY RUN: 0
Nuevas órdenes: 0
Operaciones cerradas sincronizadas: 0
Errores: 0
Duración del ciclo: 0.02s
Intervalo objetivo: 30s
Próximo ciclo en: 29.98s
----------------------------------------------------------------------------------------

========================================================================================
CICLO #0052 | 2026-09-03 13:50:28 UTC | símbolos=5
========================================================================================
[01/05] START Jump 10 Index
[01/05] END   Jump 10 Index | 0.02s | ARPS REGIME BLOCKED
    Motivo: SIN_TENDENCIA_M15
[02/05] START Jump 100 Index
[02/05] END   Jump 100 Index | 0.03s | ARPS WAITING SETUP
    Motivo: m5_atr_regime,m5_structure_break,m1_follow_through
[03/05] START Jump 25 Index
[03/05] END   Jump 25 Index | 0.02s | ARPS REGIME BLOCKED
    Motivo: SIN_TENDENCIA_M15
[04/05] START Jump 50 Index
[04/05] END   Jump 50 Index | 0.03s | ARPS WAITING SETUP
    Motivo: m5_atr_regime,m5_structure_break,m1_rejection
[05/05] START Jump 75 Index
[05/05] END   Jump 75 Index | 0.00s | INSTRUMENTO EN CUARENTENA DE RIESGO
    Motivo: cuarentena temporal por desviación marginal de ejecución
----------------------------------------------------------------------------------------
RESUMEN DEL CICLO #0052
Símbolos analizados: 5
Sin señal: 0
Esperando/otros: 5
Señales rechazadas: 0
Bloqueadas por estado/límites: 0
Validadas DRY RUN: 0
Nuevas órdenes: 0
Operaciones cerradas sincronizadas: 0
Errores: 0
Duración del ciclo: 0.15s
Intervalo objetivo: 30s
Próximo ciclo en: 29.85s
----------------------------------------------------------------------------------------

========================================================================================
CICLO #0053 | 2026-09-03 13:50:58 UTC | símbolos=0
========================================================================================
----------------------------------------------------------------------------------------
RESUMEN DEL CICLO #0053
Símbolos analizados: 0
Sin señal: 0
Esperando/otros: 0
Señales rechazadas: 0
Bloqueadas por estado/límites: 0
Validadas DRY RUN: 0
Nuevas órdenes: 0
Operaciones cerradas sincronizadas: 0
Errores: 0
Duración del ciclo: 0.02s
Intervalo objetivo: 30s
Próximo ciclo en: 29.98s
----------------------------------------------------------------------------------------

========================================================================================
CICLO #0054 | 2026-09-03 13:51:28 UTC | símbolos=5
========================================================================================
[01/05] START Jump 10 Index
[01/05] END   Jump 10 Index | 0.03s | ARPS REGIME BLOCKED
    Motivo: SIN_TENDENCIA_M15
[02/05] START Jump 100 Index
[02/05] END   Jump 100 Index | 0.02s | ARPS WAITING SETUP
    Motivo: m5_atr_regime,m5_structure_break,m1_rejection,m1_strong_close
[03/05] START Jump 25 Index
[03/05] END   Jump 25 Index | 0.02s | ARPS REGIME BLOCKED
    Motivo: SIN_TENDENCIA_M15
[04/05] START Jump 50 Index
[04/05] END   Jump 50 Index | 0.03s | ARPS WAITING SETUP
    Motivo: m5_atr_regime,m5_structure_break,m1_rejection,m1_strong_close
[05/05] START Jump 75 Index
[05/05] END   Jump 75 Index | 0.00s | INSTRUMENTO EN CUARENTENA DE RIESGO
    Motivo: cuarentena temporal por desviación marginal de ejecución
----------------------------------------------------------------------------------------
RESUMEN DEL CICLO #0054
Símbolos analizados: 5
Sin señal: 0
Esperando/otros: 5
Señales rechazadas: 0
Bloqueadas por estado/límites: 0
Validadas DRY RUN: 0
Nuevas órdenes: 0
Operaciones cerradas sincronizadas: 0
Errores: 0
Duración del ciclo: 0.14s
Intervalo objetivo: 30s
Próximo ciclo en: 29.86s
----------------------------------------------------------------------------------------

========================================================================================
CICLO #0055 | 2026-09-03 13:51:58 UTC | símbolos=0
========================================================================================
----------------------------------------------------------------------------------------
RESUMEN DEL CICLO #0055
Símbolos analizados: 0
Sin señal: 0
Esperando/otros: 0
Señales rechazadas: 0
Bloqueadas por estado/límites: 0
Validadas DRY RUN: 0
Nuevas órdenes: 0
Operaciones cerradas sincronizadas: 0
Errores: 0
Duración del ciclo: 0.02s
Intervalo objetivo: 30s
Próximo ciclo en: 29.98s
----------------------------------------------------------------------------------------

========================================================================================
CICLO #0056 | 2026-09-03 13:52:28 UTC | símbolos=5
========================================================================================
[01/05] START Jump 10 Index
[01/05] END   Jump 10 Index | 0.02s | ARPS REGIME BLOCKED
    Motivo: SIN_TENDENCIA_M15
[02/05] START Jump 100 Index
[02/05] END   Jump 100 Index | 0.03s | ARPS WAITING SETUP
    Motivo: m5_atr_regime,m5_structure_break,m1_rejection,m1_follow_through
[03/05] START Jump 25 Index
[03/05] END   Jump 25 Index | 0.03s | ARPS REGIME BLOCKED
    Motivo: SIN_TENDENCIA_M15
[04/05] START Jump 50 Index
[04/05] END   Jump 50 Index | 0.03s | ARPS WAITING SETUP
    Motivo: m5_atr_regime,m5_structure_break,m1_rejection,m1_follow_through
[05/05] START Jump 75 Index
[05/05] END   Jump 75 Index | 0.00s | INSTRUMENTO EN CUARENTENA DE RIESGO
    Motivo: cuarentena temporal por desviación marginal de ejecución
----------------------------------------------------------------------------------------
RESUMEN DEL CICLO #0056
Símbolos analizados: 5
Sin señal: 0
Esperando/otros: 5
Señales rechazadas: 0
Bloqueadas por estado/límites: 0
Validadas DRY RUN: 0
Nuevas órdenes: 0
Operaciones cerradas sincronizadas: 0
Errores: 0
Duración del ciclo: 0.16s
Intervalo objetivo: 30s
Próximo ciclo en: 29.84s
----------------------------------------------------------------------------------------

========================================================================================
CICLO #0057 | 2026-09-03 13:52:58 UTC | símbolos=0
========================================================================================
----------------------------------------------------------------------------------------
RESUMEN DEL CICLO #0057
Símbolos analizados: 0
Sin señal: 0
Esperando/otros: 0
Señales rechazadas: 0
Bloqueadas por estado/límites: 0
Validadas DRY RUN: 0
Nuevas órdenes: 0
Operaciones cerradas sincronizadas: 0
Errores: 0
Duración del ciclo: 0.02s
Intervalo objetivo: 30s
Próximo ciclo en: 29.98s
----------------------------------------------------------------------------------------

========================================================================================
CICLO #0058 | 2026-09-03 13:53:28 UTC | símbolos=5
========================================================================================
[01/05] START Jump 10 Index
[01/05] END   Jump 10 Index | 0.02s | ARPS REGIME BLOCKED
    Motivo: SIN_TENDENCIA_M15
[02/05] START Jump 100 Index
[02/05] END   Jump 100 Index | 0.02s | ARPS WAITING SETUP
    Motivo: m5_atr_regime,m5_structure_break,m1_rejection,m1_follow_through
[03/05] START Jump 25 Index
[03/05] END   Jump 25 Index | 0.02s | ARPS REGIME BLOCKED
    Motivo: SIN_TENDENCIA_M15
[04/05] START Jump 50 Index
[04/05] END   Jump 50 Index | 0.02s | ARPS WAITING SETUP
    Motivo: m5_atr_regime,m5_structure_break,m1_rejection
[05/05] START Jump 75 Index
[05/05] END   Jump 75 Index | 0.00s | INSTRUMENTO EN CUARENTENA DE RIESGO
    Motivo: cuarentena temporal por desviación marginal de ejecución
----------------------------------------------------------------------------------------
RESUMEN DEL CICLO #0058
Símbolos analizados: 5
Sin señal: 0
Esperando/otros: 5
Señales rechazadas: 0
Bloqueadas por estado/límites: 0
Validadas DRY RUN: 0
Nuevas órdenes: 0
Operaciones cerradas sincronizadas: 0
Errores: 0
Duración del ciclo: 0.11s
Intervalo objetivo: 30s
Próximo ciclo en: 29.89s
----------------------------------------------------------------------------------------

========================================================================================
CICLO #0059 | 2026-09-03 13:53:58 UTC | símbolos=0
========================================================================================
----------------------------------------------------------------------------------------
RESUMEN DEL CICLO #0059
Símbolos analizados: 0
Sin señal: 0
Esperando/otros: 0
Señales rechazadas: 0
Bloqueadas por estado/límites: 0
Validadas DRY RUN: 0
Nuevas órdenes: 0
Operaciones cerradas sincronizadas: 0
Errores: 0
Duración del ciclo: 0.02s
Intervalo objetivo: 30s
Próximo ciclo en: 29.98s
----------------------------------------------------------------------------------------

========================================================================================
CICLO #0060 | 2026-09-03 13:54:28 UTC | símbolos=5
========================================================================================
[01/05] START Jump 10 Index
[01/05] END   Jump 10 Index | 0.02s | ARPS REGIME BLOCKED
    Motivo: SIN_TENDENCIA_M15
[02/05] START Jump 100 Index
[02/05] END   Jump 100 Index | 0.02s | ARPS WAITING SETUP
    Motivo: m5_atr_regime,m5_structure_break,m1_rejection
[03/05] START Jump 25 Index
[03/05] END   Jump 25 Index | 0.02s | ARPS REGIME BLOCKED
    Motivo: SIN_TENDENCIA_M15
[04/05] START Jump 50 Index
[04/05] END   Jump 50 Index | 0.03s | ARPS WAITING SETUP
    Motivo: m5_atr_regime,m5_structure_break
[05/05] START Jump 75 Index
[05/05] END   Jump 75 Index | 0.00s | INSTRUMENTO EN CUARENTENA DE RIESGO
    Motivo: cuarentena temporal por desviación marginal de ejecución
----------------------------------------------------------------------------------------
RESUMEN DEL CICLO #0060
Símbolos analizados: 5
Sin señal: 0
Esperando/otros: 5
Señales rechazadas: 0
Bloqueadas por estado/límites: 0
Validadas DRY RUN: 0
Nuevas órdenes: 0
Operaciones cerradas sincronizadas: 0
Errores: 0
Duración del ciclo: 0.13s
Intervalo objetivo: 30s
Próximo ciclo en: 29.87s
----------------------------------------------------------------------------------------

========================================================================================
CICLO #0061 | 2026-09-03 13:54:58 UTC | símbolos=0
========================================================================================
----------------------------------------------------------------------------------------
RESUMEN DEL CICLO #0061
Símbolos analizados: 0
Sin señal: 0
Esperando/otros: 0
Señales rechazadas: 0
Bloqueadas por estado/límites: 0
Validadas DRY RUN: 0
Nuevas órdenes: 0
Operaciones cerradas sincronizadas: 0
Errores: 0
Duración del ciclo: 0.01s
Intervalo objetivo: 30s
Próximo ciclo en: 29.99s
----------------------------------------------------------------------------------------

========================================================================================
CICLO #0062 | 2026-09-03 13:55:28 UTC | símbolos=5
========================================================================================
[01/05] START Jump 10 Index
[01/05] END   Jump 10 Index | 0.02s | ARPS REGIME BLOCKED
    Motivo: SIN_TENDENCIA_M15
[02/05] START Jump 100 Index
[02/05] END   Jump 100 Index | 0.02s | ARPS WAITING SETUP
    Motivo: m5_atr_regime,m5_structure_break,m1_strong_close
[03/05] START Jump 25 Index
[03/05] END   Jump 25 Index | 0.02s | ARPS REGIME BLOCKED
    Motivo: SIN_TENDENCIA_M15
[04/05] START Jump 50 Index
[04/05] END   Jump 50 Index | 0.02s | ARPS WAITING SETUP
    Motivo: m5_atr_regime,m5_structure_break,m1_strong_close
[05/05] START Jump 75 Index
[05/05] END   Jump 75 Index | 0.00s | INSTRUMENTO EN CUARENTENA DE RIESGO
    Motivo: cuarentena temporal por desviación marginal de ejecución
----------------------------------------------------------------------------------------
RESUMEN DEL CICLO #0062
Símbolos analizados: 5
Sin señal: 0
Esperando/otros: 5
Señales rechazadas: 0
Bloqueadas por estado/límites: 0
Validadas DRY RUN: 0
Nuevas órdenes: 0
Operaciones cerradas sincronizadas: 0
Errores: 0
Duración del ciclo: 0.12s
Intervalo objetivo: 30s
Próximo ciclo en: 29.88s
----------------------------------------------------------------------------------------

========================================================================================
CICLO #0063 | 2026-09-03 13:55:58 UTC | símbolos=0
========================================================================================
----------------------------------------------------------------------------------------
RESUMEN DEL CICLO #0063
Símbolos analizados: 0
Sin señal: 0
Esperando/otros: 0
Señales rechazadas: 0
Bloqueadas por estado/límites: 0
Validadas DRY RUN: 0
Nuevas órdenes: 0
Operaciones cerradas sincronizadas: 0
Errores: 0
Duración del ciclo: 0.02s
Intervalo objetivo: 30s
Próximo ciclo en: 29.98s
----------------------------------------------------------------------------------------

========================================================================================
CICLO #0064 | 2026-09-03 13:56:28 UTC | símbolos=5
========================================================================================
[01/05] START Jump 10 Index
[01/05] END   Jump 10 Index | 0.02s | ARPS REGIME BLOCKED
    Motivo: SIN_TENDENCIA_M15
[02/05] START Jump 100 Index
[02/05] END   Jump 100 Index | 0.02s | ARPS WAITING SETUP
    Motivo: m5_atr_regime,m5_structure_break,m1_follow_through,m1_strong_close
[03/05] START Jump 25 Index
[03/05] END   Jump 25 Index | 0.02s | ARPS REGIME BLOCKED
    Motivo: SIN_TENDENCIA_M15
[04/05] START Jump 50 Index
[04/05] END   Jump 50 Index | 0.02s | ARPS WAITING SETUP
    Motivo: m5_atr_regime,m5_structure_break,m1_follow_through
[05/05] START Jump 75 Index
[05/05] END   Jump 75 Index | 0.00s | INSTRUMENTO EN CUARENTENA DE RIESGO
    Motivo: cuarentena temporal por desviación marginal de ejecución
----------------------------------------------------------------------------------------
RESUMEN DEL CICLO #0064
Símbolos analizados: 5
Sin señal: 0
Esperando/otros: 5
Señales rechazadas: 0
Bloqueadas por estado/límites: 0
Validadas DRY RUN: 0
Nuevas órdenes: 0
Operaciones cerradas sincronizadas: 0
Errores: 0
Duración del ciclo: 0.11s
Intervalo objetivo: 30s
Próximo ciclo en: 29.89s
----------------------------------------------------------------------------------------

========================================================================================
CICLO #0065 | 2026-09-03 13:56:58 UTC | símbolos=0
========================================================================================
----------------------------------------------------------------------------------------
RESUMEN DEL CICLO #0065
Símbolos analizados: 0
Sin señal: 0
Esperando/otros: 0
Señales rechazadas: 0
Bloqueadas por estado/límites: 0
Validadas DRY RUN: 0
Nuevas órdenes: 0
Operaciones cerradas sincronizadas: 0
Errores: 0
Duración del ciclo: 0.02s
Intervalo objetivo: 30s
Próximo ciclo en: 29.98s
----------------------------------------------------------------------------------------

========================================================================================
CICLO #0066 | 2026-09-03 13:57:28 UTC | símbolos=5
========================================================================================
[01/05] START Jump 10 Index
[01/05] END   Jump 10 Index | 0.02s | ARPS REGIME BLOCKED
    Motivo: SIN_TENDENCIA_M15
[02/05] START Jump 100 Index
[02/05] END   Jump 100 Index | 0.02s | ARPS WAITING SETUP
    Motivo: m5_atr_regime,m5_structure_break,m1_rejection,m1_follow_through
[03/05] START Jump 25 Index
[03/05] END   Jump 25 Index | 0.02s | ARPS REGIME BLOCKED
    Motivo: SIN_TENDENCIA_M15
[04/05] START Jump 50 Index
[04/05] END   Jump 50 Index | 0.02s | ARPS WAITING SETUP
    Motivo: m5_atr_regime,m5_structure_break,m1_rejection,m1_strong_close
[05/05] START Jump 75 Index
[05/05] END   Jump 75 Index | 0.00s | INSTRUMENTO EN CUARENTENA DE RIESGO
    Motivo: cuarentena temporal por desviación marginal de ejecución
----------------------------------------------------------------------------------------
RESUMEN DEL CICLO #0066
Símbolos analizados: 5
Sin señal: 0
Esperando/otros: 5
Señales rechazadas: 0
Bloqueadas por estado/límites: 0
Validadas DRY RUN: 0
Nuevas órdenes: 0
Operaciones cerradas sincronizadas: 0
Errores: 0
Duración del ciclo: 0.11s
Intervalo objetivo: 30s
Próximo ciclo en: 29.89s
----------------------------------------------------------------------------------------

========================================================================================
CICLO #0067 | 2026-09-03 13:57:58 UTC | símbolos=0
========================================================================================
----------------------------------------------------------------------------------------
RESUMEN DEL CICLO #0067
Símbolos analizados: 0
Sin señal: 0
Esperando/otros: 0
Señales rechazadas: 0
Bloqueadas por estado/límites: 0
Validadas DRY RUN: 0
Nuevas órdenes: 0
Operaciones cerradas sincronizadas: 0
Errores: 0
Duración del ciclo: 0.02s
Intervalo objetivo: 30s
Próximo ciclo en: 29.98s
----------------------------------------------------------------------------------------

========================================================================================
CICLO #0068 | 2026-09-03 13:58:28 UTC | símbolos=5
========================================================================================
[01/05] START Jump 10 Index
[01/05] END   Jump 10 Index | 0.02s | ARPS REGIME BLOCKED
    Motivo: SIN_TENDENCIA_M15
[02/05] START Jump 100 Index
[02/05] END   Jump 100 Index | 0.02s | ARPS WAITING SETUP
    Motivo: m5_atr_regime,m5_structure_break,m1_rejection,m1_follow_through,m1_strong_close
[03/05] START Jump 25 Index
[03/05] END   Jump 25 Index | 0.02s | ARPS REGIME BLOCKED
    Motivo: SIN_TENDENCIA_M15
[04/05] START Jump 50 Index
[04/05] END   Jump 50 Index | 0.02s | ARPS WAITING SETUP
    Motivo: m5_atr_regime,m5_structure_break
[05/05] START Jump 75 Index
[05/05] END   Jump 75 Index | 0.00s | INSTRUMENTO EN CUARENTENA DE RIESGO
    Motivo: cuarentena temporal por desviación marginal de ejecución
----------------------------------------------------------------------------------------
RESUMEN DEL CICLO #0068
Símbolos analizados: 5
Sin señal: 0
Esperando/otros: 5
Señales rechazadas: 0
Bloqueadas por estado/límites: 0
Validadas DRY RUN: 0
Nuevas órdenes: 0
Operaciones cerradas sincronizadas: 0
Errores: 0
Duración del ciclo: 0.12s
Intervalo objetivo: 30s
Próximo ciclo en: 29.88s
----------------------------------------------------------------------------------------

========================================================================================
CICLO #0069 | 2026-09-03 13:58:58 UTC | símbolos=0
========================================================================================
----------------------------------------------------------------------------------------
RESUMEN DEL CICLO #0069
Símbolos analizados: 0
Sin señal: 0
Esperando/otros: 0
Señales rechazadas: 0
Bloqueadas por estado/límites: 0
Validadas DRY RUN: 0
Nuevas órdenes: 0
Operaciones cerradas sincronizadas: 0
Errores: 0
Duración del ciclo: 0.01s
Intervalo objetivo: 30s
Próximo ciclo en: 29.99s
----------------------------------------------------------------------------------------

========================================================================================
CICLO #0070 | 2026-09-03 13:59:28 UTC | símbolos=5
========================================================================================
[01/05] START Jump 10 Index
[01/05] END   Jump 10 Index | 0.02s | ARPS REGIME BLOCKED
    Motivo: SIN_TENDENCIA_M15
[02/05] START Jump 100 Index
[02/05] END   Jump 100 Index | 0.03s | ARPS WAITING SETUP
    Motivo: m5_atr_regime,m5_structure_break,m1_rejection,m1_follow_through
[03/05] START Jump 25 Index
[03/05] END   Jump 25 Index | 0.02s | ARPS REGIME BLOCKED
    Motivo: SIN_TENDENCIA_M15
[04/05] START Jump 50 Index
[04/05] END   Jump 50 Index | 0.03s | ARPS WAITING SETUP
    Motivo: m5_atr_regime,m5_structure_break,m1_rejection
[05/05] START Jump 75 Index
[05/05] END   Jump 75 Index | 0.00s | INSTRUMENTO EN CUARENTENA DE RIESGO
    Motivo: cuarentena temporal por desviación marginal de ejecución
----------------------------------------------------------------------------------------
RESUMEN DEL CICLO #0070
Símbolos analizados: 5
Sin señal: 0
Esperando/otros: 5
Señales rechazadas: 0
Bloqueadas por estado/límites: 0
Validadas DRY RUN: 0
Nuevas órdenes: 0
Operaciones cerradas sincronizadas: 0
Errores: 0
Duración del ciclo: 0.13s
Intervalo objetivo: 30s
Próximo ciclo en: 29.87s
----------------------------------------------------------------------------------------

========================================================================================
CICLO #0071 | 2026-09-03 13:59:58 UTC | símbolos=0
========================================================================================
----------------------------------------------------------------------------------------
RESUMEN DEL CICLO #0071
Símbolos analizados: 0
Sin señal: 0
Esperando/otros: 0
Señales rechazadas: 0
Bloqueadas por estado/límites: 0
Validadas DRY RUN: 0
Nuevas órdenes: 0
Operaciones cerradas sincronizadas: 0
Errores: 0
Duración del ciclo: 0.02s
Intervalo objetivo: 30s
Próximo ciclo en: 29.98s
----------------------------------------------------------------------------------------

========================================================================================
CICLO #0072 | 2026-09-03 14:00:28 UTC | símbolos=5
========================================================================================
[01/05] START Jump 10 Index
[01/05] END   Jump 10 Index | 0.03s | ARPS REGIME BLOCKED
    Motivo: SIN_TENDENCIA_M15
[02/05] START Jump 100 Index
[02/05] END   Jump 100 Index | 0.04s | ARPS WAITING SETUP
    Motivo: m5_atr_regime,m5_structure_break,m5_pullback,m1_rejection,m1_follow_through
[03/05] START Jump 25 Index
[03/05] END   Jump 25 Index | 0.04s | ARPS REGIME BLOCKED
    Motivo: SIN_TENDENCIA_M15
[04/05] START Jump 50 Index
[04/05] END   Jump 50 Index | 0.05s | ARPS WAITING SETUP
    Motivo: m5_structure_break,m1_rejection,m1_follow_through,m1_strong_close
[05/05] START Jump 75 Index
[05/05] END   Jump 75 Index | 0.01s | INSTRUMENTO EN CUARENTENA DE RIESGO
    Motivo: cuarentena temporal por desviación marginal de ejecución
----------------------------------------------------------------------------------------
RESUMEN DEL CICLO #0072
Símbolos analizados: 5
Sin señal: 0
Esperando/otros: 5
Señales rechazadas: 0
Bloqueadas por estado/límites: 0
Validadas DRY RUN: 0
Nuevas órdenes: 0
Operaciones cerradas sincronizadas: 0
Errores: 0
Duración del ciclo: 0.21s
Intervalo objetivo: 30s
Próximo ciclo en: 29.79s
----------------------------------------------------------------------------------------

========================================================================================
CICLO #0073 | 2026-09-03 14:00:58 UTC | símbolos=0
========================================================================================
----------------------------------------------------------------------------------------
RESUMEN DEL CICLO #0073
Símbolos analizados: 0
Sin señal: 0
Esperando/otros: 0
Señales rechazadas: 0
Bloqueadas por estado/límites: 0
Validadas DRY RUN: 0
Nuevas órdenes: 0
Operaciones cerradas sincronizadas: 0
Errores: 0
Duración del ciclo: 0.02s
Intervalo objetivo: 30s
Próximo ciclo en: 29.98s
----------------------------------------------------------------------------------------

========================================================================================
CICLO #0074 | 2026-09-03 14:01:28 UTC | símbolos=5
========================================================================================
[01/05] START Jump 10 Index
[01/05] END   Jump 10 Index | 0.02s | ARPS REGIME BLOCKED
    Motivo: SIN_TENDENCIA_M15
[02/05] START Jump 100 Index
[02/05] END   Jump 100 Index | 0.02s | ARPS WAITING SETUP
    Motivo: m5_atr_regime,m5_structure_break,m5_pullback,m1_rejection
[03/05] START Jump 25 Index
[03/05] END   Jump 25 Index | 0.02s | ARPS REGIME BLOCKED
    Motivo: SIN_TENDENCIA_M15
[04/05] START Jump 50 Index
[04/05] END   Jump 50 Index | 0.02s | ARPS WAITING SETUP
    Motivo: m5_structure_break,m1_rejection,m1_strong_close
[05/05] START Jump 75 Index
[05/05] END   Jump 75 Index | 0.00s | INSTRUMENTO EN CUARENTENA DE RIESGO
    Motivo: cuarentena temporal por desviación marginal de ejecución
----------------------------------------------------------------------------------------
RESUMEN DEL CICLO #0074
Símbolos analizados: 5
Sin señal: 0
Esperando/otros: 5
Señales rechazadas: 0
Bloqueadas por estado/límites: 0
Validadas DRY RUN: 0
Nuevas órdenes: 0
Operaciones cerradas sincronizadas: 0
Errores: 0
Duración del ciclo: 0.10s
Intervalo objetivo: 30s
Próximo ciclo en: 29.90s
----------------------------------------------------------------------------------------

========================================================================================
CICLO #0075 | 2026-09-03 14:01:58 UTC | símbolos=0
========================================================================================
----------------------------------------------------------------------------------------
RESUMEN DEL CICLO #0075
Símbolos analizados: 0
Sin señal: 0
Esperando/otros: 0
Señales rechazadas: 0
Bloqueadas por estado/límites: 0
Validadas DRY RUN: 0
Nuevas órdenes: 0
Operaciones cerradas sincronizadas: 0
Errores: 0
Duración del ciclo: 0.02s
Intervalo objetivo: 30s
Próximo ciclo en: 29.98s
----------------------------------------------------------------------------------------

========================================================================================
CICLO #0076 | 2026-09-03 14:02:28 UTC | símbolos=5
========================================================================================
[01/05] START Jump 10 Index
[01/05] END   Jump 10 Index | 0.02s | ARPS REGIME BLOCKED
    Motivo: SIN_TENDENCIA_M15
[02/05] START Jump 100 Index
[02/05] END   Jump 100 Index | 0.02s | ARPS WAITING SETUP
    Motivo: m5_atr_regime,m5_structure_break,m5_pullback,m1_rejection,m1_follow_through,m1_strong_close
[03/05] START Jump 25 Index
[03/05] END   Jump 25 Index | 0.02s | ARPS REGIME BLOCKED
    Motivo: SIN_TENDENCIA_M15
[04/05] START Jump 50 Index
[04/05] END   Jump 50 Index | 0.02s | ARPS WAITING SETUP
    Motivo: m5_structure_break,m1_rejection,m1_follow_through,m1_strong_close
[05/05] START Jump 75 Index
[05/05] END   Jump 75 Index | 0.00s | INSTRUMENTO EN CUARENTENA DE RIESGO
    Motivo: cuarentena temporal por desviación marginal de ejecución
----------------------------------------------------------------------------------------
RESUMEN DEL CICLO #0076
Símbolos analizados: 5
Sin señal: 0
Esperando/otros: 5
Señales rechazadas: 0
Bloqueadas por estado/límites: 0
Validadas DRY RUN: 0
Nuevas órdenes: 0
Operaciones cerradas sincronizadas: 0
Errores: 0
Duración del ciclo: 0.13s
Intervalo objetivo: 30s
Próximo ciclo en: 29.87s
----------------------------------------------------------------------------------------

========================================================================================
CICLO #0077 | 2026-09-03 14:02:58 UTC | símbolos=0
========================================================================================
----------------------------------------------------------------------------------------
RESUMEN DEL CICLO #0077
Símbolos analizados: 0
Sin señal: 0
Esperando/otros: 0
Señales rechazadas: 0
Bloqueadas por estado/límites: 0
Validadas DRY RUN: 0
Nuevas órdenes: 0
Operaciones cerradas sincronizadas: 0
Errores: 0
Duración del ciclo: 0.02s
Intervalo objetivo: 30s
Próximo ciclo en: 29.98s
----------------------------------------------------------------------------------------

========================================================================================
CICLO #0078 | 2026-09-03 14:03:28 UTC | símbolos=5
========================================================================================
[01/05] START Jump 10 Index
[01/05] END   Jump 10 Index | 0.02s | ARPS REGIME BLOCKED
    Motivo: SIN_TENDENCIA_M15
[02/05] START Jump 100 Index
[02/05] END   Jump 100 Index | 0.02s | ARPS WAITING SETUP
    Motivo: m5_atr_regime,m5_structure_break,m5_pullback,m1_rejection,m1_follow_through,m1_strong_close
[03/05] START Jump 25 Index
[03/05] END   Jump 25 Index | 0.02s | ARPS REGIME BLOCKED
    Motivo: SIN_TENDENCIA_M15
[04/05] START Jump 50 Index
[04/05] END   Jump 50 Index | 0.03s | ARPS WAITING SETUP
    Motivo: m5_structure_break,m1_rejection,m1_follow_through
[05/05] START Jump 75 Index
[05/05] END   Jump 75 Index | 0.00s | INSTRUMENTO EN CUARENTENA DE RIESGO
    Motivo: cuarentena temporal por desviación marginal de ejecución
----------------------------------------------------------------------------------------
RESUMEN DEL CICLO #0078
Símbolos analizados: 5
Sin señal: 0
Esperando/otros: 5
Señales rechazadas: 0
Bloqueadas por estado/límites: 0
Validadas DRY RUN: 0
Nuevas órdenes: 0
Operaciones cerradas sincronizadas: 0
Errores: 0
Duración del ciclo: 0.13s
Intervalo objetivo: 30s
Próximo ciclo en: 29.87s
----------------------------------------------------------------------------------------

========================================================================================
CICLO #0079 | 2026-09-03 14:03:58 UTC | símbolos=0
========================================================================================
----------------------------------------------------------------------------------------
RESUMEN DEL CICLO #0079
Símbolos analizados: 0
Sin señal: 0
Esperando/otros: 0
Señales rechazadas: 0
Bloqueadas por estado/límites: 0
Validadas DRY RUN: 0
Nuevas órdenes: 0
Operaciones cerradas sincronizadas: 0
Errores: 0
Duración del ciclo: 0.01s
Intervalo objetivo: 30s
Próximo ciclo en: 29.99s
----------------------------------------------------------------------------------------

========================================================================================
CICLO #0080 | 2026-09-03 14:04:28 UTC | símbolos=5
========================================================================================
[01/05] START Jump 10 Index
[01/05] END   Jump 10 Index | 0.02s | ARPS REGIME BLOCKED
    Motivo: SIN_TENDENCIA_M15
[02/05] START Jump 100 Index
[02/05] END   Jump 100 Index | 0.02s | ARPS WAITING SETUP
    Motivo: m5_atr_regime,m5_structure_break,m5_pullback,m1_rejection,m1_follow_through,m1_strong_close
[03/05] START Jump 25 Index
[03/05] END   Jump 25 Index | 0.02s | ARPS REGIME BLOCKED
    Motivo: SIN_TENDENCIA_M15
[04/05] START Jump 50 Index
[04/05] END   Jump 50 Index | 0.03s | ARPS WAITING SETUP
    Motivo: m5_structure_break,m1_rejection
[05/05] START Jump 75 Index
[05/05] END   Jump 75 Index | 0.00s | INSTRUMENTO EN CUARENTENA DE RIESGO
    Motivo: cuarentena temporal por desviación marginal de ejecución
----------------------------------------------------------------------------------------
RESUMEN DEL CICLO #0080
Símbolos analizados: 5
Sin señal: 0
Esperando/otros: 5
Señales rechazadas: 0
Bloqueadas por estado/límites: 0
Validadas DRY RUN: 0
Nuevas órdenes: 0
Operaciones cerradas sincronizadas: 0
Errores: 0
Duración del ciclo: 0.12s
Intervalo objetivo: 30s
Próximo ciclo en: 29.88s
----------------------------------------------------------------------------------------

========================================================================================
CICLO #0081 | 2026-09-03 14:04:58 UTC | símbolos=0
========================================================================================
----------------------------------------------------------------------------------------
RESUMEN DEL CICLO #0081
Símbolos analizados: 0
Sin señal: 0
Esperando/otros: 0
Señales rechazadas: 0
Bloqueadas por estado/límites: 0
Validadas DRY RUN: 0
Nuevas órdenes: 0
Operaciones cerradas sincronizadas: 0
Errores: 0
Duración del ciclo: 0.02s
Intervalo objetivo: 30s
Próximo ciclo en: 29.98s
----------------------------------------------------------------------------------------

========================================================================================
CICLO #0082 | 2026-09-03 14:05:28 UTC | símbolos=5
========================================================================================
[01/05] START Jump 10 Index
[01/05] END   Jump 10 Index | 0.02s | ARPS REGIME BLOCKED
    Motivo: SIN_TENDENCIA_M15
[02/05] START Jump 100 Index
[02/05] END   Jump 100 Index | 0.03s | ARPS WAITING SETUP
    Motivo: m5_atr_regime,m5_structure_break,m5_pullback,m1_rejection,m1_follow_through
[03/05] START Jump 25 Index
[03/05] END   Jump 25 Index | 0.02s | ARPS REGIME BLOCKED
    Motivo: SIN_TENDENCIA_M15
[04/05] START Jump 50 Index
[04/05] END   Jump 50 Index | 0.03s | ARPS WAITING SETUP
    Motivo: m5_pullback,m1_rejection,m1_follow_through
[05/05] START Jump 75 Index
[05/05] END   Jump 75 Index | 0.00s | INSTRUMENTO EN CUARENTENA DE RIESGO
    Motivo: cuarentena temporal por desviación marginal de ejecución
----------------------------------------------------------------------------------------
RESUMEN DEL CICLO #0082
Símbolos analizados: 5
Sin señal: 0
Esperando/otros: 5
Señales rechazadas: 0
Bloqueadas por estado/límites: 0
Validadas DRY RUN: 0
Nuevas órdenes: 0
Operaciones cerradas sincronizadas: 0
Errores: 0
Duración del ciclo: 0.13s
Intervalo objetivo: 30s
Próximo ciclo en: 29.87s
----------------------------------------------------------------------------------------

========================================================================================
CICLO #0083 | 2026-09-03 14:05:58 UTC | símbolos=0
========================================================================================
----------------------------------------------------------------------------------------
RESUMEN DEL CICLO #0083
Símbolos analizados: 0
Sin señal: 0
Esperando/otros: 0
Señales rechazadas: 0
Bloqueadas por estado/límites: 0
Validadas DRY RUN: 0
Nuevas órdenes: 0
Operaciones cerradas sincronizadas: 0
Errores: 0
Duración del ciclo: 0.01s
Intervalo objetivo: 30s
Próximo ciclo en: 29.99s
----------------------------------------------------------------------------------------

========================================================================================
CICLO #0084 | 2026-09-03 14:06:28 UTC | símbolos=5
========================================================================================
[01/05] START Jump 10 Index
[01/05] END   Jump 10 Index | 0.02s | ARPS REGIME BLOCKED
    Motivo: SIN_TENDENCIA_M15
[02/05] START Jump 100 Index
[02/05] END   Jump 100 Index | 0.02s | ARPS WAITING SETUP
    Motivo: m5_atr_regime,m5_structure_break,m5_pullback,m1_rejection
[03/05] START Jump 25 Index
[03/05] END   Jump 25 Index | 0.02s | ARPS REGIME BLOCKED
    Motivo: SIN_TENDENCIA_M15
[04/05] START Jump 50 Index
[04/05] END   Jump 50 Index | 0.02s | ARPS WAITING SETUP
    Motivo: m5_pullback,m1_rejection,m1_follow_through
[05/05] START Jump 75 Index
[05/05] END   Jump 75 Index | 0.00s | INSTRUMENTO EN CUARENTENA DE RIESGO
    Motivo: cuarentena temporal por desviación marginal de ejecución
----------------------------------------------------------------------------------------
RESUMEN DEL CICLO #0084
Símbolos analizados: 5
Sin señal: 0
Esperando/otros: 5
Señales rechazadas: 0
Bloqueadas por estado/límites: 0
Validadas DRY RUN: 0
Nuevas órdenes: 0
Operaciones cerradas sincronizadas: 0
Errores: 0
Duración del ciclo: 0.11s
Intervalo objetivo: 30s
Próximo ciclo en: 29.89s
----------------------------------------------------------------------------------------

========================================================================================
CICLO #0085 | 2026-09-03 14:06:58 UTC | símbolos=0
========================================================================================
----------------------------------------------------------------------------------------
RESUMEN DEL CICLO #0085
Símbolos analizados: 0
Sin señal: 0
Esperando/otros: 0
Señales rechazadas: 0
Bloqueadas por estado/límites: 0
Validadas DRY RUN: 0
Nuevas órdenes: 0
Operaciones cerradas sincronizadas: 0
Errores: 0
Duración del ciclo: 0.02s
Intervalo objetivo: 30s
Próximo ciclo en: 29.98s
----------------------------------------------------------------------------------------

========================================================================================
CICLO #0086 | 2026-09-03 14:07:28 UTC | símbolos=5
========================================================================================
[01/05] START Jump 10 Index
[01/05] END   Jump 10 Index | 0.02s | ARPS REGIME BLOCKED
    Motivo: SIN_TENDENCIA_M15
[02/05] START Jump 100 Index
[02/05] END   Jump 100 Index | 0.03s | ARPS WAITING SETUP
    Motivo: m5_atr_regime,m5_structure_break,m5_pullback,m1_rejection
[03/05] START Jump 25 Index
[03/05] END   Jump 25 Index | 0.03s | ARPS REGIME BLOCKED
    Motivo: SIN_TENDENCIA_M15
[04/05] START Jump 50 Index
[04/05] END   Jump 50 Index | 0.03s | ARPS WAITING SETUP
    Motivo: m5_pullback,m1_rejection
[05/05] START Jump 75 Index
[05/05] END   Jump 75 Index | 0.00s | INSTRUMENTO EN CUARENTENA DE RIESGO
    Motivo: cuarentena temporal por desviación marginal de ejecución
----------------------------------------------------------------------------------------
RESUMEN DEL CICLO #0086
Símbolos analizados: 5
Sin señal: 0
Esperando/otros: 5
Señales rechazadas: 0
Bloqueadas por estado/límites: 0
Validadas DRY RUN: 0
Nuevas órdenes: 0
Operaciones cerradas sincronizadas: 0
Errores: 0
Duración del ciclo: 0.15s
Intervalo objetivo: 30s
Próximo ciclo en: 29.85s
----------------------------------------------------------------------------------------

========================================================================================
CICLO #0087 | 2026-09-03 14:07:58 UTC | símbolos=0
========================================================================================
----------------------------------------------------------------------------------------
RESUMEN DEL CICLO #0087
Símbolos analizados: 0
Sin señal: 0
Esperando/otros: 0
Señales rechazadas: 0
Bloqueadas por estado/límites: 0
Validadas DRY RUN: 0
Nuevas órdenes: 0
Operaciones cerradas sincronizadas: 0
Errores: 0
Duración del ciclo: 0.02s
Intervalo objetivo: 30s
Próximo ciclo en: 29.98s
----------------------------------------------------------------------------------------

========================================================================================
CICLO #0088 | 2026-09-03 14:08:28 UTC | símbolos=5
========================================================================================
[01/05] START Jump 10 Index
[01/05] END   Jump 10 Index | 0.02s | ARPS REGIME BLOCKED
    Motivo: SIN_TENDENCIA_M15
[02/05] START Jump 100 Index
[02/05] END   Jump 100 Index | 0.03s | ARPS WAITING SETUP
    Motivo: m5_atr_regime,m5_structure_break,m5_pullback,m1_rejection,m1_follow_through,m1_strong_close
[03/05] START Jump 25 Index
[03/05] END   Jump 25 Index | 0.02s | ARPS REGIME BLOCKED
    Motivo: SIN_TENDENCIA_M15
[04/05] START Jump 50 Index
[04/05] END   Jump 50 Index | 0.02s | ARPS WAITING SETUP
    Motivo: m5_pullback,m1_rejection
[05/05] START Jump 75 Index
[05/05] END   Jump 75 Index | 0.00s | INSTRUMENTO EN CUARENTENA DE RIESGO
    Motivo: cuarentena temporal por desviación marginal de ejecución
----------------------------------------------------------------------------------------
RESUMEN DEL CICLO #0088
Símbolos analizados: 5
Sin señal: 0
Esperando/otros: 5
Señales rechazadas: 0
Bloqueadas por estado/límites: 0
Validadas DRY RUN: 0
Nuevas órdenes: 0
Operaciones cerradas sincronizadas: 0
Errores: 0
Duración del ciclo: 0.15s
Intervalo objetivo: 30s
Próximo ciclo en: 29.85s
----------------------------------------------------------------------------------------

========================================================================================
CICLO #0089 | 2026-09-03 14:08:58 UTC | símbolos=0
========================================================================================
----------------------------------------------------------------------------------------
RESUMEN DEL CICLO #0089
Símbolos analizados: 0
Sin señal: 0
Esperando/otros: 0
Señales rechazadas: 0
Bloqueadas por estado/límites: 0
Validadas DRY RUN: 0
Nuevas órdenes: 0
Operaciones cerradas sincronizadas: 0
Errores: 0
Duración del ciclo: 0.02s
Intervalo objetivo: 30s
Próximo ciclo en: 29.98s
----------------------------------------------------------------------------------------

========================================================================================
CICLO #0090 | 2026-09-03 14:09:28 UTC | símbolos=5
========================================================================================
[01/05] START Jump 10 Index
[01/05] END   Jump 10 Index | 0.03s | ARPS REGIME BLOCKED
    Motivo: SIN_TENDENCIA_M15
[02/05] START Jump 100 Index
[02/05] END   Jump 100 Index | 0.03s | ARPS WAITING SETUP
    Motivo: m5_atr_regime,m5_structure_break,m5_pullback,m1_rejection
[03/05] START Jump 25 Index
[03/05] END   Jump 25 Index | 0.02s | ARPS REGIME BLOCKED
    Motivo: SIN_TENDENCIA_M15
[04/05] START Jump 50 Index
[04/05] END   Jump 50 Index | 0.03s | ARPS WAITING SETUP
    Motivo: m5_pullback,m1_follow_through
[05/05] START Jump 75 Index
[05/05] END   Jump 75 Index | 0.00s | INSTRUMENTO EN CUARENTENA DE RIESGO
    Motivo: cuarentena temporal por desviación marginal de ejecución
----------------------------------------------------------------------------------------
RESUMEN DEL CICLO #0090
Símbolos analizados: 5
Sin señal: 0
Esperando/otros: 5
Señales rechazadas: 0
Bloqueadas por estado/límites: 0
Validadas DRY RUN: 0
Nuevas órdenes: 0
Operaciones cerradas sincronizadas: 0
Errores: 0
Duración del ciclo: 0.15s
Intervalo objetivo: 30s
Próximo ciclo en: 29.85s
----------------------------------------------------------------------------------------

========================================================================================
CICLO #0091 | 2026-09-03 14:09:58 UTC | símbolos=0
========================================================================================
----------------------------------------------------------------------------------------
RESUMEN DEL CICLO #0091
Símbolos analizados: 0
Sin señal: 0
Esperando/otros: 0
Señales rechazadas: 0
Bloqueadas por estado/límites: 0
Validadas DRY RUN: 0
Nuevas órdenes: 0
Operaciones cerradas sincronizadas: 0
Errores: 0
Duración del ciclo: 0.02s
Intervalo objetivo: 30s
Próximo ciclo en: 29.98s
----------------------------------------------------------------------------------------

========================================================================================
CICLO #0092 | 2026-09-03 14:10:28 UTC | símbolos=5
========================================================================================
[01/05] START Jump 10 Index
[01/05] END   Jump 10 Index | 0.02s | ARPS REGIME BLOCKED
    Motivo: SIN_TENDENCIA_M15
[02/05] START Jump 100 Index
[02/05] END   Jump 100 Index | 0.02s | ARPS WAITING SETUP
    Motivo: m5_structure_break,m1_rejection,m1_follow_through
[03/05] START Jump 25 Index
[03/05] END   Jump 25 Index | 0.02s | ARPS REGIME BLOCKED
    Motivo: SIN_TENDENCIA_M15
[04/05] START Jump 50 Index
[04/05] END   Jump 50 Index | 0.03s | ARPS WAITING SETUP
    Motivo: m5_structure_break,m1_rejection,m1_follow_through
[05/05] START Jump 75 Index
[05/05] END   Jump 75 Index | 0.00s | INSTRUMENTO EN CUARENTENA DE RIESGO
    Motivo: cuarentena temporal por desviación marginal de ejecución
----------------------------------------------------------------------------------------
RESUMEN DEL CICLO #0092
Símbolos analizados: 5
Sin señal: 0
Esperando/otros: 5
Señales rechazadas: 0
Bloqueadas por estado/límites: 0
Validadas DRY RUN: 0
Nuevas órdenes: 0
Operaciones cerradas sincronizadas: 0
Errores: 0
Duración del ciclo: 0.13s
Intervalo objetivo: 30s
Próximo ciclo en: 29.87s
----------------------------------------------------------------------------------------
Bot detenido por el usuario.
