========================================================================
DERIV DEMO EXECUTION PREFLIGHT
========================================================================
[OK] MT5_ACCOUNT_INFO {'login': 41108926, 'server': 'Deriv-Demo', 'currency': 'USD', 'balance': 10000.0, 'equity': 10000.0, 'margin': 0.0, 'free_margin': 10000.0, 'profit': 0.0, 'leverage': 1000, 'trade_mode': 0, 'snapshot_time': datetime.datetime(2026, 9, 3, 13, 19, 30, 154938, tzinfo=datetime.timezone.utc), 'broker': 'MT5'}
[OK] MT5_TERMINAL_CONNECTED {'trade_allowed': True, 'tradeapi_disabled': False}
[OK] MT5_AUTOTRADING_ALLOWED {'trade_allowed': True, 'tradeapi_disabled': False}
[OK] DEMO_ACCOUNT {'trade_mode': 0, 'server': 'Deriv-Demo'}
[OK] FREE_MARGIN {'free_margin': 10000.0, 'required': 0.0}
[OK] DATABASE_READY {}
[OK] SYMBOL:High Frequency Vol 10 Index {'visible': True, 'trade_mode': 4, 'volume_min': 0.1, 'volume_step': 0.01, 'point': 0.01, 'stops_level_points': 869}
[OK] SYMBOL:High Frequency Vol 100 Index {'visible': True, 'trade_mode': 4, 'volume_min': 0.05, 'volume_step': 0.01, 'point': 0.01, 'stops_level_points': 9066}
[OK] SYMBOL:High Frequency Vol 25 Index {'visible': True, 'trade_mode': 4, 'volume_min': 0.1, 'volume_step': 0.01, 'point': 0.01, 'stops_level_points': 2172}
[OK] SYMBOL:High Frequency Vol 50 Index {'visible': True, 'trade_mode': 4, 'volume_min': 0.05, 'volume_step': 0.01, 'point': 0.01, 'stops_level_points': 4533}
[OK] SYMBOL:High Frequency Vol 75 Index {'visible': True, 'trade_mode': 4, 'volume_min': 0.05, 'volume_step': 0.01, 'point': 0.01, 'stops_level_points': 6799}
[OK] SYMBOL:Spot Up - Volatility Up Index {'visible': True, 'trade_mode': 4, 'volume_min': 0.1, 'volume_step': 0.01, 'point': 0.01, 'stops_level_points': 1000}
[OK] SYMBOL:Vol over Boom 400 {'visible': True, 'trade_mode': 4, 'volume_min': 0.1, 'volume_step': 0.01, 'point': 0.01, 'stops_level_points': 360}
[OK] SYMBOL:Vol over Boom 550 {'visible': True, 'trade_mode': 4, 'volume_min': 0.1, 'volume_step': 0.01, 'point': 0.01, 'stops_level_points': 320}
[OK] SYMBOL:Vol over Boom 750 {'visible': True, 'trade_mode': 4, 'volume_min': 0.1, 'volume_step': 0.01, 'point': 0.01, 'stops_level_points': 250}
[OK] SYMBOL:Vol over Crash 400 {'visible': True, 'trade_mode': 4, 'volume_min': 0.1, 'volume_step': 0.01, 'point': 0.01, 'stops_level_points': 360}
[OK] SYMBOL:Vol over Crash 550 {'visible': True, 'trade_mode': 4, 'volume_min': 0.1, 'volume_step': 0.01, 'point': 0.01, 'stops_level_points': 320}
[OK] SYMBOL:Vol over Crash 750 {'visible': True, 'trade_mode': 4, 'volume_min': 0.1, 'volume_step': 0.01, 'point': 0.01, 'stops_level_points': 250}
[OK] SYMBOL:VolSwitch High Vol Index {'visible': True, 'trade_mode': 4, 'volume_min': 0.1, 'volume_step': 0.1, 'point': 0.01, 'stops_level_points': 1000}
[OK] SYMBOL:VolSwitch Low Vol Index {'visible': True, 'trade_mode': 4, 'volume_min': 0.1, 'volume_step': 0.1, 'point': 0.01, 'stops_level_points': 1000}
[OK] SYMBOL:VolSwitch Medium Vol Index {'visible': True, 'trade_mode': 4, 'volume_min': 0.1, 'volume_step': 0.1, 'point': 0.01, 'stops_level_points': 1000}
[OK] SYMBOL:Volatility 10 (1s) Index {'visible': True, 'trade_mode': 4, 'volume_min': 0.5, 'volume_step': 0.01, 'point': 0.01, 'stops_level_points': 106}
[OK] SYMBOL:Volatility 10 Index {'visible': True, 'trade_mode': 4, 'volume_min': 0.5, 'volume_step': 0.01, 'point': 0.001, 'stops_level_points': 720}
[OK] SYMBOL:Volatility 100 (1s) Index {'visible': True, 'trade_mode': 4, 'volume_min': 1.0, 'volume_step': 0.01, 'point': 0.01, 'stops_level_points': 72}
[OK] SYMBOL:Volatility 100 Index {'visible': True, 'trade_mode': 4, 'volume_min': 1.0, 'volume_step': 0.01, 'point': 0.01, 'stops_level_points': 138}
[OK] SYMBOL:Volatility 15 (1s) Index {'visible': True, 'trade_mode': 4, 'volume_min': 0.2, 'volume_step': 0.01, 'point': 0.001, 'stops_level_points': 1908}
[OK] SYMBOL:Volatility 15 Index {'visible': True, 'trade_mode': 4, 'volume_min': 0.1, 'volume_step': 0.01, 'point': 0.001, 'stops_level_points': 12729}
[OK] SYMBOL:Volatility 150 (1s) Index {'visible': True, 'trade_mode': 4, 'volume_min': 1.0, 'volume_step': 0.001, 'point': 0.01, 'stops_level_points': 149}
[OK] SYMBOL:Volatility 25 (1s) Index {'visible': True, 'trade_mode': 4, 'volume_min': 0.005, 'volume_step': 0.001, 'point': 0.01, 'stops_level_points': 10215}
[OK] SYMBOL:Volatility 25 Index {'visible': True, 'trade_mode': 4, 'volume_min': 0.5, 'volume_step': 0.01, 'point': 0.001, 'stops_level_points': 423}
[OK] SYMBOL:Volatility 250 (1s) Index {'visible': True, 'trade_mode': 4, 'volume_min': 10.0, 'volume_step': 0.001, 'point': 1e-05, 'stops_level_points': 200}
[OK] SYMBOL:Volatility 30 (1s) Index {'visible': True, 'trade_mode': 4, 'volume_min': 0.2, 'volume_step': 0.01, 'point': 0.001, 'stops_level_points': 1800}
[OK] SYMBOL:Volatility 30 Index {'visible': True, 'trade_mode': 4, 'volume_min': 0.05, 'volume_step': 0.01, 'point': 0.001, 'stops_level_points': 32857}
[OK] SYMBOL:Volatility 5 (1s) Index {'visible': True, 'trade_mode': 4, 'volume_min': 0.05, 'volume_step': 0.01, 'point': 0.01, 'stops_level_points': 420}
[OK] SYMBOL:Volatility 5 Index {'visible': True, 'trade_mode': 4, 'volume_min': 0.05, 'volume_step': 0.01, 'point': 0.001, 'stops_level_points': 4200}
[OK] SYMBOL:Volatility 50 (1s) Index {'visible': True, 'trade_mode': 4, 'volume_min': 0.005, 'volume_step': 0.001, 'point': 0.01, 'stops_level_points': 6996}
[OK] SYMBOL:Volatility 50 Index {'visible': True, 'trade_mode': 4, 'volume_min': 4.0, 'volume_step': 0.01, 'point': 0.0001, 'stops_level_points': 1350}
[OK] SYMBOL:Volatility 75 (1s) Index {'visible': True, 'trade_mode': 4, 'volume_min': 0.05, 'volume_step': 0.001, 'point': 0.01, 'stops_level_points': 432}
[OK] SYMBOL:Volatility 75 Index {'visible': True, 'trade_mode': 4, 'volume_min': 0.01, 'volume_step': 0.001, 'point': 0.01, 'stops_level_points': 10770}
[OK] SYMBOL:Volatility 90 (1s) Index {'visible': True, 'trade_mode': 4, 'volume_min': 0.1, 'volume_step': 0.01, 'point': 0.001, 'stops_level_points': 22257}
[OK] SYMBOL:Volatility 90 Index {'visible': True, 'trade_mode': 4, 'volume_min': 0.05, 'volume_step': 0.01, 'point': 0.001, 'stops_level_points': 123310}
========================================================================
STATUS: READY FOR DEMO EXECUTION
DAEMONBLACKFX VERSION: v100-entry-quality-recoverable-quarantine-winrate-audit
BOT ACTIVO: SCALP_VOLATILITY | MAGIC=26082303 | ESTRATEGIA=ARPS_SYNTHETIC_SCALPER | instrumentos=35 | auto_export=False
========================================================================================
BOT SMC MT5 - DERIV DEMO
========================================================================================
Cuenta: 41108926 | Servidor: Deriv-Demo
Balance: 10000.00 USD
Modo: EJECUCIÓN DEMO
Riesgo por trade: 0.25% | R:R mínimo: 1.50
Intervalo: 30s | Símbolos: 35
Reporte XLSX: C:\TradingBoot\smc_synthetic_bot\storage\exports\deriv_demo_trading_report.xlsx
Pipeline: SMC -> TradeLifecycleManager -> MT5TradeExecutor -> SQLite -> XLSX
========================================================================================
Daemon activo: señales=30s | monitor posiciones/BE=2s | símbolos=35
Progreso: se mostrará cada símbolo y su tiempo de análisis.
{'action': 'POSITION_MONITOR_STARTED', 'signal_interval_seconds': 30, 'position_monitor_interval_seconds': 2, 'monitor_mode': 'BACKGROUND_DECOUPLED'}

========================================================================================
CICLO #0001 | 2026-09-03 13:20:02 UTC | símbolos=34
========================================================================================
[01/34] START High Frequency Vol 10 Index
[01/34] END   High Frequency Vol 10 Index | 0.07s | ARPS WAITING SETUP
    Motivo: m5_atr_regime,m5_structure_break,m1_rejection
[02/34] START High Frequency Vol 100 Index
[02/34] END   High Frequency Vol 100 Index | 0.05s | ARPS REGIME BLOCKED
    Motivo: SIN_TENDENCIA_M15
[03/34] START High Frequency Vol 25 Index
[03/34] END   High Frequency Vol 25 Index | 0.05s | ARPS REGIME BLOCKED
    Motivo: SIN_TENDENCIA_M15
[04/34] START High Frequency Vol 50 Index
[04/34] END   High Frequency Vol 50 Index | 0.05s | ARPS WAITING SETUP
    Motivo: m5_structure_break
[05/34] START High Frequency Vol 75 Index
[05/34] END   High Frequency Vol 75 Index | 0.05s | ARPS WAITING SETUP
    Motivo: m5_atr_regime,m5_structure_break,m1_rejection,m1_strong_close
[06/34] START Vol over Boom 400
[06/34] END   Vol over Boom 400 | 0.04s | ARPS REGIME BLOCKED
    Motivo: SIN_TENDENCIA_M15
[07/34] START Vol over Boom 550
[07/34] END   Vol over Boom 550 | 0.05s | ARPS WAITING SETUP
    Motivo: m5_structure_break,m1_strong_close
[08/34] START Vol over Boom 750
[08/34] END   Vol over Boom 750 | 0.04s | ARPS REGIME BLOCKED
    Motivo: SIN_TENDENCIA_M15
[09/34] START Vol over Crash 400
[09/34] END   Vol over Crash 400 | 0.04s | ARPS REGIME BLOCKED
    Motivo: SIN_TENDENCIA_M15
[10/34] START Vol over Crash 550
[10/34] END   Vol over Crash 550 | 0.07s | ARPS WAITING SETUP
    Motivo: m5_structure_break,m1_rejection,m1_follow_through
[11/34] START Vol over Crash 750
[11/34] END   Vol over Crash 750 | 0.05s | ARPS REGIME BLOCKED
    Motivo: SIN_TENDENCIA_M15
[12/34] START VolSwitch High Vol Index
[12/34] END   VolSwitch High Vol Index | 0.07s | ARPS REGIME BLOCKED
    Motivo: SIN_TENDENCIA_M15
[13/34] START VolSwitch Low Vol Index
[13/34] END   VolSwitch Low Vol Index | 0.07s | ARPS WAITING SETUP
    Motivo: m5_atr_regime,m5_structure_break,m1_follow_through
[14/34] START VolSwitch Medium Vol Index
[14/34] END   VolSwitch Medium Vol Index | 0.05s | ARPS WAITING SETUP
    Motivo: m5_structure_break,m1_rejection
[15/34] START Volatility 10 (1s) Index
[15/34] END   Volatility 10 (1s) Index | 0.05s | ARPS WAITING SETUP
    Motivo: m5_atr_regime,m5_structure_break,m1_follow_through
[16/34] START Volatility 10 Index
[16/34] END   Volatility 10 Index | 0.04s | ARPS REGIME BLOCKED
    Motivo: ADX_M15_INSUFICIENTE
[17/34] START Volatility 100 (1s) Index
[17/34] END   Volatility 100 (1s) Index | 0.04s | ARPS REGIME BLOCKED
    Motivo: ADX_M15_INSUFICIENTE
[18/34] START Volatility 100 Index
[18/34] END   Volatility 100 Index | 0.01s | INSTRUMENTO EN CUARENTENA DE RIESGO
    Motivo: cuarentena temporal por desviación marginal de ejecución
[19/34] START Volatility 15 (1s) Index
[19/34] END   Volatility 15 (1s) Index | 0.05s | ARPS WAITING SETUP
    Motivo: m5_atr_regime,m1_follow_through
[20/34] START Volatility 15 Index
[20/34] END   Volatility 15 Index | 0.05s | ARPS WAITING SETUP
    Motivo: m5_structure_break,m1_follow_through,m1_strong_close
[21/34] START Volatility 150 (1s) Index
[21/34] END   Volatility 150 (1s) Index | 0.05s | ARPS WAITING SETUP
    Motivo: spread_vs_atr,m5_structure_break,m1_rejection,m1_follow_through
[22/34] START Volatility 25 (1s) Index
[22/34] END   Volatility 25 (1s) Index | 0.06s | ARPS WAITING SETUP
    Motivo: m5_atr_regime,m5_structure_break,m1_strong_close
[23/34] START Volatility 25 Index
[23/34] END   Volatility 25 Index | 0.01s | INSTRUMENTO EN CUARENTENA DE RIESGO
    Motivo: cuarentena temporal por desviación marginal de ejecución
[24/34] START Volatility 250 (1s) Index
[24/34] END   Volatility 250 (1s) Index | 0.05s | ARPS REGIME BLOCKED
    Motivo: ADX_M15_INSUFICIENTE
[25/34] START Volatility 30 (1s) Index
[25/34] END   Volatility 30 (1s) Index | 0.01s | INSTRUMENTO EN CUARENTENA DE RIESGO
    Motivo: cuarentena temporal por desviación marginal de ejecución
[26/34] START Volatility 30 Index
[26/34] END   Volatility 30 Index | 0.05s | ARPS WAITING SETUP
    Motivo: m5_atr_regime,m5_structure_break,m1_rejection,m1_follow_through
[27/34] START Volatility 5 (1s) Index
[27/34] END   Volatility 5 (1s) Index | 0.05s | ARPS WAITING SETUP
    Motivo: m5_atr_regime,m5_structure_break,m1_strong_close
[28/34] START Volatility 5 Index
[28/34] END   Volatility 5 Index | 0.04s | ARPS WAITING SETUP
    Motivo: m1_rejection,m1_follow_through,m1_strong_close
[29/34] START Volatility 50 (1s) Index
[29/34] END   Volatility 50 (1s) Index | 0.05s | ARPS WAITING SETUP
    Motivo: m5_atr_regime,m5_structure_break,m1_rejection
[30/34] START Volatility 50 Index
[30/34] END   Volatility 50 Index | 0.10s | ARPS WAITING SETUP
    Motivo: m5_atr_regime,m5_structure_break,m5_pullback,m1_rejection,m1_follow_through
[31/34] START Volatility 75 (1s) Index
[31/34] END   Volatility 75 (1s) Index | 0.06s | ARPS REGIME BLOCKED
    Motivo: SIN_TENDENCIA_M15
[32/34] START Volatility 75 Index
[32/34] END   Volatility 75 Index | 0.08s | ARPS WAITING SETUP
    Motivo: m5_atr_regime,spread_vs_atr,m5_structure_break,m1_follow_through
[33/34] START Volatility 90 (1s) Index
[33/34] END   Volatility 90 (1s) Index | 0.05s | ARPS REGIME BLOCKED
    Motivo: SIN_TENDENCIA_M15
[34/34] START Volatility 90 Index
[34/34] END   Volatility 90 Index | 0.07s | ARPS WAITING SETUP
    Motivo: m5_structure_break,m1_follow_through
----------------------------------------------------------------------------------------
RESUMEN DEL CICLO #0001
Símbolos analizados: 34
Sin señal: 0
Esperando/otros: 34
Señales rechazadas: 0
Bloqueadas por estado/límites: 0
Validadas DRY RUN: 0
Nuevas órdenes: 0
Operaciones cerradas sincronizadas: 0
Errores: 0
Duración del ciclo: 2.34s
Intervalo objetivo: 30s
Próximo ciclo en: 27.66s
----------------------------------------------------------------------------------------

========================================================================================
CICLO #0002 | 2026-09-03 13:20:32 UTC | símbolos=0
========================================================================================
----------------------------------------------------------------------------------------
RESUMEN DEL CICLO #0002
Símbolos analizados: 0
Sin señal: 0
Esperando/otros: 0
Señales rechazadas: 0
Bloqueadas por estado/límites: 0
Validadas DRY RUN: 0
Nuevas órdenes: 0
Operaciones cerradas sincronizadas: 0
Errores: 0
Duración del ciclo: 0.14s
Intervalo objetivo: 30s
Próximo ciclo en: 29.86s
----------------------------------------------------------------------------------------

========================================================================================
CICLO #0003 | 2026-09-03 13:21:02 UTC | símbolos=34
========================================================================================
[01/34] START High Frequency Vol 10 Index
[01/34] END   High Frequency Vol 10 Index | 0.03s | ARPS WAITING SETUP
    Motivo: m5_atr_regime,m5_structure_break,m1_rejection
[02/34] START High Frequency Vol 100 Index
[02/34] END   High Frequency Vol 100 Index | 0.03s | ARPS REGIME BLOCKED
    Motivo: SIN_TENDENCIA_M15
[03/34] START High Frequency Vol 25 Index
[03/34] END   High Frequency Vol 25 Index | 0.02s | ARPS REGIME BLOCKED
    Motivo: SIN_TENDENCIA_M15
[04/34] START High Frequency Vol 50 Index
[04/34] END   High Frequency Vol 50 Index | 0.03s | ARPS WAITING SETUP
    Motivo: m5_structure_break,m1_rejection,m1_follow_through,m1_strong_close
[05/34] START High Frequency Vol 75 Index
[05/34] END   High Frequency Vol 75 Index | 0.03s | ARPS WAITING SETUP
    Motivo: m5_atr_regime,m5_structure_break
[06/34] START Vol over Boom 400
[06/34] END   Vol over Boom 400 | 0.03s | ARPS REGIME BLOCKED
    Motivo: SIN_TENDENCIA_M15
[07/34] START Vol over Boom 550
[07/34] END   Vol over Boom 550 | 0.03s | ARPS WAITING SETUP
    Motivo: m5_structure_break,m1_follow_through
[08/34] START Vol over Boom 750
[08/34] END   Vol over Boom 750 | 0.03s | ARPS REGIME BLOCKED
    Motivo: SIN_TENDENCIA_M15
[09/34] START Vol over Crash 400
[09/34] END   Vol over Crash 400 | 0.02s | ARPS REGIME BLOCKED
    Motivo: SIN_TENDENCIA_M15
[10/34] START Vol over Crash 550
[10/34] END   Vol over Crash 550 | 0.03s | ARPS WAITING SETUP
    Motivo: m5_structure_break,m1_rejection,m1_follow_through
[11/34] START Vol over Crash 750
[11/34] END   Vol over Crash 750 | 0.02s | ARPS REGIME BLOCKED
    Motivo: SIN_TENDENCIA_M15
[12/34] START VolSwitch High Vol Index
[12/34] END   VolSwitch High Vol Index | 0.03s | ARPS REGIME BLOCKED
    Motivo: SIN_TENDENCIA_M15
[13/34] START VolSwitch Low Vol Index
[13/34] END   VolSwitch Low Vol Index | 0.03s | ARPS WAITING SETUP
    Motivo: m5_atr_regime,m5_structure_break,m1_rejection,m1_strong_close
[14/34] START VolSwitch Medium Vol Index
[14/34] END   VolSwitch Medium Vol Index | 0.03s | ARPS WAITING SETUP
    Motivo: m5_structure_break,m1_rejection,m1_follow_through
[15/34] START Volatility 10 (1s) Index
[15/34] END   Volatility 10 (1s) Index | 0.03s | ARPS WAITING SETUP
    Motivo: m5_atr_regime,m5_structure_break,m1_rejection,m1_follow_through
[16/34] START Volatility 10 Index
[16/34] END   Volatility 10 Index | 0.03s | ARPS REGIME BLOCKED
    Motivo: ADX_M15_INSUFICIENTE
[17/34] START Volatility 100 (1s) Index
[17/34] END   Volatility 100 (1s) Index | 0.02s | ARPS REGIME BLOCKED
    Motivo: ADX_M15_INSUFICIENTE
[18/34] START Volatility 100 Index
[18/34] END   Volatility 100 Index | 0.00s | INSTRUMENTO EN CUARENTENA DE RIESGO
    Motivo: cuarentena temporal por desviación marginal de ejecución
[19/34] START Volatility 15 (1s) Index
[19/34] END   Volatility 15 (1s) Index | 0.03s | ARPS WAITING SETUP
    Motivo: m5_atr_regime,m1_rejection
[20/34] START Volatility 15 Index
[20/34] END   Volatility 15 Index | 0.04s | ARPS WAITING SETUP
    Motivo: m5_structure_break,m1_rejection,m1_follow_through,m1_strong_close
[21/34] START Volatility 150 (1s) Index
[21/34] END   Volatility 150 (1s) Index | 0.04s | ARPS WAITING SETUP
    Motivo: spread_vs_atr,m5_structure_break,m1_rejection,m1_follow_through,m1_strong_close
[22/34] START Volatility 25 (1s) Index
[22/34] END   Volatility 25 (1s) Index | 0.05s | ARPS WAITING SETUP
    Motivo: m5_atr_regime,m5_structure_break,m1_strong_close
[23/34] START Volatility 25 Index
[23/34] END   Volatility 25 Index | 0.01s | INSTRUMENTO EN CUARENTENA DE RIESGO
    Motivo: cuarentena temporal por desviación marginal de ejecución
[24/34] START Volatility 250 (1s) Index
[24/34] END   Volatility 250 (1s) Index | 0.04s | ARPS REGIME BLOCKED
    Motivo: ADX_M15_INSUFICIENTE
[25/34] START Volatility 30 (1s) Index
[25/34] END   Volatility 30 (1s) Index | 0.01s | INSTRUMENTO EN CUARENTENA DE RIESGO
    Motivo: cuarentena temporal por desviación marginal de ejecución
[26/34] START Volatility 30 Index
[26/34] END   Volatility 30 Index | 0.05s | ARPS WAITING SETUP
    Motivo: m5_atr_regime,m5_structure_break,m1_rejection,m1_follow_through,m1_strong_close
[27/34] START Volatility 5 (1s) Index
[27/34] END   Volatility 5 (1s) Index | 0.05s | ARPS WAITING SETUP
    Motivo: m5_atr_regime,m5_structure_break,m1_follow_through
[28/34] START Volatility 5 Index
[28/34] END   Volatility 5 Index | 0.04s | ARPS WAITING SETUP
    Motivo: m1_rejection
[29/34] START Volatility 50 (1s) Index
[29/34] END   Volatility 50 (1s) Index | 0.04s | ARPS WAITING SETUP
    Motivo: m5_atr_regime,m5_structure_break,m1_rejection,m1_follow_through
[30/34] START Volatility 50 Index
[30/34] END   Volatility 50 Index | 0.03s | ARPS WAITING SETUP
    Motivo: m5_atr_regime,m5_structure_break,m5_pullback,m1_rejection
[31/34] START Volatility 75 (1s) Index
[31/34] END   Volatility 75 (1s) Index | 0.03s | ARPS REGIME BLOCKED
    Motivo: SIN_TENDENCIA_M15
[32/34] START Volatility 75 Index
[32/34] END   Volatility 75 Index | 0.03s | ARPS WAITING SETUP
    Motivo: m5_atr_regime,spread_vs_atr,m5_structure_break,m1_rejection,m1_follow_through
[33/34] START Volatility 90 (1s) Index
[33/34] END   Volatility 90 (1s) Index | 0.02s | ARPS REGIME BLOCKED
    Motivo: SIN_TENDENCIA_M15
[34/34] START Volatility 90 Index
[34/34] END   Volatility 90 Index | 0.03s | ARPS WAITING SETUP
    Motivo: m5_structure_break,m1_rejection,m1_follow_through,m1_strong_close
----------------------------------------------------------------------------------------
RESUMEN DEL CICLO #0003
Símbolos analizados: 34
Sin señal: 0
Esperando/otros: 34
Señales rechazadas: 0
Bloqueadas por estado/límites: 0
Validadas DRY RUN: 0
Nuevas órdenes: 0
Operaciones cerradas sincronizadas: 0
Errores: 0
Duración del ciclo: 1.27s
Intervalo objetivo: 30s
Próximo ciclo en: 28.73s
----------------------------------------------------------------------------------------

========================================================================================
CICLO #0004 | 2026-09-03 13:21:32 UTC | símbolos=0
========================================================================================
----------------------------------------------------------------------------------------
RESUMEN DEL CICLO #0004
Símbolos analizados: 0
Sin señal: 0
Esperando/otros: 0
Señales rechazadas: 0
Bloqueadas por estado/límites: 0
Validadas DRY RUN: 0
Nuevas órdenes: 0
Operaciones cerradas sincronizadas: 0
Errores: 0
Duración del ciclo: 0.13s
Intervalo objetivo: 30s
Próximo ciclo en: 29.87s
----------------------------------------------------------------------------------------

========================================================================================
CICLO #0005 | 2026-09-03 13:22:02 UTC | símbolos=34
========================================================================================
[01/34] START High Frequency Vol 10 Index
[01/34] END   High Frequency Vol 10 Index | 0.03s | ARPS WAITING SETUP
    Motivo: m5_atr_regime,m5_structure_break,m1_rejection,m1_follow_through,m1_strong_close
[02/34] START High Frequency Vol 100 Index
[02/34] END   High Frequency Vol 100 Index | 0.03s | ARPS REGIME BLOCKED
    Motivo: SIN_TENDENCIA_M15
[03/34] START High Frequency Vol 25 Index
[03/34] END   High Frequency Vol 25 Index | 0.02s | ARPS REGIME BLOCKED
    Motivo: SIN_TENDENCIA_M15
[04/34] START High Frequency Vol 50 Index
[04/34] END   High Frequency Vol 50 Index | 0.04s | ARPS WAITING SETUP
    Motivo: m5_structure_break,m1_rejection,m1_strong_close
[05/34] START High Frequency Vol 75 Index
[05/34] END   High Frequency Vol 75 Index | 0.03s | ARPS WAITING SETUP
    Motivo: m5_atr_regime,m5_structure_break
[06/34] START Vol over Boom 400
[06/34] END   Vol over Boom 400 | 0.03s | ARPS REGIME BLOCKED
    Motivo: SIN_TENDENCIA_M15
[07/34] START Vol over Boom 550
[07/34] END   Vol over Boom 550 | 0.03s | ARPS WAITING SETUP
    Motivo: m5_structure_break,m1_rejection,m1_follow_through
[08/34] START Vol over Boom 750
[08/34] END   Vol over Boom 750 | 0.03s | ARPS REGIME BLOCKED
    Motivo: SIN_TENDENCIA_M15
[09/34] START Vol over Crash 400
[09/34] END   Vol over Crash 400 | 0.03s | ARPS REGIME BLOCKED
    Motivo: SIN_TENDENCIA_M15
[10/34] START Vol over Crash 550
[10/34] END   Vol over Crash 550 | 0.04s | ARPS WAITING SETUP
    Motivo: m5_structure_break,m1_rejection,m1_follow_through
[11/34] START Vol over Crash 750
[11/34] END   Vol over Crash 750 | 0.03s | ARPS REGIME BLOCKED
    Motivo: SIN_TENDENCIA_M15
[12/34] START VolSwitch High Vol Index
[12/34] END   VolSwitch High Vol Index | 0.03s | ARPS REGIME BLOCKED
    Motivo: SIN_TENDENCIA_M15
[13/34] START VolSwitch Low Vol Index
[13/34] END   VolSwitch Low Vol Index | 0.03s | ARPS WAITING SETUP
    Motivo: m5_atr_regime,m5_structure_break,m1_rejection
[14/34] START VolSwitch Medium Vol Index
[14/34] END   VolSwitch Medium Vol Index | 0.04s | ARPS WAITING SETUP
    Motivo: m5_structure_break,m1_rejection
[15/34] START Volatility 10 (1s) Index
[15/34] END   Volatility 10 (1s) Index | 0.04s | ARPS WAITING SETUP
    Motivo: m5_atr_regime,m5_structure_break,m1_rejection,m1_strong_close
[16/34] START Volatility 10 Index
[16/34] END   Volatility 10 Index | 0.03s | ARPS REGIME BLOCKED
    Motivo: ADX_M15_INSUFICIENTE
[17/34] START Volatility 100 (1s) Index
[17/34] END   Volatility 100 (1s) Index | 0.03s | ARPS REGIME BLOCKED
    Motivo: ADX_M15_INSUFICIENTE
[18/34] START Volatility 100 Index
[18/34] END   Volatility 100 Index | 0.00s | INSTRUMENTO EN CUARENTENA DE RIESGO
    Motivo: cuarentena temporal por desviación marginal de ejecución
[19/34] START Volatility 15 (1s) Index
[19/34] END   Volatility 15 (1s) Index | 0.03s | ARPS WAITING SETUP
    Motivo: m5_atr_regime,m1_follow_through,m1_strong_close
[20/34] START Volatility 15 Index
[20/34] END   Volatility 15 Index | 0.04s | ARPS WAITING SETUP
    Motivo: m5_structure_break,m1_rejection,m1_follow_through
[21/34] START Volatility 150 (1s) Index
[21/34] END   Volatility 150 (1s) Index | 0.03s | ARPS WAITING SETUP
    Motivo: spread_vs_atr,m5_structure_break,m1_rejection,m1_follow_through,m1_strong_close
[22/34] START Volatility 25 (1s) Index
[22/34] END   Volatility 25 (1s) Index | 0.03s | ARPS WAITING SETUP
    Motivo: m5_atr_regime,m5_structure_break
[23/34] START Volatility 25 Index
[23/34] END   Volatility 25 Index | 0.00s | INSTRUMENTO EN CUARENTENA DE RIESGO
    Motivo: cuarentena temporal por desviación marginal de ejecución
[24/34] START Volatility 250 (1s) Index
[24/34] END   Volatility 250 (1s) Index | 0.02s | ARPS REGIME BLOCKED
    Motivo: ADX_M15_INSUFICIENTE
[25/34] START Volatility 30 (1s) Index
[25/34] END   Volatility 30 (1s) Index | 0.01s | INSTRUMENTO EN CUARENTENA DE RIESGO
    Motivo: cuarentena temporal por desviación marginal de ejecución
[26/34] START Volatility 30 Index
[26/34] END   Volatility 30 Index | 0.03s | ARPS WAITING SETUP
    Motivo: m5_atr_regime,m5_structure_break,m1_rejection
[27/34] START Volatility 5 (1s) Index
[27/34] END   Volatility 5 (1s) Index | 0.04s | ARPS WAITING SETUP
    Motivo: m5_atr_regime,m5_structure_break,m1_rejection,m1_follow_through,m1_strong_close
[28/34] START Volatility 5 Index
[28/34] END   Volatility 5 Index | 1.97s | CIERRE DE EMERGENCIA POR RIESGO
    Motivo: el riesgo real después de ejecutar la orden superó el límite máximo
    Confirmaciones: - | 100.0% | calidad=100.00 | decisión=ARPS_STRICT_CONFIRMED
[29/34] START Volatility 50 (1s) Index
[MONITOR BACKGROUND_MONITOR] posiciones=0 | BE activados=0 | runner eventos=0 | cierres=1 | 0.07s
[29/34] END   Volatility 50 (1s) Index | 0.05s | ARPS WAITING SETUP
    Motivo: m5_atr_regime,m5_structure_break,m1_rejection,m1_follow_through,m1_strong_close
[30/34] START Volatility 50 Index
[30/34] END   Volatility 50 Index | 0.04s | ARPS WAITING SETUP
    Motivo: m5_atr_regime,m5_structure_break,m5_pullback,m1_rejection
[31/34] START Volatility 75 (1s) Index
[31/34] END   Volatility 75 (1s) Index | 0.03s | ARPS REGIME BLOCKED
    Motivo: SIN_TENDENCIA_M15
[32/34] START Volatility 75 Index
[32/34] END   Volatility 75 Index | 0.04s | ARPS WAITING SETUP
    Motivo: m5_atr_regime,spread_vs_atr,m5_structure_break,m1_rejection,m1_follow_through
[33/34] START Volatility 90 (1s) Index
[33/34] END   Volatility 90 (1s) Index | 0.03s | ARPS REGIME BLOCKED
    Motivo: SIN_TENDENCIA_M15
[34/34] START Volatility 90 Index
[34/34] END   Volatility 90 Index | 0.03s | ARPS WAITING SETUP
    Motivo: m5_structure_break,m1_rejection
----------------------------------------------------------------------------------------
RESUMEN DEL CICLO #0005
Símbolos analizados: 34
Sin señal: 0
Esperando/otros: 34
Señales rechazadas: 0
Bloqueadas por estado/límites: 0
Validadas DRY RUN: 0
Nuevas órdenes: 0
Operaciones cerradas sincronizadas: 0
Errores: 0
Duración del ciclo: 3.19s
Intervalo objetivo: 30s
Próximo ciclo en: 26.81s
----------------------------------------------------------------------------------------

========================================================================================
CICLO #0006 | 2026-09-03 13:22:32 UTC | símbolos=0
========================================================================================
----------------------------------------------------------------------------------------
RESUMEN DEL CICLO #0006
Símbolos analizados: 0
Sin señal: 0
Esperando/otros: 0
Señales rechazadas: 0
Bloqueadas por estado/límites: 0
Validadas DRY RUN: 0
Nuevas órdenes: 0
Operaciones cerradas sincronizadas: 0
Errores: 0
Duración del ciclo: 0.10s
Intervalo objetivo: 30s
Próximo ciclo en: 29.90s
----------------------------------------------------------------------------------------

========================================================================================
CICLO #0007 | 2026-09-03 13:23:02 UTC | símbolos=34
========================================================================================
[01/34] START High Frequency Vol 10 Index
[01/34] END   High Frequency Vol 10 Index | 0.03s | ARPS WAITING SETUP
    Motivo: m5_atr_regime,m5_structure_break,m1_rejection,m1_follow_through,m1_strong_close
[02/34] START High Frequency Vol 100 Index
[02/34] END   High Frequency Vol 100 Index | 0.02s | ARPS REGIME BLOCKED
    Motivo: SIN_TENDENCIA_M15
[03/34] START High Frequency Vol 25 Index
[03/34] END   High Frequency Vol 25 Index | 0.03s | ARPS REGIME BLOCKED
    Motivo: SIN_TENDENCIA_M15
[04/34] START High Frequency Vol 50 Index
[04/34] END   High Frequency Vol 50 Index | 0.03s | ARPS WAITING SETUP
    Motivo: m5_structure_break,m1_strong_close
[05/34] START High Frequency Vol 75 Index
[05/34] END   High Frequency Vol 75 Index | 0.03s | ARPS WAITING SETUP
    Motivo: m5_atr_regime,m5_structure_break,m1_rejection,m1_strong_close
[06/34] START Vol over Boom 400
[06/34] END   Vol over Boom 400 | 0.02s | ARPS REGIME BLOCKED
    Motivo: SIN_TENDENCIA_M15
[07/34] START Vol over Boom 550
[07/34] END   Vol over Boom 550 | 0.03s | ARPS WAITING SETUP
    Motivo: m5_structure_break,m1_rejection
[08/34] START Vol over Boom 750
[08/34] END   Vol over Boom 750 | 0.02s | ARPS REGIME BLOCKED
    Motivo: SIN_TENDENCIA_M15
[09/34] START Vol over Crash 400
[09/34] END   Vol over Crash 400 | 0.02s | ARPS REGIME BLOCKED
    Motivo: SIN_TENDENCIA_M15
[10/34] START Vol over Crash 550
[10/34] END   Vol over Crash 550 | 0.03s | ARPS WAITING SETUP
    Motivo: m5_structure_break,m1_rejection,m1_strong_close
[11/34] START Vol over Crash 750
[11/34] END   Vol over Crash 750 | 0.03s | ARPS REGIME BLOCKED
    Motivo: SIN_TENDENCIA_M15
[12/34] START VolSwitch High Vol Index
[12/34] END   VolSwitch High Vol Index | 0.04s | ARPS REGIME BLOCKED
    Motivo: SIN_TENDENCIA_M15
[13/34] START VolSwitch Low Vol Index
[13/34] END   VolSwitch Low Vol Index | 0.03s | ARPS WAITING SETUP
    Motivo: m5_atr_regime,m5_structure_break,m1_rejection,m1_follow_through
[14/34] START VolSwitch Medium Vol Index
[14/34] END   VolSwitch Medium Vol Index | 0.03s | ARPS WAITING SETUP
    Motivo: m5_structure_break
[15/34] START Volatility 10 (1s) Index
[15/34] END   Volatility 10 (1s) Index | 0.03s | ARPS WAITING SETUP
    Motivo: m5_atr_regime,m5_structure_break,m1_follow_through
[16/34] START Volatility 10 Index
[16/34] END   Volatility 10 Index | 0.03s | ARPS REGIME BLOCKED
    Motivo: ADX_M15_INSUFICIENTE
[17/34] START Volatility 100 (1s) Index
[17/34] END   Volatility 100 (1s) Index | 0.03s | ARPS REGIME BLOCKED
    Motivo: ADX_M15_INSUFICIENTE
[18/34] START Volatility 100 Index
[18/34] END   Volatility 100 Index | 0.01s | INSTRUMENTO EN CUARENTENA DE RIESGO
    Motivo: cuarentena temporal por desviación marginal de ejecución
[19/34] START Volatility 15 (1s) Index
[19/34] END   Volatility 15 (1s) Index | 0.03s | ARPS WAITING SETUP
    Motivo: m5_atr_regime,m1_rejection,m1_strong_close
[20/34] START Volatility 15 Index
[20/34] END   Volatility 15 Index | 0.04s | ARPS WAITING SETUP
    Motivo: m5_structure_break,m1_rejection,m1_strong_close
[21/34] START Volatility 150 (1s) Index
[21/34] END   Volatility 150 (1s) Index | 0.03s | ARPS WAITING SETUP
    Motivo: spread_vs_atr,m5_structure_break,m1_rejection,m1_follow_through,m1_strong_close
[22/34] START Volatility 25 (1s) Index
[22/34] END   Volatility 25 (1s) Index | 0.03s | ARPS WAITING SETUP
    Motivo: m5_atr_regime,m5_structure_break,m1_rejection,m1_follow_through,m1_strong_close
[23/34] START Volatility 25 Index
[23/34] END   Volatility 25 Index | 0.00s | INSTRUMENTO EN CUARENTENA DE RIESGO
    Motivo: cuarentena temporal por desviación marginal de ejecución
[24/34] START Volatility 250 (1s) Index
[24/34] END   Volatility 250 (1s) Index | 0.03s | ARPS REGIME BLOCKED
    Motivo: ADX_M15_INSUFICIENTE
[25/34] START Volatility 30 (1s) Index
[25/34] END   Volatility 30 (1s) Index | 0.01s | INSTRUMENTO EN CUARENTENA DE RIESGO
    Motivo: cuarentena temporal por desviación marginal de ejecución
[26/34] START Volatility 30 Index
[26/34] END   Volatility 30 Index | 0.03s | ARPS WAITING SETUP
    Motivo: m5_atr_regime,m5_structure_break,m1_rejection,m1_follow_through
[27/34] START Volatility 5 (1s) Index
[27/34] END   Volatility 5 (1s) Index | 0.03s | ARPS WAITING SETUP
    Motivo: m5_atr_regime,m5_structure_break,m1_rejection
[28/34] START Volatility 5 Index
[28/34] END   Volatility 5 Index | 0.00s | INSTRUMENTO EN CUARENTENA DE RIESGO
    Motivo: cuarentena de seguridad que requiere revisión manual
[29/34] START Volatility 50 (1s) Index
[29/34] END   Volatility 50 (1s) Index | 0.03s | ARPS WAITING SETUP
    Motivo: m5_atr_regime,m5_structure_break,m1_rejection,m1_follow_through,m1_strong_close
[30/34] START Volatility 50 Index
[30/34] END   Volatility 50 Index | 0.03s | ARPS WAITING SETUP
    Motivo: m5_atr_regime,m5_structure_break,m5_pullback,m1_rejection,m1_follow_through
[31/34] START Volatility 75 (1s) Index
[31/34] END   Volatility 75 (1s) Index | 0.02s | ARPS REGIME BLOCKED
    Motivo: SIN_TENDENCIA_M15
[32/34] START Volatility 75 Index
[32/34] END   Volatility 75 Index | 0.03s | ARPS WAITING SETUP
    Motivo: m5_atr_regime,spread_vs_atr,m5_structure_break,m1_rejection,m1_follow_through
[33/34] START Volatility 90 (1s) Index
[33/34] END   Volatility 90 (1s) Index | 0.03s | ARPS REGIME BLOCKED
    Motivo: SIN_TENDENCIA_M15
[34/34] START Volatility 90 Index
[34/34] END   Volatility 90 Index | 0.02s | ARPS WAITING SETUP
    Motivo: m5_structure_break,m1_rejection
----------------------------------------------------------------------------------------
RESUMEN DEL CICLO #0007
Símbolos analizados: 34
Sin señal: 0
Esperando/otros: 34
Señales rechazadas: 0
Bloqueadas por estado/límites: 0
Validadas DRY RUN: 0
Nuevas órdenes: 0
Operaciones cerradas sincronizadas: 0
Errores: 0
Duración del ciclo: 1.08s
Intervalo objetivo: 30s
Próximo ciclo en: 28.92s
----------------------------------------------------------------------------------------
Bot detenido por el usuario.
========================================================================
DERIV DEMO EXECUTION PREFLIGHT
========================================================================
[OK] MT5_ACCOUNT_INFO {'login': 41108926, 'server': 'Deriv-Demo', 'currency': 'USD', 'balance': 9999.39, 'equity': 9999.39, 'margin': 0.0, 'free_margin': 9999.39, 'profit': 0.0, 'leverage': 1000, 'trade_mode': 0, 'snapshot_time': datetime.datetime(2026, 9, 3, 13, 24, 52, 952578, tzinfo=datetime.timezone.utc), 'broker': 'MT5'}
[OK] MT5_TERMINAL_CONNECTED {'trade_allowed': True, 'tradeapi_disabled': False}
[OK] MT5_AUTOTRADING_ALLOWED {'trade_allowed': True, 'tradeapi_disabled': False}
[OK] DEMO_ACCOUNT {'trade_mode': 0, 'server': 'Deriv-Demo'}
[OK] FREE_MARGIN {'free_margin': 9999.39, 'required': 0.0}
[OK] DATABASE_READY {}
[OK] SYMBOL:High Frequency Vol 10 Index {'visible': True, 'trade_mode': 4, 'volume_min': 0.1, 'volume_step': 0.01, 'point': 0.01, 'stops_level_points': 869}
[OK] SYMBOL:High Frequency Vol 100 Index {'visible': True, 'trade_mode': 4, 'volume_min': 0.05, 'volume_step': 0.01, 'point': 0.01, 'stops_level_points': 9066}
[OK] SYMBOL:High Frequency Vol 25 Index {'visible': True, 'trade_mode': 4, 'volume_min': 0.1, 'volume_step': 0.01, 'point': 0.01, 'stops_level_points': 2172}
[OK] SYMBOL:High Frequency Vol 50 Index {'visible': True, 'trade_mode': 4, 'volume_min': 0.05, 'volume_step': 0.01, 'point': 0.01, 'stops_level_points': 4533}
[OK] SYMBOL:High Frequency Vol 75 Index {'visible': True, 'trade_mode': 4, 'volume_min': 0.05, 'volume_step': 0.01, 'point': 0.01, 'stops_level_points': 6799}
[OK] SYMBOL:Spot Up - Volatility Up Index {'visible': True, 'trade_mode': 4, 'volume_min': 0.1, 'volume_step': 0.01, 'point': 0.01, 'stops_level_points': 1000}
[OK] SYMBOL:Vol over Boom 400 {'visible': True, 'trade_mode': 4, 'volume_min': 0.1, 'volume_step': 0.01, 'point': 0.01, 'stops_level_points': 360}
[OK] SYMBOL:Vol over Boom 550 {'visible': True, 'trade_mode': 4, 'volume_min': 0.1, 'volume_step': 0.01, 'point': 0.01, 'stops_level_points': 320}
[OK] SYMBOL:Vol over Boom 750 {'visible': True, 'trade_mode': 4, 'volume_min': 0.1, 'volume_step': 0.01, 'point': 0.01, 'stops_level_points': 250}
[OK] SYMBOL:Vol over Crash 400 {'visible': True, 'trade_mode': 4, 'volume_min': 0.1, 'volume_step': 0.01, 'point': 0.01, 'stops_level_points': 360}
[OK] SYMBOL:Vol over Crash 550 {'visible': True, 'trade_mode': 4, 'volume_min': 0.1, 'volume_step': 0.01, 'point': 0.01, 'stops_level_points': 320}
[OK] SYMBOL:Vol over Crash 750 {'visible': True, 'trade_mode': 4, 'volume_min': 0.1, 'volume_step': 0.01, 'point': 0.01, 'stops_level_points': 250}
[OK] SYMBOL:VolSwitch High Vol Index {'visible': True, 'trade_mode': 4, 'volume_min': 0.1, 'volume_step': 0.1, 'point': 0.01, 'stops_level_points': 1000}
[OK] SYMBOL:VolSwitch Low Vol Index {'visible': True, 'trade_mode': 4, 'volume_min': 0.1, 'volume_step': 0.1, 'point': 0.01, 'stops_level_points': 1000}
[OK] SYMBOL:VolSwitch Medium Vol Index {'visible': True, 'trade_mode': 4, 'volume_min': 0.1, 'volume_step': 0.1, 'point': 0.01, 'stops_level_points': 1000}
[OK] SYMBOL:Volatility 10 (1s) Index {'visible': True, 'trade_mode': 4, 'volume_min': 0.5, 'volume_step': 0.01, 'point': 0.01, 'stops_level_points': 106}
[OK] SYMBOL:Volatility 10 Index {'visible': True, 'trade_mode': 4, 'volume_min': 0.5, 'volume_step': 0.01, 'point': 0.001, 'stops_level_points': 720}
[OK] SYMBOL:Volatility 100 (1s) Index {'visible': True, 'trade_mode': 4, 'volume_min': 1.0, 'volume_step': 0.01, 'point': 0.01, 'stops_level_points': 72}
[OK] SYMBOL:Volatility 100 Index {'visible': True, 'trade_mode': 4, 'volume_min': 1.0, 'volume_step': 0.01, 'point': 0.01, 'stops_level_points': 138}
[OK] SYMBOL:Volatility 15 (1s) Index {'visible': True, 'trade_mode': 4, 'volume_min': 0.2, 'volume_step': 0.01, 'point': 0.001, 'stops_level_points': 1908}
[OK] SYMBOL:Volatility 15 Index {'visible': True, 'trade_mode': 4, 'volume_min': 0.1, 'volume_step': 0.01, 'point': 0.001, 'stops_level_points': 12729}
[OK] SYMBOL:Volatility 150 (1s) Index {'visible': True, 'trade_mode': 4, 'volume_min': 1.0, 'volume_step': 0.001, 'point': 0.01, 'stops_level_points': 149}
[OK] SYMBOL:Volatility 25 (1s) Index {'visible': True, 'trade_mode': 4, 'volume_min': 0.005, 'volume_step': 0.001, 'point': 0.01, 'stops_level_points': 10215}
[OK] SYMBOL:Volatility 25 Index {'visible': True, 'trade_mode': 4, 'volume_min': 0.5, 'volume_step': 0.01, 'point': 0.001, 'stops_level_points': 423}
[OK] SYMBOL:Volatility 250 (1s) Index {'visible': True, 'trade_mode': 4, 'volume_min': 10.0, 'volume_step': 0.001, 'point': 1e-05, 'stops_level_points': 200}
[OK] SYMBOL:Volatility 30 (1s) Index {'visible': True, 'trade_mode': 4, 'volume_min': 0.2, 'volume_step': 0.01, 'point': 0.001, 'stops_level_points': 1800}
[OK] SYMBOL:Volatility 30 Index {'visible': True, 'trade_mode': 4, 'volume_min': 0.05, 'volume_step': 0.01, 'point': 0.001, 'stops_level_points': 32857}
[OK] SYMBOL:Volatility 5 (1s) Index {'visible': True, 'trade_mode': 4, 'volume_min': 0.05, 'volume_step': 0.01, 'point': 0.01, 'stops_level_points': 420}
[OK] SYMBOL:Volatility 5 Index {'visible': True, 'trade_mode': 4, 'volume_min': 0.05, 'volume_step': 0.01, 'point': 0.001, 'stops_level_points': 4200}
[OK] SYMBOL:Volatility 50 (1s) Index {'visible': True, 'trade_mode': 4, 'volume_min': 0.005, 'volume_step': 0.001, 'point': 0.01, 'stops_level_points': 6996}
[OK] SYMBOL:Volatility 50 Index {'visible': True, 'trade_mode': 4, 'volume_min': 4.0, 'volume_step': 0.01, 'point': 0.0001, 'stops_level_points': 1350}
[OK] SYMBOL:Volatility 75 (1s) Index {'visible': True, 'trade_mode': 4, 'volume_min': 0.05, 'volume_step': 0.001, 'point': 0.01, 'stops_level_points': 432}
[OK] SYMBOL:Volatility 75 Index {'visible': True, 'trade_mode': 4, 'volume_min': 0.01, 'volume_step': 0.001, 'point': 0.01, 'stops_level_points': 10770}
[OK] SYMBOL:Volatility 90 (1s) Index {'visible': True, 'trade_mode': 4, 'volume_min': 0.1, 'volume_step': 0.01, 'point': 0.001, 'stops_level_points': 22257}
[OK] SYMBOL:Volatility 90 Index {'visible': True, 'trade_mode': 4, 'volume_min': 0.05, 'volume_step': 0.01, 'point': 0.001, 'stops_level_points': 123310}
========================================================================
STATUS: READY FOR DEMO EXECUTION
DAEMONBLACKFX VERSION: v100-entry-quality-recoverable-quarantine-winrate-audit
BOT ACTIVO: SCALP_VOLATILITY | MAGIC=26082303 | ESTRATEGIA=ARPS_SYNTHETIC_SCALPER | instrumentos=35 | auto_export=False
========================================================================================
BOT SMC MT5 - DERIV DEMO
========================================================================================
Cuenta: 41108926 | Servidor: Deriv-Demo
Balance: 9999.39 USD
Modo: EJECUCIÓN DEMO
Riesgo por trade: 0.25% | R:R mínimo: 1.50
Intervalo: 30s | Símbolos: 35
Reporte XLSX: C:\TradingBoot\smc_synthetic_bot\storage\exports\deriv_demo_trading_report.xlsx
Pipeline: SMC -> TradeLifecycleManager -> MT5TradeExecutor -> SQLite -> XLSX
========================================================================================
Daemon activo: señales=30s | monitor posiciones/BE=2s | símbolos=35
Progreso: se mostrará cada símbolo y su tiempo de análisis.
{'action': 'POSITION_MONITOR_STARTED', 'signal_interval_seconds': 30, 'position_monitor_interval_seconds': 2, 'monitor_mode': 'BACKGROUND_DECOUPLED'}

========================================================================================
CICLO #0001 | 2026-09-03 13:25:24 UTC | símbolos=34
========================================================================================
[01/34] START High Frequency Vol 10 Index
[01/34] END   High Frequency Vol 10 Index | 0.07s | ARPS WAITING SETUP
    Motivo: m5_atr_regime,m5_structure_break,m1_rejection,m1_strong_close
[02/34] START High Frequency Vol 100 Index
[02/34] END   High Frequency Vol 100 Index | 0.05s | ARPS REGIME BLOCKED
    Motivo: SIN_TENDENCIA_M15
[03/34] START High Frequency Vol 25 Index
[03/34] END   High Frequency Vol 25 Index | 0.05s | ARPS REGIME BLOCKED
    Motivo: SIN_TENDENCIA_M15
[04/34] START High Frequency Vol 50 Index
[04/34] END   High Frequency Vol 50 Index | 0.06s | ARPS WAITING SETUP
    Motivo: m5_atr_regime,m1_rejection,m1_strong_close
[05/34] START High Frequency Vol 75 Index
[05/34] END   High Frequency Vol 75 Index | 0.05s | ARPS WAITING SETUP
    Motivo: m5_atr_regime,m5_structure_break,m1_rejection,m1_follow_through,m1_strong_close
[06/34] START Vol over Boom 400
[06/34] END   Vol over Boom 400 | 0.05s | ARPS REGIME BLOCKED
    Motivo: SIN_TENDENCIA_M15
[07/34] START Vol over Boom 550
[07/34] END   Vol over Boom 550 | 0.06s | ARPS WAITING SETUP
    Motivo: m5_structure_break,m1_rejection,m1_follow_through
[08/34] START Vol over Boom 750
[08/34] END   Vol over Boom 750 | 0.05s | ARPS REGIME BLOCKED
    Motivo: SIN_TENDENCIA_M15
[09/34] START Vol over Crash 400
[09/34] END   Vol over Crash 400 | 0.04s | ARPS REGIME BLOCKED
    Motivo: SIN_TENDENCIA_M15
[10/34] START Vol over Crash 550
[10/34] END   Vol over Crash 550 | 0.06s | ARPS WAITING SETUP
    Motivo: m5_structure_break,m1_rejection,m1_follow_through,m1_strong_close
[11/34] START Vol over Crash 750
[11/34] END   Vol over Crash 750 | 0.05s | ARPS REGIME BLOCKED
    Motivo: SIN_TENDENCIA_M15
[12/34] START VolSwitch High Vol Index
[12/34] END   VolSwitch High Vol Index | 0.04s | ARPS REGIME BLOCKED
    Motivo: SIN_TENDENCIA_M15
[13/34] START VolSwitch Low Vol Index
[13/34] END   VolSwitch Low Vol Index | 0.06s | ARPS WAITING SETUP
    Motivo: m5_atr_regime,m5_structure_break,m1_rejection
[14/34] START VolSwitch Medium Vol Index
[14/34] END   VolSwitch Medium Vol Index | 0.05s | ARPS WAITING SETUP
    Motivo: m5_structure_break
[15/34] START Volatility 10 (1s) Index
[15/34] END   Volatility 10 (1s) Index | 0.07s | ARPS WAITING SETUP
    Motivo: m5_atr_regime,m5_structure_break,m1_rejection
[16/34] START Volatility 10 Index
[16/34] END   Volatility 10 Index | 0.06s | ARPS REGIME BLOCKED
    Motivo: ADX_M15_INSUFICIENTE
[17/34] START Volatility 100 (1s) Index
[17/34] END   Volatility 100 (1s) Index | 0.04s | ARPS REGIME BLOCKED
    Motivo: ADX_M15_INSUFICIENTE
[18/34] START Volatility 100 Index
[18/34] END   Volatility 100 Index | 0.01s | INSTRUMENTO EN CUARENTENA DE RIESGO
    Motivo: cuarentena temporal por desviación marginal de ejecución
[19/34] START Volatility 15 (1s) Index
[19/34] END   Volatility 15 (1s) Index | 0.06s | ARPS WAITING SETUP
    Motivo: m5_atr_regime,m5_structure_break,m1_follow_through,m1_strong_close
[20/34] START Volatility 15 Index
[20/34] END   Volatility 15 Index | 0.06s | ARPS WAITING SETUP
    Motivo: m5_structure_break,m1_rejection,m1_follow_through
[21/34] START Volatility 150 (1s) Index
[21/34] END   Volatility 150 (1s) Index | 0.05s | ARPS WAITING SETUP
    Motivo: spread_vs_atr,m5_structure_break,m1_rejection,m1_strong_close
[22/34] START Volatility 25 (1s) Index
[22/34] END   Volatility 25 (1s) Index | 0.05s | ARPS WAITING SETUP
    Motivo: m5_atr_regime,m5_structure_break,m1_rejection
[23/34] START Volatility 25 Index
[23/34] END   Volatility 25 Index | 0.01s | INSTRUMENTO EN CUARENTENA DE RIESGO
    Motivo: cuarentena temporal por desviación marginal de ejecución
[24/34] START Volatility 250 (1s) Index
[24/34] END   Volatility 250 (1s) Index | 0.04s | ARPS REGIME BLOCKED
    Motivo: ADX_M15_INSUFICIENTE
[25/34] START Volatility 30 (1s) Index
[25/34] END   Volatility 30 (1s) Index | 0.01s | INSTRUMENTO EN CUARENTENA DE RIESGO
    Motivo: cuarentena temporal por desviación marginal de ejecución
[26/34] START Volatility 30 Index
[26/34] END   Volatility 30 Index | 0.06s | ARPS WAITING SETUP
    Motivo: m5_atr_regime,m5_structure_break,m1_rejection,m1_follow_through,m1_strong_close
[27/34] START Volatility 5 (1s) Index
[27/34] END   Volatility 5 (1s) Index | 0.06s | ARPS WAITING SETUP
    Motivo: m5_atr_regime,m5_structure_break
[28/34] START Volatility 5 Index
[28/34] END   Volatility 5 Index | 0.01s | INSTRUMENTO EN CUARENTENA DE RIESGO
    Motivo: cuarentena de seguridad que requiere revisión manual
[29/34] START Volatility 50 (1s) Index
[29/34] END   Volatility 50 (1s) Index | 0.06s | ARPS WAITING SETUP
    Motivo: m5_atr_regime,m1_rejection
[30/34] START Volatility 50 Index
[30/34] END   Volatility 50 Index | 0.06s | ARPS WAITING SETUP
    Motivo: m5_atr_regime,m5_structure_break,m5_pullback,m1_rejection
[31/34] START Volatility 75 (1s) Index
[31/34] END   Volatility 75 (1s) Index | 0.05s | ARPS REGIME BLOCKED
    Motivo: SIN_TENDENCIA_M15
[32/34] START Volatility 75 Index
[32/34] END   Volatility 75 Index | 0.06s | ARPS WAITING SETUP
    Motivo: m5_atr_regime,m5_structure_break,m5_pullback,m1_rejection,m1_strong_close
[33/34] START Volatility 90 (1s) Index
[33/34] END   Volatility 90 (1s) Index | 0.05s | ARPS REGIME BLOCKED
    Motivo: SIN_TENDENCIA_M15
[34/34] START Volatility 90 Index
[34/34] END   Volatility 90 Index | 0.05s | ARPS WAITING SETUP
    Motivo: m5_structure_break,m1_rejection
----------------------------------------------------------------------------------------
RESUMEN DEL CICLO #0001
Símbolos analizados: 34
Sin señal: 0
Esperando/otros: 34
Señales rechazadas: 0
Bloqueadas por estado/límites: 0
Validadas DRY RUN: 0
Nuevas órdenes: 0
Operaciones cerradas sincronizadas: 0
Errores: 0
Duración del ciclo: 2.16s
Intervalo objetivo: 30s
Próximo ciclo en: 27.84s
----------------------------------------------------------------------------------------

========================================================================================
CICLO #0002 | 2026-09-03 13:25:54 UTC | símbolos=0
========================================================================================
----------------------------------------------------------------------------------------
RESUMEN DEL CICLO #0002
Símbolos analizados: 0
Sin señal: 0
Esperando/otros: 0
Señales rechazadas: 0
Bloqueadas por estado/límites: 0
Validadas DRY RUN: 0
Nuevas órdenes: 0
Operaciones cerradas sincronizadas: 0
Errores: 0
Duración del ciclo: 0.11s
Intervalo objetivo: 30s
Próximo ciclo en: 29.89s
----------------------------------------------------------------------------------------

========================================================================================
CICLO #0003 | 2026-09-03 13:26:24 UTC | símbolos=34
========================================================================================
[01/34] START High Frequency Vol 10 Index
[01/34] END   High Frequency Vol 10 Index | 0.03s | ARPS WAITING SETUP
    Motivo: m5_atr_regime,m5_structure_break,m1_rejection,m1_follow_through
[02/34] START High Frequency Vol 100 Index
[02/34] END   High Frequency Vol 100 Index | 0.03s | ARPS REGIME BLOCKED
    Motivo: SIN_TENDENCIA_M15
[03/34] START High Frequency Vol 25 Index
[03/34] END   High Frequency Vol 25 Index | 0.03s | ARPS REGIME BLOCKED
    Motivo: SIN_TENDENCIA_M15
[04/34] START High Frequency Vol 50 Index
[04/34] END   High Frequency Vol 50 Index | 0.04s | ARPS WAITING SETUP
    Motivo: m5_atr_regime
[05/34] START High Frequency Vol 75 Index
[05/34] END   High Frequency Vol 75 Index | 0.04s | ARPS WAITING SETUP
    Motivo: m5_atr_regime,m5_structure_break,m1_rejection,m1_follow_through
[06/34] START Vol over Boom 400
[06/34] END   Vol over Boom 400 | 0.03s | ARPS REGIME BLOCKED
    Motivo: SIN_TENDENCIA_M15
[07/34] START Vol over Boom 550
[07/34] END   Vol over Boom 550 | 0.03s | ARPS WAITING SETUP
    Motivo: m5_structure_break,m1_rejection,m1_follow_through
[08/34] START Vol over Boom 750
[08/34] END   Vol over Boom 750 | 0.02s | ARPS REGIME BLOCKED
    Motivo: SIN_TENDENCIA_M15
[09/34] START Vol over Crash 400
[09/34] END   Vol over Crash 400 | 0.03s | ARPS REGIME BLOCKED
    Motivo: SIN_TENDENCIA_M15
[10/34] START Vol over Crash 550
[10/34] END   Vol over Crash 550 | 0.04s | ARPS WAITING SETUP
    Motivo: m5_structure_break,m1_rejection,m1_strong_close
[11/34] START Vol over Crash 750
[11/34] END   Vol over Crash 750 | 0.02s | ARPS REGIME BLOCKED
    Motivo: SIN_TENDENCIA_M15
[12/34] START VolSwitch High Vol Index
[12/34] END   VolSwitch High Vol Index | 0.03s | ARPS REGIME BLOCKED
    Motivo: SIN_TENDENCIA_M15
[13/34] START VolSwitch Low Vol Index
[13/34] END   VolSwitch Low Vol Index | 0.03s | ARPS WAITING SETUP
    Motivo: m5_atr_regime,m5_structure_break,m1_rejection,m1_follow_through,m1_strong_close
[14/34] START VolSwitch Medium Vol Index
[14/34] END   VolSwitch Medium Vol Index | 0.03s | ARPS WAITING SETUP
    Motivo: m5_structure_break,m1_rejection,m1_follow_through
[15/34] START Volatility 10 (1s) Index
[15/34] END   Volatility 10 (1s) Index | 0.03s | ARPS WAITING SETUP
    Motivo: m5_atr_regime,m5_structure_break,m1_follow_through
[16/34] START Volatility 10 Index
[16/34] END   Volatility 10 Index | 0.03s | ARPS REGIME BLOCKED
    Motivo: ADX_M15_INSUFICIENTE
[17/34] START Volatility 100 (1s) Index
[17/34] END   Volatility 100 (1s) Index | 0.02s | ARPS REGIME BLOCKED
    Motivo: ADX_M15_INSUFICIENTE
[18/34] START Volatility 100 Index
[18/34] END   Volatility 100 Index | 0.01s | INSTRUMENTO EN CUARENTENA DE RIESGO
    Motivo: cuarentena temporal por desviación marginal de ejecución
[19/34] START Volatility 15 (1s) Index
[19/34] END   Volatility 15 (1s) Index | 0.03s | ARPS WAITING SETUP
    Motivo: m5_atr_regime,m5_structure_break,m1_rejection,m1_follow_through
[20/34] START Volatility 15 Index
[20/34] END   Volatility 15 Index | 0.03s | ARPS WAITING SETUP
    Motivo: m5_structure_break,m1_rejection,m1_strong_close
[21/34] START Volatility 150 (1s) Index
[21/34] END   Volatility 150 (1s) Index | 0.03s | ARPS WAITING SETUP
    Motivo: spread_vs_atr,m5_structure_break,m1_rejection,m1_follow_through
[22/34] START Volatility 25 (1s) Index
[22/34] END   Volatility 25 (1s) Index | 0.03s | ARPS WAITING SETUP
    Motivo: m5_atr_regime,m5_structure_break,m1_rejection,m1_follow_through,m1_strong_close
[23/34] START Volatility 25 Index
[23/34] END   Volatility 25 Index | 0.00s | INSTRUMENTO EN CUARENTENA DE RIESGO
    Motivo: cuarentena temporal por desviación marginal de ejecución
[24/34] START Volatility 250 (1s) Index
[24/34] END   Volatility 250 (1s) Index | 0.03s | ARPS REGIME BLOCKED
    Motivo: ADX_M15_INSUFICIENTE
[25/34] START Volatility 30 (1s) Index
[25/34] END   Volatility 30 (1s) Index | 0.00s | INSTRUMENTO EN CUARENTENA DE RIESGO
    Motivo: cuarentena temporal por desviación marginal de ejecución
[26/34] START Volatility 30 Index
[26/34] END   Volatility 30 Index | 0.03s | ARPS WAITING SETUP
    Motivo: m5_atr_regime,m5_structure_break,m1_rejection
[27/34] START Volatility 5 (1s) Index
[27/34] END   Volatility 5 (1s) Index | 0.03s | ARPS WAITING SETUP
    Motivo: m5_atr_regime,m5_structure_break,m1_rejection
[28/34] START Volatility 5 Index
[28/34] END   Volatility 5 Index | 0.00s | INSTRUMENTO EN CUARENTENA DE RIESGO
    Motivo: cuarentena de seguridad que requiere revisión manual
[29/34] START Volatility 50 (1s) Index
[29/34] END   Volatility 50 (1s) Index | 0.03s | ARPS WAITING SETUP
    Motivo: m5_atr_regime,m1_rejection
[30/34] START Volatility 50 Index
[30/34] END   Volatility 50 Index | 0.04s | ARPS WAITING SETUP
    Motivo: m5_atr_regime,m5_structure_break,m5_pullback,m1_rejection
[31/34] START Volatility 75 (1s) Index
[31/34] END   Volatility 75 (1s) Index | 0.03s | ARPS REGIME BLOCKED
    Motivo: SIN_TENDENCIA_M15
[32/34] START Volatility 75 Index
[32/34] END   Volatility 75 Index | 0.04s | ARPS WAITING SETUP
    Motivo: m5_atr_regime,m5_structure_break,m5_pullback,m1_follow_through,m1_strong_close
[33/34] START Volatility 90 (1s) Index
[33/34] END   Volatility 90 (1s) Index | 0.03s | ARPS REGIME BLOCKED
    Motivo: SIN_TENDENCIA_M15
[34/34] START Volatility 90 Index
[34/34] END   Volatility 90 Index | 0.03s | ARPS WAITING SETUP
    Motivo: m5_structure_break
----------------------------------------------------------------------------------------
RESUMEN DEL CICLO #0003
Símbolos analizados: 34
Sin señal: 0
Esperando/otros: 34
Señales rechazadas: 0
Bloqueadas por estado/límites: 0
Validadas DRY RUN: 0
Nuevas órdenes: 0
Operaciones cerradas sincronizadas: 0
Errores: 0
Duración del ciclo: 1.16s
Intervalo objetivo: 30s
Próximo ciclo en: 28.84s
----------------------------------------------------------------------------------------

========================================================================================
CICLO #0004 | 2026-09-03 13:26:54 UTC | símbolos=0
========================================================================================
----------------------------------------------------------------------------------------
RESUMEN DEL CICLO #0004
Símbolos analizados: 0
Sin señal: 0
Esperando/otros: 0
Señales rechazadas: 0
Bloqueadas por estado/límites: 0
Validadas DRY RUN: 0
Nuevas órdenes: 0
Operaciones cerradas sincronizadas: 0
Errores: 0
Duración del ciclo: 0.13s
Intervalo objetivo: 30s
Próximo ciclo en: 29.87s
----------------------------------------------------------------------------------------

========================================================================================
CICLO #0005 | 2026-09-03 13:27:24 UTC | símbolos=34
========================================================================================
[01/34] START High Frequency Vol 10 Index
[01/34] END   High Frequency Vol 10 Index | 0.03s | ARPS WAITING SETUP
    Motivo: m5_atr_regime,m5_structure_break,m1_rejection
[02/34] START High Frequency Vol 100 Index
[02/34] END   High Frequency Vol 100 Index | 0.02s | ARPS REGIME BLOCKED
    Motivo: SIN_TENDENCIA_M15
[03/34] START High Frequency Vol 25 Index
[03/34] END   High Frequency Vol 25 Index | 0.03s | ARPS REGIME BLOCKED
    Motivo: SIN_TENDENCIA_M15
[04/34] START High Frequency Vol 50 Index
[04/34] END   High Frequency Vol 50 Index | 0.03s | ARPS WAITING SETUP
    Motivo: m5_atr_regime
[05/34] START High Frequency Vol 75 Index
[05/34] END   High Frequency Vol 75 Index | 0.03s | ARPS WAITING SETUP
    Motivo: m5_atr_regime,m5_structure_break,m1_rejection,m1_strong_close
[06/34] START Vol over Boom 400
[06/34] END   Vol over Boom 400 | 0.02s | ARPS REGIME BLOCKED
    Motivo: SIN_TENDENCIA_M15
[07/34] START Vol over Boom 550
[07/34] END   Vol over Boom 550 | 0.04s | ARPS WAITING SETUP
    Motivo: m5_structure_break,m1_rejection,m1_follow_through,m1_strong_close
[08/34] START Vol over Boom 750
[08/34] END   Vol over Boom 750 | 0.02s | ARPS REGIME BLOCKED
    Motivo: SIN_TENDENCIA_M15
[09/34] START Vol over Crash 400
[09/34] END   Vol over Crash 400 | 0.02s | ARPS REGIME BLOCKED
    Motivo: SIN_TENDENCIA_M15
[10/34] START Vol over Crash 550
[10/34] END   Vol over Crash 550 | 0.03s | ARPS WAITING SETUP
    Motivo: m5_structure_break,m1_follow_through,m1_strong_close
[11/34] START Vol over Crash 750
[11/34] END   Vol over Crash 750 | 0.02s | ARPS REGIME BLOCKED
    Motivo: SIN_TENDENCIA_M15
[12/34] START VolSwitch High Vol Index
[12/34] END   VolSwitch High Vol Index | 0.02s | ARPS REGIME BLOCKED
    Motivo: SIN_TENDENCIA_M15
[13/34] START VolSwitch Low Vol Index
[13/34] END   VolSwitch Low Vol Index | 0.03s | ARPS WAITING SETUP
    Motivo: m5_atr_regime,m5_structure_break,m1_rejection,m1_strong_close
[14/34] START VolSwitch Medium Vol Index
[14/34] END   VolSwitch Medium Vol Index | 0.03s | ARPS WAITING SETUP
    Motivo: m5_structure_break,m1_rejection,m1_follow_through,m1_strong_close
[15/34] START Volatility 10 (1s) Index
[15/34] END   Volatility 10 (1s) Index | 0.02s | ARPS WAITING SETUP
    Motivo: m5_atr_regime,m5_structure_break,m1_rejection,m1_follow_through
[16/34] START Volatility 10 Index
[16/34] END   Volatility 10 Index | 0.02s | ARPS REGIME BLOCKED
    Motivo: ADX_M15_INSUFICIENTE
[17/34] START Volatility 100 (1s) Index
[17/34] END   Volatility 100 (1s) Index | 0.03s | ARPS REGIME BLOCKED
    Motivo: ADX_M15_INSUFICIENTE
[18/34] START Volatility 100 Index
[18/34] END   Volatility 100 Index | 0.00s | INSTRUMENTO EN CUARENTENA DE RIESGO
    Motivo: cuarentena temporal por desviación marginal de ejecución
[19/34] START Volatility 15 (1s) Index
[19/34] END   Volatility 15 (1s) Index | 0.03s | ARPS WAITING SETUP
    Motivo: m5_atr_regime,m5_structure_break,m1_rejection,m1_follow_through
[20/34] START Volatility 15 Index
[20/34] END   Volatility 15 Index | 0.03s | ARPS WAITING SETUP
    Motivo: m5_structure_break
[21/34] START Volatility 150 (1s) Index
[21/34] END   Volatility 150 (1s) Index | 0.03s | ARPS WAITING SETUP
    Motivo: spread_vs_atr,m5_structure_break,m1_rejection
[22/34] START Volatility 25 (1s) Index
[22/34] END   Volatility 25 (1s) Index | 0.03s | ARPS WAITING SETUP
    Motivo: m5_atr_regime,m5_structure_break,m1_rejection,m1_follow_through,m1_strong_close
[23/34] START Volatility 25 Index
[23/34] END   Volatility 25 Index | 0.00s | INSTRUMENTO EN CUARENTENA DE RIESGO
    Motivo: cuarentena temporal por desviación marginal de ejecución
[24/34] START Volatility 250 (1s) Index
[24/34] END   Volatility 250 (1s) Index | 0.02s | ARPS REGIME BLOCKED
    Motivo: ADX_M15_INSUFICIENTE
[25/34] START Volatility 30 (1s) Index
[25/34] END   Volatility 30 (1s) Index | 0.01s | INSTRUMENTO EN CUARENTENA DE RIESGO
    Motivo: cuarentena temporal por desviación marginal de ejecución
[26/34] START Volatility 30 Index
[26/34] END   Volatility 30 Index | 0.03s | ARPS WAITING SETUP
    Motivo: m5_atr_regime,m5_structure_break,m1_rejection,m1_follow_through
[27/34] START Volatility 5 (1s) Index
[27/34] END   Volatility 5 (1s) Index | 0.02s | ARPS WAITING SETUP
    Motivo: m5_atr_regime,m5_structure_break,m1_follow_through
[28/34] START Volatility 5 Index
[28/34] END   Volatility 5 Index | 0.00s | INSTRUMENTO EN CUARENTENA DE RIESGO
    Motivo: cuarentena de seguridad que requiere revisión manual
[29/34] START Volatility 50 (1s) Index
[29/34] END   Volatility 50 (1s) Index | 0.03s | ARPS WAITING SETUP
    Motivo: m5_atr_regime,m1_rejection,m1_follow_through,m1_strong_close
[30/34] START Volatility 50 Index
[30/34] END   Volatility 50 Index | 0.03s | ARPS WAITING SETUP
    Motivo: m5_atr_regime,m5_structure_break,m5_pullback,m1_rejection,m1_follow_through
[31/34] START Volatility 75 (1s) Index
[31/34] END   Volatility 75 (1s) Index | 0.02s | ARPS REGIME BLOCKED
    Motivo: SIN_TENDENCIA_M15
[32/34] START Volatility 75 Index
[32/34] END   Volatility 75 Index | 0.03s | ARPS WAITING SETUP
    Motivo: m5_atr_regime,m5_structure_break,m5_pullback,m1_rejection,m1_follow_through,m1_strong_close
[33/34] START Volatility 90 (1s) Index
[33/34] END   Volatility 90 (1s) Index | 0.02s | ARPS REGIME BLOCKED
    Motivo: SIN_TENDENCIA_M15
[34/34] START Volatility 90 Index
[34/34] END   Volatility 90 Index | 0.02s | ARPS WAITING SETUP
    Motivo: m5_structure_break,m1_rejection,m1_strong_close
----------------------------------------------------------------------------------------
RESUMEN DEL CICLO #0005
Símbolos analizados: 34
Sin señal: 0
Esperando/otros: 34
Señales rechazadas: 0
Bloqueadas por estado/límites: 0
Validadas DRY RUN: 0
Nuevas órdenes: 0
Operaciones cerradas sincronizadas: 0
Errores: 0
Duración del ciclo: 1.02s
Intervalo objetivo: 30s
Próximo ciclo en: 28.98s
----------------------------------------------------------------------------------------

========================================================================================
CICLO #0006 | 2026-09-03 13:27:54 UTC | símbolos=0
========================================================================================
----------------------------------------------------------------------------------------
RESUMEN DEL CICLO #0006
Símbolos analizados: 0
Sin señal: 0
Esperando/otros: 0
Señales rechazadas: 0
Bloqueadas por estado/límites: 0
Validadas DRY RUN: 0
Nuevas órdenes: 0
Operaciones cerradas sincronizadas: 0
Errores: 0
Duración del ciclo: 0.09s
Intervalo objetivo: 30s
Próximo ciclo en: 29.91s
----------------------------------------------------------------------------------------

========================================================================================
CICLO #0007 | 2026-09-03 13:28:24 UTC | símbolos=34
========================================================================================
[01/34] START High Frequency Vol 10 Index
[01/34] END   High Frequency Vol 10 Index | 0.02s | ARPS WAITING SETUP
    Motivo: m5_atr_regime,m5_structure_break,m1_rejection,m1_follow_through
[02/34] START High Frequency Vol 100 Index
[02/34] END   High Frequency Vol 100 Index | 0.02s | ARPS REGIME BLOCKED
    Motivo: SIN_TENDENCIA_M15
[03/34] START High Frequency Vol 25 Index
[03/34] END   High Frequency Vol 25 Index | 0.02s | ARPS REGIME BLOCKED
    Motivo: SIN_TENDENCIA_M15
[04/34] START High Frequency Vol 50 Index
[04/34] END   High Frequency Vol 50 Index | 0.02s | ARPS WAITING SETUP
    Motivo: m5_atr_regime,m1_rejection,m1_follow_through,m1_strong_close
[05/34] START High Frequency Vol 75 Index
[05/34] END   High Frequency Vol 75 Index | 0.03s | ARPS WAITING SETUP
    Motivo: m5_atr_regime,m5_structure_break,m1_strong_close
[06/34] START Vol over Boom 400
[06/34] END   Vol over Boom 400 | 0.02s | ARPS REGIME BLOCKED
    Motivo: SIN_TENDENCIA_M15
[07/34] START Vol over Boom 550
[07/34] END   Vol over Boom 550 | 0.03s | ARPS WAITING SETUP
    Motivo: m5_structure_break,m1_rejection,m1_follow_through,m1_strong_close
[08/34] START Vol over Boom 750
[08/34] END   Vol over Boom 750 | 0.02s | ARPS REGIME BLOCKED
    Motivo: SIN_TENDENCIA_M15
[09/34] START Vol over Crash 400
[09/34] END   Vol over Crash 400 | 0.02s | ARPS REGIME BLOCKED
    Motivo: SIN_TENDENCIA_M15
[10/34] START Vol over Crash 550
[10/34] END   Vol over Crash 550 | 0.03s | ARPS WAITING SETUP
    Motivo: m5_structure_break,m1_rejection,m1_follow_through,m1_strong_close
[11/34] START Vol over Crash 750
[11/34] END   Vol over Crash 750 | 0.02s | ARPS REGIME BLOCKED
    Motivo: SIN_TENDENCIA_M15
[12/34] START VolSwitch High Vol Index
[12/34] END   VolSwitch High Vol Index | 0.02s | ARPS REGIME BLOCKED
    Motivo: SIN_TENDENCIA_M15
[13/34] START VolSwitch Low Vol Index
[13/34] END   VolSwitch Low Vol Index | 0.03s | ARPS WAITING SETUP
    Motivo: m5_atr_regime,m5_structure_break,m1_rejection,m1_follow_through,m1_strong_close
[14/34] START VolSwitch Medium Vol Index
[14/34] END   VolSwitch Medium Vol Index | 0.03s | ARPS WAITING SETUP
    Motivo: m5_structure_break,m1_rejection
[15/34] START Volatility 10 (1s) Index
[15/34] END   Volatility 10 (1s) Index | 0.03s | ARPS WAITING SETUP
    Motivo: m5_atr_regime,m5_structure_break,m1_rejection,m1_follow_through
[16/34] START Volatility 10 Index
[16/34] END   Volatility 10 Index | 0.02s | ARPS REGIME BLOCKED
    Motivo: ADX_M15_INSUFICIENTE
[17/34] START Volatility 100 (1s) Index
[17/34] END   Volatility 100 (1s) Index | 0.02s | ARPS REGIME BLOCKED
    Motivo: ADX_M15_INSUFICIENTE
[18/34] START Volatility 100 Index
[18/34] END   Volatility 100 Index | 0.01s | INSTRUMENTO EN CUARENTENA DE RIESGO
    Motivo: cuarentena temporal por desviación marginal de ejecución
[19/34] START Volatility 15 (1s) Index
[19/34] END   Volatility 15 (1s) Index | 0.02s | ARPS WAITING SETUP
    Motivo: m5_atr_regime,m5_structure_break,m1_rejection,m1_follow_through,m1_strong_close
[20/34] START Volatility 15 Index
[20/34] END   Volatility 15 Index | 0.02s | ARPS WAITING SETUP
    Motivo: m5_structure_break,m1_rejection,m1_strong_close
[21/34] START Volatility 150 (1s) Index
[21/34] END   Volatility 150 (1s) Index | 0.03s | ARPS WAITING SETUP
    Motivo: spread_vs_atr,m5_structure_break,m1_rejection,m1_follow_through
[22/34] START Volatility 25 (1s) Index
[22/34] END   Volatility 25 (1s) Index | 0.03s | ARPS WAITING SETUP
    Motivo: m5_atr_regime,m5_structure_break,m1_rejection,m1_strong_close
[23/34] START Volatility 25 Index
[23/34] END   Volatility 25 Index | 0.00s | INSTRUMENTO EN CUARENTENA DE RIESGO
    Motivo: cuarentena temporal por desviación marginal de ejecución
[24/34] START Volatility 250 (1s) Index
[24/34] END   Volatility 250 (1s) Index | 0.02s | ARPS REGIME BLOCKED
    Motivo: ADX_M15_INSUFICIENTE
[25/34] START Volatility 30 (1s) Index
[25/34] END   Volatility 30 (1s) Index | 0.00s | INSTRUMENTO EN CUARENTENA DE RIESGO
    Motivo: cuarentena temporal por desviación marginal de ejecución
[26/34] START Volatility 30 Index
[26/34] END   Volatility 30 Index | 0.02s | ARPS WAITING SETUP
    Motivo: m5_atr_regime,m5_structure_break,m1_rejection,m1_follow_through,m1_strong_close
[27/34] START Volatility 5 (1s) Index
[27/34] END   Volatility 5 (1s) Index | 0.03s | ARPS WAITING SETUP
    Motivo: m5_atr_regime,m5_structure_break,m1_rejection,m1_follow_through
[28/34] START Volatility 5 Index
[28/34] END   Volatility 5 Index | 0.00s | INSTRUMENTO EN CUARENTENA DE RIESGO
    Motivo: cuarentena de seguridad que requiere revisión manual
[29/34] START Volatility 50 (1s) Index
[29/34] END   Volatility 50 (1s) Index | 0.02s | ARPS WAITING SETUP
    Motivo: m5_atr_regime,m1_rejection,m1_strong_close
[30/34] START Volatility 50 Index
[30/34] END   Volatility 50 Index | 0.03s | ARPS WAITING SETUP
    Motivo: m5_atr_regime,m5_structure_break,m5_pullback,m1_rejection,m1_strong_close
[31/34] START Volatility 75 (1s) Index
[31/34] END   Volatility 75 (1s) Index | 0.02s | ARPS REGIME BLOCKED
    Motivo: SIN_TENDENCIA_M15
[32/34] START Volatility 75 Index
[32/34] END   Volatility 75 Index | 0.03s | ARPS WAITING SETUP
    Motivo: m5_atr_regime,m5_structure_break,m5_pullback,m1_rejection
[33/34] START Volatility 90 (1s) Index
[33/34] END   Volatility 90 (1s) Index | 0.02s | ARPS REGIME BLOCKED
    Motivo: SIN_TENDENCIA_M15
[34/34] START Volatility 90 Index
[34/34] END   Volatility 90 Index | 0.03s | ARPS WAITING SETUP
    Motivo: m5_structure_break,m1_follow_through,m1_strong_close
----------------------------------------------------------------------------------------
RESUMEN DEL CICLO #0007
Símbolos analizados: 34
Sin señal: 0
Esperando/otros: 34
Señales rechazadas: 0
Bloqueadas por estado/límites: 0
Validadas DRY RUN: 0
Nuevas órdenes: 0
Operaciones cerradas sincronizadas: 0
Errores: 0
Duración del ciclo: 0.98s
Intervalo objetivo: 30s
Próximo ciclo en: 29.02s
----------------------------------------------------------------------------------------

========================================================================================
CICLO #0008 | 2026-09-03 13:28:54 UTC | símbolos=0
========================================================================================
----------------------------------------------------------------------------------------
RESUMEN DEL CICLO #0008
Símbolos analizados: 0
Sin señal: 0
Esperando/otros: 0
Señales rechazadas: 0
Bloqueadas por estado/límites: 0
Validadas DRY RUN: 0
Nuevas órdenes: 0
Operaciones cerradas sincronizadas: 0
Errores: 0
Duración del ciclo: 0.15s
Intervalo objetivo: 30s
Próximo ciclo en: 29.85s
----------------------------------------------------------------------------------------

========================================================================================
CICLO #0009 | 2026-09-03 13:29:24 UTC | símbolos=34
========================================================================================
[01/34] START High Frequency Vol 10 Index
[01/34] END   High Frequency Vol 10 Index | 0.03s | ARPS WAITING SETUP
    Motivo: m5_atr_regime,m5_structure_break,m1_rejection,m1_follow_through
[02/34] START High Frequency Vol 100 Index
[02/34] END   High Frequency Vol 100 Index | 0.03s | ARPS REGIME BLOCKED
    Motivo: SIN_TENDENCIA_M15
[03/34] START High Frequency Vol 25 Index
[03/34] END   High Frequency Vol 25 Index | 0.03s | ARPS REGIME BLOCKED
    Motivo: SIN_TENDENCIA_M15
[04/34] START High Frequency Vol 50 Index
[04/34] END   High Frequency Vol 50 Index | 0.03s | ARPS WAITING SETUP
    Motivo: m5_atr_regime,m1_rejection,m1_follow_through
[05/34] START High Frequency Vol 75 Index
[05/34] END   High Frequency Vol 75 Index | 0.03s | ARPS WAITING SETUP
    Motivo: m5_atr_regime,m5_structure_break,m1_strong_close
[06/34] START Vol over Boom 400
[06/34] END   Vol over Boom 400 | 0.03s | ARPS REGIME BLOCKED
    Motivo: SIN_TENDENCIA_M15
[07/34] START Vol over Boom 550
[07/34] END   Vol over Boom 550 | 0.02s | ARPS WAITING SETUP
    Motivo: m5_structure_break,m1_rejection,m1_follow_through
[08/34] START Vol over Boom 750
[08/34] END   Vol over Boom 750 | 0.03s | ARPS REGIME BLOCKED
    Motivo: SIN_TENDENCIA_M15
[09/34] START Vol over Crash 400
[09/34] END   Vol over Crash 400 | 0.02s | ARPS REGIME BLOCKED
    Motivo: SIN_TENDENCIA_M15
[10/34] START Vol over Crash 550
[10/34] END   Vol over Crash 550 | 0.03s | ARPS WAITING SETUP
    Motivo: spread_vs_atr,m5_structure_break,m1_rejection,m1_strong_close
[11/34] START Vol over Crash 750
[11/34] END   Vol over Crash 750 | 0.02s | ARPS REGIME BLOCKED
    Motivo: SIN_TENDENCIA_M15
[12/34] START VolSwitch High Vol Index
[12/34] END   VolSwitch High Vol Index | 0.02s | ARPS REGIME BLOCKED
    Motivo: SIN_TENDENCIA_M15
[13/34] START VolSwitch Low Vol Index
[13/34] END   VolSwitch Low Vol Index | 0.03s | ARPS WAITING SETUP
    Motivo: m5_atr_regime,m5_structure_break,m1_rejection,m1_follow_through
[14/34] START VolSwitch Medium Vol Index
[14/34] END   VolSwitch Medium Vol Index | 0.03s | ARPS WAITING SETUP
    Motivo: m5_structure_break,m1_follow_through,m1_strong_close
[15/34] START Volatility 10 (1s) Index
[15/34] END   Volatility 10 (1s) Index | 0.03s | ARPS WAITING SETUP
    Motivo: m5_atr_regime,m5_structure_break,m1_rejection
[16/34] START Volatility 10 Index
[16/34] END   Volatility 10 Index | 0.02s | ARPS REGIME BLOCKED
    Motivo: ADX_M15_INSUFICIENTE
[17/34] START Volatility 100 (1s) Index
[17/34] END   Volatility 100 (1s) Index | 0.03s | ARPS REGIME BLOCKED
    Motivo: ADX_M15_INSUFICIENTE
[18/34] START Volatility 100 Index
[18/34] END   Volatility 100 Index | 0.00s | INSTRUMENTO EN CUARENTENA DE RIESGO
    Motivo: cuarentena temporal por desviación marginal de ejecución
[19/34] START Volatility 15 (1s) Index
[19/34] END   Volatility 15 (1s) Index | 0.03s | ARPS WAITING SETUP
    Motivo: m5_atr_regime,m5_structure_break,m1_rejection
[20/34] START Volatility 15 Index
[20/34] END   Volatility 15 Index | 0.04s | ARPS WAITING SETUP
    Motivo: m5_structure_break
[21/34] START Volatility 150 (1s) Index
[21/34] END   Volatility 150 (1s) Index | 0.03s | ARPS WAITING SETUP
    Motivo: spread_vs_atr,m5_structure_break,m1_rejection,m1_follow_through
[22/34] START Volatility 25 (1s) Index
[22/34] END   Volatility 25 (1s) Index | 0.03s | ARPS WAITING SETUP
    Motivo: m5_atr_regime,m5_structure_break
[23/34] START Volatility 25 Index
[23/34] END   Volatility 25 Index | 0.00s | INSTRUMENTO EN CUARENTENA DE RIESGO
    Motivo: cuarentena temporal por desviación marginal de ejecución
[24/34] START Volatility 250 (1s) Index
[24/34] END   Volatility 250 (1s) Index | 0.02s | ARPS REGIME BLOCKED
    Motivo: ADX_M15_INSUFICIENTE
[25/34] START Volatility 30 (1s) Index
[25/34] END   Volatility 30 (1s) Index | 0.01s | INSTRUMENTO EN CUARENTENA DE RIESGO
    Motivo: cuarentena temporal por desviación marginal de ejecución
[26/34] START Volatility 30 Index
[26/34] END   Volatility 30 Index | 0.03s | ARPS WAITING SETUP
    Motivo: m5_atr_regime,m5_structure_break,m1_rejection,m1_follow_through
[27/34] START Volatility 5 (1s) Index
[27/34] END   Volatility 5 (1s) Index | 0.03s | ARPS WAITING SETUP
    Motivo: m5_atr_regime,m5_structure_break,m1_rejection,m1_follow_through,m1_strong_close
[28/34] START Volatility 5 Index
[28/34] END   Volatility 5 Index | 0.00s | INSTRUMENTO EN CUARENTENA DE RIESGO
    Motivo: cuarentena de seguridad que requiere revisión manual
[29/34] START Volatility 50 (1s) Index
[29/34] END   Volatility 50 (1s) Index | 0.03s | ARPS WAITING SETUP
    Motivo: m5_atr_regime,m1_strong_close
[30/34] START Volatility 50 Index
[30/34] END   Volatility 50 Index | 0.03s | ARPS WAITING SETUP
    Motivo: m5_atr_regime,m5_structure_break,m5_pullback,m1_rejection
[31/34] START Volatility 75 (1s) Index
[31/34] END   Volatility 75 (1s) Index | 0.03s | ARPS REGIME BLOCKED
    Motivo: SIN_TENDENCIA_M15
[32/34] START Volatility 75 Index
[32/34] END   Volatility 75 Index | 0.03s | ARPS WAITING SETUP
    Motivo: m5_atr_regime,m5_structure_break,m5_pullback
[33/34] START Volatility 90 (1s) Index
[33/34] END   Volatility 90 (1s) Index | 0.02s | ARPS REGIME BLOCKED
    Motivo: SIN_TENDENCIA_M15
[34/34] START Volatility 90 Index
[34/34] END   Volatility 90 Index | 0.03s | ARPS WAITING SETUP
    Motivo: m5_structure_break,m1_rejection,m1_follow_through
----------------------------------------------------------------------------------------
RESUMEN DEL CICLO #0009
Símbolos analizados: 34
Sin señal: 0
Esperando/otros: 34
Señales rechazadas: 0
Bloqueadas por estado/límites: 0
Validadas DRY RUN: 0
Nuevas órdenes: 0
Operaciones cerradas sincronizadas: 0
Errores: 0
Duración del ciclo: 1.06s
Intervalo objetivo: 30s
Próximo ciclo en: 28.94s
----------------------------------------------------------------------------------------

========================================================================================
CICLO #0010 | 2026-09-03 13:29:54 UTC | símbolos=0
========================================================================================
----------------------------------------------------------------------------------------
RESUMEN DEL CICLO #0010
Símbolos analizados: 0
Sin señal: 0
Esperando/otros: 0
Señales rechazadas: 0
Bloqueadas por estado/límites: 0
Validadas DRY RUN: 0
Nuevas órdenes: 0
Operaciones cerradas sincronizadas: 0
Errores: 0
Duración del ciclo: 0.09s
Intervalo objetivo: 30s
Próximo ciclo en: 29.91s
----------------------------------------------------------------------------------------

========================================================================================
CICLO #0011 | 2026-09-03 13:30:24 UTC | símbolos=34
========================================================================================
[01/34] START High Frequency Vol 10 Index
[01/34] END   High Frequency Vol 10 Index | 0.05s | ARPS WAITING SETUP
    Motivo: m5_atr_regime,m5_structure_break,m1_rejection
[02/34] START High Frequency Vol 100 Index
[02/34] END   High Frequency Vol 100 Index | 0.04s | ARPS REGIME BLOCKED
    Motivo: SIN_TENDENCIA_M15
[03/34] START High Frequency Vol 25 Index
[03/34] END   High Frequency Vol 25 Index | 0.04s | ARPS REGIME BLOCKED
    Motivo: SIN_TENDENCIA_M15
[04/34] START High Frequency Vol 50 Index
[04/34] END   High Frequency Vol 50 Index | 0.05s | ARPS WAITING SETUP
    Motivo: m1_rejection,m1_follow_through
[05/34] START High Frequency Vol 75 Index
[05/34] END   High Frequency Vol 75 Index | 0.05s | ARPS WAITING SETUP
    Motivo: m5_atr_regime,m1_follow_through
[06/34] START Vol over Boom 400
[06/34] END   Vol over Boom 400 | 0.03s | ARPS REGIME BLOCKED
    Motivo: SIN_TENDENCIA_M15
[07/34] START Vol over Boom 550
[07/34] END   Vol over Boom 550 | 0.04s | ARPS WAITING SETUP
    Motivo: m5_structure_break,m1_rejection
[08/34] START Vol over Boom 750
[08/34] END   Vol over Boom 750 | 0.04s | ARPS REGIME BLOCKED
    Motivo: SIN_TENDENCIA_M15
[09/34] START Vol over Crash 400
[09/34] END   Vol over Crash 400 | 0.03s | ARPS REGIME BLOCKED
    Motivo: SIN_TENDENCIA_M15
[10/34] START Vol over Crash 550
[10/34] END   Vol over Crash 550 | 0.04s | ARPS WAITING SETUP
    Motivo: spread_vs_atr,m5_structure_break,m1_follow_through
[11/34] START Vol over Crash 750
[11/34] END   Vol over Crash 750 | 0.03s | ARPS REGIME BLOCKED
    Motivo: SIN_TENDENCIA_M15
[12/34] START VolSwitch High Vol Index
[12/34] END   VolSwitch High Vol Index | 0.04s | ARPS REGIME BLOCKED
    Motivo: SIN_TENDENCIA_M15
[13/34] START VolSwitch Low Vol Index
[13/34] END   VolSwitch Low Vol Index | 0.04s | ARPS WAITING SETUP
    Motivo: m5_atr_regime,spread_vs_atr,m5_structure_break,m1_rejection,m1_follow_through
[14/34] START VolSwitch Medium Vol Index
[14/34] END   VolSwitch Medium Vol Index | 0.04s | ARPS WAITING SETUP
    Motivo: m5_structure_break,m1_rejection,m1_follow_through
[15/34] START Volatility 10 (1s) Index
[15/34] END   Volatility 10 (1s) Index | 0.05s | ARPS WAITING SETUP
    Motivo: m5_atr_regime,m5_structure_break,m1_rejection,m1_follow_through,m1_strong_close
[16/34] START Volatility 10 Index
[16/34] END   Volatility 10 Index | 0.04s | ARPS REGIME BLOCKED
    Motivo: ADX_M15_INSUFICIENTE
[17/34] START Volatility 100 (1s) Index
[17/34] END   Volatility 100 (1s) Index | 0.04s | ARPS REGIME BLOCKED
    Motivo: SIN_TENDENCIA_M15
[18/34] START Volatility 100 Index
[18/34] END   Volatility 100 Index | 0.01s | INSTRUMENTO EN CUARENTENA DE RIESGO
    Motivo: cuarentena temporal por desviación marginal de ejecución
[19/34] START Volatility 15 (1s) Index
[19/34] END   Volatility 15 (1s) Index | 0.04s | ARPS WAITING SETUP
    Motivo: m5_structure_break,m1_rejection,m1_follow_through,m1_strong_close
[20/34] START Volatility 15 Index
[20/34] END   Volatility 15 Index | 0.04s | ARPS WAITING SETUP
    Motivo: m5_atr_regime,m5_structure_break,m1_rejection,m1_strong_close
[21/34] START Volatility 150 (1s) Index
[21/34] END   Volatility 150 (1s) Index | 0.04s | ARPS WAITING SETUP
    Motivo: spread_vs_atr,m5_structure_break,m1_rejection
[22/34] START Volatility 25 (1s) Index
[22/34] END   Volatility 25 (1s) Index | 0.04s | ARPS WAITING SETUP
    Motivo: m5_atr_regime,m1_rejection
[23/34] START Volatility 25 Index
[23/34] END   Volatility 25 Index | 0.01s | INSTRUMENTO EN CUARENTENA DE RIESGO
    Motivo: cuarentena temporal por desviación marginal de ejecución
[24/34] START Volatility 250 (1s) Index
[24/34] END   Volatility 250 (1s) Index | 0.04s | ARPS WAITING SETUP
    Motivo: spread_vs_atr,m1_strong_close
[25/34] START Volatility 30 (1s) Index
[25/34] END   Volatility 30 (1s) Index | 0.01s | INSTRUMENTO EN CUARENTENA DE RIESGO
    Motivo: cuarentena temporal por desviación marginal de ejecución
[26/34] START Volatility 30 Index
[26/34] END   Volatility 30 Index | 0.04s | ARPS WAITING SETUP
    Motivo: m5_structure_break,m1_rejection,m1_strong_close
[27/34] START Volatility 5 (1s) Index
[27/34] END   Volatility 5 (1s) Index | 0.05s | ARPS WAITING SETUP
    Motivo: m5_atr_regime,m5_structure_break,m1_rejection,m1_strong_close
[28/34] START Volatility 5 Index
[28/34] END   Volatility 5 Index | 0.01s | INSTRUMENTO EN CUARENTENA DE RIESGO
    Motivo: cuarentena de seguridad que requiere revisión manual
[29/34] START Volatility 50 (1s) Index
[29/34] END   Volatility 50 (1s) Index | 0.04s | ARPS WAITING SETUP
    Motivo: m5_atr_regime,m5_structure_break
[30/34] START Volatility 50 Index
[30/34] END   Volatility 50 Index | 0.05s | ARPS WAITING SETUP
    Motivo: m5_atr_regime,m5_structure_break,m5_pullback,m1_follow_through,m1_strong_close
[31/34] START Volatility 75 (1s) Index
[31/34] END   Volatility 75 (1s) Index | 0.04s | ARPS REGIME BLOCKED
    Motivo: SIN_TENDENCIA_M15
[32/34] START Volatility 75 Index
[32/34] END   Volatility 75 Index | 0.03s | ARPS WAITING SETUP
    Motivo: m5_atr_regime,m5_structure_break,m5_pullback,m1_rejection,m1_follow_through,m1_strong_close
[33/34] START Volatility 90 (1s) Index
[33/34] END   Volatility 90 (1s) Index | 0.04s | ARPS REGIME BLOCKED
    Motivo: SIN_TENDENCIA_M15
[34/34] START Volatility 90 Index
[34/34] END   Volatility 90 Index | 0.04s | ARPS WAITING SETUP
    Motivo: m5_atr_regime,m5_structure_break,m1_rejection,m1_follow_through,m1_strong_close
----------------------------------------------------------------------------------------
RESUMEN DEL CICLO #0011
Símbolos analizados: 34
Sin señal: 0
Esperando/otros: 34
Señales rechazadas: 0
Bloqueadas por estado/límites: 0
Validadas DRY RUN: 0
Nuevas órdenes: 0
Operaciones cerradas sincronizadas: 0
Errores: 0
Duración del ciclo: 1.56s
Intervalo objetivo: 30s
Próximo ciclo en: 28.44s
----------------------------------------------------------------------------------------

========================================================================================
CICLO #0012 | 2026-09-03 13:30:54 UTC | símbolos=0
========================================================================================
----------------------------------------------------------------------------------------
RESUMEN DEL CICLO #0012
Símbolos analizados: 0
Sin señal: 0
Esperando/otros: 0
Señales rechazadas: 0
Bloqueadas por estado/límites: 0
Validadas DRY RUN: 0
Nuevas órdenes: 0
Operaciones cerradas sincronizadas: 0
Errores: 0
Duración del ciclo: 0.09s
Intervalo objetivo: 30s
Próximo ciclo en: 29.91s
----------------------------------------------------------------------------------------

========================================================================================
CICLO #0013 | 2026-09-03 13:31:24 UTC | símbolos=34
========================================================================================
[01/34] START High Frequency Vol 10 Index
[01/34] END   High Frequency Vol 10 Index | 0.03s | ARPS WAITING SETUP
    Motivo: m5_atr_regime,m5_structure_break,m1_rejection
[02/34] START High Frequency Vol 100 Index
[02/34] END   High Frequency Vol 100 Index | 0.04s | ARPS REGIME BLOCKED
    Motivo: SIN_TENDENCIA_M15
[03/34] START High Frequency Vol 25 Index
[03/34] END   High Frequency Vol 25 Index | 0.05s | ARPS REGIME BLOCKED
    Motivo: SIN_TENDENCIA_M15
[04/34] START High Frequency Vol 50 Index
[04/34] END   High Frequency Vol 50 Index | 0.05s | ARPS WAITING SETUP
    Motivo: m1_rejection,m1_follow_through,m1_strong_close
[05/34] START High Frequency Vol 75 Index
[05/34] END   High Frequency Vol 75 Index | 0.04s | ARPS WAITING SETUP
    Motivo: m5_atr_regime,m1_rejection
[06/34] START Vol over Boom 400
[06/34] END   Vol over Boom 400 | 0.04s | ARPS REGIME BLOCKED
    Motivo: SIN_TENDENCIA_M15
[07/34] START Vol over Boom 550
[07/34] END   Vol over Boom 550 | 0.05s | ARPS WAITING SETUP
    Motivo: m5_structure_break,m1_rejection
[08/34] START Vol over Boom 750
[08/34] END   Vol over Boom 750 | 0.05s | ARPS REGIME BLOCKED
    Motivo: SIN_TENDENCIA_M15
[09/34] START Vol over Crash 400
[09/34] END   Vol over Crash 400 | 0.03s | ARPS REGIME BLOCKED
    Motivo: SIN_TENDENCIA_M15
[10/34] START Vol over Crash 550
[10/34] END   Vol over Crash 550 | 0.03s | ARPS WAITING SETUP
    Motivo: spread_vs_atr,m5_structure_break,m1_rejection,m1_strong_close
[11/34] START Vol over Crash 750
[11/34] END   Vol over Crash 750 | 0.02s | ARPS REGIME BLOCKED
    Motivo: SIN_TENDENCIA_M15
[12/34] START VolSwitch High Vol Index
[12/34] END   VolSwitch High Vol Index | 0.03s | ARPS REGIME BLOCKED
    Motivo: SIN_TENDENCIA_M15
[13/34] START VolSwitch Low Vol Index
[13/34] END   VolSwitch Low Vol Index | 0.03s | ARPS WAITING SETUP
    Motivo: m5_atr_regime,spread_vs_atr,m5_structure_break,m1_rejection,m1_follow_through,m1_strong_close
[14/34] START VolSwitch Medium Vol Index
[14/34] END   VolSwitch Medium Vol Index | 0.05s | ARPS WAITING SETUP
    Motivo: m5_structure_break,m1_rejection,m1_follow_through,m1_strong_close
[15/34] START Volatility 10 (1s) Index
[15/34] END   Volatility 10 (1s) Index | 0.05s | ARPS WAITING SETUP
    Motivo: m5_atr_regime,m5_structure_break,m1_follow_through
[16/34] START Volatility 10 Index
[16/34] END   Volatility 10 Index | 0.07s | ARPS REGIME BLOCKED
    Motivo: ADX_M15_INSUFICIENTE
[17/34] START Volatility 100 (1s) Index
[17/34] END   Volatility 100 (1s) Index | 0.04s | ARPS REGIME BLOCKED
    Motivo: SIN_TENDENCIA_M15
[18/34] START Volatility 100 Index
[18/34] END   Volatility 100 Index | 0.00s | INSTRUMENTO EN CUARENTENA DE RIESGO
    Motivo: cuarentena temporal por desviación marginal de ejecución
[19/34] START Volatility 15 (1s) Index
[19/34] END   Volatility 15 (1s) Index | 0.05s | ARPS WAITING SETUP
    Motivo: m5_structure_break,m1_rejection,m1_follow_through
[20/34] START Volatility 15 Index
[20/34] END   Volatility 15 Index | 0.05s | ARPS WAITING SETUP
    Motivo: m5_atr_regime,m5_structure_break,m1_follow_through,m1_strong_close
[21/34] START Volatility 150 (1s) Index
[21/34] END   Volatility 150 (1s) Index | 0.04s | ARPS WAITING SETUP
    Motivo: spread_vs_atr,m5_structure_break,m1_rejection,m1_strong_close
[22/34] START Volatility 25 (1s) Index
[22/34] END   Volatility 25 (1s) Index | 0.04s | ARPS WAITING SETUP
    Motivo: m5_atr_regime,m1_rejection
[23/34] START Volatility 25 Index
[23/34] END   Volatility 25 Index | 0.00s | INSTRUMENTO EN CUARENTENA DE RIESGO
    Motivo: cuarentena temporal por desviación marginal de ejecución
[24/34] START Volatility 250 (1s) Index
[24/34] END   Volatility 250 (1s) Index | 0.04s | ARPS WAITING SETUP
    Motivo: spread_vs_atr
[25/34] START Volatility 30 (1s) Index
[25/34] END   Volatility 30 (1s) Index | 0.00s | INSTRUMENTO EN CUARENTENA DE RIESGO
    Motivo: cuarentena temporal por desviación marginal de ejecución
[26/34] START Volatility 30 Index
[26/34] END   Volatility 30 Index | 0.05s | ARPS WAITING SETUP
    Motivo: m5_structure_break,m1_follow_through
[27/34] START Volatility 5 (1s) Index
[27/34] END   Volatility 5 (1s) Index | 0.02s | ARPS WAITING SETUP
    Motivo: m5_atr_regime,m5_structure_break
[28/34] START Volatility 5 Index
[28/34] END   Volatility 5 Index | 0.01s | INSTRUMENTO EN CUARENTENA DE RIESGO
    Motivo: cuarentena de seguridad que requiere revisión manual
[29/34] START Volatility 50 (1s) Index
[29/34] END   Volatility 50 (1s) Index | 0.03s | ARPS WAITING SETUP
    Motivo: m5_atr_regime,m5_structure_break,m1_follow_through,m1_strong_close
[30/34] START Volatility 50 Index
[30/34] END   Volatility 50 Index | 0.03s | ARPS WAITING SETUP
    Motivo: m5_atr_regime,m5_structure_break,m5_pullback,m1_rejection
[31/34] START Volatility 75 (1s) Index
[31/34] END   Volatility 75 (1s) Index | 0.02s | ARPS REGIME BLOCKED
    Motivo: SIN_TENDENCIA_M15
[32/34] START Volatility 75 Index
[32/34] END   Volatility 75 Index | 0.04s | ARPS WAITING SETUP
    Motivo: m5_atr_regime,m5_structure_break,m5_pullback,m1_rejection
[33/34] START Volatility 90 (1s) Index
[33/34] END   Volatility 90 (1s) Index | 0.02s | ARPS REGIME BLOCKED
    Motivo: SIN_TENDENCIA_M15
[34/34] START Volatility 90 Index
[34/34] END   Volatility 90 Index | 0.03s | ARPS WAITING SETUP
    Motivo: m5_atr_regime,m5_structure_break,m1_rejection
----------------------------------------------------------------------------------------
RESUMEN DEL CICLO #0013
Símbolos analizados: 34
Sin señal: 0
Esperando/otros: 34
Señales rechazadas: 0
Bloqueadas por estado/límites: 0
Validadas DRY RUN: 0
Nuevas órdenes: 0
Operaciones cerradas sincronizadas: 0
Errores: 0
Duración del ciclo: 1.50s
Intervalo objetivo: 30s
Próximo ciclo en: 28.50s
----------------------------------------------------------------------------------------

========================================================================================
CICLO #0014 | 2026-09-03 13:31:54 UTC | símbolos=0
========================================================================================
----------------------------------------------------------------------------------------
RESUMEN DEL CICLO #0014
Símbolos analizados: 0
Sin señal: 0
Esperando/otros: 0
Señales rechazadas: 0
Bloqueadas por estado/límites: 0
Validadas DRY RUN: 0
Nuevas órdenes: 0
Operaciones cerradas sincronizadas: 0
Errores: 0
Duración del ciclo: 0.09s
Intervalo objetivo: 30s
Próximo ciclo en: 29.91s
----------------------------------------------------------------------------------------

========================================================================================
CICLO #0015 | 2026-09-03 13:32:24 UTC | símbolos=34
========================================================================================
[01/34] START High Frequency Vol 10 Index
[01/34] END   High Frequency Vol 10 Index | 0.04s | ARPS WAITING SETUP
    Motivo: m5_atr_regime,m5_structure_break,m1_follow_through,m1_strong_close
[02/34] START High Frequency Vol 100 Index
[02/34] END   High Frequency Vol 100 Index | 0.04s | ARPS REGIME BLOCKED
    Motivo: SIN_TENDENCIA_M15
[03/34] START High Frequency Vol 25 Index
[03/34] END   High Frequency Vol 25 Index | 0.03s | ARPS REGIME BLOCKED
    Motivo: SIN_TENDENCIA_M15
[04/34] START High Frequency Vol 50 Index
[04/34] END   High Frequency Vol 50 Index | 0.04s | ARPS WAITING SETUP
    Motivo: m1_rejection,m1_follow_through,m1_strong_close
[05/34] START High Frequency Vol 75 Index
[05/34] END   High Frequency Vol 75 Index | 0.03s | ARPS WAITING SETUP
    Motivo: m5_atr_regime,m1_rejection,m1_follow_through,m1_strong_close
[06/34] START Vol over Boom 400
[06/34] END   Vol over Boom 400 | 0.03s | ARPS REGIME BLOCKED
    Motivo: SIN_TENDENCIA_M15
[07/34] START Vol over Boom 550
[07/34] END   Vol over Boom 550 | 0.04s | ARPS WAITING SETUP
    Motivo: m5_structure_break,m1_rejection,m1_follow_through
[08/34] START Vol over Boom 750
[08/34] END   Vol over Boom 750 | 0.03s | ARPS REGIME BLOCKED
    Motivo: SIN_TENDENCIA_M15
[09/34] START Vol over Crash 400
[09/34] END   Vol over Crash 400 | 0.03s | ARPS REGIME BLOCKED
    Motivo: SIN_TENDENCIA_M15
[10/34] START Vol over Crash 550
[10/34] END   Vol over Crash 550 | 0.03s | ARPS WAITING SETUP
    Motivo: spread_vs_atr,m5_structure_break,m1_follow_through
[11/34] START Vol over Crash 750
[11/34] END   Vol over Crash 750 | 0.02s | ARPS REGIME BLOCKED
    Motivo: SIN_TENDENCIA_M15
[12/34] START VolSwitch High Vol Index
[12/34] END   VolSwitch High Vol Index | 0.02s | ARPS REGIME BLOCKED
    Motivo: SIN_TENDENCIA_M15
[13/34] START VolSwitch Low Vol Index
[13/34] END   VolSwitch Low Vol Index | 0.03s | ARPS WAITING SETUP
    Motivo: m5_atr_regime,spread_vs_atr,m5_structure_break,m1_rejection,m1_strong_close
[14/34] START VolSwitch Medium Vol Index
[14/34] END   VolSwitch Medium Vol Index | 0.03s | ARPS WAITING SETUP
    Motivo: m5_structure_break,m1_rejection,m1_follow_through,m1_strong_close
[15/34] START Volatility 10 (1s) Index
[15/34] END   Volatility 10 (1s) Index | 0.03s | ARPS WAITING SETUP
    Motivo: m5_atr_regime,m5_structure_break,m1_rejection,m1_strong_close
[16/34] START Volatility 10 Index
[16/34] END   Volatility 10 Index | 0.03s | ARPS REGIME BLOCKED
    Motivo: ADX_M15_INSUFICIENTE
[17/34] START Volatility 100 (1s) Index
[17/34] END   Volatility 100 (1s) Index | 0.02s | ARPS REGIME BLOCKED
    Motivo: SIN_TENDENCIA_M15
[18/34] START Volatility 100 Index
[18/34] END   Volatility 100 Index | 0.00s | INSTRUMENTO EN CUARENTENA DE RIESGO
    Motivo: cuarentena temporal por desviación marginal de ejecución
[19/34] START Volatility 15 (1s) Index
[19/34] END   Volatility 15 (1s) Index | 0.04s | ARPS WAITING SETUP
    Motivo: m5_structure_break,m1_rejection
[20/34] START Volatility 15 Index
[20/34] END   Volatility 15 Index | 0.03s | ARPS WAITING SETUP
    Motivo: m5_atr_regime,m5_structure_break,m1_rejection
[21/34] START Volatility 150 (1s) Index
[21/34] END   Volatility 150 (1s) Index | 0.03s | ARPS WAITING SETUP
    Motivo: spread_vs_atr,m5_structure_break,m1_rejection,m1_follow_through
[22/34] START Volatility 25 (1s) Index
[22/34] END   Volatility 25 (1s) Index | 0.04s | ARPS WAITING SETUP
    Motivo: m5_atr_regime,m1_rejection
[23/34] START Volatility 25 Index
[23/34] END   Volatility 25 Index | 0.00s | INSTRUMENTO EN CUARENTENA DE RIESGO
    Motivo: cuarentena temporal por desviación marginal de ejecución
[24/34] START Volatility 250 (1s) Index
[24/34] END   Volatility 250 (1s) Index | 0.03s | ARPS WAITING SETUP
    Motivo: spread_vs_atr,m1_follow_through
[25/34] START Volatility 30 (1s) Index
[25/34] END   Volatility 30 (1s) Index | 0.00s | INSTRUMENTO EN CUARENTENA DE RIESGO
    Motivo: cuarentena temporal por desviación marginal de ejecución
[26/34] START Volatility 30 Index
[26/34] END   Volatility 30 Index | 0.04s | ARPS WAITING SETUP
    Motivo: m5_structure_break,m1_rejection,m1_follow_through,m1_strong_close
[27/34] START Volatility 5 (1s) Index
[27/34] END   Volatility 5 (1s) Index | 0.03s | ARPS WAITING SETUP
    Motivo: m5_atr_regime,m5_structure_break,m1_rejection,m1_follow_through
[28/34] START Volatility 5 Index
[28/34] END   Volatility 5 Index | 0.01s | INSTRUMENTO EN CUARENTENA DE RIESGO
    Motivo: cuarentena de seguridad que requiere revisión manual
[29/34] START Volatility 50 (1s) Index
[29/34] END   Volatility 50 (1s) Index | 0.03s | ARPS WAITING SETUP
    Motivo: m5_atr_regime,m5_structure_break,m1_rejection
[30/34] START Volatility 50 Index
[30/34] END   Volatility 50 Index | 0.03s | ARPS WAITING SETUP
    Motivo: m5_atr_regime,m5_structure_break,m5_pullback,m1_rejection
[31/34] START Volatility 75 (1s) Index
[31/34] END   Volatility 75 (1s) Index | 0.03s | ARPS REGIME BLOCKED
    Motivo: SIN_TENDENCIA_M15
[32/34] START Volatility 75 Index
[32/34] END   Volatility 75 Index | 0.04s | ARPS WAITING SETUP
    Motivo: m5_atr_regime,m5_structure_break,m5_pullback,m1_rejection,m1_follow_through
[33/34] START Volatility 90 (1s) Index
[33/34] END   Volatility 90 (1s) Index | 0.02s | ARPS REGIME BLOCKED
    Motivo: SIN_TENDENCIA_M15
[34/34] START Volatility 90 Index
[34/34] END   Volatility 90 Index | 0.04s | ARPS WAITING SETUP
    Motivo: m5_atr_regime,m5_structure_break,m1_rejection,m1_strong_close
----------------------------------------------------------------------------------------
RESUMEN DEL CICLO #0015
Símbolos analizados: 34
Sin señal: 0
Esperando/otros: 34
Señales rechazadas: 0
Bloqueadas por estado/límites: 0
Validadas DRY RUN: 0
Nuevas órdenes: 0
Operaciones cerradas sincronizadas: 0
Errores: 0
Duración del ciclo: 1.21s
Intervalo objetivo: 30s
Próximo ciclo en: 28.79s
----------------------------------------------------------------------------------------

========================================================================================
CICLO #0016 | 2026-09-03 13:32:54 UTC | símbolos=0
========================================================================================
----------------------------------------------------------------------------------------
RESUMEN DEL CICLO #0016
Símbolos analizados: 0
Sin señal: 0
Esperando/otros: 0
Señales rechazadas: 0
Bloqueadas por estado/límites: 0
Validadas DRY RUN: 0
Nuevas órdenes: 0
Operaciones cerradas sincronizadas: 0
Errores: 0
Duración del ciclo: 0.12s
Intervalo objetivo: 30s
Próximo ciclo en: 29.88s
----------------------------------------------------------------------------------------

========================================================================================
CICLO #0017 | 2026-09-03 13:33:24 UTC | símbolos=34
========================================================================================
[01/34] START High Frequency Vol 10 Index
[01/34] END   High Frequency Vol 10 Index | 0.03s | ARPS WAITING SETUP
    Motivo: m5_atr_regime,m5_structure_break,m1_rejection
[02/34] START High Frequency Vol 100 Index
[02/34] END   High Frequency Vol 100 Index | 0.03s | ARPS REGIME BLOCKED
    Motivo: SIN_TENDENCIA_M15
[03/34] START High Frequency Vol 25 Index
[03/34] END   High Frequency Vol 25 Index | 0.03s | ARPS REGIME BLOCKED
    Motivo: SIN_TENDENCIA_M15
[04/34] START High Frequency Vol 50 Index
[04/34] END   High Frequency Vol 50 Index | 0.03s | ARPS WAITING SETUP
    Motivo: m1_rejection,m1_follow_through
[05/34] START High Frequency Vol 75 Index
[05/34] END   High Frequency Vol 75 Index | 0.03s | ARPS WAITING SETUP
    Motivo: m5_atr_regime,m1_rejection
[06/34] START Vol over Boom 400
[06/34] END   Vol over Boom 400 | 0.04s | ARPS REGIME BLOCKED
    Motivo: SIN_TENDENCIA_M15
[07/34] START Vol over Boom 550
[07/34] END   Vol over Boom 550 | 0.03s | ARPS WAITING SETUP
    Motivo: m5_structure_break,m1_rejection,m1_follow_through
[08/34] START Vol over Boom 750
[08/34] END   Vol over Boom 750 | 0.02s | ARPS REGIME BLOCKED
    Motivo: SIN_TENDENCIA_M15
[09/34] START Vol over Crash 400
[09/34] END   Vol over Crash 400 | 0.02s | ARPS REGIME BLOCKED
    Motivo: SIN_TENDENCIA_M15
[10/34] START Vol over Crash 550
[10/34] END   Vol over Crash 550 | 0.03s | ARPS WAITING SETUP
    Motivo: spread_vs_atr,m5_structure_break,m1_rejection
[11/34] START Vol over Crash 750
[11/34] END   Vol over Crash 750 | 0.03s | ARPS REGIME BLOCKED
    Motivo: SIN_TENDENCIA_M15
[12/34] START VolSwitch High Vol Index
[12/34] END   VolSwitch High Vol Index | 0.02s | ARPS REGIME BLOCKED
    Motivo: SIN_TENDENCIA_M15
[13/34] START VolSwitch Low Vol Index
[13/34] END   VolSwitch Low Vol Index | 0.03s | ARPS WAITING SETUP
    Motivo: m5_atr_regime,spread_vs_atr,m5_structure_break
[14/34] START VolSwitch Medium Vol Index
[14/34] END   VolSwitch Medium Vol Index | 0.03s | ARPS WAITING SETUP
    Motivo: m5_structure_break,m1_rejection
[15/34] START Volatility 10 (1s) Index
[15/34] END   Volatility 10 (1s) Index | 0.03s | ARPS WAITING SETUP
    Motivo: m5_atr_regime,m5_structure_break,m1_strong_close
[16/34] START Volatility 10 Index
[16/34] END   Volatility 10 Index | 0.02s | ARPS REGIME BLOCKED
    Motivo: ADX_M15_INSUFICIENTE
[17/34] START Volatility 100 (1s) Index
[17/34] END   Volatility 100 (1s) Index | 0.02s | ARPS REGIME BLOCKED
    Motivo: SIN_TENDENCIA_M15
[18/34] START Volatility 100 Index
[18/34] END   Volatility 100 Index | 0.01s | INSTRUMENTO EN CUARENTENA DE RIESGO
    Motivo: cuarentena temporal por desviación marginal de ejecución
[19/34] START Volatility 15 (1s) Index
[19/34] END   Volatility 15 (1s) Index | 0.03s | ARPS WAITING SETUP
    Motivo: m5_structure_break,m1_rejection,m1_strong_close
[20/34] START Volatility 15 Index
[20/34] END   Volatility 15 Index | 0.03s | ARPS WAITING SETUP
    Motivo: m5_atr_regime,m5_structure_break,m1_rejection,m1_follow_through
[21/34] START Volatility 150 (1s) Index
[21/34] END   Volatility 150 (1s) Index | 0.02s | ARPS WAITING SETUP
    Motivo: spread_vs_atr,m5_structure_break,m1_rejection,m1_follow_through,m1_strong_close
[22/34] START Volatility 25 (1s) Index
[22/34] END   Volatility 25 (1s) Index | 0.02s | ARPS WAITING SETUP
    Motivo: m5_atr_regime,m1_rejection
[23/34] START Volatility 25 Index
[23/34] END   Volatility 25 Index | 0.01s | INSTRUMENTO EN CUARENTENA DE RIESGO
    Motivo: cuarentena temporal por desviación marginal de ejecución
[24/34] START Volatility 250 (1s) Index
[24/34] END   Volatility 250 (1s) Index | 0.03s | ARPS WAITING SETUP
    Motivo: spread_vs_atr,m1_rejection,m1_follow_through
[25/34] START Volatility 30 (1s) Index
[25/34] END   Volatility 30 (1s) Index | 0.00s | INSTRUMENTO EN CUARENTENA DE RIESGO
    Motivo: cuarentena temporal por desviación marginal de ejecución
[26/34] START Volatility 30 Index
[26/34] END   Volatility 30 Index | 0.03s | ARPS WAITING SETUP
    Motivo: m5_structure_break,m1_rejection
[27/34] START Volatility 5 (1s) Index
[27/34] END   Volatility 5 (1s) Index | 0.03s | ARPS WAITING SETUP
    Motivo: m5_atr_regime,m5_structure_break,m1_rejection,m1_follow_through,m1_strong_close
[28/34] START Volatility 5 Index
[28/34] END   Volatility 5 Index | 0.00s | INSTRUMENTO EN CUARENTENA DE RIESGO
    Motivo: cuarentena de seguridad que requiere revisión manual
[29/34] START Volatility 50 (1s) Index
[29/34] END   Volatility 50 (1s) Index | 0.03s | ARPS WAITING SETUP
    Motivo: m5_atr_regime,m5_structure_break,m1_rejection,m1_strong_close
[30/34] START Volatility 50 Index
[30/34] END   Volatility 50 Index | 0.03s | ARPS WAITING SETUP
    Motivo: m5_atr_regime,m5_structure_break,m5_pullback,m1_rejection,m1_follow_through,m1_strong_close
[31/34] START Volatility 75 (1s) Index
[31/34] END   Volatility 75 (1s) Index | 0.03s | ARPS REGIME BLOCKED
    Motivo: SIN_TENDENCIA_M15
[32/34] START Volatility 75 Index
[32/34] END   Volatility 75 Index | 0.03s | ARPS WAITING SETUP
    Motivo: m5_atr_regime,m5_structure_break,m5_pullback,m1_rejection
[33/34] START Volatility 90 (1s) Index
[33/34] END   Volatility 90 (1s) Index | 0.03s | ARPS REGIME BLOCKED
    Motivo: SIN_TENDENCIA_M15
[34/34] START Volatility 90 Index
[34/34] END   Volatility 90 Index | 0.03s | ARPS WAITING SETUP
    Motivo: m5_atr_regime,m5_structure_break,m1_rejection,m1_strong_close
----------------------------------------------------------------------------------------
RESUMEN DEL CICLO #0017
Símbolos analizados: 34
Sin señal: 0
Esperando/otros: 34
Señales rechazadas: 0
Bloqueadas por estado/límites: 0
Validadas DRY RUN: 0
Nuevas órdenes: 0
Operaciones cerradas sincronizadas: 0
Errores: 0
Duración del ciclo: 1.06s
Intervalo objetivo: 30s
Próximo ciclo en: 28.94s
----------------------------------------------------------------------------------------

========================================================================================
CICLO #0018 | 2026-09-03 13:33:54 UTC | símbolos=0
========================================================================================
----------------------------------------------------------------------------------------
RESUMEN DEL CICLO #0018
Símbolos analizados: 0
Sin señal: 0
Esperando/otros: 0
Señales rechazadas: 0
Bloqueadas por estado/límites: 0
Validadas DRY RUN: 0
Nuevas órdenes: 0
Operaciones cerradas sincronizadas: 0
Errores: 0
Duración del ciclo: 0.09s
Intervalo objetivo: 30s
Próximo ciclo en: 29.91s
----------------------------------------------------------------------------------------

========================================================================================
CICLO #0019 | 2026-09-03 13:34:24 UTC | símbolos=34
========================================================================================
[01/34] START High Frequency Vol 10 Index
[01/34] END   High Frequency Vol 10 Index | 0.03s | ARPS WAITING SETUP
    Motivo: m5_atr_regime,m5_structure_break,m1_rejection,m1_strong_close
[02/34] START High Frequency Vol 100 Index
[02/34] END   High Frequency Vol 100 Index | 0.02s | ARPS REGIME BLOCKED
    Motivo: SIN_TENDENCIA_M15
[03/34] START High Frequency Vol 25 Index
[03/34] END   High Frequency Vol 25 Index | 0.02s | ARPS REGIME BLOCKED
    Motivo: SIN_TENDENCIA_M15
[04/34] START High Frequency Vol 50 Index
[04/34] END   High Frequency Vol 50 Index | 0.02s | ARPS WAITING SETUP
    Motivo: m1_rejection,m1_follow_through,m1_strong_close
[05/34] START High Frequency Vol 75 Index
[05/34] END   High Frequency Vol 75 Index | 0.03s | ARPS WAITING SETUP
    Motivo: m5_atr_regime,m1_rejection,m1_follow_through
[06/34] START Vol over Boom 400
[06/34] END   Vol over Boom 400 | 0.02s | ARPS REGIME BLOCKED
    Motivo: SIN_TENDENCIA_M15
[07/34] START Vol over Boom 550
[07/34] END   Vol over Boom 550 | 0.04s | ARPS WAITING SETUP
    Motivo: m5_structure_break,m1_rejection,m1_follow_through
[08/34] START Vol over Boom 750
[08/34] END   Vol over Boom 750 | 0.02s | ARPS REGIME BLOCKED
    Motivo: SIN_TENDENCIA_M15
[09/34] START Vol over Crash 400
[09/34] END   Vol over Crash 400 | 0.02s | ARPS REGIME BLOCKED
    Motivo: SIN_TENDENCIA_M15
[10/34] START Vol over Crash 550
[10/34] END   Vol over Crash 550 | 0.03s | ARPS WAITING SETUP
    Motivo: spread_vs_atr,m5_structure_break,m1_rejection
[11/34] START Vol over Crash 750
[11/34] END   Vol over Crash 750 | 0.02s | ARPS REGIME BLOCKED
    Motivo: SIN_TENDENCIA_M15
[12/34] START VolSwitch High Vol Index
[12/34] END   VolSwitch High Vol Index | 0.03s | ARPS REGIME BLOCKED
    Motivo: SIN_TENDENCIA_M15
[13/34] START VolSwitch Low Vol Index
[13/34] END   VolSwitch Low Vol Index | 0.02s | ARPS WAITING SETUP
    Motivo: m5_atr_regime,spread_vs_atr,m5_structure_break,m1_rejection
[14/34] START VolSwitch Medium Vol Index
[14/34] END   VolSwitch Medium Vol Index | 0.02s | ARPS WAITING SETUP
    Motivo: m5_structure_break,m1_rejection
[15/34] START Volatility 10 (1s) Index
[15/34] END   Volatility 10 (1s) Index | 0.03s | ARPS WAITING SETUP
    Motivo: m5_atr_regime,m5_structure_break,m1_follow_through
[16/34] START Volatility 10 Index
[16/34] END   Volatility 10 Index | 0.03s | ARPS REGIME BLOCKED
    Motivo: ADX_M15_INSUFICIENTE
[17/34] START Volatility 100 (1s) Index
[17/34] END   Volatility 100 (1s) Index | 0.03s | ARPS REGIME BLOCKED
    Motivo: SIN_TENDENCIA_M15
[18/34] START Volatility 100 Index
[18/34] END   Volatility 100 Index | 0.00s | INSTRUMENTO EN CUARENTENA DE RIESGO
    Motivo: cuarentena temporal por desviación marginal de ejecución
[19/34] START Volatility 15 (1s) Index
[19/34] END   Volatility 15 (1s) Index | 0.02s | ARPS WAITING SETUP
    Motivo: m5_structure_break,m1_follow_through
[20/34] START Volatility 15 Index
[20/34] END   Volatility 15 Index | 0.03s | ARPS WAITING SETUP
    Motivo: m5_atr_regime,m5_structure_break,m1_rejection,m1_strong_close
[21/34] START Volatility 150 (1s) Index
[21/34] END   Volatility 150 (1s) Index | 0.02s | ARPS WAITING SETUP
    Motivo: spread_vs_atr,m5_structure_break,m1_follow_through
[22/34] START Volatility 25 (1s) Index
[22/34] END   Volatility 25 (1s) Index | 0.03s | ARPS WAITING SETUP
    Motivo: m5_atr_regime,m1_rejection,m1_strong_close
[23/34] START Volatility 25 Index
[23/34] END   Volatility 25 Index | 0.00s | INSTRUMENTO EN CUARENTENA DE RIESGO
    Motivo: cuarentena temporal por desviación marginal de ejecución
[24/34] START Volatility 250 (1s) Index
[24/34] END   Volatility 250 (1s) Index | 0.03s | ARPS WAITING SETUP
    Motivo: spread_vs_atr,m1_rejection,m1_follow_through
[25/34] START Volatility 30 (1s) Index
[25/34] END   Volatility 30 (1s) Index | 0.00s | INSTRUMENTO EN CUARENTENA DE RIESGO
    Motivo: cuarentena temporal por desviación marginal de ejecución
[26/34] START Volatility 30 Index
[26/34] END   Volatility 30 Index | 0.03s | ARPS WAITING SETUP
    Motivo: m5_structure_break,m1_rejection
[27/34] START Volatility 5 (1s) Index
[27/34] END   Volatility 5 (1s) Index | 0.03s | ARPS WAITING SETUP
    Motivo: m5_atr_regime,m5_structure_break,m1_rejection,m1_follow_through,m1_strong_close
[28/34] START Volatility 5 Index
[28/34] END   Volatility 5 Index | 0.01s | INSTRUMENTO EN CUARENTENA DE RIESGO
    Motivo: cuarentena de seguridad que requiere revisión manual
[29/34] START Volatility 50 (1s) Index
[29/34] END   Volatility 50 (1s) Index | 0.03s | ARPS WAITING SETUP
    Motivo: m5_atr_regime,m5_structure_break
[30/34] START Volatility 50 Index
[30/34] END   Volatility 50 Index | 0.03s | ARPS WAITING SETUP
    Motivo: m5_atr_regime,m5_structure_break,m5_pullback,m1_rejection,m1_follow_through,m1_strong_close
[31/34] START Volatility 75 (1s) Index
[31/34] END   Volatility 75 (1s) Index | 0.02s | ARPS REGIME BLOCKED
    Motivo: SIN_TENDENCIA_M15
[32/34] START Volatility 75 Index
[32/34] END   Volatility 75 Index | 0.03s | ARPS WAITING SETUP
    Motivo: m5_atr_regime,m5_structure_break,m5_pullback
[33/34] START Volatility 90 (1s) Index
[33/34] END   Volatility 90 (1s) Index | 0.02s | ARPS REGIME BLOCKED
    Motivo: SIN_TENDENCIA_M15
[34/34] START Volatility 90 Index
[34/34] END   Volatility 90 Index | 0.02s | ARPS WAITING SETUP
    Motivo: m5_atr_regime,m5_structure_break,m1_strong_close
----------------------------------------------------------------------------------------
RESUMEN DEL CICLO #0019
Símbolos analizados: 34
Sin señal: 0
Esperando/otros: 34
Señales rechazadas: 0
Bloqueadas por estado/límites: 0
Validadas DRY RUN: 0
Nuevas órdenes: 0
Operaciones cerradas sincronizadas: 0
Errores: 0
Duración del ciclo: 1.01s
Intervalo objetivo: 30s
Próximo ciclo en: 28.99s
----------------------------------------------------------------------------------------

========================================================================================
CICLO #0020 | 2026-09-03 13:34:54 UTC | símbolos=0
========================================================================================
----------------------------------------------------------------------------------------
RESUMEN DEL CICLO #0020
Símbolos analizados: 0
Sin señal: 0
Esperando/otros: 0
Señales rechazadas: 0
Bloqueadas por estado/límites: 0
Validadas DRY RUN: 0
Nuevas órdenes: 0
Operaciones cerradas sincronizadas: 0
Errores: 0
Duración del ciclo: 0.40s
Intervalo objetivo: 30s
Próximo ciclo en: 29.60s
----------------------------------------------------------------------------------------

========================================================================================
CICLO #0021 | 2026-09-03 13:35:24 UTC | símbolos=34
========================================================================================
[01/34] START High Frequency Vol 10 Index
[01/34] END   High Frequency Vol 10 Index | 0.04s | ARPS WAITING SETUP
    Motivo: m5_atr_regime,m5_structure_break,m1_strong_close
[02/34] START High Frequency Vol 100 Index
[02/34] END   High Frequency Vol 100 Index | 0.02s | ARPS REGIME BLOCKED
    Motivo: SIN_TENDENCIA_M15
[03/34] START High Frequency Vol 25 Index
[03/34] END   High Frequency Vol 25 Index | 0.03s | ARPS REGIME BLOCKED
    Motivo: SIN_TENDENCIA_M15
[04/34] START High Frequency Vol 50 Index
[04/34] END   High Frequency Vol 50 Index | 0.03s | ARPS WAITING SETUP
    Motivo: m5_structure_break,m1_rejection
[05/34] START High Frequency Vol 75 Index
[05/34] END   High Frequency Vol 75 Index | 0.04s | ARPS WAITING SETUP
    Motivo: m5_atr_regime,m5_structure_break,m1_rejection,m1_strong_close
[06/34] START Vol over Boom 400
[06/34] END   Vol over Boom 400 | 0.03s | ARPS REGIME BLOCKED
    Motivo: SIN_TENDENCIA_M15
[07/34] START Vol over Boom 550
[07/34] END   Vol over Boom 550 | 0.03s | ARPS WAITING SETUP
    Motivo: m5_pullback,m1_rejection,m1_follow_through
[08/34] START Vol over Boom 750
[08/34] END   Vol over Boom 750 | 0.03s | ARPS REGIME BLOCKED
    Motivo: SIN_TENDENCIA_M15
[09/34] START Vol over Crash 400
[09/34] END   Vol over Crash 400 | 0.03s | ARPS REGIME BLOCKED
    Motivo: SIN_TENDENCIA_M15
[10/34] START Vol over Crash 550
[10/34] END   Vol over Crash 550 | 0.04s | ARPS WAITING SETUP
    Motivo: m5_atr_regime,spread_vs_atr,m5_structure_break,m1_rejection,m1_follow_through,m1_strong_close
[11/34] START Vol over Crash 750
[11/34] END   Vol over Crash 750 | 0.03s | ARPS REGIME BLOCKED
    Motivo: SIN_TENDENCIA_M15
[12/34] START VolSwitch High Vol Index
[12/34] END   VolSwitch High Vol Index | 0.03s | ARPS REGIME BLOCKED
    Motivo: SIN_TENDENCIA_M15
[13/34] START VolSwitch Low Vol Index
[13/34] END   VolSwitch Low Vol Index | 0.03s | ARPS WAITING SETUP
    Motivo: m5_atr_regime,spread_vs_atr,m5_structure_break,m1_rejection,m1_strong_close
[14/34] START VolSwitch Medium Vol Index
[14/34] END   VolSwitch Medium Vol Index | 0.03s | ARPS WAITING SETUP
    Motivo: m5_structure_break,m1_rejection,m1_strong_close
[15/34] START Volatility 10 (1s) Index
[15/34] END   Volatility 10 (1s) Index | 0.03s | ARPS WAITING SETUP
    Motivo: m5_atr_regime,m5_structure_break,m1_rejection,m1_follow_through,m1_strong_close
[16/34] START Volatility 10 Index
[16/34] END   Volatility 10 Index | 0.03s | ARPS REGIME BLOCKED
    Motivo: ADX_M15_INSUFICIENTE
[17/34] START Volatility 100 (1s) Index
[17/34] END   Volatility 100 (1s) Index | 0.03s | ARPS REGIME BLOCKED
    Motivo: SIN_TENDENCIA_M15
[18/34] START Volatility 100 Index
[18/34] END   Volatility 100 Index | 0.00s | INSTRUMENTO EN CUARENTENA DE RIESGO
    Motivo: cuarentena temporal por desviación marginal de ejecución
[19/34] START Volatility 15 (1s) Index
[19/34] END   Volatility 15 (1s) Index | 0.04s | ARPS WAITING SETUP
    Motivo: m5_structure_break,m1_rejection,m1_follow_through,m1_strong_close
[20/34] START Volatility 15 Index
[20/34] END   Volatility 15 Index | 0.05s | ARPS WAITING SETUP
    Motivo: m5_structure_break,m1_follow_through,m1_strong_close
[21/34] START Volatility 150 (1s) Index
[21/34] END   Volatility 150 (1s) Index | 0.04s | ARPS WAITING SETUP
    Motivo: spread_vs_atr,m5_structure_break,m5_pullback,m1_rejection,m1_strong_close
[22/34] START Volatility 25 (1s) Index
[22/34] END   Volatility 25 (1s) Index | 0.03s | ARPS WAITING SETUP
    Motivo: m5_pullback,m1_rejection
[23/34] START Volatility 25 Index
[23/34] END   Volatility 25 Index | 0.00s | INSTRUMENTO EN CUARENTENA DE RIESGO
    Motivo: cuarentena temporal por desviación marginal de ejecución
[24/34] START Volatility 250 (1s) Index
[24/34] END   Volatility 250 (1s) Index | 0.04s | ARPS WAITING SETUP
    Motivo: m5_atr_regime,spread_vs_atr,m5_structure_break,m1_rejection,m1_strong_close
[25/34] START Volatility 30 (1s) Index
[25/34] END   Volatility 30 (1s) Index | 0.01s | INSTRUMENTO EN CUARENTENA DE RIESGO
    Motivo: cuarentena temporal por desviación marginal de ejecución
[26/34] START Volatility 30 Index
[26/34] END   Volatility 30 Index | 0.04s | ARPS WAITING SETUP
    Motivo: m5_structure_break,m1_follow_through,m1_strong_close
[27/34] START Volatility 5 (1s) Index
[27/34] END   Volatility 5 (1s) Index | 0.04s | ARPS WAITING SETUP
    Motivo: m5_atr_regime,m5_structure_break,m1_rejection,m1_strong_close
[28/34] START Volatility 5 Index
[28/34] END   Volatility 5 Index | 0.01s | INSTRUMENTO EN CUARENTENA DE RIESGO
    Motivo: cuarentena de seguridad que requiere revisión manual
[29/34] START Volatility 50 (1s) Index
[29/34] END   Volatility 50 (1s) Index | 0.14s | EL BROKER NO PERMITE ALCANZAR EL RIESGO OBJETIVO
    Motivo: el volumen máximo del broker no permite alcanzar el riesgo objetivo
[30/34] START Volatility 50 Index
[30/34] END   Volatility 50 Index | 0.09s | ARPS WAITING SETUP
    Motivo: m5_atr_regime,m5_structure_break,m5_pullback,m1_rejection,m1_strong_close
[31/34] START Volatility 75 (1s) Index
[31/34] END   Volatility 75 (1s) Index | 0.03s | ARPS REGIME BLOCKED
    Motivo: SIN_TENDENCIA_M15
[32/34] START Volatility 75 Index
[32/34] END   Volatility 75 Index | 0.05s | ARPS WAITING SETUP
    Motivo: m5_atr_regime,m5_structure_break,m1_rejection,m1_follow_through
[33/34] START Volatility 90 (1s) Index
[33/34] END   Volatility 90 (1s) Index | 0.03s | ARPS REGIME BLOCKED
    Motivo: SIN_TENDENCIA_M15
[34/34] START Volatility 90 Index
[34/34] END   Volatility 90 Index | 0.04s | ARPS WAITING SETUP
    Motivo: m5_atr_regime,m5_structure_break,m1_follow_through
----------------------------------------------------------------------------------------
RESUMEN DEL CICLO #0021
Símbolos analizados: 34
Sin señal: 0
Esperando/otros: 33
Señales rechazadas: 1
Bloqueadas por estado/límites: 0
Validadas DRY RUN: 0
Nuevas órdenes: 0
Operaciones cerradas sincronizadas: 0
Errores: 0
Duración del ciclo: 1.50s
Intervalo objetivo: 30s
Próximo ciclo en: 28.50s
----------------------------------------------------------------------------------------

========================================================================================
CICLO #0022 | 2026-09-03 13:35:54 UTC | símbolos=0
========================================================================================
----------------------------------------------------------------------------------------
RESUMEN DEL CICLO #0022
Símbolos analizados: 0
Sin señal: 0
Esperando/otros: 0
Señales rechazadas: 0
Bloqueadas por estado/límites: 0
Validadas DRY RUN: 0
Nuevas órdenes: 0
Operaciones cerradas sincronizadas: 0
Errores: 0
Duración del ciclo: 0.09s
Intervalo objetivo: 30s
Próximo ciclo en: 29.91s
----------------------------------------------------------------------------------------

========================================================================================
CICLO #0023 | 2026-09-03 13:36:24 UTC | símbolos=34
========================================================================================
[01/34] START High Frequency Vol 10 Index
[01/34] END   High Frequency Vol 10 Index | 0.03s | ARPS WAITING SETUP
    Motivo: m5_atr_regime,m5_structure_break
[02/34] START High Frequency Vol 100 Index
[02/34] END   High Frequency Vol 100 Index | 0.03s | ARPS REGIME BLOCKED
    Motivo: SIN_TENDENCIA_M15
[03/34] START High Frequency Vol 25 Index
[03/34] END   High Frequency Vol 25 Index | 0.03s | ARPS REGIME BLOCKED
    Motivo: SIN_TENDENCIA_M15
[04/34] START High Frequency Vol 50 Index
[04/34] END   High Frequency Vol 50 Index | 0.03s | ARPS WAITING SETUP
    Motivo: m5_structure_break
[05/34] START High Frequency Vol 75 Index
[05/34] END   High Frequency Vol 75 Index | 0.03s | ARPS WAITING SETUP
    Motivo: m5_atr_regime,m5_structure_break,m1_rejection,m1_follow_through,m1_strong_close
[06/34] START Vol over Boom 400
[06/34] END   Vol over Boom 400 | 0.03s | ARPS REGIME BLOCKED
    Motivo: SIN_TENDENCIA_M15
[07/34] START Vol over Boom 550
[07/34] END   Vol over Boom 550 | 0.03s | ARPS WAITING SETUP
    Motivo: m5_pullback,m1_rejection,m1_follow_through
[08/34] START Vol over Boom 750
[08/34] END   Vol over Boom 750 | 0.03s | ARPS REGIME BLOCKED
    Motivo: SIN_TENDENCIA_M15
[09/34] START Vol over Crash 400
[09/34] END   Vol over Crash 400 | 0.03s | ARPS REGIME BLOCKED
    Motivo: SIN_TENDENCIA_M15
[10/34] START Vol over Crash 550
[10/34] END   Vol over Crash 550 | 0.03s | ARPS WAITING SETUP
    Motivo: m5_atr_regime,spread_vs_atr,m5_structure_break,m1_rejection,m1_follow_through
[11/34] START Vol over Crash 750
[11/34] END   Vol over Crash 750 | 0.03s | ARPS REGIME BLOCKED
    Motivo: SIN_TENDENCIA_M15
[12/34] START VolSwitch High Vol Index
[12/34] END   VolSwitch High Vol Index | 0.03s | ARPS REGIME BLOCKED
    Motivo: SIN_TENDENCIA_M15
[13/34] START VolSwitch Low Vol Index
[13/34] END   VolSwitch Low Vol Index | 0.04s | ARPS WAITING SETUP
    Motivo: m5_atr_regime,spread_vs_atr,m5_structure_break,m1_follow_through,m1_strong_close
[14/34] START VolSwitch Medium Vol Index
[14/34] END   VolSwitch Medium Vol Index | 0.05s | ARPS WAITING SETUP
    Motivo: m5_structure_break,m1_follow_through
[15/34] START Volatility 10 (1s) Index
[15/34] END   Volatility 10 (1s) Index | 0.04s | ARPS WAITING SETUP
    Motivo: m5_atr_regime,m5_structure_break,m1_rejection,m1_follow_through
[16/34] START Volatility 10 Index
[16/34] END   Volatility 10 Index | 0.03s | ARPS REGIME BLOCKED
    Motivo: ADX_M15_INSUFICIENTE
[17/34] START Volatility 100 (1s) Index
[17/34] END   Volatility 100 (1s) Index | 0.03s | ARPS REGIME BLOCKED
    Motivo: SIN_TENDENCIA_M15
[18/34] START Volatility 100 Index
[18/34] END   Volatility 100 Index | 0.01s | INSTRUMENTO EN CUARENTENA DE RIESGO
    Motivo: cuarentena temporal por desviación marginal de ejecución
[19/34] START Volatility 15 (1s) Index
[19/34] END   Volatility 15 (1s) Index | 0.03s | ARPS WAITING SETUP
    Motivo: m5_structure_break,m1_rejection,m1_follow_through
[20/34] START Volatility 15 Index
[20/34] END   Volatility 15 Index | 0.03s | ARPS WAITING SETUP
    Motivo: m5_structure_break,m1_rejection,m1_follow_through,m1_strong_close
[21/34] START Volatility 150 (1s) Index
[21/34] END   Volatility 150 (1s) Index | 0.03s | ARPS WAITING SETUP
    Motivo: spread_vs_atr,m5_structure_break,m5_pullback,m1_follow_through
[22/34] START Volatility 25 (1s) Index
[22/34] END   Volatility 25 (1s) Index | 0.03s | ARPS WAITING SETUP
    Motivo: m5_pullback,m1_rejection
[23/34] START Volatility 25 Index
[23/34] END   Volatility 25 Index | 0.00s | INSTRUMENTO EN CUARENTENA DE RIESGO
    Motivo: cuarentena temporal por desviación marginal de ejecución
[24/34] START Volatility 250 (1s) Index
[24/34] END   Volatility 250 (1s) Index | 0.04s | ARPS WAITING SETUP
    Motivo: m5_atr_regime,spread_vs_atr,m5_structure_break
[25/34] START Volatility 30 (1s) Index
[25/34] END   Volatility 30 (1s) Index | 0.01s | INSTRUMENTO EN CUARENTENA DE RIESGO
    Motivo: cuarentena temporal por desviación marginal de ejecución
[26/34] START Volatility 30 Index
[26/34] END   Volatility 30 Index | 0.04s | ARPS WAITING SETUP
    Motivo: m5_structure_break,m1_rejection,m1_follow_through
[27/34] START Volatility 5 (1s) Index
[27/34] END   Volatility 5 (1s) Index | 0.04s | ARPS WAITING SETUP
    Motivo: m5_atr_regime,m5_structure_break,m1_follow_through
[28/34] START Volatility 5 Index
[28/34] END   Volatility 5 Index | 0.01s | INSTRUMENTO EN CUARENTENA DE RIESGO
    Motivo: cuarentena de seguridad que requiere revisión manual
[29/34] START Volatility 50 (1s) Index
[29/34] END   Volatility 50 (1s) Index | 0.03s | ARPS WAITING SETUP
    Motivo: m1_rejection,m1_follow_through,m1_strong_close
[30/34] START Volatility 50 Index
[30/34] END   Volatility 50 Index | 0.03s | ARPS WAITING SETUP
    Motivo: m5_atr_regime,m5_structure_break,m5_pullback,m1_follow_through,m1_strong_close
[31/34] START Volatility 75 (1s) Index
[31/34] END   Volatility 75 (1s) Index | 0.02s | ARPS REGIME BLOCKED
    Motivo: SIN_TENDENCIA_M15
[32/34] START Volatility 75 Index
[32/34] END   Volatility 75 Index | 0.03s | ARPS WAITING SETUP
    Motivo: m5_atr_regime,m5_structure_break,m1_rejection,m1_follow_through,m1_strong_close
[33/34] START Volatility 90 (1s) Index
[33/34] END   Volatility 90 (1s) Index | 0.03s | ARPS REGIME BLOCKED
    Motivo: SIN_TENDENCIA_M15
[34/34] START Volatility 90 Index
[34/34] END   Volatility 90 Index | 0.03s | ARPS WAITING SETUP
    Motivo: m5_atr_regime,m5_structure_break,m1_rejection,m1_strong_close
----------------------------------------------------------------------------------------
RESUMEN DEL CICLO #0023
Símbolos analizados: 34
Sin señal: 0
Esperando/otros: 34
Señales rechazadas: 0
Bloqueadas por estado/límites: 0
Validadas DRY RUN: 0
Nuevas órdenes: 0
Operaciones cerradas sincronizadas: 0
Errores: 0
Duración del ciclo: 1.24s
Intervalo objetivo: 30s
Próximo ciclo en: 28.76s
----------------------------------------------------------------------------------------

========================================================================================
CICLO #0024 | 2026-09-03 13:36:54 UTC | símbolos=0
========================================================================================
----------------------------------------------------------------------------------------
RESUMEN DEL CICLO #0024
Símbolos analizados: 0
Sin señal: 0
Esperando/otros: 0
Señales rechazadas: 0
Bloqueadas por estado/límites: 0
Validadas DRY RUN: 0
Nuevas órdenes: 0
Operaciones cerradas sincronizadas: 0
Errores: 0
Duración del ciclo: 0.11s
Intervalo objetivo: 30s
Próximo ciclo en: 29.89s
----------------------------------------------------------------------------------------

========================================================================================
CICLO #0025 | 2026-09-03 13:37:24 UTC | símbolos=34
========================================================================================
[01/34] START High Frequency Vol 10 Index
[01/34] END   High Frequency Vol 10 Index | 0.03s | ARPS WAITING SETUP
    Motivo: m5_atr_regime,m5_structure_break
[02/34] START High Frequency Vol 100 Index
[02/34] END   High Frequency Vol 100 Index | 0.03s | ARPS REGIME BLOCKED
    Motivo: SIN_TENDENCIA_M15
[03/34] START High Frequency Vol 25 Index
[03/34] END   High Frequency Vol 25 Index | 0.02s | ARPS REGIME BLOCKED
    Motivo: SIN_TENDENCIA_M15
[04/34] START High Frequency Vol 50 Index
[04/34] END   High Frequency Vol 50 Index | 0.03s | ARPS WAITING SETUP
    Motivo: m5_structure_break,m1_rejection,m1_follow_through,m1_strong_close
[05/34] START High Frequency Vol 75 Index
[05/34] END   High Frequency Vol 75 Index | 0.03s | ARPS WAITING SETUP
    Motivo: m5_atr_regime,m5_structure_break,m1_rejection
[06/34] START Vol over Boom 400
[06/34] END   Vol over Boom 400 | 0.03s | ARPS REGIME BLOCKED
    Motivo: SIN_TENDENCIA_M15
[07/34] START Vol over Boom 550
[07/34] END   Vol over Boom 550 | 0.03s | ARPS WAITING SETUP
    Motivo: m5_pullback,m1_rejection,m1_follow_through
[08/34] START Vol over Boom 750
[08/34] END   Vol over Boom 750 | 0.02s | ARPS REGIME BLOCKED
    Motivo: SIN_TENDENCIA_M15
[09/34] START Vol over Crash 400
[09/34] END   Vol over Crash 400 | 0.02s | ARPS REGIME BLOCKED
    Motivo: SIN_TENDENCIA_M15
[10/34] START Vol over Crash 550
[10/34] END   Vol over Crash 550 | 0.02s | ARPS WAITING SETUP
    Motivo: m5_atr_regime,spread_vs_atr,m5_structure_break,m1_rejection,m1_follow_through
[11/34] START Vol over Crash 750
[11/34] END   Vol over Crash 750 | 0.03s | ARPS REGIME BLOCKED
    Motivo: SIN_TENDENCIA_M15
[12/34] START VolSwitch High Vol Index
[12/34] END   VolSwitch High Vol Index | 0.02s | ARPS REGIME BLOCKED
    Motivo: SIN_TENDENCIA_M15
[13/34] START VolSwitch Low Vol Index
[13/34] END   VolSwitch Low Vol Index | 0.04s | ARPS WAITING SETUP
    Motivo: m5_atr_regime,spread_vs_atr,m5_structure_break,m1_rejection,m1_follow_through
[14/34] START VolSwitch Medium Vol Index
[14/34] END   VolSwitch Medium Vol Index | 0.03s | ARPS WAITING SETUP
    Motivo: m5_structure_break,m1_rejection,m1_follow_through
[15/34] START Volatility 10 (1s) Index
[15/34] END   Volatility 10 (1s) Index | 0.03s | ARPS WAITING SETUP
    Motivo: m5_atr_regime,m5_structure_break,m1_rejection,m1_follow_through
[16/34] START Volatility 10 Index
[16/34] END   Volatility 10 Index | 0.02s | ARPS REGIME BLOCKED
    Motivo: ADX_M15_INSUFICIENTE
[17/34] START Volatility 100 (1s) Index
[17/34] END   Volatility 100 (1s) Index | 0.03s | ARPS REGIME BLOCKED
    Motivo: SIN_TENDENCIA_M15
[18/34] START Volatility 100 Index
[18/34] END   Volatility 100 Index | 0.00s | INSTRUMENTO EN CUARENTENA DE RIESGO
    Motivo: cuarentena temporal por desviación marginal de ejecución
[19/34] START Volatility 15 (1s) Index
[19/34] END   Volatility 15 (1s) Index | 0.03s | ARPS WAITING SETUP
    Motivo: m5_structure_break,m1_rejection,m1_follow_through,m1_strong_close
[20/34] START Volatility 15 Index
[20/34] END   Volatility 15 Index | 0.03s | ARPS WAITING SETUP
    Motivo: m5_structure_break,m1_rejection
[21/34] START Volatility 150 (1s) Index
[21/34] END   Volatility 150 (1s) Index | 0.03s | ARPS WAITING SETUP
    Motivo: spread_vs_atr,m5_structure_break,m5_pullback,m1_rejection,m1_strong_close
[22/34] START Volatility 25 (1s) Index
[22/34] END   Volatility 25 (1s) Index | 0.03s | ARPS WAITING SETUP
    Motivo: m5_pullback,m1_rejection,m1_follow_through
[23/34] START Volatility 25 Index
[23/34] END   Volatility 25 Index | 0.00s | INSTRUMENTO EN CUARENTENA DE RIESGO
    Motivo: cuarentena temporal por desviación marginal de ejecución
[24/34] START Volatility 250 (1s) Index
[24/34] END   Volatility 250 (1s) Index | 0.04s | ARPS WAITING SETUP
    Motivo: m5_atr_regime,spread_vs_atr,m5_structure_break,m1_rejection,m1_strong_close
[25/34] START Volatility 30 (1s) Index
[25/34] END   Volatility 30 (1s) Index | 0.01s | INSTRUMENTO EN CUARENTENA DE RIESGO
    Motivo: cuarentena temporal por desviación marginal de ejecución
[26/34] START Volatility 30 Index
[26/34] END   Volatility 30 Index | 0.03s | ARPS WAITING SETUP
    Motivo: m5_structure_break,m1_rejection
[27/34] START Volatility 5 (1s) Index
[27/34] END   Volatility 5 (1s) Index | 0.04s | ARPS WAITING SETUP
    Motivo: m5_atr_regime,m5_structure_break,m1_rejection,m1_follow_through,m1_strong_close
[28/34] START Volatility 5 Index
[28/34] END   Volatility 5 Index | 0.00s | INSTRUMENTO EN CUARENTENA DE RIESGO
    Motivo: cuarentena de seguridad que requiere revisión manual
[29/34] START Volatility 50 (1s) Index
[29/34] END   Volatility 50 (1s) Index | 0.03s | ARPS WAITING SETUP
    Motivo: m1_rejection,m1_strong_close
[30/34] START Volatility 50 Index
[30/34] END   Volatility 50 Index | 0.03s | ARPS WAITING SETUP
    Motivo: m5_atr_regime,m5_structure_break,m5_pullback,m1_strong_close
[31/34] START Volatility 75 (1s) Index
[31/34] END   Volatility 75 (1s) Index | 0.03s | ARPS REGIME BLOCKED
    Motivo: SIN_TENDENCIA_M15
[32/34] START Volatility 75 Index
[32/34] END   Volatility 75 Index | 0.03s | ARPS WAITING SETUP
    Motivo: m5_atr_regime,m5_structure_break,m1_follow_through,m1_strong_close
[33/34] START Volatility 90 (1s) Index
[33/34] END   Volatility 90 (1s) Index | 0.02s | ARPS REGIME BLOCKED
    Motivo: SIN_TENDENCIA_M15
[34/34] START Volatility 90 Index
[34/34] END   Volatility 90 Index | 0.03s | ARPS WAITING SETUP
    Motivo: m5_atr_regime,m5_structure_break,m1_rejection
----------------------------------------------------------------------------------------
RESUMEN DEL CICLO #0025
Símbolos analizados: 34
Sin señal: 0
Esperando/otros: 34
Señales rechazadas: 0
Bloqueadas por estado/límites: 0
Validadas DRY RUN: 0
Nuevas órdenes: 0
Operaciones cerradas sincronizadas: 0
Errores: 0
Duración del ciclo: 1.12s
Intervalo objetivo: 30s
Próximo ciclo en: 28.88s
----------------------------------------------------------------------------------------

========================================================================================
CICLO #0026 | 2026-09-03 13:37:54 UTC | símbolos=0
========================================================================================
----------------------------------------------------------------------------------------
RESUMEN DEL CICLO #0026
Símbolos analizados: 0
Sin señal: 0
Esperando/otros: 0
Señales rechazadas: 0
Bloqueadas por estado/límites: 0
Validadas DRY RUN: 0
Nuevas órdenes: 0
Operaciones cerradas sincronizadas: 0
Errores: 0
Duración del ciclo: 0.12s
Intervalo objetivo: 30s
Próximo ciclo en: 29.88s
----------------------------------------------------------------------------------------

========================================================================================
CICLO #0027 | 2026-09-03 13:38:24 UTC | símbolos=34
========================================================================================
[01/34] START High Frequency Vol 10 Index
[01/34] END   High Frequency Vol 10 Index | 0.04s | ARPS WAITING SETUP
    Motivo: m5_atr_regime,m5_structure_break,m1_rejection,m1_follow_through
[02/34] START High Frequency Vol 100 Index
[02/34] END   High Frequency Vol 100 Index | 0.02s | ARPS REGIME BLOCKED
    Motivo: SIN_TENDENCIA_M15
[03/34] START High Frequency Vol 25 Index
[03/34] END   High Frequency Vol 25 Index | 0.02s | ARPS REGIME BLOCKED
    Motivo: SIN_TENDENCIA_M15
[04/34] START High Frequency Vol 50 Index
[04/34] END   High Frequency Vol 50 Index | 0.03s | ARPS WAITING SETUP
    Motivo: m5_structure_break,m1_rejection
[05/34] START High Frequency Vol 75 Index
[05/34] END   High Frequency Vol 75 Index | 0.04s | ARPS WAITING SETUP
    Motivo: m5_atr_regime,m5_structure_break,m1_rejection,m1_follow_through
[06/34] START Vol over Boom 400
[06/34] END   Vol over Boom 400 | 0.02s | ARPS REGIME BLOCKED
    Motivo: SIN_TENDENCIA_M15
[07/34] START Vol over Boom 550
[07/34] END   Vol over Boom 550 | 0.04s | ARPS WAITING SETUP
    Motivo: m5_pullback,m1_rejection,m1_follow_through
[08/34] START Vol over Boom 750
[08/34] END   Vol over Boom 750 | 0.03s | ARPS REGIME BLOCKED
    Motivo: SIN_TENDENCIA_M15
[09/34] START Vol over Crash 400
[09/34] END   Vol over Crash 400 | 0.04s | ARPS REGIME BLOCKED
    Motivo: SIN_TENDENCIA_M15
[10/34] START Vol over Crash 550
[10/34] END   Vol over Crash 550 | 0.03s | ARPS WAITING SETUP
    Motivo: m5_atr_regime,spread_vs_atr,m5_structure_break,m1_rejection,m1_follow_through
[11/34] START Vol over Crash 750
[11/34] END   Vol over Crash 750 | 0.03s | ARPS REGIME BLOCKED
    Motivo: SIN_TENDENCIA_M15
[12/34] START VolSwitch High Vol Index
[12/34] END   VolSwitch High Vol Index | 0.03s | ARPS REGIME BLOCKED
    Motivo: SIN_TENDENCIA_M15
[13/34] START VolSwitch Low Vol Index
[13/34] END   VolSwitch Low Vol Index | 0.03s | ARPS WAITING SETUP
    Motivo: m5_atr_regime,spread_vs_atr,m5_structure_break,m1_rejection
[14/34] START VolSwitch Medium Vol Index
[14/34] END   VolSwitch Medium Vol Index | 0.03s | ARPS WAITING SETUP
    Motivo: m5_structure_break,m1_rejection,m1_follow_through
[15/34] START Volatility 10 (1s) Index
[15/34] END   Volatility 10 (1s) Index | 0.04s | ARPS WAITING SETUP
    Motivo: m5_atr_regime,m5_structure_break,m1_rejection,m1_follow_through
[16/34] START Volatility 10 Index
[16/34] END   Volatility 10 Index | 0.03s | ARPS REGIME BLOCKED
    Motivo: ADX_M15_INSUFICIENTE
[17/34] START Volatility 100 (1s) Index
[17/34] END   Volatility 100 (1s) Index | 0.03s | ARPS REGIME BLOCKED
    Motivo: SIN_TENDENCIA_M15
[18/34] START Volatility 100 Index
[18/34] END   Volatility 100 Index | 0.00s | INSTRUMENTO EN CUARENTENA DE RIESGO
    Motivo: cuarentena temporal por desviación marginal de ejecución
[19/34] START Volatility 15 (1s) Index
[19/34] END   Volatility 15 (1s) Index | 0.03s | ARPS WAITING SETUP
    Motivo: m5_structure_break,m1_rejection,m1_follow_through,m1_strong_close
[20/34] START Volatility 15 Index
[20/34] END   Volatility 15 Index | 0.04s | ARPS WAITING SETUP
    Motivo: m5_structure_break,m1_rejection,m1_follow_through,m1_strong_close
[21/34] START Volatility 150 (1s) Index
[21/34] END   Volatility 150 (1s) Index | 0.03s | ARPS WAITING SETUP
    Motivo: spread_vs_atr,m5_structure_break,m5_pullback,m1_follow_through,m1_strong_close
[22/34] START Volatility 25 (1s) Index
[22/34] END   Volatility 25 (1s) Index | 0.04s | ARPS WAITING SETUP
    Motivo: m5_pullback,m1_rejection,m1_strong_close
[23/34] START Volatility 25 Index
[23/34] END   Volatility 25 Index | 0.00s | INSTRUMENTO EN CUARENTENA DE RIESGO
    Motivo: cuarentena temporal por desviación marginal de ejecución
[24/34] START Volatility 250 (1s) Index
[24/34] END   Volatility 250 (1s) Index | 0.03s | ARPS WAITING SETUP
    Motivo: m5_atr_regime,spread_vs_atr,m5_structure_break
[25/34] START Volatility 30 (1s) Index
[25/34] END   Volatility 30 (1s) Index | 0.01s | INSTRUMENTO EN CUARENTENA DE RIESGO
    Motivo: cuarentena temporal por desviación marginal de ejecución
[26/34] START Volatility 30 Index
[26/34] END   Volatility 30 Index | 0.04s | ARPS WAITING SETUP
    Motivo: m5_structure_break,m1_rejection,m1_follow_through,m1_strong_close
[27/34] START Volatility 5 (1s) Index
[27/34] END   Volatility 5 (1s) Index | 0.04s | ARPS WAITING SETUP
    Motivo: m5_atr_regime,m5_structure_break,m1_rejection,m1_follow_through
[28/34] START Volatility 5 Index
[28/34] END   Volatility 5 Index | 0.00s | INSTRUMENTO EN CUARENTENA DE RIESGO
    Motivo: cuarentena de seguridad que requiere revisión manual
[29/34] START Volatility 50 (1s) Index
[29/34] END   Volatility 50 (1s) Index | 0.04s | ARPS WAITING SETUP
    Motivo: m1_strong_close
[30/34] START Volatility 50 Index
[30/34] END   Volatility 50 Index | 0.04s | ARPS WAITING SETUP
    Motivo: m5_atr_regime,m5_structure_break,m5_pullback,m1_follow_through
[31/34] START Volatility 75 (1s) Index
[31/34] END   Volatility 75 (1s) Index | 0.03s | ARPS REGIME BLOCKED
    Motivo: SIN_TENDENCIA_M15
[32/34] START Volatility 75 Index
[32/34] END   Volatility 75 Index | 0.03s | ARPS WAITING SETUP
    Motivo: m5_atr_regime,m5_structure_break,m1_rejection
[33/34] START Volatility 90 (1s) Index
[33/34] END   Volatility 90 (1s) Index | 0.03s | ARPS REGIME BLOCKED
    Motivo: SIN_TENDENCIA_M15
[34/34] START Volatility 90 Index
[34/34] END   Volatility 90 Index | 0.03s | ARPS WAITING SETUP
    Motivo: m5_atr_regime,m5_structure_break
----------------------------------------------------------------------------------------
RESUMEN DEL CICLO #0027
Símbolos analizados: 34
Sin señal: 0
Esperando/otros: 34
Señales rechazadas: 0
Bloqueadas por estado/límites: 0
Validadas DRY RUN: 0
Nuevas órdenes: 0
Operaciones cerradas sincronizadas: 0
Errores: 0
Duración del ciclo: 1.29s
Intervalo objetivo: 30s
Próximo ciclo en: 28.71s
----------------------------------------------------------------------------------------

========================================================================================
CICLO #0028 | 2026-09-03 13:38:54 UTC | símbolos=0
========================================================================================
----------------------------------------------------------------------------------------
RESUMEN DEL CICLO #0028
Símbolos analizados: 0
Sin señal: 0
Esperando/otros: 0
Señales rechazadas: 0
Bloqueadas por estado/límites: 0
Validadas DRY RUN: 0
Nuevas órdenes: 0
Operaciones cerradas sincronizadas: 0
Errores: 0
Duración del ciclo: 0.09s
Intervalo objetivo: 30s
Próximo ciclo en: 29.91s
----------------------------------------------------------------------------------------

========================================================================================
CICLO #0029 | 2026-09-03 13:39:24 UTC | símbolos=34
========================================================================================
[01/34] START High Frequency Vol 10 Index
[01/34] END   High Frequency Vol 10 Index | 0.04s | ARPS WAITING SETUP
    Motivo: m5_atr_regime,m5_structure_break,m1_rejection,m1_strong_close
[02/34] START High Frequency Vol 100 Index
[02/34] END   High Frequency Vol 100 Index | 0.03s | ARPS REGIME BLOCKED
    Motivo: SIN_TENDENCIA_M15
[03/34] START High Frequency Vol 25 Index
[03/34] END   High Frequency Vol 25 Index | 0.03s | ARPS REGIME BLOCKED
    Motivo: SIN_TENDENCIA_M15
[04/34] START High Frequency Vol 50 Index
[04/34] END   High Frequency Vol 50 Index | 0.04s | ARPS WAITING SETUP
    Motivo: m5_structure_break
[05/34] START High Frequency Vol 75 Index
[05/34] END   High Frequency Vol 75 Index | 0.03s | ARPS WAITING SETUP
    Motivo: m5_atr_regime,m5_structure_break,m1_rejection
[06/34] START Vol over Boom 400
[06/34] END   Vol over Boom 400 | 0.04s | ARPS REGIME BLOCKED
    Motivo: SIN_TENDENCIA_M15
[07/34] START Vol over Boom 550
[07/34] END   Vol over Boom 550 | 0.04s | ARPS WAITING SETUP
    Motivo: m5_pullback,m1_rejection,m1_follow_through,m1_strong_close
[08/34] START Vol over Boom 750
[08/34] END   Vol over Boom 750 | 0.03s | ARPS REGIME BLOCKED
    Motivo: SIN_TENDENCIA_M15
[09/34] START Vol over Crash 400
[09/34] END   Vol over Crash 400 | 0.04s | ARPS REGIME BLOCKED
    Motivo: SIN_TENDENCIA_M15
[10/34] START Vol over Crash 550
[10/34] END   Vol over Crash 550 | 0.03s | ARPS WAITING SETUP
    Motivo: m5_atr_regime,spread_vs_atr,m5_structure_break,m1_rejection,m1_follow_through
[11/34] START Vol over Crash 750
[11/34] END   Vol over Crash 750 | 0.03s | ARPS REGIME BLOCKED
    Motivo: SIN_TENDENCIA_M15
[12/34] START VolSwitch High Vol Index
[12/34] END   VolSwitch High Vol Index | 0.03s | ARPS REGIME BLOCKED
    Motivo: SIN_TENDENCIA_M15
[13/34] START VolSwitch Low Vol Index
[13/34] END   VolSwitch Low Vol Index | 0.03s | ARPS WAITING SETUP
    Motivo: m5_atr_regime,spread_vs_atr,m5_structure_break,m1_rejection,m1_strong_close
[14/34] START VolSwitch Medium Vol Index
[14/34] END   VolSwitch Medium Vol Index | 0.03s | ARPS WAITING SETUP
    Motivo: m5_structure_break,m1_rejection,m1_follow_through,m1_strong_close
[15/34] START Volatility 10 (1s) Index
[15/34] END   Volatility 10 (1s) Index | 0.03s | ARPS WAITING SETUP
    Motivo: m5_atr_regime,m5_structure_break,m1_rejection,m1_follow_through
[16/34] START Volatility 10 Index
[16/34] END   Volatility 10 Index | 0.02s | ARPS REGIME BLOCKED
    Motivo: ADX_M15_INSUFICIENTE
[17/34] START Volatility 100 (1s) Index
[17/34] END   Volatility 100 (1s) Index | 0.03s | ARPS REGIME BLOCKED
    Motivo: SIN_TENDENCIA_M15
[18/34] START Volatility 100 Index
[18/34] END   Volatility 100 Index | 0.00s | INSTRUMENTO EN CUARENTENA DE RIESGO
    Motivo: cuarentena temporal por desviación marginal de ejecución
[19/34] START Volatility 15 (1s) Index
[19/34] END   Volatility 15 (1s) Index | 0.03s | ARPS WAITING SETUP
    Motivo: m5_structure_break,m1_rejection,m1_follow_through,m1_strong_close
[20/34] START Volatility 15 Index
[20/34] END   Volatility 15 Index | 0.03s | ARPS WAITING SETUP
    Motivo: m5_structure_break,m1_follow_through,m1_strong_close
[21/34] START Volatility 150 (1s) Index
[21/34] END   Volatility 150 (1s) Index | 0.03s | ARPS WAITING SETUP
    Motivo: spread_vs_atr,m5_structure_break,m5_pullback,m1_rejection,m1_follow_through
[22/34] START Volatility 25 (1s) Index
[22/34] END   Volatility 25 (1s) Index | 0.04s | ARPS WAITING SETUP
    Motivo: m5_pullback,m1_strong_close
[23/34] START Volatility 25 Index
[23/34] END   Volatility 25 Index | 0.00s | INSTRUMENTO EN CUARENTENA DE RIESGO
    Motivo: cuarentena temporal por desviación marginal de ejecución
[24/34] START Volatility 250 (1s) Index
[24/34] END   Volatility 250 (1s) Index | 0.03s | ARPS WAITING SETUP
    Motivo: m5_atr_regime,spread_vs_atr,m5_structure_break
[25/34] START Volatility 30 (1s) Index
[25/34] END   Volatility 30 (1s) Index | 0.01s | INSTRUMENTO EN CUARENTENA DE RIESGO
    Motivo: cuarentena temporal por desviación marginal de ejecución
[26/34] START Volatility 30 Index
[26/34] END   Volatility 30 Index | 0.03s | ARPS WAITING SETUP
    Motivo: m5_structure_break,m1_rejection,m1_follow_through,m1_strong_close
[27/34] START Volatility 5 (1s) Index
[27/34] END   Volatility 5 (1s) Index | 0.03s | ARPS WAITING SETUP
    Motivo: m5_atr_regime,m5_structure_break,m1_rejection
[28/34] START Volatility 5 Index
[28/34] END   Volatility 5 Index | 0.00s | INSTRUMENTO EN CUARENTENA DE RIESGO
    Motivo: cuarentena de seguridad que requiere revisión manual
[29/34] START Volatility 50 (1s) Index
[29/34] END   Volatility 50 (1s) Index | 0.03s | ARPS WAITING SETUP
    Motivo: m1_follow_through,m1_strong_close
[30/34] START Volatility 50 Index
[30/34] END   Volatility 50 Index | 0.04s | ARPS WAITING SETUP
    Motivo: m5_atr_regime,m5_structure_break,m5_pullback,m1_rejection
[31/34] START Volatility 75 (1s) Index
[31/34] END   Volatility 75 (1s) Index | 0.02s | ARPS REGIME BLOCKED
    Motivo: SIN_TENDENCIA_M15
[32/34] START Volatility 75 Index
[32/34] END   Volatility 75 Index | 0.04s | ARPS WAITING SETUP
    Motivo: m5_atr_regime,m5_structure_break,m1_rejection,m1_follow_through,m1_strong_close
[33/34] START Volatility 90 (1s) Index
[33/34] END   Volatility 90 (1s) Index | 0.03s | ARPS REGIME BLOCKED
    Motivo: SIN_TENDENCIA_M15
[34/34] START Volatility 90 Index
[34/34] END   Volatility 90 Index | 0.04s | ARPS WAITING SETUP
    Motivo: m5_atr_regime,m5_structure_break,m1_rejection,m1_follow_through,m1_strong_close
----------------------------------------------------------------------------------------
RESUMEN DEL CICLO #0029
Símbolos analizados: 34
Sin señal: 0
Esperando/otros: 34
Señales rechazadas: 0
Bloqueadas por estado/límites: 0
Validadas DRY RUN: 0
Nuevas órdenes: 0
Operaciones cerradas sincronizadas: 0
Errores: 0
Duración del ciclo: 1.22s
Intervalo objetivo: 30s
Próximo ciclo en: 28.78s
----------------------------------------------------------------------------------------

========================================================================================
CICLO #0030 | 2026-09-03 13:39:54 UTC | símbolos=0
========================================================================================
----------------------------------------------------------------------------------------
RESUMEN DEL CICLO #0030
Símbolos analizados: 0
Sin señal: 0
Esperando/otros: 0
Señales rechazadas: 0
Bloqueadas por estado/límites: 0
Validadas DRY RUN: 0
Nuevas órdenes: 0
Operaciones cerradas sincronizadas: 0
Errores: 0
Duración del ciclo: 0.08s
Intervalo objetivo: 30s
Próximo ciclo en: 29.92s
----------------------------------------------------------------------------------------

========================================================================================
CICLO #0031 | 2026-09-03 13:40:24 UTC | símbolos=34
========================================================================================
[01/34] START High Frequency Vol 10 Index
[01/34] END   High Frequency Vol 10 Index | 0.03s | ARPS WAITING SETUP
    Motivo: m5_atr_regime,m5_structure_break,m1_follow_through,m1_strong_close
[02/34] START High Frequency Vol 100 Index
[02/34] END   High Frequency Vol 100 Index | 0.02s | ARPS REGIME BLOCKED
    Motivo: SIN_TENDENCIA_M15
[03/34] START High Frequency Vol 25 Index
[03/34] END   High Frequency Vol 25 Index | 0.02s | ARPS REGIME BLOCKED
    Motivo: SIN_TENDENCIA_M15
[04/34] START High Frequency Vol 50 Index
[04/34] END   High Frequency Vol 50 Index | 0.03s | ARPS WAITING SETUP
    Motivo: m5_atr_regime,m5_structure_break,m1_rejection,m1_follow_through
[05/34] START High Frequency Vol 75 Index
[05/34] END   High Frequency Vol 75 Index | 0.03s | ARPS WAITING SETUP
    Motivo: m5_atr_regime,m5_structure_break,m1_rejection,m1_follow_through
[06/34] START Vol over Boom 400
[06/34] END   Vol over Boom 400 | 0.03s | ARPS REGIME BLOCKED
    Motivo: SIN_TENDENCIA_M15
[07/34] START Vol over Boom 550
[07/34] END   Vol over Boom 550 | 0.04s | ARPS WAITING SETUP
    Motivo: m5_structure_break,m1_rejection,m1_follow_through
[08/34] START Vol over Boom 750
[08/34] END   Vol over Boom 750 | 0.03s | ARPS REGIME BLOCKED
    Motivo: SIN_TENDENCIA_M15
[09/34] START Vol over Crash 400
[09/34] END   Vol over Crash 400 | 0.02s | ARPS REGIME BLOCKED
    Motivo: SIN_TENDENCIA_M15
[10/34] START Vol over Crash 550
[10/34] END   Vol over Crash 550 | 0.03s | ARPS WAITING SETUP
    Motivo: m5_atr_regime,spread_vs_atr,m5_structure_break,m5_pullback,m1_rejection,m1_follow_through,m1_strong_close
[11/34] START Vol over Crash 750
[11/34] END   Vol over Crash 750 | 0.03s | ARPS REGIME BLOCKED
    Motivo: SIN_TENDENCIA_M15
[12/34] START VolSwitch High Vol Index
[12/34] END   VolSwitch High Vol Index | 0.03s | ARPS REGIME BLOCKED
    Motivo: SIN_TENDENCIA_M15
[13/34] START VolSwitch Low Vol Index
[13/34] END   VolSwitch Low Vol Index | 0.03s | ARPS WAITING SETUP
    Motivo: m5_atr_regime,spread_vs_atr,m5_structure_break,m1_rejection,m1_strong_close
[14/34] START VolSwitch Medium Vol Index
[14/34] END   VolSwitch Medium Vol Index | 0.03s | ARPS WAITING SETUP
    Motivo: m1_rejection,m1_follow_through
[15/34] START Volatility 10 (1s) Index
[15/34] END   Volatility 10 (1s) Index | 0.03s | ARPS WAITING SETUP
    Motivo: m5_atr_regime,m5_structure_break,m5_pullback,m1_rejection,m1_follow_through,m1_strong_close
[16/34] START Volatility 10 Index
[16/34] END   Volatility 10 Index | 0.03s | ARPS REGIME BLOCKED
    Motivo: ADX_M15_INSUFICIENTE
[17/34] START Volatility 100 (1s) Index
[17/34] END   Volatility 100 (1s) Index | 0.02s | ARPS REGIME BLOCKED
    Motivo: SIN_TENDENCIA_M15
[18/34] START Volatility 100 Index
[18/34] END   Volatility 100 Index | 0.00s | INSTRUMENTO EN CUARENTENA DE RIESGO
    Motivo: cuarentena temporal por desviación marginal de ejecución
[19/34] START Volatility 15 (1s) Index
[19/34] END   Volatility 15 (1s) Index | 0.03s | ARPS WAITING SETUP
    Motivo: m5_structure_break,m1_rejection,m1_follow_through,m1_strong_close
[20/34] START Volatility 15 Index
[20/34] END   Volatility 15 Index | 0.03s | ARPS WAITING SETUP
    Motivo: m5_structure_break
[21/34] START Volatility 150 (1s) Index
[21/34] END   Volatility 150 (1s) Index | 0.03s | ARPS WAITING SETUP
    Motivo: spread_vs_atr,m5_structure_break,m5_pullback,m1_rejection
[22/34] START Volatility 25 (1s) Index
[22/34] END   Volatility 25 (1s) Index | 0.03s | ARPS WAITING SETUP
    Motivo: m5_atr_regime,m5_pullback,m1_strong_close
[23/34] START Volatility 25 Index
[23/34] END   Volatility 25 Index | 0.00s | INSTRUMENTO EN CUARENTENA DE RIESGO
    Motivo: cuarentena temporal por desviación marginal de ejecución
[24/34] START Volatility 250 (1s) Index
[24/34] END   Volatility 250 (1s) Index | 0.03s | ARPS WAITING SETUP
    Motivo: m5_atr_regime,spread_vs_atr,m5_structure_break,m1_rejection,m1_strong_close
[25/34] START Volatility 30 (1s) Index
[25/34] END   Volatility 30 (1s) Index | 0.00s | INSTRUMENTO EN CUARENTENA DE RIESGO
    Motivo: cuarentena temporal por desviación marginal de ejecución
[26/34] START Volatility 30 Index
[26/34] END   Volatility 30 Index | 0.04s | ARPS WAITING SETUP
    Motivo: m5_atr_regime,m5_structure_break,m1_rejection
[27/34] START Volatility 5 (1s) Index
[27/34] END   Volatility 5 (1s) Index | 0.03s | ARPS WAITING SETUP
    Motivo: m5_structure_break,m1_rejection,m1_strong_close
[28/34] START Volatility 5 Index
[28/34] END   Volatility 5 Index | 0.00s | INSTRUMENTO EN CUARENTENA DE RIESGO
    Motivo: cuarentena de seguridad que requiere revisión manual
[29/34] START Volatility 50 (1s) Index
[29/34] END   Volatility 50 (1s) Index | 0.03s | ARPS WAITING SETUP
    Motivo: m5_pullback,m1_rejection,m1_follow_through
[30/34] START Volatility 50 Index
[30/34] END   Volatility 50 Index | 0.03s | ARPS WAITING SETUP
    Motivo: m5_atr_regime,m5_structure_break,m5_pullback,m1_rejection,m1_follow_through,m1_strong_close
[31/34] START Volatility 75 (1s) Index
[31/34] END   Volatility 75 (1s) Index | 0.02s | ARPS REGIME BLOCKED
    Motivo: SIN_TENDENCIA_M15
[32/34] START Volatility 75 Index
[32/34] END   Volatility 75 Index | 0.03s | ARPS WAITING SETUP
    Motivo: m5_atr_regime,m5_structure_break,m1_rejection
[33/34] START Volatility 90 (1s) Index
[33/34] END   Volatility 90 (1s) Index | 0.03s | ARPS REGIME BLOCKED
    Motivo: SIN_TENDENCIA_M15
[34/34] START Volatility 90 Index
[34/34] END   Volatility 90 Index | 0.03s | ARPS WAITING SETUP
    Motivo: m5_atr_regime,m5_structure_break,m1_rejection,m1_strong_close
----------------------------------------------------------------------------------------
RESUMEN DEL CICLO #0031
Símbolos analizados: 34
Sin señal: 0
Esperando/otros: 34
Señales rechazadas: 0
Bloqueadas por estado/límites: 0
Validadas DRY RUN: 0
Nuevas órdenes: 0
Operaciones cerradas sincronizadas: 0
Errores: 0
Duración del ciclo: 1.06s
Intervalo objetivo: 30s
Próximo ciclo en: 28.94s
----------------------------------------------------------------------------------------

========================================================================================
CICLO #0032 | 2026-09-03 13:40:54 UTC | símbolos=0
========================================================================================
----------------------------------------------------------------------------------------
RESUMEN DEL CICLO #0032
Símbolos analizados: 0
Sin señal: 0
Esperando/otros: 0
Señales rechazadas: 0
Bloqueadas por estado/límites: 0
Validadas DRY RUN: 0
Nuevas órdenes: 0
Operaciones cerradas sincronizadas: 0
Errores: 0
Duración del ciclo: 0.08s
Intervalo objetivo: 30s
Próximo ciclo en: 29.92s
----------------------------------------------------------------------------------------

========================================================================================
CICLO #0033 | 2026-09-03 13:41:24 UTC | símbolos=34
========================================================================================
[01/34] START High Frequency Vol 10 Index
[01/34] END   High Frequency Vol 10 Index | 0.02s | ARPS WAITING SETUP
    Motivo: m5_atr_regime,m5_structure_break,m1_rejection,m1_follow_through,m1_strong_close
[02/34] START High Frequency Vol 100 Index
[02/34] END   High Frequency Vol 100 Index | 0.02s | ARPS REGIME BLOCKED
    Motivo: SIN_TENDENCIA_M15
[03/34] START High Frequency Vol 25 Index
[03/34] END   High Frequency Vol 25 Index | 0.02s | ARPS REGIME BLOCKED
    Motivo: SIN_TENDENCIA_M15
[04/34] START High Frequency Vol 50 Index
[04/34] END   High Frequency Vol 50 Index | 0.02s | ARPS WAITING SETUP
    Motivo: m5_atr_regime,m5_structure_break,m1_rejection,m1_strong_close
[05/34] START High Frequency Vol 75 Index
[05/34] END   High Frequency Vol 75 Index | 0.02s | ARPS WAITING SETUP
    Motivo: m5_atr_regime,m5_structure_break,m1_rejection,m1_strong_close
[06/34] START Vol over Boom 400
[06/34] END   Vol over Boom 400 | 0.02s | ARPS REGIME BLOCKED
    Motivo: SIN_TENDENCIA_M15
[07/34] START Vol over Boom 550
[07/34] END   Vol over Boom 550 | 0.02s | ARPS WAITING SETUP
    Motivo: m5_structure_break,m1_rejection,m1_follow_through,m1_strong_close
[08/34] START Vol over Boom 750
[08/34] END   Vol over Boom 750 | 0.02s | ARPS REGIME BLOCKED
    Motivo: SIN_TENDENCIA_M15
[09/34] START Vol over Crash 400
[09/34] END   Vol over Crash 400 | 0.02s | ARPS REGIME BLOCKED
    Motivo: SIN_TENDENCIA_M15
[10/34] START Vol over Crash 550
[10/34] END   Vol over Crash 550 | 0.03s | ARPS WAITING SETUP
    Motivo: m5_atr_regime,spread_vs_atr,m5_structure_break,m5_pullback,m1_rejection,m1_follow_through,m1_strong_close
[11/34] START Vol over Crash 750
[11/34] END   Vol over Crash 750 | 0.02s | ARPS REGIME BLOCKED
    Motivo: SIN_TENDENCIA_M15
[12/34] START VolSwitch High Vol Index
[12/34] END   VolSwitch High Vol Index | 0.02s | ARPS REGIME BLOCKED
    Motivo: SIN_TENDENCIA_M15
[13/34] START VolSwitch Low Vol Index
[13/34] END   VolSwitch Low Vol Index | 0.03s | ARPS WAITING SETUP
    Motivo: m5_atr_regime,spread_vs_atr,m5_structure_break,m1_follow_through,m1_strong_close
[14/34] START VolSwitch Medium Vol Index
[14/34] END   VolSwitch Medium Vol Index | 0.03s | ARPS WAITING SETUP
    Motivo: m1_rejection,m1_follow_through
[15/34] START Volatility 10 (1s) Index
[15/34] END   Volatility 10 (1s) Index | 0.02s | ARPS WAITING SETUP
    Motivo: m5_atr_regime,m5_structure_break,m5_pullback,m1_rejection,m1_strong_close
[16/34] START Volatility 10 Index
[16/34] END   Volatility 10 Index | 0.02s | ARPS REGIME BLOCKED
    Motivo: ADX_M15_INSUFICIENTE
[17/34] START Volatility 100 (1s) Index
[17/34] END   Volatility 100 (1s) Index | 0.02s | ARPS REGIME BLOCKED
    Motivo: SIN_TENDENCIA_M15
[18/34] START Volatility 100 Index
[18/34] END   Volatility 100 Index | 0.00s | INSTRUMENTO EN CUARENTENA DE RIESGO
    Motivo: cuarentena temporal por desviación marginal de ejecución
[19/34] START Volatility 15 (1s) Index
[19/34] END   Volatility 15 (1s) Index | 0.03s | ARPS WAITING SETUP
    Motivo: m5_structure_break,m1_strong_close
[20/34] START Volatility 15 Index
[20/34] END   Volatility 15 Index | 0.02s | ARPS WAITING SETUP
    Motivo: m5_structure_break,m1_rejection,m1_follow_through
[21/34] START Volatility 150 (1s) Index
[21/34] END   Volatility 150 (1s) Index | 0.03s | ARPS WAITING SETUP
    Motivo: spread_vs_atr,m5_structure_break,m5_pullback,m1_rejection
[22/34] START Volatility 25 (1s) Index
[22/34] END   Volatility 25 (1s) Index | 0.03s | ARPS WAITING SETUP
    Motivo: m5_atr_regime,m5_pullback,m1_rejection,m1_follow_through
[23/34] START Volatility 25 Index
[23/34] END   Volatility 25 Index | 0.00s | INSTRUMENTO EN CUARENTENA DE RIESGO
    Motivo: cuarentena temporal por desviación marginal de ejecución
[24/34] START Volatility 250 (1s) Index
[24/34] END   Volatility 250 (1s) Index | 0.03s | ARPS WAITING SETUP
    Motivo: m5_atr_regime,spread_vs_atr,m5_structure_break,m1_rejection
[25/34] START Volatility 30 (1s) Index
[25/34] END   Volatility 30 (1s) Index | 0.00s | INSTRUMENTO EN CUARENTENA DE RIESGO
    Motivo: cuarentena temporal por desviación marginal de ejecución
[26/34] START Volatility 30 Index
[26/34] END   Volatility 30 Index | 0.02s | ARPS WAITING SETUP
    Motivo: m5_atr_regime,m5_structure_break,m1_rejection
[27/34] START Volatility 5 (1s) Index
[27/34] END   Volatility 5 (1s) Index | 0.02s | ARPS WAITING SETUP
    Motivo: m5_structure_break,m1_follow_through,m1_strong_close
[28/34] START Volatility 5 Index
[28/34] END   Volatility 5 Index | 0.00s | INSTRUMENTO EN CUARENTENA DE RIESGO
    Motivo: cuarentena de seguridad que requiere revisión manual
[29/34] START Volatility 50 (1s) Index
[29/34] END   Volatility 50 (1s) Index | 0.03s | ARPS WAITING SETUP
    Motivo: m5_pullback,m1_rejection
[30/34] START Volatility 50 Index
[30/34] END   Volatility 50 Index | 0.03s | ARPS WAITING SETUP
    Motivo: m5_atr_regime,m5_structure_break,m5_pullback,m1_follow_through,m1_strong_close
[31/34] START Volatility 75 (1s) Index
[31/34] END   Volatility 75 (1s) Index | 0.02s | ARPS REGIME BLOCKED
    Motivo: SIN_TENDENCIA_M15
[32/34] START Volatility 75 Index
[32/34] END   Volatility 75 Index | 0.03s | ARPS WAITING SETUP
    Motivo: m5_atr_regime,m5_structure_break,m1_rejection,m1_follow_through,m1_strong_close
[33/34] START Volatility 90 (1s) Index
[33/34] END   Volatility 90 (1s) Index | 0.02s | ARPS REGIME BLOCKED
    Motivo: SIN_TENDENCIA_M15
[34/34] START Volatility 90 Index
[34/34] END   Volatility 90 Index | 0.03s | ARPS WAITING SETUP
    Motivo: m5_atr_regime,m5_structure_break,m1_follow_through
----------------------------------------------------------------------------------------
RESUMEN DEL CICLO #0033
Símbolos analizados: 34
Sin señal: 0
Esperando/otros: 34
Señales rechazadas: 0
Bloqueadas por estado/límites: 0
Validadas DRY RUN: 0
Nuevas órdenes: 0
Operaciones cerradas sincronizadas: 0
Errores: 0
Duración del ciclo: 0.94s
Intervalo objetivo: 30s
Próximo ciclo en: 29.06s
----------------------------------------------------------------------------------------

========================================================================================
CICLO #0034 | 2026-09-03 13:41:54 UTC | símbolos=0
========================================================================================
----------------------------------------------------------------------------------------
RESUMEN DEL CICLO #0034
Símbolos analizados: 0
Sin señal: 0
Esperando/otros: 0
Señales rechazadas: 0
Bloqueadas por estado/límites: 0
Validadas DRY RUN: 0
Nuevas órdenes: 0
Operaciones cerradas sincronizadas: 0
Errores: 0
Duración del ciclo: 0.08s
Intervalo objetivo: 30s
Próximo ciclo en: 29.92s
----------------------------------------------------------------------------------------

========================================================================================
CICLO #0035 | 2026-09-03 13:42:24 UTC | símbolos=34
========================================================================================
[01/34] START High Frequency Vol 10 Index
[01/34] END   High Frequency Vol 10 Index | 0.03s | ARPS WAITING SETUP
    Motivo: m5_atr_regime,m5_structure_break,m1_rejection,m1_follow_through,m1_strong_close
[02/34] START High Frequency Vol 100 Index
[02/34] END   High Frequency Vol 100 Index | 0.02s | ARPS REGIME BLOCKED
    Motivo: SIN_TENDENCIA_M15
[03/34] START High Frequency Vol 25 Index
[03/34] END   High Frequency Vol 25 Index | 0.02s | ARPS REGIME BLOCKED
    Motivo: SIN_TENDENCIA_M15
[04/34] START High Frequency Vol 50 Index
[04/34] END   High Frequency Vol 50 Index | 0.03s | ARPS WAITING SETUP
    Motivo: m5_atr_regime,m5_structure_break,m1_rejection,m1_follow_through
[05/34] START High Frequency Vol 75 Index
[05/34] END   High Frequency Vol 75 Index | 0.02s | ARPS WAITING SETUP
    Motivo: m5_atr_regime,m5_structure_break,m1_follow_through
[06/34] START Vol over Boom 400
[06/34] END   Vol over Boom 400 | 0.02s | ARPS REGIME BLOCKED
    Motivo: SIN_TENDENCIA_M15
[07/34] START Vol over Boom 550
[07/34] END   Vol over Boom 550 | 0.03s | ARPS WAITING SETUP
    Motivo: m5_structure_break,m1_rejection,m1_follow_through
[08/34] START Vol over Boom 750
[08/34] END   Vol over Boom 750 | 0.02s | ARPS REGIME BLOCKED
    Motivo: SIN_TENDENCIA_M15
[09/34] START Vol over Crash 400
[09/34] END   Vol over Crash 400 | 0.02s | ARPS REGIME BLOCKED
    Motivo: SIN_TENDENCIA_M15
[10/34] START Vol over Crash 550
[10/34] END   Vol over Crash 550 | 0.03s | ARPS WAITING SETUP
    Motivo: m5_atr_regime,spread_vs_atr,m5_structure_break,m5_pullback,m1_rejection
[11/34] START Vol over Crash 750
[11/34] END   Vol over Crash 750 | 0.02s | ARPS REGIME BLOCKED
    Motivo: SIN_TENDENCIA_M15
[12/34] START VolSwitch High Vol Index
[12/34] END   VolSwitch High Vol Index | 0.02s | ARPS REGIME BLOCKED
    Motivo: SIN_TENDENCIA_M15
[13/34] START VolSwitch Low Vol Index
[13/34] END   VolSwitch Low Vol Index | 0.03s | ARPS WAITING SETUP
    Motivo: m5_atr_regime,spread_vs_atr,m5_structure_break,m1_rejection
[14/34] START VolSwitch Medium Vol Index
[14/34] END   VolSwitch Medium Vol Index | 0.03s | ARPS WAITING SETUP
    Motivo: m1_rejection
[15/34] START Volatility 10 (1s) Index
[15/34] END   Volatility 10 (1s) Index | 0.02s | ARPS WAITING SETUP
    Motivo: m5_atr_regime,m5_structure_break,m5_pullback
[16/34] START Volatility 10 Index
[16/34] END   Volatility 10 Index | 0.02s | ARPS REGIME BLOCKED
    Motivo: ADX_M15_INSUFICIENTE
[17/34] START Volatility 100 (1s) Index
[17/34] END   Volatility 100 (1s) Index | 0.02s | ARPS REGIME BLOCKED
    Motivo: SIN_TENDENCIA_M15
[18/34] START Volatility 100 Index
[18/34] END   Volatility 100 Index | 0.00s | INSTRUMENTO EN CUARENTENA DE RIESGO
    Motivo: cuarentena temporal por desviación marginal de ejecución
[19/34] START Volatility 15 (1s) Index
[19/34] END   Volatility 15 (1s) Index | 0.03s | ARPS WAITING SETUP
    Motivo: m5_structure_break
[20/34] START Volatility 15 Index
[20/34] END   Volatility 15 Index | 0.03s | ARPS WAITING SETUP
    Motivo: m5_structure_break,m1_rejection
[21/34] START Volatility 150 (1s) Index
[21/34] END   Volatility 150 (1s) Index | 0.03s | ARPS WAITING SETUP
    Motivo: spread_vs_atr,m5_structure_break,m5_pullback,m1_rejection,m1_follow_through
[22/34] START Volatility 25 (1s) Index
[22/34] END   Volatility 25 (1s) Index | 0.03s | ARPS WAITING SETUP
    Motivo: m5_atr_regime,m5_pullback,m1_rejection
[23/34] START Volatility 25 Index
[23/34] END   Volatility 25 Index | 0.00s | INSTRUMENTO EN CUARENTENA DE RIESGO
    Motivo: cuarentena temporal por desviación marginal de ejecución
[24/34] START Volatility 250 (1s) Index
[24/34] END   Volatility 250 (1s) Index | 0.03s | ARPS WAITING SETUP
    Motivo: m5_atr_regime,spread_vs_atr,m5_structure_break,m1_strong_close
[25/34] START Volatility 30 (1s) Index
[25/34] END   Volatility 30 (1s) Index | 0.00s | INSTRUMENTO EN CUARENTENA DE RIESGO
    Motivo: cuarentena temporal por desviación marginal de ejecución
[26/34] START Volatility 30 Index
[26/34] END   Volatility 30 Index | 0.03s | ARPS WAITING SETUP
    Motivo: m5_atr_regime,m5_structure_break,m1_strong_close
[27/34] START Volatility 5 (1s) Index
[27/34] END   Volatility 5 (1s) Index | 0.03s | ARPS WAITING SETUP
    Motivo: m5_structure_break,m1_strong_close
[28/34] START Volatility 5 Index
[28/34] END   Volatility 5 Index | 0.00s | INSTRUMENTO EN CUARENTENA DE RIESGO
    Motivo: cuarentena de seguridad que requiere revisión manual
[29/34] START Volatility 50 (1s) Index
[29/34] END   Volatility 50 (1s) Index | 0.03s | ARPS WAITING SETUP
    Motivo: m5_pullback,m1_rejection,m1_follow_through
[30/34] START Volatility 50 Index
[30/34] END   Volatility 50 Index | 0.03s | ARPS WAITING SETUP
    Motivo: m5_atr_regime,m5_structure_break,m5_pullback,m1_rejection
[31/34] START Volatility 75 (1s) Index
[31/34] END   Volatility 75 (1s) Index | 0.02s | ARPS REGIME BLOCKED
    Motivo: SIN_TENDENCIA_M15
[32/34] START Volatility 75 Index
[32/34] END   Volatility 75 Index | 0.03s | ARPS WAITING SETUP
    Motivo: m5_atr_regime,m5_structure_break,m1_rejection,m1_follow_through
[33/34] START Volatility 90 (1s) Index
[33/34] END   Volatility 90 (1s) Index | 0.02s | ARPS REGIME BLOCKED
    Motivo: SIN_TENDENCIA_M15
[34/34] START Volatility 90 Index
[34/34] END   Volatility 90 Index | 0.03s | ARPS WAITING SETUP
    Motivo: m5_atr_regime,m5_structure_break,m1_rejection,m1_strong_close
----------------------------------------------------------------------------------------
RESUMEN DEL CICLO #0035
Símbolos analizados: 34
Sin señal: 0
Esperando/otros: 34
Señales rechazadas: 0
Bloqueadas por estado/límites: 0
Validadas DRY RUN: 0
Nuevas órdenes: 0
Operaciones cerradas sincronizadas: 0
Errores: 0
Duración del ciclo: 0.98s
Intervalo objetivo: 30s
Próximo ciclo en: 29.02s
----------------------------------------------------------------------------------------

========================================================================================
CICLO #0036 | 2026-09-03 13:42:54 UTC | símbolos=0
========================================================================================
----------------------------------------------------------------------------------------
RESUMEN DEL CICLO #0036
Símbolos analizados: 0
Sin señal: 0
Esperando/otros: 0
Señales rechazadas: 0
Bloqueadas por estado/límites: 0
Validadas DRY RUN: 0
Nuevas órdenes: 0
Operaciones cerradas sincronizadas: 0
Errores: 0
Duración del ciclo: 0.09s
Intervalo objetivo: 30s
Próximo ciclo en: 29.91s
----------------------------------------------------------------------------------------

========================================================================================
CICLO #0037 | 2026-09-03 13:43:24 UTC | símbolos=34
========================================================================================
[01/34] START High Frequency Vol 10 Index
[01/34] END   High Frequency Vol 10 Index | 0.02s | ARPS WAITING SETUP
    Motivo: m5_atr_regime,m5_structure_break,m1_rejection,m1_strong_close
[02/34] START High Frequency Vol 100 Index
[02/34] END   High Frequency Vol 100 Index | 0.02s | ARPS REGIME BLOCKED
    Motivo: SIN_TENDENCIA_M15
[03/34] START High Frequency Vol 25 Index
[03/34] END   High Frequency Vol 25 Index | 0.02s | ARPS REGIME BLOCKED
    Motivo: SIN_TENDENCIA_M15
[04/34] START High Frequency Vol 50 Index
[04/34] END   High Frequency Vol 50 Index | 0.02s | ARPS WAITING SETUP
    Motivo: m5_atr_regime,m5_structure_break,m1_rejection,m1_strong_close
[05/34] START High Frequency Vol 75 Index
[05/34] END   High Frequency Vol 75 Index | 0.02s | ARPS WAITING SETUP
    Motivo: m5_atr_regime,m5_structure_break,m1_rejection
[06/34] START Vol over Boom 400
[06/34] END   Vol over Boom 400 | 0.02s | ARPS REGIME BLOCKED
    Motivo: SIN_TENDENCIA_M15
[07/34] START Vol over Boom 550
[07/34] END   Vol over Boom 550 | 0.02s | ARPS WAITING SETUP
    Motivo: m5_structure_break,m1_rejection,m1_follow_through
[08/34] START Vol over Boom 750
[08/34] END   Vol over Boom 750 | 0.02s | ARPS REGIME BLOCKED
    Motivo: SIN_TENDENCIA_M15
[09/34] START Vol over Crash 400
[09/34] END   Vol over Crash 400 | 0.02s | ARPS REGIME BLOCKED
    Motivo: SIN_TENDENCIA_M15
[10/34] START Vol over Crash 550
[10/34] END   Vol over Crash 550 | 0.03s | ARPS WAITING SETUP
    Motivo: m5_atr_regime,spread_vs_atr,m5_structure_break,m5_pullback,m1_rejection,m1_follow_through
[11/34] START Vol over Crash 750
[11/34] END   Vol over Crash 750 | 0.02s | ARPS REGIME BLOCKED
    Motivo: SIN_TENDENCIA_M15
[12/34] START VolSwitch High Vol Index
[12/34] END   VolSwitch High Vol Index | 0.02s | ARPS REGIME BLOCKED
    Motivo: SIN_TENDENCIA_M15
[13/34] START VolSwitch Low Vol Index
[13/34] END   VolSwitch Low Vol Index | 0.03s | ARPS WAITING SETUP
    Motivo: m5_atr_regime,spread_vs_atr,m5_structure_break,m1_rejection,m1_follow_through
[14/34] START VolSwitch Medium Vol Index
[14/34] END   VolSwitch Medium Vol Index | 0.03s | ARPS WAITING SETUP
    Motivo: m1_follow_through
[15/34] START Volatility 10 (1s) Index
[15/34] END   Volatility 10 (1s) Index | 0.03s | ARPS WAITING SETUP
    Motivo: m5_atr_regime,m5_structure_break,m5_pullback,m1_strong_close
[16/34] START Volatility 10 Index
[16/34] END   Volatility 10 Index | 0.02s | ARPS REGIME BLOCKED
    Motivo: ADX_M15_INSUFICIENTE
[17/34] START Volatility 100 (1s) Index
[17/34] END   Volatility 100 (1s) Index | 0.02s | ARPS REGIME BLOCKED
    Motivo: SIN_TENDENCIA_M15
[18/34] START Volatility 100 Index
[18/34] END   Volatility 100 Index | 0.00s | INSTRUMENTO EN CUARENTENA DE RIESGO
    Motivo: cuarentena temporal por desviación marginal de ejecución
[19/34] START Volatility 15 (1s) Index
[19/34] END   Volatility 15 (1s) Index | 0.02s | ARPS WAITING SETUP
    Motivo: m5_structure_break,m1_follow_through,m1_strong_close
[20/34] START Volatility 15 Index
[20/34] END   Volatility 15 Index | 0.02s | ARPS WAITING SETUP
    Motivo: m5_structure_break,m1_rejection,m1_strong_close
[21/34] START Volatility 150 (1s) Index
[21/34] END   Volatility 150 (1s) Index | 0.02s | ARPS WAITING SETUP
    Motivo: spread_vs_atr,m5_structure_break,m5_pullback,m1_rejection,m1_follow_through
[22/34] START Volatility 25 (1s) Index
[22/34] END   Volatility 25 (1s) Index | 0.02s | ARPS WAITING SETUP
    Motivo: m5_atr_regime,m5_pullback,m1_rejection,m1_strong_close
[23/34] START Volatility 25 Index
[23/34] END   Volatility 25 Index | 0.00s | INSTRUMENTO EN CUARENTENA DE RIESGO
    Motivo: cuarentena temporal por desviación marginal de ejecución
[24/34] START Volatility 250 (1s) Index
[24/34] END   Volatility 250 (1s) Index | 0.03s | ARPS WAITING SETUP
    Motivo: m5_atr_regime,spread_vs_atr,m5_structure_break,m1_strong_close
[25/34] START Volatility 30 (1s) Index
[25/34] END   Volatility 30 (1s) Index | 0.00s | INSTRUMENTO EN CUARENTENA DE RIESGO
    Motivo: cuarentena temporal por desviación marginal de ejecución
[26/34] START Volatility 30 Index
[26/34] END   Volatility 30 Index | 0.02s | ARPS WAITING SETUP
    Motivo: m5_atr_regime,m5_structure_break,m1_rejection,m1_follow_through,m1_strong_close
[27/34] START Volatility 5 (1s) Index
[27/34] END   Volatility 5 (1s) Index | 0.03s | ARPS WAITING SETUP
    Motivo: m5_structure_break,m1_follow_through
[28/34] START Volatility 5 Index
[28/34] END   Volatility 5 Index | 0.00s | INSTRUMENTO EN CUARENTENA DE RIESGO
    Motivo: cuarentena de seguridad que requiere revisión manual
[29/34] START Volatility 50 (1s) Index
[29/34] END   Volatility 50 (1s) Index | 0.03s | ARPS WAITING SETUP
    Motivo: m5_pullback,m1_rejection,m1_strong_close
[30/34] START Volatility 50 Index
[30/34] END   Volatility 50 Index | 0.03s | ARPS WAITING SETUP
    Motivo: m5_atr_regime,m5_structure_break,m5_pullback
[31/34] START Volatility 75 (1s) Index
[31/34] END   Volatility 75 (1s) Index | 0.02s | ARPS REGIME BLOCKED
    Motivo: SIN_TENDENCIA_M15
[32/34] START Volatility 75 Index
[32/34] END   Volatility 75 Index | 0.03s | ARPS WAITING SETUP
    Motivo: m5_atr_regime,m5_structure_break,m1_rejection,m1_follow_through
[33/34] START Volatility 90 (1s) Index
[33/34] END   Volatility 90 (1s) Index | 0.02s | ARPS REGIME BLOCKED
    Motivo: SIN_TENDENCIA_M15
[34/34] START Volatility 90 Index
[34/34] END   Volatility 90 Index | 0.03s | ARPS WAITING SETUP
    Motivo: m5_atr_regime,m5_structure_break
----------------------------------------------------------------------------------------
RESUMEN DEL CICLO #0037
Símbolos analizados: 34
Sin señal: 0
Esperando/otros: 34
Señales rechazadas: 0
Bloqueadas por estado/límites: 0
Validadas DRY RUN: 0
Nuevas órdenes: 0
Operaciones cerradas sincronizadas: 0
Errores: 0
Duración del ciclo: 0.91s
Intervalo objetivo: 30s
Próximo ciclo en: 29.09s
----------------------------------------------------------------------------------------

========================================================================================
CICLO #0038 | 2026-09-03 13:43:54 UTC | símbolos=0
========================================================================================
----------------------------------------------------------------------------------------
RESUMEN DEL CICLO #0038
Símbolos analizados: 0
Sin señal: 0
Esperando/otros: 0
Señales rechazadas: 0
Bloqueadas por estado/límites: 0
Validadas DRY RUN: 0
Nuevas órdenes: 0
Operaciones cerradas sincronizadas: 0
Errores: 0
Duración del ciclo: 0.08s
Intervalo objetivo: 30s
Próximo ciclo en: 29.92s
----------------------------------------------------------------------------------------

========================================================================================
CICLO #0039 | 2026-09-03 13:44:24 UTC | símbolos=34
========================================================================================
[01/34] START High Frequency Vol 10 Index
[01/34] END   High Frequency Vol 10 Index | 0.03s | ARPS WAITING SETUP
    Motivo: m5_atr_regime,m5_structure_break,m1_strong_close
[02/34] START High Frequency Vol 100 Index
[02/34] END   High Frequency Vol 100 Index | 0.02s | ARPS REGIME BLOCKED
    Motivo: SIN_TENDENCIA_M15
[03/34] START High Frequency Vol 25 Index
[03/34] END   High Frequency Vol 25 Index | 0.02s | ARPS REGIME BLOCKED
    Motivo: SIN_TENDENCIA_M15
[04/34] START High Frequency Vol 50 Index
[04/34] END   High Frequency Vol 50 Index | 0.02s | ARPS WAITING SETUP
    Motivo: m5_atr_regime,m5_structure_break,m1_strong_close
[05/34] START High Frequency Vol 75 Index
[05/34] END   High Frequency Vol 75 Index | 0.03s | ARPS WAITING SETUP
    Motivo: m5_atr_regime,m5_structure_break,m1_rejection,m1_follow_through
[06/34] START Vol over Boom 400
[06/34] END   Vol over Boom 400 | 0.02s | ARPS REGIME BLOCKED
    Motivo: SIN_TENDENCIA_M15
[07/34] START Vol over Boom 550
[07/34] END   Vol over Boom 550 | 0.03s | ARPS WAITING SETUP
    Motivo: m5_structure_break,m1_rejection,m1_follow_through
[08/34] START Vol over Boom 750
[08/34] END   Vol over Boom 750 | 0.02s | ARPS REGIME BLOCKED
    Motivo: SIN_TENDENCIA_M15
[09/34] START Vol over Crash 400
[09/34] END   Vol over Crash 400 | 0.02s | ARPS REGIME BLOCKED
    Motivo: SIN_TENDENCIA_M15
[10/34] START Vol over Crash 550
[10/34] END   Vol over Crash 550 | 0.02s | ARPS WAITING SETUP
    Motivo: m5_atr_regime,spread_vs_atr,m5_structure_break,m5_pullback,m1_rejection
[11/34] START Vol over Crash 750
[11/34] END   Vol over Crash 750 | 0.03s | ARPS REGIME BLOCKED
    Motivo: SIN_TENDENCIA_M15
[12/34] START VolSwitch High Vol Index
[12/34] END   VolSwitch High Vol Index | 0.02s | ARPS REGIME BLOCKED
    Motivo: SIN_TENDENCIA_M15
[13/34] START VolSwitch Low Vol Index
[13/34] END   VolSwitch Low Vol Index | 0.02s | ARPS WAITING SETUP
    Motivo: m5_atr_regime,spread_vs_atr,m5_structure_break,m1_rejection
[14/34] START VolSwitch Medium Vol Index
[14/34] END   VolSwitch Medium Vol Index | 0.03s | ARPS WAITING SETUP
    Motivo: m1_rejection
[15/34] START Volatility 10 (1s) Index
[15/34] END   Volatility 10 (1s) Index | 0.03s | ARPS WAITING SETUP
    Motivo: m5_atr_regime,m5_structure_break,m5_pullback,m1_follow_through
[16/34] START Volatility 10 Index
[16/34] END   Volatility 10 Index | 0.02s | ARPS REGIME BLOCKED
    Motivo: ADX_M15_INSUFICIENTE
[17/34] START Volatility 100 (1s) Index
[17/34] END   Volatility 100 (1s) Index | 0.02s | ARPS REGIME BLOCKED
    Motivo: SIN_TENDENCIA_M15
[18/34] START Volatility 100 Index
[18/34] END   Volatility 100 Index | 0.00s | INSTRUMENTO EN CUARENTENA DE RIESGO
    Motivo: cuarentena temporal por desviación marginal de ejecución
[19/34] START Volatility 15 (1s) Index
[19/34] END   Volatility 15 (1s) Index | 0.02s | ARPS WAITING SETUP
    Motivo: m5_structure_break,m1_rejection,m1_follow_through
[20/34] START Volatility 15 Index
[20/34] END   Volatility 15 Index | 0.03s | ARPS WAITING SETUP
    Motivo: m5_structure_break,m1_strong_close
[21/34] START Volatility 150 (1s) Index
[21/34] END   Volatility 150 (1s) Index | 0.02s | ARPS WAITING SETUP
    Motivo: spread_vs_atr,m5_structure_break,m5_pullback,m1_rejection,m1_strong_close
[22/34] START Volatility 25 (1s) Index
[22/34] END   Volatility 25 (1s) Index | 0.03s | ARPS WAITING SETUP
    Motivo: m5_atr_regime,m5_pullback
[23/34] START Volatility 25 Index
[23/34] END   Volatility 25 Index | 0.00s | INSTRUMENTO EN CUARENTENA DE RIESGO
    Motivo: cuarentena temporal por desviación marginal de ejecución
[24/34] START Volatility 250 (1s) Index
[24/34] END   Volatility 250 (1s) Index | 0.02s | ARPS WAITING SETUP
    Motivo: m5_atr_regime,spread_vs_atr,m5_structure_break,m1_follow_through
[25/34] START Volatility 30 (1s) Index
[25/34] END   Volatility 30 (1s) Index | 0.00s | INSTRUMENTO EN CUARENTENA DE RIESGO
    Motivo: cuarentena temporal por desviación marginal de ejecución
[26/34] START Volatility 30 Index
[26/34] END   Volatility 30 Index | 0.03s | ARPS WAITING SETUP
    Motivo: m5_atr_regime,m5_structure_break,m1_rejection,m1_follow_through
[27/34] START Volatility 5 (1s) Index
[27/34] END   Volatility 5 (1s) Index | 0.03s | ARPS WAITING SETUP
    Motivo: m5_structure_break,m1_rejection,m1_follow_through
[28/34] START Volatility 5 Index
[28/34] END   Volatility 5 Index | 0.00s | INSTRUMENTO EN CUARENTENA DE RIESGO
    Motivo: cuarentena de seguridad que requiere revisión manual
[29/34] START Volatility 50 (1s) Index
[29/34] END   Volatility 50 (1s) Index | 0.03s | ARPS WAITING SETUP
    Motivo: m5_pullback,m1_rejection
[30/34] START Volatility 50 Index
[30/34] END   Volatility 50 Index | 0.03s | ARPS WAITING SETUP
    Motivo: m5_atr_regime,m5_structure_break,m5_pullback,m1_rejection
[31/34] START Volatility 75 (1s) Index
[31/34] END   Volatility 75 (1s) Index | 0.02s | ARPS REGIME BLOCKED
    Motivo: SIN_TENDENCIA_M15
[32/34] START Volatility 75 Index
[32/34] END   Volatility 75 Index | 0.02s | ARPS WAITING SETUP
    Motivo: m5_atr_regime,m5_structure_break,m1_rejection
[33/34] START Volatility 90 (1s) Index
[33/34] END   Volatility 90 (1s) Index | 0.02s | ARPS REGIME BLOCKED
    Motivo: SIN_TENDENCIA_M15
[34/34] START Volatility 90 Index
[34/34] END   Volatility 90 Index | 0.03s | ARPS WAITING SETUP
    Motivo: m5_atr_regime,m5_structure_break,m1_rejection,m1_follow_through,m1_strong_close
----------------------------------------------------------------------------------------
RESUMEN DEL CICLO #0039
Símbolos analizados: 34
Sin señal: 0
Esperando/otros: 34
Señales rechazadas: 0
Bloqueadas por estado/límites: 0
Validadas DRY RUN: 0
Nuevas órdenes: 0
Operaciones cerradas sincronizadas: 0
Errores: 0
Duración del ciclo: 0.92s
Intervalo objetivo: 30s
Próximo ciclo en: 29.08s
----------------------------------------------------------------------------------------

========================================================================================
CICLO #0040 | 2026-09-03 13:44:54 UTC | símbolos=0
========================================================================================
----------------------------------------------------------------------------------------
RESUMEN DEL CICLO #0040
Símbolos analizados: 0
Sin señal: 0
Esperando/otros: 0
Señales rechazadas: 0
Bloqueadas por estado/límites: 0
Validadas DRY RUN: 0
Nuevas órdenes: 0
Operaciones cerradas sincronizadas: 0
Errores: 0
Duración del ciclo: 0.08s
Intervalo objetivo: 30s
Próximo ciclo en: 29.92s
----------------------------------------------------------------------------------------

========================================================================================
CICLO #0041 | 2026-09-03 13:45:24 UTC | símbolos=34
========================================================================================
[01/34] START High Frequency Vol 10 Index
[01/34] END   High Frequency Vol 10 Index | 0.04s | ARPS WAITING SETUP
    Motivo: m5_atr_regime,m5_structure_break,m1_follow_through,m1_strong_close
[02/34] START High Frequency Vol 100 Index
[02/34] END   High Frequency Vol 100 Index | 0.03s | ARPS REGIME BLOCKED
    Motivo: SIN_TENDENCIA_M15
[03/34] START High Frequency Vol 25 Index
[03/34] END   High Frequency Vol 25 Index | 0.03s | ARPS REGIME BLOCKED
    Motivo: SIN_TENDENCIA_M15
[04/34] START High Frequency Vol 50 Index
[04/34] END   High Frequency Vol 50 Index | 0.04s | ARPS WAITING SETUP
    Motivo: m5_structure_break
[05/34] START High Frequency Vol 75 Index
[05/34] END   High Frequency Vol 75 Index | 0.04s | ARPS WAITING SETUP
    Motivo: m5_atr_regime,m5_structure_break,m1_rejection
[06/34] START Vol over Boom 400
[06/34] END   Vol over Boom 400 | 0.03s | ARPS REGIME BLOCKED
    Motivo: SIN_TENDENCIA_M15
[07/34] START Vol over Boom 550
[07/34] END   Vol over Boom 550 | 0.04s | ARPS WAITING SETUP
    Motivo: m5_structure_break,m1_rejection,m1_follow_through,m1_strong_close
[08/34] START Vol over Boom 750
[08/34] END   Vol over Boom 750 | 0.03s | ARPS REGIME BLOCKED
    Motivo: SIN_TENDENCIA_M15
[09/34] START Vol over Crash 400
[09/34] END   Vol over Crash 400 | 0.03s | ARPS REGIME BLOCKED
    Motivo: SIN_TENDENCIA_M15
[10/34] START Vol over Crash 550
[10/34] END   Vol over Crash 550 | 0.03s | ARPS WAITING SETUP
    Motivo: m5_structure_break,m1_rejection,m1_follow_through
[11/34] START Vol over Crash 750
[11/34] END   Vol over Crash 750 | 0.03s | ARPS REGIME BLOCKED
    Motivo: SIN_TENDENCIA_M15
[12/34] START VolSwitch High Vol Index
[12/34] END   VolSwitch High Vol Index | 0.03s | ARPS REGIME BLOCKED
    Motivo: SIN_TENDENCIA_M15
[13/34] START VolSwitch Low Vol Index
[13/34] END   VolSwitch Low Vol Index | 0.04s | ARPS WAITING SETUP
    Motivo: m5_atr_regime,spread_vs_atr,m5_structure_break
[14/34] START VolSwitch Medium Vol Index
[14/34] END   VolSwitch Medium Vol Index | 0.04s | ARPS WAITING SETUP
    Motivo: m5_structure_break,m1_rejection,m1_follow_through
[15/34] START Volatility 10 (1s) Index
[15/34] END   Volatility 10 (1s) Index | 0.03s | ARPS WAITING SETUP
    Motivo: m5_atr_regime,m5_structure_break,m5_pullback,m1_rejection,m1_follow_through,m1_strong_close
[16/34] START Volatility 10 Index
[16/34] END   Volatility 10 Index | 0.04s | ARPS REGIME BLOCKED
    Motivo: ADX_M15_INSUFICIENTE
[17/34] START Volatility 100 (1s) Index
[17/34] END   Volatility 100 (1s) Index | 0.03s | ARPS REGIME BLOCKED
    Motivo: SIN_TENDENCIA_M15
[18/34] START Volatility 100 Index
[18/34] END   Volatility 100 Index | 0.01s | INSTRUMENTO EN CUARENTENA DE RIESGO
    Motivo: cuarentena temporal por desviación marginal de ejecución
[19/34] START Volatility 15 (1s) Index
[19/34] END   Volatility 15 (1s) Index | 0.04s | ARPS WAITING SETUP
    Motivo: m5_structure_break,m1_rejection,m1_strong_close
[20/34] START Volatility 15 Index
[20/34] END   Volatility 15 Index | 0.04s | ARPS WAITING SETUP
    Motivo: m5_structure_break,m1_strong_close
[21/34] START Volatility 150 (1s) Index
[21/34] END   Volatility 150 (1s) Index | 0.04s | ARPS WAITING SETUP
    Motivo: spread_vs_atr,m5_structure_break,m5_pullback,m1_follow_through,m1_strong_close
[22/34] START Volatility 25 (1s) Index
[22/34] END   Volatility 25 (1s) Index | 0.04s | ARPS WAITING SETUP
    Motivo: m5_atr_regime,m5_structure_break
[23/34] START Volatility 25 Index
[23/34] END   Volatility 25 Index | 0.01s | INSTRUMENTO EN CUARENTENA DE RIESGO
    Motivo: cuarentena temporal por desviación marginal de ejecución
[24/34] START Volatility 250 (1s) Index
[24/34] END   Volatility 250 (1s) Index | 0.04s | ARPS WAITING SETUP
    Motivo: m5_atr_regime,spread_vs_atr,m5_structure_break,m1_rejection
[25/34] START Volatility 30 (1s) Index
[25/34] END   Volatility 30 (1s) Index | 0.01s | INSTRUMENTO EN CUARENTENA DE RIESGO
    Motivo: cuarentena temporal por desviación marginal de ejecución
[26/34] START Volatility 30 Index
[26/34] END   Volatility 30 Index | 0.04s | ARPS WAITING SETUP
    Motivo: m5_atr_regime,m5_structure_break,m1_rejection,m1_follow_through,m1_strong_close
[27/34] START Volatility 5 (1s) Index
[27/34] END   Volatility 5 (1s) Index | 0.04s | ARPS WAITING SETUP
    Motivo: m5_atr_regime,m5_structure_break,m1_rejection,m1_follow_through
[28/34] START Volatility 5 Index
[28/34] END   Volatility 5 Index | 0.01s | INSTRUMENTO EN CUARENTENA DE RIESGO
    Motivo: cuarentena de seguridad que requiere revisión manual
[29/34] START Volatility 50 (1s) Index
[29/34] END   Volatility 50 (1s) Index | 0.03s | ARPS WAITING SETUP
    Motivo: m5_structure_break,m1_follow_through
[30/34] START Volatility 50 Index
[30/34] END   Volatility 50 Index | 0.03s | ARPS WAITING SETUP
    Motivo: m5_atr_regime,m5_structure_break,m1_follow_through
[31/34] START Volatility 75 (1s) Index
[31/34] END   Volatility 75 (1s) Index | 0.03s | ARPS REGIME BLOCKED
    Motivo: SIN_TENDENCIA_M15
[32/34] START Volatility 75 Index
[32/34] END   Volatility 75 Index | 0.03s | ARPS WAITING SETUP
    Motivo: m5_structure_break,m1_rejection
[33/34] START Volatility 90 (1s) Index
[33/34] END   Volatility 90 (1s) Index | 0.03s | ARPS REGIME BLOCKED
    Motivo: SIN_TENDENCIA_M15
[34/34] START Volatility 90 Index
[34/34] END   Volatility 90 Index | 0.04s | ARPS WAITING SETUP
    Motivo: m5_atr_regime,m5_structure_break,m1_rejection,m1_follow_through,m1_strong_close
----------------------------------------------------------------------------------------
RESUMEN DEL CICLO #0041
Símbolos analizados: 34
Sin señal: 0
Esperando/otros: 34
Señales rechazadas: 0
Bloqueadas por estado/límites: 0
Validadas DRY RUN: 0
Nuevas órdenes: 0
Operaciones cerradas sincronizadas: 0
Errores: 0
Duración del ciclo: 1.35s
Intervalo objetivo: 30s
Próximo ciclo en: 28.65s
----------------------------------------------------------------------------------------

========================================================================================
CICLO #0042 | 2026-09-03 13:45:54 UTC | símbolos=0
========================================================================================
----------------------------------------------------------------------------------------
RESUMEN DEL CICLO #0042
Símbolos analizados: 0
Sin señal: 0
Esperando/otros: 0
Señales rechazadas: 0
Bloqueadas por estado/límites: 0
Validadas DRY RUN: 0
Nuevas órdenes: 0
Operaciones cerradas sincronizadas: 0
Errores: 0
Duración del ciclo: 0.09s
Intervalo objetivo: 30s
Próximo ciclo en: 29.91s
----------------------------------------------------------------------------------------

========================================================================================
CICLO #0043 | 2026-09-03 13:46:24 UTC | símbolos=34
========================================================================================
[01/34] START High Frequency Vol 10 Index
[01/34] END   High Frequency Vol 10 Index | 0.03s | ARPS WAITING SETUP
    Motivo: m5_atr_regime,m5_structure_break,m1_rejection,m1_follow_through,m1_strong_close
[02/34] START High Frequency Vol 100 Index
[02/34] END   High Frequency Vol 100 Index | 0.03s | ARPS REGIME BLOCKED
    Motivo: SIN_TENDENCIA_M15
[03/34] START High Frequency Vol 25 Index
[03/34] END   High Frequency Vol 25 Index | 0.02s | ARPS REGIME BLOCKED
    Motivo: SIN_TENDENCIA_M15
[04/34] START High Frequency Vol 50 Index
[04/34] END   High Frequency Vol 50 Index | 0.03s | ARPS WAITING SETUP
    Motivo: m5_structure_break,m1_strong_close
[05/34] START High Frequency Vol 75 Index
[05/34] END   High Frequency Vol 75 Index | 0.02s | ARPS WAITING SETUP
    Motivo: m5_atr_regime,m5_structure_break,m1_rejection
[06/34] START Vol over Boom 400
[06/34] END   Vol over Boom 400 | 0.02s | ARPS REGIME BLOCKED
    Motivo: SIN_TENDENCIA_M15
[07/34] START Vol over Boom 550
[07/34] END   Vol over Boom 550 | 0.03s | ARPS WAITING SETUP
    Motivo: m5_structure_break,m1_rejection,m1_strong_close
[08/34] START Vol over Boom 750
[08/34] END   Vol over Boom 750 | 0.02s | ARPS REGIME BLOCKED
    Motivo: SIN_TENDENCIA_M15
[09/34] START Vol over Crash 400
[09/34] END   Vol over Crash 400 | 0.02s | ARPS REGIME BLOCKED
    Motivo: SIN_TENDENCIA_M15
[10/34] START Vol over Crash 550
[10/34] END   Vol over Crash 550 | 0.02s | ARPS WAITING SETUP
    Motivo: m5_structure_break,m1_rejection,m1_follow_through
[11/34] START Vol over Crash 750
[11/34] END   Vol over Crash 750 | 0.02s | ARPS REGIME BLOCKED
    Motivo: SIN_TENDENCIA_M15
[12/34] START VolSwitch High Vol Index
[12/34] END   VolSwitch High Vol Index | 0.02s | ARPS REGIME BLOCKED
    Motivo: SIN_TENDENCIA_M15
[13/34] START VolSwitch Low Vol Index
[13/34] END   VolSwitch Low Vol Index | 0.03s | ARPS WAITING SETUP
    Motivo: m5_atr_regime,spread_vs_atr,m5_structure_break,m1_rejection
[14/34] START VolSwitch Medium Vol Index
[14/34] END   VolSwitch Medium Vol Index | 0.03s | ARPS WAITING SETUP
    Motivo: m5_structure_break,m1_rejection,m1_follow_through,m1_strong_close
[15/34] START Volatility 10 (1s) Index
[15/34] END   Volatility 10 (1s) Index | 0.03s | ARPS WAITING SETUP
    Motivo: m5_atr_regime,m5_structure_break,m5_pullback,m1_rejection,m1_follow_through,m1_strong_close
[16/34] START Volatility 10 Index
[16/34] END   Volatility 10 Index | 0.02s | ARPS REGIME BLOCKED
    Motivo: ADX_M15_INSUFICIENTE
[17/34] START Volatility 100 (1s) Index
[17/34] END   Volatility 100 (1s) Index | 0.02s | ARPS REGIME BLOCKED
    Motivo: SIN_TENDENCIA_M15
[18/34] START Volatility 100 Index
[18/34] END   Volatility 100 Index | 0.00s | INSTRUMENTO EN CUARENTENA DE RIESGO
    Motivo: cuarentena temporal por desviación marginal de ejecución
[19/34] START Volatility 15 (1s) Index
[19/34] END   Volatility 15 (1s) Index | 0.02s | ARPS WAITING SETUP
    Motivo: m5_structure_break,m1_follow_through
[20/34] START Volatility 15 Index
[20/34] END   Volatility 15 Index | 0.02s | ARPS WAITING SETUP
    Motivo: m5_structure_break,m1_follow_through
[21/34] START Volatility 150 (1s) Index
[21/34] END   Volatility 150 (1s) Index | 0.02s | ARPS WAITING SETUP
    Motivo: spread_vs_atr,m5_structure_break,m5_pullback,m1_rejection,m1_follow_through
[22/34] START Volatility 25 (1s) Index
[22/34] END   Volatility 25 (1s) Index | 0.03s | ARPS WAITING SETUP
    Motivo: m5_atr_regime,m5_structure_break,m1_follow_through,m1_strong_close
[23/34] START Volatility 25 Index
[23/34] END   Volatility 25 Index | 0.00s | INSTRUMENTO EN CUARENTENA DE RIESGO
    Motivo: cuarentena temporal por desviación marginal de ejecución
[24/34] START Volatility 250 (1s) Index
[24/34] END   Volatility 250 (1s) Index | 0.02s | ARPS WAITING SETUP
    Motivo: m5_atr_regime,spread_vs_atr,m5_structure_break,m1_rejection,m1_follow_through,m1_strong_close
[25/34] START Volatility 30 (1s) Index
[25/34] END   Volatility 30 (1s) Index | 0.00s | INSTRUMENTO EN CUARENTENA DE RIESGO
    Motivo: cuarentena temporal por desviación marginal de ejecución
[26/34] START Volatility 30 Index
[26/34] END   Volatility 30 Index | 0.02s | ARPS WAITING SETUP
    Motivo: m5_atr_regime,m5_structure_break,m1_rejection,m1_strong_close
[27/34] START Volatility 5 (1s) Index
[27/34] END   Volatility 5 (1s) Index | 0.02s | ARPS WAITING SETUP
    Motivo: m5_atr_regime,m5_structure_break,m1_rejection,m1_follow_through
[28/34] START Volatility 5 Index
[28/34] END   Volatility 5 Index | 0.00s | INSTRUMENTO EN CUARENTENA DE RIESGO
    Motivo: cuarentena de seguridad que requiere revisión manual
[29/34] START Volatility 50 (1s) Index
[29/34] END   Volatility 50 (1s) Index | 0.02s | ARPS WAITING SETUP
    Motivo: m5_structure_break,m1_rejection,m1_strong_close
[30/34] START Volatility 50 Index
[30/34] END   Volatility 50 Index | 0.02s | ARPS WAITING SETUP
    Motivo: m5_atr_regime,m5_structure_break,m1_rejection,m1_follow_through,m1_strong_close
[31/34] START Volatility 75 (1s) Index
[31/34] END   Volatility 75 (1s) Index | 0.02s | ARPS REGIME BLOCKED
    Motivo: SIN_TENDENCIA_M15
[32/34] START Volatility 75 Index
[32/34] END   Volatility 75 Index | 0.03s | ARPS WAITING SETUP
    Motivo: m5_structure_break,m1_strong_close
[33/34] START Volatility 90 (1s) Index
[33/34] END   Volatility 90 (1s) Index | 0.02s | ARPS REGIME BLOCKED
    Motivo: SIN_TENDENCIA_M15
[34/34] START Volatility 90 Index
[34/34] END   Volatility 90 Index | 0.03s | ARPS WAITING SETUP
    Motivo: m5_atr_regime,m5_structure_break,m1_rejection,m1_follow_through,m1_strong_close
----------------------------------------------------------------------------------------
RESUMEN DEL CICLO #0043
Símbolos analizados: 34
Sin señal: 0
Esperando/otros: 34
Señales rechazadas: 0
Bloqueadas por estado/límites: 0
Validadas DRY RUN: 0
Nuevas órdenes: 0
Operaciones cerradas sincronizadas: 0
Errores: 0
Duración del ciclo: 0.94s
Intervalo objetivo: 30s
Próximo ciclo en: 29.06s
----------------------------------------------------------------------------------------

========================================================================================
CICLO #0044 | 2026-09-03 13:46:54 UTC | símbolos=0
========================================================================================
----------------------------------------------------------------------------------------
RESUMEN DEL CICLO #0044
Símbolos analizados: 0
Sin señal: 0
Esperando/otros: 0
Señales rechazadas: 0
Bloqueadas por estado/límites: 0
Validadas DRY RUN: 0
Nuevas órdenes: 0
Operaciones cerradas sincronizadas: 0
Errores: 0
Duración del ciclo: 0.09s
Intervalo objetivo: 30s
Próximo ciclo en: 29.91s
----------------------------------------------------------------------------------------

========================================================================================
CICLO #0045 | 2026-09-03 13:47:24 UTC | símbolos=34
========================================================================================
[01/34] START High Frequency Vol 10 Index
[01/34] END   High Frequency Vol 10 Index | 0.03s | ARPS WAITING SETUP
    Motivo: m5_atr_regime,m5_structure_break,m1_rejection,m1_strong_close
[02/34] START High Frequency Vol 100 Index
[02/34] END   High Frequency Vol 100 Index | 0.02s | ARPS REGIME BLOCKED
    Motivo: SIN_TENDENCIA_M15
[03/34] START High Frequency Vol 25 Index
[03/34] END   High Frequency Vol 25 Index | 0.02s | ARPS REGIME BLOCKED
    Motivo: SIN_TENDENCIA_M15
[04/34] START High Frequency Vol 50 Index
[04/34] END   High Frequency Vol 50 Index | 0.03s | ARPS WAITING SETUP
    Motivo: m5_structure_break
[05/34] START High Frequency Vol 75 Index
[05/34] END   High Frequency Vol 75 Index | 0.03s | ARPS WAITING SETUP
    Motivo: m5_atr_regime,m5_structure_break,m1_rejection,m1_follow_through
[06/34] START Vol over Boom 400
[06/34] END   Vol over Boom 400 | 0.02s | ARPS REGIME BLOCKED
    Motivo: SIN_TENDENCIA_M15
[07/34] START Vol over Boom 550
[07/34] END   Vol over Boom 550 | 0.03s | ARPS WAITING SETUP
    Motivo: m5_structure_break,m1_follow_through
[08/34] START Vol over Boom 750
[08/34] END   Vol over Boom 750 | 0.02s | ARPS REGIME BLOCKED
    Motivo: SIN_TENDENCIA_M15
[09/34] START Vol over Crash 400
[09/34] END   Vol over Crash 400 | 0.02s | ARPS REGIME BLOCKED
    Motivo: SIN_TENDENCIA_M15
[10/34] START Vol over Crash 550
[10/34] END   Vol over Crash 550 | 0.03s | ARPS WAITING SETUP
    Motivo: m5_structure_break,m1_rejection
[11/34] START Vol over Crash 750
[11/34] END   Vol over Crash 750 | 0.02s | ARPS REGIME BLOCKED
    Motivo: SIN_TENDENCIA_M15
[12/34] START VolSwitch High Vol Index
[12/34] END   VolSwitch High Vol Index | 0.02s | ARPS REGIME BLOCKED
    Motivo: SIN_TENDENCIA_M15
[13/34] START VolSwitch Low Vol Index
[13/34] END   VolSwitch Low Vol Index | 0.03s | ARPS WAITING SETUP
    Motivo: m5_atr_regime,spread_vs_atr,m5_structure_break,m1_follow_through
[14/34] START VolSwitch Medium Vol Index
[14/34] END   VolSwitch Medium Vol Index | 0.03s | ARPS WAITING SETUP
    Motivo: m5_structure_break,m1_rejection,m1_strong_close
[15/34] START Volatility 10 (1s) Index
[15/34] END   Volatility 10 (1s) Index | 0.03s | ARPS WAITING SETUP
    Motivo: m5_atr_regime,m5_structure_break,m5_pullback,m1_rejection,m1_follow_through
[16/34] START Volatility 10 Index
[16/34] END   Volatility 10 Index | 0.02s | ARPS REGIME BLOCKED
    Motivo: ADX_M15_INSUFICIENTE
[17/34] START Volatility 100 (1s) Index
[17/34] END   Volatility 100 (1s) Index | 0.02s | ARPS REGIME BLOCKED
    Motivo: SIN_TENDENCIA_M15
[18/34] START Volatility 100 Index
[18/34] END   Volatility 100 Index | 0.00s | INSTRUMENTO EN CUARENTENA DE RIESGO
    Motivo: cuarentena temporal por desviación marginal de ejecución
[19/34] START Volatility 15 (1s) Index
[19/34] END   Volatility 15 (1s) Index | 0.02s | ARPS WAITING SETUP
    Motivo: m5_structure_break,m1_rejection,m1_strong_close
[20/34] START Volatility 15 Index
[20/34] END   Volatility 15 Index | 0.03s | ARPS WAITING SETUP
    Motivo: m5_structure_break,m1_rejection,m1_follow_through
[21/34] START Volatility 150 (1s) Index
[21/34] END   Volatility 150 (1s) Index | 0.03s | ARPS WAITING SETUP
    Motivo: spread_vs_atr,m5_structure_break,m5_pullback,m1_rejection,m1_follow_through
[22/34] START Volatility 25 (1s) Index
[22/34] END   Volatility 25 (1s) Index | 0.03s | ARPS WAITING SETUP
    Motivo: m5_atr_regime,m5_structure_break,m1_rejection,m1_follow_through
[23/34] START Volatility 25 Index
[23/34] END   Volatility 25 Index | 0.00s | INSTRUMENTO EN CUARENTENA DE RIESGO
    Motivo: cuarentena temporal por desviación marginal de ejecución
[24/34] START Volatility 250 (1s) Index
[24/34] END   Volatility 250 (1s) Index | 0.03s | ARPS WAITING SETUP
    Motivo: m5_atr_regime,spread_vs_atr,m5_structure_break,m1_rejection,m1_strong_close
[25/34] START Volatility 30 (1s) Index
[25/34] END   Volatility 30 (1s) Index | 0.00s | INSTRUMENTO EN CUARENTENA DE RIESGO
    Motivo: cuarentena temporal por desviación marginal de ejecución
[26/34] START Volatility 30 Index
[26/34] END   Volatility 30 Index | 0.03s | ARPS WAITING SETUP
    Motivo: m5_atr_regime,m5_structure_break
[27/34] START Volatility 5 (1s) Index
[27/34] END   Volatility 5 (1s) Index | 0.03s | ARPS WAITING SETUP
    Motivo: m5_atr_regime,m5_structure_break,m1_rejection,m1_follow_through
[28/34] START Volatility 5 Index
[28/34] END   Volatility 5 Index | 0.00s | INSTRUMENTO EN CUARENTENA DE RIESGO
    Motivo: cuarentena de seguridad que requiere revisión manual
[29/34] START Volatility 50 (1s) Index
[29/34] END   Volatility 50 (1s) Index | 0.03s | ARPS WAITING SETUP
    Motivo: m5_structure_break
[30/34] START Volatility 50 Index
[30/34] END   Volatility 50 Index | 0.03s | ARPS WAITING SETUP
    Motivo: m5_atr_regime,m5_structure_break
[31/34] START Volatility 75 (1s) Index
[31/34] END   Volatility 75 (1s) Index | 0.02s | ARPS REGIME BLOCKED
    Motivo: SIN_TENDENCIA_M15
[32/34] START Volatility 75 Index
[32/34] END   Volatility 75 Index | 0.03s | ARPS WAITING SETUP
    Motivo: m5_structure_break,m1_follow_through
[33/34] START Volatility 90 (1s) Index
[33/34] END   Volatility 90 (1s) Index | 0.02s | ARPS REGIME BLOCKED
    Motivo: SIN_TENDENCIA_M15
[34/34] START Volatility 90 Index
[34/34] END   Volatility 90 Index | 0.03s | ARPS WAITING SETUP
    Motivo: m5_atr_regime,m5_structure_break,m1_follow_through
----------------------------------------------------------------------------------------
RESUMEN DEL CICLO #0045
Símbolos analizados: 34
Sin señal: 0
Esperando/otros: 34
Señales rechazadas: 0
Bloqueadas por estado/límites: 0
Validadas DRY RUN: 0
Nuevas órdenes: 0
Operaciones cerradas sincronizadas: 0
Errores: 0
Duración del ciclo: 0.96s
Intervalo objetivo: 30s
Próximo ciclo en: 29.04s
----------------------------------------------------------------------------------------

========================================================================================
CICLO #0046 | 2026-09-03 13:47:54 UTC | símbolos=0
========================================================================================
----------------------------------------------------------------------------------------
RESUMEN DEL CICLO #0046
Símbolos analizados: 0
Sin señal: 0
Esperando/otros: 0
Señales rechazadas: 0
Bloqueadas por estado/límites: 0
Validadas DRY RUN: 0
Nuevas órdenes: 0
Operaciones cerradas sincronizadas: 0
Errores: 0
Duración del ciclo: 0.08s
Intervalo objetivo: 30s
Próximo ciclo en: 29.92s
----------------------------------------------------------------------------------------

========================================================================================
CICLO #0047 | 2026-09-03 13:48:24 UTC | símbolos=34
========================================================================================
[01/34] START High Frequency Vol 10 Index
[01/34] END   High Frequency Vol 10 Index | 0.03s | ARPS WAITING SETUP
    Motivo: m5_atr_regime,m5_structure_break,m1_follow_through
[02/34] START High Frequency Vol 100 Index
[02/34] END   High Frequency Vol 100 Index | 0.02s | ARPS REGIME BLOCKED
    Motivo: SIN_TENDENCIA_M15
[03/34] START High Frequency Vol 25 Index
[03/34] END   High Frequency Vol 25 Index | 0.02s | ARPS REGIME BLOCKED
    Motivo: SIN_TENDENCIA_M15
[04/34] START High Frequency Vol 50 Index
[04/34] END   High Frequency Vol 50 Index | 0.02s | ARPS WAITING SETUP
    Motivo: m5_structure_break,m1_strong_close
[05/34] START High Frequency Vol 75 Index
[05/34] END   High Frequency Vol 75 Index | 0.03s | ARPS WAITING SETUP
    Motivo: m5_atr_regime,m5_structure_break,m1_rejection,m1_follow_through,m1_strong_close
[06/34] START Vol over Boom 400
[06/34] END   Vol over Boom 400 | 0.02s | ARPS REGIME BLOCKED
    Motivo: SIN_TENDENCIA_M15
[07/34] START Vol over Boom 550
[07/34] END   Vol over Boom 550 | 0.03s | ARPS WAITING SETUP
    Motivo: m5_structure_break,m1_rejection,m1_strong_close
[08/34] START Vol over Boom 750
[08/34] END   Vol over Boom 750 | 0.02s | ARPS REGIME BLOCKED
    Motivo: SIN_TENDENCIA_M15
[09/34] START Vol over Crash 400
[09/34] END   Vol over Crash 400 | 0.02s | ARPS REGIME BLOCKED
    Motivo: SIN_TENDENCIA_M15
[10/34] START Vol over Crash 550
[10/34] END   Vol over Crash 550 | 0.03s | ARPS WAITING SETUP
    Motivo: m5_structure_break,m1_rejection
[11/34] START Vol over Crash 750
[11/34] END   Vol over Crash 750 | 0.02s | ARPS REGIME BLOCKED
    Motivo: SIN_TENDENCIA_M15
[12/34] START VolSwitch High Vol Index
[12/34] END   VolSwitch High Vol Index | 0.02s | ARPS REGIME BLOCKED
    Motivo: SIN_TENDENCIA_M15
[13/34] START VolSwitch Low Vol Index
[13/34] END   VolSwitch Low Vol Index | 0.02s | ARPS WAITING SETUP
    Motivo: m5_atr_regime,spread_vs_atr,m5_structure_break,m1_rejection,m1_strong_close
[14/34] START VolSwitch Medium Vol Index
[14/34] END   VolSwitch Medium Vol Index | 0.03s | ARPS WAITING SETUP
    Motivo: m5_structure_break
[15/34] START Volatility 10 (1s) Index
[15/34] END   Volatility 10 (1s) Index | 0.02s | ARPS WAITING SETUP
    Motivo: m5_atr_regime,m5_structure_break,m5_pullback,m1_rejection,m1_follow_through,m1_strong_close
[16/34] START Volatility 10 Index
[16/34] END   Volatility 10 Index | 0.02s | ARPS REGIME BLOCKED
    Motivo: ADX_M15_INSUFICIENTE
[17/34] START Volatility 100 (1s) Index
[17/34] END   Volatility 100 (1s) Index | 0.02s | ARPS REGIME BLOCKED
    Motivo: SIN_TENDENCIA_M15
[18/34] START Volatility 100 Index
[18/34] END   Volatility 100 Index | 0.00s | INSTRUMENTO EN CUARENTENA DE RIESGO
    Motivo: cuarentena temporal por desviación marginal de ejecución
[19/34] START Volatility 15 (1s) Index
[19/34] END   Volatility 15 (1s) Index | 0.02s | ARPS WAITING SETUP
    Motivo: m5_structure_break,m1_follow_through,m1_strong_close
[20/34] START Volatility 15 Index
[20/34] END   Volatility 15 Index | 0.02s | ARPS WAITING SETUP
    Motivo: m5_structure_break,m1_rejection,m1_follow_through
[21/34] START Volatility 150 (1s) Index
[21/34] END   Volatility 150 (1s) Index | 0.03s | ARPS WAITING SETUP
    Motivo: spread_vs_atr,m5_structure_break,m5_pullback,m1_rejection
[22/34] START Volatility 25 (1s) Index
[22/34] END   Volatility 25 (1s) Index | 0.03s | ARPS WAITING SETUP
    Motivo: m5_atr_regime,m5_structure_break,m1_rejection,m1_follow_through,m1_strong_close
[23/34] START Volatility 25 Index
[23/34] END   Volatility 25 Index | 0.00s | INSTRUMENTO EN CUARENTENA DE RIESGO
    Motivo: cuarentena temporal por desviación marginal de ejecución
[24/34] START Volatility 250 (1s) Index
[24/34] END   Volatility 250 (1s) Index | 0.03s | ARPS WAITING SETUP
    Motivo: m5_atr_regime,spread_vs_atr,m5_structure_break,m1_rejection
[25/34] START Volatility 30 (1s) Index
[25/34] END   Volatility 30 (1s) Index | 0.00s | INSTRUMENTO EN CUARENTENA DE RIESGO
    Motivo: cuarentena temporal por desviación marginal de ejecución
[26/34] START Volatility 30 Index
[26/34] END   Volatility 30 Index | 0.02s | ARPS WAITING SETUP
    Motivo: m5_atr_regime,m5_structure_break,m1_rejection,m1_follow_through,m1_strong_close
[27/34] START Volatility 5 (1s) Index
[27/34] END   Volatility 5 (1s) Index | 0.02s | ARPS WAITING SETUP
    Motivo: m5_atr_regime,m5_structure_break,m1_rejection
[28/34] START Volatility 5 Index
[28/34] END   Volatility 5 Index | 0.00s | INSTRUMENTO EN CUARENTENA DE RIESGO
    Motivo: cuarentena de seguridad que requiere revisión manual
[29/34] START Volatility 50 (1s) Index
[29/34] END   Volatility 50 (1s) Index | 0.02s | ARPS WAITING SETUP
    Motivo: m5_structure_break,m1_rejection,m1_follow_through
[30/34] START Volatility 50 Index
[30/34] END   Volatility 50 Index | 0.02s | ARPS WAITING SETUP
    Motivo: m5_atr_regime,m5_structure_break,m1_rejection,m1_follow_through
[31/34] START Volatility 75 (1s) Index
[31/34] END   Volatility 75 (1s) Index | 0.02s | ARPS REGIME BLOCKED
    Motivo: SIN_TENDENCIA_M15
[32/34] START Volatility 75 Index
[32/34] END   Volatility 75 Index | 0.02s | ARPS WAITING SETUP
    Motivo: m5_structure_break,m1_rejection,m1_follow_through
[33/34] START Volatility 90 (1s) Index
[33/34] END   Volatility 90 (1s) Index | 0.02s | ARPS REGIME BLOCKED
    Motivo: SIN_TENDENCIA_M15
[34/34] START Volatility 90 Index
[34/34] END   Volatility 90 Index | 0.02s | ARPS WAITING SETUP
    Motivo: m5_atr_regime,m5_structure_break,m1_rejection,m1_follow_through,m1_strong_close
----------------------------------------------------------------------------------------
RESUMEN DEL CICLO #0047
Símbolos analizados: 34
Sin señal: 0
Esperando/otros: 34
Señales rechazadas: 0
Bloqueadas por estado/límites: 0
Validadas DRY RUN: 0
Nuevas órdenes: 0
Operaciones cerradas sincronizadas: 0
Errores: 0
Duración del ciclo: 0.89s
Intervalo objetivo: 30s
Próximo ciclo en: 29.11s
----------------------------------------------------------------------------------------

========================================================================================
CICLO #0048 | 2026-09-03 13:48:54 UTC | símbolos=0
========================================================================================
----------------------------------------------------------------------------------------
RESUMEN DEL CICLO #0048
Símbolos analizados: 0
Sin señal: 0
Esperando/otros: 0
Señales rechazadas: 0
Bloqueadas por estado/límites: 0
Validadas DRY RUN: 0
Nuevas órdenes: 0
Operaciones cerradas sincronizadas: 0
Errores: 0
Duración del ciclo: 0.07s
Intervalo objetivo: 30s
Próximo ciclo en: 29.93s
----------------------------------------------------------------------------------------

========================================================================================
CICLO #0049 | 2026-09-03 13:49:24 UTC | símbolos=34
========================================================================================
[01/34] START High Frequency Vol 10 Index
[01/34] END   High Frequency Vol 10 Index | 0.03s | ARPS WAITING SETUP
    Motivo: m5_atr_regime,m5_structure_break,m1_rejection
[02/34] START High Frequency Vol 100 Index
[02/34] END   High Frequency Vol 100 Index | 0.02s | ARPS REGIME BLOCKED
    Motivo: SIN_TENDENCIA_M15
[03/34] START High Frequency Vol 25 Index
[03/34] END   High Frequency Vol 25 Index | 0.02s | ARPS REGIME BLOCKED
    Motivo: SIN_TENDENCIA_M15
[04/34] START High Frequency Vol 50 Index
[04/34] END   High Frequency Vol 50 Index | 0.03s | ARPS WAITING SETUP
    Motivo: m5_structure_break,m1_follow_through,m1_strong_close
[05/34] START High Frequency Vol 75 Index
[05/34] END   High Frequency Vol 75 Index | 0.03s | ARPS WAITING SETUP
    Motivo: m5_atr_regime,m5_structure_break,m1_rejection,m1_follow_through
[06/34] START Vol over Boom 400
[06/34] END   Vol over Boom 400 | 0.02s | ARPS REGIME BLOCKED
    Motivo: SIN_TENDENCIA_M15
[07/34] START Vol over Boom 550
[07/34] END   Vol over Boom 550 | 0.02s | ARPS WAITING SETUP
    Motivo: m5_structure_break,m1_rejection
[08/34] START Vol over Boom 750
[08/34] END   Vol over Boom 750 | 0.02s | ARPS REGIME BLOCKED
    Motivo: SIN_TENDENCIA_M15
[09/34] START Vol over Crash 400
[09/34] END   Vol over Crash 400 | 0.02s | ARPS REGIME BLOCKED
    Motivo: SIN_TENDENCIA_M15
[10/34] START Vol over Crash 550
[10/34] END   Vol over Crash 550 | 0.03s | ARPS WAITING SETUP
    Motivo: m5_structure_break,m1_rejection,m1_follow_through
[11/34] START Vol over Crash 750
[11/34] END   Vol over Crash 750 | 0.02s | ARPS REGIME BLOCKED
    Motivo: SIN_TENDENCIA_M15
[12/34] START VolSwitch High Vol Index
[12/34] END   VolSwitch High Vol Index | 0.03s | ARPS REGIME BLOCKED
    Motivo: SIN_TENDENCIA_M15
[13/34] START VolSwitch Low Vol Index
[13/34] END   VolSwitch Low Vol Index | 0.03s | ARPS WAITING SETUP
    Motivo: m5_atr_regime,spread_vs_atr,m5_structure_break,m1_rejection
[14/34] START VolSwitch Medium Vol Index
[14/34] END   VolSwitch Medium Vol Index | 0.03s | ARPS WAITING SETUP
    Motivo: m5_structure_break,m1_follow_through,m1_strong_close
[15/34] START Volatility 10 (1s) Index
[15/34] END   Volatility 10 (1s) Index | 0.03s | ARPS WAITING SETUP
    Motivo: m5_atr_regime,m5_structure_break,m5_pullback,m1_rejection,m1_follow_through,m1_strong_close
[16/34] START Volatility 10 Index
[16/34] END   Volatility 10 Index | 0.02s | ARPS REGIME BLOCKED
    Motivo: ADX_M15_INSUFICIENTE
[17/34] START Volatility 100 (1s) Index
[17/34] END   Volatility 100 (1s) Index | 0.02s | ARPS REGIME BLOCKED
    Motivo: SIN_TENDENCIA_M15
[18/34] START Volatility 100 Index
[18/34] END   Volatility 100 Index | 0.00s | INSTRUMENTO EN CUARENTENA DE RIESGO
    Motivo: cuarentena temporal por desviación marginal de ejecución
[19/34] START Volatility 15 (1s) Index
[19/34] END   Volatility 15 (1s) Index | 0.03s | ARPS WAITING SETUP
    Motivo: m5_structure_break,m1_rejection
[20/34] START Volatility 15 Index
[20/34] END   Volatility 15 Index | 0.03s | ARPS WAITING SETUP
    Motivo: m5_structure_break,m1_rejection,m1_strong_close
[21/34] START Volatility 150 (1s) Index
[21/34] END   Volatility 150 (1s) Index | 0.03s | ARPS WAITING SETUP
    Motivo: spread_vs_atr,m5_structure_break,m5_pullback,m1_rejection,m1_follow_through,m1_strong_close
[22/34] START Volatility 25 (1s) Index
[22/34] END   Volatility 25 (1s) Index | 0.03s | ARPS WAITING SETUP
    Motivo: m5_atr_regime,m5_structure_break,m1_rejection,m1_follow_through,m1_strong_close
[23/34] START Volatility 25 Index
[23/34] END   Volatility 25 Index | 0.00s | INSTRUMENTO EN CUARENTENA DE RIESGO
    Motivo: cuarentena temporal por desviación marginal de ejecución
[24/34] START Volatility 250 (1s) Index
[24/34] END   Volatility 250 (1s) Index | 0.03s | ARPS WAITING SETUP
    Motivo: m5_atr_regime,spread_vs_atr,m5_structure_break,m1_follow_through
[25/34] START Volatility 30 (1s) Index
[25/34] END   Volatility 30 (1s) Index | 0.00s | INSTRUMENTO EN CUARENTENA DE RIESGO
    Motivo: cuarentena temporal por desviación marginal de ejecución
[26/34] START Volatility 30 Index
[26/34] END   Volatility 30 Index | 0.03s | ARPS WAITING SETUP
    Motivo: m5_atr_regime,m5_structure_break,m1_rejection,m1_strong_close
[27/34] START Volatility 5 (1s) Index
[27/34] END   Volatility 5 (1s) Index | 0.03s | ARPS WAITING SETUP
    Motivo: m5_atr_regime,m5_structure_break,m1_rejection,m1_follow_through,m1_strong_close
[28/34] START Volatility 5 Index
[28/34] END   Volatility 5 Index | 0.00s | INSTRUMENTO EN CUARENTENA DE RIESGO
    Motivo: cuarentena de seguridad que requiere revisión manual
[29/34] START Volatility 50 (1s) Index
[29/34] END   Volatility 50 (1s) Index | 0.03s | ARPS WAITING SETUP
    Motivo: m5_structure_break,m1_rejection,m1_follow_through,m1_strong_close
[30/34] START Volatility 50 Index
[30/34] END   Volatility 50 Index | 0.03s | ARPS WAITING SETUP
    Motivo: m5_atr_regime,m5_structure_break,m1_rejection,m1_strong_close
[31/34] START Volatility 75 (1s) Index
[31/34] END   Volatility 75 (1s) Index | 0.02s | ARPS REGIME BLOCKED
    Motivo: SIN_TENDENCIA_M15
[32/34] START Volatility 75 Index
[32/34] END   Volatility 75 Index | 0.02s | ARPS WAITING SETUP
    Motivo: m5_structure_break,m1_rejection
[33/34] START Volatility 90 (1s) Index
[33/34] END   Volatility 90 (1s) Index | 0.03s | ARPS REGIME BLOCKED
    Motivo: SIN_TENDENCIA_M15
[34/34] START Volatility 90 Index
[34/34] END   Volatility 90 Index | 0.03s | ARPS WAITING SETUP
    Motivo: m5_atr_regime,m5_structure_break,m1_rejection
----------------------------------------------------------------------------------------
RESUMEN DEL CICLO #0049
Símbolos analizados: 34
Sin señal: 0
Esperando/otros: 34
Señales rechazadas: 0
Bloqueadas por estado/límites: 0
Validadas DRY RUN: 0
Nuevas órdenes: 0
Operaciones cerradas sincronizadas: 0
Errores: 0
Duración del ciclo: 0.95s
Intervalo objetivo: 30s
Próximo ciclo en: 29.05s
----------------------------------------------------------------------------------------

========================================================================================
CICLO #0050 | 2026-09-03 13:49:54 UTC | símbolos=0
========================================================================================
----------------------------------------------------------------------------------------
RESUMEN DEL CICLO #0050
Símbolos analizados: 0
Sin señal: 0
Esperando/otros: 0
Señales rechazadas: 0
Bloqueadas por estado/límites: 0
Validadas DRY RUN: 0
Nuevas órdenes: 0
Operaciones cerradas sincronizadas: 0
Errores: 0
Duración del ciclo: 0.07s
Intervalo objetivo: 30s
Próximo ciclo en: 29.93s
----------------------------------------------------------------------------------------

========================================================================================
CICLO #0051 | 2026-09-03 13:50:24 UTC | símbolos=34
========================================================================================
[01/34] START High Frequency Vol 10 Index
[01/34] END   High Frequency Vol 10 Index | 0.05s | ARPS WAITING SETUP
    Motivo: m5_atr_regime,m5_structure_break,m1_rejection,m1_follow_through
[02/34] START High Frequency Vol 100 Index
[02/34] END   High Frequency Vol 100 Index | 0.03s | ARPS REGIME BLOCKED
    Motivo: SIN_TENDENCIA_M15
[03/34] START High Frequency Vol 25 Index
[03/34] END   High Frequency Vol 25 Index | 0.03s | ARPS REGIME BLOCKED
    Motivo: SIN_TENDENCIA_M15
[04/34] START High Frequency Vol 50 Index
[04/34] END   High Frequency Vol 50 Index | 0.03s | ARPS WAITING SETUP
    Motivo: m5_structure_break,m1_rejection
[05/34] START High Frequency Vol 75 Index
[05/34] END   High Frequency Vol 75 Index | 0.02s | ARPS WAITING SETUP
    Motivo: m5_atr_regime,m5_structure_break,m1_rejection,m1_strong_close
[06/34] START Vol over Boom 400
[06/34] END   Vol over Boom 400 | 0.02s | ARPS REGIME BLOCKED
    Motivo: SIN_TENDENCIA_M15
[07/34] START Vol over Boom 550
[07/34] END   Vol over Boom 550 | 0.03s | ARPS WAITING SETUP
    Motivo: m5_structure_break,m1_rejection,m1_follow_through
[08/34] START Vol over Boom 750
[08/34] END   Vol over Boom 750 | 0.02s | ARPS REGIME BLOCKED
    Motivo: SIN_TENDENCIA_M15
[09/34] START Vol over Crash 400
[09/34] END   Vol over Crash 400 | 0.02s | ARPS REGIME BLOCKED
    Motivo: SIN_TENDENCIA_M15
[10/34] START Vol over Crash 550
[10/34] END   Vol over Crash 550 | 0.02s | ARPS WAITING SETUP
    Motivo: m5_atr_regime,m5_structure_break,m1_rejection,m1_follow_through
[11/34] START Vol over Crash 750
[11/34] END   Vol over Crash 750 | 0.03s | ARPS REGIME BLOCKED
    Motivo: SIN_TENDENCIA_M15
[12/34] START VolSwitch High Vol Index
[12/34] END   VolSwitch High Vol Index | 0.03s | ARPS REGIME BLOCKED
    Motivo: SIN_TENDENCIA_M15
[13/34] START VolSwitch Low Vol Index
[13/34] END   VolSwitch Low Vol Index | 0.04s | ARPS WAITING SETUP
    Motivo: m5_atr_regime,spread_vs_atr,m5_structure_break,m1_rejection
[14/34] START VolSwitch Medium Vol Index
[14/34] END   VolSwitch Medium Vol Index | 0.04s | ARPS WAITING SETUP
    Motivo: m5_structure_break,m1_rejection,m1_follow_through
[15/34] START Volatility 10 (1s) Index
[15/34] END   Volatility 10 (1s) Index | 0.05s | ARPS WAITING SETUP
    Motivo: m5_atr_regime,m5_structure_break,m5_pullback,m1_rejection,m1_follow_through
[16/34] START Volatility 10 Index
[16/34] END   Volatility 10 Index | 0.04s | ARPS REGIME BLOCKED
    Motivo: ADX_M15_INSUFICIENTE
[17/34] START Volatility 100 (1s) Index
[17/34] END   Volatility 100 (1s) Index | 0.03s | ARPS REGIME BLOCKED
    Motivo: SIN_TENDENCIA_M15
[18/34] START Volatility 100 Index
[18/34] END   Volatility 100 Index | 0.01s | INSTRUMENTO EN CUARENTENA DE RIESGO
    Motivo: cuarentena temporal por desviación marginal de ejecución
[19/34] START Volatility 15 (1s) Index
[19/34] END   Volatility 15 (1s) Index | 0.04s | ARPS WAITING SETUP
    Motivo: m5_structure_break
[20/34] START Volatility 15 Index
[20/34] END   Volatility 15 Index | 0.04s | ARPS WAITING SETUP
    Motivo: m5_structure_break,m1_follow_through
[21/34] START Volatility 150 (1s) Index
[21/34] END   Volatility 150 (1s) Index | 0.03s | ARPS WAITING SETUP
    Motivo: spread_vs_atr,m5_structure_break,m5_pullback,m1_rejection,m1_follow_through
[22/34] START Volatility 25 (1s) Index
[22/34] END   Volatility 25 (1s) Index | 0.03s | ARPS WAITING SETUP
    Motivo: m1_rejection,m1_follow_through
[23/34] START Volatility 25 Index
[23/34] END   Volatility 25 Index | 0.00s | INSTRUMENTO EN CUARENTENA DE RIESGO
    Motivo: cuarentena temporal por desviación marginal de ejecución
[24/34] START Volatility 250 (1s) Index
[24/34] END   Volatility 250 (1s) Index | 0.03s | ARPS WAITING SETUP
    Motivo: spread_vs_atr,m1_rejection,m1_follow_through
[25/34] START Volatility 30 (1s) Index
[25/34] END   Volatility 30 (1s) Index | 0.01s | INSTRUMENTO EN CUARENTENA DE RIESGO
    Motivo: cuarentena temporal por desviación marginal de ejecución
[26/34] START Volatility 30 Index
[26/34] END   Volatility 30 Index | 0.04s | ARPS WAITING SETUP
    Motivo: m5_atr_regime,m5_structure_break
[27/34] START Volatility 5 (1s) Index
[27/34] END   Volatility 5 (1s) Index | 0.05s | ARPS WAITING SETUP
    Motivo: m5_structure_break,m1_rejection,m1_follow_through,m1_strong_close
[28/34] START Volatility 5 Index
[28/34] END   Volatility 5 Index | 0.01s | INSTRUMENTO EN CUARENTENA DE RIESGO
    Motivo: cuarentena de seguridad que requiere revisión manual
[29/34] START Volatility 50 (1s) Index
[29/34] END   Volatility 50 (1s) Index | 0.06s | ARPS WAITING SETUP
    Motivo: m5_structure_break,m1_rejection
[30/34] START Volatility 50 Index
[30/34] END   Volatility 50 Index | 0.05s | ARPS WAITING SETUP
    Motivo: m5_atr_regime,m5_structure_break
[31/34] START Volatility 75 (1s) Index
[31/34] END   Volatility 75 (1s) Index | 0.04s | ARPS REGIME BLOCKED
    Motivo: SIN_TENDENCIA_M15
[32/34] START Volatility 75 Index
[32/34] END   Volatility 75 Index | 0.04s | ARPS WAITING SETUP
    Motivo: m5_structure_break,m1_follow_through
[33/34] START Volatility 90 (1s) Index
[33/34] END   Volatility 90 (1s) Index | 0.04s | ARPS REGIME BLOCKED
    Motivo: SIN_TENDENCIA_M15
[34/34] START Volatility 90 Index
[34/34] END   Volatility 90 Index | 0.04s | ARPS WAITING SETUP
    Motivo: m5_atr_regime,m5_structure_break,m1_rejection
----------------------------------------------------------------------------------------
RESUMEN DEL CICLO #0051
Símbolos analizados: 34
Sin señal: 0
Esperando/otros: 34
Señales rechazadas: 0
Bloqueadas por estado/límites: 0
Validadas DRY RUN: 0
Nuevas órdenes: 0
Operaciones cerradas sincronizadas: 0
Errores: 0
Duración del ciclo: 1.34s
Intervalo objetivo: 30s
Próximo ciclo en: 28.66s
----------------------------------------------------------------------------------------

========================================================================================
CICLO #0052 | 2026-09-03 13:50:54 UTC | símbolos=0
========================================================================================
----------------------------------------------------------------------------------------
RESUMEN DEL CICLO #0052
Símbolos analizados: 0
Sin señal: 0
Esperando/otros: 0
Señales rechazadas: 0
Bloqueadas por estado/límites: 0
Validadas DRY RUN: 0
Nuevas órdenes: 0
Operaciones cerradas sincronizadas: 0
Errores: 0
Duración del ciclo: 0.07s
Intervalo objetivo: 30s
Próximo ciclo en: 29.93s
----------------------------------------------------------------------------------------

========================================================================================
CICLO #0053 | 2026-09-03 13:51:24 UTC | símbolos=34
========================================================================================
[01/34] START High Frequency Vol 10 Index
[01/34] END   High Frequency Vol 10 Index | 0.04s | ARPS WAITING SETUP
    Motivo: m5_atr_regime,m5_structure_break,m1_rejection
[02/34] START High Frequency Vol 100 Index
[02/34] END   High Frequency Vol 100 Index | 0.03s | ARPS REGIME BLOCKED
    Motivo: SIN_TENDENCIA_M15
[03/34] START High Frequency Vol 25 Index
[03/34] END   High Frequency Vol 25 Index | 0.03s | ARPS REGIME BLOCKED
    Motivo: SIN_TENDENCIA_M15
[04/34] START High Frequency Vol 50 Index
[04/34] END   High Frequency Vol 50 Index | 0.03s | ARPS WAITING SETUP
    Motivo: m5_structure_break,m1_follow_through,m1_strong_close
[05/34] START High Frequency Vol 75 Index
[05/34] END   High Frequency Vol 75 Index | 0.03s | ARPS WAITING SETUP
    Motivo: m5_atr_regime,m5_structure_break,m1_strong_close
[06/34] START Vol over Boom 400
[06/34] END   Vol over Boom 400 | 0.03s | ARPS REGIME BLOCKED
    Motivo: SIN_TENDENCIA_M15
[07/34] START Vol over Boom 550
[07/34] END   Vol over Boom 550 | 0.03s | ARPS WAITING SETUP
    Motivo: m5_structure_break,m1_rejection
[08/34] START Vol over Boom 750
[08/34] END   Vol over Boom 750 | 0.03s | ARPS REGIME BLOCKED
    Motivo: SIN_TENDENCIA_M15
[09/34] START Vol over Crash 400
[09/34] END   Vol over Crash 400 | 0.03s | ARPS REGIME BLOCKED
    Motivo: SIN_TENDENCIA_M15
[10/34] START Vol over Crash 550
[10/34] END   Vol over Crash 550 | 0.03s | ARPS WAITING SETUP
    Motivo: m5_atr_regime,m5_structure_break,m1_rejection,m1_follow_through
[11/34] START Vol over Crash 750
[11/34] END   Vol over Crash 750 | 0.03s | ARPS REGIME BLOCKED
    Motivo: SIN_TENDENCIA_M15
[12/34] START VolSwitch High Vol Index
[12/34] END   VolSwitch High Vol Index | 0.03s | ARPS REGIME BLOCKED
    Motivo: SIN_TENDENCIA_M15
[13/34] START VolSwitch Low Vol Index
[13/34] END   VolSwitch Low Vol Index | 0.03s | ARPS WAITING SETUP
    Motivo: m5_atr_regime,spread_vs_atr,m5_structure_break,m1_rejection
[14/34] START VolSwitch Medium Vol Index
[14/34] END   VolSwitch Medium Vol Index | 0.03s | ARPS WAITING SETUP
    Motivo: m5_structure_break,m1_rejection,m1_follow_through
[15/34] START Volatility 10 (1s) Index
[15/34] END   Volatility 10 (1s) Index | 0.03s | ARPS WAITING SETUP
    Motivo: m5_atr_regime,m5_structure_break,m5_pullback,m1_rejection,m1_follow_through,m1_strong_close
[16/34] START Volatility 10 Index
[16/34] END   Volatility 10 Index | 0.03s | ARPS REGIME BLOCKED
    Motivo: ADX_M15_INSUFICIENTE
[17/34] START Volatility 100 (1s) Index
[17/34] END   Volatility 100 (1s) Index | 0.03s | ARPS REGIME BLOCKED
    Motivo: SIN_TENDENCIA_M15
[18/34] START Volatility 100 Index
[18/34] END   Volatility 100 Index | 0.00s | INSTRUMENTO EN CUARENTENA DE RIESGO
    Motivo: cuarentena temporal por desviación marginal de ejecución
[19/34] START Volatility 15 (1s) Index
[19/34] END   Volatility 15 (1s) Index | 0.03s | ARPS WAITING SETUP
    Motivo: m5_structure_break,m1_rejection
[20/34] START Volatility 15 Index
[20/34] END   Volatility 15 Index | 0.03s | ARPS WAITING SETUP
    Motivo: m5_structure_break,m1_rejection
[21/34] START Volatility 150 (1s) Index
[21/34] END   Volatility 150 (1s) Index | 0.03s | ARPS WAITING SETUP
    Motivo: spread_vs_atr,m5_structure_break,m5_pullback,m1_rejection
[22/34] START Volatility 25 (1s) Index
[22/34] END   Volatility 25 (1s) Index | 0.03s | ARPS WAITING SETUP
    Motivo: m1_rejection
[23/34] START Volatility 25 Index
[23/34] END   Volatility 25 Index | 0.00s | INSTRUMENTO EN CUARENTENA DE RIESGO
    Motivo: cuarentena temporal por desviación marginal de ejecución
[24/34] START Volatility 250 (1s) Index
[24/34] END   Volatility 250 (1s) Index | 0.03s | ARPS WAITING SETUP
    Motivo: spread_vs_atr,m1_rejection,m1_follow_through,m1_strong_close
[25/34] START Volatility 30 (1s) Index
[25/34] END   Volatility 30 (1s) Index | 0.01s | INSTRUMENTO EN CUARENTENA DE RIESGO
    Motivo: cuarentena temporal por desviación marginal de ejecución
[26/34] START Volatility 30 Index
[26/34] END   Volatility 30 Index | 0.03s | ARPS WAITING SETUP
    Motivo: m5_atr_regime,m5_structure_break
[27/34] START Volatility 5 (1s) Index
[27/34] END   Volatility 5 (1s) Index | 0.04s | ARPS WAITING SETUP
    Motivo: m5_structure_break,m1_rejection,m1_follow_through,m1_strong_close
[28/34] START Volatility 5 Index
[28/34] END   Volatility 5 Index | 0.01s | INSTRUMENTO EN CUARENTENA DE RIESGO
    Motivo: cuarentena de seguridad que requiere revisión manual
[29/34] START Volatility 50 (1s) Index
[29/34] END   Volatility 50 (1s) Index | 0.04s | ARPS WAITING SETUP
    Motivo: m5_structure_break,m1_rejection,m1_strong_close
[30/34] START Volatility 50 Index
[30/34] END   Volatility 50 Index | 0.03s | ARPS WAITING SETUP
    Motivo: m5_atr_regime,m5_structure_break,m1_strong_close
[31/34] START Volatility 75 (1s) Index
[31/34] END   Volatility 75 (1s) Index | 0.03s | ARPS REGIME BLOCKED
    Motivo: SIN_TENDENCIA_M15
[32/34] START Volatility 75 Index
[32/34] END   Volatility 75 Index | 0.04s | ARPS WAITING SETUP
    Motivo: m5_structure_break,m1_rejection,m1_follow_through,m1_strong_close
[33/34] START Volatility 90 (1s) Index
[33/34] END   Volatility 90 (1s) Index | 0.03s | ARPS REGIME BLOCKED
    Motivo: SIN_TENDENCIA_M15
[34/34] START Volatility 90 Index
[34/34] END   Volatility 90 Index | 0.03s | ARPS WAITING SETUP
    Motivo: m5_atr_regime,m5_structure_break
----------------------------------------------------------------------------------------
RESUMEN DEL CICLO #0053
Símbolos analizados: 34
Sin señal: 0
Esperando/otros: 34
Señales rechazadas: 0
Bloqueadas por estado/límites: 0
Validadas DRY RUN: 0
Nuevas órdenes: 0
Operaciones cerradas sincronizadas: 0
Errores: 0
Duración del ciclo: 1.23s
Intervalo objetivo: 30s
Próximo ciclo en: 28.77s
----------------------------------------------------------------------------------------

========================================================================================
CICLO #0054 | 2026-09-03 13:51:54 UTC | símbolos=0
========================================================================================
----------------------------------------------------------------------------------------
RESUMEN DEL CICLO #0054
Símbolos analizados: 0
Sin señal: 0
Esperando/otros: 0
Señales rechazadas: 0
Bloqueadas por estado/límites: 0
Validadas DRY RUN: 0
Nuevas órdenes: 0
Operaciones cerradas sincronizadas: 0
Errores: 0
Duración del ciclo: 0.07s
Intervalo objetivo: 30s
Próximo ciclo en: 29.93s
----------------------------------------------------------------------------------------

========================================================================================
CICLO #0055 | 2026-09-03 13:52:24 UTC | símbolos=34
========================================================================================
[01/34] START High Frequency Vol 10 Index
[01/34] END   High Frequency Vol 10 Index | 0.03s | ARPS WAITING SETUP
    Motivo: m5_atr_regime,m5_structure_break,m1_rejection
[02/34] START High Frequency Vol 100 Index
[02/34] END   High Frequency Vol 100 Index | 0.02s | ARPS REGIME BLOCKED
    Motivo: SIN_TENDENCIA_M15
[03/34] START High Frequency Vol 25 Index
[03/34] END   High Frequency Vol 25 Index | 0.02s | ARPS REGIME BLOCKED
    Motivo: SIN_TENDENCIA_M15
[04/34] START High Frequency Vol 50 Index
[04/34] END   High Frequency Vol 50 Index | 0.02s | ARPS WAITING SETUP
    Motivo: m5_structure_break,m1_rejection
[05/34] START High Frequency Vol 75 Index
[05/34] END   High Frequency Vol 75 Index | 0.03s | ARPS WAITING SETUP
    Motivo: m5_atr_regime,m5_structure_break,m1_strong_close
[06/34] START Vol over Boom 400
[06/34] END   Vol over Boom 400 | 0.02s | ARPS REGIME BLOCKED
    Motivo: SIN_TENDENCIA_M15
[07/34] START Vol over Boom 550
[07/34] END   Vol over Boom 550 | 0.03s | ARPS WAITING SETUP
    Motivo: m5_structure_break,m1_rejection
[08/34] START Vol over Boom 750
[08/34] END   Vol over Boom 750 | 0.02s | ARPS REGIME BLOCKED
    Motivo: SIN_TENDENCIA_M15
[09/34] START Vol over Crash 400
[09/34] END   Vol over Crash 400 | 0.02s | ARPS REGIME BLOCKED
    Motivo: SIN_TENDENCIA_M15
[10/34] START Vol over Crash 550
[10/34] END   Vol over Crash 550 | 0.03s | ARPS WAITING SETUP
    Motivo: m5_atr_regime,m5_structure_break,m1_rejection
[11/34] START Vol over Crash 750
[11/34] END   Vol over Crash 750 | 0.02s | ARPS REGIME BLOCKED
    Motivo: SIN_TENDENCIA_M15
[12/34] START VolSwitch High Vol Index
[12/34] END   VolSwitch High Vol Index | 0.02s | ARPS REGIME BLOCKED
    Motivo: SIN_TENDENCIA_M15
[13/34] START VolSwitch Low Vol Index
[13/34] END   VolSwitch Low Vol Index | 0.03s | ARPS WAITING SETUP
    Motivo: m5_atr_regime,spread_vs_atr,m5_structure_break,m1_follow_through
[14/34] START VolSwitch Medium Vol Index
[14/34] END   VolSwitch Medium Vol Index | 0.03s | ARPS WAITING SETUP
    Motivo: m5_structure_break,m1_rejection
[15/34] START Volatility 10 (1s) Index
[15/34] END   Volatility 10 (1s) Index | 0.03s | ARPS WAITING SETUP
    Motivo: m5_atr_regime,m5_structure_break,m5_pullback,m1_rejection,m1_strong_close
[16/34] START Volatility 10 Index
[16/34] END   Volatility 10 Index | 0.02s | ARPS REGIME BLOCKED
    Motivo: ADX_M15_INSUFICIENTE
[17/34] START Volatility 100 (1s) Index
[17/34] END   Volatility 100 (1s) Index | 0.02s | ARPS REGIME BLOCKED
    Motivo: SIN_TENDENCIA_M15
[18/34] START Volatility 100 Index
[18/34] END   Volatility 100 Index | 0.00s | INSTRUMENTO EN CUARENTENA DE RIESGO
    Motivo: cuarentena temporal por desviación marginal de ejecución
[19/34] START Volatility 15 (1s) Index
[19/34] END   Volatility 15 (1s) Index | 0.03s | ARPS WAITING SETUP
    Motivo: m5_structure_break,m1_rejection,m1_follow_through
[20/34] START Volatility 15 Index
[20/34] END   Volatility 15 Index | 0.03s | ARPS WAITING SETUP
    Motivo: m5_structure_break,m1_rejection,m1_follow_through
[21/34] START Volatility 150 (1s) Index
[21/34] END   Volatility 150 (1s) Index | 0.03s | ARPS WAITING SETUP
    Motivo: spread_vs_atr,m5_structure_break,m5_pullback,m1_rejection,m1_follow_through
[22/34] START Volatility 25 (1s) Index
[22/34] END   Volatility 25 (1s) Index | 0.03s | ARPS WAITING SETUP
    Motivo: m1_rejection
[23/34] START Volatility 25 Index
[23/34] END   Volatility 25 Index | 0.00s | INSTRUMENTO EN CUARENTENA DE RIESGO
    Motivo: cuarentena temporal por desviación marginal de ejecución
[24/34] START Volatility 250 (1s) Index
[24/34] END   Volatility 250 (1s) Index | 0.03s | ARPS WAITING SETUP
    Motivo: spread_vs_atr,m1_rejection,m1_follow_through
[25/34] START Volatility 30 (1s) Index
[25/34] END   Volatility 30 (1s) Index | 0.00s | INSTRUMENTO EN CUARENTENA DE RIESGO
    Motivo: cuarentena temporal por desviación marginal de ejecución
[26/34] START Volatility 30 Index
[26/34] END   Volatility 30 Index | 0.03s | ARPS WAITING SETUP
    Motivo: m5_atr_regime,m5_structure_break,m1_rejection,m1_follow_through
[27/34] START Volatility 5 (1s) Index
[27/34] END   Volatility 5 (1s) Index | 0.03s | ARPS WAITING SETUP
    Motivo: m5_structure_break,m1_rejection,m1_follow_through
[28/34] START Volatility 5 Index
[28/34] END   Volatility 5 Index | 0.00s | INSTRUMENTO EN CUARENTENA DE RIESGO
    Motivo: cuarentena de seguridad que requiere revisión manual
[29/34] START Volatility 50 (1s) Index
[29/34] END   Volatility 50 (1s) Index | 0.03s | ARPS WAITING SETUP
    Motivo: m5_structure_break
[30/34] START Volatility 50 Index
[30/34] END   Volatility 50 Index | 0.03s | ARPS WAITING SETUP
    Motivo: m5_atr_regime,m5_structure_break,m1_strong_close
[31/34] START Volatility 75 (1s) Index
[31/34] END   Volatility 75 (1s) Index | 0.02s | ARPS REGIME BLOCKED
    Motivo: SIN_TENDENCIA_M15
[32/34] START Volatility 75 Index
[32/34] END   Volatility 75 Index | 0.03s | ARPS WAITING SETUP
    Motivo: m5_structure_break,m1_follow_through
[33/34] START Volatility 90 (1s) Index
[33/34] END   Volatility 90 (1s) Index | 0.03s | ARPS REGIME BLOCKED
    Motivo: SIN_TENDENCIA_M15
[34/34] START Volatility 90 Index
[34/34] END   Volatility 90 Index | 0.03s | ARPS WAITING SETUP
    Motivo: m5_atr_regime,m5_structure_break,m1_strong_close
----------------------------------------------------------------------------------------
RESUMEN DEL CICLO #0055
Símbolos analizados: 34
Sin señal: 0
Esperando/otros: 34
Señales rechazadas: 0
Bloqueadas por estado/límites: 0
Validadas DRY RUN: 0
Nuevas órdenes: 0
Operaciones cerradas sincronizadas: 0
Errores: 0
Duración del ciclo: 1.01s
Intervalo objetivo: 30s
Próximo ciclo en: 28.99s
----------------------------------------------------------------------------------------

========================================================================================
CICLO #0056 | 2026-09-03 13:52:54 UTC | símbolos=0
========================================================================================
----------------------------------------------------------------------------------------
RESUMEN DEL CICLO #0056
Símbolos analizados: 0
Sin señal: 0
Esperando/otros: 0
Señales rechazadas: 0
Bloqueadas por estado/límites: 0
Validadas DRY RUN: 0
Nuevas órdenes: 0
Operaciones cerradas sincronizadas: 0
Errores: 0
Duración del ciclo: 0.07s
Intervalo objetivo: 30s
Próximo ciclo en: 29.93s
----------------------------------------------------------------------------------------

========================================================================================
CICLO #0057 | 2026-09-03 13:53:24 UTC | símbolos=34
========================================================================================
[01/34] START High Frequency Vol 10 Index
[01/34] END   High Frequency Vol 10 Index | 0.03s | ARPS WAITING SETUP
    Motivo: m5_atr_regime,m5_structure_break,m1_rejection,m1_follow_through
[02/34] START High Frequency Vol 100 Index
[02/34] END   High Frequency Vol 100 Index | 0.02s | ARPS REGIME BLOCKED
    Motivo: SIN_TENDENCIA_M15
[03/34] START High Frequency Vol 25 Index
[03/34] END   High Frequency Vol 25 Index | 0.02s | ARPS REGIME BLOCKED
    Motivo: SIN_TENDENCIA_M15
[04/34] START High Frequency Vol 50 Index
[04/34] END   High Frequency Vol 50 Index | 0.03s | ARPS WAITING SETUP
    Motivo: m5_structure_break,m1_rejection,m1_follow_through
[05/34] START High Frequency Vol 75 Index
[05/34] END   High Frequency Vol 75 Index | 0.02s | ARPS WAITING SETUP
    Motivo: m5_atr_regime,m5_structure_break,m1_strong_close
[06/34] START Vol over Boom 400
[06/34] END   Vol over Boom 400 | 0.02s | ARPS REGIME BLOCKED
    Motivo: SIN_TENDENCIA_M15
[07/34] START Vol over Boom 550
[07/34] END   Vol over Boom 550 | 0.02s | ARPS WAITING SETUP
    Motivo: m5_structure_break,m1_rejection,m1_strong_close
[08/34] START Vol over Boom 750
[08/34] END   Vol over Boom 750 | 0.02s | ARPS REGIME BLOCKED
    Motivo: SIN_TENDENCIA_M15
[09/34] START Vol over Crash 400
[09/34] END   Vol over Crash 400 | 0.02s | ARPS REGIME BLOCKED
    Motivo: SIN_TENDENCIA_M15
[10/34] START Vol over Crash 550
[10/34] END   Vol over Crash 550 | 0.03s | ARPS WAITING SETUP
    Motivo: m5_atr_regime,m5_structure_break,m1_rejection,m1_follow_through
[11/34] START Vol over Crash 750
[11/34] END   Vol over Crash 750 | 0.02s | ARPS REGIME BLOCKED
    Motivo: SIN_TENDENCIA_M15
[12/34] START VolSwitch High Vol Index
[12/34] END   VolSwitch High Vol Index | 0.02s | ARPS REGIME BLOCKED
    Motivo: SIN_TENDENCIA_M15
[13/34] START VolSwitch Low Vol Index
[13/34] END   VolSwitch Low Vol Index | 0.03s | ARPS WAITING SETUP
    Motivo: m5_atr_regime,spread_vs_atr,m5_structure_break,m1_rejection,m1_follow_through
[14/34] START VolSwitch Medium Vol Index
[14/34] END   VolSwitch Medium Vol Index | 0.03s | ARPS WAITING SETUP
    Motivo: m5_structure_break,m1_rejection,m1_follow_through
[15/34] START Volatility 10 (1s) Index
[15/34] END   Volatility 10 (1s) Index | 0.03s | ARPS WAITING SETUP
    Motivo: m5_atr_regime,m5_structure_break,m5_pullback,m1_follow_through
[16/34] START Volatility 10 Index
[16/34] END   Volatility 10 Index | 0.02s | ARPS REGIME BLOCKED
    Motivo: ADX_M15_INSUFICIENTE
[17/34] START Volatility 100 (1s) Index
[17/34] END   Volatility 100 (1s) Index | 0.02s | ARPS REGIME BLOCKED
    Motivo: SIN_TENDENCIA_M15
[18/34] START Volatility 100 Index
[18/34] END   Volatility 100 Index | 0.00s | INSTRUMENTO EN CUARENTENA DE RIESGO
    Motivo: cuarentena temporal por desviación marginal de ejecución
[19/34] START Volatility 15 (1s) Index
[19/34] END   Volatility 15 (1s) Index | 0.03s | ARPS WAITING SETUP
    Motivo: m5_structure_break,m1_rejection
[20/34] START Volatility 15 Index
[20/34] END   Volatility 15 Index | 0.02s | ARPS WAITING SETUP
    Motivo: m5_structure_break,m1_rejection,m1_follow_through,m1_strong_close
[21/34] START Volatility 150 (1s) Index
[21/34] END   Volatility 150 (1s) Index | 0.02s | ARPS WAITING SETUP
    Motivo: spread_vs_atr,m5_structure_break,m5_pullback,m1_rejection,m1_follow_through,m1_strong_close
[22/34] START Volatility 25 (1s) Index
[22/34] END   Volatility 25 (1s) Index | 0.03s | ARPS WAITING SETUP
    Motivo: m1_rejection,m1_strong_close
[23/34] START Volatility 25 Index
[23/34] END   Volatility 25 Index | 0.00s | INSTRUMENTO EN CUARENTENA DE RIESGO
    Motivo: cuarentena temporal por desviación marginal de ejecución
[24/34] START Volatility 250 (1s) Index
[24/34] END   Volatility 250 (1s) Index | 0.02s | ARPS WAITING SETUP
    Motivo: spread_vs_atr,m1_rejection,m1_strong_close
[25/34] START Volatility 30 (1s) Index
[25/34] END   Volatility 30 (1s) Index | 0.00s | INSTRUMENTO EN CUARENTENA DE RIESGO
    Motivo: cuarentena temporal por desviación marginal de ejecución
[26/34] START Volatility 30 Index
[26/34] END   Volatility 30 Index | 0.02s | ARPS WAITING SETUP
    Motivo: m5_atr_regime,m5_structure_break,m1_rejection
[27/34] START Volatility 5 (1s) Index
[27/34] END   Volatility 5 (1s) Index | 0.02s | ARPS WAITING SETUP
    Motivo: m5_structure_break,m1_rejection,m1_follow_through
[28/34] START Volatility 5 Index
[28/34] END   Volatility 5 Index | 0.00s | INSTRUMENTO EN CUARENTENA DE RIESGO
    Motivo: cuarentena de seguridad que requiere revisión manual
[29/34] START Volatility 50 (1s) Index
[29/34] END   Volatility 50 (1s) Index | 0.03s | ARPS WAITING SETUP
    Motivo: m5_structure_break,m1_follow_through
[30/34] START Volatility 50 Index
[30/34] END   Volatility 50 Index | 0.03s | ARPS WAITING SETUP
    Motivo: m5_atr_regime,m5_structure_break,m1_follow_through,m1_strong_close
[31/34] START Volatility 75 (1s) Index
[31/34] END   Volatility 75 (1s) Index | 0.03s | ARPS REGIME BLOCKED
    Motivo: SIN_TENDENCIA_M15
[32/34] START Volatility 75 Index
[32/34] END   Volatility 75 Index | 0.03s | ARPS WAITING SETUP
    Motivo: m5_structure_break,m1_rejection,m1_follow_through
[33/34] START Volatility 90 (1s) Index
[33/34] END   Volatility 90 (1s) Index | 0.03s | ARPS REGIME BLOCKED
    Motivo: SIN_TENDENCIA_M15
[34/34] START Volatility 90 Index
[34/34] END   Volatility 90 Index | 0.04s | ARPS WAITING SETUP
    Motivo: m5_atr_regime,m5_structure_break
----------------------------------------------------------------------------------------
RESUMEN DEL CICLO #0057
Símbolos analizados: 34
Sin señal: 0
Esperando/otros: 34
Señales rechazadas: 0
Bloqueadas por estado/límites: 0
Validadas DRY RUN: 0
Nuevas órdenes: 0
Operaciones cerradas sincronizadas: 0
Errores: 0
Duración del ciclo: 0.95s
Intervalo objetivo: 30s
Próximo ciclo en: 29.05s
----------------------------------------------------------------------------------------

========================================================================================
CICLO #0058 | 2026-09-03 13:53:54 UTC | símbolos=0
========================================================================================
----------------------------------------------------------------------------------------
RESUMEN DEL CICLO #0058
Símbolos analizados: 0
Sin señal: 0
Esperando/otros: 0
Señales rechazadas: 0
Bloqueadas por estado/límites: 0
Validadas DRY RUN: 0
Nuevas órdenes: 0
Operaciones cerradas sincronizadas: 0
Errores: 0
Duración del ciclo: 0.07s
Intervalo objetivo: 30s
Próximo ciclo en: 29.93s
----------------------------------------------------------------------------------------

========================================================================================
CICLO #0059 | 2026-09-03 13:54:24 UTC | símbolos=34
========================================================================================
[01/34] START High Frequency Vol 10 Index
[01/34] END   High Frequency Vol 10 Index | 0.02s | ARPS WAITING SETUP
    Motivo: m5_atr_regime,m5_structure_break,m1_rejection
[02/34] START High Frequency Vol 100 Index
[02/34] END   High Frequency Vol 100 Index | 0.02s | ARPS REGIME BLOCKED
    Motivo: SIN_TENDENCIA_M15
[03/34] START High Frequency Vol 25 Index
[03/34] END   High Frequency Vol 25 Index | 0.02s | ARPS REGIME BLOCKED
    Motivo: SIN_TENDENCIA_M15
[04/34] START High Frequency Vol 50 Index
[04/34] END   High Frequency Vol 50 Index | 0.02s | ARPS WAITING SETUP
    Motivo: m5_structure_break,m1_rejection,m1_strong_close
[05/34] START High Frequency Vol 75 Index
[05/34] END   High Frequency Vol 75 Index | 0.02s | ARPS WAITING SETUP
    Motivo: m5_atr_regime,m5_structure_break,m1_follow_through,m1_strong_close
[06/34] START Vol over Boom 400
[06/34] END   Vol over Boom 400 | 0.03s | ARPS REGIME BLOCKED
    Motivo: SIN_TENDENCIA_M15
[07/34] START Vol over Boom 550
[07/34] END   Vol over Boom 550 | 0.02s | ARPS WAITING SETUP
    Motivo: m5_structure_break,m1_follow_through
[08/34] START Vol over Boom 750
[08/34] END   Vol over Boom 750 | 0.02s | ARPS REGIME BLOCKED
    Motivo: SIN_TENDENCIA_M15
[09/34] START Vol over Crash 400
[09/34] END   Vol over Crash 400 | 0.02s | ARPS REGIME BLOCKED
    Motivo: SIN_TENDENCIA_M15
[10/34] START Vol over Crash 550
[10/34] END   Vol over Crash 550 | 0.03s | ARPS WAITING SETUP
    Motivo: m5_atr_regime,m5_structure_break,m1_rejection,m1_follow_through
[11/34] START Vol over Crash 750
[11/34] END   Vol over Crash 750 | 0.02s | ARPS REGIME BLOCKED
    Motivo: SIN_TENDENCIA_M15
[12/34] START VolSwitch High Vol Index
[12/34] END   VolSwitch High Vol Index | 0.02s | ARPS REGIME BLOCKED
    Motivo: SIN_TENDENCIA_M15
[13/34] START VolSwitch Low Vol Index
[13/34] END   VolSwitch Low Vol Index | 0.02s | ARPS WAITING SETUP
    Motivo: m5_atr_regime,spread_vs_atr,m5_structure_break,m1_rejection,m1_follow_through,m1_strong_close
[14/34] START VolSwitch Medium Vol Index
[14/34] END   VolSwitch Medium Vol Index | 0.02s | ARPS WAITING SETUP
    Motivo: m5_structure_break,m1_rejection
[15/34] START Volatility 10 (1s) Index
[15/34] END   Volatility 10 (1s) Index | 0.02s | ARPS WAITING SETUP
    Motivo: m5_atr_regime,m5_structure_break,m5_pullback,m1_rejection,m1_follow_through
[16/34] START Volatility 10 Index
[16/34] END   Volatility 10 Index | 0.02s | ARPS REGIME BLOCKED
    Motivo: ADX_M15_INSUFICIENTE
[17/34] START Volatility 100 (1s) Index
[17/34] END   Volatility 100 (1s) Index | 0.02s | ARPS REGIME BLOCKED
    Motivo: SIN_TENDENCIA_M15
[18/34] START Volatility 100 Index
[18/34] END   Volatility 100 Index | 0.00s | INSTRUMENTO EN CUARENTENA DE RIESGO
    Motivo: cuarentena temporal por desviación marginal de ejecución
[19/34] START Volatility 15 (1s) Index
[19/34] END   Volatility 15 (1s) Index | 0.02s | ARPS WAITING SETUP
    Motivo: m5_structure_break,m1_rejection,m1_strong_close
[20/34] START Volatility 15 Index
[20/34] END   Volatility 15 Index | 0.02s | ARPS WAITING SETUP
    Motivo: m5_structure_break,m1_rejection,m1_strong_close
[21/34] START Volatility 150 (1s) Index
[21/34] END   Volatility 150 (1s) Index | 0.02s | ARPS WAITING SETUP
    Motivo: spread_vs_atr,m5_structure_break,m5_pullback,m1_strong_close
[22/34] START Volatility 25 (1s) Index
[22/34] END   Volatility 25 (1s) Index | 0.03s | ARPS WAITING SETUP
    Motivo: m1_strong_close
[23/34] START Volatility 25 Index
[23/34] END   Volatility 25 Index | 0.00s | INSTRUMENTO EN CUARENTENA DE RIESGO
    Motivo: cuarentena temporal por desviación marginal de ejecución
[24/34] START Volatility 250 (1s) Index
[24/34] END   Volatility 250 (1s) Index | 0.02s | ARPS WAITING SETUP
    Motivo: spread_vs_atr,m1_follow_through,m1_strong_close
[25/34] START Volatility 30 (1s) Index
[25/34] END   Volatility 30 (1s) Index | 0.00s | INSTRUMENTO EN CUARENTENA DE RIESGO
    Motivo: cuarentena temporal por desviación marginal de ejecución
[26/34] START Volatility 30 Index
[26/34] END   Volatility 30 Index | 0.02s | ARPS WAITING SETUP
    Motivo: m5_atr_regime,m5_structure_break,m1_rejection,m1_strong_close
[27/34] START Volatility 5 (1s) Index
[27/34] END   Volatility 5 (1s) Index | 0.02s | ARPS WAITING SETUP
    Motivo: m5_structure_break,m1_rejection
[28/34] START Volatility 5 Index
[28/34] END   Volatility 5 Index | 0.00s | INSTRUMENTO EN CUARENTENA DE RIESGO
    Motivo: cuarentena de seguridad que requiere revisión manual
[29/34] START Volatility 50 (1s) Index
[29/34] END   Volatility 50 (1s) Index | 0.02s | ARPS WAITING SETUP
    Motivo: m5_structure_break,m1_rejection,m1_follow_through
[30/34] START Volatility 50 Index
[30/34] END   Volatility 50 Index | 0.02s | ARPS WAITING SETUP
    Motivo: m5_atr_regime,m5_structure_break,m1_follow_through,m1_strong_close
[31/34] START Volatility 75 (1s) Index
[31/34] END   Volatility 75 (1s) Index | 0.02s | ARPS REGIME BLOCKED
    Motivo: SIN_TENDENCIA_M15
[32/34] START Volatility 75 Index
[32/34] END   Volatility 75 Index | 0.02s | ARPS WAITING SETUP
    Motivo: m5_structure_break,m1_rejection,m1_follow_through
[33/34] START Volatility 90 (1s) Index
[33/34] END   Volatility 90 (1s) Index | 0.02s | ARPS REGIME BLOCKED
    Motivo: SIN_TENDENCIA_M15
[34/34] START Volatility 90 Index
[34/34] END   Volatility 90 Index | 0.02s | ARPS WAITING SETUP
    Motivo: m5_atr_regime,m5_structure_break,m1_rejection
----------------------------------------------------------------------------------------
RESUMEN DEL CICLO #0059
Símbolos analizados: 34
Sin señal: 0
Esperando/otros: 34
Señales rechazadas: 0
Bloqueadas por estado/límites: 0
Validadas DRY RUN: 0
Nuevas órdenes: 0
Operaciones cerradas sincronizadas: 0
Errores: 0
Duración del ciclo: 0.87s
Intervalo objetivo: 30s
Próximo ciclo en: 29.13s
----------------------------------------------------------------------------------------

========================================================================================
CICLO #0060 | 2026-09-03 13:54:54 UTC | símbolos=0
========================================================================================
----------------------------------------------------------------------------------------
RESUMEN DEL CICLO #0060
Símbolos analizados: 0
Sin señal: 0
Esperando/otros: 0
Señales rechazadas: 0
Bloqueadas por estado/límites: 0
Validadas DRY RUN: 0
Nuevas órdenes: 0
Operaciones cerradas sincronizadas: 0
Errores: 0
Duración del ciclo: 0.07s
Intervalo objetivo: 30s
Próximo ciclo en: 29.93s
----------------------------------------------------------------------------------------

========================================================================================
CICLO #0061 | 2026-09-03 13:55:24 UTC | símbolos=34
========================================================================================
[01/34] START High Frequency Vol 10 Index
[01/34] END   High Frequency Vol 10 Index | 0.02s | ARPS WAITING SETUP
    Motivo: m5_atr_regime,m5_structure_break,m1_rejection
[02/34] START High Frequency Vol 100 Index
[02/34] END   High Frequency Vol 100 Index | 0.02s | ARPS REGIME BLOCKED
    Motivo: SIN_TENDENCIA_M15
[03/34] START High Frequency Vol 25 Index
[03/34] END   High Frequency Vol 25 Index | 0.02s | ARPS REGIME BLOCKED
    Motivo: SIN_TENDENCIA_M15
[04/34] START High Frequency Vol 50 Index
[04/34] END   High Frequency Vol 50 Index | 0.02s | ARPS WAITING SETUP
    Motivo: m5_structure_break,m1_rejection,m1_strong_close
[05/34] START High Frequency Vol 75 Index
[05/34] END   High Frequency Vol 75 Index | 0.02s | ARPS WAITING SETUP
    Motivo: m5_atr_regime,m5_structure_break,m1_rejection,m1_follow_through
[06/34] START Vol over Boom 400
[06/34] END   Vol over Boom 400 | 0.02s | ARPS REGIME BLOCKED
    Motivo: SIN_TENDENCIA_M15
[07/34] START Vol over Boom 550
[07/34] END   Vol over Boom 550 | 0.03s | ARPS WAITING SETUP
    Motivo: m5_structure_break,m1_rejection,m1_strong_close
[08/34] START Vol over Boom 750
[08/34] END   Vol over Boom 750 | 0.02s | ARPS REGIME BLOCKED
    Motivo: SIN_TENDENCIA_M15
[09/34] START Vol over Crash 400
[09/34] END   Vol over Crash 400 | 0.02s | ARPS REGIME BLOCKED
    Motivo: SIN_TENDENCIA_M15
[10/34] START Vol over Crash 550
[10/34] END   Vol over Crash 550 | 0.02s | ARPS WAITING SETUP
    Motivo: m1_rejection,m1_follow_through
[11/34] START Vol over Crash 750
[11/34] END   Vol over Crash 750 | 0.02s | ARPS REGIME BLOCKED
    Motivo: SIN_TENDENCIA_M15
[12/34] START VolSwitch High Vol Index
[12/34] END   VolSwitch High Vol Index | 0.02s | ARPS REGIME BLOCKED
    Motivo: SIN_TENDENCIA_M15
[13/34] START VolSwitch Low Vol Index
[13/34] END   VolSwitch Low Vol Index | 0.02s | ARPS WAITING SETUP
    Motivo: m5_atr_regime,spread_vs_atr,m1_rejection,m1_follow_through
[14/34] START VolSwitch Medium Vol Index
[14/34] END   VolSwitch Medium Vol Index | 0.03s | ARPS WAITING SETUP
    Motivo: m5_structure_break,m1_rejection,m1_follow_through
[15/34] START Volatility 10 (1s) Index
[15/34] END   Volatility 10 (1s) Index | 0.02s | ARPS WAITING SETUP
    Motivo: m5_atr_regime,m5_structure_break,m5_pullback,m1_rejection,m1_strong_close
[16/34] START Volatility 10 Index
[16/34] END   Volatility 10 Index | 0.02s | ARPS REGIME BLOCKED
    Motivo: ADX_M15_INSUFICIENTE
[17/34] START Volatility 100 (1s) Index
[17/34] END   Volatility 100 (1s) Index | 0.02s | ARPS REGIME BLOCKED
    Motivo: SIN_TENDENCIA_M15
[18/34] START Volatility 100 Index
[18/34] END   Volatility 100 Index | 0.00s | INSTRUMENTO EN CUARENTENA DE RIESGO
    Motivo: cuarentena temporal por desviación marginal de ejecución
[19/34] START Volatility 15 (1s) Index
[19/34] END   Volatility 15 (1s) Index | 0.02s | ARPS WAITING SETUP
    Motivo: m5_structure_break,m1_strong_close
[20/34] START Volatility 15 Index
[20/34] END   Volatility 15 Index | 0.02s | ARPS WAITING SETUP
    Motivo: m5_structure_break
[21/34] START Volatility 150 (1s) Index
[21/34] END   Volatility 150 (1s) Index | 0.02s | ARPS WAITING SETUP
    Motivo: spread_vs_atr,m5_structure_break,m5_pullback
[22/34] START Volatility 25 (1s) Index
[22/34] END   Volatility 25 (1s) Index | 0.03s | ARPS WAITING SETUP
    Motivo: m5_atr_regime,m5_structure_break,m1_rejection
[23/34] START Volatility 25 Index
[23/34] END   Volatility 25 Index | 0.00s | INSTRUMENTO EN CUARENTENA DE RIESGO
    Motivo: cuarentena temporal por desviación marginal de ejecución
[24/34] START Volatility 250 (1s) Index
[24/34] END   Volatility 250 (1s) Index | 0.02s | ARPS WAITING SETUP
    Motivo: spread_vs_atr,m5_structure_break,m1_rejection,m1_follow_through
[25/34] START Volatility 30 (1s) Index
[25/34] END   Volatility 30 (1s) Index | 0.00s | INSTRUMENTO EN CUARENTENA DE RIESGO
    Motivo: cuarentena temporal por desviación marginal de ejecución
[26/34] START Volatility 30 Index
[26/34] END   Volatility 30 Index | 0.02s | ARPS WAITING SETUP
    Motivo: m5_atr_regime,m5_structure_break,m1_strong_close
[27/34] START Volatility 5 (1s) Index
[27/34] END   Volatility 5 (1s) Index | 0.02s | ARPS WAITING SETUP
    Motivo: m5_structure_break
[28/34] START Volatility 5 Index
[28/34] END   Volatility 5 Index | 0.00s | INSTRUMENTO EN CUARENTENA DE RIESGO
    Motivo: cuarentena de seguridad que requiere revisión manual
[29/34] START Volatility 50 (1s) Index
[29/34] END   Volatility 50 (1s) Index | 0.03s | ARPS WAITING SETUP
    Motivo: m1_rejection,m1_follow_through,m1_strong_close
[30/34] START Volatility 50 Index
[30/34] END   Volatility 50 Index | 0.03s | ARPS WAITING SETUP
    Motivo: m5_atr_regime,m1_follow_through
[31/34] START Volatility 75 (1s) Index
[31/34] END   Volatility 75 (1s) Index | 0.02s | ARPS REGIME BLOCKED
    Motivo: SIN_TENDENCIA_M15
[32/34] START Volatility 75 Index
[32/34] END   Volatility 75 Index | 0.02s | ARPS WAITING SETUP
    Motivo: m5_structure_break,m5_pullback,m1_rejection,m1_follow_through,m1_strong_close
[33/34] START Volatility 90 (1s) Index
[33/34] END   Volatility 90 (1s) Index | 0.02s | ARPS REGIME BLOCKED
    Motivo: SIN_TENDENCIA_M15
[34/34] START Volatility 90 Index
[34/34] END   Volatility 90 Index | 0.02s | ARPS WAITING SETUP
    Motivo: m1_rejection
----------------------------------------------------------------------------------------
RESUMEN DEL CICLO #0061
Símbolos analizados: 34
Sin señal: 0
Esperando/otros: 34
Señales rechazadas: 0
Bloqueadas por estado/límites: 0
Validadas DRY RUN: 0
Nuevas órdenes: 0
Operaciones cerradas sincronizadas: 0
Errores: 0
Duración del ciclo: 0.83s
Intervalo objetivo: 30s
Próximo ciclo en: 29.17s
----------------------------------------------------------------------------------------

========================================================================================
CICLO #0062 | 2026-09-03 13:55:54 UTC | símbolos=0
========================================================================================
----------------------------------------------------------------------------------------
RESUMEN DEL CICLO #0062
Símbolos analizados: 0
Sin señal: 0
Esperando/otros: 0
Señales rechazadas: 0
Bloqueadas por estado/límites: 0
Validadas DRY RUN: 0
Nuevas órdenes: 0
Operaciones cerradas sincronizadas: 0
Errores: 0
Duración del ciclo: 0.07s
Intervalo objetivo: 30s
Próximo ciclo en: 29.93s
----------------------------------------------------------------------------------------

========================================================================================
CICLO #0063 | 2026-09-03 13:56:24 UTC | símbolos=34
========================================================================================
[01/34] START High Frequency Vol 10 Index
[01/34] END   High Frequency Vol 10 Index | 0.02s | ARPS WAITING SETUP
    Motivo: m5_atr_regime,m5_structure_break,m1_rejection,m1_follow_through,m1_strong_close
[02/34] START High Frequency Vol 100 Index
[02/34] END   High Frequency Vol 100 Index | 0.02s | ARPS REGIME BLOCKED
    Motivo: SIN_TENDENCIA_M15
[03/34] START High Frequency Vol 25 Index
[03/34] END   High Frequency Vol 25 Index | 0.02s | ARPS REGIME BLOCKED
    Motivo: SIN_TENDENCIA_M15
[04/34] START High Frequency Vol 50 Index
[04/34] END   High Frequency Vol 50 Index | 0.02s | ARPS WAITING SETUP
    Motivo: m5_structure_break
[05/34] START High Frequency Vol 75 Index
[05/34] END   High Frequency Vol 75 Index | 0.02s | ARPS WAITING SETUP
    Motivo: m5_atr_regime,m5_structure_break,m1_rejection,m1_strong_close
[06/34] START Vol over Boom 400
[06/34] END   Vol over Boom 400 | 0.02s | ARPS REGIME BLOCKED
    Motivo: SIN_TENDENCIA_M15
[07/34] START Vol over Boom 550
[07/34] END   Vol over Boom 550 | 0.02s | ARPS WAITING SETUP
    Motivo: m5_structure_break
[08/34] START Vol over Boom 750
[08/34] END   Vol over Boom 750 | 0.02s | ARPS REGIME BLOCKED
    Motivo: SIN_TENDENCIA_M15
[09/34] START Vol over Crash 400
[09/34] END   Vol over Crash 400 | 0.02s | ARPS REGIME BLOCKED
    Motivo: SIN_TENDENCIA_M15
[10/34] START Vol over Crash 550
[10/34] END   Vol over Crash 550 | 0.02s | ARPS WAITING SETUP
    Motivo: m1_rejection,m1_follow_through
[11/34] START Vol over Crash 750
[11/34] END   Vol over Crash 750 | 0.02s | ARPS REGIME BLOCKED
    Motivo: SIN_TENDENCIA_M15
[12/34] START VolSwitch High Vol Index
[12/34] END   VolSwitch High Vol Index | 0.02s | ARPS REGIME BLOCKED
    Motivo: SIN_TENDENCIA_M15
[13/34] START VolSwitch Low Vol Index
[13/34] END   VolSwitch Low Vol Index | 0.02s | ARPS WAITING SETUP
    Motivo: m5_atr_regime,spread_vs_atr,m1_rejection,m1_follow_through,m1_strong_close
[14/34] START VolSwitch Medium Vol Index
[14/34] END   VolSwitch Medium Vol Index | 0.02s | ARPS WAITING SETUP
    Motivo: m5_structure_break,m1_rejection,m1_follow_through,m1_strong_close
[15/34] START Volatility 10 (1s) Index
[15/34] END   Volatility 10 (1s) Index | 0.02s | ARPS WAITING SETUP
    Motivo: m5_atr_regime,m5_structure_break,m5_pullback,m1_follow_through,m1_strong_close
[16/34] START Volatility 10 Index
[16/34] END   Volatility 10 Index | 0.02s | ARPS REGIME BLOCKED
    Motivo: ADX_M15_INSUFICIENTE
[17/34] START Volatility 100 (1s) Index
[17/34] END   Volatility 100 (1s) Index | 0.02s | ARPS REGIME BLOCKED
    Motivo: SIN_TENDENCIA_M15
[18/34] START Volatility 100 Index
[18/34] END   Volatility 100 Index | 0.00s | INSTRUMENTO EN CUARENTENA DE RIESGO
    Motivo: cuarentena temporal por desviación marginal de ejecución
[19/34] START Volatility 15 (1s) Index
[19/34] END   Volatility 15 (1s) Index | 0.02s | ARPS WAITING SETUP
    Motivo: m5_structure_break,m1_strong_close
[20/34] START Volatility 15 Index
[20/34] END   Volatility 15 Index | 0.02s | ARPS WAITING SETUP
    Motivo: m5_structure_break,m1_rejection
[21/34] START Volatility 150 (1s) Index
[21/34] END   Volatility 150 (1s) Index | 0.02s | ARPS WAITING SETUP
    Motivo: spread_vs_atr,m5_structure_break,m5_pullback,m1_rejection
[22/34] START Volatility 25 (1s) Index
[22/34] END   Volatility 25 (1s) Index | 0.02s | ARPS WAITING SETUP
    Motivo: m5_atr_regime,m5_structure_break,m1_rejection,m1_follow_through
[23/34] START Volatility 25 Index
[23/34] END   Volatility 25 Index | 0.00s | INSTRUMENTO EN CUARENTENA DE RIESGO
    Motivo: cuarentena temporal por desviación marginal de ejecución
[24/34] START Volatility 250 (1s) Index
[24/34] END   Volatility 250 (1s) Index | 0.02s | ARPS WAITING SETUP
    Motivo: spread_vs_atr,m5_structure_break,m1_rejection,m1_strong_close
[25/34] START Volatility 30 (1s) Index
[25/34] END   Volatility 30 (1s) Index | 0.00s | INSTRUMENTO EN CUARENTENA DE RIESGO
    Motivo: cuarentena temporal por desviación marginal de ejecución
[26/34] START Volatility 30 Index
[26/34] END   Volatility 30 Index | 0.02s | ARPS WAITING SETUP
    Motivo: m5_atr_regime,m5_structure_break,m1_rejection,m1_follow_through,m1_strong_close
[27/34] START Volatility 5 (1s) Index
[27/34] END   Volatility 5 (1s) Index | 0.02s | ARPS WAITING SETUP
    Motivo: m5_structure_break,m1_follow_through,m1_strong_close
[28/34] START Volatility 5 Index
[28/34] END   Volatility 5 Index | 0.00s | INSTRUMENTO EN CUARENTENA DE RIESGO
    Motivo: cuarentena de seguridad que requiere revisión manual
[29/34] START Volatility 50 (1s) Index
[29/34] END   Volatility 50 (1s) Index | 0.02s | ARPS WAITING SETUP
    Motivo: m1_rejection,m1_follow_through,m1_strong_close
[30/34] START Volatility 50 Index
[30/34] END   Volatility 50 Index | 0.02s | ARPS WAITING SETUP
    Motivo: m5_atr_regime,m1_rejection,m1_follow_through
[31/34] START Volatility 75 (1s) Index
[31/34] END   Volatility 75 (1s) Index | 0.02s | ARPS REGIME BLOCKED
    Motivo: SIN_TENDENCIA_M15
[32/34] START Volatility 75 Index
[32/34] END   Volatility 75 Index | 0.02s | ARPS WAITING SETUP
    Motivo: m5_structure_break,m5_pullback,m1_rejection,m1_strong_close
[33/34] START Volatility 90 (1s) Index
[33/34] END   Volatility 90 (1s) Index | 0.02s | ARPS REGIME BLOCKED
    Motivo: SIN_TENDENCIA_M15
[34/34] START Volatility 90 Index
[34/34] END   Volatility 90 Index | 0.02s | ARPS WAITING SETUP
    Motivo: m1_rejection
----------------------------------------------------------------------------------------
RESUMEN DEL CICLO #0063
Símbolos analizados: 34
Sin señal: 0
Esperando/otros: 34
Señales rechazadas: 0
Bloqueadas por estado/límites: 0
Validadas DRY RUN: 0
Nuevas órdenes: 0
Operaciones cerradas sincronizadas: 0
Errores: 0
Duración del ciclo: 0.73s
Intervalo objetivo: 30s
Próximo ciclo en: 29.27s
----------------------------------------------------------------------------------------

========================================================================================
CICLO #0064 | 2026-09-03 13:56:54 UTC | símbolos=0
========================================================================================
----------------------------------------------------------------------------------------
RESUMEN DEL CICLO #0064
Símbolos analizados: 0
Sin señal: 0
Esperando/otros: 0
Señales rechazadas: 0
Bloqueadas por estado/límites: 0
Validadas DRY RUN: 0
Nuevas órdenes: 0
Operaciones cerradas sincronizadas: 0
Errores: 0
Duración del ciclo: 0.07s
Intervalo objetivo: 30s
Próximo ciclo en: 29.93s
----------------------------------------------------------------------------------------

========================================================================================
CICLO #0065 | 2026-09-03 13:57:24 UTC | símbolos=34
========================================================================================
[01/34] START High Frequency Vol 10 Index
[01/34] END   High Frequency Vol 10 Index | 0.03s | ARPS WAITING SETUP
    Motivo: m5_atr_regime,m5_structure_break,m1_rejection,m1_follow_through
[02/34] START High Frequency Vol 100 Index
[02/34] END   High Frequency Vol 100 Index | 0.03s | ARPS REGIME BLOCKED
    Motivo: SIN_TENDENCIA_M15
[03/34] START High Frequency Vol 25 Index
[03/34] END   High Frequency Vol 25 Index | 0.02s | ARPS REGIME BLOCKED
    Motivo: SIN_TENDENCIA_M15
[04/34] START High Frequency Vol 50 Index
[04/34] END   High Frequency Vol 50 Index | 0.02s | ARPS WAITING SETUP
    Motivo: m5_structure_break,m1_rejection
[05/34] START High Frequency Vol 75 Index
[05/34] END   High Frequency Vol 75 Index | 0.03s | ARPS WAITING SETUP
    Motivo: m5_atr_regime,m5_structure_break,m1_strong_close
[06/34] START Vol over Boom 400
[06/34] END   Vol over Boom 400 | 0.02s | ARPS REGIME BLOCKED
    Motivo: SIN_TENDENCIA_M15
[07/34] START Vol over Boom 550
[07/34] END   Vol over Boom 550 | 0.02s | ARPS WAITING SETUP
    Motivo: m5_structure_break,m1_rejection,m1_follow_through
[08/34] START Vol over Boom 750
[08/34] END   Vol over Boom 750 | 0.02s | ARPS REGIME BLOCKED
    Motivo: SIN_TENDENCIA_M15
[09/34] START Vol over Crash 400
[09/34] END   Vol over Crash 400 | 0.02s | ARPS REGIME BLOCKED
    Motivo: SIN_TENDENCIA_M15
[10/34] START Vol over Crash 550
[10/34] END   Vol over Crash 550 | 0.03s | ARPS WAITING SETUP
    Motivo: m1_rejection,m1_follow_through
[11/34] START Vol over Crash 750
[11/34] END   Vol over Crash 750 | 0.02s | ARPS REGIME BLOCKED
    Motivo: SIN_TENDENCIA_M15
[12/34] START VolSwitch High Vol Index
[12/34] END   VolSwitch High Vol Index | 0.02s | ARPS REGIME BLOCKED
    Motivo: SIN_TENDENCIA_M15
[13/34] START VolSwitch Low Vol Index
[13/34] END   VolSwitch Low Vol Index | 0.02s | ARPS WAITING SETUP
    Motivo: m5_atr_regime,spread_vs_atr,m1_rejection
[14/34] START VolSwitch Medium Vol Index
[14/34] END   VolSwitch Medium Vol Index | 0.02s | ARPS WAITING SETUP
    Motivo: m5_structure_break,m1_rejection
[15/34] START Volatility 10 (1s) Index
[15/34] END   Volatility 10 (1s) Index | 0.02s | ARPS WAITING SETUP
    Motivo: m5_atr_regime,m5_structure_break,m5_pullback,m1_rejection,m1_follow_through,m1_strong_close
[16/34] START Volatility 10 Index
[16/34] END   Volatility 10 Index | 0.02s | ARPS REGIME BLOCKED
    Motivo: ADX_M15_INSUFICIENTE
[17/34] START Volatility 100 (1s) Index
[17/34] END   Volatility 100 (1s) Index | 0.02s | ARPS REGIME BLOCKED
    Motivo: SIN_TENDENCIA_M15
[18/34] START Volatility 100 Index
[18/34] END   Volatility 100 Index | 0.00s | INSTRUMENTO EN CUARENTENA DE RIESGO
    Motivo: cuarentena temporal por desviación marginal de ejecución
[19/34] START Volatility 15 (1s) Index
[19/34] END   Volatility 15 (1s) Index | 0.02s | ARPS WAITING SETUP
    Motivo: m5_structure_break,m1_follow_through,m1_strong_close
[20/34] START Volatility 15 Index
[20/34] END   Volatility 15 Index | 0.03s | ARPS WAITING SETUP
    Motivo: m5_structure_break,m1_rejection,m1_follow_through
[21/34] START Volatility 150 (1s) Index
[21/34] END   Volatility 150 (1s) Index | 0.02s | ARPS WAITING SETUP
    Motivo: spread_vs_atr,m5_structure_break,m5_pullback,m1_follow_through
[22/34] START Volatility 25 (1s) Index
[22/34] END   Volatility 25 (1s) Index | 0.02s | ARPS WAITING SETUP
    Motivo: m5_atr_regime,m5_structure_break,m1_rejection,m1_follow_through
[23/34] START Volatility 25 Index
[23/34] END   Volatility 25 Index | 0.00s | INSTRUMENTO EN CUARENTENA DE RIESGO
    Motivo: cuarentena temporal por desviación marginal de ejecución
[24/34] START Volatility 250 (1s) Index
[24/34] END   Volatility 250 (1s) Index | 0.03s | ARPS WAITING SETUP
    Motivo: spread_vs_atr,m5_structure_break,m1_strong_close
[25/34] START Volatility 30 (1s) Index
[25/34] END   Volatility 30 (1s) Index | 0.00s | INSTRUMENTO EN CUARENTENA DE RIESGO
    Motivo: cuarentena temporal por desviación marginal de ejecución
[26/34] START Volatility 30 Index
[26/34] END   Volatility 30 Index | 0.03s | ARPS WAITING SETUP
    Motivo: m5_atr_regime,m5_structure_break,m1_rejection,m1_strong_close
[27/34] START Volatility 5 (1s) Index
[27/34] END   Volatility 5 (1s) Index | 0.02s | ARPS WAITING SETUP
    Motivo: m5_structure_break,m1_rejection,m1_strong_close
[28/34] START Volatility 5 Index
[28/34] END   Volatility 5 Index | 0.00s | INSTRUMENTO EN CUARENTENA DE RIESGO
    Motivo: cuarentena de seguridad que requiere revisión manual
[29/34] START Volatility 50 (1s) Index
[29/34] END   Volatility 50 (1s) Index | 0.02s | ARPS WAITING SETUP
    Motivo: m1_rejection,m1_follow_through
[30/34] START Volatility 50 Index
[30/34] END   Volatility 50 Index | 0.02s | ARPS WAITING SETUP
    Motivo: m5_atr_regime,m1_rejection
[31/34] START Volatility 75 (1s) Index
[31/34] END   Volatility 75 (1s) Index | 0.02s | ARPS REGIME BLOCKED
    Motivo: SIN_TENDENCIA_M15
[32/34] START Volatility 75 Index
[32/34] END   Volatility 75 Index | 0.02s | ARPS WAITING SETUP
    Motivo: m5_structure_break,m5_pullback,m1_follow_through
[33/34] START Volatility 90 (1s) Index
[33/34] END   Volatility 90 (1s) Index | 0.02s | ARPS REGIME BLOCKED
    Motivo: SIN_TENDENCIA_M15
[34/34] START Volatility 90 Index
[34/34] END   Volatility 90 Index | 0.02s | ARPS WAITING SETUP
    Motivo: m1_follow_through
----------------------------------------------------------------------------------------
RESUMEN DEL CICLO #0065
Símbolos analizados: 34
Sin señal: 0
Esperando/otros: 34
Señales rechazadas: 0
Bloqueadas por estado/límites: 0
Validadas DRY RUN: 0
Nuevas órdenes: 0
Operaciones cerradas sincronizadas: 0
Errores: 0
Duración del ciclo: 0.89s
Intervalo objetivo: 30s
Próximo ciclo en: 29.11s
----------------------------------------------------------------------------------------

========================================================================================
CICLO #0066 | 2026-09-03 13:57:54 UTC | símbolos=0
========================================================================================
----------------------------------------------------------------------------------------
RESUMEN DEL CICLO #0066
Símbolos analizados: 0
Sin señal: 0
Esperando/otros: 0
Señales rechazadas: 0
Bloqueadas por estado/límites: 0
Validadas DRY RUN: 0
Nuevas órdenes: 0
Operaciones cerradas sincronizadas: 0
Errores: 0
Duración del ciclo: 0.07s
Intervalo objetivo: 30s
Próximo ciclo en: 29.93s
----------------------------------------------------------------------------------------

========================================================================================
CICLO #0067 | 2026-09-03 13:58:24 UTC | símbolos=34
========================================================================================
[01/34] START High Frequency Vol 10 Index
[01/34] END   High Frequency Vol 10 Index | 0.02s | ARPS WAITING SETUP
    Motivo: m5_atr_regime,m5_structure_break,m1_rejection,m1_follow_through
[02/34] START High Frequency Vol 100 Index
[02/34] END   High Frequency Vol 100 Index | 0.02s | ARPS REGIME BLOCKED
    Motivo: SIN_TENDENCIA_M15
[03/34] START High Frequency Vol 25 Index
[03/34] END   High Frequency Vol 25 Index | 0.02s | ARPS REGIME BLOCKED
    Motivo: SIN_TENDENCIA_M15
[04/34] START High Frequency Vol 50 Index
[04/34] END   High Frequency Vol 50 Index | 0.03s | ARPS WAITING SETUP
    Motivo: m5_structure_break,m1_follow_through
[05/34] START High Frequency Vol 75 Index
[05/34] END   High Frequency Vol 75 Index | 0.02s | ARPS WAITING SETUP
    Motivo: m5_atr_regime,m5_structure_break
[06/34] START Vol over Boom 400
[06/34] END   Vol over Boom 400 | 0.02s | ARPS REGIME BLOCKED
    Motivo: SIN_TENDENCIA_M15
[07/34] START Vol over Boom 550
[07/34] END   Vol over Boom 550 | 0.03s | ARPS WAITING SETUP
    Motivo: m5_structure_break,m1_rejection,m1_follow_through
[08/34] START Vol over Boom 750
[08/34] END   Vol over Boom 750 | 0.02s | ARPS REGIME BLOCKED
    Motivo: SIN_TENDENCIA_M15
[09/34] START Vol over Crash 400
[09/34] END   Vol over Crash 400 | 0.02s | ARPS REGIME BLOCKED
    Motivo: SIN_TENDENCIA_M15
[10/34] START Vol over Crash 550
[10/34] END   Vol over Crash 550 | 0.03s | ARPS WAITING SETUP
    Motivo: m1_rejection,m1_follow_through
[11/34] START Vol over Crash 750
[11/34] END   Vol over Crash 750 | 0.02s | ARPS REGIME BLOCKED
    Motivo: SIN_TENDENCIA_M15
[12/34] START VolSwitch High Vol Index
[12/34] END   VolSwitch High Vol Index | 0.02s | ARPS REGIME BLOCKED
    Motivo: SIN_TENDENCIA_M15
[13/34] START VolSwitch Low Vol Index
[13/34] END   VolSwitch Low Vol Index | 0.02s | ARPS WAITING SETUP
    Motivo: m5_atr_regime,spread_vs_atr,m1_rejection,m1_strong_close
[14/34] START VolSwitch Medium Vol Index
[14/34] END   VolSwitch Medium Vol Index | 0.02s | ARPS WAITING SETUP
    Motivo: m5_structure_break,m1_rejection
[15/34] START Volatility 10 (1s) Index
[15/34] END   Volatility 10 (1s) Index | 0.02s | ARPS WAITING SETUP
    Motivo: m5_atr_regime,m5_structure_break,m5_pullback,m1_follow_through
[16/34] START Volatility 10 Index
[16/34] END   Volatility 10 Index | 0.02s | ARPS REGIME BLOCKED
    Motivo: ADX_M15_INSUFICIENTE
[17/34] START Volatility 100 (1s) Index
[17/34] END   Volatility 100 (1s) Index | 0.02s | ARPS REGIME BLOCKED
    Motivo: SIN_TENDENCIA_M15
[18/34] START Volatility 100 Index
[18/34] END   Volatility 100 Index | 0.00s | INSTRUMENTO EN CUARENTENA DE RIESGO
    Motivo: cuarentena temporal por desviación marginal de ejecución
[19/34] START Volatility 15 (1s) Index
[19/34] END   Volatility 15 (1s) Index | 0.02s | ARPS WAITING SETUP
    Motivo: m5_structure_break,m1_rejection,m1_follow_through
[20/34] START Volatility 15 Index
[20/34] END   Volatility 15 Index | 0.02s | ARPS WAITING SETUP
    Motivo: m5_structure_break,m1_rejection
[21/34] START Volatility 150 (1s) Index
[21/34] END   Volatility 150 (1s) Index | 0.02s | ARPS WAITING SETUP
    Motivo: spread_vs_atr,m5_structure_break,m5_pullback,m1_rejection,m1_follow_through,m1_strong_close
[22/34] START Volatility 25 (1s) Index
[22/34] END   Volatility 25 (1s) Index | 0.02s | ARPS WAITING SETUP
    Motivo: m5_atr_regime,m5_structure_break,m1_rejection,m1_follow_through
[23/34] START Volatility 25 Index
[23/34] END   Volatility 25 Index | 0.00s | INSTRUMENTO EN CUARENTENA DE RIESGO
    Motivo: cuarentena temporal por desviación marginal de ejecución
[24/34] START Volatility 250 (1s) Index
[24/34] END   Volatility 250 (1s) Index | 0.03s | ARPS WAITING SETUP
    Motivo: spread_vs_atr,m5_structure_break,m1_follow_through,m1_strong_close
[25/34] START Volatility 30 (1s) Index
[25/34] END   Volatility 30 (1s) Index | 0.00s | INSTRUMENTO EN CUARENTENA DE RIESGO
    Motivo: cuarentena temporal por desviación marginal de ejecución
[26/34] START Volatility 30 Index
[26/34] END   Volatility 30 Index | 0.02s | ARPS WAITING SETUP
    Motivo: m5_atr_regime,m5_structure_break
[27/34] START Volatility 5 (1s) Index
[27/34] END   Volatility 5 (1s) Index | 0.02s | ARPS WAITING SETUP
    Motivo: m5_structure_break,m1_follow_through,m1_strong_close
[28/34] START Volatility 5 Index
[28/34] END   Volatility 5 Index | 0.00s | INSTRUMENTO EN CUARENTENA DE RIESGO
    Motivo: cuarentena de seguridad que requiere revisión manual
[29/34] START Volatility 50 (1s) Index
[29/34] END   Volatility 50 (1s) Index | 0.03s | ARPS WAITING SETUP
    Motivo: m1_rejection,m1_follow_through
[30/34] START Volatility 50 Index
[30/34] END   Volatility 50 Index | 0.02s | ARPS WAITING SETUP
    Motivo: m5_atr_regime,m1_rejection,m1_strong_close
[31/34] START Volatility 75 (1s) Index
[31/34] END   Volatility 75 (1s) Index | 0.02s | ARPS REGIME BLOCKED
    Motivo: SIN_TENDENCIA_M15
[32/34] START Volatility 75 Index
[32/34] END   Volatility 75 Index | 0.03s | ARPS WAITING SETUP
    Motivo: m5_structure_break,m5_pullback,m1_rejection
[33/34] START Volatility 90 (1s) Index
[33/34] END   Volatility 90 (1s) Index | 0.02s | ARPS REGIME BLOCKED
    Motivo: SIN_TENDENCIA_M15
[34/34] START Volatility 90 Index
[34/34] END   Volatility 90 Index | 0.03s | ARPS WAITING SETUP
    Motivo: m1_rejection
----------------------------------------------------------------------------------------
RESUMEN DEL CICLO #0067
Símbolos analizados: 34
Sin señal: 0
Esperando/otros: 34
Señales rechazadas: 0
Bloqueadas por estado/límites: 0
Validadas DRY RUN: 0
Nuevas órdenes: 0
Operaciones cerradas sincronizadas: 0
Errores: 0
Duración del ciclo: 0.83s
Intervalo objetivo: 30s
Próximo ciclo en: 29.17s
----------------------------------------------------------------------------------------

========================================================================================
CICLO #0068 | 2026-09-03 13:58:54 UTC | símbolos=0
========================================================================================
----------------------------------------------------------------------------------------
RESUMEN DEL CICLO #0068
Símbolos analizados: 0
Sin señal: 0
Esperando/otros: 0
Señales rechazadas: 0
Bloqueadas por estado/límites: 0
Validadas DRY RUN: 0
Nuevas órdenes: 0
Operaciones cerradas sincronizadas: 0
Errores: 0
Duración del ciclo: 0.09s
Intervalo objetivo: 30s
Próximo ciclo en: 29.91s
----------------------------------------------------------------------------------------

========================================================================================
CICLO #0069 | 2026-09-03 13:59:24 UTC | símbolos=34
========================================================================================
[01/34] START High Frequency Vol 10 Index
[01/34] END   High Frequency Vol 10 Index | 0.02s | ARPS WAITING SETUP
    Motivo: m5_atr_regime,m5_structure_break,m1_rejection
[02/34] START High Frequency Vol 100 Index
[02/34] END   High Frequency Vol 100 Index | 0.02s | ARPS REGIME BLOCKED
    Motivo: SIN_TENDENCIA_M15
[03/34] START High Frequency Vol 25 Index
[03/34] END   High Frequency Vol 25 Index | 0.02s | ARPS REGIME BLOCKED
    Motivo: SIN_TENDENCIA_M15
[04/34] START High Frequency Vol 50 Index
[04/34] END   High Frequency Vol 50 Index | 0.02s | ARPS WAITING SETUP
    Motivo: m5_structure_break,m1_rejection,m1_follow_through
[05/34] START High Frequency Vol 75 Index
[05/34] END   High Frequency Vol 75 Index | 0.02s | ARPS WAITING SETUP
    Motivo: m5_atr_regime,m5_structure_break,m1_rejection,m1_follow_through
[06/34] START Vol over Boom 400
[06/34] END   Vol over Boom 400 | 0.02s | ARPS REGIME BLOCKED
    Motivo: SIN_TENDENCIA_M15
[07/34] START Vol over Boom 550
[07/34] END   Vol over Boom 550 | 0.02s | ARPS WAITING SETUP
    Motivo: m5_structure_break,m1_rejection,m1_follow_through
[08/34] START Vol over Boom 750
[08/34] END   Vol over Boom 750 | 0.02s | ARPS REGIME BLOCKED
    Motivo: SIN_TENDENCIA_M15
[09/34] START Vol over Crash 400
[09/34] END   Vol over Crash 400 | 0.02s | ARPS REGIME BLOCKED
    Motivo: SIN_TENDENCIA_M15
[10/34] START Vol over Crash 550
[10/34] END   Vol over Crash 550 | 0.02s | ARPS WAITING SETUP
    Motivo: m1_rejection,m1_follow_through
[11/34] START Vol over Crash 750
[11/34] END   Vol over Crash 750 | 0.02s | ARPS REGIME BLOCKED
    Motivo: SIN_TENDENCIA_M15
[12/34] START VolSwitch High Vol Index
[12/34] END   VolSwitch High Vol Index | 0.02s | ARPS REGIME BLOCKED
    Motivo: SIN_TENDENCIA_M15
[13/34] START VolSwitch Low Vol Index
[13/34] END   VolSwitch Low Vol Index | 0.03s | ARPS WAITING SETUP
    Motivo: m5_atr_regime,spread_vs_atr,m1_strong_close
[14/34] START VolSwitch Medium Vol Index
[14/34] END   VolSwitch Medium Vol Index | 0.03s | ARPS WAITING SETUP
    Motivo: m5_structure_break
[15/34] START Volatility 10 (1s) Index
[15/34] END   Volatility 10 (1s) Index | 0.03s | ARPS WAITING SETUP
    Motivo: m5_atr_regime,m5_structure_break,m5_pullback,m1_rejection,m1_strong_close
[16/34] START Volatility 10 Index
[16/34] END   Volatility 10 Index | 0.02s | ARPS REGIME BLOCKED
    Motivo: ADX_M15_INSUFICIENTE
[17/34] START Volatility 100 (1s) Index
[17/34] END   Volatility 100 (1s) Index | 0.02s | ARPS REGIME BLOCKED
    Motivo: SIN_TENDENCIA_M15
[18/34] START Volatility 100 Index
[18/34] END   Volatility 100 Index | 0.00s | INSTRUMENTO EN CUARENTENA DE RIESGO
    Motivo: cuarentena temporal por desviación marginal de ejecución
[19/34] START Volatility 15 (1s) Index
[19/34] END   Volatility 15 (1s) Index | 0.02s | ARPS WAITING SETUP
    Motivo: m5_structure_break,m1_rejection,m1_strong_close
[20/34] START Volatility 15 Index
[20/34] END   Volatility 15 Index | 0.02s | ARPS WAITING SETUP
    Motivo: m5_structure_break,m1_rejection,m1_follow_through
[21/34] START Volatility 150 (1s) Index
[21/34] END   Volatility 150 (1s) Index | 0.03s | ARPS WAITING SETUP
    Motivo: spread_vs_atr,m5_structure_break,m5_pullback,m1_rejection
[22/34] START Volatility 25 (1s) Index
[22/34] END   Volatility 25 (1s) Index | 0.03s | ARPS WAITING SETUP
    Motivo: m5_atr_regime,m5_structure_break,m1_rejection,m1_strong_close
[23/34] START Volatility 25 Index
[23/34] END   Volatility 25 Index | 0.00s | INSTRUMENTO EN CUARENTENA DE RIESGO
    Motivo: cuarentena temporal por desviación marginal de ejecución
[24/34] START Volatility 250 (1s) Index
[24/34] END   Volatility 250 (1s) Index | 0.03s | ARPS WAITING SETUP
    Motivo: spread_vs_atr,m5_structure_break,m1_rejection,m1_strong_close
[25/34] START Volatility 30 (1s) Index
[25/34] END   Volatility 30 (1s) Index | 0.00s | INSTRUMENTO EN CUARENTENA DE RIESGO
    Motivo: cuarentena temporal por desviación marginal de ejecución
[26/34] START Volatility 30 Index
[26/34] END   Volatility 30 Index | 0.03s | ARPS WAITING SETUP
    Motivo: m5_atr_regime,m5_structure_break,m1_rejection
[27/34] START Volatility 5 (1s) Index
[27/34] END   Volatility 5 (1s) Index | 0.02s | ARPS WAITING SETUP
    Motivo: m5_structure_break,m1_rejection
[28/34] START Volatility 5 Index
[28/34] END   Volatility 5 Index | 0.00s | INSTRUMENTO EN CUARENTENA DE RIESGO
    Motivo: cuarentena de seguridad que requiere revisión manual
[29/34] START Volatility 50 (1s) Index
[29/34] END   Volatility 50 (1s) Index | 0.02s | ARPS WAITING SETUP
    Motivo: m1_rejection,m1_follow_through
[30/34] START Volatility 50 Index
[30/34] END   Volatility 50 Index | 0.02s | ARPS WAITING SETUP
    Motivo: m5_atr_regime,m1_follow_through
[31/34] START Volatility 75 (1s) Index
[31/34] END   Volatility 75 (1s) Index | 0.02s | ARPS REGIME BLOCKED
    Motivo: SIN_TENDENCIA_M15
[32/34] START Volatility 75 Index
[32/34] END   Volatility 75 Index | 0.02s | ARPS WAITING SETUP
    Motivo: m5_structure_break,m5_pullback,m1_rejection,m1_follow_through,m1_strong_close
[33/34] START Volatility 90 (1s) Index
[33/34] END   Volatility 90 (1s) Index | 0.02s | ARPS REGIME BLOCKED
    Motivo: SIN_TENDENCIA_M15
[34/34] START Volatility 90 Index
[34/34] END   Volatility 90 Index | 0.02s | ARPS WAITING SETUP
    Motivo: m1_rejection,m1_strong_close
----------------------------------------------------------------------------------------
RESUMEN DEL CICLO #0069
Símbolos analizados: 34
Sin señal: 0
Esperando/otros: 34
Señales rechazadas: 0
Bloqueadas por estado/límites: 0
Validadas DRY RUN: 0
Nuevas órdenes: 0
Operaciones cerradas sincronizadas: 0
Errores: 0
Duración del ciclo: 0.87s
Intervalo objetivo: 30s
Próximo ciclo en: 29.13s
----------------------------------------------------------------------------------------

========================================================================================
CICLO #0070 | 2026-09-03 13:59:54 UTC | símbolos=0
========================================================================================
----------------------------------------------------------------------------------------
RESUMEN DEL CICLO #0070
Símbolos analizados: 0
Sin señal: 0
Esperando/otros: 0
Señales rechazadas: 0
Bloqueadas por estado/límites: 0
Validadas DRY RUN: 0
Nuevas órdenes: 0
Operaciones cerradas sincronizadas: 0
Errores: 0
Duración del ciclo: 0.07s
Intervalo objetivo: 30s
Próximo ciclo en: 29.93s
----------------------------------------------------------------------------------------

========================================================================================
CICLO #0071 | 2026-09-03 14:00:24 UTC | símbolos=34
========================================================================================
[01/34] START High Frequency Vol 10 Index
[01/34] END   High Frequency Vol 10 Index | 0.08s | ARPS WAITING SETUP
    Motivo: m5_atr_regime,m5_structure_break,m1_rejection,m1_follow_through,m1_strong_close
[02/34] START High Frequency Vol 100 Index
[02/34] END   High Frequency Vol 100 Index | 0.05s | ARPS REGIME BLOCKED
    Motivo: SIN_TENDENCIA_M15
[03/34] START High Frequency Vol 25 Index
[03/34] END   High Frequency Vol 25 Index | 0.04s | ARPS REGIME BLOCKED
    Motivo: SIN_TENDENCIA_M15
[04/34] START High Frequency Vol 50 Index
[04/34] END   High Frequency Vol 50 Index | 0.05s | ARPS WAITING SETUP
    Motivo: m5_structure_break,m1_rejection,m1_follow_through,m1_strong_close
[05/34] START High Frequency Vol 75 Index
[05/34] END   High Frequency Vol 75 Index | 0.05s | ARPS WAITING SETUP
    Motivo: m5_atr_regime,m5_structure_break,m1_rejection,m1_strong_close
[06/34] START Vol over Boom 400
[06/34] END   Vol over Boom 400 | 0.04s | ARPS REGIME BLOCKED
    Motivo: SIN_TENDENCIA_M15
[07/34] START Vol over Boom 550
[07/34] END   Vol over Boom 550 | 0.04s | ARPS WAITING SETUP
    Motivo: m5_structure_break,m1_rejection,m1_follow_through
[08/34] START Vol over Boom 750
[08/34] END   Vol over Boom 750 | 0.04s | ARPS REGIME BLOCKED
    Motivo: SIN_TENDENCIA_M15
[09/34] START Vol over Crash 400
[09/34] END   Vol over Crash 400 | 0.04s | ARPS REGIME BLOCKED
    Motivo: SIN_TENDENCIA_M15
[10/34] START Vol over Crash 550
[10/34] END   Vol over Crash 550 | 0.05s | ARPS WAITING SETUP
    Motivo: m5_structure_break,m1_rejection
[11/34] START Vol over Crash 750
[11/34] END   Vol over Crash 750 | 0.03s | ARPS REGIME BLOCKED
    Motivo: SIN_TENDENCIA_M15
[12/34] START VolSwitch High Vol Index
[12/34] END   VolSwitch High Vol Index | 0.08s | ARPS WAITING SETUP
    Motivo: m5_atr_regime,spread_vs_atr,m5_structure_break,m1_rejection,m1_strong_close
[13/34] START VolSwitch Low Vol Index
[13/34] END   VolSwitch Low Vol Index | 0.04s | ARPS WAITING SETUP
    Motivo: m5_atr_regime,spread_vs_atr,m5_structure_break,m1_follow_through,m1_strong_close
[14/34] START VolSwitch Medium Vol Index
[14/34] END   VolSwitch Medium Vol Index | 0.05s | ARPS WAITING SETUP
    Motivo: m5_structure_break,m1_rejection,m1_strong_close
[15/34] START Volatility 10 (1s) Index
[15/34] END   Volatility 10 (1s) Index | 0.04s | ARPS WAITING SETUP
    Motivo: m5_atr_regime,m5_structure_break,m5_pullback,m1_rejection
[16/34] START Volatility 10 Index
[16/34] END   Volatility 10 Index | 0.04s | ARPS REGIME BLOCKED
    Motivo: ADX_M15_INSUFICIENTE
[17/34] START Volatility 100 (1s) Index
[17/34] END   Volatility 100 (1s) Index | 0.04s | ARPS REGIME BLOCKED
    Motivo: SIN_TENDENCIA_M15
[18/34] START Volatility 100 Index
[18/34] END   Volatility 100 Index | 0.01s | INSTRUMENTO EN CUARENTENA DE RIESGO
    Motivo: cuarentena temporal por desviación marginal de ejecución
[19/34] START Volatility 15 (1s) Index
[19/34] END   Volatility 15 (1s) Index | 0.05s | ARPS WAITING SETUP
    Motivo: m5_atr_regime,m5_structure_break,m1_rejection,m1_follow_through
[20/34] START Volatility 15 Index
[20/34] END   Volatility 15 Index | 0.05s | ARPS WAITING SETUP
    Motivo: m5_structure_break,m1_rejection,m1_follow_through
[21/34] START Volatility 150 (1s) Index
[21/34] END   Volatility 150 (1s) Index | 0.04s | ARPS WAITING SETUP
    Motivo: spread_vs_atr,m5_structure_break,m5_pullback,m1_follow_through
[22/34] START Volatility 25 (1s) Index
[22/34] END   Volatility 25 (1s) Index | 0.04s | ARPS WAITING SETUP
    Motivo: m5_atr_regime
[23/34] START Volatility 25 Index
[23/34] END   Volatility 25 Index | 0.01s | INSTRUMENTO EN CUARENTENA DE RIESGO
    Motivo: cuarentena temporal por desviación marginal de ejecución
[24/34] START Volatility 250 (1s) Index
[24/34] END   Volatility 250 (1s) Index | 0.05s | ARPS WAITING SETUP
    Motivo: spread_vs_atr,m5_structure_break,m1_rejection,m1_strong_close
[25/34] START Volatility 30 (1s) Index
[25/34] END   Volatility 30 (1s) Index | 0.01s | INSTRUMENTO EN CUARENTENA DE RIESGO
    Motivo: cuarentena temporal por desviación marginal de ejecución
[26/34] START Volatility 30 Index
[26/34] END   Volatility 30 Index | 0.04s | ARPS WAITING SETUP
    Motivo: m5_atr_regime,m5_structure_break,m1_strong_close
[27/34] START Volatility 5 (1s) Index
[27/34] END   Volatility 5 (1s) Index | 0.05s | ARPS WAITING SETUP
    Motivo: m5_structure_break,m1_strong_close
[28/34] START Volatility 5 Index
[28/34] END   Volatility 5 Index | 0.01s | INSTRUMENTO EN CUARENTENA DE RIESGO
    Motivo: cuarentena de seguridad que requiere revisión manual
[29/34] START Volatility 50 (1s) Index
[29/34] END   Volatility 50 (1s) Index | 0.04s | ARPS WAITING SETUP
    Motivo: m5_structure_break,m1_rejection
[30/34] START Volatility 50 Index
[30/34] END   Volatility 50 Index | 0.04s | ARPS WAITING SETUP
    Motivo: m5_atr_regime,m5_structure_break,m1_rejection,m1_strong_close
[31/34] START Volatility 75 (1s) Index
[31/34] END   Volatility 75 (1s) Index | 0.04s | ARPS REGIME BLOCKED
    Motivo: SIN_TENDENCIA_M15
[32/34] START Volatility 75 Index
[32/34] END   Volatility 75 Index | 0.04s | ARPS WAITING SETUP
    Motivo: m5_structure_break,m5_pullback,m1_rejection,m1_strong_close
[33/34] START Volatility 90 (1s) Index
[33/34] END   Volatility 90 (1s) Index | 0.04s | ARPS REGIME BLOCKED
    Motivo: SIN_TENDENCIA_M15
[34/34] START Volatility 90 Index
[34/34] END   Volatility 90 Index | 0.04s | ARPS WAITING SETUP
    Motivo: m5_pullback,m1_follow_through
----------------------------------------------------------------------------------------
RESUMEN DEL CICLO #0071
Símbolos analizados: 34
Sin señal: 0
Esperando/otros: 34
Señales rechazadas: 0
Bloqueadas por estado/límites: 0
Validadas DRY RUN: 0
Nuevas órdenes: 0
Operaciones cerradas sincronizadas: 0
Errores: 0
Duración del ciclo: 1.74s
Intervalo objetivo: 30s
Próximo ciclo en: 28.26s
----------------------------------------------------------------------------------------

========================================================================================
CICLO #0072 | 2026-09-03 14:00:54 UTC | símbolos=0
========================================================================================
----------------------------------------------------------------------------------------
RESUMEN DEL CICLO #0072
Símbolos analizados: 0
Sin señal: 0
Esperando/otros: 0
Señales rechazadas: 0
Bloqueadas por estado/límites: 0
Validadas DRY RUN: 0
Nuevas órdenes: 0
Operaciones cerradas sincronizadas: 0
Errores: 0
Duración del ciclo: 0.08s
Intervalo objetivo: 30s
Próximo ciclo en: 29.92s
----------------------------------------------------------------------------------------

========================================================================================
CICLO #0073 | 2026-09-03 14:01:24 UTC | símbolos=34
========================================================================================
[01/34] START High Frequency Vol 10 Index
[01/34] END   High Frequency Vol 10 Index | 0.02s | ARPS WAITING SETUP
    Motivo: m5_atr_regime,m5_structure_break,m1_rejection
[02/34] START High Frequency Vol 100 Index
[02/34] END   High Frequency Vol 100 Index | 0.02s | ARPS REGIME BLOCKED
    Motivo: SIN_TENDENCIA_M15
[03/34] START High Frequency Vol 25 Index
[03/34] END   High Frequency Vol 25 Index | 0.02s | ARPS REGIME BLOCKED
    Motivo: SIN_TENDENCIA_M15
[04/34] START High Frequency Vol 50 Index
[04/34] END   High Frequency Vol 50 Index | 0.02s | ARPS WAITING SETUP
    Motivo: m5_structure_break,m1_rejection,m1_follow_through,m1_strong_close
[05/34] START High Frequency Vol 75 Index
[05/34] END   High Frequency Vol 75 Index | 0.02s | ARPS WAITING SETUP
    Motivo: m5_atr_regime,m5_structure_break,m1_rejection,m1_follow_through,m1_strong_close
[06/34] START Vol over Boom 400
[06/34] END   Vol over Boom 400 | 0.02s | ARPS REGIME BLOCKED
    Motivo: SIN_TENDENCIA_M15
[07/34] START Vol over Boom 550
[07/34] END   Vol over Boom 550 | 0.02s | ARPS WAITING SETUP
    Motivo: m5_structure_break,m1_rejection,m1_follow_through
[08/34] START Vol over Boom 750
[08/34] END   Vol over Boom 750 | 0.02s | ARPS REGIME BLOCKED
    Motivo: SIN_TENDENCIA_M15
[09/34] START Vol over Crash 400
[09/34] END   Vol over Crash 400 | 0.02s | ARPS REGIME BLOCKED
    Motivo: SIN_TENDENCIA_M15
[10/34] START Vol over Crash 550
[10/34] END   Vol over Crash 550 | 0.02s | ARPS WAITING SETUP
    Motivo: m5_structure_break,m1_follow_through,m1_strong_close
[11/34] START Vol over Crash 750
[11/34] END   Vol over Crash 750 | 0.02s | ARPS REGIME BLOCKED
    Motivo: SIN_TENDENCIA_M15
[12/34] START VolSwitch High Vol Index
[12/34] END   VolSwitch High Vol Index | 0.02s | ARPS WAITING SETUP
    Motivo: m5_atr_regime,spread_vs_atr,m5_structure_break,m1_follow_through
[13/34] START VolSwitch Low Vol Index
[13/34] END   VolSwitch Low Vol Index | 0.02s | ARPS WAITING SETUP
    Motivo: m5_atr_regime,spread_vs_atr,m5_structure_break,m1_rejection
[14/34] START VolSwitch Medium Vol Index
[14/34] END   VolSwitch Medium Vol Index | 0.02s | ARPS WAITING SETUP
    Motivo: m5_structure_break,m1_follow_through
[15/34] START Volatility 10 (1s) Index
[15/34] END   Volatility 10 (1s) Index | 0.02s | ARPS WAITING SETUP
    Motivo: m5_atr_regime,m5_structure_break,m5_pullback,m1_follow_through,m1_strong_close
[16/34] START Volatility 10 Index
[16/34] END   Volatility 10 Index | 0.02s | ARPS REGIME BLOCKED
    Motivo: ADX_M15_INSUFICIENTE
[17/34] START Volatility 100 (1s) Index
[17/34] END   Volatility 100 (1s) Index | 0.02s | ARPS REGIME BLOCKED
    Motivo: SIN_TENDENCIA_M15
[18/34] START Volatility 100 Index
[18/34] END   Volatility 100 Index | 0.00s | INSTRUMENTO EN CUARENTENA DE RIESGO
    Motivo: cuarentena temporal por desviación marginal de ejecución
[19/34] START Volatility 15 (1s) Index
[19/34] END   Volatility 15 (1s) Index | 0.02s | ARPS WAITING SETUP
    Motivo: m5_atr_regime,m5_structure_break,m1_rejection,m1_follow_through
[20/34] START Volatility 15 Index
[20/34] END   Volatility 15 Index | 0.02s | ARPS WAITING SETUP
    Motivo: m5_structure_break,m1_rejection,m1_follow_through
[21/34] START Volatility 150 (1s) Index
[21/34] END   Volatility 150 (1s) Index | 0.02s | ARPS WAITING SETUP
    Motivo: spread_vs_atr,m5_structure_break,m5_pullback,m1_rejection,m1_follow_through
[22/34] START Volatility 25 (1s) Index
[22/34] END   Volatility 25 (1s) Index | 0.02s | ARPS WAITING SETUP
    Motivo: m5_atr_regime,m1_rejection
[23/34] START Volatility 25 Index
[23/34] END   Volatility 25 Index | 0.00s | INSTRUMENTO EN CUARENTENA DE RIESGO
    Motivo: cuarentena temporal por desviación marginal de ejecución
[24/34] START Volatility 250 (1s) Index
[24/34] END   Volatility 250 (1s) Index | 0.02s | ARPS WAITING SETUP
    Motivo: spread_vs_atr,m5_structure_break,m1_rejection,m1_follow_through,m1_strong_close
[25/34] START Volatility 30 (1s) Index
[25/34] END   Volatility 30 (1s) Index | 0.00s | INSTRUMENTO EN CUARENTENA DE RIESGO
    Motivo: cuarentena temporal por desviación marginal de ejecución
[26/34] START Volatility 30 Index
[26/34] END   Volatility 30 Index | 0.02s | ARPS WAITING SETUP
    Motivo: m5_atr_regime,m5_structure_break,m1_strong_close
[27/34] START Volatility 5 (1s) Index
[27/34] END   Volatility 5 (1s) Index | 0.02s | ARPS WAITING SETUP
    Motivo: m5_structure_break
[28/34] START Volatility 5 Index
[28/34] END   Volatility 5 Index | 0.00s | INSTRUMENTO EN CUARENTENA DE RIESGO
    Motivo: cuarentena de seguridad que requiere revisión manual
[29/34] START Volatility 50 (1s) Index
[29/34] END   Volatility 50 (1s) Index | 0.02s | ARPS WAITING SETUP
    Motivo: m5_structure_break,m1_rejection,m1_follow_through
[30/34] START Volatility 50 Index
[30/34] END   Volatility 50 Index | 0.02s | ARPS WAITING SETUP
    Motivo: m5_atr_regime,m5_structure_break,m1_follow_through
[31/34] START Volatility 75 (1s) Index
[31/34] END   Volatility 75 (1s) Index | 0.02s | ARPS REGIME BLOCKED
    Motivo: SIN_TENDENCIA_M15
[32/34] START Volatility 75 Index
[32/34] END   Volatility 75 Index | 0.02s | ARPS WAITING SETUP
    Motivo: m5_structure_break,m5_pullback,m1_follow_through
[33/34] START Volatility 90 (1s) Index
[33/34] END   Volatility 90 (1s) Index | 0.02s | ARPS REGIME BLOCKED
    Motivo: SIN_TENDENCIA_M15
[34/34] START Volatility 90 Index
[34/34] END   Volatility 90 Index | 0.02s | ARPS WAITING SETUP
    Motivo: m5_pullback,m1_rejection,m1_follow_through
----------------------------------------------------------------------------------------
RESUMEN DEL CICLO #0073
Símbolos analizados: 34
Sin señal: 0
Esperando/otros: 34
Señales rechazadas: 0
Bloqueadas por estado/límites: 0
Validadas DRY RUN: 0
Nuevas órdenes: 0
Operaciones cerradas sincronizadas: 0
Errores: 0
Duración del ciclo: 0.76s
Intervalo objetivo: 30s
Próximo ciclo en: 29.24s
----------------------------------------------------------------------------------------

========================================================================================
CICLO #0074 | 2026-09-03 14:01:54 UTC | símbolos=0
========================================================================================
----------------------------------------------------------------------------------------
RESUMEN DEL CICLO #0074
Símbolos analizados: 0
Sin señal: 0
Esperando/otros: 0
Señales rechazadas: 0
Bloqueadas por estado/límites: 0
Validadas DRY RUN: 0
Nuevas órdenes: 0
Operaciones cerradas sincronizadas: 0
Errores: 0
Duración del ciclo: 0.07s
Intervalo objetivo: 30s
Próximo ciclo en: 29.93s
----------------------------------------------------------------------------------------

========================================================================================
CICLO #0075 | 2026-09-03 14:02:24 UTC | símbolos=34
========================================================================================
[01/34] START High Frequency Vol 10 Index
[01/34] END   High Frequency Vol 10 Index | 0.02s | ARPS WAITING SETUP
    Motivo: m5_atr_regime,m5_structure_break,m1_rejection,m1_follow_through,m1_strong_close
[02/34] START High Frequency Vol 100 Index
[02/34] END   High Frequency Vol 100 Index | 0.02s | ARPS REGIME BLOCKED
    Motivo: SIN_TENDENCIA_M15
[03/34] START High Frequency Vol 25 Index
[03/34] END   High Frequency Vol 25 Index | 0.02s | ARPS REGIME BLOCKED
    Motivo: SIN_TENDENCIA_M15
[04/34] START High Frequency Vol 50 Index
[04/34] END   High Frequency Vol 50 Index | 0.02s | ARPS WAITING SETUP
    Motivo: m5_structure_break,m1_rejection,m1_follow_through
[05/34] START High Frequency Vol 75 Index
[05/34] END   High Frequency Vol 75 Index | 0.02s | ARPS WAITING SETUP
    Motivo: m5_atr_regime,m5_structure_break,m1_rejection
[06/34] START Vol over Boom 400
[06/34] END   Vol over Boom 400 | 0.02s | ARPS REGIME BLOCKED
    Motivo: SIN_TENDENCIA_M15
[07/34] START Vol over Boom 550
[07/34] END   Vol over Boom 550 | 0.03s | ARPS WAITING SETUP
    Motivo: m5_structure_break,m1_rejection,m1_follow_through
[08/34] START Vol over Boom 750
[08/34] END   Vol over Boom 750 | 0.02s | ARPS REGIME BLOCKED
    Motivo: SIN_TENDENCIA_M15
[09/34] START Vol over Crash 400
[09/34] END   Vol over Crash 400 | 0.02s | ARPS REGIME BLOCKED
    Motivo: SIN_TENDENCIA_M15
[10/34] START Vol over Crash 550
[10/34] END   Vol over Crash 550 | 0.03s | ARPS WAITING SETUP
    Motivo: m5_structure_break,m1_rejection,m1_follow_through
[11/34] START Vol over Crash 750
[11/34] END   Vol over Crash 750 | 0.03s | ARPS REGIME BLOCKED
    Motivo: SIN_TENDENCIA_M15
[12/34] START VolSwitch High Vol Index
[12/34] END   VolSwitch High Vol Index | 0.02s | ARPS WAITING SETUP
    Motivo: m5_atr_regime,spread_vs_atr,m5_structure_break,m1_rejection,m1_follow_through,m1_strong_close
[13/34] START VolSwitch Low Vol Index
[13/34] END   VolSwitch Low Vol Index | 0.02s | ARPS WAITING SETUP
    Motivo: m5_atr_regime,spread_vs_atr,m5_structure_break,m1_rejection,m1_follow_through
[14/34] START VolSwitch Medium Vol Index
[14/34] END   VolSwitch Medium Vol Index | 0.02s | ARPS WAITING SETUP
    Motivo: m5_structure_break,m1_rejection,m1_follow_through
[15/34] START Volatility 10 (1s) Index
[15/34] END   Volatility 10 (1s) Index | 0.02s | ARPS WAITING SETUP
    Motivo: m5_atr_regime,m5_structure_break,m5_pullback,m1_rejection,m1_follow_through
[16/34] START Volatility 10 Index
[16/34] END   Volatility 10 Index | 0.02s | ARPS REGIME BLOCKED
    Motivo: ADX_M15_INSUFICIENTE
[17/34] START Volatility 100 (1s) Index
[17/34] END   Volatility 100 (1s) Index | 0.02s | ARPS REGIME BLOCKED
    Motivo: SIN_TENDENCIA_M15
[18/34] START Volatility 100 Index
[18/34] END   Volatility 100 Index | 0.00s | INSTRUMENTO EN CUARENTENA DE RIESGO
    Motivo: cuarentena temporal por desviación marginal de ejecución
[19/34] START Volatility 15 (1s) Index
[19/34] END   Volatility 15 (1s) Index | 0.02s | ARPS WAITING SETUP
    Motivo: m5_atr_regime,m5_structure_break,m1_rejection
[20/34] START Volatility 15 Index
[20/34] END   Volatility 15 Index | 0.02s | ARPS WAITING SETUP
    Motivo: m5_structure_break,m1_rejection,m1_strong_close
[21/34] START Volatility 150 (1s) Index
[21/34] END   Volatility 150 (1s) Index | 0.02s | ARPS WAITING SETUP
    Motivo: spread_vs_atr,m5_structure_break,m5_pullback,m1_rejection
[22/34] START Volatility 25 (1s) Index
[22/34] END   Volatility 25 (1s) Index | 0.02s | ARPS WAITING SETUP
    Motivo: m5_atr_regime,m1_follow_through
[23/34] START Volatility 25 Index
[23/34] END   Volatility 25 Index | 0.00s | INSTRUMENTO EN CUARENTENA DE RIESGO
    Motivo: cuarentena temporal por desviación marginal de ejecución
[24/34] START Volatility 250 (1s) Index
[24/34] END   Volatility 250 (1s) Index | 0.02s | ARPS WAITING SETUP
    Motivo: spread_vs_atr,m5_structure_break,m1_rejection
[25/34] START Volatility 30 (1s) Index
[25/34] END   Volatility 30 (1s) Index | 0.00s | INSTRUMENTO EN CUARENTENA DE RIESGO
    Motivo: cuarentena temporal por desviación marginal de ejecución
[26/34] START Volatility 30 Index
[26/34] END   Volatility 30 Index | 0.02s | ARPS WAITING SETUP
    Motivo: m5_atr_regime,m5_structure_break
[27/34] START Volatility 5 (1s) Index
[27/34] END   Volatility 5 (1s) Index | 0.03s | ARPS WAITING SETUP
    Motivo: m5_structure_break,m1_rejection,m1_strong_close
[28/34] START Volatility 5 Index
[28/34] END   Volatility 5 Index | 0.00s | INSTRUMENTO EN CUARENTENA DE RIESGO
    Motivo: cuarentena de seguridad que requiere revisión manual
[29/34] START Volatility 50 (1s) Index
[29/34] END   Volatility 50 (1s) Index | 0.03s | ARPS WAITING SETUP
    Motivo: m5_structure_break,m1_rejection,m1_strong_close
[30/34] START Volatility 50 Index
[30/34] END   Volatility 50 Index | 0.03s | ARPS WAITING SETUP
    Motivo: m5_atr_regime,m5_structure_break,m1_rejection,m1_follow_through
[31/34] START Volatility 75 (1s) Index
[31/34] END   Volatility 75 (1s) Index | 0.02s | ARPS REGIME BLOCKED
    Motivo: SIN_TENDENCIA_M15
[32/34] START Volatility 75 Index
[32/34] END   Volatility 75 Index | 0.03s | ARPS WAITING SETUP
    Motivo: m5_structure_break,m5_pullback,m1_rejection,m1_follow_through
[33/34] START Volatility 90 (1s) Index
[33/34] END   Volatility 90 (1s) Index | 0.02s | ARPS REGIME BLOCKED
    Motivo: SIN_TENDENCIA_M15
[34/34] START Volatility 90 Index
[34/34] END   Volatility 90 Index | 0.03s | ARPS WAITING SETUP
    Motivo: m5_pullback,m1_rejection,m1_follow_through
----------------------------------------------------------------------------------------
RESUMEN DEL CICLO #0075
Símbolos analizados: 34
Sin señal: 0
Esperando/otros: 34
Señales rechazadas: 0
Bloqueadas por estado/límites: 0
Validadas DRY RUN: 0
Nuevas órdenes: 0
Operaciones cerradas sincronizadas: 0
Errores: 0
Duración del ciclo: 0.90s
Intervalo objetivo: 30s
Próximo ciclo en: 29.10s
----------------------------------------------------------------------------------------

========================================================================================
CICLO #0076 | 2026-09-03 14:02:54 UTC | símbolos=0
========================================================================================
----------------------------------------------------------------------------------------
RESUMEN DEL CICLO #0076
Símbolos analizados: 0
Sin señal: 0
Esperando/otros: 0
Señales rechazadas: 0
Bloqueadas por estado/límites: 0
Validadas DRY RUN: 0
Nuevas órdenes: 0
Operaciones cerradas sincronizadas: 0
Errores: 0
Duración del ciclo: 0.10s
Intervalo objetivo: 30s
Próximo ciclo en: 29.90s
----------------------------------------------------------------------------------------

========================================================================================
CICLO #0077 | 2026-09-03 14:03:24 UTC | símbolos=34
========================================================================================
[01/34] START High Frequency Vol 10 Index
[01/34] END   High Frequency Vol 10 Index | 0.02s | ARPS WAITING SETUP
    Motivo: m5_atr_regime,m5_structure_break,m1_rejection,m1_follow_through,m1_strong_close
[02/34] START High Frequency Vol 100 Index
[02/34] END   High Frequency Vol 100 Index | 0.02s | ARPS REGIME BLOCKED
    Motivo: SIN_TENDENCIA_M15
[03/34] START High Frequency Vol 25 Index
[03/34] END   High Frequency Vol 25 Index | 0.02s | ARPS REGIME BLOCKED
    Motivo: SIN_TENDENCIA_M15
[04/34] START High Frequency Vol 50 Index
[04/34] END   High Frequency Vol 50 Index | 0.02s | ARPS WAITING SETUP
    Motivo: m5_structure_break,m1_rejection,m1_follow_through,m1_strong_close
[05/34] START High Frequency Vol 75 Index
[05/34] END   High Frequency Vol 75 Index | 0.02s | ARPS WAITING SETUP
    Motivo: m5_atr_regime,m5_structure_break,m1_follow_through
[06/34] START Vol over Boom 400
[06/34] END   Vol over Boom 400 | 0.02s | ARPS REGIME BLOCKED
    Motivo: SIN_TENDENCIA_M15
[07/34] START Vol over Boom 550
[07/34] END   Vol over Boom 550 | 0.03s | ARPS WAITING SETUP
    Motivo: m5_structure_break,m1_rejection,m1_follow_through,m1_strong_close
[08/34] START Vol over Boom 750
[08/34] END   Vol over Boom 750 | 0.02s | ARPS REGIME BLOCKED
    Motivo: SIN_TENDENCIA_M15
[09/34] START Vol over Crash 400
[09/34] END   Vol over Crash 400 | 0.02s | ARPS REGIME BLOCKED
    Motivo: SIN_TENDENCIA_M15
[10/34] START Vol over Crash 550
[10/34] END   Vol over Crash 550 | 0.03s | ARPS WAITING SETUP
    Motivo: m5_structure_break,m1_rejection
[11/34] START Vol over Crash 750
[11/34] END   Vol over Crash 750 | 0.02s | ARPS REGIME BLOCKED
    Motivo: SIN_TENDENCIA_M15
[12/34] START VolSwitch High Vol Index
[12/34] END   VolSwitch High Vol Index | 0.03s | ARPS WAITING SETUP
    Motivo: m5_atr_regime,spread_vs_atr,m5_structure_break,m1_rejection,m1_strong_close
[13/34] START VolSwitch Low Vol Index
[13/34] END   VolSwitch Low Vol Index | 0.03s | ARPS WAITING SETUP
    Motivo: m5_atr_regime,spread_vs_atr,m5_structure_break,m1_rejection,m1_follow_through,m1_strong_close
[14/34] START VolSwitch Medium Vol Index
[14/34] END   VolSwitch Medium Vol Index | 0.03s | ARPS WAITING SETUP
    Motivo: spread_vs_atr,m5_structure_break,m1_rejection,m1_follow_through
[15/34] START Volatility 10 (1s) Index
[15/34] END   Volatility 10 (1s) Index | 0.03s | ARPS WAITING SETUP
    Motivo: m5_atr_regime,m5_structure_break,m5_pullback,m1_rejection
[16/34] START Volatility 10 Index
[16/34] END   Volatility 10 Index | 0.03s | ARPS REGIME BLOCKED
    Motivo: ADX_M15_INSUFICIENTE
[17/34] START Volatility 100 (1s) Index
[17/34] END   Volatility 100 (1s) Index | 0.02s | ARPS REGIME BLOCKED
    Motivo: SIN_TENDENCIA_M15
[18/34] START Volatility 100 Index
[18/34] END   Volatility 100 Index | 0.00s | INSTRUMENTO EN CUARENTENA DE RIESGO
    Motivo: cuarentena temporal por desviación marginal de ejecución
[19/34] START Volatility 15 (1s) Index
[19/34] END   Volatility 15 (1s) Index | 0.03s | ARPS WAITING SETUP
    Motivo: m5_atr_regime,m5_structure_break,m1_rejection
[20/34] START Volatility 15 Index
[20/34] END   Volatility 15 Index | 0.02s | ARPS WAITING SETUP
    Motivo: m5_structure_break,m1_follow_through
[21/34] START Volatility 150 (1s) Index
[21/34] END   Volatility 150 (1s) Index | 0.02s | ARPS WAITING SETUP
    Motivo: spread_vs_atr,m5_structure_break,m5_pullback,m1_rejection,m1_strong_close
[22/34] START Volatility 25 (1s) Index
[22/34] END   Volatility 25 (1s) Index | 0.03s | ARPS WAITING SETUP
    Motivo: m5_atr_regime,m1_rejection
[23/34] START Volatility 25 Index
[23/34] END   Volatility 25 Index | 0.00s | INSTRUMENTO EN CUARENTENA DE RIESGO
    Motivo: cuarentena temporal por desviación marginal de ejecución
[24/34] START Volatility 250 (1s) Index
[24/34] END   Volatility 250 (1s) Index | 0.03s | ARPS WAITING SETUP
    Motivo: spread_vs_atr,m5_structure_break,m1_rejection,m1_follow_through
[25/34] START Volatility 30 (1s) Index
[25/34] END   Volatility 30 (1s) Index | 0.00s | INSTRUMENTO EN CUARENTENA DE RIESGO
    Motivo: cuarentena temporal por desviación marginal de ejecución
[26/34] START Volatility 30 Index
[26/34] END   Volatility 30 Index | 0.02s | ARPS WAITING SETUP
    Motivo: m5_atr_regime,m5_structure_break,m1_rejection
[27/34] START Volatility 5 (1s) Index
[27/34] END   Volatility 5 (1s) Index | 0.02s | ARPS WAITING SETUP
    Motivo: m5_structure_break,m1_follow_through
[28/34] START Volatility 5 Index
[28/34] END   Volatility 5 Index | 0.00s | INSTRUMENTO EN CUARENTENA DE RIESGO
    Motivo: cuarentena de seguridad que requiere revisión manual
[29/34] START Volatility 50 (1s) Index
[29/34] END   Volatility 50 (1s) Index | 0.03s | ARPS WAITING SETUP
    Motivo: m5_structure_break,m1_rejection,m1_strong_close
[30/34] START Volatility 50 Index
[30/34] END   Volatility 50 Index | 0.02s | ARPS WAITING SETUP
    Motivo: m5_atr_regime,m5_structure_break,m1_rejection,m1_strong_close
[31/34] START Volatility 75 (1s) Index
[31/34] END   Volatility 75 (1s) Index | 0.02s | ARPS REGIME BLOCKED
    Motivo: SIN_TENDENCIA_M15
[32/34] START Volatility 75 Index
[32/34] END   Volatility 75 Index | 0.03s | ARPS WAITING SETUP
    Motivo: m5_structure_break,m5_pullback,m1_rejection,m1_strong_close
[33/34] START Volatility 90 (1s) Index
[33/34] END   Volatility 90 (1s) Index | 0.02s | ARPS REGIME BLOCKED
    Motivo: SIN_TENDENCIA_M15
[34/34] START Volatility 90 Index
[34/34] END   Volatility 90 Index | 0.03s | ARPS WAITING SETUP
    Motivo: m5_pullback,m1_rejection
----------------------------------------------------------------------------------------
RESUMEN DEL CICLO #0077
Símbolos analizados: 34
Sin señal: 0
Esperando/otros: 34
Señales rechazadas: 0
Bloqueadas por estado/límites: 0
Validadas DRY RUN: 0
Nuevas órdenes: 0
Operaciones cerradas sincronizadas: 0
Errores: 0
Duración del ciclo: 0.95s
Intervalo objetivo: 30s
Próximo ciclo en: 29.05s
----------------------------------------------------------------------------------------

========================================================================================
CICLO #0078 | 2026-09-03 14:03:54 UTC | símbolos=0
========================================================================================
----------------------------------------------------------------------------------------
RESUMEN DEL CICLO #0078
Símbolos analizados: 0
Sin señal: 0
Esperando/otros: 0
Señales rechazadas: 0
Bloqueadas por estado/límites: 0
Validadas DRY RUN: 0
Nuevas órdenes: 0
Operaciones cerradas sincronizadas: 0
Errores: 0
Duración del ciclo: 0.07s
Intervalo objetivo: 30s
Próximo ciclo en: 29.93s
----------------------------------------------------------------------------------------

========================================================================================
CICLO #0079 | 2026-09-03 14:04:24 UTC | símbolos=34
========================================================================================
[01/34] START High Frequency Vol 10 Index
[01/34] END   High Frequency Vol 10 Index | 0.02s | ARPS WAITING SETUP
    Motivo: m5_atr_regime,m5_structure_break,m1_rejection,m1_follow_through,m1_strong_close
[02/34] START High Frequency Vol 100 Index
[02/34] END   High Frequency Vol 100 Index | 0.02s | ARPS REGIME BLOCKED
    Motivo: SIN_TENDENCIA_M15
[03/34] START High Frequency Vol 25 Index
[03/34] END   High Frequency Vol 25 Index | 0.02s | ARPS REGIME BLOCKED
    Motivo: SIN_TENDENCIA_M15
[04/34] START High Frequency Vol 50 Index
[04/34] END   High Frequency Vol 50 Index | 0.03s | ARPS WAITING SETUP
    Motivo: m5_structure_break,m1_rejection,m1_follow_through,m1_strong_close
[05/34] START High Frequency Vol 75 Index
[05/34] END   High Frequency Vol 75 Index | 0.03s | ARPS WAITING SETUP
    Motivo: m5_atr_regime,m5_structure_break,m1_rejection,m1_follow_through,m1_strong_close
[06/34] START Vol over Boom 400
[06/34] END   Vol over Boom 400 | 0.02s | ARPS REGIME BLOCKED
    Motivo: SIN_TENDENCIA_M15
[07/34] START Vol over Boom 550
[07/34] END   Vol over Boom 550 | 0.03s | ARPS WAITING SETUP
    Motivo: m5_structure_break,m1_rejection,m1_follow_through
[08/34] START Vol over Boom 750
[08/34] END   Vol over Boom 750 | 0.02s | ARPS REGIME BLOCKED
    Motivo: SIN_TENDENCIA_M15
[09/34] START Vol over Crash 400
[09/34] END   Vol over Crash 400 | 0.02s | ARPS REGIME BLOCKED
    Motivo: SIN_TENDENCIA_M15
[10/34] START Vol over Crash 550
[10/34] END   Vol over Crash 550 | 0.02s | ARPS WAITING SETUP
    Motivo: m5_structure_break,m1_rejection,m1_strong_close
[11/34] START Vol over Crash 750
[11/34] END   Vol over Crash 750 | 0.02s | ARPS REGIME BLOCKED
    Motivo: SIN_TENDENCIA_M15
[12/34] START VolSwitch High Vol Index
[12/34] END   VolSwitch High Vol Index | 0.02s | ARPS WAITING SETUP
    Motivo: m5_atr_regime,spread_vs_atr,m5_structure_break,m1_follow_through,m1_strong_close
[13/34] START VolSwitch Low Vol Index
[13/34] END   VolSwitch Low Vol Index | 0.03s | ARPS WAITING SETUP
    Motivo: m5_atr_regime,spread_vs_atr,m5_structure_break,m1_rejection,m1_follow_through
[14/34] START VolSwitch Medium Vol Index
[14/34] END   VolSwitch Medium Vol Index | 0.03s | ARPS WAITING SETUP
    Motivo: spread_vs_atr,m5_structure_break,m1_rejection
[15/34] START Volatility 10 (1s) Index
[15/34] END   Volatility 10 (1s) Index | 0.02s | ARPS WAITING SETUP
    Motivo: m5_atr_regime,m5_structure_break,m5_pullback,m1_rejection
[16/34] START Volatility 10 Index
[16/34] END   Volatility 10 Index | 0.02s | ARPS REGIME BLOCKED
    Motivo: ADX_M15_INSUFICIENTE
[17/34] START Volatility 100 (1s) Index
[17/34] END   Volatility 100 (1s) Index | 0.02s | ARPS REGIME BLOCKED
    Motivo: SIN_TENDENCIA_M15
[18/34] START Volatility 100 Index
[18/34] END   Volatility 100 Index | 0.00s | INSTRUMENTO EN CUARENTENA DE RIESGO
    Motivo: cuarentena temporal por desviación marginal de ejecución
[19/34] START Volatility 15 (1s) Index
[19/34] END   Volatility 15 (1s) Index | 0.03s | ARPS WAITING SETUP
    Motivo: m5_atr_regime,m5_structure_break
[20/34] START Volatility 15 Index
[20/34] END   Volatility 15 Index | 0.03s | ARPS WAITING SETUP
    Motivo: m5_structure_break,m1_rejection,m1_follow_through
[21/34] START Volatility 150 (1s) Index
[21/34] END   Volatility 150 (1s) Index | 0.03s | ARPS WAITING SETUP
    Motivo: spread_vs_atr,m5_structure_break,m5_pullback,m1_follow_through,m1_strong_close
[22/34] START Volatility 25 (1s) Index
[22/34] END   Volatility 25 (1s) Index | 0.02s | ARPS WAITING SETUP
    Motivo: m5_atr_regime,m1_rejection,m1_follow_through
[23/34] START Volatility 25 Index
[23/34] END   Volatility 25 Index | 0.00s | INSTRUMENTO EN CUARENTENA DE RIESGO
    Motivo: cuarentena temporal por desviación marginal de ejecución
[24/34] START Volatility 250 (1s) Index
[24/34] END   Volatility 250 (1s) Index | 0.02s | ARPS WAITING SETUP
    Motivo: spread_vs_atr,m5_structure_break,m1_rejection,m1_follow_through
[25/34] START Volatility 30 (1s) Index
[25/34] END   Volatility 30 (1s) Index | 0.00s | INSTRUMENTO EN CUARENTENA DE RIESGO
    Motivo: cuarentena temporal por desviación marginal de ejecución
[26/34] START Volatility 30 Index
[26/34] END   Volatility 30 Index | 0.02s | ARPS WAITING SETUP
    Motivo: m5_atr_regime,m5_structure_break,m1_strong_close
[27/34] START Volatility 5 (1s) Index
[27/34] END   Volatility 5 (1s) Index | 0.02s | ARPS WAITING SETUP
    Motivo: m5_structure_break,m1_rejection,m1_strong_close
[28/34] START Volatility 5 Index
[28/34] END   Volatility 5 Index | 0.00s | INSTRUMENTO EN CUARENTENA DE RIESGO
    Motivo: cuarentena de seguridad que requiere revisión manual
[29/34] START Volatility 50 (1s) Index
[29/34] END   Volatility 50 (1s) Index | 0.03s | ARPS WAITING SETUP
    Motivo: m5_structure_break
[30/34] START Volatility 50 Index
[30/34] END   Volatility 50 Index | 0.03s | ARPS WAITING SETUP
    Motivo: m5_atr_regime,m5_structure_break,m1_rejection
[31/34] START Volatility 75 (1s) Index
[31/34] END   Volatility 75 (1s) Index | 0.02s | ARPS REGIME BLOCKED
    Motivo: SIN_TENDENCIA_M15
[32/34] START Volatility 75 Index
[32/34] END   Volatility 75 Index | 0.03s | ARPS WAITING SETUP
    Motivo: m5_structure_break,m5_pullback,m1_strong_close
[33/34] START Volatility 90 (1s) Index
[33/34] END   Volatility 90 (1s) Index | 0.02s | ARPS REGIME BLOCKED
    Motivo: SIN_TENDENCIA_M15
[34/34] START Volatility 90 Index
[34/34] END   Volatility 90 Index | 0.02s | ARPS WAITING SETUP
    Motivo: m5_pullback,m1_strong_close
----------------------------------------------------------------------------------------
RESUMEN DEL CICLO #0079
Símbolos analizados: 34
Sin señal: 0
Esperando/otros: 34
Señales rechazadas: 0
Bloqueadas por estado/límites: 0
Validadas DRY RUN: 0
Nuevas órdenes: 0
Operaciones cerradas sincronizadas: 0
Errores: 0
Duración del ciclo: 0.91s
Intervalo objetivo: 30s
Próximo ciclo en: 29.09s
----------------------------------------------------------------------------------------

========================================================================================
CICLO #0080 | 2026-09-03 14:04:54 UTC | símbolos=0
========================================================================================
----------------------------------------------------------------------------------------
RESUMEN DEL CICLO #0080
Símbolos analizados: 0
Sin señal: 0
Esperando/otros: 0
Señales rechazadas: 0
Bloqueadas por estado/límites: 0
Validadas DRY RUN: 0
Nuevas órdenes: 0
Operaciones cerradas sincronizadas: 0
Errores: 0
Duración del ciclo: 0.08s
Intervalo objetivo: 30s
Próximo ciclo en: 29.92s
----------------------------------------------------------------------------------------

========================================================================================
CICLO #0081 | 2026-09-03 14:05:24 UTC | símbolos=34
========================================================================================
[01/34] START High Frequency Vol 10 Index
[01/34] END   High Frequency Vol 10 Index | 0.02s | ARPS WAITING SETUP
    Motivo: m5_atr_regime,m5_structure_break,m1_rejection,m1_follow_through
[02/34] START High Frequency Vol 100 Index
[02/34] END   High Frequency Vol 100 Index | 0.02s | ARPS REGIME BLOCKED
    Motivo: SIN_TENDENCIA_M15
[03/34] START High Frequency Vol 25 Index
[03/34] END   High Frequency Vol 25 Index | 0.02s | ARPS REGIME BLOCKED
    Motivo: SIN_TENDENCIA_M15
[04/34] START High Frequency Vol 50 Index
[04/34] END   High Frequency Vol 50 Index | 0.03s | ARPS WAITING SETUP
    Motivo: m5_atr_regime,m5_structure_break,m1_rejection,m1_strong_close
[05/34] START High Frequency Vol 75 Index
[05/34] END   High Frequency Vol 75 Index | 0.02s | ARPS WAITING SETUP
    Motivo: m5_atr_regime,m5_structure_break,m1_rejection,m1_follow_through,m1_strong_close
[06/34] START Vol over Boom 400
[06/34] END   Vol over Boom 400 | 0.02s | ARPS REGIME BLOCKED
    Motivo: SIN_TENDENCIA_M15
[07/34] START Vol over Boom 550
[07/34] END   Vol over Boom 550 | 0.02s | ARPS WAITING SETUP
    Motivo: m5_structure_break,m1_rejection,m1_follow_through,m1_strong_close
[08/34] START Vol over Boom 750
[08/34] END   Vol over Boom 750 | 0.02s | ARPS REGIME BLOCKED
    Motivo: SIN_TENDENCIA_M15
[09/34] START Vol over Crash 400
[09/34] END   Vol over Crash 400 | 0.02s | ARPS REGIME BLOCKED
    Motivo: SIN_TENDENCIA_M15
[10/34] START Vol over Crash 550
[10/34] END   Vol over Crash 550 | 0.02s | ARPS WAITING SETUP
    Motivo: m5_structure_break,m1_follow_through
[11/34] START Vol over Crash 750
[11/34] END   Vol over Crash 750 | 0.02s | ARPS REGIME BLOCKED
    Motivo: SIN_TENDENCIA_M15
[12/34] START VolSwitch High Vol Index
[12/34] END   VolSwitch High Vol Index | 0.02s | ARPS WAITING SETUP
    Motivo: m5_atr_regime,spread_vs_atr,m1_rejection,m1_strong_close
[13/34] START VolSwitch Low Vol Index
[13/34] END   VolSwitch Low Vol Index | 0.02s | ARPS WAITING SETUP
    Motivo: m5_atr_regime,spread_vs_atr,m5_structure_break,m1_rejection
[14/34] START VolSwitch Medium Vol Index
[14/34] END   VolSwitch Medium Vol Index | 0.03s | ARPS WAITING SETUP
    Motivo: spread_vs_atr,m5_structure_break
[15/34] START Volatility 10 (1s) Index
[15/34] END   Volatility 10 (1s) Index | 0.02s | ARPS WAITING SETUP
    Motivo: m5_atr_regime,m5_structure_break,m5_pullback,m1_rejection,m1_follow_through
[16/34] START Volatility 10 Index
[16/34] END   Volatility 10 Index | 0.02s | ARPS REGIME BLOCKED
    Motivo: ADX_M15_INSUFICIENTE
[17/34] START Volatility 100 (1s) Index
[17/34] END   Volatility 100 (1s) Index | 0.02s | ARPS REGIME BLOCKED
    Motivo: SIN_TENDENCIA_M15
[18/34] START Volatility 100 Index
[18/34] END   Volatility 100 Index | 0.00s | INSTRUMENTO EN CUARENTENA DE RIESGO
    Motivo: cuarentena temporal por desviación marginal de ejecución
[19/34] START Volatility 15 (1s) Index
[19/34] END   Volatility 15 (1s) Index | 0.02s | ARPS WAITING SETUP
    Motivo: m5_structure_break,m1_rejection,m1_follow_through
[20/34] START Volatility 15 Index
[20/34] END   Volatility 15 Index | 0.03s | ARPS WAITING SETUP
    Motivo: m5_structure_break,m1_rejection
[21/34] START Volatility 150 (1s) Index
[21/34] END   Volatility 150 (1s) Index | 0.02s | ARPS WAITING SETUP
    Motivo: spread_vs_atr,m5_structure_break,m5_pullback,m1_rejection,m1_follow_through,m1_strong_close
[22/34] START Volatility 25 (1s) Index
[22/34] END   Volatility 25 (1s) Index | 0.02s | ARPS WAITING SETUP
    Motivo: m5_atr_regime,m5_structure_break,m1_rejection,m1_follow_through
[23/34] START Volatility 25 Index
[23/34] END   Volatility 25 Index | 0.00s | INSTRUMENTO EN CUARENTENA DE RIESGO
    Motivo: cuarentena temporal por desviación marginal de ejecución
[24/34] START Volatility 250 (1s) Index
[24/34] END   Volatility 250 (1s) Index | 0.03s | ARPS WAITING SETUP
    Motivo: spread_vs_atr,m5_structure_break,m1_rejection,m1_follow_through,m1_strong_close
[25/34] START Volatility 30 (1s) Index
[25/34] END   Volatility 30 (1s) Index | 0.00s | INSTRUMENTO EN CUARENTENA DE RIESGO
    Motivo: cuarentena temporal por desviación marginal de ejecución
[26/34] START Volatility 30 Index
[26/34] END   Volatility 30 Index | 0.03s | ARPS WAITING SETUP
    Motivo: m5_pullback
[27/34] START Volatility 5 (1s) Index
[27/34] END   Volatility 5 (1s) Index | 0.02s | ARPS WAITING SETUP
    Motivo: m5_structure_break,m1_follow_through,m1_strong_close
[28/34] START Volatility 5 Index
[28/34] END   Volatility 5 Index | 0.00s | INSTRUMENTO EN CUARENTENA DE RIESGO
    Motivo: cuarentena de seguridad que requiere revisión manual
[29/34] START Volatility 50 (1s) Index
[29/34] END   Volatility 50 (1s) Index | 0.02s | ARPS WAITING SETUP
    Motivo: m5_structure_break,m1_rejection,m1_strong_close
[30/34] START Volatility 50 Index
[30/34] END   Volatility 50 Index | 0.02s | ARPS WAITING SETUP
    Motivo: m5_atr_regime,m5_structure_break
[31/34] START Volatility 75 (1s) Index
[31/34] END   Volatility 75 (1s) Index | 0.02s | ARPS REGIME BLOCKED
    Motivo: SIN_TENDENCIA_M15
[32/34] START Volatility 75 Index
[32/34] END   Volatility 75 Index | 0.03s | ARPS WAITING SETUP
    Motivo: m5_structure_break,m5_pullback,m1_strong_close
[33/34] START Volatility 90 (1s) Index
[33/34] END   Volatility 90 (1s) Index | 0.02s | ARPS REGIME BLOCKED
    Motivo: SIN_TENDENCIA_M15
[34/34] START Volatility 90 Index
[34/34] END   Volatility 90 Index | 0.02s | ARPS WAITING SETUP
    Motivo: m5_structure_break,m1_follow_through,m1_strong_close
----------------------------------------------------------------------------------------
RESUMEN DEL CICLO #0081
Símbolos analizados: 34
Sin señal: 0
Esperando/otros: 34
Señales rechazadas: 0
Bloqueadas por estado/límites: 0
Validadas DRY RUN: 0
Nuevas órdenes: 0
Operaciones cerradas sincronizadas: 0
Errores: 0
Duración del ciclo: 0.87s
Intervalo objetivo: 30s
Próximo ciclo en: 29.13s
----------------------------------------------------------------------------------------

========================================================================================
CICLO #0082 | 2026-09-03 14:05:54 UTC | símbolos=0
========================================================================================
----------------------------------------------------------------------------------------
RESUMEN DEL CICLO #0082
Símbolos analizados: 0
Sin señal: 0
Esperando/otros: 0
Señales rechazadas: 0
Bloqueadas por estado/límites: 0
Validadas DRY RUN: 0
Nuevas órdenes: 0
Operaciones cerradas sincronizadas: 0
Errores: 0
Duración del ciclo: 0.06s
Intervalo objetivo: 30s
Próximo ciclo en: 29.94s
----------------------------------------------------------------------------------------

========================================================================================
CICLO #0083 | 2026-09-03 14:06:24 UTC | símbolos=34
========================================================================================
[01/34] START High Frequency Vol 10 Index
[01/34] END   High Frequency Vol 10 Index | 0.02s | ARPS WAITING SETUP
    Motivo: m5_atr_regime,m5_structure_break,m1_rejection,m1_follow_through
[02/34] START High Frequency Vol 100 Index
[02/34] END   High Frequency Vol 100 Index | 0.02s | ARPS REGIME BLOCKED
    Motivo: SIN_TENDENCIA_M15
[03/34] START High Frequency Vol 25 Index
[03/34] END   High Frequency Vol 25 Index | 0.02s | ARPS REGIME BLOCKED
    Motivo: SIN_TENDENCIA_M15
[04/34] START High Frequency Vol 50 Index
[04/34] END   High Frequency Vol 50 Index | 0.02s | ARPS WAITING SETUP
    Motivo: m5_atr_regime,m5_structure_break
[05/34] START High Frequency Vol 75 Index
[05/34] END   High Frequency Vol 75 Index | 0.02s | ARPS WAITING SETUP
    Motivo: m5_atr_regime,m5_structure_break,m1_rejection,m1_strong_close
[06/34] START Vol over Boom 400
[06/34] END   Vol over Boom 400 | 0.02s | ARPS REGIME BLOCKED
    Motivo: SIN_TENDENCIA_M15
[07/34] START Vol over Boom 550
[07/34] END   Vol over Boom 550 | 0.02s | ARPS WAITING SETUP
    Motivo: m5_structure_break,m1_rejection,m1_follow_through
[08/34] START Vol over Boom 750
[08/34] END   Vol over Boom 750 | 0.02s | ARPS REGIME BLOCKED
    Motivo: SIN_TENDENCIA_M15
[09/34] START Vol over Crash 400
[09/34] END   Vol over Crash 400 | 0.02s | ARPS REGIME BLOCKED
    Motivo: SIN_TENDENCIA_M15
[10/34] START Vol over Crash 550
[10/34] END   Vol over Crash 550 | 0.02s | ARPS WAITING SETUP
    Motivo: m5_structure_break,m1_rejection,m1_follow_through,m1_strong_close
[11/34] START Vol over Crash 750
[11/34] END   Vol over Crash 750 | 0.02s | ARPS REGIME BLOCKED
    Motivo: SIN_TENDENCIA_M15
[12/34] START VolSwitch High Vol Index
[12/34] END   VolSwitch High Vol Index | 0.02s | ARPS WAITING SETUP
    Motivo: m5_atr_regime,spread_vs_atr,m1_follow_through
[13/34] START VolSwitch Low Vol Index
[13/34] END   VolSwitch Low Vol Index | 0.02s | ARPS WAITING SETUP
    Motivo: m5_atr_regime,spread_vs_atr,m5_structure_break,m1_rejection
[14/34] START VolSwitch Medium Vol Index
[14/34] END   VolSwitch Medium Vol Index | 0.02s | ARPS WAITING SETUP
    Motivo: m5_structure_break,m1_rejection,m1_follow_through
[15/34] START Volatility 10 (1s) Index
[15/34] END   Volatility 10 (1s) Index | 0.02s | ARPS WAITING SETUP
    Motivo: m5_atr_regime,m5_structure_break,m5_pullback,m1_rejection,m1_follow_through
[16/34] START Volatility 10 Index
[16/34] END   Volatility 10 Index | 0.02s | ARPS REGIME BLOCKED
    Motivo: ADX_M15_INSUFICIENTE
[17/34] START Volatility 100 (1s) Index
[17/34] END   Volatility 100 (1s) Index | 0.02s | ARPS REGIME BLOCKED
    Motivo: SIN_TENDENCIA_M15
[18/34] START Volatility 100 Index
[18/34] END   Volatility 100 Index | 0.00s | INSTRUMENTO EN CUARENTENA DE RIESGO
    Motivo: cuarentena temporal por desviación marginal de ejecución
[19/34] START Volatility 15 (1s) Index
[19/34] END   Volatility 15 (1s) Index | 0.02s | ARPS WAITING SETUP
    Motivo: m5_structure_break,m1_rejection
[20/34] START Volatility 15 Index
[20/34] END   Volatility 15 Index | 0.02s | ARPS WAITING SETUP
    Motivo: m5_structure_break,m1_rejection
[21/34] START Volatility 150 (1s) Index
[21/34] END   Volatility 150 (1s) Index | 0.02s | ARPS WAITING SETUP
    Motivo: spread_vs_atr,m5_structure_break,m5_pullback,m1_rejection,m1_strong_close
[22/34] START Volatility 25 (1s) Index
[22/34] END   Volatility 25 (1s) Index | 0.02s | ARPS WAITING SETUP
    Motivo: m5_atr_regime,m5_structure_break,m1_rejection,m1_follow_through
[23/34] START Volatility 25 Index
[23/34] END   Volatility 25 Index | 0.00s | INSTRUMENTO EN CUARENTENA DE RIESGO
    Motivo: cuarentena temporal por desviación marginal de ejecución
[24/34] START Volatility 250 (1s) Index
[24/34] END   Volatility 250 (1s) Index | 0.02s | ARPS WAITING SETUP
    Motivo: spread_vs_atr,m5_structure_break,m1_rejection,m1_strong_close
[25/34] START Volatility 30 (1s) Index
[25/34] END   Volatility 30 (1s) Index | 0.00s | INSTRUMENTO EN CUARENTENA DE RIESGO
    Motivo: cuarentena temporal por desviación marginal de ejecución
[26/34] START Volatility 30 Index
[26/34] END   Volatility 30 Index | 0.02s | ARPS WAITING SETUP
    Motivo: m5_pullback,m1_rejection,m1_follow_through
[27/34] START Volatility 5 (1s) Index
[27/34] END   Volatility 5 (1s) Index | 0.02s | ARPS WAITING SETUP
    Motivo: m5_structure_break,m1_rejection
[28/34] START Volatility 5 Index
[28/34] END   Volatility 5 Index | 0.00s | INSTRUMENTO EN CUARENTENA DE RIESGO
    Motivo: cuarentena de seguridad que requiere revisión manual
[29/34] START Volatility 50 (1s) Index
[29/34] END   Volatility 50 (1s) Index | 0.02s | ARPS WAITING SETUP
    Motivo: m5_structure_break,m1_follow_through
[30/34] START Volatility 50 Index
[30/34] END   Volatility 50 Index | 0.02s | ARPS WAITING SETUP
    Motivo: m5_atr_regime,m5_structure_break,m1_rejection
[31/34] START Volatility 75 (1s) Index
[31/34] END   Volatility 75 (1s) Index | 0.02s | ARPS REGIME BLOCKED
    Motivo: SIN_TENDENCIA_M15
[32/34] START Volatility 75 Index
[32/34] END   Volatility 75 Index | 0.03s | ARPS WAITING SETUP
    Motivo: m5_structure_break,m5_pullback,m1_follow_through
[33/34] START Volatility 90 (1s) Index
[33/34] END   Volatility 90 (1s) Index | 0.03s | ARPS REGIME BLOCKED
    Motivo: SIN_TENDENCIA_M15
[34/34] START Volatility 90 Index
[34/34] END   Volatility 90 Index | 0.02s | ARPS WAITING SETUP
    Motivo: m5_structure_break,m1_rejection,m1_follow_through
----------------------------------------------------------------------------------------
RESUMEN DEL CICLO #0083
Símbolos analizados: 34
Sin señal: 0
Esperando/otros: 34
Señales rechazadas: 0
Bloqueadas por estado/límites: 0
Validadas DRY RUN: 0
Nuevas órdenes: 0
Operaciones cerradas sincronizadas: 0
Errores: 0
Duración del ciclo: 0.76s
Intervalo objetivo: 30s
Próximo ciclo en: 29.24s
----------------------------------------------------------------------------------------

========================================================================================
CICLO #0084 | 2026-09-03 14:06:54 UTC | símbolos=0
========================================================================================
----------------------------------------------------------------------------------------
RESUMEN DEL CICLO #0084
Símbolos analizados: 0
Sin señal: 0
Esperando/otros: 0
Señales rechazadas: 0
Bloqueadas por estado/límites: 0
Validadas DRY RUN: 0
Nuevas órdenes: 0
Operaciones cerradas sincronizadas: 0
Errores: 0
Duración del ciclo: 0.09s
Intervalo objetivo: 30s
Próximo ciclo en: 29.91s
----------------------------------------------------------------------------------------

========================================================================================
CICLO #0085 | 2026-09-03 14:07:24 UTC | símbolos=34
========================================================================================
[01/34] START High Frequency Vol 10 Index
[01/34] END   High Frequency Vol 10 Index | 0.03s | ARPS WAITING SETUP
    Motivo: m5_atr_regime,m5_structure_break,m1_rejection,m1_follow_through
[02/34] START High Frequency Vol 100 Index
[02/34] END   High Frequency Vol 100 Index | 0.02s | ARPS REGIME BLOCKED
    Motivo: SIN_TENDENCIA_M15
[03/34] START High Frequency Vol 25 Index
[03/34] END   High Frequency Vol 25 Index | 0.03s | ARPS REGIME BLOCKED
    Motivo: SIN_TENDENCIA_M15
[04/34] START High Frequency Vol 50 Index
[04/34] END   High Frequency Vol 50 Index | 0.03s | ARPS WAITING SETUP
    Motivo: m5_atr_regime,m5_structure_break,m1_rejection,m1_follow_through
[05/34] START High Frequency Vol 75 Index
[05/34] END   High Frequency Vol 75 Index | 0.02s | ARPS WAITING SETUP
    Motivo: m5_atr_regime,m5_structure_break,m1_follow_through,m1_strong_close
[06/34] START Vol over Boom 400
[06/34] END   Vol over Boom 400 | 0.02s | ARPS REGIME BLOCKED
    Motivo: SIN_TENDENCIA_M15
[07/34] START Vol over Boom 550
[07/34] END   Vol over Boom 550 | 0.03s | ARPS WAITING SETUP
    Motivo: m5_structure_break,m1_rejection
[08/34] START Vol over Boom 750
[08/34] END   Vol over Boom 750 | 0.02s | ARPS REGIME BLOCKED
    Motivo: SIN_TENDENCIA_M15
[09/34] START Vol over Crash 400
[09/34] END   Vol over Crash 400 | 0.02s | ARPS REGIME BLOCKED
    Motivo: SIN_TENDENCIA_M15
[10/34] START Vol over Crash 550
[10/34] END   Vol over Crash 550 | 0.03s | ARPS WAITING SETUP
    Motivo: m5_structure_break,m1_rejection,m1_follow_through
[11/34] START Vol over Crash 750
[11/34] END   Vol over Crash 750 | 0.02s | ARPS REGIME BLOCKED
    Motivo: SIN_TENDENCIA_M15
[12/34] START VolSwitch High Vol Index
[12/34] END   VolSwitch High Vol Index | 0.03s | ARPS WAITING SETUP
    Motivo: m5_atr_regime,spread_vs_atr,m1_rejection,m1_strong_close
[13/34] START VolSwitch Low Vol Index
[13/34] END   VolSwitch Low Vol Index | 0.03s | ARPS WAITING SETUP
    Motivo: m5_atr_regime,spread_vs_atr,m5_structure_break,m1_strong_close
[14/34] START VolSwitch Medium Vol Index
[14/34] END   VolSwitch Medium Vol Index | 0.03s | ARPS WAITING SETUP
    Motivo: spread_vs_atr,m5_structure_break,m1_rejection,m1_follow_through
[15/34] START Volatility 10 (1s) Index
[15/34] END   Volatility 10 (1s) Index | 0.03s | ARPS WAITING SETUP
    Motivo: m5_atr_regime,m5_structure_break,m5_pullback,m1_rejection,m1_strong_close
[16/34] START Volatility 10 Index
[16/34] END   Volatility 10 Index | 0.02s | ARPS REGIME BLOCKED
    Motivo: ADX_M15_INSUFICIENTE
[17/34] START Volatility 100 (1s) Index
[17/34] END   Volatility 100 (1s) Index | 0.02s | ARPS REGIME BLOCKED
    Motivo: SIN_TENDENCIA_M15
[18/34] START Volatility 100 Index
[18/34] END   Volatility 100 Index | 0.00s | INSTRUMENTO EN CUARENTENA DE RIESGO
    Motivo: cuarentena temporal por desviación marginal de ejecución
[19/34] START Volatility 15 (1s) Index
[19/34] END   Volatility 15 (1s) Index | 0.03s | ARPS WAITING SETUP
    Motivo: m5_structure_break,m1_follow_through
[20/34] START Volatility 15 Index
[20/34] END   Volatility 15 Index | 0.03s | ARPS WAITING SETUP
    Motivo: m5_structure_break,m1_rejection,m1_follow_through
[21/34] START Volatility 150 (1s) Index
[21/34] END   Volatility 150 (1s) Index | 0.03s | ARPS WAITING SETUP
    Motivo: spread_vs_atr,m5_structure_break,m5_pullback,m1_follow_through,m1_strong_close
[22/34] START Volatility 25 (1s) Index
[22/34] END   Volatility 25 (1s) Index | 0.03s | ARPS WAITING SETUP
    Motivo: m5_atr_regime,m5_structure_break,m1_rejection
[23/34] START Volatility 25 Index
[23/34] END   Volatility 25 Index | 0.00s | INSTRUMENTO EN CUARENTENA DE RIESGO
    Motivo: cuarentena temporal por desviación marginal de ejecución
[24/34] START Volatility 250 (1s) Index
[24/34] END   Volatility 250 (1s) Index | 0.02s | ARPS WAITING SETUP
    Motivo: spread_vs_atr,m5_structure_break,m1_follow_through,m1_strong_close
[25/34] START Volatility 30 (1s) Index
[25/34] END   Volatility 30 (1s) Index | 0.01s | INSTRUMENTO EN CUARENTENA DE RIESGO
    Motivo: cuarentena temporal por desviación marginal de ejecución
[26/34] START Volatility 30 Index
[26/34] END   Volatility 30 Index | 0.03s | ARPS WAITING SETUP
    Motivo: m5_pullback,m1_rejection,m1_follow_through
[27/34] START Volatility 5 (1s) Index
[27/34] END   Volatility 5 (1s) Index | 0.03s | ARPS WAITING SETUP
    Motivo: m5_structure_break,m1_strong_close
[28/34] START Volatility 5 Index
[28/34] END   Volatility 5 Index | 0.00s | INSTRUMENTO EN CUARENTENA DE RIESGO
    Motivo: cuarentena de seguridad que requiere revisión manual
[29/34] START Volatility 50 (1s) Index
[29/34] END   Volatility 50 (1s) Index | 0.03s | ARPS WAITING SETUP
    Motivo: m5_structure_break,m1_rejection,m1_strong_close
[30/34] START Volatility 50 Index
[30/34] END   Volatility 50 Index | 0.03s | ARPS WAITING SETUP
    Motivo: m5_atr_regime,m5_structure_break,m1_strong_close
[31/34] START Volatility 75 (1s) Index
[31/34] END   Volatility 75 (1s) Index | 0.02s | ARPS REGIME BLOCKED
    Motivo: SIN_TENDENCIA_M15
[32/34] START Volatility 75 Index
[32/34] END   Volatility 75 Index | 0.03s | ARPS WAITING SETUP
    Motivo: m5_structure_break,m5_pullback,m1_rejection,m1_strong_close
[33/34] START Volatility 90 (1s) Index
[33/34] END   Volatility 90 (1s) Index | 0.02s | ARPS REGIME BLOCKED
    Motivo: SIN_TENDENCIA_M15
[34/34] START Volatility 90 Index
[34/34] END   Volatility 90 Index | 0.03s | ARPS WAITING SETUP
    Motivo: m5_structure_break,m1_rejection,m1_follow_through
----------------------------------------------------------------------------------------
RESUMEN DEL CICLO #0085
Símbolos analizados: 34
Sin señal: 0
Esperando/otros: 34
Señales rechazadas: 0
Bloqueadas por estado/límites: 0
Validadas DRY RUN: 0
Nuevas órdenes: 0
Operaciones cerradas sincronizadas: 0
Errores: 0
Duración del ciclo: 1.01s
Intervalo objetivo: 30s
Próximo ciclo en: 28.99s
----------------------------------------------------------------------------------------

========================================================================================
CICLO #0086 | 2026-09-03 14:07:54 UTC | símbolos=0
========================================================================================
----------------------------------------------------------------------------------------
RESUMEN DEL CICLO #0086
Símbolos analizados: 0
Sin señal: 0
Esperando/otros: 0
Señales rechazadas: 0
Bloqueadas por estado/límites: 0
Validadas DRY RUN: 0
Nuevas órdenes: 0
Operaciones cerradas sincronizadas: 0
Errores: 0
Duración del ciclo: 0.08s
Intervalo objetivo: 30s
Próximo ciclo en: 29.92s
----------------------------------------------------------------------------------------

========================================================================================
CICLO #0087 | 2026-09-03 14:08:24 UTC | símbolos=34
========================================================================================
[01/34] START High Frequency Vol 10 Index
[01/34] END   High Frequency Vol 10 Index | 0.03s | ARPS WAITING SETUP
    Motivo: m5_atr_regime,m5_structure_break,m1_rejection
[02/34] START High Frequency Vol 100 Index
[02/34] END   High Frequency Vol 100 Index | 0.02s | ARPS REGIME BLOCKED
    Motivo: SIN_TENDENCIA_M15
[03/34] START High Frequency Vol 25 Index
[03/34] END   High Frequency Vol 25 Index | 0.02s | ARPS REGIME BLOCKED
    Motivo: SIN_TENDENCIA_M15
[04/34] START High Frequency Vol 50 Index
[04/34] END   High Frequency Vol 50 Index | 0.02s | ARPS WAITING SETUP
    Motivo: m5_atr_regime,m5_structure_break,m1_rejection,m1_strong_close
[05/34] START High Frequency Vol 75 Index
[05/34] END   High Frequency Vol 75 Index | 0.03s | ARPS WAITING SETUP
    Motivo: m5_atr_regime,m5_structure_break,m1_rejection,m1_follow_through,m1_strong_close
[06/34] START Vol over Boom 400
[06/34] END   Vol over Boom 400 | 0.02s | ARPS REGIME BLOCKED
    Motivo: SIN_TENDENCIA_M15
[07/34] START Vol over Boom 550
[07/34] END   Vol over Boom 550 | 0.02s | ARPS WAITING SETUP
    Motivo: m5_structure_break,m1_rejection,m1_follow_through
[08/34] START Vol over Boom 750
[08/34] END   Vol over Boom 750 | 0.02s | ARPS REGIME BLOCKED
    Motivo: SIN_TENDENCIA_M15
[09/34] START Vol over Crash 400
[09/34] END   Vol over Crash 400 | 0.02s | ARPS REGIME BLOCKED
    Motivo: SIN_TENDENCIA_M15
[10/34] START Vol over Crash 550
[10/34] END   Vol over Crash 550 | 0.03s | ARPS WAITING SETUP
    Motivo: m5_structure_break,m1_rejection,m1_follow_through,m1_strong_close
[11/34] START Vol over Crash 750
[11/34] END   Vol over Crash 750 | 0.02s | ARPS REGIME BLOCKED
    Motivo: SIN_TENDENCIA_M15
[12/34] START VolSwitch High Vol Index
[12/34] END   VolSwitch High Vol Index | 0.03s | ARPS WAITING SETUP
    Motivo: m5_atr_regime,spread_vs_atr,m1_follow_through
[13/34] START VolSwitch Low Vol Index
[13/34] END   VolSwitch Low Vol Index | 0.03s | ARPS WAITING SETUP
    Motivo: m5_atr_regime,spread_vs_atr,m5_structure_break,m1_strong_close
[14/34] START VolSwitch Medium Vol Index
[14/34] END   VolSwitch Medium Vol Index | 0.02s | ARPS WAITING SETUP
    Motivo: spread_vs_atr,m5_structure_break,m1_rejection,m1_follow_through,m1_strong_close
[15/34] START Volatility 10 (1s) Index
[15/34] END   Volatility 10 (1s) Index | 0.03s | ARPS WAITING SETUP
    Motivo: m5_atr_regime,m5_structure_break,m5_pullback,m1_strong_close
[16/34] START Volatility 10 Index
[16/34] END   Volatility 10 Index | 0.02s | ARPS REGIME BLOCKED
    Motivo: ADX_M15_INSUFICIENTE
[17/34] START Volatility 100 (1s) Index
[17/34] END   Volatility 100 (1s) Index | 0.02s | ARPS REGIME BLOCKED
    Motivo: SIN_TENDENCIA_M15
[18/34] START Volatility 100 Index
[18/34] END   Volatility 100 Index | 0.01s | INSTRUMENTO EN CUARENTENA DE RIESGO
    Motivo: cuarentena temporal por desviación marginal de ejecución
[19/34] START Volatility 15 (1s) Index
[19/34] END   Volatility 15 (1s) Index | 0.02s | ARPS WAITING SETUP
    Motivo: m5_structure_break,m1_rejection,m1_follow_through,m1_strong_close
[20/34] START Volatility 15 Index
[20/34] END   Volatility 15 Index | 0.03s | ARPS WAITING SETUP
    Motivo: m5_structure_break,m1_rejection,m1_strong_close
[21/34] START Volatility 150 (1s) Index
[21/34] END   Volatility 150 (1s) Index | 0.02s | ARPS WAITING SETUP
    Motivo: spread_vs_atr,m5_structure_break,m5_pullback,m1_rejection,m1_follow_through,m1_strong_close
[22/34] START Volatility 25 (1s) Index
[22/34] END   Volatility 25 (1s) Index | 0.03s | ARPS WAITING SETUP
    Motivo: m5_atr_regime,m5_structure_break,m1_rejection,m1_follow_through
[23/34] START Volatility 25 Index
[23/34] END   Volatility 25 Index | 0.00s | INSTRUMENTO EN CUARENTENA DE RIESGO
    Motivo: cuarentena temporal por desviación marginal de ejecución
[24/34] START Volatility 250 (1s) Index
[24/34] END   Volatility 250 (1s) Index | 0.03s | ARPS WAITING SETUP
    Motivo: spread_vs_atr,m5_structure_break,m1_follow_through
[25/34] START Volatility 30 (1s) Index
[25/34] END   Volatility 30 (1s) Index | 0.00s | INSTRUMENTO EN CUARENTENA DE RIESGO
    Motivo: cuarentena temporal por desviación marginal de ejecución
[26/34] START Volatility 30 Index
[26/34] END   Volatility 30 Index | 0.03s | ARPS WAITING SETUP
    Motivo: m5_pullback,m1_rejection
[27/34] START Volatility 5 (1s) Index
[27/34] END   Volatility 5 (1s) Index | 0.03s | ARPS WAITING SETUP
    Motivo: m5_structure_break,m1_strong_close
[28/34] START Volatility 5 Index
[28/34] END   Volatility 5 Index | 0.00s | INSTRUMENTO EN CUARENTENA DE RIESGO
    Motivo: cuarentena de seguridad que requiere revisión manual
[29/34] START Volatility 50 (1s) Index
[29/34] END   Volatility 50 (1s) Index | 0.03s | ARPS WAITING SETUP
    Motivo: m5_structure_break
[30/34] START Volatility 50 Index
[30/34] END   Volatility 50 Index | 0.03s | ARPS WAITING SETUP
    Motivo: m5_atr_regime,m5_structure_break,m1_rejection
[31/34] START Volatility 75 (1s) Index
[31/34] END   Volatility 75 (1s) Index | 0.02s | ARPS REGIME BLOCKED
    Motivo: SIN_TENDENCIA_M15
[32/34] START Volatility 75 Index
[32/34] END   Volatility 75 Index | 0.03s | ARPS WAITING SETUP
    Motivo: m5_structure_break,m5_pullback,m1_follow_through,m1_strong_close
[33/34] START Volatility 90 (1s) Index
[33/34] END   Volatility 90 (1s) Index | 0.02s | ARPS REGIME BLOCKED
    Motivo: SIN_TENDENCIA_M15
[34/34] START Volatility 90 Index
[34/34] END   Volatility 90 Index | 0.03s | ARPS WAITING SETUP
    Motivo: m5_structure_break,m1_rejection,m1_follow_through
----------------------------------------------------------------------------------------
RESUMEN DEL CICLO #0087
Símbolos analizados: 34
Sin señal: 0
Esperando/otros: 34
Señales rechazadas: 0
Bloqueadas por estado/límites: 0
Validadas DRY RUN: 0
Nuevas órdenes: 0
Operaciones cerradas sincronizadas: 0
Errores: 0
Duración del ciclo: 0.95s
Intervalo objetivo: 30s
Próximo ciclo en: 29.05s
----------------------------------------------------------------------------------------

========================================================================================
CICLO #0088 | 2026-09-03 14:08:54 UTC | símbolos=0
========================================================================================
----------------------------------------------------------------------------------------
RESUMEN DEL CICLO #0088
Símbolos analizados: 0
Sin señal: 0
Esperando/otros: 0
Señales rechazadas: 0
Bloqueadas por estado/límites: 0
Validadas DRY RUN: 0
Nuevas órdenes: 0
Operaciones cerradas sincronizadas: 0
Errores: 0
Duración del ciclo: 0.07s
Intervalo objetivo: 30s
Próximo ciclo en: 29.93s
----------------------------------------------------------------------------------------

========================================================================================
CICLO #0089 | 2026-09-03 14:09:24 UTC | símbolos=34
========================================================================================
[01/34] START High Frequency Vol 10 Index
[01/34] END   High Frequency Vol 10 Index | 0.02s | ARPS WAITING SETUP
    Motivo: m5_atr_regime,m5_structure_break,m1_rejection,m1_follow_through
[02/34] START High Frequency Vol 100 Index
[02/34] END   High Frequency Vol 100 Index | 0.02s | ARPS REGIME BLOCKED
    Motivo: SIN_TENDENCIA_M15
[03/34] START High Frequency Vol 25 Index
[03/34] END   High Frequency Vol 25 Index | 0.02s | ARPS REGIME BLOCKED
    Motivo: SIN_TENDENCIA_M15
[04/34] START High Frequency Vol 50 Index
[04/34] END   High Frequency Vol 50 Index | 0.02s | ARPS WAITING SETUP
    Motivo: m5_atr_regime,m5_structure_break,m1_rejection,m1_follow_through,m1_strong_close
[05/34] START High Frequency Vol 75 Index
[05/34] END   High Frequency Vol 75 Index | 0.02s | ARPS WAITING SETUP
    Motivo: m5_atr_regime,m5_structure_break,m1_rejection,m1_follow_through,m1_strong_close
[06/34] START Vol over Boom 400
[06/34] END   Vol over Boom 400 | 0.02s | ARPS REGIME BLOCKED
    Motivo: SIN_TENDENCIA_M15
[07/34] START Vol over Boom 550
[07/34] END   Vol over Boom 550 | 0.02s | ARPS WAITING SETUP
    Motivo: m5_structure_break,m1_rejection,m1_follow_through,m1_strong_close
[08/34] START Vol over Boom 750
[08/34] END   Vol over Boom 750 | 0.02s | ARPS REGIME BLOCKED
    Motivo: SIN_TENDENCIA_M15
[09/34] START Vol over Crash 400
[09/34] END   Vol over Crash 400 | 0.02s | ARPS REGIME BLOCKED
    Motivo: SIN_TENDENCIA_M15
[10/34] START Vol over Crash 550
[10/34] END   Vol over Crash 550 | 0.02s | ARPS WAITING SETUP
    Motivo: m5_structure_break,m1_rejection,m1_strong_close
[11/34] START Vol over Crash 750
[11/34] END   Vol over Crash 750 | 0.02s | ARPS REGIME BLOCKED
    Motivo: SIN_TENDENCIA_M15
[12/34] START VolSwitch High Vol Index
[12/34] END   VolSwitch High Vol Index | 0.02s | ARPS WAITING SETUP
    Motivo: m5_atr_regime,spread_vs_atr,m1_rejection,m1_follow_through
[13/34] START VolSwitch Low Vol Index
[13/34] END   VolSwitch Low Vol Index | 0.02s | ARPS WAITING SETUP
    Motivo: m5_atr_regime,spread_vs_atr,m5_structure_break,m1_follow_through,m1_strong_close
[14/34] START VolSwitch Medium Vol Index
[14/34] END   VolSwitch Medium Vol Index | 0.02s | ARPS WAITING SETUP
    Motivo: spread_vs_atr,m5_structure_break,m1_rejection
[15/34] START Volatility 10 (1s) Index
[15/34] END   Volatility 10 (1s) Index | 0.02s | ARPS WAITING SETUP
    Motivo: m5_atr_regime,m5_structure_break,m5_pullback,m1_follow_through,m1_strong_close
[16/34] START Volatility 10 Index
[16/34] END   Volatility 10 Index | 0.02s | ARPS REGIME BLOCKED
    Motivo: ADX_M15_INSUFICIENTE
[17/34] START Volatility 100 (1s) Index
[17/34] END   Volatility 100 (1s) Index | 0.02s | ARPS REGIME BLOCKED
    Motivo: SIN_TENDENCIA_M15
[18/34] START Volatility 100 Index
[18/34] END   Volatility 100 Index | 0.01s | INSTRUMENTO EN CUARENTENA DE RIESGO
    Motivo: cuarentena temporal por desviación marginal de ejecución
[19/34] START Volatility 15 (1s) Index
[19/34] END   Volatility 15 (1s) Index | 0.02s | ARPS WAITING SETUP
    Motivo: m5_structure_break,m1_rejection,m1_follow_through,m1_strong_close
[20/34] START Volatility 15 Index
[20/34] END   Volatility 15 Index | 0.02s | ARPS WAITING SETUP
    Motivo: m5_structure_break,m1_follow_through,m1_strong_close
[21/34] START Volatility 150 (1s) Index
[21/34] END   Volatility 150 (1s) Index | 0.02s | ARPS WAITING SETUP
    Motivo: spread_vs_atr,m5_structure_break,m5_pullback,m1_rejection,m1_follow_through
[22/34] START Volatility 25 (1s) Index
[22/34] END   Volatility 25 (1s) Index | 0.02s | ARPS WAITING SETUP
    Motivo: m5_atr_regime,m5_structure_break,m1_rejection
[23/34] START Volatility 25 Index
[23/34] END   Volatility 25 Index | 0.00s | INSTRUMENTO EN CUARENTENA DE RIESGO
    Motivo: cuarentena temporal por desviación marginal de ejecución
[24/34] START Volatility 250 (1s) Index
[24/34] END   Volatility 250 (1s) Index | 0.02s | ARPS WAITING SETUP
    Motivo: spread_vs_atr,m5_structure_break,m1_rejection,m1_follow_through
[25/34] START Volatility 30 (1s) Index
[25/34] END   Volatility 30 (1s) Index | 0.00s | INSTRUMENTO EN CUARENTENA DE RIESGO
    Motivo: cuarentena temporal por desviación marginal de ejecución
[26/34] START Volatility 30 Index
[26/34] END   Volatility 30 Index | 0.02s | ARPS WAITING SETUP
    Motivo: m5_pullback,m1_rejection
[27/34] START Volatility 5 (1s) Index
[27/34] END   Volatility 5 (1s) Index | 0.02s | ARPS WAITING SETUP
    Motivo: m5_structure_break,m1_follow_through
[28/34] START Volatility 5 Index
[28/34] END   Volatility 5 Index | 0.00s | INSTRUMENTO EN CUARENTENA DE RIESGO
    Motivo: cuarentena de seguridad que requiere revisión manual
[29/34] START Volatility 50 (1s) Index
[29/34] END   Volatility 50 (1s) Index | 0.02s | ARPS WAITING SETUP
    Motivo: m5_structure_break,m1_follow_through
[30/34] START Volatility 50 Index
[30/34] END   Volatility 50 Index | 0.02s | ARPS WAITING SETUP
    Motivo: m5_atr_regime,m5_structure_break,m1_rejection,m1_strong_close
[31/34] START Volatility 75 (1s) Index
[31/34] END   Volatility 75 (1s) Index | 0.02s | ARPS REGIME BLOCKED
    Motivo: SIN_TENDENCIA_M15
[32/34] START Volatility 75 Index
[32/34] END   Volatility 75 Index | 0.02s | ARPS WAITING SETUP
    Motivo: m5_structure_break,m5_pullback,m1_rejection
[33/34] START Volatility 90 (1s) Index
[33/34] END   Volatility 90 (1s) Index | 0.02s | ARPS REGIME BLOCKED
    Motivo: SIN_TENDENCIA_M15
[34/34] START Volatility 90 Index
[34/34] END   Volatility 90 Index | 0.02s | ARPS WAITING SETUP
    Motivo: m5_structure_break,m1_rejection
----------------------------------------------------------------------------------------
RESUMEN DEL CICLO #0089
Símbolos analizados: 34
Sin señal: 0
Esperando/otros: 34
Señales rechazadas: 0
Bloqueadas por estado/límites: 0
Validadas DRY RUN: 0
Nuevas órdenes: 0
Operaciones cerradas sincronizadas: 0
Errores: 0
Duración del ciclo: 0.82s
Intervalo objetivo: 30s
Próximo ciclo en: 29.18s
----------------------------------------------------------------------------------------

========================================================================================
CICLO #0090 | 2026-09-03 14:09:54 UTC | símbolos=0
========================================================================================
----------------------------------------------------------------------------------------
RESUMEN DEL CICLO #0090
Símbolos analizados: 0
Sin señal: 0
Esperando/otros: 0
Señales rechazadas: 0
Bloqueadas por estado/límites: 0
Validadas DRY RUN: 0
Nuevas órdenes: 0
Operaciones cerradas sincronizadas: 0
Errores: 0
Duración del ciclo: 0.07s
Intervalo objetivo: 30s
Próximo ciclo en: 29.93s
----------------------------------------------------------------------------------------

========================================================================================
CICLO #0091 | 2026-09-03 14:10:24 UTC | símbolos=34
========================================================================================
[01/34] START High Frequency Vol 10 Index
[01/34] END   High Frequency Vol 10 Index | 0.03s | ARPS WAITING SETUP
    Motivo: m5_atr_regime,m5_structure_break,m1_rejection,m1_follow_through,m1_strong_close
[02/34] START High Frequency Vol 100 Index
[02/34] END   High Frequency Vol 100 Index | 0.02s | ARPS REGIME BLOCKED
    Motivo: SIN_TENDENCIA_M15
[03/34] START High Frequency Vol 25 Index
[03/34] END   High Frequency Vol 25 Index | 0.02s | ARPS REGIME BLOCKED
    Motivo: SIN_TENDENCIA_M15
[04/34] START High Frequency Vol 50 Index
[04/34] END   High Frequency Vol 50 Index | 0.03s | ARPS WAITING SETUP
    Motivo: m5_structure_break,m1_rejection,m1_follow_through
[05/34] START High Frequency Vol 75 Index
[05/34] END   High Frequency Vol 75 Index | 0.03s | ARPS WAITING SETUP
    Motivo: m5_atr_regime,m5_structure_break,m5_pullback,m1_rejection,m1_follow_through
[06/34] START Vol over Boom 400
[06/34] END   Vol over Boom 400 | 0.02s | ARPS REGIME BLOCKED
    Motivo: SIN_TENDENCIA_M15
[07/34] START Vol over Boom 550
[07/34] END   Vol over Boom 550 | 0.03s | ARPS WAITING SETUP
    Motivo: m5_structure_break,m1_rejection,m1_follow_through
[08/34] START Vol over Boom 750
[08/34] END   Vol over Boom 750 | 0.02s | ARPS REGIME BLOCKED
    Motivo: SIN_TENDENCIA_M15
[09/34] START Vol over Crash 400
[09/34] END   Vol over Crash 400 | 0.02s | ARPS REGIME BLOCKED
    Motivo: SIN_TENDENCIA_M15
[10/34] START Vol over Crash 550
[10/34] END   Vol over Crash 550 | 0.03s | ARPS WAITING SETUP
    Motivo: m5_structure_break
[11/34] START Vol over Crash 750
[11/34] END   Vol over Crash 750 | 0.03s | ARPS REGIME BLOCKED
    Motivo: SIN_TENDENCIA_M15
[12/34] START VolSwitch High Vol Index
[12/34] END   VolSwitch High Vol Index | 0.03s | ARPS WAITING SETUP
    Motivo: m5_atr_regime,spread_vs_atr,m5_structure_break,m1_rejection,m1_follow_through
[13/34] START VolSwitch Low Vol Index
[13/34] END   VolSwitch Low Vol Index | 0.03s | ARPS WAITING SETUP
    Motivo: m5_atr_regime,spread_vs_atr,m5_structure_break,m1_rejection,m1_strong_close
[14/34] START VolSwitch Medium Vol Index
[14/34] END   VolSwitch Medium Vol Index | 0.03s | ARPS WAITING SETUP
    Motivo: m5_structure_break
[15/34] START Volatility 10 (1s) Index
[15/34] END   Volatility 10 (1s) Index | 0.02s | ARPS WAITING SETUP
    Motivo: m5_atr_regime,m5_structure_break,m5_pullback,m1_rejection,m1_follow_through
[16/34] START Volatility 10 Index
[16/34] END   Volatility 10 Index | 0.03s | ARPS REGIME BLOCKED
    Motivo: ADX_M15_INSUFICIENTE
[17/34] START Volatility 100 (1s) Index
[17/34] END   Volatility 100 (1s) Index | 0.02s | ARPS REGIME BLOCKED
    Motivo: SIN_TENDENCIA_M15
[18/34] START Volatility 100 Index
[18/34] END   Volatility 100 Index | 0.00s | INSTRUMENTO EN CUARENTENA DE RIESGO
    Motivo: cuarentena temporal por desviación marginal de ejecución
[19/34] START Volatility 15 (1s) Index
[19/34] END   Volatility 15 (1s) Index | 0.03s | ARPS WAITING SETUP
    Motivo: m5_structure_break,m1_rejection,m1_follow_through,m1_strong_close
[20/34] START Volatility 15 Index
[20/34] END   Volatility 15 Index | 0.02s | ARPS WAITING SETUP
    Motivo: m5_structure_break,m1_rejection,m1_follow_through
[21/34] START Volatility 150 (1s) Index
[21/34] END   Volatility 150 (1s) Index | 0.03s | ARPS WAITING SETUP
    Motivo: spread_vs_atr,m5_structure_break,m5_pullback,m1_rejection,m1_follow_through,m1_strong_close
[22/34] START Volatility 25 (1s) Index
[22/34] END   Volatility 25 (1s) Index | 0.03s | ARPS WAITING SETUP
    Motivo: m5_structure_break,m1_rejection,m1_follow_through,m1_strong_close
[23/34] START Volatility 25 Index
[23/34] END   Volatility 25 Index | 0.00s | INSTRUMENTO EN CUARENTENA DE RIESGO
    Motivo: cuarentena temporal por desviación marginal de ejecución
[24/34] START Volatility 250 (1s) Index
[24/34] END   Volatility 250 (1s) Index | 0.03s | ARPS WAITING SETUP
    Motivo: m5_atr_regime,spread_vs_atr,m5_structure_break,m1_rejection,m1_follow_through
[25/34] START Volatility 30 (1s) Index
[25/34] END   Volatility 30 (1s) Index | 0.00s | INSTRUMENTO EN CUARENTENA DE RIESGO
    Motivo: cuarentena temporal por desviación marginal de ejecución
[26/34] START Volatility 30 Index
[26/34] END   Volatility 30 Index | 0.03s | ARPS WAITING SETUP
    Motivo: m5_pullback,m1_rejection,m1_strong_close
[27/34] START Volatility 5 (1s) Index
[27/34] END   Volatility 5 (1s) Index | 0.03s | ARPS WAITING SETUP
    Motivo: m5_structure_break,m1_rejection,m1_follow_through
[28/34] START Volatility 5 Index
[28/34] END   Volatility 5 Index | 0.00s | INSTRUMENTO EN CUARENTENA DE RIESGO
    Motivo: cuarentena de seguridad que requiere revisión manual
[29/34] START Volatility 50 (1s) Index
[29/34] END   Volatility 50 (1s) Index | 0.03s | ARPS WAITING SETUP
    Motivo: m5_structure_break,m1_rejection
[30/34] START Volatility 50 Index
[30/34] END   Volatility 50 Index | 0.03s | ARPS WAITING SETUP
    Motivo: m5_atr_regime,m5_structure_break,m1_rejection,m1_follow_through,m1_strong_close
[31/34] START Volatility 75 (1s) Index
[31/34] END   Volatility 75 (1s) Index | 0.02s | ARPS REGIME BLOCKED
    Motivo: SIN_TENDENCIA_M15
[32/34] START Volatility 75 Index
[32/34] END   Volatility 75 Index | 0.03s | ARPS WAITING SETUP
    Motivo: m5_structure_break,m5_pullback,m1_rejection
[33/34] START Volatility 90 (1s) Index
[33/34] END   Volatility 90 (1s) Index | 0.02s | ARPS REGIME BLOCKED
    Motivo: SIN_TENDENCIA_M15
[34/34] START Volatility 90 Index
[34/34] END   Volatility 90 Index | 0.03s | ARPS WAITING SETUP
    Motivo: m5_structure_break,m1_rejection,m1_strong_close
----------------------------------------------------------------------------------------
RESUMEN DEL CICLO #0091
Símbolos analizados: 34
Sin señal: 0
Esperando/otros: 34
Señales rechazadas: 0
Bloqueadas por estado/límites: 0
Validadas DRY RUN: 0
Nuevas órdenes: 0
Operaciones cerradas sincronizadas: 0
Errores: 0
Duración del ciclo: 1.04s
Intervalo objetivo: 30s
Próximo ciclo en: 28.96s
----------------------------------------------------------------------------------------
Bot detenido por el usuario.
