========================================================================
DERIV DEMO EXECUTION PREFLIGHT
========================================================================
[OK] MT5_ACCOUNT_INFO {'login': 41108926, 'server': 'Deriv-Demo', 'currency': 'USD', 'balance': 10000.0, 'equity': 10000.0, 'margin': 0.0, 'free_margin': 10000.0, 'profit': 0.0, 'leverage': 1000, 'trade_mode': 0, 'snapshot_time': datetime.datetime(2026, 9, 3, 13, 19, 30, 167989, tzinfo=datetime.timezone.utc), 'broker': 'MT5'}
[OK] MT5_TERMINAL_CONNECTED {'trade_allowed': True, 'tradeapi_disabled': False}
[OK] MT5_AUTOTRADING_ALLOWED {'trade_allowed': True, 'tradeapi_disabled': False}
[OK] DEMO_ACCOUNT {'trade_mode': 0, 'server': 'Deriv-Demo'}
[OK] FREE_MARGIN {'free_margin': 10000.0, 'required': 0.0}
[OK] DATABASE_READY {}
[OK] SYMBOL:Crash Boom Flip 1000 Index {'visible': True, 'trade_mode': 4, 'volume_min': 0.1, 'volume_step': 0.01, 'point': 0.0001, 'stops_level_points': 18783}
[OK] SYMBOL:Crash Boom Flip 150 Index {'visible': True, 'trade_mode': 4, 'volume_min': 0.1, 'volume_step': 0.01, 'point': 0.0001, 'stops_level_points': 5165}
[OK] SYMBOL:Crash Boom Flip 300 Index {'visible': True, 'trade_mode': 4, 'volume_min': 0.1, 'volume_step': 0.01, 'point': 0.0001, 'stops_level_points': 86279}
[OK] SYMBOL:Crash Boom Flip 500 Index {'visible': True, 'trade_mode': 4, 'volume_min': 0.1, 'volume_step': 0.01, 'point': 0.0001, 'stops_level_points': 30584}
========================================================================
STATUS: READY FOR DEMO EXECUTION
DAEMONBLACKFX VERSION: v100-entry-quality-recoverable-quarantine-winrate-audit
BOT ACTIVO: SCALP_FLIP | MAGIC=26082306 | ESTRATEGIA=ARPS_SYNTHETIC_SCALPER | instrumentos=4 | auto_export=False
========================================================================================
BOT SMC MT5 - DERIV DEMO
========================================================================================
Cuenta: 41108926 | Servidor: Deriv-Demo
Balance: 10000.00 USD
Modo: EJECUCIÓN DEMO
Riesgo por trade: 0.25% | R:R mínimo: 1.50
Intervalo: 30s | Símbolos: 4
Reporte XLSX: C:\TradingBoot\smc_synthetic_bot\storage\exports\deriv_demo_trading_report.xlsx
Pipeline: SMC -> TradeLifecycleManager -> MT5TradeExecutor -> SQLite -> XLSX
========================================================================================
Daemon activo: señales=30s | monitor posiciones/BE=2s | símbolos=4
Progreso: se mostrará cada símbolo y su tiempo de análisis.
{'action': 'POSITION_MONITOR_STARTED', 'signal_interval_seconds': 30, 'position_monitor_interval_seconds': 2, 'monitor_mode': 'BACKGROUND_DECOUPLED'}

========================================================================================
CICLO #0001 | 2026-09-03 13:19:34 UTC | símbolos=4
========================================================================================
[01/04] START Crash Boom Flip 1000 Index
[01/04] END   Crash Boom Flip 1000 Index | 2.34s | ARPS WAITING SETUP
    Motivo: m5_atr_regime,m5_structure_break,m1_rejection,m1_follow_through
[02/04] START Crash Boom Flip 150 Index
[02/04] END   Crash Boom Flip 150 Index | 2.00s | ARPS WAITING SETUP
    Motivo: m5_atr_regime,m5_structure_break,m1_rejection
[03/04] START Crash Boom Flip 300 Index
[03/04] END   Crash Boom Flip 300 Index | 1.61s | ARPS WAITING SETUP
    Motivo: m5_atr_regime,m5_structure_break,m5_pullback,m1_rejection
[04/04] START Crash Boom Flip 500 Index
[04/04] END   Crash Boom Flip 500 Index | 1.70s | ARPS REGIME BLOCKED
    Motivo: SIN_TENDENCIA_M15
----------------------------------------------------------------------------------------
RESUMEN DEL CICLO #0001
Símbolos analizados: 4
Sin señal: 0
Esperando/otros: 4
Señales rechazadas: 0
Bloqueadas por estado/límites: 0
Validadas DRY RUN: 0
Nuevas órdenes: 0
Operaciones cerradas sincronizadas: 0
Errores: 0
Duración del ciclo: 10.91s
Intervalo objetivo: 30s
Próximo ciclo en: 19.09s
----------------------------------------------------------------------------------------

========================================================================================
CICLO #0002 | 2026-09-03 13:20:04 UTC | símbolos=4
========================================================================================
[01/04] START Crash Boom Flip 1000 Index
[01/04] END   Crash Boom Flip 1000 Index | 0.07s | ARPS WAITING SETUP
    Motivo: m5_atr_regime,m5_structure_break,m1_rejection
[02/04] START Crash Boom Flip 150 Index
[02/04] END   Crash Boom Flip 150 Index | 0.07s | ARPS WAITING SETUP
    Motivo: m5_atr_regime,m5_structure_break,m1_rejection
[03/04] START Crash Boom Flip 300 Index
[03/04] END   Crash Boom Flip 300 Index | 0.05s | ARPS WAITING SETUP
    Motivo: m5_atr_regime,spread_vs_atr,m5_structure_break,m5_pullback,m1_rejection,m1_follow_through
[04/04] START Crash Boom Flip 500 Index
[04/04] END   Crash Boom Flip 500 Index | 0.05s | ARPS REGIME BLOCKED
    Motivo: SIN_TENDENCIA_M15
----------------------------------------------------------------------------------------
RESUMEN DEL CICLO #0002
Símbolos analizados: 4
Sin señal: 0
Esperando/otros: 4
Señales rechazadas: 0
Bloqueadas por estado/límites: 0
Validadas DRY RUN: 0
Nuevas órdenes: 0
Operaciones cerradas sincronizadas: 0
Errores: 0
Duración del ciclo: 0.30s
Intervalo objetivo: 30s
Próximo ciclo en: 29.70s
----------------------------------------------------------------------------------------

========================================================================================
CICLO #0003 | 2026-09-03 13:20:34 UTC | símbolos=0
========================================================================================
----------------------------------------------------------------------------------------
RESUMEN DEL CICLO #0003
Símbolos analizados: 0
Sin señal: 0
Esperando/otros: 0
Señales rechazadas: 0
Bloqueadas por estado/límites: 0
Validadas DRY RUN: 0
Nuevas órdenes: 0
Operaciones cerradas sincronizadas: 0
Errores: 0
Duración del ciclo: 0.02s
Intervalo objetivo: 30s
Próximo ciclo en: 29.98s
----------------------------------------------------------------------------------------

========================================================================================
CICLO #0004 | 2026-09-03 13:21:04 UTC | símbolos=4
========================================================================================
[01/04] START Crash Boom Flip 1000 Index
[01/04] END   Crash Boom Flip 1000 Index | 0.04s | ARPS WAITING SETUP
    Motivo: m5_atr_regime,m5_structure_break,m1_rejection
[02/04] START Crash Boom Flip 150 Index
[02/04] END   Crash Boom Flip 150 Index | 0.03s | ARPS WAITING SETUP
    Motivo: m5_atr_regime,m5_structure_break,m1_rejection,m1_follow_through,m1_strong_close
[03/04] START Crash Boom Flip 300 Index
[03/04] END   Crash Boom Flip 300 Index | 0.03s | ARPS WAITING SETUP
    Motivo: m5_atr_regime,spread_vs_atr,m5_structure_break,m5_pullback,m1_rejection,m1_follow_through
[04/04] START Crash Boom Flip 500 Index
[04/04] END   Crash Boom Flip 500 Index | 0.03s | ARPS REGIME BLOCKED
    Motivo: SIN_TENDENCIA_M15
----------------------------------------------------------------------------------------
RESUMEN DEL CICLO #0004
Símbolos analizados: 4
Sin señal: 0
Esperando/otros: 4
Señales rechazadas: 0
Bloqueadas por estado/límites: 0
Validadas DRY RUN: 0
Nuevas órdenes: 0
Operaciones cerradas sincronizadas: 0
Errores: 0
Duración del ciclo: 0.17s
Intervalo objetivo: 30s
Próximo ciclo en: 29.83s
----------------------------------------------------------------------------------------

========================================================================================
CICLO #0005 | 2026-09-03 13:21:34 UTC | símbolos=0
========================================================================================
----------------------------------------------------------------------------------------
RESUMEN DEL CICLO #0005
Símbolos analizados: 0
Sin señal: 0
Esperando/otros: 0
Señales rechazadas: 0
Bloqueadas por estado/límites: 0
Validadas DRY RUN: 0
Nuevas órdenes: 0
Operaciones cerradas sincronizadas: 0
Errores: 0
Duración del ciclo: 0.03s
Intervalo objetivo: 30s
Próximo ciclo en: 29.97s
----------------------------------------------------------------------------------------

========================================================================================
CICLO #0006 | 2026-09-03 13:22:04 UTC | símbolos=4
========================================================================================
[01/04] START Crash Boom Flip 1000 Index
[01/04] END   Crash Boom Flip 1000 Index | 1.06s | ARPS WAITING SETUP
    Motivo: m5_atr_regime,m5_structure_break,m1_rejection
[02/04] START Crash Boom Flip 150 Index
[02/04] END   Crash Boom Flip 150 Index | 0.04s | ARPS WAITING SETUP
    Motivo: m5_atr_regime,m5_structure_break,m1_rejection
[03/04] START Crash Boom Flip 300 Index
[03/04] END   Crash Boom Flip 300 Index | 0.04s | ARPS WAITING SETUP
    Motivo: m5_atr_regime,spread_vs_atr,m5_structure_break,m5_pullback,m1_rejection
[04/04] START Crash Boom Flip 500 Index
[04/04] END   Crash Boom Flip 500 Index | 0.04s | ARPS REGIME BLOCKED
    Motivo: SIN_TENDENCIA_M15
----------------------------------------------------------------------------------------
RESUMEN DEL CICLO #0006
Símbolos analizados: 4
Sin señal: 0
Esperando/otros: 4
Señales rechazadas: 0
Bloqueadas por estado/límites: 0
Validadas DRY RUN: 0
Nuevas órdenes: 0
Operaciones cerradas sincronizadas: 0
Errores: 0
Duración del ciclo: 1.73s
Intervalo objetivo: 30s
Próximo ciclo en: 28.27s
----------------------------------------------------------------------------------------

========================================================================================
CICLO #0007 | 2026-09-03 13:22:34 UTC | símbolos=0
========================================================================================
----------------------------------------------------------------------------------------
RESUMEN DEL CICLO #0007
Símbolos analizados: 0
Sin señal: 0
Esperando/otros: 0
Señales rechazadas: 0
Bloqueadas por estado/límites: 0
Validadas DRY RUN: 0
Nuevas órdenes: 0
Operaciones cerradas sincronizadas: 0
Errores: 0
Duración del ciclo: 0.02s
Intervalo objetivo: 30s
Próximo ciclo en: 29.98s
----------------------------------------------------------------------------------------

========================================================================================
CICLO #0008 | 2026-09-03 13:23:04 UTC | símbolos=4
========================================================================================
[01/04] START Crash Boom Flip 1000 Index
[01/04] END   Crash Boom Flip 1000 Index | 0.04s | ARPS WAITING SETUP
    Motivo: m5_atr_regime,m5_structure_break,m1_rejection
[02/04] START Crash Boom Flip 150 Index
[02/04] END   Crash Boom Flip 150 Index | 0.02s | ARPS WAITING SETUP
    Motivo: m5_atr_regime,m5_structure_break,m1_rejection
[03/04] START Crash Boom Flip 300 Index
[03/04] END   Crash Boom Flip 300 Index | 0.03s | ARPS WAITING SETUP
    Motivo: m5_atr_regime,spread_vs_atr,m5_structure_break,m5_pullback,m1_rejection
[04/04] START Crash Boom Flip 500 Index
[04/04] END   Crash Boom Flip 500 Index | 0.02s | ARPS REGIME BLOCKED
    Motivo: SIN_TENDENCIA_M15
----------------------------------------------------------------------------------------
RESUMEN DEL CICLO #0008
Símbolos analizados: 4
Sin señal: 0
Esperando/otros: 4
Señales rechazadas: 0
Bloqueadas por estado/límites: 0
Validadas DRY RUN: 0
Nuevas órdenes: 0
Operaciones cerradas sincronizadas: 0
Errores: 0
Duración del ciclo: 0.14s
Intervalo objetivo: 30s
Próximo ciclo en: 29.86s
----------------------------------------------------------------------------------------
Bot detenido por el usuario.
========================================================================
DERIV DEMO EXECUTION PREFLIGHT
========================================================================
[OK] MT5_ACCOUNT_INFO {'login': 41108926, 'server': 'Deriv-Demo', 'currency': 'USD', 'balance': 9999.39, 'equity': 9999.39, 'margin': 0.0, 'free_margin': 9999.39, 'profit': 0.0, 'leverage': 1000, 'trade_mode': 0, 'snapshot_time': datetime.datetime(2026, 9, 3, 13, 24, 52, 963861, tzinfo=datetime.timezone.utc), 'broker': 'MT5'}
[OK] MT5_TERMINAL_CONNECTED {'trade_allowed': True, 'tradeapi_disabled': False}
[OK] MT5_AUTOTRADING_ALLOWED {'trade_allowed': True, 'tradeapi_disabled': False}
[OK] DEMO_ACCOUNT {'trade_mode': 0, 'server': 'Deriv-Demo'}
[OK] FREE_MARGIN {'free_margin': 9999.39, 'required': 0.0}
[OK] DATABASE_READY {}
[OK] SYMBOL:Crash Boom Flip 1000 Index {'visible': True, 'trade_mode': 4, 'volume_min': 0.1, 'volume_step': 0.01, 'point': 0.0001, 'stops_level_points': 18783}
[OK] SYMBOL:Crash Boom Flip 150 Index {'visible': True, 'trade_mode': 4, 'volume_min': 0.1, 'volume_step': 0.01, 'point': 0.0001, 'stops_level_points': 5165}
[OK] SYMBOL:Crash Boom Flip 300 Index {'visible': True, 'trade_mode': 4, 'volume_min': 0.1, 'volume_step': 0.01, 'point': 0.0001, 'stops_level_points': 86279}
[OK] SYMBOL:Crash Boom Flip 500 Index {'visible': True, 'trade_mode': 4, 'volume_min': 0.1, 'volume_step': 0.01, 'point': 0.0001, 'stops_level_points': 30584}
========================================================================
STATUS: READY FOR DEMO EXECUTION
DAEMONBLACKFX VERSION: v100-entry-quality-recoverable-quarantine-winrate-audit
BOT ACTIVO: SCALP_FLIP | MAGIC=26082306 | ESTRATEGIA=ARPS_SYNTHETIC_SCALPER | instrumentos=4 | auto_export=False
========================================================================================
BOT SMC MT5 - DERIV DEMO
========================================================================================
Cuenta: 41108926 | Servidor: Deriv-Demo
Balance: 9999.39 USD
Modo: EJECUCIÓN DEMO
Riesgo por trade: 0.25% | R:R mínimo: 1.50
Intervalo: 30s | Símbolos: 4
Reporte XLSX: C:\TradingBoot\smc_synthetic_bot\storage\exports\deriv_demo_trading_report.xlsx
Pipeline: SMC -> TradeLifecycleManager -> MT5TradeExecutor -> SQLite -> XLSX
========================================================================================
Daemon activo: señales=30s | monitor posiciones/BE=2s | símbolos=4
Progreso: se mostrará cada símbolo y su tiempo de análisis.
{'action': 'POSITION_MONITOR_STARTED', 'signal_interval_seconds': 30, 'position_monitor_interval_seconds': 2, 'monitor_mode': 'BACKGROUND_DECOUPLED'}

========================================================================================
CICLO #0001 | 2026-09-03 13:24:57 UTC | símbolos=4
========================================================================================
[01/04] START Crash Boom Flip 1000 Index
[01/04] END   Crash Boom Flip 1000 Index | 2.42s | ARPS WAITING SETUP
    Motivo: m5_structure_break,m1_rejection
[02/04] START Crash Boom Flip 150 Index
[02/04] END   Crash Boom Flip 150 Index | 1.48s | ARPS WAITING SETUP
    Motivo: m5_structure_break,m1_rejection
[03/04] START Crash Boom Flip 300 Index
[03/04] END   Crash Boom Flip 300 Index | 1.97s | ARPS WAITING SETUP
    Motivo: m5_atr_regime,spread_vs_atr,m5_structure_break,m5_pullback,m1_rejection
[04/04] START Crash Boom Flip 500 Index
[04/04] END   Crash Boom Flip 500 Index | 1.42s | ARPS REGIME BLOCKED
    Motivo: SIN_TENDENCIA_M15
----------------------------------------------------------------------------------------
RESUMEN DEL CICLO #0001
Símbolos analizados: 4
Sin señal: 0
Esperando/otros: 4
Señales rechazadas: 0
Bloqueadas por estado/límites: 0
Validadas DRY RUN: 0
Nuevas órdenes: 0
Operaciones cerradas sincronizadas: 0
Errores: 0
Duración del ciclo: 10.19s
Intervalo objetivo: 30s
Próximo ciclo en: 19.81s
----------------------------------------------------------------------------------------

========================================================================================
CICLO #0002 | 2026-09-03 13:25:27 UTC | símbolos=4
========================================================================================
[01/04] START Crash Boom Flip 1000 Index
[01/04] END   Crash Boom Flip 1000 Index | 0.06s | ARPS WAITING SETUP
    Motivo: m5_structure_break,m1_rejection
[02/04] START Crash Boom Flip 150 Index
[02/04] END   Crash Boom Flip 150 Index | 0.06s | ARPS WAITING SETUP
    Motivo: m5_structure_break,m1_rejection
[03/04] START Crash Boom Flip 300 Index
[03/04] END   Crash Boom Flip 300 Index | 0.06s | ARPS WAITING SETUP
    Motivo: m5_atr_regime,spread_vs_atr,m5_structure_break,m5_pullback,m1_rejection
[04/04] START Crash Boom Flip 500 Index
[04/04] END   Crash Boom Flip 500 Index | 0.05s | ARPS REGIME BLOCKED
    Motivo: SIN_TENDENCIA_M15
----------------------------------------------------------------------------------------
RESUMEN DEL CICLO #0002
Símbolos analizados: 4
Sin señal: 0
Esperando/otros: 4
Señales rechazadas: 0
Bloqueadas por estado/límites: 0
Validadas DRY RUN: 0
Nuevas órdenes: 0
Operaciones cerradas sincronizadas: 0
Errores: 0
Duración del ciclo: 0.28s
Intervalo objetivo: 30s
Próximo ciclo en: 29.72s
----------------------------------------------------------------------------------------

========================================================================================
CICLO #0003 | 2026-09-03 13:25:57 UTC | símbolos=0
========================================================================================
----------------------------------------------------------------------------------------
RESUMEN DEL CICLO #0003
Símbolos analizados: 0
Sin señal: 0
Esperando/otros: 0
Señales rechazadas: 0
Bloqueadas por estado/límites: 0
Validadas DRY RUN: 0
Nuevas órdenes: 0
Operaciones cerradas sincronizadas: 0
Errores: 0
Duración del ciclo: 0.02s
Intervalo objetivo: 30s
Próximo ciclo en: 29.98s
----------------------------------------------------------------------------------------

========================================================================================
CICLO #0004 | 2026-09-03 13:26:27 UTC | símbolos=4
========================================================================================
[01/04] START Crash Boom Flip 1000 Index
[01/04] END   Crash Boom Flip 1000 Index | 0.04s | ARPS WAITING SETUP
    Motivo: m5_structure_break,m1_rejection
[02/04] START Crash Boom Flip 150 Index
[02/04] END   Crash Boom Flip 150 Index | 0.03s | ARPS WAITING SETUP
    Motivo: m5_structure_break,m1_rejection,m1_follow_through
[03/04] START Crash Boom Flip 300 Index
[03/04] END   Crash Boom Flip 300 Index | 0.03s | ARPS WAITING SETUP
    Motivo: m5_atr_regime,spread_vs_atr,m5_structure_break,m5_pullback,m1_rejection
[04/04] START Crash Boom Flip 500 Index
[04/04] END   Crash Boom Flip 500 Index | 0.03s | ARPS REGIME BLOCKED
    Motivo: SIN_TENDENCIA_M15
----------------------------------------------------------------------------------------
RESUMEN DEL CICLO #0004
Símbolos analizados: 4
Sin señal: 0
Esperando/otros: 4
Señales rechazadas: 0
Bloqueadas por estado/límites: 0
Validadas DRY RUN: 0
Nuevas órdenes: 0
Operaciones cerradas sincronizadas: 0
Errores: 0
Duración del ciclo: 0.16s
Intervalo objetivo: 30s
Próximo ciclo en: 29.84s
----------------------------------------------------------------------------------------

========================================================================================
CICLO #0005 | 2026-09-03 13:26:57 UTC | símbolos=0
========================================================================================
----------------------------------------------------------------------------------------
RESUMEN DEL CICLO #0005
Símbolos analizados: 0
Sin señal: 0
Esperando/otros: 0
Señales rechazadas: 0
Bloqueadas por estado/límites: 0
Validadas DRY RUN: 0
Nuevas órdenes: 0
Operaciones cerradas sincronizadas: 0
Errores: 0
Duración del ciclo: 0.02s
Intervalo objetivo: 30s
Próximo ciclo en: 29.98s
----------------------------------------------------------------------------------------

========================================================================================
CICLO #0006 | 2026-09-03 13:27:27 UTC | símbolos=4
========================================================================================
[01/04] START Crash Boom Flip 1000 Index
[01/04] END   Crash Boom Flip 1000 Index | 0.03s | ARPS WAITING SETUP
    Motivo: m5_structure_break,m1_rejection
[02/04] START Crash Boom Flip 150 Index
[02/04] END   Crash Boom Flip 150 Index | 0.03s | ARPS WAITING SETUP
    Motivo: m5_structure_break,m1_rejection,m1_follow_through
[03/04] START Crash Boom Flip 300 Index
[03/04] END   Crash Boom Flip 300 Index | 0.02s | ARPS WAITING SETUP
    Motivo: m5_atr_regime,spread_vs_atr,m5_structure_break,m5_pullback,m1_rejection
[04/04] START Crash Boom Flip 500 Index
[04/04] END   Crash Boom Flip 500 Index | 0.02s | ARPS REGIME BLOCKED
    Motivo: SIN_TENDENCIA_M15
----------------------------------------------------------------------------------------
RESUMEN DEL CICLO #0006
Símbolos analizados: 4
Sin señal: 0
Esperando/otros: 4
Señales rechazadas: 0
Bloqueadas por estado/límites: 0
Validadas DRY RUN: 0
Nuevas órdenes: 0
Operaciones cerradas sincronizadas: 0
Errores: 0
Duración del ciclo: 0.13s
Intervalo objetivo: 30s
Próximo ciclo en: 29.87s
----------------------------------------------------------------------------------------

========================================================================================
CICLO #0007 | 2026-09-03 13:27:57 UTC | símbolos=0
========================================================================================
----------------------------------------------------------------------------------------
RESUMEN DEL CICLO #0007
Símbolos analizados: 0
Sin señal: 0
Esperando/otros: 0
Señales rechazadas: 0
Bloqueadas por estado/límites: 0
Validadas DRY RUN: 0
Nuevas órdenes: 0
Operaciones cerradas sincronizadas: 0
Errores: 0
Duración del ciclo: 0.01s
Intervalo objetivo: 30s
Próximo ciclo en: 29.99s
----------------------------------------------------------------------------------------

========================================================================================
CICLO #0008 | 2026-09-03 13:28:27 UTC | símbolos=4
========================================================================================
[01/04] START Crash Boom Flip 1000 Index
[01/04] END   Crash Boom Flip 1000 Index | 0.02s | ARPS WAITING SETUP
    Motivo: m5_structure_break,m1_rejection
[02/04] START Crash Boom Flip 150 Index
[02/04] END   Crash Boom Flip 150 Index | 0.02s | ARPS WAITING SETUP
    Motivo: m5_structure_break,m1_rejection,m1_follow_through
[03/04] START Crash Boom Flip 300 Index
[03/04] END   Crash Boom Flip 300 Index | 0.02s | ARPS WAITING SETUP
    Motivo: m5_atr_regime,spread_vs_atr,m5_structure_break,m5_pullback,m1_rejection
[04/04] START Crash Boom Flip 500 Index
[04/04] END   Crash Boom Flip 500 Index | 0.02s | ARPS REGIME BLOCKED
    Motivo: SIN_TENDENCIA_M15
----------------------------------------------------------------------------------------
RESUMEN DEL CICLO #0008
Símbolos analizados: 4
Sin señal: 0
Esperando/otros: 4
Señales rechazadas: 0
Bloqueadas por estado/límites: 0
Validadas DRY RUN: 0
Nuevas órdenes: 0
Operaciones cerradas sincronizadas: 0
Errores: 0
Duración del ciclo: 0.12s
Intervalo objetivo: 30s
Próximo ciclo en: 29.88s
----------------------------------------------------------------------------------------

========================================================================================
CICLO #0009 | 2026-09-03 13:28:57 UTC | símbolos=0
========================================================================================
----------------------------------------------------------------------------------------
RESUMEN DEL CICLO #0009
Símbolos analizados: 0
Sin señal: 0
Esperando/otros: 0
Señales rechazadas: 0
Bloqueadas por estado/límites: 0
Validadas DRY RUN: 0
Nuevas órdenes: 0
Operaciones cerradas sincronizadas: 0
Errores: 0
Duración del ciclo: 0.01s
Intervalo objetivo: 30s
Próximo ciclo en: 29.99s
----------------------------------------------------------------------------------------

========================================================================================
CICLO #0010 | 2026-09-03 13:29:27 UTC | símbolos=4
========================================================================================
[01/04] START Crash Boom Flip 1000 Index
[01/04] END   Crash Boom Flip 1000 Index | 0.03s | ARPS WAITING SETUP
    Motivo: m5_structure_break,m1_rejection
[02/04] START Crash Boom Flip 150 Index
[02/04] END   Crash Boom Flip 150 Index | 0.03s | ARPS WAITING SETUP
    Motivo: m5_structure_break,m1_rejection
[03/04] START Crash Boom Flip 300 Index
[03/04] END   Crash Boom Flip 300 Index | 0.03s | ARPS WAITING SETUP
    Motivo: m5_atr_regime,spread_vs_atr,m5_structure_break,m5_pullback,m1_rejection,m1_follow_through
[04/04] START Crash Boom Flip 500 Index
[04/04] END   Crash Boom Flip 500 Index | 0.03s | ARPS REGIME BLOCKED
    Motivo: SIN_TENDENCIA_M15
----------------------------------------------------------------------------------------
RESUMEN DEL CICLO #0010
Símbolos analizados: 4
Sin señal: 0
Esperando/otros: 4
Señales rechazadas: 0
Bloqueadas por estado/límites: 0
Validadas DRY RUN: 0
Nuevas órdenes: 0
Operaciones cerradas sincronizadas: 0
Errores: 0
Duración del ciclo: 0.15s
Intervalo objetivo: 30s
Próximo ciclo en: 29.85s
----------------------------------------------------------------------------------------

========================================================================================
CICLO #0011 | 2026-09-03 13:29:57 UTC | símbolos=0
========================================================================================
----------------------------------------------------------------------------------------
RESUMEN DEL CICLO #0011
Símbolos analizados: 0
Sin señal: 0
Esperando/otros: 0
Señales rechazadas: 0
Bloqueadas por estado/límites: 0
Validadas DRY RUN: 0
Nuevas órdenes: 0
Operaciones cerradas sincronizadas: 0
Errores: 0
Duración del ciclo: 0.02s
Intervalo objetivo: 30s
Próximo ciclo en: 29.98s
----------------------------------------------------------------------------------------

========================================================================================
CICLO #0012 | 2026-09-03 13:30:27 UTC | símbolos=4
========================================================================================
[01/04] START Crash Boom Flip 1000 Index
[01/04] END   Crash Boom Flip 1000 Index | 0.04s | ARPS WAITING SETUP
    Motivo: spread_vs_atr,m5_structure_break,m1_rejection
[02/04] START Crash Boom Flip 150 Index
[02/04] END   Crash Boom Flip 150 Index | 0.05s | ARPS WAITING SETUP
    Motivo: m5_structure_break,m1_rejection
[03/04] START Crash Boom Flip 300 Index
[03/04] END   Crash Boom Flip 300 Index | 0.05s | ARPS WAITING SETUP
    Motivo: m5_atr_regime,m5_structure_break,m5_pullback,m1_rejection,m1_follow_through
[04/04] START Crash Boom Flip 500 Index
[04/04] END   Crash Boom Flip 500 Index | 0.04s | ARPS REGIME BLOCKED
    Motivo: SIN_TENDENCIA_M15
----------------------------------------------------------------------------------------
RESUMEN DEL CICLO #0012
Símbolos analizados: 4
Sin señal: 0
Esperando/otros: 4
Señales rechazadas: 0
Bloqueadas por estado/límites: 0
Validadas DRY RUN: 0
Nuevas órdenes: 0
Operaciones cerradas sincronizadas: 0
Errores: 0
Duración del ciclo: 0.23s
Intervalo objetivo: 30s
Próximo ciclo en: 29.77s
----------------------------------------------------------------------------------------

========================================================================================
CICLO #0013 | 2026-09-03 13:30:57 UTC | símbolos=0
========================================================================================
----------------------------------------------------------------------------------------
RESUMEN DEL CICLO #0013
Símbolos analizados: 0
Sin señal: 0
Esperando/otros: 0
Señales rechazadas: 0
Bloqueadas por estado/límites: 0
Validadas DRY RUN: 0
Nuevas órdenes: 0
Operaciones cerradas sincronizadas: 0
Errores: 0
Duración del ciclo: 0.02s
Intervalo objetivo: 30s
Próximo ciclo en: 29.98s
----------------------------------------------------------------------------------------

========================================================================================
CICLO #0014 | 2026-09-03 13:31:27 UTC | símbolos=4
========================================================================================
[01/04] START Crash Boom Flip 1000 Index
[01/04] END   Crash Boom Flip 1000 Index | 0.04s | ARPS WAITING SETUP
    Motivo: spread_vs_atr,m5_structure_break,m1_rejection
[02/04] START Crash Boom Flip 150 Index
[02/04] END   Crash Boom Flip 150 Index | 0.03s | ARPS WAITING SETUP
    Motivo: m5_structure_break,m1_rejection
[03/04] START Crash Boom Flip 300 Index
[03/04] END   Crash Boom Flip 300 Index | 0.04s | ARPS WAITING SETUP
    Motivo: m5_atr_regime,m5_structure_break,m5_pullback,m1_rejection
[04/04] START Crash Boom Flip 500 Index
[04/04] END   Crash Boom Flip 500 Index | 0.03s | ARPS REGIME BLOCKED
    Motivo: SIN_TENDENCIA_M15
----------------------------------------------------------------------------------------
RESUMEN DEL CICLO #0014
Símbolos analizados: 4
Sin señal: 0
Esperando/otros: 4
Señales rechazadas: 0
Bloqueadas por estado/límites: 0
Validadas DRY RUN: 0
Nuevas órdenes: 0
Operaciones cerradas sincronizadas: 0
Errores: 0
Duración del ciclo: 0.18s
Intervalo objetivo: 30s
Próximo ciclo en: 29.82s
----------------------------------------------------------------------------------------

========================================================================================
CICLO #0015 | 2026-09-03 13:31:57 UTC | símbolos=0
========================================================================================
----------------------------------------------------------------------------------------
RESUMEN DEL CICLO #0015
Símbolos analizados: 0
Sin señal: 0
Esperando/otros: 0
Señales rechazadas: 0
Bloqueadas por estado/límites: 0
Validadas DRY RUN: 0
Nuevas órdenes: 0
Operaciones cerradas sincronizadas: 0
Errores: 0
Duración del ciclo: 0.01s
Intervalo objetivo: 30s
Próximo ciclo en: 29.99s
----------------------------------------------------------------------------------------

========================================================================================
CICLO #0016 | 2026-09-03 13:32:27 UTC | símbolos=4
========================================================================================
[01/04] START Crash Boom Flip 1000 Index
[01/04] END   Crash Boom Flip 1000 Index | 0.03s | ARPS WAITING SETUP
    Motivo: spread_vs_atr,m5_structure_break,m1_rejection
[02/04] START Crash Boom Flip 150 Index
[02/04] END   Crash Boom Flip 150 Index | 0.03s | ARPS WAITING SETUP
    Motivo: m5_structure_break,m1_rejection
[03/04] START Crash Boom Flip 300 Index
[03/04] END   Crash Boom Flip 300 Index | 0.02s | ARPS WAITING SETUP
    Motivo: m5_atr_regime,m5_structure_break,m5_pullback,m1_rejection,m1_follow_through
[04/04] START Crash Boom Flip 500 Index
[04/04] END   Crash Boom Flip 500 Index | 0.02s | ARPS REGIME BLOCKED
    Motivo: SIN_TENDENCIA_M15
----------------------------------------------------------------------------------------
RESUMEN DEL CICLO #0016
Símbolos analizados: 4
Sin señal: 0
Esperando/otros: 4
Señales rechazadas: 0
Bloqueadas por estado/límites: 0
Validadas DRY RUN: 0
Nuevas órdenes: 0
Operaciones cerradas sincronizadas: 0
Errores: 0
Duración del ciclo: 0.12s
Intervalo objetivo: 30s
Próximo ciclo en: 29.88s
----------------------------------------------------------------------------------------

========================================================================================
CICLO #0017 | 2026-09-03 13:32:57 UTC | símbolos=0
========================================================================================
----------------------------------------------------------------------------------------
RESUMEN DEL CICLO #0017
Símbolos analizados: 0
Sin señal: 0
Esperando/otros: 0
Señales rechazadas: 0
Bloqueadas por estado/límites: 0
Validadas DRY RUN: 0
Nuevas órdenes: 0
Operaciones cerradas sincronizadas: 0
Errores: 0
Duración del ciclo: 0.02s
Intervalo objetivo: 30s
Próximo ciclo en: 29.98s
----------------------------------------------------------------------------------------

========================================================================================
CICLO #0018 | 2026-09-03 13:33:27 UTC | símbolos=4
========================================================================================
[01/04] START Crash Boom Flip 1000 Index
[01/04] END   Crash Boom Flip 1000 Index | 0.03s | ARPS WAITING SETUP
    Motivo: spread_vs_atr,m5_structure_break,m1_rejection
[02/04] START Crash Boom Flip 150 Index
[02/04] END   Crash Boom Flip 150 Index | 0.02s | ARPS WAITING SETUP
    Motivo: m5_structure_break,m1_rejection
[03/04] START Crash Boom Flip 300 Index
[03/04] END   Crash Boom Flip 300 Index | 0.03s | ARPS WAITING SETUP
    Motivo: m5_atr_regime,m5_structure_break,m5_pullback,m1_rejection,m1_follow_through
[04/04] START Crash Boom Flip 500 Index
[04/04] END   Crash Boom Flip 500 Index | 0.02s | ARPS REGIME BLOCKED
    Motivo: SIN_TENDENCIA_M15
----------------------------------------------------------------------------------------
RESUMEN DEL CICLO #0018
Símbolos analizados: 4
Sin señal: 0
Esperando/otros: 4
Señales rechazadas: 0
Bloqueadas por estado/límites: 0
Validadas DRY RUN: 0
Nuevas órdenes: 0
Operaciones cerradas sincronizadas: 0
Errores: 0
Duración del ciclo: 0.13s
Intervalo objetivo: 30s
Próximo ciclo en: 29.87s
----------------------------------------------------------------------------------------

========================================================================================
CICLO #0019 | 2026-09-03 13:33:57 UTC | símbolos=0
========================================================================================
----------------------------------------------------------------------------------------
RESUMEN DEL CICLO #0019
Símbolos analizados: 0
Sin señal: 0
Esperando/otros: 0
Señales rechazadas: 0
Bloqueadas por estado/límites: 0
Validadas DRY RUN: 0
Nuevas órdenes: 0
Operaciones cerradas sincronizadas: 0
Errores: 0
Duración del ciclo: 0.01s
Intervalo objetivo: 30s
Próximo ciclo en: 29.99s
----------------------------------------------------------------------------------------

========================================================================================
CICLO #0020 | 2026-09-03 13:34:27 UTC | símbolos=4
========================================================================================
[01/04] START Crash Boom Flip 1000 Index
[01/04] END   Crash Boom Flip 1000 Index | 0.03s | ARPS WAITING SETUP
    Motivo: spread_vs_atr,m5_structure_break,m1_rejection
[02/04] START Crash Boom Flip 150 Index
[02/04] END   Crash Boom Flip 150 Index | 0.02s | ARPS WAITING SETUP
    Motivo: m5_structure_break,m1_rejection,m1_follow_through
[03/04] START Crash Boom Flip 300 Index
[03/04] END   Crash Boom Flip 300 Index | 0.03s | ARPS WAITING SETUP
    Motivo: m5_atr_regime,m5_structure_break,m5_pullback,m1_rejection,m1_follow_through
[04/04] START Crash Boom Flip 500 Index
[04/04] END   Crash Boom Flip 500 Index | 0.02s | ARPS REGIME BLOCKED
    Motivo: SIN_TENDENCIA_M15
----------------------------------------------------------------------------------------
RESUMEN DEL CICLO #0020
Símbolos analizados: 4
Sin señal: 0
Esperando/otros: 4
Señales rechazadas: 0
Bloqueadas por estado/límites: 0
Validadas DRY RUN: 0
Nuevas órdenes: 0
Operaciones cerradas sincronizadas: 0
Errores: 0
Duración del ciclo: 0.12s
Intervalo objetivo: 30s
Próximo ciclo en: 29.88s
----------------------------------------------------------------------------------------

========================================================================================
CICLO #0021 | 2026-09-03 13:34:57 UTC | símbolos=0
========================================================================================
----------------------------------------------------------------------------------------
RESUMEN DEL CICLO #0021
Símbolos analizados: 0
Sin señal: 0
Esperando/otros: 0
Señales rechazadas: 0
Bloqueadas por estado/límites: 0
Validadas DRY RUN: 0
Nuevas órdenes: 0
Operaciones cerradas sincronizadas: 0
Errores: 0
Duración del ciclo: 0.01s
Intervalo objetivo: 30s
Próximo ciclo en: 29.99s
----------------------------------------------------------------------------------------

========================================================================================
CICLO #0022 | 2026-09-03 13:35:27 UTC | símbolos=4
========================================================================================
[01/04] START Crash Boom Flip 1000 Index
[01/04] END   Crash Boom Flip 1000 Index | 0.03s | ARPS WAITING SETUP
    Motivo: spread_vs_atr,m5_structure_break,m1_rejection
[02/04] START Crash Boom Flip 150 Index
[02/04] END   Crash Boom Flip 150 Index | 0.04s | ARPS WAITING SETUP
    Motivo: m5_structure_break,m1_rejection
[03/04] START Crash Boom Flip 300 Index
[03/04] END   Crash Boom Flip 300 Index | 0.03s | ARPS WAITING SETUP
    Motivo: m5_atr_regime,m5_structure_break,m5_pullback,m1_rejection,m1_follow_through
[04/04] START Crash Boom Flip 500 Index
[04/04] END   Crash Boom Flip 500 Index | 0.03s | ARPS REGIME BLOCKED
    Motivo: SIN_TENDENCIA_M15
----------------------------------------------------------------------------------------
RESUMEN DEL CICLO #0022
Símbolos analizados: 4
Sin señal: 0
Esperando/otros: 4
Señales rechazadas: 0
Bloqueadas por estado/límites: 0
Validadas DRY RUN: 0
Nuevas órdenes: 0
Operaciones cerradas sincronizadas: 0
Errores: 0
Duración del ciclo: 0.16s
Intervalo objetivo: 30s
Próximo ciclo en: 29.84s
----------------------------------------------------------------------------------------

========================================================================================
CICLO #0023 | 2026-09-03 13:35:57 UTC | símbolos=0
========================================================================================
----------------------------------------------------------------------------------------
RESUMEN DEL CICLO #0023
Símbolos analizados: 0
Sin señal: 0
Esperando/otros: 0
Señales rechazadas: 0
Bloqueadas por estado/límites: 0
Validadas DRY RUN: 0
Nuevas órdenes: 0
Operaciones cerradas sincronizadas: 0
Errores: 0
Duración del ciclo: 0.03s
Intervalo objetivo: 30s
Próximo ciclo en: 29.97s
----------------------------------------------------------------------------------------

========================================================================================
CICLO #0024 | 2026-09-03 13:36:27 UTC | símbolos=4
========================================================================================
[01/04] START Crash Boom Flip 1000 Index
[01/04] END   Crash Boom Flip 1000 Index | 0.03s | ARPS WAITING SETUP
    Motivo: spread_vs_atr,m5_structure_break,m1_rejection
[02/04] START Crash Boom Flip 150 Index
[02/04] END   Crash Boom Flip 150 Index | 0.03s | ARPS WAITING SETUP
    Motivo: m5_structure_break
[03/04] START Crash Boom Flip 300 Index
[03/04] END   Crash Boom Flip 300 Index | 0.04s | ARPS WAITING SETUP
    Motivo: m5_atr_regime,m5_structure_break,m5_pullback,m1_rejection,m1_follow_through
[04/04] START Crash Boom Flip 500 Index
[04/04] END   Crash Boom Flip 500 Index | 0.02s | ARPS REGIME BLOCKED
    Motivo: SIN_TENDENCIA_M15
----------------------------------------------------------------------------------------
RESUMEN DEL CICLO #0024
Símbolos analizados: 4
Sin señal: 0
Esperando/otros: 4
Señales rechazadas: 0
Bloqueadas por estado/límites: 0
Validadas DRY RUN: 0
Nuevas órdenes: 0
Operaciones cerradas sincronizadas: 0
Errores: 0
Duración del ciclo: 0.18s
Intervalo objetivo: 30s
Próximo ciclo en: 29.82s
----------------------------------------------------------------------------------------

========================================================================================
CICLO #0025 | 2026-09-03 13:36:57 UTC | símbolos=0
========================================================================================
----------------------------------------------------------------------------------------
RESUMEN DEL CICLO #0025
Símbolos analizados: 0
Sin señal: 0
Esperando/otros: 0
Señales rechazadas: 0
Bloqueadas por estado/límites: 0
Validadas DRY RUN: 0
Nuevas órdenes: 0
Operaciones cerradas sincronizadas: 0
Errores: 0
Duración del ciclo: 0.01s
Intervalo objetivo: 30s
Próximo ciclo en: 29.99s
----------------------------------------------------------------------------------------

========================================================================================
CICLO #0026 | 2026-09-03 13:37:27 UTC | símbolos=4
========================================================================================
[01/04] START Crash Boom Flip 1000 Index
[01/04] END   Crash Boom Flip 1000 Index | 0.04s | ARPS WAITING SETUP
    Motivo: spread_vs_atr,m5_structure_break,m1_rejection
[02/04] START Crash Boom Flip 150 Index
[02/04] END   Crash Boom Flip 150 Index | 0.02s | ARPS WAITING SETUP
    Motivo: m5_structure_break,m1_rejection
[03/04] START Crash Boom Flip 300 Index
[03/04] END   Crash Boom Flip 300 Index | 0.04s | ARPS WAITING SETUP
    Motivo: m5_atr_regime,m5_structure_break,m5_pullback,m1_rejection,m1_follow_through
[04/04] START Crash Boom Flip 500 Index
[04/04] END   Crash Boom Flip 500 Index | 0.02s | ARPS REGIME BLOCKED
    Motivo: SIN_TENDENCIA_M15
----------------------------------------------------------------------------------------
RESUMEN DEL CICLO #0026
Símbolos analizados: 4
Sin señal: 0
Esperando/otros: 4
Señales rechazadas: 0
Bloqueadas por estado/límites: 0
Validadas DRY RUN: 0
Nuevas órdenes: 0
Operaciones cerradas sincronizadas: 0
Errores: 0
Duración del ciclo: 0.15s
Intervalo objetivo: 30s
Próximo ciclo en: 29.85s
----------------------------------------------------------------------------------------

========================================================================================
CICLO #0027 | 2026-09-03 13:37:57 UTC | símbolos=0
========================================================================================
----------------------------------------------------------------------------------------
RESUMEN DEL CICLO #0027
Símbolos analizados: 0
Sin señal: 0
Esperando/otros: 0
Señales rechazadas: 0
Bloqueadas por estado/límites: 0
Validadas DRY RUN: 0
Nuevas órdenes: 0
Operaciones cerradas sincronizadas: 0
Errores: 0
Duración del ciclo: 0.01s
Intervalo objetivo: 30s
Próximo ciclo en: 29.99s
----------------------------------------------------------------------------------------

========================================================================================
CICLO #0028 | 2026-09-03 13:38:27 UTC | símbolos=4
========================================================================================
[01/04] START Crash Boom Flip 1000 Index
[01/04] END   Crash Boom Flip 1000 Index | 0.03s | ARPS WAITING SETUP
    Motivo: spread_vs_atr,m5_structure_break,m1_rejection
[02/04] START Crash Boom Flip 150 Index
[02/04] END   Crash Boom Flip 150 Index | 0.03s | ARPS WAITING SETUP
    Motivo: m5_structure_break,m1_rejection,m1_follow_through
[03/04] START Crash Boom Flip 300 Index
[03/04] END   Crash Boom Flip 300 Index | 0.04s | ARPS WAITING SETUP
    Motivo: m5_atr_regime,m5_structure_break,m5_pullback,m1_rejection,m1_follow_through
[04/04] START Crash Boom Flip 500 Index
[04/04] END   Crash Boom Flip 500 Index | 0.03s | ARPS REGIME BLOCKED
    Motivo: SIN_TENDENCIA_M15
----------------------------------------------------------------------------------------
RESUMEN DEL CICLO #0028
Símbolos analizados: 4
Sin señal: 0
Esperando/otros: 4
Señales rechazadas: 0
Bloqueadas por estado/límites: 0
Validadas DRY RUN: 0
Nuevas órdenes: 0
Operaciones cerradas sincronizadas: 0
Errores: 0
Duración del ciclo: 0.18s
Intervalo objetivo: 30s
Próximo ciclo en: 29.82s
----------------------------------------------------------------------------------------

========================================================================================
CICLO #0029 | 2026-09-03 13:38:57 UTC | símbolos=0
========================================================================================
----------------------------------------------------------------------------------------
RESUMEN DEL CICLO #0029
Símbolos analizados: 0
Sin señal: 0
Esperando/otros: 0
Señales rechazadas: 0
Bloqueadas por estado/límites: 0
Validadas DRY RUN: 0
Nuevas órdenes: 0
Operaciones cerradas sincronizadas: 0
Errores: 0
Duración del ciclo: 0.02s
Intervalo objetivo: 30s
Próximo ciclo en: 29.98s
----------------------------------------------------------------------------------------

========================================================================================
CICLO #0030 | 2026-09-03 13:39:27 UTC | símbolos=4
========================================================================================
[01/04] START Crash Boom Flip 1000 Index
[01/04] END   Crash Boom Flip 1000 Index | 0.03s | ARPS WAITING SETUP
    Motivo: spread_vs_atr,m5_structure_break,m1_rejection,m1_follow_through
[02/04] START Crash Boom Flip 150 Index
[02/04] END   Crash Boom Flip 150 Index | 0.03s | ARPS WAITING SETUP
    Motivo: m5_structure_break,m1_rejection,m1_follow_through
[03/04] START Crash Boom Flip 300 Index
[03/04] END   Crash Boom Flip 300 Index | 0.03s | ARPS WAITING SETUP
    Motivo: m5_atr_regime,m5_structure_break,m5_pullback,m1_rejection,m1_follow_through
[04/04] START Crash Boom Flip 500 Index
[04/04] END   Crash Boom Flip 500 Index | 0.02s | ARPS REGIME BLOCKED
    Motivo: SIN_TENDENCIA_M15
----------------------------------------------------------------------------------------
RESUMEN DEL CICLO #0030
Símbolos analizados: 4
Sin señal: 0
Esperando/otros: 4
Señales rechazadas: 0
Bloqueadas por estado/límites: 0
Validadas DRY RUN: 0
Nuevas órdenes: 0
Operaciones cerradas sincronizadas: 0
Errores: 0
Duración del ciclo: 0.13s
Intervalo objetivo: 30s
Próximo ciclo en: 29.87s
----------------------------------------------------------------------------------------

========================================================================================
CICLO #0031 | 2026-09-03 13:39:57 UTC | símbolos=0
========================================================================================
----------------------------------------------------------------------------------------
RESUMEN DEL CICLO #0031
Símbolos analizados: 0
Sin señal: 0
Esperando/otros: 0
Señales rechazadas: 0
Bloqueadas por estado/límites: 0
Validadas DRY RUN: 0
Nuevas órdenes: 0
Operaciones cerradas sincronizadas: 0
Errores: 0
Duración del ciclo: 0.02s
Intervalo objetivo: 30s
Próximo ciclo en: 29.98s
----------------------------------------------------------------------------------------

========================================================================================
CICLO #0032 | 2026-09-03 13:40:27 UTC | símbolos=4
========================================================================================
[01/04] START Crash Boom Flip 1000 Index
[01/04] END   Crash Boom Flip 1000 Index | 0.03s | ARPS WAITING SETUP
    Motivo: m5_atr_regime,m1_rejection
[02/04] START Crash Boom Flip 150 Index
[02/04] END   Crash Boom Flip 150 Index | 0.03s | ARPS WAITING SETUP
    Motivo: m5_structure_break,m1_rejection
[03/04] START Crash Boom Flip 300 Index
[03/04] END   Crash Boom Flip 300 Index | 0.03s | ARPS WAITING SETUP
    Motivo: m5_atr_regime,m5_structure_break,m5_pullback,m1_rejection,m1_follow_through
[04/04] START Crash Boom Flip 500 Index
[04/04] END   Crash Boom Flip 500 Index | 0.02s | ARPS REGIME BLOCKED
    Motivo: SIN_TENDENCIA_M15
----------------------------------------------------------------------------------------
RESUMEN DEL CICLO #0032
Símbolos analizados: 4
Sin señal: 0
Esperando/otros: 4
Señales rechazadas: 0
Bloqueadas por estado/límites: 0
Validadas DRY RUN: 0
Nuevas órdenes: 0
Operaciones cerradas sincronizadas: 0
Errores: 0
Duración del ciclo: 0.14s
Intervalo objetivo: 30s
Próximo ciclo en: 29.86s
----------------------------------------------------------------------------------------

========================================================================================
CICLO #0033 | 2026-09-03 13:40:57 UTC | símbolos=0
========================================================================================
----------------------------------------------------------------------------------------
RESUMEN DEL CICLO #0033
Símbolos analizados: 0
Sin señal: 0
Esperando/otros: 0
Señales rechazadas: 0
Bloqueadas por estado/límites: 0
Validadas DRY RUN: 0
Nuevas órdenes: 0
Operaciones cerradas sincronizadas: 0
Errores: 0
Duración del ciclo: 0.01s
Intervalo objetivo: 30s
Próximo ciclo en: 29.99s
----------------------------------------------------------------------------------------

========================================================================================
CICLO #0034 | 2026-09-03 13:41:27 UTC | símbolos=4
========================================================================================
[01/04] START Crash Boom Flip 1000 Index
[01/04] END   Crash Boom Flip 1000 Index | 0.03s | ARPS WAITING SETUP
    Motivo: m5_atr_regime,m1_rejection
[02/04] START Crash Boom Flip 150 Index
[02/04] END   Crash Boom Flip 150 Index | 0.03s | ARPS WAITING SETUP
    Motivo: m5_structure_break,m1_rejection
[03/04] START Crash Boom Flip 300 Index
[03/04] END   Crash Boom Flip 300 Index | 0.02s | ARPS WAITING SETUP
    Motivo: m5_atr_regime,m5_structure_break,m5_pullback,m1_rejection,m1_follow_through
[04/04] START Crash Boom Flip 500 Index
[04/04] END   Crash Boom Flip 500 Index | 0.02s | ARPS REGIME BLOCKED
    Motivo: SIN_TENDENCIA_M15
----------------------------------------------------------------------------------------
RESUMEN DEL CICLO #0034
Símbolos analizados: 4
Sin señal: 0
Esperando/otros: 4
Señales rechazadas: 0
Bloqueadas por estado/límites: 0
Validadas DRY RUN: 0
Nuevas órdenes: 0
Operaciones cerradas sincronizadas: 0
Errores: 0
Duración del ciclo: 0.13s
Intervalo objetivo: 30s
Próximo ciclo en: 29.87s
----------------------------------------------------------------------------------------

========================================================================================
CICLO #0035 | 2026-09-03 13:41:57 UTC | símbolos=0
========================================================================================
----------------------------------------------------------------------------------------
RESUMEN DEL CICLO #0035
Símbolos analizados: 0
Sin señal: 0
Esperando/otros: 0
Señales rechazadas: 0
Bloqueadas por estado/límites: 0
Validadas DRY RUN: 0
Nuevas órdenes: 0
Operaciones cerradas sincronizadas: 0
Errores: 0
Duración del ciclo: 0.01s
Intervalo objetivo: 30s
Próximo ciclo en: 29.99s
----------------------------------------------------------------------------------------

========================================================================================
CICLO #0036 | 2026-09-03 13:42:27 UTC | símbolos=4
========================================================================================
[01/04] START Crash Boom Flip 1000 Index
[01/04] END   Crash Boom Flip 1000 Index | 0.03s | ARPS WAITING SETUP
    Motivo: m5_atr_regime,m1_rejection
[02/04] START Crash Boom Flip 150 Index
[02/04] END   Crash Boom Flip 150 Index | 0.03s | ARPS WAITING SETUP
    Motivo: m5_structure_break,m1_rejection
[03/04] START Crash Boom Flip 300 Index
[03/04] END   Crash Boom Flip 300 Index | 0.03s | ARPS WAITING SETUP
    Motivo: m5_atr_regime,m5_structure_break,m5_pullback,m1_rejection
[04/04] START Crash Boom Flip 500 Index
[04/04] END   Crash Boom Flip 500 Index | 0.02s | ARPS REGIME BLOCKED
    Motivo: SIN_TENDENCIA_M15
----------------------------------------------------------------------------------------
RESUMEN DEL CICLO #0036
Símbolos analizados: 4
Sin señal: 0
Esperando/otros: 4
Señales rechazadas: 0
Bloqueadas por estado/límites: 0
Validadas DRY RUN: 0
Nuevas órdenes: 0
Operaciones cerradas sincronizadas: 0
Errores: 0
Duración del ciclo: 0.15s
Intervalo objetivo: 30s
Próximo ciclo en: 29.85s
----------------------------------------------------------------------------------------

========================================================================================
CICLO #0037 | 2026-09-03 13:42:57 UTC | símbolos=0
========================================================================================
----------------------------------------------------------------------------------------
RESUMEN DEL CICLO #0037
Símbolos analizados: 0
Sin señal: 0
Esperando/otros: 0
Señales rechazadas: 0
Bloqueadas por estado/límites: 0
Validadas DRY RUN: 0
Nuevas órdenes: 0
Operaciones cerradas sincronizadas: 0
Errores: 0
Duración del ciclo: 0.01s
Intervalo objetivo: 30s
Próximo ciclo en: 29.99s
----------------------------------------------------------------------------------------

========================================================================================
CICLO #0038 | 2026-09-03 13:43:27 UTC | símbolos=4
========================================================================================
[01/04] START Crash Boom Flip 1000 Index
[01/04] END   Crash Boom Flip 1000 Index | 0.03s | ARPS WAITING SETUP
    Motivo: m5_atr_regime,m1_rejection
[02/04] START Crash Boom Flip 150 Index
[02/04] END   Crash Boom Flip 150 Index | 0.02s | ARPS WAITING SETUP
    Motivo: m5_structure_break,m1_rejection,m1_follow_through
[03/04] START Crash Boom Flip 300 Index
[03/04] END   Crash Boom Flip 300 Index | 0.03s | ARPS WAITING SETUP
    Motivo: m5_atr_regime,m5_structure_break,m5_pullback,m1_rejection
[04/04] START Crash Boom Flip 500 Index
[04/04] END   Crash Boom Flip 500 Index | 0.02s | ARPS REGIME BLOCKED
    Motivo: SIN_TENDENCIA_M15
----------------------------------------------------------------------------------------
RESUMEN DEL CICLO #0038
Símbolos analizados: 4
Sin señal: 0
Esperando/otros: 4
Señales rechazadas: 0
Bloqueadas por estado/límites: 0
Validadas DRY RUN: 0
Nuevas órdenes: 0
Operaciones cerradas sincronizadas: 0
Errores: 0
Duración del ciclo: 0.13s
Intervalo objetivo: 30s
Próximo ciclo en: 29.87s
----------------------------------------------------------------------------------------

========================================================================================
CICLO #0039 | 2026-09-03 13:43:57 UTC | símbolos=0
========================================================================================
----------------------------------------------------------------------------------------
RESUMEN DEL CICLO #0039
Símbolos analizados: 0
Sin señal: 0
Esperando/otros: 0
Señales rechazadas: 0
Bloqueadas por estado/límites: 0
Validadas DRY RUN: 0
Nuevas órdenes: 0
Operaciones cerradas sincronizadas: 0
Errores: 0
Duración del ciclo: 0.01s
Intervalo objetivo: 30s
Próximo ciclo en: 29.99s
----------------------------------------------------------------------------------------

========================================================================================
CICLO #0040 | 2026-09-03 13:44:27 UTC | símbolos=4
========================================================================================
[01/04] START Crash Boom Flip 1000 Index
[01/04] END   Crash Boom Flip 1000 Index | 0.03s | ARPS WAITING SETUP
    Motivo: m5_atr_regime,m1_rejection
[02/04] START Crash Boom Flip 150 Index
[02/04] END   Crash Boom Flip 150 Index | 0.03s | ARPS WAITING SETUP
    Motivo: m5_structure_break,m1_rejection,m1_follow_through
[03/04] START Crash Boom Flip 300 Index
[03/04] END   Crash Boom Flip 300 Index | 0.02s | ARPS WAITING SETUP
    Motivo: m5_atr_regime,m5_structure_break,m5_pullback,m1_rejection
[04/04] START Crash Boom Flip 500 Index
[04/04] END   Crash Boom Flip 500 Index | 0.02s | ARPS REGIME BLOCKED
    Motivo: SIN_TENDENCIA_M15
----------------------------------------------------------------------------------------
RESUMEN DEL CICLO #0040
Símbolos analizados: 4
Sin señal: 0
Esperando/otros: 4
Señales rechazadas: 0
Bloqueadas por estado/límites: 0
Validadas DRY RUN: 0
Nuevas órdenes: 0
Operaciones cerradas sincronizadas: 0
Errores: 0
Duración del ciclo: 0.12s
Intervalo objetivo: 30s
Próximo ciclo en: 29.88s
----------------------------------------------------------------------------------------

========================================================================================
CICLO #0041 | 2026-09-03 13:44:57 UTC | símbolos=0
========================================================================================
----------------------------------------------------------------------------------------
RESUMEN DEL CICLO #0041
Símbolos analizados: 0
Sin señal: 0
Esperando/otros: 0
Señales rechazadas: 0
Bloqueadas por estado/límites: 0
Validadas DRY RUN: 0
Nuevas órdenes: 0
Operaciones cerradas sincronizadas: 0
Errores: 0
Duración del ciclo: 0.01s
Intervalo objetivo: 30s
Próximo ciclo en: 29.99s
----------------------------------------------------------------------------------------

========================================================================================
CICLO #0042 | 2026-09-03 13:45:27 UTC | símbolos=4
========================================================================================
[01/04] START Crash Boom Flip 1000 Index
[01/04] END   Crash Boom Flip 1000 Index | 0.03s | ARPS WAITING SETUP
    Motivo: m5_atr_regime,m5_structure_break,m1_rejection
[02/04] START Crash Boom Flip 150 Index
[02/04] END   Crash Boom Flip 150 Index | 0.03s | ARPS WAITING SETUP
    Motivo: m1_rejection,m1_follow_through
[03/04] START Crash Boom Flip 300 Index
[03/04] END   Crash Boom Flip 300 Index | 0.03s | ARPS WAITING SETUP
    Motivo: m5_atr_regime,m5_structure_break,m5_pullback,m1_rejection
[04/04] START Crash Boom Flip 500 Index
[04/04] END   Crash Boom Flip 500 Index | 0.03s | ARPS REGIME BLOCKED
    Motivo: ADX_M15_INSUFICIENTE
----------------------------------------------------------------------------------------
RESUMEN DEL CICLO #0042
Símbolos analizados: 4
Sin señal: 0
Esperando/otros: 4
Señales rechazadas: 0
Bloqueadas por estado/límites: 0
Validadas DRY RUN: 0
Nuevas órdenes: 0
Operaciones cerradas sincronizadas: 0
Errores: 0
Duración del ciclo: 0.16s
Intervalo objetivo: 30s
Próximo ciclo en: 29.84s
----------------------------------------------------------------------------------------

========================================================================================
CICLO #0043 | 2026-09-03 13:45:57 UTC | símbolos=0
========================================================================================
----------------------------------------------------------------------------------------
RESUMEN DEL CICLO #0043
Símbolos analizados: 0
Sin señal: 0
Esperando/otros: 0
Señales rechazadas: 0
Bloqueadas por estado/límites: 0
Validadas DRY RUN: 0
Nuevas órdenes: 0
Operaciones cerradas sincronizadas: 0
Errores: 0
Duración del ciclo: 0.02s
Intervalo objetivo: 30s
Próximo ciclo en: 29.98s
----------------------------------------------------------------------------------------

========================================================================================
CICLO #0044 | 2026-09-03 13:46:27 UTC | símbolos=4
========================================================================================
[01/04] START Crash Boom Flip 1000 Index
[01/04] END   Crash Boom Flip 1000 Index | 0.02s | ARPS WAITING SETUP
    Motivo: m5_atr_regime,m5_structure_break,m1_rejection
[02/04] START Crash Boom Flip 150 Index
[02/04] END   Crash Boom Flip 150 Index | 0.02s | ARPS WAITING SETUP
    Motivo: m1_rejection
[03/04] START Crash Boom Flip 300 Index
[03/04] END   Crash Boom Flip 300 Index | 0.03s | ARPS WAITING SETUP
    Motivo: m5_atr_regime,m5_structure_break,m5_pullback,m1_rejection
[04/04] START Crash Boom Flip 500 Index
[04/04] END   Crash Boom Flip 500 Index | 0.02s | ARPS REGIME BLOCKED
    Motivo: ADX_M15_INSUFICIENTE
----------------------------------------------------------------------------------------
RESUMEN DEL CICLO #0044
Símbolos analizados: 4
Sin señal: 0
Esperando/otros: 4
Señales rechazadas: 0
Bloqueadas por estado/límites: 0
Validadas DRY RUN: 0
Nuevas órdenes: 0
Operaciones cerradas sincronizadas: 0
Errores: 0
Duración del ciclo: 0.12s
Intervalo objetivo: 30s
Próximo ciclo en: 29.88s
----------------------------------------------------------------------------------------

========================================================================================
CICLO #0045 | 2026-09-03 13:46:57 UTC | símbolos=0
========================================================================================
----------------------------------------------------------------------------------------
RESUMEN DEL CICLO #0045
Símbolos analizados: 0
Sin señal: 0
Esperando/otros: 0
Señales rechazadas: 0
Bloqueadas por estado/límites: 0
Validadas DRY RUN: 0
Nuevas órdenes: 0
Operaciones cerradas sincronizadas: 0
Errores: 0
Duración del ciclo: 0.01s
Intervalo objetivo: 30s
Próximo ciclo en: 29.99s
----------------------------------------------------------------------------------------

========================================================================================
CICLO #0046 | 2026-09-03 13:47:27 UTC | símbolos=4
========================================================================================
[01/04] START Crash Boom Flip 1000 Index
[01/04] END   Crash Boom Flip 1000 Index | 0.03s | ARPS WAITING SETUP
    Motivo: m5_atr_regime,m5_structure_break,m1_rejection
[02/04] START Crash Boom Flip 150 Index
[02/04] END   Crash Boom Flip 150 Index | 0.03s | ARPS WAITING SETUP
    Motivo: m1_rejection
[03/04] START Crash Boom Flip 300 Index
[03/04] END   Crash Boom Flip 300 Index | 0.03s | ARPS WAITING SETUP
    Motivo: m5_atr_regime,m5_structure_break,m5_pullback,m1_rejection
[04/04] START Crash Boom Flip 500 Index
[04/04] END   Crash Boom Flip 500 Index | 0.02s | ARPS REGIME BLOCKED
    Motivo: ADX_M15_INSUFICIENTE
----------------------------------------------------------------------------------------
RESUMEN DEL CICLO #0046
Símbolos analizados: 4
Sin señal: 0
Esperando/otros: 4
Señales rechazadas: 0
Bloqueadas por estado/límites: 0
Validadas DRY RUN: 0
Nuevas órdenes: 0
Operaciones cerradas sincronizadas: 0
Errores: 0
Duración del ciclo: 0.13s
Intervalo objetivo: 30s
Próximo ciclo en: 29.87s
----------------------------------------------------------------------------------------

========================================================================================
CICLO #0047 | 2026-09-03 13:47:57 UTC | símbolos=0
========================================================================================
----------------------------------------------------------------------------------------
RESUMEN DEL CICLO #0047
Símbolos analizados: 0
Sin señal: 0
Esperando/otros: 0
Señales rechazadas: 0
Bloqueadas por estado/límites: 0
Validadas DRY RUN: 0
Nuevas órdenes: 0
Operaciones cerradas sincronizadas: 0
Errores: 0
Duración del ciclo: 0.02s
Intervalo objetivo: 30s
Próximo ciclo en: 29.98s
----------------------------------------------------------------------------------------

========================================================================================
CICLO #0048 | 2026-09-03 13:48:27 UTC | símbolos=4
========================================================================================
[01/04] START Crash Boom Flip 1000 Index
[01/04] END   Crash Boom Flip 1000 Index | 0.03s | ARPS WAITING SETUP
    Motivo: m5_atr_regime,m5_structure_break,m1_rejection
[02/04] START Crash Boom Flip 150 Index
[02/04] END   Crash Boom Flip 150 Index | 0.02s | ARPS WAITING SETUP
    Motivo: m1_rejection,m1_follow_through
[03/04] START Crash Boom Flip 300 Index
[03/04] END   Crash Boom Flip 300 Index | 0.02s | ARPS WAITING SETUP
    Motivo: m5_atr_regime,m5_structure_break,m5_pullback,m1_rejection
[04/04] START Crash Boom Flip 500 Index
[04/04] END   Crash Boom Flip 500 Index | 0.02s | ARPS REGIME BLOCKED
    Motivo: ADX_M15_INSUFICIENTE
----------------------------------------------------------------------------------------
RESUMEN DEL CICLO #0048
Símbolos analizados: 4
Sin señal: 0
Esperando/otros: 4
Señales rechazadas: 0
Bloqueadas por estado/límites: 0
Validadas DRY RUN: 0
Nuevas órdenes: 0
Operaciones cerradas sincronizadas: 0
Errores: 0
Duración del ciclo: 0.12s
Intervalo objetivo: 30s
Próximo ciclo en: 29.88s
----------------------------------------------------------------------------------------

========================================================================================
CICLO #0049 | 2026-09-03 13:48:57 UTC | símbolos=0
========================================================================================
----------------------------------------------------------------------------------------
RESUMEN DEL CICLO #0049
Símbolos analizados: 0
Sin señal: 0
Esperando/otros: 0
Señales rechazadas: 0
Bloqueadas por estado/límites: 0
Validadas DRY RUN: 0
Nuevas órdenes: 0
Operaciones cerradas sincronizadas: 0
Errores: 0
Duración del ciclo: 0.02s
Intervalo objetivo: 30s
Próximo ciclo en: 29.98s
----------------------------------------------------------------------------------------

========================================================================================
CICLO #0050 | 2026-09-03 13:49:27 UTC | símbolos=4
========================================================================================
[01/04] START Crash Boom Flip 1000 Index
[01/04] END   Crash Boom Flip 1000 Index | 0.03s | ARPS WAITING SETUP
    Motivo: m5_atr_regime,m5_structure_break,m1_rejection,m1_follow_through
[02/04] START Crash Boom Flip 150 Index
[02/04] END   Crash Boom Flip 150 Index | 0.03s | ARPS WAITING SETUP
    Motivo: m1_rejection,m1_follow_through
[03/04] START Crash Boom Flip 300 Index
[03/04] END   Crash Boom Flip 300 Index | 0.03s | ARPS WAITING SETUP
    Motivo: m5_atr_regime,m5_structure_break,m5_pullback,m1_rejection
[04/04] START Crash Boom Flip 500 Index
[04/04] END   Crash Boom Flip 500 Index | 0.02s | ARPS REGIME BLOCKED
    Motivo: ADX_M15_INSUFICIENTE
----------------------------------------------------------------------------------------
RESUMEN DEL CICLO #0050
Símbolos analizados: 4
Sin señal: 0
Esperando/otros: 4
Señales rechazadas: 0
Bloqueadas por estado/límites: 0
Validadas DRY RUN: 0
Nuevas órdenes: 0
Operaciones cerradas sincronizadas: 0
Errores: 0
Duración del ciclo: 0.13s
Intervalo objetivo: 30s
Próximo ciclo en: 29.87s
----------------------------------------------------------------------------------------

========================================================================================
CICLO #0051 | 2026-09-03 13:49:57 UTC | símbolos=0
========================================================================================
----------------------------------------------------------------------------------------
RESUMEN DEL CICLO #0051
Símbolos analizados: 0
Sin señal: 0
Esperando/otros: 0
Señales rechazadas: 0
Bloqueadas por estado/límites: 0
Validadas DRY RUN: 0
Nuevas órdenes: 0
Operaciones cerradas sincronizadas: 0
Errores: 0
Duración del ciclo: 0.01s
Intervalo objetivo: 30s
Próximo ciclo en: 29.99s
----------------------------------------------------------------------------------------

========================================================================================
CICLO #0052 | 2026-09-03 13:50:27 UTC | símbolos=4
========================================================================================
[01/04] START Crash Boom Flip 1000 Index
[01/04] END   Crash Boom Flip 1000 Index | 0.03s | ARPS WAITING SETUP
    Motivo: m5_atr_regime,m5_structure_break,m5_pullback,m1_rejection,m1_follow_through
[02/04] START Crash Boom Flip 150 Index
[02/04] END   Crash Boom Flip 150 Index | 0.02s | ARPS WAITING SETUP
    Motivo: m5_structure_break,m1_rejection
[03/04] START Crash Boom Flip 300 Index
[03/04] END   Crash Boom Flip 300 Index | 0.02s | ARPS WAITING SETUP
    Motivo: m5_atr_regime,m5_structure_break,m5_pullback,m1_rejection,m1_follow_through
[04/04] START Crash Boom Flip 500 Index
[04/04] END   Crash Boom Flip 500 Index | 0.02s | ARPS REGIME BLOCKED
    Motivo: ADX_M15_INSUFICIENTE
----------------------------------------------------------------------------------------
RESUMEN DEL CICLO #0052
Símbolos analizados: 4
Sin señal: 0
Esperando/otros: 4
Señales rechazadas: 0
Bloqueadas por estado/límites: 0
Validadas DRY RUN: 0
Nuevas órdenes: 0
Operaciones cerradas sincronizadas: 0
Errores: 0
Duración del ciclo: 0.13s
Intervalo objetivo: 30s
Próximo ciclo en: 29.87s
----------------------------------------------------------------------------------------

========================================================================================
CICLO #0053 | 2026-09-03 13:50:57 UTC | símbolos=0
========================================================================================
----------------------------------------------------------------------------------------
RESUMEN DEL CICLO #0053
Símbolos analizados: 0
Sin señal: 0
Esperando/otros: 0
Señales rechazadas: 0
Bloqueadas por estado/límites: 0
Validadas DRY RUN: 0
Nuevas órdenes: 0
Operaciones cerradas sincronizadas: 0
Errores: 0
Duración del ciclo: 0.01s
Intervalo objetivo: 30s
Próximo ciclo en: 29.99s
----------------------------------------------------------------------------------------

========================================================================================
CICLO #0054 | 2026-09-03 13:51:27 UTC | símbolos=4
========================================================================================
[01/04] START Crash Boom Flip 1000 Index
[01/04] END   Crash Boom Flip 1000 Index | 0.03s | ARPS WAITING SETUP
    Motivo: m5_atr_regime,m5_structure_break,m5_pullback,m1_rejection
[02/04] START Crash Boom Flip 150 Index
[02/04] END   Crash Boom Flip 150 Index | 0.03s | ARPS WAITING SETUP
    Motivo: m5_structure_break,m1_rejection
[03/04] START Crash Boom Flip 300 Index
[03/04] END   Crash Boom Flip 300 Index | 0.03s | ARPS WAITING SETUP
    Motivo: m5_atr_regime,m5_structure_break,m5_pullback,m1_rejection,m1_follow_through
[04/04] START Crash Boom Flip 500 Index
[04/04] END   Crash Boom Flip 500 Index | 0.02s | ARPS REGIME BLOCKED
    Motivo: ADX_M15_INSUFICIENTE
----------------------------------------------------------------------------------------
RESUMEN DEL CICLO #0054
Símbolos analizados: 4
Sin señal: 0
Esperando/otros: 4
Señales rechazadas: 0
Bloqueadas por estado/límites: 0
Validadas DRY RUN: 0
Nuevas órdenes: 0
Operaciones cerradas sincronizadas: 0
Errores: 0
Duración del ciclo: 0.14s
Intervalo objetivo: 30s
Próximo ciclo en: 29.86s
----------------------------------------------------------------------------------------

========================================================================================
CICLO #0055 | 2026-09-03 13:51:57 UTC | símbolos=0
========================================================================================
----------------------------------------------------------------------------------------
RESUMEN DEL CICLO #0055
Símbolos analizados: 0
Sin señal: 0
Esperando/otros: 0
Señales rechazadas: 0
Bloqueadas por estado/límites: 0
Validadas DRY RUN: 0
Nuevas órdenes: 0
Operaciones cerradas sincronizadas: 0
Errores: 0
Duración del ciclo: 0.01s
Intervalo objetivo: 30s
Próximo ciclo en: 29.99s
----------------------------------------------------------------------------------------

========================================================================================
CICLO #0056 | 2026-09-03 13:52:27 UTC | símbolos=4
========================================================================================
[01/04] START Crash Boom Flip 1000 Index
[01/04] END   Crash Boom Flip 1000 Index | 0.02s | ARPS WAITING SETUP
    Motivo: m5_atr_regime,m5_structure_break,m5_pullback,m1_rejection
[02/04] START Crash Boom Flip 150 Index
[02/04] END   Crash Boom Flip 150 Index | 0.03s | ARPS WAITING SETUP
    Motivo: m5_structure_break,m1_rejection,m1_follow_through
[03/04] START Crash Boom Flip 300 Index
[03/04] END   Crash Boom Flip 300 Index | 0.02s | ARPS WAITING SETUP
    Motivo: m5_atr_regime,m5_structure_break,m5_pullback,m1_rejection
[04/04] START Crash Boom Flip 500 Index
[04/04] END   Crash Boom Flip 500 Index | 0.02s | ARPS REGIME BLOCKED
    Motivo: ADX_M15_INSUFICIENTE
----------------------------------------------------------------------------------------
RESUMEN DEL CICLO #0056
Símbolos analizados: 4
Sin señal: 0
Esperando/otros: 4
Señales rechazadas: 0
Bloqueadas por estado/límites: 0
Validadas DRY RUN: 0
Nuevas órdenes: 0
Operaciones cerradas sincronizadas: 0
Errores: 0
Duración del ciclo: 0.12s
Intervalo objetivo: 30s
Próximo ciclo en: 29.88s
----------------------------------------------------------------------------------------

========================================================================================
CICLO #0057 | 2026-09-03 13:52:57 UTC | símbolos=0
========================================================================================
----------------------------------------------------------------------------------------
RESUMEN DEL CICLO #0057
Símbolos analizados: 0
Sin señal: 0
Esperando/otros: 0
Señales rechazadas: 0
Bloqueadas por estado/límites: 0
Validadas DRY RUN: 0
Nuevas órdenes: 0
Operaciones cerradas sincronizadas: 0
Errores: 0
Duración del ciclo: 0.02s
Intervalo objetivo: 30s
Próximo ciclo en: 29.98s
----------------------------------------------------------------------------------------

========================================================================================
CICLO #0058 | 2026-09-03 13:53:27 UTC | símbolos=4
========================================================================================
[01/04] START Crash Boom Flip 1000 Index
[01/04] END   Crash Boom Flip 1000 Index | 0.02s | ARPS WAITING SETUP
    Motivo: m5_atr_regime,m5_structure_break,m5_pullback,m1_rejection
[02/04] START Crash Boom Flip 150 Index
[02/04] END   Crash Boom Flip 150 Index | 0.02s | ARPS WAITING SETUP
    Motivo: m5_structure_break,m1_rejection,m1_follow_through
[03/04] START Crash Boom Flip 300 Index
[03/04] END   Crash Boom Flip 300 Index | 0.03s | ARPS WAITING SETUP
    Motivo: m5_atr_regime,m5_structure_break,m5_pullback,m1_rejection,m1_follow_through
[04/04] START Crash Boom Flip 500 Index
[04/04] END   Crash Boom Flip 500 Index | 0.02s | ARPS REGIME BLOCKED
    Motivo: ADX_M15_INSUFICIENTE
----------------------------------------------------------------------------------------
RESUMEN DEL CICLO #0058
Símbolos analizados: 4
Sin señal: 0
Esperando/otros: 4
Señales rechazadas: 0
Bloqueadas por estado/límites: 0
Validadas DRY RUN: 0
Nuevas órdenes: 0
Operaciones cerradas sincronizadas: 0
Errores: 0
Duración del ciclo: 0.12s
Intervalo objetivo: 30s
Próximo ciclo en: 29.88s
----------------------------------------------------------------------------------------

========================================================================================
CICLO #0059 | 2026-09-03 13:53:57 UTC | símbolos=0
========================================================================================
----------------------------------------------------------------------------------------
RESUMEN DEL CICLO #0059
Símbolos analizados: 0
Sin señal: 0
Esperando/otros: 0
Señales rechazadas: 0
Bloqueadas por estado/límites: 0
Validadas DRY RUN: 0
Nuevas órdenes: 0
Operaciones cerradas sincronizadas: 0
Errores: 0
Duración del ciclo: 0.01s
Intervalo objetivo: 30s
Próximo ciclo en: 29.99s
----------------------------------------------------------------------------------------

========================================================================================
CICLO #0060 | 2026-09-03 13:54:27 UTC | símbolos=4
========================================================================================
[01/04] START Crash Boom Flip 1000 Index
[01/04] END   Crash Boom Flip 1000 Index | 0.02s | ARPS WAITING SETUP
    Motivo: m5_atr_regime,m5_structure_break,m5_pullback,m1_rejection
[02/04] START Crash Boom Flip 150 Index
[02/04] END   Crash Boom Flip 150 Index | 0.02s | ARPS WAITING SETUP
    Motivo: m5_structure_break,m1_rejection,m1_follow_through
[03/04] START Crash Boom Flip 300 Index
[03/04] END   Crash Boom Flip 300 Index | 0.02s | ARPS WAITING SETUP
    Motivo: m5_atr_regime,m5_structure_break,m5_pullback,m1_rejection,m1_follow_through
[04/04] START Crash Boom Flip 500 Index
[04/04] END   Crash Boom Flip 500 Index | 0.02s | ARPS REGIME BLOCKED
    Motivo: ADX_M15_INSUFICIENTE
----------------------------------------------------------------------------------------
RESUMEN DEL CICLO #0060
Símbolos analizados: 4
Sin señal: 0
Esperando/otros: 4
Señales rechazadas: 0
Bloqueadas por estado/límites: 0
Validadas DRY RUN: 0
Nuevas órdenes: 0
Operaciones cerradas sincronizadas: 0
Errores: 0
Duración del ciclo: 0.11s
Intervalo objetivo: 30s
Próximo ciclo en: 29.89s
----------------------------------------------------------------------------------------

========================================================================================
CICLO #0061 | 2026-09-03 13:54:57 UTC | símbolos=0
========================================================================================
----------------------------------------------------------------------------------------
RESUMEN DEL CICLO #0061
Símbolos analizados: 0
Sin señal: 0
Esperando/otros: 0
Señales rechazadas: 0
Bloqueadas por estado/límites: 0
Validadas DRY RUN: 0
Nuevas órdenes: 0
Operaciones cerradas sincronizadas: 0
Errores: 0
Duración del ciclo: 0.02s
Intervalo objetivo: 30s
Próximo ciclo en: 29.98s
----------------------------------------------------------------------------------------

========================================================================================
CICLO #0062 | 2026-09-03 13:55:27 UTC | símbolos=4
========================================================================================
[01/04] START Crash Boom Flip 1000 Index
[01/04] END   Crash Boom Flip 1000 Index | 0.02s | ARPS WAITING SETUP
    Motivo: m5_atr_regime,m5_structure_break,m5_pullback,m1_rejection
[02/04] START Crash Boom Flip 150 Index
[02/04] END   Crash Boom Flip 150 Index | 0.02s | ARPS WAITING SETUP
    Motivo: m5_structure_break,m1_rejection,m1_follow_through
[03/04] START Crash Boom Flip 300 Index
[03/04] END   Crash Boom Flip 300 Index | 0.02s | ARPS WAITING SETUP
    Motivo: m5_atr_regime,m5_structure_break,m5_pullback,m1_rejection,m1_follow_through
[04/04] START Crash Boom Flip 500 Index
[04/04] END   Crash Boom Flip 500 Index | 0.02s | ARPS REGIME BLOCKED
    Motivo: ADX_M15_INSUFICIENTE
----------------------------------------------------------------------------------------
RESUMEN DEL CICLO #0062
Símbolos analizados: 4
Sin señal: 0
Esperando/otros: 4
Señales rechazadas: 0
Bloqueadas por estado/límites: 0
Validadas DRY RUN: 0
Nuevas órdenes: 0
Operaciones cerradas sincronizadas: 0
Errores: 0
Duración del ciclo: 0.11s
Intervalo objetivo: 30s
Próximo ciclo en: 29.89s
----------------------------------------------------------------------------------------

========================================================================================
CICLO #0063 | 2026-09-03 13:55:57 UTC | símbolos=0
========================================================================================
----------------------------------------------------------------------------------------
RESUMEN DEL CICLO #0063
Símbolos analizados: 0
Sin señal: 0
Esperando/otros: 0
Señales rechazadas: 0
Bloqueadas por estado/límites: 0
Validadas DRY RUN: 0
Nuevas órdenes: 0
Operaciones cerradas sincronizadas: 0
Errores: 0
Duración del ciclo: 0.02s
Intervalo objetivo: 30s
Próximo ciclo en: 29.98s
----------------------------------------------------------------------------------------

========================================================================================
CICLO #0064 | 2026-09-03 13:56:27 UTC | símbolos=4
========================================================================================
[01/04] START Crash Boom Flip 1000 Index
[01/04] END   Crash Boom Flip 1000 Index | 0.02s | ARPS WAITING SETUP
    Motivo: m5_atr_regime,m5_structure_break,m5_pullback,m1_rejection
[02/04] START Crash Boom Flip 150 Index
[02/04] END   Crash Boom Flip 150 Index | 0.02s | ARPS WAITING SETUP
    Motivo: m5_structure_break,m1_rejection
[03/04] START Crash Boom Flip 300 Index
[03/04] END   Crash Boom Flip 300 Index | 0.02s | ARPS WAITING SETUP
    Motivo: m5_atr_regime,m5_structure_break,m5_pullback,m1_rejection,m1_follow_through
[04/04] START Crash Boom Flip 500 Index
[04/04] END   Crash Boom Flip 500 Index | 0.02s | ARPS REGIME BLOCKED
    Motivo: ADX_M15_INSUFICIENTE
----------------------------------------------------------------------------------------
RESUMEN DEL CICLO #0064
Símbolos analizados: 4
Sin señal: 0
Esperando/otros: 4
Señales rechazadas: 0
Bloqueadas por estado/límites: 0
Validadas DRY RUN: 0
Nuevas órdenes: 0
Operaciones cerradas sincronizadas: 0
Errores: 0
Duración del ciclo: 0.09s
Intervalo objetivo: 30s
Próximo ciclo en: 29.91s
----------------------------------------------------------------------------------------

========================================================================================
CICLO #0065 | 2026-09-03 13:56:57 UTC | símbolos=0
========================================================================================
----------------------------------------------------------------------------------------
RESUMEN DEL CICLO #0065
Símbolos analizados: 0
Sin señal: 0
Esperando/otros: 0
Señales rechazadas: 0
Bloqueadas por estado/límites: 0
Validadas DRY RUN: 0
Nuevas órdenes: 0
Operaciones cerradas sincronizadas: 0
Errores: 0
Duración del ciclo: 0.01s
Intervalo objetivo: 30s
Próximo ciclo en: 29.99s
----------------------------------------------------------------------------------------

========================================================================================
CICLO #0066 | 2026-09-03 13:57:27 UTC | símbolos=4
========================================================================================
[01/04] START Crash Boom Flip 1000 Index
[01/04] END   Crash Boom Flip 1000 Index | 0.03s | ARPS WAITING SETUP
    Motivo: m5_atr_regime,m5_structure_break,m5_pullback,m1_rejection
[02/04] START Crash Boom Flip 150 Index
[02/04] END   Crash Boom Flip 150 Index | 0.03s | ARPS WAITING SETUP
    Motivo: m5_structure_break,m1_rejection
[03/04] START Crash Boom Flip 300 Index
[03/04] END   Crash Boom Flip 300 Index | 0.03s | ARPS WAITING SETUP
    Motivo: m5_atr_regime,m5_structure_break,m5_pullback,m1_rejection
[04/04] START Crash Boom Flip 500 Index
[04/04] END   Crash Boom Flip 500 Index | 0.03s | ARPS REGIME BLOCKED
    Motivo: ADX_M15_INSUFICIENTE
----------------------------------------------------------------------------------------
RESUMEN DEL CICLO #0066
Símbolos analizados: 4
Sin señal: 0
Esperando/otros: 4
Señales rechazadas: 0
Bloqueadas por estado/límites: 0
Validadas DRY RUN: 0
Nuevas órdenes: 0
Operaciones cerradas sincronizadas: 0
Errores: 0
Duración del ciclo: 0.17s
Intervalo objetivo: 30s
Próximo ciclo en: 29.83s
----------------------------------------------------------------------------------------

========================================================================================
CICLO #0067 | 2026-09-03 13:57:57 UTC | símbolos=0
========================================================================================
----------------------------------------------------------------------------------------
RESUMEN DEL CICLO #0067
Símbolos analizados: 0
Sin señal: 0
Esperando/otros: 0
Señales rechazadas: 0
Bloqueadas por estado/límites: 0
Validadas DRY RUN: 0
Nuevas órdenes: 0
Operaciones cerradas sincronizadas: 0
Errores: 0
Duración del ciclo: 0.01s
Intervalo objetivo: 30s
Próximo ciclo en: 29.99s
----------------------------------------------------------------------------------------

========================================================================================
CICLO #0068 | 2026-09-03 13:58:27 UTC | símbolos=4
========================================================================================
[01/04] START Crash Boom Flip 1000 Index
[01/04] END   Crash Boom Flip 1000 Index | 0.02s | ARPS WAITING SETUP
    Motivo: m5_atr_regime,m5_structure_break,m5_pullback,m1_rejection
[02/04] START Crash Boom Flip 150 Index
[02/04] END   Crash Boom Flip 150 Index | 0.02s | ARPS WAITING SETUP
    Motivo: m5_structure_break
[03/04] START Crash Boom Flip 300 Index
[03/04] END   Crash Boom Flip 300 Index | 0.02s | ARPS WAITING SETUP
    Motivo: m5_atr_regime,m5_structure_break,m5_pullback,m1_rejection,m1_follow_through
[04/04] START Crash Boom Flip 500 Index
[04/04] END   Crash Boom Flip 500 Index | 0.02s | ARPS REGIME BLOCKED
    Motivo: ADX_M15_INSUFICIENTE
----------------------------------------------------------------------------------------
RESUMEN DEL CICLO #0068
Símbolos analizados: 4
Sin señal: 0
Esperando/otros: 4
Señales rechazadas: 0
Bloqueadas por estado/límites: 0
Validadas DRY RUN: 0
Nuevas órdenes: 0
Operaciones cerradas sincronizadas: 0
Errores: 0
Duración del ciclo: 0.11s
Intervalo objetivo: 30s
Próximo ciclo en: 29.89s
----------------------------------------------------------------------------------------

========================================================================================
CICLO #0069 | 2026-09-03 13:58:57 UTC | símbolos=0
========================================================================================
----------------------------------------------------------------------------------------
RESUMEN DEL CICLO #0069
Símbolos analizados: 0
Sin señal: 0
Esperando/otros: 0
Señales rechazadas: 0
Bloqueadas por estado/límites: 0
Validadas DRY RUN: 0
Nuevas órdenes: 0
Operaciones cerradas sincronizadas: 0
Errores: 0
Duración del ciclo: 0.02s
Intervalo objetivo: 30s
Próximo ciclo en: 29.98s
----------------------------------------------------------------------------------------

========================================================================================
CICLO #0070 | 2026-09-03 13:59:27 UTC | símbolos=4
========================================================================================
[01/04] START Crash Boom Flip 1000 Index
[01/04] END   Crash Boom Flip 1000 Index | 0.02s | ARPS WAITING SETUP
    Motivo: m5_atr_regime,m5_structure_break,m5_pullback,m1_rejection
[02/04] START Crash Boom Flip 150 Index
[02/04] END   Crash Boom Flip 150 Index | 0.02s | ARPS WAITING SETUP
    Motivo: m5_structure_break,m1_rejection,m1_follow_through
[03/04] START Crash Boom Flip 300 Index
[03/04] END   Crash Boom Flip 300 Index | 0.02s | ARPS WAITING SETUP
    Motivo: m5_atr_regime,m5_structure_break,m5_pullback,m1_rejection,m1_follow_through
[04/04] START Crash Boom Flip 500 Index
[04/04] END   Crash Boom Flip 500 Index | 0.02s | ARPS REGIME BLOCKED
    Motivo: ADX_M15_INSUFICIENTE
----------------------------------------------------------------------------------------
RESUMEN DEL CICLO #0070
Símbolos analizados: 4
Sin señal: 0
Esperando/otros: 4
Señales rechazadas: 0
Bloqueadas por estado/límites: 0
Validadas DRY RUN: 0
Nuevas órdenes: 0
Operaciones cerradas sincronizadas: 0
Errores: 0
Duración del ciclo: 0.11s
Intervalo objetivo: 30s
Próximo ciclo en: 29.89s
----------------------------------------------------------------------------------------

========================================================================================
CICLO #0071 | 2026-09-03 13:59:57 UTC | símbolos=0
========================================================================================
----------------------------------------------------------------------------------------
RESUMEN DEL CICLO #0071
Símbolos analizados: 0
Sin señal: 0
Esperando/otros: 0
Señales rechazadas: 0
Bloqueadas por estado/límites: 0
Validadas DRY RUN: 0
Nuevas órdenes: 0
Operaciones cerradas sincronizadas: 0
Errores: 0
Duración del ciclo: 0.01s
Intervalo objetivo: 30s
Próximo ciclo en: 29.99s
----------------------------------------------------------------------------------------

========================================================================================
CICLO #0072 | 2026-09-03 14:00:27 UTC | símbolos=4
========================================================================================
[01/04] START Crash Boom Flip 1000 Index
[01/04] END   Crash Boom Flip 1000 Index | 0.04s | ARPS WAITING SETUP
    Motivo: m5_atr_regime,m5_structure_break,m5_pullback,m1_rejection
[02/04] START Crash Boom Flip 150 Index
[02/04] END   Crash Boom Flip 150 Index | 0.04s | ARPS WAITING SETUP
    Motivo: m5_structure_break,m1_rejection,m1_follow_through
[03/04] START Crash Boom Flip 300 Index
[03/04] END   Crash Boom Flip 300 Index | 0.04s | ARPS WAITING SETUP
    Motivo: m5_atr_regime,m5_structure_break,m5_pullback,m1_rejection,m1_follow_through
[04/04] START Crash Boom Flip 500 Index
[04/04] END   Crash Boom Flip 500 Index | 0.04s | ARPS REGIME BLOCKED
    Motivo: ADX_M15_INSUFICIENTE
----------------------------------------------------------------------------------------
RESUMEN DEL CICLO #0072
Símbolos analizados: 4
Sin señal: 0
Esperando/otros: 4
Señales rechazadas: 0
Bloqueadas por estado/límites: 0
Validadas DRY RUN: 0
Nuevas órdenes: 0
Operaciones cerradas sincronizadas: 0
Errores: 0
Duración del ciclo: 0.21s
Intervalo objetivo: 30s
Próximo ciclo en: 29.79s
----------------------------------------------------------------------------------------

========================================================================================
CICLO #0073 | 2026-09-03 14:00:57 UTC | símbolos=0
========================================================================================
----------------------------------------------------------------------------------------
RESUMEN DEL CICLO #0073
Símbolos analizados: 0
Sin señal: 0
Esperando/otros: 0
Señales rechazadas: 0
Bloqueadas por estado/límites: 0
Validadas DRY RUN: 0
Nuevas órdenes: 0
Operaciones cerradas sincronizadas: 0
Errores: 0
Duración del ciclo: 0.01s
Intervalo objetivo: 30s
Próximo ciclo en: 29.99s
----------------------------------------------------------------------------------------

========================================================================================
CICLO #0074 | 2026-09-03 14:01:27 UTC | símbolos=4
========================================================================================
[01/04] START Crash Boom Flip 1000 Index
[01/04] END   Crash Boom Flip 1000 Index | 0.02s | ARPS WAITING SETUP
    Motivo: m5_atr_regime,m5_structure_break,m5_pullback,m1_rejection
[02/04] START Crash Boom Flip 150 Index
[02/04] END   Crash Boom Flip 150 Index | 0.02s | ARPS WAITING SETUP
    Motivo: m5_structure_break,m1_rejection,m1_follow_through,m1_strong_close
[03/04] START Crash Boom Flip 300 Index
[03/04] END   Crash Boom Flip 300 Index | 0.02s | ARPS WAITING SETUP
    Motivo: m5_atr_regime,m5_structure_break,m5_pullback,m1_rejection,m1_follow_through
[04/04] START Crash Boom Flip 500 Index
[04/04] END   Crash Boom Flip 500 Index | 0.02s | ARPS REGIME BLOCKED
    Motivo: ADX_M15_INSUFICIENTE
----------------------------------------------------------------------------------------
RESUMEN DEL CICLO #0074
Símbolos analizados: 4
Sin señal: 0
Esperando/otros: 4
Señales rechazadas: 0
Bloqueadas por estado/límites: 0
Validadas DRY RUN: 0
Nuevas órdenes: 0
Operaciones cerradas sincronizadas: 0
Errores: 0
Duración del ciclo: 0.09s
Intervalo objetivo: 30s
Próximo ciclo en: 29.91s
----------------------------------------------------------------------------------------

========================================================================================
CICLO #0075 | 2026-09-03 14:01:57 UTC | símbolos=0
========================================================================================
----------------------------------------------------------------------------------------
RESUMEN DEL CICLO #0075
Símbolos analizados: 0
Sin señal: 0
Esperando/otros: 0
Señales rechazadas: 0
Bloqueadas por estado/límites: 0
Validadas DRY RUN: 0
Nuevas órdenes: 0
Operaciones cerradas sincronizadas: 0
Errores: 0
Duración del ciclo: 0.01s
Intervalo objetivo: 30s
Próximo ciclo en: 29.99s
----------------------------------------------------------------------------------------

========================================================================================
CICLO #0076 | 2026-09-03 14:02:27 UTC | símbolos=4
========================================================================================
[01/04] START Crash Boom Flip 1000 Index
[01/04] END   Crash Boom Flip 1000 Index | 0.03s | ARPS WAITING SETUP
    Motivo: m5_atr_regime,m5_structure_break,m5_pullback,m1_rejection,m1_follow_through
[02/04] START Crash Boom Flip 150 Index
[02/04] END   Crash Boom Flip 150 Index | 0.03s | ARPS WAITING SETUP
    Motivo: m5_structure_break,m1_rejection
[03/04] START Crash Boom Flip 300 Index
[03/04] END   Crash Boom Flip 300 Index | 0.03s | ARPS WAITING SETUP
    Motivo: m5_atr_regime,m5_structure_break,m5_pullback,m1_rejection,m1_follow_through
[04/04] START Crash Boom Flip 500 Index
[04/04] END   Crash Boom Flip 500 Index | 0.02s | ARPS REGIME BLOCKED
    Motivo: ADX_M15_INSUFICIENTE
----------------------------------------------------------------------------------------
RESUMEN DEL CICLO #0076
Símbolos analizados: 4
Sin señal: 0
Esperando/otros: 4
Señales rechazadas: 0
Bloqueadas por estado/límites: 0
Validadas DRY RUN: 0
Nuevas órdenes: 0
Operaciones cerradas sincronizadas: 0
Errores: 0
Duración del ciclo: 0.14s
Intervalo objetivo: 30s
Próximo ciclo en: 29.86s
----------------------------------------------------------------------------------------

========================================================================================
CICLO #0077 | 2026-09-03 14:02:57 UTC | símbolos=0
========================================================================================
----------------------------------------------------------------------------------------
RESUMEN DEL CICLO #0077
Símbolos analizados: 0
Sin señal: 0
Esperando/otros: 0
Señales rechazadas: 0
Bloqueadas por estado/límites: 0
Validadas DRY RUN: 0
Nuevas órdenes: 0
Operaciones cerradas sincronizadas: 0
Errores: 0
Duración del ciclo: 0.02s
Intervalo objetivo: 30s
Próximo ciclo en: 29.98s
----------------------------------------------------------------------------------------

========================================================================================
CICLO #0078 | 2026-09-03 14:03:27 UTC | símbolos=4
========================================================================================
[01/04] START Crash Boom Flip 1000 Index
[01/04] END   Crash Boom Flip 1000 Index | 0.02s | ARPS WAITING SETUP
    Motivo: m5_atr_regime,m5_structure_break,m5_pullback,m1_rejection,m1_follow_through
[02/04] START Crash Boom Flip 150 Index
[02/04] END   Crash Boom Flip 150 Index | 0.02s | ARPS WAITING SETUP
    Motivo: m5_structure_break,m1_rejection
[03/04] START Crash Boom Flip 300 Index
[03/04] END   Crash Boom Flip 300 Index | 0.02s | ARPS WAITING SETUP
    Motivo: m5_atr_regime,m5_structure_break,m5_pullback,m1_rejection
[04/04] START Crash Boom Flip 500 Index
[04/04] END   Crash Boom Flip 500 Index | 0.02s | ARPS REGIME BLOCKED
    Motivo: ADX_M15_INSUFICIENTE
----------------------------------------------------------------------------------------
RESUMEN DEL CICLO #0078
Símbolos analizados: 4
Sin señal: 0
Esperando/otros: 4
Señales rechazadas: 0
Bloqueadas por estado/límites: 0
Validadas DRY RUN: 0
Nuevas órdenes: 0
Operaciones cerradas sincronizadas: 0
Errores: 0
Duración del ciclo: 0.11s
Intervalo objetivo: 30s
Próximo ciclo en: 29.89s
----------------------------------------------------------------------------------------

========================================================================================
CICLO #0079 | 2026-09-03 14:03:57 UTC | símbolos=0
========================================================================================
----------------------------------------------------------------------------------------
RESUMEN DEL CICLO #0079
Símbolos analizados: 0
Sin señal: 0
Esperando/otros: 0
Señales rechazadas: 0
Bloqueadas por estado/límites: 0
Validadas DRY RUN: 0
Nuevas órdenes: 0
Operaciones cerradas sincronizadas: 0
Errores: 0
Duración del ciclo: 0.02s
Intervalo objetivo: 30s
Próximo ciclo en: 29.98s
----------------------------------------------------------------------------------------

========================================================================================
CICLO #0080 | 2026-09-03 14:04:27 UTC | símbolos=4
========================================================================================
[01/04] START Crash Boom Flip 1000 Index
[01/04] END   Crash Boom Flip 1000 Index | 0.03s | ARPS WAITING SETUP
    Motivo: m5_atr_regime,m5_structure_break,m5_pullback,m1_rejection,m1_follow_through
[02/04] START Crash Boom Flip 150 Index
[02/04] END   Crash Boom Flip 150 Index | 0.03s | ARPS WAITING SETUP
    Motivo: m5_structure_break,m1_rejection,m1_follow_through
[03/04] START Crash Boom Flip 300 Index
[03/04] END   Crash Boom Flip 300 Index | 0.02s | ARPS WAITING SETUP
    Motivo: m5_atr_regime,m5_structure_break,m5_pullback,m1_rejection,m1_follow_through
[04/04] START Crash Boom Flip 500 Index
[04/04] END   Crash Boom Flip 500 Index | 0.02s | ARPS REGIME BLOCKED
    Motivo: ADX_M15_INSUFICIENTE
----------------------------------------------------------------------------------------
RESUMEN DEL CICLO #0080
Símbolos analizados: 4
Sin señal: 0
Esperando/otros: 4
Señales rechazadas: 0
Bloqueadas por estado/límites: 0
Validadas DRY RUN: 0
Nuevas órdenes: 0
Operaciones cerradas sincronizadas: 0
Errores: 0
Duración del ciclo: 0.13s
Intervalo objetivo: 30s
Próximo ciclo en: 29.87s
----------------------------------------------------------------------------------------

========================================================================================
CICLO #0081 | 2026-09-03 14:04:57 UTC | símbolos=0
========================================================================================
----------------------------------------------------------------------------------------
RESUMEN DEL CICLO #0081
Símbolos analizados: 0
Sin señal: 0
Esperando/otros: 0
Señales rechazadas: 0
Bloqueadas por estado/límites: 0
Validadas DRY RUN: 0
Nuevas órdenes: 0
Operaciones cerradas sincronizadas: 0
Errores: 0
Duración del ciclo: 0.01s
Intervalo objetivo: 30s
Próximo ciclo en: 29.99s
----------------------------------------------------------------------------------------

========================================================================================
CICLO #0082 | 2026-09-03 14:05:27 UTC | símbolos=4
========================================================================================
[01/04] START Crash Boom Flip 1000 Index
[01/04] END   Crash Boom Flip 1000 Index | 0.02s | ARPS WAITING SETUP
    Motivo: m5_atr_regime,m5_structure_break,m5_pullback,m1_rejection,m1_follow_through
[02/04] START Crash Boom Flip 150 Index
[02/04] END   Crash Boom Flip 150 Index | 0.02s | ARPS WAITING SETUP
    Motivo: m5_structure_break,m1_rejection,m1_follow_through
[03/04] START Crash Boom Flip 300 Index
[03/04] END   Crash Boom Flip 300 Index | 0.02s | ARPS WAITING SETUP
    Motivo: m5_atr_regime,m5_structure_break,m5_pullback,m1_rejection,m1_follow_through
[04/04] START Crash Boom Flip 500 Index
[04/04] END   Crash Boom Flip 500 Index | 0.02s | ARPS REGIME BLOCKED
    Motivo: ADX_M15_INSUFICIENTE
----------------------------------------------------------------------------------------
RESUMEN DEL CICLO #0082
Símbolos analizados: 4
Sin señal: 0
Esperando/otros: 4
Señales rechazadas: 0
Bloqueadas por estado/límites: 0
Validadas DRY RUN: 0
Nuevas órdenes: 0
Operaciones cerradas sincronizadas: 0
Errores: 0
Duración del ciclo: 0.12s
Intervalo objetivo: 30s
Próximo ciclo en: 29.88s
----------------------------------------------------------------------------------------

========================================================================================
CICLO #0083 | 2026-09-03 14:05:57 UTC | símbolos=0
========================================================================================
----------------------------------------------------------------------------------------
RESUMEN DEL CICLO #0083
Símbolos analizados: 0
Sin señal: 0
Esperando/otros: 0
Señales rechazadas: 0
Bloqueadas por estado/límites: 0
Validadas DRY RUN: 0
Nuevas órdenes: 0
Operaciones cerradas sincronizadas: 0
Errores: 0
Duración del ciclo: 0.02s
Intervalo objetivo: 30s
Próximo ciclo en: 29.98s
----------------------------------------------------------------------------------------

========================================================================================
CICLO #0084 | 2026-09-03 14:06:27 UTC | símbolos=4
========================================================================================
[01/04] START Crash Boom Flip 1000 Index
[01/04] END   Crash Boom Flip 1000 Index | 0.02s | ARPS WAITING SETUP
    Motivo: m5_atr_regime,m5_structure_break,m5_pullback,m1_rejection,m1_follow_through
[02/04] START Crash Boom Flip 150 Index
[02/04] END   Crash Boom Flip 150 Index | 0.02s | ARPS WAITING SETUP
    Motivo: m5_structure_break,m1_rejection
[03/04] START Crash Boom Flip 300 Index
[03/04] END   Crash Boom Flip 300 Index | 0.02s | ARPS WAITING SETUP
    Motivo: m5_atr_regime,m5_structure_break,m5_pullback,m1_rejection,m1_follow_through
[04/04] START Crash Boom Flip 500 Index
[04/04] END   Crash Boom Flip 500 Index | 0.02s | ARPS REGIME BLOCKED
    Motivo: ADX_M15_INSUFICIENTE
----------------------------------------------------------------------------------------
RESUMEN DEL CICLO #0084
Símbolos analizados: 4
Sin señal: 0
Esperando/otros: 4
Señales rechazadas: 0
Bloqueadas por estado/límites: 0
Validadas DRY RUN: 0
Nuevas órdenes: 0
Operaciones cerradas sincronizadas: 0
Errores: 0
Duración del ciclo: 0.10s
Intervalo objetivo: 30s
Próximo ciclo en: 29.90s
----------------------------------------------------------------------------------------

========================================================================================
CICLO #0085 | 2026-09-03 14:06:57 UTC | símbolos=0
========================================================================================
----------------------------------------------------------------------------------------
RESUMEN DEL CICLO #0085
Símbolos analizados: 0
Sin señal: 0
Esperando/otros: 0
Señales rechazadas: 0
Bloqueadas por estado/límites: 0
Validadas DRY RUN: 0
Nuevas órdenes: 0
Operaciones cerradas sincronizadas: 0
Errores: 0
Duración del ciclo: 0.02s
Intervalo objetivo: 30s
Próximo ciclo en: 29.98s
----------------------------------------------------------------------------------------

========================================================================================
CICLO #0086 | 2026-09-03 14:07:27 UTC | símbolos=4
========================================================================================
[01/04] START Crash Boom Flip 1000 Index
[01/04] END   Crash Boom Flip 1000 Index | 0.03s | ARPS WAITING SETUP
    Motivo: m5_atr_regime,m5_structure_break,m5_pullback,m1_rejection,m1_follow_through
[02/04] START Crash Boom Flip 150 Index
[02/04] END   Crash Boom Flip 150 Index | 0.03s | ARPS WAITING SETUP
    Motivo: m5_structure_break,m1_rejection,m1_follow_through
[03/04] START Crash Boom Flip 300 Index
[03/04] END   Crash Boom Flip 300 Index | 0.03s | ARPS WAITING SETUP
    Motivo: m5_atr_regime,m5_structure_break,m5_pullback,m1_rejection,m1_follow_through
[04/04] START Crash Boom Flip 500 Index
[04/04] END   Crash Boom Flip 500 Index | 0.03s | ARPS REGIME BLOCKED
    Motivo: ADX_M15_INSUFICIENTE
----------------------------------------------------------------------------------------
RESUMEN DEL CICLO #0086
Símbolos analizados: 4
Sin señal: 0
Esperando/otros: 4
Señales rechazadas: 0
Bloqueadas por estado/límites: 0
Validadas DRY RUN: 0
Nuevas órdenes: 0
Operaciones cerradas sincronizadas: 0
Errores: 0
Duración del ciclo: 0.15s
Intervalo objetivo: 30s
Próximo ciclo en: 29.85s
----------------------------------------------------------------------------------------

========================================================================================
CICLO #0087 | 2026-09-03 14:07:57 UTC | símbolos=0
========================================================================================
----------------------------------------------------------------------------------------
RESUMEN DEL CICLO #0087
Símbolos analizados: 0
Sin señal: 0
Esperando/otros: 0
Señales rechazadas: 0
Bloqueadas por estado/límites: 0
Validadas DRY RUN: 0
Nuevas órdenes: 0
Operaciones cerradas sincronizadas: 0
Errores: 0
Duración del ciclo: 0.02s
Intervalo objetivo: 30s
Próximo ciclo en: 29.98s
----------------------------------------------------------------------------------------

========================================================================================
CICLO #0088 | 2026-09-03 14:08:27 UTC | símbolos=4
========================================================================================
[01/04] START Crash Boom Flip 1000 Index
[01/04] END   Crash Boom Flip 1000 Index | 0.03s | ARPS WAITING SETUP
    Motivo: m5_atr_regime,m5_structure_break,m5_pullback,m1_rejection,m1_follow_through
[02/04] START Crash Boom Flip 150 Index
[02/04] END   Crash Boom Flip 150 Index | 0.03s | ARPS WAITING SETUP
    Motivo: m5_structure_break,m1_rejection,m1_follow_through
[03/04] START Crash Boom Flip 300 Index
[03/04] END   Crash Boom Flip 300 Index | 0.02s | ARPS WAITING SETUP
    Motivo: m5_atr_regime,m5_structure_break,m5_pullback,m1_rejection,m1_follow_through
[04/04] START Crash Boom Flip 500 Index
[04/04] END   Crash Boom Flip 500 Index | 0.03s | ARPS REGIME BLOCKED
    Motivo: ADX_M15_INSUFICIENTE
----------------------------------------------------------------------------------------
RESUMEN DEL CICLO #0088
Símbolos analizados: 4
Sin señal: 0
Esperando/otros: 4
Señales rechazadas: 0
Bloqueadas por estado/límites: 0
Validadas DRY RUN: 0
Nuevas órdenes: 0
Operaciones cerradas sincronizadas: 0
Errores: 0
Duración del ciclo: 0.13s
Intervalo objetivo: 30s
Próximo ciclo en: 29.87s
----------------------------------------------------------------------------------------

========================================================================================
CICLO #0089 | 2026-09-03 14:08:57 UTC | símbolos=0
========================================================================================
----------------------------------------------------------------------------------------
RESUMEN DEL CICLO #0089
Símbolos analizados: 0
Sin señal: 0
Esperando/otros: 0
Señales rechazadas: 0
Bloqueadas por estado/límites: 0
Validadas DRY RUN: 0
Nuevas órdenes: 0
Operaciones cerradas sincronizadas: 0
Errores: 0
Duración del ciclo: 0.01s
Intervalo objetivo: 30s
Próximo ciclo en: 29.99s
----------------------------------------------------------------------------------------

========================================================================================
CICLO #0090 | 2026-09-03 14:09:27 UTC | símbolos=4
========================================================================================
[01/04] START Crash Boom Flip 1000 Index
[01/04] END   Crash Boom Flip 1000 Index | 0.03s | ARPS WAITING SETUP
    Motivo: m5_atr_regime,m5_structure_break,m5_pullback,m1_rejection,m1_follow_through
[02/04] START Crash Boom Flip 150 Index
[02/04] END   Crash Boom Flip 150 Index | 0.03s | ARPS WAITING SETUP
    Motivo: m5_structure_break,m1_rejection
[03/04] START Crash Boom Flip 300 Index
[03/04] END   Crash Boom Flip 300 Index | 0.03s | ARPS WAITING SETUP
    Motivo: m5_atr_regime,m5_structure_break,m5_pullback,m1_rejection,m1_follow_through
[04/04] START Crash Boom Flip 500 Index
[04/04] END   Crash Boom Flip 500 Index | 0.03s | ARPS REGIME BLOCKED
    Motivo: ADX_M15_INSUFICIENTE
----------------------------------------------------------------------------------------
RESUMEN DEL CICLO #0090
Símbolos analizados: 4
Sin señal: 0
Esperando/otros: 4
Señales rechazadas: 0
Bloqueadas por estado/límites: 0
Validadas DRY RUN: 0
Nuevas órdenes: 0
Operaciones cerradas sincronizadas: 0
Errores: 0
Duración del ciclo: 0.15s
Intervalo objetivo: 30s
Próximo ciclo en: 29.85s
----------------------------------------------------------------------------------------

========================================================================================
CICLO #0091 | 2026-09-03 14:09:57 UTC | símbolos=0
========================================================================================
----------------------------------------------------------------------------------------
RESUMEN DEL CICLO #0091
Símbolos analizados: 0
Sin señal: 0
Esperando/otros: 0
Señales rechazadas: 0
Bloqueadas por estado/límites: 0
Validadas DRY RUN: 0
Nuevas órdenes: 0
Operaciones cerradas sincronizadas: 0
Errores: 0
Duración del ciclo: 0.02s
Intervalo objetivo: 30s
Próximo ciclo en: 29.98s
----------------------------------------------------------------------------------------

========================================================================================
CICLO #0092 | 2026-09-03 14:10:27 UTC | símbolos=4
========================================================================================
[01/04] START Crash Boom Flip 1000 Index
[01/04] END   Crash Boom Flip 1000 Index | 0.04s | ARPS WAITING SETUP
    Motivo: m5_atr_regime,m5_structure_break,m5_pullback,m1_rejection,m1_follow_through
[02/04] START Crash Boom Flip 150 Index
[02/04] END   Crash Boom Flip 150 Index | 0.03s | ARPS WAITING SETUP
    Motivo: m5_structure_break,m1_rejection
[03/04] START Crash Boom Flip 300 Index
[03/04] END   Crash Boom Flip 300 Index | 0.03s | ARPS WAITING SETUP
    Motivo: m5_atr_regime,m5_structure_break,m5_pullback,m1_rejection,m1_follow_through
[04/04] START Crash Boom Flip 500 Index
[04/04] END   Crash Boom Flip 500 Index | 0.02s | ARPS REGIME BLOCKED
    Motivo: ADX_M15_INSUFICIENTE
----------------------------------------------------------------------------------------
RESUMEN DEL CICLO #0092
Símbolos analizados: 4
Sin señal: 0
Esperando/otros: 4
Señales rechazadas: 0
Bloqueadas por estado/límites: 0
Validadas DRY RUN: 0
Nuevas órdenes: 0
Operaciones cerradas sincronizadas: 0
Errores: 0
Duración del ciclo: 0.15s
Intervalo objetivo: 30s
Próximo ciclo en: 29.85s
----------------------------------------------------------------------------------------
Bot detenido por el usuario.
