========================================================================
DERIV DEMO EXECUTION PREFLIGHT
========================================================================
[OK] MT5_ACCOUNT_INFO {'login': 41108926, 'server': 'Deriv-Demo', 'currency': 'USD', 'balance': 10000.0, 'equity': 10000.0, 'margin': 0.0, 'free_margin': 10000.0, 'profit': 0.0, 'leverage': 1000, 'trade_mode': 0, 'snapshot_time': datetime.datetime(2026, 9, 3, 13, 19, 30, 111596, tzinfo=datetime.timezone.utc), 'broker': 'MT5'}
[OK] MT5_TERMINAL_CONNECTED {'trade_allowed': True, 'tradeapi_disabled': False}
[OK] MT5_AUTOTRADING_ALLOWED {'trade_allowed': True, 'tradeapi_disabled': False}
[OK] DEMO_ACCOUNT {'trade_mode': 0, 'server': 'Deriv-Demo'}
[OK] FREE_MARGIN {'free_margin': 10000.0, 'required': 0.0}
[OK] DATABASE_READY {}
[OK] SYMBOL:Multi Step 2 Index {'visible': True, 'trade_mode': 4, 'volume_min': 0.1, 'volume_step': 0.01, 'point': 0.01, 'stops_level_points': 96}
[OK] SYMBOL:Multi Step 3 Index {'visible': True, 'trade_mode': 4, 'volume_min': 0.1, 'volume_step': 0.01, 'point': 0.01, 'stops_level_points': 60}
[OK] SYMBOL:Multi Step 4 Index {'visible': True, 'trade_mode': 4, 'volume_min': 0.1, 'volume_step': 0.01, 'point': 0.01, 'stops_level_points': 109}
[OK] SYMBOL:Skew Step Index 4 Down {'visible': True, 'trade_mode': 4, 'volume_min': 0.1, 'volume_step': 0.01, 'point': 0.1, 'stops_level_points': 200}
[OK] SYMBOL:Skew Step Index 4 Up {'visible': True, 'trade_mode': 4, 'volume_min': 0.1, 'volume_step': 0.01, 'point': 0.1, 'stops_level_points': 200}
[OK] SYMBOL:Skew Step Index 5 Down {'visible': True, 'trade_mode': 4, 'volume_min': 0.1, 'volume_step': 0.01, 'point': 0.1, 'stops_level_points': 200}
[OK] SYMBOL:Skew Step Index 5 Up {'visible': True, 'trade_mode': 4, 'volume_min': 0.1, 'volume_step': 0.01, 'point': 0.1, 'stops_level_points': 200}
[OK] SYMBOL:Step Index {'visible': True, 'trade_mode': 4, 'volume_min': 0.1, 'volume_step': 0.01, 'point': 0.1, 'stops_level_points': 8}
[OK] SYMBOL:Step Index 200 {'visible': True, 'trade_mode': 4, 'volume_min': 0.1, 'volume_step': 0.01, 'point': 0.1, 'stops_level_points': 11}
[OK] SYMBOL:Step Index 300 {'visible': True, 'trade_mode': 4, 'volume_min': 0.1, 'volume_step': 0.01, 'point': 0.1, 'stops_level_points': 9}
[OK] SYMBOL:Step Index 400 {'visible': True, 'trade_mode': 4, 'volume_min': 0.1, 'volume_step': 0.01, 'point': 0.1, 'stops_level_points': 12}
[OK] SYMBOL:Step Index 500 {'visible': True, 'trade_mode': 4, 'volume_min': 0.1, 'volume_step': 0.01, 'point': 0.1, 'stops_level_points': 20}
========================================================================
STATUS: READY FOR DEMO EXECUTION
DAEMONBLACKFX VERSION: v100-entry-quality-recoverable-quarantine-winrate-audit
BOT ACTIVO: STEP | MAGIC=26082104 | ESTRATEGIA=SMC/ORB | instrumentos=12 | auto_export=False
========================================================================================
BOT SMC MT5 - DERIV DEMO
========================================================================================
Cuenta: 41108926 | Servidor: Deriv-Demo
Balance: 10000.00 USD
Modo: EJECUCIÓN DEMO
Riesgo por trade: 1.00% | R:R mínimo: 1.50
Intervalo: 30s | Símbolos: 12
Reporte XLSX: C:\TradingBoot\smc_synthetic_bot\storage\exports\deriv_demo_trading_report.xlsx
Pipeline: SMC -> TradeLifecycleManager -> MT5TradeExecutor -> SQLite -> XLSX
========================================================================================
Daemon activo: señales=30s | monitor posiciones/BE=2s | símbolos=12
Progreso: se mostrará cada símbolo y su tiempo de análisis.
{'action': 'POSITION_MONITOR_STARTED', 'signal_interval_seconds': 30, 'position_monitor_interval_seconds': 2, 'monitor_mode': 'BACKGROUND_DECOUPLED'}

========================================================================================
CICLO #0001 | 2026-09-03 13:19:44 UTC | símbolos=8
========================================================================================
[01/08] START Multi Step 2 Index
[01/08] END   Multi Step 2 Index | 5.60s | NO M15 SETUP
    Motivo: NO_DIRECTIONAL_M15_SETUP
[02/08] START Multi Step 3 Index
[02/08] END   Multi Step 3 Index | 6.33s | NO M5 CONFIRMATION
    Motivo: NO_DIRECTIONAL_M5_CONFIRMATION
    Confirmaciones: 12/13 | 92.3% | calidad=100.00 | decisión=RECHAZADA
    Faltantes: rechazo del precio
    Críticas faltantes: MATERIAL CHART PATTERN CONFLICT
    Rechazo técnico: chart pattern conflict blocked, rechazo del precio no confirmado, falta una confirmación estructural crítica
[03/08] START Multi Step 4 Index
[03/08] END   Multi Step 4 Index | 8.14s | NO M5 CONFIRMATION
    Motivo: NO_DIRECTIONAL_M5_CONFIRMATION
    Confirmaciones: 10/13 | 76.9% | calidad=88.00 | decisión=RECHAZADA
    Faltantes: rechazo del precio, desplazamiento, modo de confirmación
    Críticas faltantes: modo de confirmación, BOS REQUIRES REJECTION, DISPLACEMENT REQUIRED FOR LIVE ENTRY
    Rechazo técnico: bos rejection not confirmed, desplazamiento no confirmado, modo de confirmación no satisfecho, rechazo del precio no confirmado, falta una confirmación estructural crítica, porcentaje de confirmaciones inferior al 80%
[04/08] START Step Index
[04/08] END   Step Index | 6.09s | NO M15 SETUP
    Motivo: NO_DIRECTIONAL_M15_SETUP
[05/08] START Step Index 200
[05/08] END   Step Index 200 | 7.82s | STALE M5 SIGNAL
    Motivo: M5_CONFIRMATION_TOO_OLD_FOR_LIVE_ENTRY
[06/08] START Step Index 300
[06/08] END   Step Index 300 | 5.65s | NO M5 CONFIRMATION
    Motivo: NO_DIRECTIONAL_M5_CONFIRMATION
[07/08] START Step Index 400
[07/08] END   Step Index 400 | 6.43s | NO M5 CONFIRMATION
    Motivo: NO_DIRECTIONAL_M5_CONFIRMATION
    Confirmaciones: 10/13 | 76.9% | calidad=83.00 | decisión=RECHAZADA
    Faltantes: rechazo del precio, desplazamiento, cierre fuerte
    Críticas faltantes: DISPLACEMENT REQUIRED FOR LIVE ENTRY
    Rechazo técnico: desplazamiento no confirmado, rechazo del precio no confirmado, cierre fuerte no confirmado, calidad de la operación insuficiente, falta una confirmación estructural crítica, porcentaje de confirmaciones inferior al 80%
[08/08] START Step Index 500
[08/08] END   Step Index 500 | 3.27s | STALE M5 SIGNAL
    Motivo: M5_CONFIRMATION_TOO_OLD_FOR_LIVE_ENTRY
----------------------------------------------------------------------------------------
RESUMEN DEL CICLO #0001
Símbolos analizados: 8
Sin señal: 0
Esperando/otros: 8
Señales rechazadas: 0
Bloqueadas por estado/límites: 0
Validadas DRY RUN: 0
Nuevas órdenes: 0
Operaciones cerradas sincronizadas: 0
Errores: 0
Duración del ciclo: 53.14s
Intervalo objetivo: 30s
Próximo ciclo en: 0.00s
[AVISO] Ciclo excedio el intervalo por: 23.14s
----------------------------------------------------------------------------------------

========================================================================================
CICLO #0002 | 2026-09-03 13:20:38 UTC | símbolos=8
========================================================================================
[01/08] START Multi Step 2 Index
[01/08] END   Multi Step 2 Index | 0.01s | NO M15 SETUP
    Motivo: NO_DIRECTIONAL_M15_SETUP
[02/08] START Multi Step 3 Index
[02/08] END   Multi Step 3 Index | 0.68s | NO M5 CONFIRMATION
    Motivo: NO_DIRECTIONAL_M5_CONFIRMATION
    Confirmaciones: 12/13 | 92.3% | calidad=100.00 | decisión=RECHAZADA
    Faltantes: rechazo del precio
    Críticas faltantes: MATERIAL CHART PATTERN CONFLICT
    Rechazo técnico: chart pattern conflict blocked, rechazo del precio no confirmado, falta una confirmación estructural crítica
[03/08] START Multi Step 4 Index
[03/08] END   Multi Step 4 Index | 0.01s | NO M5 CONFIRMATION
    Motivo: NO_DIRECTIONAL_M5_CONFIRMATION
    Confirmaciones: 10/13 | 76.9% | calidad=88.00 | decisión=RECHAZADA
    Faltantes: rechazo del precio, desplazamiento, modo de confirmación
    Críticas faltantes: modo de confirmación, BOS REQUIRES REJECTION, DISPLACEMENT REQUIRED FOR LIVE ENTRY
    Rechazo técnico: bos rejection not confirmed, desplazamiento no confirmado, modo de confirmación no satisfecho, rechazo del precio no confirmado, falta una confirmación estructural crítica, porcentaje de confirmaciones inferior al 80%
[04/08] START Step Index
[04/08] END   Step Index | 0.01s | NO M15 SETUP
    Motivo: NO_DIRECTIONAL_M15_SETUP
[05/08] START Step Index 200
[05/08] END   Step Index 200 | 0.02s | STALE M5 SIGNAL
    Motivo: M5_CONFIRMATION_TOO_OLD_FOR_LIVE_ENTRY
[06/08] START Step Index 300
[06/08] END   Step Index 300 | 0.01s | NO M5 CONFIRMATION
    Motivo: NO_DIRECTIONAL_M5_CONFIRMATION
[07/08] START Step Index 400
[07/08] END   Step Index 400 | 0.01s | NO M5 CONFIRMATION
    Motivo: NO_DIRECTIONAL_M5_CONFIRMATION
    Confirmaciones: 10/13 | 76.9% | calidad=83.00 | decisión=RECHAZADA
    Faltantes: rechazo del precio, desplazamiento, cierre fuerte
    Críticas faltantes: DISPLACEMENT REQUIRED FOR LIVE ENTRY
    Rechazo técnico: desplazamiento no confirmado, rechazo del precio no confirmado, cierre fuerte no confirmado, calidad de la operación insuficiente, falta una confirmación estructural crítica, porcentaje de confirmaciones inferior al 80%
[08/08] START Step Index 500
[08/08] END   Step Index 500 | 0.01s | STALE M5 SIGNAL
    Motivo: M5_CONFIRMATION_TOO_OLD_FOR_LIVE_ENTRY
----------------------------------------------------------------------------------------
RESUMEN DEL CICLO #0002
Símbolos analizados: 8
Sin señal: 0
Esperando/otros: 8
Señales rechazadas: 0
Bloqueadas por estado/límites: 0
Validadas DRY RUN: 0
Nuevas órdenes: 0
Operaciones cerradas sincronizadas: 0
Errores: 0
Duración del ciclo: 0.81s
Intervalo objetivo: 30s
Próximo ciclo en: 29.19s
----------------------------------------------------------------------------------------

========================================================================================
CICLO #0003 | 2026-09-03 13:21:08 UTC | símbolos=0
========================================================================================
----------------------------------------------------------------------------------------
RESUMEN DEL CICLO #0003
Símbolos analizados: 0
Sin señal: 0
Esperando/otros: 0
Señales rechazadas: 0
Bloqueadas por estado/límites: 0
Validadas DRY RUN: 0
Nuevas órdenes: 0
Operaciones cerradas sincronizadas: 0
Errores: 0
Duración del ciclo: 0.02s
Intervalo objetivo: 30s
Próximo ciclo en: 29.98s
----------------------------------------------------------------------------------------

========================================================================================
CICLO #0004 | 2026-09-03 13:21:38 UTC | símbolos=0
========================================================================================
----------------------------------------------------------------------------------------
RESUMEN DEL CICLO #0004
Símbolos analizados: 0
Sin señal: 0
Esperando/otros: 0
Señales rechazadas: 0
Bloqueadas por estado/límites: 0
Validadas DRY RUN: 0
Nuevas órdenes: 0
Operaciones cerradas sincronizadas: 0
Errores: 0
Duración del ciclo: 0.02s
Intervalo objetivo: 30s
Próximo ciclo en: 29.98s
----------------------------------------------------------------------------------------

========================================================================================
CICLO #0005 | 2026-09-03 13:22:08 UTC | símbolos=0
========================================================================================
----------------------------------------------------------------------------------------
RESUMEN DEL CICLO #0005
Símbolos analizados: 0
Sin señal: 0
Esperando/otros: 0
Señales rechazadas: 0
Bloqueadas por estado/límites: 0
Validadas DRY RUN: 0
Nuevas órdenes: 0
Operaciones cerradas sincronizadas: 0
Errores: 0
Duración del ciclo: 0.03s
Intervalo objetivo: 30s
Próximo ciclo en: 29.97s
----------------------------------------------------------------------------------------

========================================================================================
CICLO #0006 | 2026-09-03 13:22:38 UTC | símbolos=0
========================================================================================
----------------------------------------------------------------------------------------
RESUMEN DEL CICLO #0006
Símbolos analizados: 0
Sin señal: 0
Esperando/otros: 0
Señales rechazadas: 0
Bloqueadas por estado/límites: 0
Validadas DRY RUN: 0
Nuevas órdenes: 0
Operaciones cerradas sincronizadas: 0
Errores: 0
Duración del ciclo: 0.04s
Intervalo objetivo: 30s
Próximo ciclo en: 29.96s
----------------------------------------------------------------------------------------

========================================================================================
CICLO #0007 | 2026-09-03 13:23:08 UTC | símbolos=0
========================================================================================
----------------------------------------------------------------------------------------
RESUMEN DEL CICLO #0007
Símbolos analizados: 0
Sin señal: 0
Esperando/otros: 0
Señales rechazadas: 0
Bloqueadas por estado/límites: 0
Validadas DRY RUN: 0
Nuevas órdenes: 0
Operaciones cerradas sincronizadas: 0
Errores: 0
Duración del ciclo: 0.03s
Intervalo objetivo: 30s
Próximo ciclo en: 29.97s
----------------------------------------------------------------------------------------
Bot detenido por el usuario.
========================================================================
DERIV DEMO EXECUTION PREFLIGHT
========================================================================
[OK] MT5_ACCOUNT_INFO {'login': 41108926, 'server': 'Deriv-Demo', 'currency': 'USD', 'balance': 9999.39, 'equity': 9999.39, 'margin': 0.0, 'free_margin': 9999.39, 'profit': 0.0, 'leverage': 1000, 'trade_mode': 0, 'snapshot_time': datetime.datetime(2026, 9, 3, 13, 24, 52, 880417, tzinfo=datetime.timezone.utc), 'broker': 'MT5'}
[OK] MT5_TERMINAL_CONNECTED {'trade_allowed': True, 'tradeapi_disabled': False}
[OK] MT5_AUTOTRADING_ALLOWED {'trade_allowed': True, 'tradeapi_disabled': False}
[OK] DEMO_ACCOUNT {'trade_mode': 0, 'server': 'Deriv-Demo'}
[OK] FREE_MARGIN {'free_margin': 9999.39, 'required': 0.0}
[OK] DATABASE_READY {}
[OK] SYMBOL:Multi Step 2 Index {'visible': True, 'trade_mode': 4, 'volume_min': 0.1, 'volume_step': 0.01, 'point': 0.01, 'stops_level_points': 96}
[OK] SYMBOL:Multi Step 3 Index {'visible': True, 'trade_mode': 4, 'volume_min': 0.1, 'volume_step': 0.01, 'point': 0.01, 'stops_level_points': 60}
[OK] SYMBOL:Multi Step 4 Index {'visible': True, 'trade_mode': 4, 'volume_min': 0.1, 'volume_step': 0.01, 'point': 0.01, 'stops_level_points': 109}
[OK] SYMBOL:Skew Step Index 4 Down {'visible': True, 'trade_mode': 4, 'volume_min': 0.1, 'volume_step': 0.01, 'point': 0.1, 'stops_level_points': 200}
[OK] SYMBOL:Skew Step Index 4 Up {'visible': True, 'trade_mode': 4, 'volume_min': 0.1, 'volume_step': 0.01, 'point': 0.1, 'stops_level_points': 200}
[OK] SYMBOL:Skew Step Index 5 Down {'visible': True, 'trade_mode': 4, 'volume_min': 0.1, 'volume_step': 0.01, 'point': 0.1, 'stops_level_points': 200}
[OK] SYMBOL:Skew Step Index 5 Up {'visible': True, 'trade_mode': 4, 'volume_min': 0.1, 'volume_step': 0.01, 'point': 0.1, 'stops_level_points': 200}
[OK] SYMBOL:Step Index {'visible': True, 'trade_mode': 4, 'volume_min': 0.1, 'volume_step': 0.01, 'point': 0.1, 'stops_level_points': 8}
[OK] SYMBOL:Step Index 200 {'visible': True, 'trade_mode': 4, 'volume_min': 0.1, 'volume_step': 0.01, 'point': 0.1, 'stops_level_points': 11}
[OK] SYMBOL:Step Index 300 {'visible': True, 'trade_mode': 4, 'volume_min': 0.1, 'volume_step': 0.01, 'point': 0.1, 'stops_level_points': 9}
[OK] SYMBOL:Step Index 400 {'visible': True, 'trade_mode': 4, 'volume_min': 0.1, 'volume_step': 0.01, 'point': 0.1, 'stops_level_points': 12}
[OK] SYMBOL:Step Index 500 {'visible': True, 'trade_mode': 4, 'volume_min': 0.1, 'volume_step': 0.01, 'point': 0.1, 'stops_level_points': 20}
========================================================================
STATUS: READY FOR DEMO EXECUTION
DAEMONBLACKFX VERSION: v100-entry-quality-recoverable-quarantine-winrate-audit
BOT ACTIVO: STEP | MAGIC=26082104 | ESTRATEGIA=SMC/ORB | instrumentos=12 | auto_export=False
========================================================================================
BOT SMC MT5 - DERIV DEMO
========================================================================================
Cuenta: 41108926 | Servidor: Deriv-Demo
Balance: 9999.39 USD
Modo: EJECUCIÓN DEMO
Riesgo por trade: 1.00% | R:R mínimo: 1.50
Intervalo: 30s | Símbolos: 12
Reporte XLSX: C:\TradingBoot\smc_synthetic_bot\storage\exports\deriv_demo_trading_report.xlsx
Pipeline: SMC -> TradeLifecycleManager -> MT5TradeExecutor -> SQLite -> XLSX
========================================================================================
Daemon activo: señales=30s | monitor posiciones/BE=2s | símbolos=12
Progreso: se mostrará cada símbolo y su tiempo de análisis.
{'action': 'POSITION_MONITOR_STARTED', 'signal_interval_seconds': 30, 'position_monitor_interval_seconds': 2, 'monitor_mode': 'BACKGROUND_DECOUPLED'}

========================================================================================
CICLO #0001 | 2026-09-03 13:25:06 UTC | símbolos=8
========================================================================================
[01/08] START Multi Step 2 Index
[01/08] END   Multi Step 2 Index | 5.88s | NO M15 SETUP
    Motivo: NO_DIRECTIONAL_M15_SETUP
[02/08] START Multi Step 3 Index
[02/08] END   Multi Step 3 Index | 6.41s | NO M5 CONFIRMATION
    Motivo: NO_DIRECTIONAL_M5_CONFIRMATION
    Confirmaciones: 12/13 | 92.3% | calidad=100.00 | decisión=RECHAZADA
    Faltantes: rechazo del precio
    Críticas faltantes: MATERIAL CHART PATTERN CONFLICT
    Rechazo técnico: chart pattern conflict blocked, rechazo del precio no confirmado, falta una confirmación estructural crítica
[03/08] START Multi Step 4 Index
[03/08] END   Multi Step 4 Index | 7.76s | NO M5 CONFIRMATION
    Motivo: NO_DIRECTIONAL_M5_CONFIRMATION
    Confirmaciones: 10/13 | 76.9% | calidad=88.00 | decisión=RECHAZADA
    Faltantes: rechazo del precio, desplazamiento, modo de confirmación
    Críticas faltantes: modo de confirmación, BOS REQUIRES REJECTION, DISPLACEMENT REQUIRED FOR LIVE ENTRY
    Rechazo técnico: bos rejection not confirmed, desplazamiento no confirmado, modo de confirmación no satisfecho, rechazo del precio no confirmado, falta una confirmación estructural crítica, porcentaje de confirmaciones inferior al 80%
[04/08] START Step Index
[04/08] END   Step Index | 5.15s | NO M15 SETUP
    Motivo: NO_DIRECTIONAL_M15_SETUP
[05/08] START Step Index 200
[05/08] END   Step Index 200 | 7.17s | STALE M5 SIGNAL
    Motivo: M5_CONFIRMATION_TOO_OLD_FOR_LIVE_ENTRY
[06/08] START Step Index 300
[06/08] END   Step Index 300 | 5.12s | NO M5 CONFIRMATION
    Motivo: NO_DIRECTIONAL_M5_CONFIRMATION
[07/08] START Step Index 400
[07/08] END   Step Index 400 | 6.17s | NO M5 CONFIRMATION
    Motivo: NO_DIRECTIONAL_M5_CONFIRMATION
    Confirmaciones: 10/13 | 76.9% | calidad=83.00 | decisión=RECHAZADA
    Faltantes: rechazo del precio, desplazamiento, cierre fuerte
    Críticas faltantes: DISPLACEMENT REQUIRED FOR LIVE ENTRY
    Rechazo técnico: desplazamiento no confirmado, rechazo del precio no confirmado, cierre fuerte no confirmado, calidad de la operación insuficiente, falta una confirmación estructural crítica, porcentaje de confirmaciones inferior al 80%
[08/08] START Step Index 500
[08/08] END   Step Index 500 | 3.49s | STALE M5 SIGNAL
    Motivo: M5_CONFIRMATION_TOO_OLD_FOR_LIVE_ENTRY
----------------------------------------------------------------------------------------
RESUMEN DEL CICLO #0001
Símbolos analizados: 8
Sin señal: 0
Esperando/otros: 8
Señales rechazadas: 0
Bloqueadas por estado/límites: 0
Validadas DRY RUN: 0
Nuevas órdenes: 0
Operaciones cerradas sincronizadas: 0
Errores: 0
Duración del ciclo: 50.74s
Intervalo objetivo: 30s
Próximo ciclo en: 0.00s
[AVISO] Ciclo excedio el intervalo por: 20.74s
----------------------------------------------------------------------------------------

========================================================================================
CICLO #0002 | 2026-09-03 13:25:57 UTC | símbolos=0
========================================================================================
----------------------------------------------------------------------------------------
RESUMEN DEL CICLO #0002
Símbolos analizados: 0
Sin señal: 0
Esperando/otros: 0
Señales rechazadas: 0
Bloqueadas por estado/límites: 0
Validadas DRY RUN: 0
Nuevas órdenes: 0
Operaciones cerradas sincronizadas: 0
Errores: 0
Duración del ciclo: 0.03s
Intervalo objetivo: 30s
Próximo ciclo en: 29.97s
----------------------------------------------------------------------------------------

========================================================================================
CICLO #0003 | 2026-09-03 13:26:27 UTC | símbolos=0
========================================================================================
----------------------------------------------------------------------------------------
RESUMEN DEL CICLO #0003
Símbolos analizados: 0
Sin señal: 0
Esperando/otros: 0
Señales rechazadas: 0
Bloqueadas por estado/límites: 0
Validadas DRY RUN: 0
Nuevas órdenes: 0
Operaciones cerradas sincronizadas: 0
Errores: 0
Duración del ciclo: 0.03s
Intervalo objetivo: 30s
Próximo ciclo en: 29.97s
----------------------------------------------------------------------------------------

========================================================================================
CICLO #0004 | 2026-09-03 13:26:57 UTC | símbolos=0
========================================================================================
----------------------------------------------------------------------------------------
RESUMEN DEL CICLO #0004
Símbolos analizados: 0
Sin señal: 0
Esperando/otros: 0
Señales rechazadas: 0
Bloqueadas por estado/límites: 0
Validadas DRY RUN: 0
Nuevas órdenes: 0
Operaciones cerradas sincronizadas: 0
Errores: 0
Duración del ciclo: 0.03s
Intervalo objetivo: 30s
Próximo ciclo en: 29.97s
----------------------------------------------------------------------------------------

========================================================================================
CICLO #0005 | 2026-09-03 13:27:27 UTC | símbolos=0
========================================================================================
----------------------------------------------------------------------------------------
RESUMEN DEL CICLO #0005
Símbolos analizados: 0
Sin señal: 0
Esperando/otros: 0
Señales rechazadas: 0
Bloqueadas por estado/límites: 0
Validadas DRY RUN: 0
Nuevas órdenes: 0
Operaciones cerradas sincronizadas: 0
Errores: 0
Duración del ciclo: 0.02s
Intervalo objetivo: 30s
Próximo ciclo en: 29.98s
----------------------------------------------------------------------------------------

========================================================================================
CICLO #0006 | 2026-09-03 13:27:57 UTC | símbolos=0
========================================================================================
----------------------------------------------------------------------------------------
RESUMEN DEL CICLO #0006
Símbolos analizados: 0
Sin señal: 0
Esperando/otros: 0
Señales rechazadas: 0
Bloqueadas por estado/límites: 0
Validadas DRY RUN: 0
Nuevas órdenes: 0
Operaciones cerradas sincronizadas: 0
Errores: 0
Duración del ciclo: 0.02s
Intervalo objetivo: 30s
Próximo ciclo en: 29.98s
----------------------------------------------------------------------------------------

========================================================================================
CICLO #0007 | 2026-09-03 13:28:27 UTC | símbolos=0
========================================================================================
----------------------------------------------------------------------------------------
RESUMEN DEL CICLO #0007
Símbolos analizados: 0
Sin señal: 0
Esperando/otros: 0
Señales rechazadas: 0
Bloqueadas por estado/límites: 0
Validadas DRY RUN: 0
Nuevas órdenes: 0
Operaciones cerradas sincronizadas: 0
Errores: 0
Duración del ciclo: 0.03s
Intervalo objetivo: 30s
Próximo ciclo en: 29.97s
----------------------------------------------------------------------------------------

========================================================================================
CICLO #0008 | 2026-09-03 13:28:57 UTC | símbolos=0
========================================================================================
----------------------------------------------------------------------------------------
RESUMEN DEL CICLO #0008
Símbolos analizados: 0
Sin señal: 0
Esperando/otros: 0
Señales rechazadas: 0
Bloqueadas por estado/límites: 0
Validadas DRY RUN: 0
Nuevas órdenes: 0
Operaciones cerradas sincronizadas: 0
Errores: 0
Duración del ciclo: 0.02s
Intervalo objetivo: 30s
Próximo ciclo en: 29.98s
----------------------------------------------------------------------------------------

========================================================================================
CICLO #0009 | 2026-09-03 13:29:27 UTC | símbolos=0
========================================================================================
----------------------------------------------------------------------------------------
RESUMEN DEL CICLO #0009
Símbolos analizados: 0
Sin señal: 0
Esperando/otros: 0
Señales rechazadas: 0
Bloqueadas por estado/límites: 0
Validadas DRY RUN: 0
Nuevas órdenes: 0
Operaciones cerradas sincronizadas: 0
Errores: 0
Duración del ciclo: 0.03s
Intervalo objetivo: 30s
Próximo ciclo en: 29.97s
----------------------------------------------------------------------------------------

========================================================================================
CICLO #0010 | 2026-09-03 13:29:57 UTC | símbolos=0
========================================================================================
----------------------------------------------------------------------------------------
RESUMEN DEL CICLO #0010
Símbolos analizados: 0
Sin señal: 0
Esperando/otros: 0
Señales rechazadas: 0
Bloqueadas por estado/límites: 0
Validadas DRY RUN: 0
Nuevas órdenes: 0
Operaciones cerradas sincronizadas: 0
Errores: 0
Duración del ciclo: 0.02s
Intervalo objetivo: 30s
Próximo ciclo en: 29.98s
----------------------------------------------------------------------------------------

========================================================================================
CICLO #0011 | 2026-09-03 13:30:27 UTC | símbolos=8
========================================================================================
[01/08] START Multi Step 2 Index
[01/08] END   Multi Step 2 Index | 1.96s | NO M15 SETUP
    Motivo: NO_DIRECTIONAL_M15_SETUP
[02/08] START Multi Step 3 Index
[02/08] END   Multi Step 3 Index | 3.78s | NO M5 CONFIRMATION
    Motivo: NO_DIRECTIONAL_M5_CONFIRMATION
    Confirmaciones: 12/13 | 92.3% | calidad=100.00 | decisión=RECHAZADA
    Faltantes: rechazo del precio
    Críticas faltantes: MATERIAL CHART PATTERN CONFLICT
    Rechazo técnico: chart pattern conflict blocked, rechazo del precio no confirmado, falta una confirmación estructural crítica
[03/08] START Multi Step 4 Index
[03/08] END   Multi Step 4 Index | 2.64s | NO M5 CONFIRMATION
    Motivo: NO_DIRECTIONAL_M5_CONFIRMATION
    Confirmaciones: 10/13 | 76.9% | calidad=88.00 | decisión=RECHAZADA
    Faltantes: rechazo del precio, desplazamiento, modo de confirmación
    Críticas faltantes: modo de confirmación, BOS REQUIRES REJECTION, DISPLACEMENT REQUIRED FOR LIVE ENTRY
    Rechazo técnico: bos rejection not confirmed, desplazamiento no confirmado, modo de confirmación no satisfecho, rechazo del precio no confirmado, falta una confirmación estructural crítica, porcentaje de confirmaciones inferior al 80%
[04/08] START Step Index
[04/08] END   Step Index | 1.84s | NO M15 SETUP
    Motivo: NO_DIRECTIONAL_M15_SETUP
[05/08] START Step Index 200
[05/08] END   Step Index 200 | 3.43s | STALE M5 SIGNAL
    Motivo: M5_CONFIRMATION_TOO_OLD_FOR_LIVE_ENTRY
[06/08] START Step Index 300
[06/08] END   Step Index 300 | 2.63s | NO M5 CONFIRMATION
    Motivo: NO_DIRECTIONAL_M5_CONFIRMATION
[07/08] START Step Index 400
[07/08] END   Step Index 400 | 3.97s | NO M5 CONFIRMATION
    Motivo: NO_DIRECTIONAL_M5_CONFIRMATION
    Confirmaciones: 10/13 | 76.9% | calidad=83.00 | decisión=RECHAZADA
    Faltantes: rechazo del precio, desplazamiento, cierre fuerte
    Críticas faltantes: DISPLACEMENT REQUIRED FOR LIVE ENTRY
    Rechazo técnico: desplazamiento no confirmado, rechazo del precio no confirmado, cierre fuerte no confirmado, calidad de la operación insuficiente, falta una confirmación estructural crítica, porcentaje de confirmaciones inferior al 80%
[08/08] START Step Index 500
[08/08] END   Step Index 500 | 2.23s | STALE M5 SIGNAL
    Motivo: M5_CONFIRMATION_TOO_OLD_FOR_LIVE_ENTRY
----------------------------------------------------------------------------------------
RESUMEN DEL CICLO #0011
Símbolos analizados: 8
Sin señal: 0
Esperando/otros: 8
Señales rechazadas: 0
Bloqueadas por estado/límites: 0
Validadas DRY RUN: 0
Nuevas órdenes: 0
Operaciones cerradas sincronizadas: 0
Errores: 0
Duración del ciclo: 22.61s
Intervalo objetivo: 30s
Próximo ciclo en: 7.39s
----------------------------------------------------------------------------------------

========================================================================================
CICLO #0012 | 2026-09-03 13:30:57 UTC | símbolos=0
========================================================================================
----------------------------------------------------------------------------------------
RESUMEN DEL CICLO #0012
Símbolos analizados: 0
Sin señal: 0
Esperando/otros: 0
Señales rechazadas: 0
Bloqueadas por estado/límites: 0
Validadas DRY RUN: 0
Nuevas órdenes: 0
Operaciones cerradas sincronizadas: 0
Errores: 0
Duración del ciclo: 0.04s
Intervalo objetivo: 30s
Próximo ciclo en: 29.96s
----------------------------------------------------------------------------------------

========================================================================================
CICLO #0013 | 2026-09-03 13:31:27 UTC | símbolos=0
========================================================================================
----------------------------------------------------------------------------------------
RESUMEN DEL CICLO #0013
Símbolos analizados: 0
Sin señal: 0
Esperando/otros: 0
Señales rechazadas: 0
Bloqueadas por estado/límites: 0
Validadas DRY RUN: 0
Nuevas órdenes: 0
Operaciones cerradas sincronizadas: 0
Errores: 0
Duración del ciclo: 0.04s
Intervalo objetivo: 30s
Próximo ciclo en: 29.96s
----------------------------------------------------------------------------------------

========================================================================================
CICLO #0014 | 2026-09-03 13:31:57 UTC | símbolos=0
========================================================================================
----------------------------------------------------------------------------------------
RESUMEN DEL CICLO #0014
Símbolos analizados: 0
Sin señal: 0
Esperando/otros: 0
Señales rechazadas: 0
Bloqueadas por estado/límites: 0
Validadas DRY RUN: 0
Nuevas órdenes: 0
Operaciones cerradas sincronizadas: 0
Errores: 0
Duración del ciclo: 0.02s
Intervalo objetivo: 30s
Próximo ciclo en: 29.98s
----------------------------------------------------------------------------------------

========================================================================================
CICLO #0015 | 2026-09-03 13:32:27 UTC | símbolos=0
========================================================================================
----------------------------------------------------------------------------------------
RESUMEN DEL CICLO #0015
Símbolos analizados: 0
Sin señal: 0
Esperando/otros: 0
Señales rechazadas: 0
Bloqueadas por estado/límites: 0
Validadas DRY RUN: 0
Nuevas órdenes: 0
Operaciones cerradas sincronizadas: 0
Errores: 0
Duración del ciclo: 0.03s
Intervalo objetivo: 30s
Próximo ciclo en: 29.97s
----------------------------------------------------------------------------------------

========================================================================================
CICLO #0016 | 2026-09-03 13:32:57 UTC | símbolos=0
========================================================================================
----------------------------------------------------------------------------------------
RESUMEN DEL CICLO #0016
Símbolos analizados: 0
Sin señal: 0
Esperando/otros: 0
Señales rechazadas: 0
Bloqueadas por estado/límites: 0
Validadas DRY RUN: 0
Nuevas órdenes: 0
Operaciones cerradas sincronizadas: 0
Errores: 0
Duración del ciclo: 0.02s
Intervalo objetivo: 30s
Próximo ciclo en: 29.98s
----------------------------------------------------------------------------------------

========================================================================================
CICLO #0017 | 2026-09-03 13:33:27 UTC | símbolos=0
========================================================================================
----------------------------------------------------------------------------------------
RESUMEN DEL CICLO #0017
Símbolos analizados: 0
Sin señal: 0
Esperando/otros: 0
Señales rechazadas: 0
Bloqueadas por estado/límites: 0
Validadas DRY RUN: 0
Nuevas órdenes: 0
Operaciones cerradas sincronizadas: 0
Errores: 0
Duración del ciclo: 0.02s
Intervalo objetivo: 30s
Próximo ciclo en: 29.98s
----------------------------------------------------------------------------------------

========================================================================================
CICLO #0018 | 2026-09-03 13:33:57 UTC | símbolos=0
========================================================================================
----------------------------------------------------------------------------------------
RESUMEN DEL CICLO #0018
Símbolos analizados: 0
Sin señal: 0
Esperando/otros: 0
Señales rechazadas: 0
Bloqueadas por estado/límites: 0
Validadas DRY RUN: 0
Nuevas órdenes: 0
Operaciones cerradas sincronizadas: 0
Errores: 0
Duración del ciclo: 0.03s
Intervalo objetivo: 30s
Próximo ciclo en: 29.97s
----------------------------------------------------------------------------------------

========================================================================================
CICLO #0019 | 2026-09-03 13:34:27 UTC | símbolos=0
========================================================================================
----------------------------------------------------------------------------------------
RESUMEN DEL CICLO #0019
Símbolos analizados: 0
Sin señal: 0
Esperando/otros: 0
Señales rechazadas: 0
Bloqueadas por estado/límites: 0
Validadas DRY RUN: 0
Nuevas órdenes: 0
Operaciones cerradas sincronizadas: 0
Errores: 0
Duración del ciclo: 0.02s
Intervalo objetivo: 30s
Próximo ciclo en: 29.98s
----------------------------------------------------------------------------------------

========================================================================================
CICLO #0020 | 2026-09-03 13:34:57 UTC | símbolos=0
========================================================================================
----------------------------------------------------------------------------------------
RESUMEN DEL CICLO #0020
Símbolos analizados: 0
Sin señal: 0
Esperando/otros: 0
Señales rechazadas: 0
Bloqueadas por estado/límites: 0
Validadas DRY RUN: 0
Nuevas órdenes: 0
Operaciones cerradas sincronizadas: 0
Errores: 0
Duración del ciclo: 0.03s
Intervalo objetivo: 30s
Próximo ciclo en: 29.97s
----------------------------------------------------------------------------------------

========================================================================================
CICLO #0021 | 2026-09-03 13:35:27 UTC | símbolos=8
========================================================================================
[01/08] START Multi Step 2 Index
[01/08] END   Multi Step 2 Index | 0.01s | NO M15 SETUP
    Motivo: NO_DIRECTIONAL_M15_SETUP
[02/08] START Multi Step 3 Index
[02/08] END   Multi Step 3 Index | 0.63s | NO M5 CONFIRMATION
    Motivo: NO_DIRECTIONAL_M5_CONFIRMATION
[03/08] START Multi Step 4 Index
[03/08] END   Multi Step 4 Index | 1.28s | NO M5 CONFIRMATION
    Motivo: NO_DIRECTIONAL_M5_CONFIRMATION
    Confirmaciones: 10/13 | 76.9% | calidad=88.00 | decisión=RECHAZADA
    Faltantes: rechazo del precio, desplazamiento, modo de confirmación
    Críticas faltantes: modo de confirmación, BOS REQUIRES REJECTION, DISPLACEMENT REQUIRED FOR LIVE ENTRY
    Rechazo técnico: bos rejection not confirmed, desplazamiento no confirmado, modo de confirmación no satisfecho, rechazo del precio no confirmado, falta una confirmación estructural crítica, porcentaje de confirmaciones inferior al 80%
[04/08] START Step Index
[04/08] END   Step Index | 0.01s | NO M15 SETUP
    Motivo: NO_DIRECTIONAL_M15_SETUP
[05/08] START Step Index 200
[05/08] END   Step Index 200 | 0.70s | STALE M5 SIGNAL
    Motivo: M5_CONFIRMATION_TOO_OLD_FOR_LIVE_ENTRY
[06/08] START Step Index 300
[06/08] END   Step Index 300 | 1.05s | NO M5 CONFIRMATION
    Motivo: NO_DIRECTIONAL_M5_CONFIRMATION
[07/08] START Step Index 400
[07/08] END   Step Index 400 | 0.59s | NO M5 CONFIRMATION
    Motivo: NO_DIRECTIONAL_M5_CONFIRMATION
    Confirmaciones: 10/13 | 76.9% | calidad=83.00 | decisión=RECHAZADA
    Faltantes: rechazo del precio, desplazamiento, cierre fuerte
    Críticas faltantes: DISPLACEMENT REQUIRED FOR LIVE ENTRY
    Rechazo técnico: desplazamiento no confirmado, rechazo del precio no confirmado, cierre fuerte no confirmado, calidad de la operación insuficiente, falta una confirmación estructural crítica, porcentaje de confirmaciones inferior al 80%
[08/08] START Step Index 500
[08/08] END   Step Index 500 | 0.68s | STALE M5 SIGNAL
    Motivo: M5_CONFIRMATION_TOO_OLD_FOR_LIVE_ENTRY
----------------------------------------------------------------------------------------
RESUMEN DEL CICLO #0021
Símbolos analizados: 8
Sin señal: 0
Esperando/otros: 8
Señales rechazadas: 0
Bloqueadas por estado/límites: 0
Validadas DRY RUN: 0
Nuevas órdenes: 0
Operaciones cerradas sincronizadas: 0
Errores: 0
Duración del ciclo: 5.02s
Intervalo objetivo: 30s
Próximo ciclo en: 24.98s
----------------------------------------------------------------------------------------

========================================================================================
CICLO #0022 | 2026-09-03 13:35:57 UTC | símbolos=0
========================================================================================
----------------------------------------------------------------------------------------
RESUMEN DEL CICLO #0022
Símbolos analizados: 0
Sin señal: 0
Esperando/otros: 0
Señales rechazadas: 0
Bloqueadas por estado/límites: 0
Validadas DRY RUN: 0
Nuevas órdenes: 0
Operaciones cerradas sincronizadas: 0
Errores: 0
Duración del ciclo: 0.02s
Intervalo objetivo: 30s
Próximo ciclo en: 29.98s
----------------------------------------------------------------------------------------

========================================================================================
CICLO #0023 | 2026-09-03 13:36:27 UTC | símbolos=0
========================================================================================
----------------------------------------------------------------------------------------
RESUMEN DEL CICLO #0023
Símbolos analizados: 0
Sin señal: 0
Esperando/otros: 0
Señales rechazadas: 0
Bloqueadas por estado/límites: 0
Validadas DRY RUN: 0
Nuevas órdenes: 0
Operaciones cerradas sincronizadas: 0
Errores: 0
Duración del ciclo: 0.03s
Intervalo objetivo: 30s
Próximo ciclo en: 29.97s
----------------------------------------------------------------------------------------

========================================================================================
CICLO #0024 | 2026-09-03 13:36:57 UTC | símbolos=0
========================================================================================
----------------------------------------------------------------------------------------
RESUMEN DEL CICLO #0024
Símbolos analizados: 0
Sin señal: 0
Esperando/otros: 0
Señales rechazadas: 0
Bloqueadas por estado/límites: 0
Validadas DRY RUN: 0
Nuevas órdenes: 0
Operaciones cerradas sincronizadas: 0
Errores: 0
Duración del ciclo: 0.07s
Intervalo objetivo: 30s
Próximo ciclo en: 29.93s
----------------------------------------------------------------------------------------

========================================================================================
CICLO #0025 | 2026-09-03 13:37:27 UTC | símbolos=0
========================================================================================
----------------------------------------------------------------------------------------
RESUMEN DEL CICLO #0025
Símbolos analizados: 0
Sin señal: 0
Esperando/otros: 0
Señales rechazadas: 0
Bloqueadas por estado/límites: 0
Validadas DRY RUN: 0
Nuevas órdenes: 0
Operaciones cerradas sincronizadas: 0
Errores: 0
Duración del ciclo: 0.02s
Intervalo objetivo: 30s
Próximo ciclo en: 29.98s
----------------------------------------------------------------------------------------

========================================================================================
CICLO #0026 | 2026-09-03 13:37:57 UTC | símbolos=0
========================================================================================
----------------------------------------------------------------------------------------
RESUMEN DEL CICLO #0026
Símbolos analizados: 0
Sin señal: 0
Esperando/otros: 0
Señales rechazadas: 0
Bloqueadas por estado/límites: 0
Validadas DRY RUN: 0
Nuevas órdenes: 0
Operaciones cerradas sincronizadas: 0
Errores: 0
Duración del ciclo: 0.03s
Intervalo objetivo: 30s
Próximo ciclo en: 29.97s
----------------------------------------------------------------------------------------

========================================================================================
CICLO #0027 | 2026-09-03 13:38:27 UTC | símbolos=0
========================================================================================
----------------------------------------------------------------------------------------
RESUMEN DEL CICLO #0027
Símbolos analizados: 0
Sin señal: 0
Esperando/otros: 0
Señales rechazadas: 0
Bloqueadas por estado/límites: 0
Validadas DRY RUN: 0
Nuevas órdenes: 0
Operaciones cerradas sincronizadas: 0
Errores: 0
Duración del ciclo: 0.03s
Intervalo objetivo: 30s
Próximo ciclo en: 29.97s
----------------------------------------------------------------------------------------

========================================================================================
CICLO #0028 | 2026-09-03 13:38:57 UTC | símbolos=0
========================================================================================
----------------------------------------------------------------------------------------
RESUMEN DEL CICLO #0028
Símbolos analizados: 0
Sin señal: 0
Esperando/otros: 0
Señales rechazadas: 0
Bloqueadas por estado/límites: 0
Validadas DRY RUN: 0
Nuevas órdenes: 0
Operaciones cerradas sincronizadas: 0
Errores: 0
Duración del ciclo: 0.03s
Intervalo objetivo: 30s
Próximo ciclo en: 29.97s
----------------------------------------------------------------------------------------

========================================================================================
CICLO #0029 | 2026-09-03 13:39:27 UTC | símbolos=0
========================================================================================
----------------------------------------------------------------------------------------
RESUMEN DEL CICLO #0029
Símbolos analizados: 0
Sin señal: 0
Esperando/otros: 0
Señales rechazadas: 0
Bloqueadas por estado/límites: 0
Validadas DRY RUN: 0
Nuevas órdenes: 0
Operaciones cerradas sincronizadas: 0
Errores: 0
Duración del ciclo: 0.04s
Intervalo objetivo: 30s
Próximo ciclo en: 29.96s
----------------------------------------------------------------------------------------

========================================================================================
CICLO #0030 | 2026-09-03 13:39:57 UTC | símbolos=0
========================================================================================
----------------------------------------------------------------------------------------
RESUMEN DEL CICLO #0030
Símbolos analizados: 0
Sin señal: 0
Esperando/otros: 0
Señales rechazadas: 0
Bloqueadas por estado/límites: 0
Validadas DRY RUN: 0
Nuevas órdenes: 0
Operaciones cerradas sincronizadas: 0
Errores: 0
Duración del ciclo: 0.02s
Intervalo objetivo: 30s
Próximo ciclo en: 29.98s
----------------------------------------------------------------------------------------

========================================================================================
CICLO #0031 | 2026-09-03 13:40:27 UTC | símbolos=8
========================================================================================
[01/08] START Multi Step 2 Index
[01/08] END   Multi Step 2 Index | 0.01s | NO M15 SETUP
    Motivo: NO_DIRECTIONAL_M15_SETUP
[02/08] START Multi Step 3 Index
[02/08] END   Multi Step 3 Index | 0.67s | NO M5 CONFIRMATION
    Motivo: NO_DIRECTIONAL_M5_CONFIRMATION
[03/08] START Multi Step 4 Index
[03/08] END   Multi Step 4 Index | 1.25s | NO M5 CONFIRMATION
    Motivo: NO_DIRECTIONAL_M5_CONFIRMATION
    Confirmaciones: 10/13 | 76.9% | calidad=88.00 | decisión=RECHAZADA
    Faltantes: rechazo del precio, desplazamiento, modo de confirmación
    Críticas faltantes: modo de confirmación, BOS REQUIRES REJECTION, DISPLACEMENT REQUIRED FOR LIVE ENTRY
    Rechazo técnico: bos rejection not confirmed, desplazamiento no confirmado, modo de confirmación no satisfecho, rechazo del precio no confirmado, falta una confirmación estructural crítica, porcentaje de confirmaciones inferior al 80%
[04/08] START Step Index
[04/08] END   Step Index | 0.01s | NO M15 SETUP
    Motivo: NO_DIRECTIONAL_M15_SETUP
[05/08] START Step Index 200
[05/08] END   Step Index 200 | 0.75s | STALE M5 SIGNAL
    Motivo: M5_CONFIRMATION_TOO_OLD_FOR_LIVE_ENTRY
[06/08] START Step Index 300
[06/08] END   Step Index 300 | 1.01s | NO M5 CONFIRMATION
    Motivo: NO_DIRECTIONAL_M5_CONFIRMATION
[07/08] START Step Index 400
[07/08] END   Step Index 400 | 0.55s | NO M5 CONFIRMATION
    Motivo: NO_DIRECTIONAL_M5_CONFIRMATION
    Confirmaciones: 10/13 | 76.9% | calidad=83.00 | decisión=RECHAZADA
    Faltantes: rechazo del precio, desplazamiento, cierre fuerte
    Críticas faltantes: DISPLACEMENT REQUIRED FOR LIVE ENTRY
    Rechazo técnico: desplazamiento no confirmado, rechazo del precio no confirmado, cierre fuerte no confirmado, calidad de la operación insuficiente, falta una confirmación estructural crítica, porcentaje de confirmaciones inferior al 80%
[08/08] START Step Index 500
[08/08] END   Step Index 500 | 0.70s | STALE M5 SIGNAL
    Motivo: M5_CONFIRMATION_TOO_OLD_FOR_LIVE_ENTRY
----------------------------------------------------------------------------------------
RESUMEN DEL CICLO #0031
Símbolos analizados: 8
Sin señal: 0
Esperando/otros: 8
Señales rechazadas: 0
Bloqueadas por estado/límites: 0
Validadas DRY RUN: 0
Nuevas órdenes: 0
Operaciones cerradas sincronizadas: 0
Errores: 0
Duración del ciclo: 5.01s
Intervalo objetivo: 30s
Próximo ciclo en: 24.99s
----------------------------------------------------------------------------------------

========================================================================================
CICLO #0032 | 2026-09-03 13:40:57 UTC | símbolos=0
========================================================================================
----------------------------------------------------------------------------------------
RESUMEN DEL CICLO #0032
Símbolos analizados: 0
Sin señal: 0
Esperando/otros: 0
Señales rechazadas: 0
Bloqueadas por estado/límites: 0
Validadas DRY RUN: 0
Nuevas órdenes: 0
Operaciones cerradas sincronizadas: 0
Errores: 0
Duración del ciclo: 0.02s
Intervalo objetivo: 30s
Próximo ciclo en: 29.98s
----------------------------------------------------------------------------------------

========================================================================================
CICLO #0033 | 2026-09-03 13:41:27 UTC | símbolos=0
========================================================================================
----------------------------------------------------------------------------------------
RESUMEN DEL CICLO #0033
Símbolos analizados: 0
Sin señal: 0
Esperando/otros: 0
Señales rechazadas: 0
Bloqueadas por estado/límites: 0
Validadas DRY RUN: 0
Nuevas órdenes: 0
Operaciones cerradas sincronizadas: 0
Errores: 0
Duración del ciclo: 0.02s
Intervalo objetivo: 30s
Próximo ciclo en: 29.98s
----------------------------------------------------------------------------------------

========================================================================================
CICLO #0034 | 2026-09-03 13:41:57 UTC | símbolos=0
========================================================================================
----------------------------------------------------------------------------------------
RESUMEN DEL CICLO #0034
Símbolos analizados: 0
Sin señal: 0
Esperando/otros: 0
Señales rechazadas: 0
Bloqueadas por estado/límites: 0
Validadas DRY RUN: 0
Nuevas órdenes: 0
Operaciones cerradas sincronizadas: 0
Errores: 0
Duración del ciclo: 0.02s
Intervalo objetivo: 30s
Próximo ciclo en: 29.98s
----------------------------------------------------------------------------------------

========================================================================================
CICLO #0035 | 2026-09-03 13:42:27 UTC | símbolos=0
========================================================================================
----------------------------------------------------------------------------------------
RESUMEN DEL CICLO #0035
Símbolos analizados: 0
Sin señal: 0
Esperando/otros: 0
Señales rechazadas: 0
Bloqueadas por estado/límites: 0
Validadas DRY RUN: 0
Nuevas órdenes: 0
Operaciones cerradas sincronizadas: 0
Errores: 0
Duración del ciclo: 0.03s
Intervalo objetivo: 30s
Próximo ciclo en: 29.97s
----------------------------------------------------------------------------------------

========================================================================================
CICLO #0036 | 2026-09-03 13:42:57 UTC | símbolos=0
========================================================================================
----------------------------------------------------------------------------------------
RESUMEN DEL CICLO #0036
Símbolos analizados: 0
Sin señal: 0
Esperando/otros: 0
Señales rechazadas: 0
Bloqueadas por estado/límites: 0
Validadas DRY RUN: 0
Nuevas órdenes: 0
Operaciones cerradas sincronizadas: 0
Errores: 0
Duración del ciclo: 0.02s
Intervalo objetivo: 30s
Próximo ciclo en: 29.98s
----------------------------------------------------------------------------------------

========================================================================================
CICLO #0037 | 2026-09-03 13:43:27 UTC | símbolos=0
========================================================================================
----------------------------------------------------------------------------------------
RESUMEN DEL CICLO #0037
Símbolos analizados: 0
Sin señal: 0
Esperando/otros: 0
Señales rechazadas: 0
Bloqueadas por estado/límites: 0
Validadas DRY RUN: 0
Nuevas órdenes: 0
Operaciones cerradas sincronizadas: 0
Errores: 0
Duración del ciclo: 0.02s
Intervalo objetivo: 30s
Próximo ciclo en: 29.98s
----------------------------------------------------------------------------------------

========================================================================================
CICLO #0038 | 2026-09-03 13:43:57 UTC | símbolos=0
========================================================================================
----------------------------------------------------------------------------------------
RESUMEN DEL CICLO #0038
Símbolos analizados: 0
Sin señal: 0
Esperando/otros: 0
Señales rechazadas: 0
Bloqueadas por estado/límites: 0
Validadas DRY RUN: 0
Nuevas órdenes: 0
Operaciones cerradas sincronizadas: 0
Errores: 0
Duración del ciclo: 0.02s
Intervalo objetivo: 30s
Próximo ciclo en: 29.98s
----------------------------------------------------------------------------------------

========================================================================================
CICLO #0039 | 2026-09-03 13:44:27 UTC | símbolos=0
========================================================================================
----------------------------------------------------------------------------------------
RESUMEN DEL CICLO #0039
Símbolos analizados: 0
Sin señal: 0
Esperando/otros: 0
Señales rechazadas: 0
Bloqueadas por estado/límites: 0
Validadas DRY RUN: 0
Nuevas órdenes: 0
Operaciones cerradas sincronizadas: 0
Errores: 0
Duración del ciclo: 0.02s
Intervalo objetivo: 30s
Próximo ciclo en: 29.98s
----------------------------------------------------------------------------------------

========================================================================================
CICLO #0040 | 2026-09-03 13:44:57 UTC | símbolos=0
========================================================================================
----------------------------------------------------------------------------------------
RESUMEN DEL CICLO #0040
Símbolos analizados: 0
Sin señal: 0
Esperando/otros: 0
Señales rechazadas: 0
Bloqueadas por estado/límites: 0
Validadas DRY RUN: 0
Nuevas órdenes: 0
Operaciones cerradas sincronizadas: 0
Errores: 0
Duración del ciclo: 0.02s
Intervalo objetivo: 30s
Próximo ciclo en: 29.98s
----------------------------------------------------------------------------------------

========================================================================================
CICLO #0041 | 2026-09-03 13:45:27 UTC | símbolos=8
========================================================================================
[01/08] START Multi Step 2 Index
[01/08] END   Multi Step 2 Index | 1.31s | NO M15 SETUP
    Motivo: NO_DIRECTIONAL_M15_SETUP
[02/08] START Multi Step 3 Index
[02/08] END   Multi Step 3 Index | 26.02s | NO M5 CONFIRMATION
    Motivo: NO_DIRECTIONAL_M5_CONFIRMATION
[03/08] START Multi Step 4 Index
[03/08] END   Multi Step 4 Index | 2.32s | NO M5 CONFIRMATION
    Motivo: NO_DIRECTIONAL_M5_CONFIRMATION
    Confirmaciones: 10/13 | 76.9% | calidad=88.00 | decisión=RECHAZADA
    Faltantes: rechazo del precio, desplazamiento, modo de confirmación
    Críticas faltantes: modo de confirmación, BOS REQUIRES REJECTION, DISPLACEMENT REQUIRED FOR LIVE ENTRY
    Rechazo técnico: bos rejection not confirmed, desplazamiento no confirmado, modo de confirmación no satisfecho, rechazo del precio no confirmado, falta una confirmación estructural crítica, porcentaje de confirmaciones inferior al 80%
[04/08] START Step Index
[04/08] END   Step Index | 1.60s | NO M15 SETUP
    Motivo: NO_DIRECTIONAL_M15_SETUP
[05/08] START Step Index 200
[05/08] END   Step Index 200 | 2.68s | STALE M5 SIGNAL
    Motivo: M5_CONFIRMATION_TOO_OLD_FOR_LIVE_ENTRY
[06/08] START Step Index 300
[06/08] END   Step Index 300 | 2.16s | NO M5 CONFIRMATION
    Motivo: NO_DIRECTIONAL_M5_CONFIRMATION
[07/08] START Step Index 400
[07/08] END   Step Index 400 | 2.91s | NO M5 CONFIRMATION
    Motivo: NO_DIRECTIONAL_M5_CONFIRMATION
    Confirmaciones: 10/13 | 76.9% | calidad=83.00 | decisión=RECHAZADA
    Faltantes: rechazo del precio, desplazamiento, cierre fuerte
    Críticas faltantes: DISPLACEMENT REQUIRED FOR LIVE ENTRY
    Rechazo técnico: desplazamiento no confirmado, rechazo del precio no confirmado, cierre fuerte no confirmado, calidad de la operación insuficiente, falta una confirmación estructural crítica, porcentaje de confirmaciones inferior al 80%
[08/08] START Step Index 500
[08/08] END   Step Index 500 | 1.82s | STALE M5 SIGNAL
    Motivo: M5_CONFIRMATION_TOO_OLD_FOR_LIVE_ENTRY
----------------------------------------------------------------------------------------
RESUMEN DEL CICLO #0041
Símbolos analizados: 8
Sin señal: 0
Esperando/otros: 8
Señales rechazadas: 0
Bloqueadas por estado/límites: 0
Validadas DRY RUN: 0
Nuevas órdenes: 0
Operaciones cerradas sincronizadas: 0
Errores: 0
Duración del ciclo: 40.89s
Intervalo objetivo: 30s
Próximo ciclo en: 0.00s
[AVISO] Ciclo excedio el intervalo por: 10.89s
----------------------------------------------------------------------------------------

========================================================================================
CICLO #0042 | 2026-09-03 13:46:08 UTC | símbolos=0
========================================================================================
----------------------------------------------------------------------------------------
RESUMEN DEL CICLO #0042
Símbolos analizados: 0
Sin señal: 0
Esperando/otros: 0
Señales rechazadas: 0
Bloqueadas por estado/límites: 0
Validadas DRY RUN: 0
Nuevas órdenes: 0
Operaciones cerradas sincronizadas: 0
Errores: 0
Duración del ciclo: 0.02s
Intervalo objetivo: 30s
Próximo ciclo en: 29.98s
----------------------------------------------------------------------------------------

========================================================================================
CICLO #0043 | 2026-09-03 13:46:38 UTC | símbolos=0
========================================================================================
----------------------------------------------------------------------------------------
RESUMEN DEL CICLO #0043
Símbolos analizados: 0
Sin señal: 0
Esperando/otros: 0
Señales rechazadas: 0
Bloqueadas por estado/límites: 0
Validadas DRY RUN: 0
Nuevas órdenes: 0
Operaciones cerradas sincronizadas: 0
Errores: 0
Duración del ciclo: 0.02s
Intervalo objetivo: 30s
Próximo ciclo en: 29.98s
----------------------------------------------------------------------------------------

========================================================================================
CICLO #0044 | 2026-09-03 13:47:08 UTC | símbolos=0
========================================================================================
----------------------------------------------------------------------------------------
RESUMEN DEL CICLO #0044
Símbolos analizados: 0
Sin señal: 0
Esperando/otros: 0
Señales rechazadas: 0
Bloqueadas por estado/límites: 0
Validadas DRY RUN: 0
Nuevas órdenes: 0
Operaciones cerradas sincronizadas: 0
Errores: 0
Duración del ciclo: 0.02s
Intervalo objetivo: 30s
Próximo ciclo en: 29.98s
----------------------------------------------------------------------------------------

========================================================================================
CICLO #0045 | 2026-09-03 13:47:38 UTC | símbolos=0
========================================================================================
----------------------------------------------------------------------------------------
RESUMEN DEL CICLO #0045
Símbolos analizados: 0
Sin señal: 0
Esperando/otros: 0
Señales rechazadas: 0
Bloqueadas por estado/límites: 0
Validadas DRY RUN: 0
Nuevas órdenes: 0
Operaciones cerradas sincronizadas: 0
Errores: 0
Duración del ciclo: 0.02s
Intervalo objetivo: 30s
Próximo ciclo en: 29.98s
----------------------------------------------------------------------------------------

========================================================================================
CICLO #0046 | 2026-09-03 13:48:08 UTC | símbolos=0
========================================================================================
----------------------------------------------------------------------------------------
RESUMEN DEL CICLO #0046
Símbolos analizados: 0
Sin señal: 0
Esperando/otros: 0
Señales rechazadas: 0
Bloqueadas por estado/límites: 0
Validadas DRY RUN: 0
Nuevas órdenes: 0
Operaciones cerradas sincronizadas: 0
Errores: 0
Duración del ciclo: 0.02s
Intervalo objetivo: 30s
Próximo ciclo en: 29.98s
----------------------------------------------------------------------------------------

========================================================================================
CICLO #0047 | 2026-09-03 13:48:38 UTC | símbolos=0
========================================================================================
----------------------------------------------------------------------------------------
RESUMEN DEL CICLO #0047
Símbolos analizados: 0
Sin señal: 0
Esperando/otros: 0
Señales rechazadas: 0
Bloqueadas por estado/límites: 0
Validadas DRY RUN: 0
Nuevas órdenes: 0
Operaciones cerradas sincronizadas: 0
Errores: 0
Duración del ciclo: 0.02s
Intervalo objetivo: 30s
Próximo ciclo en: 29.98s
----------------------------------------------------------------------------------------

========================================================================================
CICLO #0048 | 2026-09-03 13:49:08 UTC | símbolos=0
========================================================================================
----------------------------------------------------------------------------------------
RESUMEN DEL CICLO #0048
Símbolos analizados: 0
Sin señal: 0
Esperando/otros: 0
Señales rechazadas: 0
Bloqueadas por estado/límites: 0
Validadas DRY RUN: 0
Nuevas órdenes: 0
Operaciones cerradas sincronizadas: 0
Errores: 0
Duración del ciclo: 0.02s
Intervalo objetivo: 30s
Próximo ciclo en: 29.98s
----------------------------------------------------------------------------------------

========================================================================================
CICLO #0049 | 2026-09-03 13:49:38 UTC | símbolos=0
========================================================================================
----------------------------------------------------------------------------------------
RESUMEN DEL CICLO #0049
Símbolos analizados: 0
Sin señal: 0
Esperando/otros: 0
Señales rechazadas: 0
Bloqueadas por estado/límites: 0
Validadas DRY RUN: 0
Nuevas órdenes: 0
Operaciones cerradas sincronizadas: 0
Errores: 0
Duración del ciclo: 0.02s
Intervalo objetivo: 30s
Próximo ciclo en: 29.98s
----------------------------------------------------------------------------------------

========================================================================================
CICLO #0050 | 2026-09-03 13:50:08 UTC | símbolos=8
========================================================================================
[01/08] START Multi Step 2 Index
[01/08] END   Multi Step 2 Index | 0.02s | NO M15 SETUP
    Motivo: NO_DIRECTIONAL_M15_SETUP
[02/08] START Multi Step 3 Index
[02/08] END   Multi Step 3 Index | 0.72s | NO M5 CONFIRMATION
    Motivo: NO_DIRECTIONAL_M5_CONFIRMATION
[03/08] START Multi Step 4 Index
[03/08] END   Multi Step 4 Index | 1.46s | NO M5 CONFIRMATION
    Motivo: NO_DIRECTIONAL_M5_CONFIRMATION
    Confirmaciones: 10/13 | 76.9% | calidad=88.00 | decisión=RECHAZADA
    Faltantes: rechazo del precio, desplazamiento, modo de confirmación
    Críticas faltantes: modo de confirmación, BOS REQUIRES REJECTION, DISPLACEMENT REQUIRED FOR LIVE ENTRY
    Rechazo técnico: bos rejection not confirmed, desplazamiento no confirmado, modo de confirmación no satisfecho, rechazo del precio no confirmado, falta una confirmación estructural crítica, porcentaje de confirmaciones inferior al 80%
[04/08] START Step Index
[04/08] END   Step Index | 0.01s | NO M15 SETUP
    Motivo: NO_DIRECTIONAL_M15_SETUP
[05/08] START Step Index 200
[05/08] END   Step Index 200 | 1.21s | STALE M5 SIGNAL
    Motivo: M5_CONFIRMATION_TOO_OLD_FOR_LIVE_ENTRY
[06/08] START Step Index 300
[06/08] END   Step Index 300 | 1.27s | NO M5 CONFIRMATION
    Motivo: NO_DIRECTIONAL_M5_CONFIRMATION
[07/08] START Step Index 400
[07/08] END   Step Index 400 | 0.61s | NO M5 CONFIRMATION
    Motivo: NO_DIRECTIONAL_M5_CONFIRMATION
    Confirmaciones: 10/13 | 76.9% | calidad=83.00 | decisión=RECHAZADA
    Faltantes: rechazo del precio, desplazamiento, cierre fuerte
    Críticas faltantes: DISPLACEMENT REQUIRED FOR LIVE ENTRY
    Rechazo técnico: desplazamiento no confirmado, rechazo del precio no confirmado, cierre fuerte no confirmado, calidad de la operación insuficiente, falta una confirmación estructural crítica, porcentaje de confirmaciones inferior al 80%
[08/08] START Step Index 500
[08/08] END   Step Index 500 | 0.74s | STALE M5 SIGNAL
    Motivo: M5_CONFIRMATION_TOO_OLD_FOR_LIVE_ENTRY
----------------------------------------------------------------------------------------
RESUMEN DEL CICLO #0050
Símbolos analizados: 8
Sin señal: 0
Esperando/otros: 8
Señales rechazadas: 0
Bloqueadas por estado/límites: 0
Validadas DRY RUN: 0
Nuevas órdenes: 0
Operaciones cerradas sincronizadas: 0
Errores: 0
Duración del ciclo: 6.10s
Intervalo objetivo: 30s
Próximo ciclo en: 23.90s
----------------------------------------------------------------------------------------

========================================================================================
CICLO #0051 | 2026-09-03 13:50:38 UTC | símbolos=0
========================================================================================
----------------------------------------------------------------------------------------
RESUMEN DEL CICLO #0051
Símbolos analizados: 0
Sin señal: 0
Esperando/otros: 0
Señales rechazadas: 0
Bloqueadas por estado/límites: 0
Validadas DRY RUN: 0
Nuevas órdenes: 0
Operaciones cerradas sincronizadas: 0
Errores: 0
Duración del ciclo: 0.02s
Intervalo objetivo: 30s
Próximo ciclo en: 29.98s
----------------------------------------------------------------------------------------

========================================================================================
CICLO #0052 | 2026-09-03 13:51:08 UTC | símbolos=0
========================================================================================
----------------------------------------------------------------------------------------
RESUMEN DEL CICLO #0052
Símbolos analizados: 0
Sin señal: 0
Esperando/otros: 0
Señales rechazadas: 0
Bloqueadas por estado/límites: 0
Validadas DRY RUN: 0
Nuevas órdenes: 0
Operaciones cerradas sincronizadas: 0
Errores: 0
Duración del ciclo: 0.03s
Intervalo objetivo: 30s
Próximo ciclo en: 29.97s
----------------------------------------------------------------------------------------

========================================================================================
CICLO #0053 | 2026-09-03 13:51:38 UTC | símbolos=0
========================================================================================
----------------------------------------------------------------------------------------
RESUMEN DEL CICLO #0053
Símbolos analizados: 0
Sin señal: 0
Esperando/otros: 0
Señales rechazadas: 0
Bloqueadas por estado/límites: 0
Validadas DRY RUN: 0
Nuevas órdenes: 0
Operaciones cerradas sincronizadas: 0
Errores: 0
Duración del ciclo: 0.03s
Intervalo objetivo: 30s
Próximo ciclo en: 29.97s
----------------------------------------------------------------------------------------

========================================================================================
CICLO #0054 | 2026-09-03 13:52:08 UTC | símbolos=0
========================================================================================
----------------------------------------------------------------------------------------
RESUMEN DEL CICLO #0054
Símbolos analizados: 0
Sin señal: 0
Esperando/otros: 0
Señales rechazadas: 0
Bloqueadas por estado/límites: 0
Validadas DRY RUN: 0
Nuevas órdenes: 0
Operaciones cerradas sincronizadas: 0
Errores: 0
Duración del ciclo: 0.02s
Intervalo objetivo: 30s
Próximo ciclo en: 29.98s
----------------------------------------------------------------------------------------

========================================================================================
CICLO #0055 | 2026-09-03 13:52:38 UTC | símbolos=0
========================================================================================
----------------------------------------------------------------------------------------
RESUMEN DEL CICLO #0055
Símbolos analizados: 0
Sin señal: 0
Esperando/otros: 0
Señales rechazadas: 0
Bloqueadas por estado/límites: 0
Validadas DRY RUN: 0
Nuevas órdenes: 0
Operaciones cerradas sincronizadas: 0
Errores: 0
Duración del ciclo: 0.02s
Intervalo objetivo: 30s
Próximo ciclo en: 29.98s
----------------------------------------------------------------------------------------

========================================================================================
CICLO #0056 | 2026-09-03 13:53:08 UTC | símbolos=0
========================================================================================
----------------------------------------------------------------------------------------
RESUMEN DEL CICLO #0056
Símbolos analizados: 0
Sin señal: 0
Esperando/otros: 0
Señales rechazadas: 0
Bloqueadas por estado/límites: 0
Validadas DRY RUN: 0
Nuevas órdenes: 0
Operaciones cerradas sincronizadas: 0
Errores: 0
Duración del ciclo: 0.02s
Intervalo objetivo: 30s
Próximo ciclo en: 29.98s
----------------------------------------------------------------------------------------

========================================================================================
CICLO #0057 | 2026-09-03 13:53:38 UTC | símbolos=0
========================================================================================
----------------------------------------------------------------------------------------
RESUMEN DEL CICLO #0057
Símbolos analizados: 0
Sin señal: 0
Esperando/otros: 0
Señales rechazadas: 0
Bloqueadas por estado/límites: 0
Validadas DRY RUN: 0
Nuevas órdenes: 0
Operaciones cerradas sincronizadas: 0
Errores: 0
Duración del ciclo: 0.02s
Intervalo objetivo: 30s
Próximo ciclo en: 29.98s
----------------------------------------------------------------------------------------

========================================================================================
CICLO #0058 | 2026-09-03 13:54:08 UTC | símbolos=0
========================================================================================
----------------------------------------------------------------------------------------
RESUMEN DEL CICLO #0058
Símbolos analizados: 0
Sin señal: 0
Esperando/otros: 0
Señales rechazadas: 0
Bloqueadas por estado/límites: 0
Validadas DRY RUN: 0
Nuevas órdenes: 0
Operaciones cerradas sincronizadas: 0
Errores: 0
Duración del ciclo: 0.02s
Intervalo objetivo: 30s
Próximo ciclo en: 29.98s
----------------------------------------------------------------------------------------

========================================================================================
CICLO #0059 | 2026-09-03 13:54:38 UTC | símbolos=0
========================================================================================
----------------------------------------------------------------------------------------
RESUMEN DEL CICLO #0059
Símbolos analizados: 0
Sin señal: 0
Esperando/otros: 0
Señales rechazadas: 0
Bloqueadas por estado/límites: 0
Validadas DRY RUN: 0
Nuevas órdenes: 0
Operaciones cerradas sincronizadas: 0
Errores: 0
Duración del ciclo: 0.02s
Intervalo objetivo: 30s
Próximo ciclo en: 29.98s
----------------------------------------------------------------------------------------

========================================================================================
CICLO #0060 | 2026-09-03 13:55:08 UTC | símbolos=8
========================================================================================
[01/08] START Multi Step 2 Index
[01/08] END   Multi Step 2 Index | 0.01s | NO M15 SETUP
    Motivo: NO_DIRECTIONAL_M15_SETUP
[02/08] START Multi Step 3 Index
[02/08] END   Multi Step 3 Index | 0.61s | NO M5 CONFIRMATION
    Motivo: NO_DIRECTIONAL_M5_CONFIRMATION
[03/08] START Multi Step 4 Index
[03/08] END   Multi Step 4 Index | 1.24s | NO M5 CONFIRMATION
    Motivo: NO_DIRECTIONAL_M5_CONFIRMATION
    Confirmaciones: 10/13 | 76.9% | calidad=88.00 | decisión=RECHAZADA
    Faltantes: rechazo del precio, desplazamiento, modo de confirmación
    Críticas faltantes: modo de confirmación, BOS REQUIRES REJECTION, DISPLACEMENT REQUIRED FOR LIVE ENTRY
    Rechazo técnico: bos rejection not confirmed, desplazamiento no confirmado, modo de confirmación no satisfecho, rechazo del precio no confirmado, falta una confirmación estructural crítica, porcentaje de confirmaciones inferior al 80%
[04/08] START Step Index
[04/08] END   Step Index | 0.01s | NO M15 SETUP
    Motivo: NO_DIRECTIONAL_M15_SETUP
[05/08] START Step Index 200
[05/08] END   Step Index 200 | 0.71s | STALE M5 SIGNAL
    Motivo: M5_CONFIRMATION_TOO_OLD_FOR_LIVE_ENTRY
[06/08] START Step Index 300
[06/08] END   Step Index 300 | 0.99s | NO M5 CONFIRMATION
    Motivo: NO_DIRECTIONAL_M5_CONFIRMATION
[07/08] START Step Index 400
[07/08] END   Step Index 400 | 0.58s | NO M5 CONFIRMATION
    Motivo: NO_DIRECTIONAL_M5_CONFIRMATION
    Confirmaciones: 10/13 | 76.9% | calidad=83.00 | decisión=RECHAZADA
    Faltantes: rechazo del precio, desplazamiento, cierre fuerte
    Críticas faltantes: DISPLACEMENT REQUIRED FOR LIVE ENTRY
    Rechazo técnico: desplazamiento no confirmado, rechazo del precio no confirmado, cierre fuerte no confirmado, calidad de la operación insuficiente, falta una confirmación estructural crítica, porcentaje de confirmaciones inferior al 80%
[08/08] START Step Index 500
[08/08] END   Step Index 500 | 0.75s | STALE M5 SIGNAL
    Motivo: M5_CONFIRMATION_TOO_OLD_FOR_LIVE_ENTRY
----------------------------------------------------------------------------------------
RESUMEN DEL CICLO #0060
Símbolos analizados: 8
Sin señal: 0
Esperando/otros: 8
Señales rechazadas: 0
Bloqueadas por estado/límites: 0
Validadas DRY RUN: 0
Nuevas órdenes: 0
Operaciones cerradas sincronizadas: 0
Errores: 0
Duración del ciclo: 4.98s
Intervalo objetivo: 30s
Próximo ciclo en: 25.02s
----------------------------------------------------------------------------------------

========================================================================================
CICLO #0061 | 2026-09-03 13:55:38 UTC | símbolos=0
========================================================================================
----------------------------------------------------------------------------------------
RESUMEN DEL CICLO #0061
Símbolos analizados: 0
Sin señal: 0
Esperando/otros: 0
Señales rechazadas: 0
Bloqueadas por estado/límites: 0
Validadas DRY RUN: 0
Nuevas órdenes: 0
Operaciones cerradas sincronizadas: 0
Errores: 0
Duración del ciclo: 0.02s
Intervalo objetivo: 30s
Próximo ciclo en: 29.98s
----------------------------------------------------------------------------------------

========================================================================================
CICLO #0062 | 2026-09-03 13:56:08 UTC | símbolos=0
========================================================================================
----------------------------------------------------------------------------------------
RESUMEN DEL CICLO #0062
Símbolos analizados: 0
Sin señal: 0
Esperando/otros: 0
Señales rechazadas: 0
Bloqueadas por estado/límites: 0
Validadas DRY RUN: 0
Nuevas órdenes: 0
Operaciones cerradas sincronizadas: 0
Errores: 0
Duración del ciclo: 0.02s
Intervalo objetivo: 30s
Próximo ciclo en: 29.98s
----------------------------------------------------------------------------------------

========================================================================================
CICLO #0063 | 2026-09-03 13:56:38 UTC | símbolos=0
========================================================================================
----------------------------------------------------------------------------------------
RESUMEN DEL CICLO #0063
Símbolos analizados: 0
Sin señal: 0
Esperando/otros: 0
Señales rechazadas: 0
Bloqueadas por estado/límites: 0
Validadas DRY RUN: 0
Nuevas órdenes: 0
Operaciones cerradas sincronizadas: 0
Errores: 0
Duración del ciclo: 0.02s
Intervalo objetivo: 30s
Próximo ciclo en: 29.98s
----------------------------------------------------------------------------------------

========================================================================================
CICLO #0064 | 2026-09-03 13:57:08 UTC | símbolos=0
========================================================================================
----------------------------------------------------------------------------------------
RESUMEN DEL CICLO #0064
Símbolos analizados: 0
Sin señal: 0
Esperando/otros: 0
Señales rechazadas: 0
Bloqueadas por estado/límites: 0
Validadas DRY RUN: 0
Nuevas órdenes: 0
Operaciones cerradas sincronizadas: 0
Errores: 0
Duración del ciclo: 0.02s
Intervalo objetivo: 30s
Próximo ciclo en: 29.98s
----------------------------------------------------------------------------------------

========================================================================================
CICLO #0065 | 2026-09-03 13:57:38 UTC | símbolos=0
========================================================================================
----------------------------------------------------------------------------------------
RESUMEN DEL CICLO #0065
Símbolos analizados: 0
Sin señal: 0
Esperando/otros: 0
Señales rechazadas: 0
Bloqueadas por estado/límites: 0
Validadas DRY RUN: 0
Nuevas órdenes: 0
Operaciones cerradas sincronizadas: 0
Errores: 0
Duración del ciclo: 0.02s
Intervalo objetivo: 30s
Próximo ciclo en: 29.98s
----------------------------------------------------------------------------------------

========================================================================================
CICLO #0066 | 2026-09-03 13:58:08 UTC | símbolos=0
========================================================================================
----------------------------------------------------------------------------------------
RESUMEN DEL CICLO #0066
Símbolos analizados: 0
Sin señal: 0
Esperando/otros: 0
Señales rechazadas: 0
Bloqueadas por estado/límites: 0
Validadas DRY RUN: 0
Nuevas órdenes: 0
Operaciones cerradas sincronizadas: 0
Errores: 0
Duración del ciclo: 0.02s
Intervalo objetivo: 30s
Próximo ciclo en: 29.98s
----------------------------------------------------------------------------------------

========================================================================================
CICLO #0067 | 2026-09-03 13:58:38 UTC | símbolos=0
========================================================================================
----------------------------------------------------------------------------------------
RESUMEN DEL CICLO #0067
Símbolos analizados: 0
Sin señal: 0
Esperando/otros: 0
Señales rechazadas: 0
Bloqueadas por estado/límites: 0
Validadas DRY RUN: 0
Nuevas órdenes: 0
Operaciones cerradas sincronizadas: 0
Errores: 0
Duración del ciclo: 0.02s
Intervalo objetivo: 30s
Próximo ciclo en: 29.98s
----------------------------------------------------------------------------------------

========================================================================================
CICLO #0068 | 2026-09-03 13:59:08 UTC | símbolos=0
========================================================================================
----------------------------------------------------------------------------------------
RESUMEN DEL CICLO #0068
Símbolos analizados: 0
Sin señal: 0
Esperando/otros: 0
Señales rechazadas: 0
Bloqueadas por estado/límites: 0
Validadas DRY RUN: 0
Nuevas órdenes: 0
Operaciones cerradas sincronizadas: 0
Errores: 0
Duración del ciclo: 0.02s
Intervalo objetivo: 30s
Próximo ciclo en: 29.98s
----------------------------------------------------------------------------------------

========================================================================================
CICLO #0069 | 2026-09-03 13:59:38 UTC | símbolos=0
========================================================================================
----------------------------------------------------------------------------------------
RESUMEN DEL CICLO #0069
Símbolos analizados: 0
Sin señal: 0
Esperando/otros: 0
Señales rechazadas: 0
Bloqueadas por estado/límites: 0
Validadas DRY RUN: 0
Nuevas órdenes: 0
Operaciones cerradas sincronizadas: 0
Errores: 0
Duración del ciclo: 0.02s
Intervalo objetivo: 30s
Próximo ciclo en: 29.98s
----------------------------------------------------------------------------------------

========================================================================================
CICLO #0070 | 2026-09-03 14:00:08 UTC | símbolos=8
========================================================================================
[01/08] START Multi Step 2 Index
[01/08] END   Multi Step 2 Index | 3.68s | NO M15 SETUP
    Motivo: NO_DIRECTIONAL_M15_SETUP
[02/08] START Multi Step 3 Index
[02/08] END   Multi Step 3 Index | 5.01s | NO M5 CONFIRMATION
    Motivo: NO_DIRECTIONAL_M5_CONFIRMATION
[03/08] START Multi Step 4 Index
[03/08] END   Multi Step 4 Index | 7.85s | NO M5 CONFIRMATION
    Motivo: NO_DIRECTIONAL_M5_CONFIRMATION
    Confirmaciones: 10/13 | 76.9% | calidad=88.00 | decisión=RECHAZADA
    Faltantes: rechazo del precio, desplazamiento, modo de confirmación
    Críticas faltantes: modo de confirmación, BOS REQUIRES REJECTION, DISPLACEMENT REQUIRED FOR LIVE ENTRY
    Rechazo técnico: bos rejection not confirmed, desplazamiento no confirmado, modo de confirmación no satisfecho, rechazo del precio no confirmado, falta una confirmación estructural crítica, porcentaje de confirmaciones inferior al 80%
[04/08] START Step Index
[04/08] END   Step Index | 5.17s | NO M15 SETUP
    Motivo: NO_DIRECTIONAL_M15_SETUP
[05/08] START Step Index 200
[05/08] END   Step Index 200 | 6.09s | STALE M5 SIGNAL
    Motivo: M5_CONFIRMATION_TOO_OLD_FOR_LIVE_ENTRY
[06/08] START Step Index 300
[06/08] END   Step Index 300 | 4.67s | NO M5 CONFIRMATION
    Motivo: NO_DIRECTIONAL_M5_CONFIRMATION
[07/08] START Step Index 400
[07/08] END   Step Index 400 | 5.48s | NO M5 CONFIRMATION
    Motivo: NO_DIRECTIONAL_M5_CONFIRMATION
    Confirmaciones: 10/13 | 76.9% | calidad=83.00 | decisión=RECHAZADA
    Faltantes: rechazo del precio, desplazamiento, cierre fuerte
    Críticas faltantes: DISPLACEMENT REQUIRED FOR LIVE ENTRY
    Rechazo técnico: desplazamiento no confirmado, rechazo del precio no confirmado, cierre fuerte no confirmado, calidad de la operación insuficiente, falta una confirmación estructural crítica, porcentaje de confirmaciones inferior al 80%
[08/08] START Step Index 500
[08/08] END   Step Index 500 | 2.92s | STALE M5 SIGNAL
    Motivo: M5_CONFIRMATION_TOO_OLD_FOR_LIVE_ENTRY
----------------------------------------------------------------------------------------
RESUMEN DEL CICLO #0070
Símbolos analizados: 8
Sin señal: 0
Esperando/otros: 8
Señales rechazadas: 0
Bloqueadas por estado/límites: 0
Validadas DRY RUN: 0
Nuevas órdenes: 0
Operaciones cerradas sincronizadas: 0
Errores: 0
Duración del ciclo: 40.96s
Intervalo objetivo: 30s
Próximo ciclo en: 0.00s
[AVISO] Ciclo excedio el intervalo por: 10.96s
----------------------------------------------------------------------------------------

========================================================================================
CICLO #0071 | 2026-09-03 14:00:49 UTC | símbolos=0
========================================================================================
----------------------------------------------------------------------------------------
RESUMEN DEL CICLO #0071
Símbolos analizados: 0
Sin señal: 0
Esperando/otros: 0
Señales rechazadas: 0
Bloqueadas por estado/límites: 0
Validadas DRY RUN: 0
Nuevas órdenes: 0
Operaciones cerradas sincronizadas: 0
Errores: 0
Duración del ciclo: 0.02s
Intervalo objetivo: 30s
Próximo ciclo en: 29.98s
----------------------------------------------------------------------------------------

========================================================================================
CICLO #0072 | 2026-09-03 14:01:19 UTC | símbolos=0
========================================================================================
----------------------------------------------------------------------------------------
RESUMEN DEL CICLO #0072
Símbolos analizados: 0
Sin señal: 0
Esperando/otros: 0
Señales rechazadas: 0
Bloqueadas por estado/límites: 0
Validadas DRY RUN: 0
Nuevas órdenes: 0
Operaciones cerradas sincronizadas: 0
Errores: 0
Duración del ciclo: 0.02s
Intervalo objetivo: 30s
Próximo ciclo en: 29.98s
----------------------------------------------------------------------------------------

========================================================================================
CICLO #0073 | 2026-09-03 14:01:49 UTC | símbolos=0
========================================================================================
----------------------------------------------------------------------------------------
RESUMEN DEL CICLO #0073
Símbolos analizados: 0
Sin señal: 0
Esperando/otros: 0
Señales rechazadas: 0
Bloqueadas por estado/límites: 0
Validadas DRY RUN: 0
Nuevas órdenes: 0
Operaciones cerradas sincronizadas: 0
Errores: 0
Duración del ciclo: 0.02s
Intervalo objetivo: 30s
Próximo ciclo en: 29.98s
----------------------------------------------------------------------------------------

========================================================================================
CICLO #0074 | 2026-09-03 14:02:19 UTC | símbolos=0
========================================================================================
----------------------------------------------------------------------------------------
RESUMEN DEL CICLO #0074
Símbolos analizados: 0
Sin señal: 0
Esperando/otros: 0
Señales rechazadas: 0
Bloqueadas por estado/límites: 0
Validadas DRY RUN: 0
Nuevas órdenes: 0
Operaciones cerradas sincronizadas: 0
Errores: 0
Duración del ciclo: 0.02s
Intervalo objetivo: 30s
Próximo ciclo en: 29.98s
----------------------------------------------------------------------------------------

========================================================================================
CICLO #0075 | 2026-09-03 14:02:49 UTC | símbolos=0
========================================================================================
----------------------------------------------------------------------------------------
RESUMEN DEL CICLO #0075
Símbolos analizados: 0
Sin señal: 0
Esperando/otros: 0
Señales rechazadas: 0
Bloqueadas por estado/límites: 0
Validadas DRY RUN: 0
Nuevas órdenes: 0
Operaciones cerradas sincronizadas: 0
Errores: 0
Duración del ciclo: 0.03s
Intervalo objetivo: 30s
Próximo ciclo en: 29.97s
----------------------------------------------------------------------------------------

========================================================================================
CICLO #0076 | 2026-09-03 14:03:19 UTC | símbolos=0
========================================================================================
----------------------------------------------------------------------------------------
RESUMEN DEL CICLO #0076
Símbolos analizados: 0
Sin señal: 0
Esperando/otros: 0
Señales rechazadas: 0
Bloqueadas por estado/límites: 0
Validadas DRY RUN: 0
Nuevas órdenes: 0
Operaciones cerradas sincronizadas: 0
Errores: 0
Duración del ciclo: 0.02s
Intervalo objetivo: 30s
Próximo ciclo en: 29.98s
----------------------------------------------------------------------------------------

========================================================================================
CICLO #0077 | 2026-09-03 14:03:49 UTC | símbolos=0
========================================================================================
----------------------------------------------------------------------------------------
RESUMEN DEL CICLO #0077
Símbolos analizados: 0
Sin señal: 0
Esperando/otros: 0
Señales rechazadas: 0
Bloqueadas por estado/límites: 0
Validadas DRY RUN: 0
Nuevas órdenes: 0
Operaciones cerradas sincronizadas: 0
Errores: 0
Duración del ciclo: 0.02s
Intervalo objetivo: 30s
Próximo ciclo en: 29.98s
----------------------------------------------------------------------------------------

========================================================================================
CICLO #0078 | 2026-09-03 14:04:19 UTC | símbolos=0
========================================================================================
----------------------------------------------------------------------------------------
RESUMEN DEL CICLO #0078
Símbolos analizados: 0
Sin señal: 0
Esperando/otros: 0
Señales rechazadas: 0
Bloqueadas por estado/límites: 0
Validadas DRY RUN: 0
Nuevas órdenes: 0
Operaciones cerradas sincronizadas: 0
Errores: 0
Duración del ciclo: 0.02s
Intervalo objetivo: 30s
Próximo ciclo en: 29.98s
----------------------------------------------------------------------------------------

========================================================================================
CICLO #0079 | 2026-09-03 14:04:49 UTC | símbolos=0
========================================================================================
----------------------------------------------------------------------------------------
RESUMEN DEL CICLO #0079
Símbolos analizados: 0
Sin señal: 0
Esperando/otros: 0
Señales rechazadas: 0
Bloqueadas por estado/límites: 0
Validadas DRY RUN: 0
Nuevas órdenes: 0
Operaciones cerradas sincronizadas: 0
Errores: 0
Duración del ciclo: 0.02s
Intervalo objetivo: 30s
Próximo ciclo en: 29.98s
----------------------------------------------------------------------------------------

========================================================================================
CICLO #0080 | 2026-09-03 14:05:19 UTC | símbolos=8
========================================================================================
[01/08] START Multi Step 2 Index
[01/08] END   Multi Step 2 Index | 0.01s | NO M15 SETUP
    Motivo: NO_DIRECTIONAL_M15_SETUP
[02/08] START Multi Step 3 Index
[02/08] END   Multi Step 3 Index | 0.57s | NO M5 CONFIRMATION
    Motivo: NO_DIRECTIONAL_M5_CONFIRMATION
[03/08] START Multi Step 4 Index
[03/08] END   Multi Step 4 Index | 1.07s | NO M5 CONFIRMATION
    Motivo: NO_DIRECTIONAL_M5_CONFIRMATION
    Confirmaciones: 10/13 | 76.9% | calidad=88.00 | decisión=RECHAZADA
    Faltantes: rechazo del precio, desplazamiento, modo de confirmación
    Críticas faltantes: modo de confirmación, BOS REQUIRES REJECTION, DISPLACEMENT REQUIRED FOR LIVE ENTRY
    Rechazo técnico: bos rejection not confirmed, desplazamiento no confirmado, modo de confirmación no satisfecho, rechazo del precio no confirmado, falta una confirmación estructural crítica, porcentaje de confirmaciones inferior al 80%
[04/08] START Step Index
[04/08] END   Step Index | 0.01s | NO M15 SETUP
    Motivo: NO_DIRECTIONAL_M15_SETUP
[05/08] START Step Index 200
[05/08] END   Step Index 200 | 0.56s | STALE M5 SIGNAL
    Motivo: M5_CONFIRMATION_TOO_OLD_FOR_LIVE_ENTRY
[06/08] START Step Index 300
[06/08] END   Step Index 300 | 0.80s | NO M5 CONFIRMATION
    Motivo: NO_DIRECTIONAL_M5_CONFIRMATION
[07/08] START Step Index 400
[07/08] END   Step Index 400 | 0.47s | NO M5 CONFIRMATION
    Motivo: NO_DIRECTIONAL_M5_CONFIRMATION
    Confirmaciones: 10/13 | 76.9% | calidad=83.00 | decisión=RECHAZADA
    Faltantes: rechazo del precio, desplazamiento, cierre fuerte
    Críticas faltantes: DISPLACEMENT REQUIRED FOR LIVE ENTRY
    Rechazo técnico: desplazamiento no confirmado, rechazo del precio no confirmado, cierre fuerte no confirmado, calidad de la operación insuficiente, falta una confirmación estructural crítica, porcentaje de confirmaciones inferior al 80%
[08/08] START Step Index 500
[08/08] END   Step Index 500 | 0.54s | STALE M5 SIGNAL
    Motivo: M5_CONFIRMATION_TOO_OLD_FOR_LIVE_ENTRY
----------------------------------------------------------------------------------------
RESUMEN DEL CICLO #0080
Símbolos analizados: 8
Sin señal: 0
Esperando/otros: 8
Señales rechazadas: 0
Bloqueadas por estado/límites: 0
Validadas DRY RUN: 0
Nuevas órdenes: 0
Operaciones cerradas sincronizadas: 0
Errores: 0
Duración del ciclo: 4.09s
Intervalo objetivo: 30s
Próximo ciclo en: 25.91s
----------------------------------------------------------------------------------------

========================================================================================
CICLO #0081 | 2026-09-03 14:05:49 UTC | símbolos=0
========================================================================================
----------------------------------------------------------------------------------------
RESUMEN DEL CICLO #0081
Símbolos analizados: 0
Sin señal: 0
Esperando/otros: 0
Señales rechazadas: 0
Bloqueadas por estado/límites: 0
Validadas DRY RUN: 0
Nuevas órdenes: 0
Operaciones cerradas sincronizadas: 0
Errores: 0
Duración del ciclo: 0.02s
Intervalo objetivo: 30s
Próximo ciclo en: 29.98s
----------------------------------------------------------------------------------------

========================================================================================
CICLO #0082 | 2026-09-03 14:06:19 UTC | símbolos=0
========================================================================================
----------------------------------------------------------------------------------------
RESUMEN DEL CICLO #0082
Símbolos analizados: 0
Sin señal: 0
Esperando/otros: 0
Señales rechazadas: 0
Bloqueadas por estado/límites: 0
Validadas DRY RUN: 0
Nuevas órdenes: 0
Operaciones cerradas sincronizadas: 0
Errores: 0
Duración del ciclo: 0.02s
Intervalo objetivo: 30s
Próximo ciclo en: 29.98s
----------------------------------------------------------------------------------------

========================================================================================
CICLO #0083 | 2026-09-03 14:06:49 UTC | símbolos=0
========================================================================================
----------------------------------------------------------------------------------------
RESUMEN DEL CICLO #0083
Símbolos analizados: 0
Sin señal: 0
Esperando/otros: 0
Señales rechazadas: 0
Bloqueadas por estado/límites: 0
Validadas DRY RUN: 0
Nuevas órdenes: 0
Operaciones cerradas sincronizadas: 0
Errores: 0
Duración del ciclo: 0.02s
Intervalo objetivo: 30s
Próximo ciclo en: 29.98s
----------------------------------------------------------------------------------------

========================================================================================
CICLO #0084 | 2026-09-03 14:07:19 UTC | símbolos=0
========================================================================================
----------------------------------------------------------------------------------------
RESUMEN DEL CICLO #0084
Símbolos analizados: 0
Sin señal: 0
Esperando/otros: 0
Señales rechazadas: 0
Bloqueadas por estado/límites: 0
Validadas DRY RUN: 0
Nuevas órdenes: 0
Operaciones cerradas sincronizadas: 0
Errores: 0
Duración del ciclo: 0.03s
Intervalo objetivo: 30s
Próximo ciclo en: 29.97s
----------------------------------------------------------------------------------------

========================================================================================
CICLO #0085 | 2026-09-03 14:07:49 UTC | símbolos=0
========================================================================================
----------------------------------------------------------------------------------------
RESUMEN DEL CICLO #0085
Símbolos analizados: 0
Sin señal: 0
Esperando/otros: 0
Señales rechazadas: 0
Bloqueadas por estado/límites: 0
Validadas DRY RUN: 0
Nuevas órdenes: 0
Operaciones cerradas sincronizadas: 0
Errores: 0
Duración del ciclo: 0.02s
Intervalo objetivo: 30s
Próximo ciclo en: 29.98s
----------------------------------------------------------------------------------------

========================================================================================
CICLO #0086 | 2026-09-03 14:08:19 UTC | símbolos=0
========================================================================================
----------------------------------------------------------------------------------------
RESUMEN DEL CICLO #0086
Símbolos analizados: 0
Sin señal: 0
Esperando/otros: 0
Señales rechazadas: 0
Bloqueadas por estado/límites: 0
Validadas DRY RUN: 0
Nuevas órdenes: 0
Operaciones cerradas sincronizadas: 0
Errores: 0
Duración del ciclo: 0.02s
Intervalo objetivo: 30s
Próximo ciclo en: 29.98s
----------------------------------------------------------------------------------------

========================================================================================
CICLO #0087 | 2026-09-03 14:08:49 UTC | símbolos=0
========================================================================================
----------------------------------------------------------------------------------------
RESUMEN DEL CICLO #0087
Símbolos analizados: 0
Sin señal: 0
Esperando/otros: 0
Señales rechazadas: 0
Bloqueadas por estado/límites: 0
Validadas DRY RUN: 0
Nuevas órdenes: 0
Operaciones cerradas sincronizadas: 0
Errores: 0
Duración del ciclo: 0.02s
Intervalo objetivo: 30s
Próximo ciclo en: 29.98s
----------------------------------------------------------------------------------------

========================================================================================
CICLO #0088 | 2026-09-03 14:09:19 UTC | símbolos=0
========================================================================================
----------------------------------------------------------------------------------------
RESUMEN DEL CICLO #0088
Símbolos analizados: 0
Sin señal: 0
Esperando/otros: 0
Señales rechazadas: 0
Bloqueadas por estado/límites: 0
Validadas DRY RUN: 0
Nuevas órdenes: 0
Operaciones cerradas sincronizadas: 0
Errores: 0
Duración del ciclo: 0.02s
Intervalo objetivo: 30s
Próximo ciclo en: 29.98s
----------------------------------------------------------------------------------------

========================================================================================
CICLO #0089 | 2026-09-03 14:09:49 UTC | símbolos=0
========================================================================================
----------------------------------------------------------------------------------------
RESUMEN DEL CICLO #0089
Símbolos analizados: 0
Sin señal: 0
Esperando/otros: 0
Señales rechazadas: 0
Bloqueadas por estado/límites: 0
Validadas DRY RUN: 0
Nuevas órdenes: 0
Operaciones cerradas sincronizadas: 0
Errores: 0
Duración del ciclo: 0.02s
Intervalo objetivo: 30s
Próximo ciclo en: 29.98s
----------------------------------------------------------------------------------------

========================================================================================
CICLO #0090 | 2026-09-03 14:10:19 UTC | símbolos=8
========================================================================================
[01/08] START Multi Step 2 Index
[01/08] END   Multi Step 2 Index | 0.02s | NO M15 SETUP
    Motivo: NO_DIRECTIONAL_M15_SETUP
[02/08] START Multi Step 3 Index
[02/08] END   Multi Step 3 Index | 0.71s | NO M5 CONFIRMATION
    Motivo: NO_DIRECTIONAL_M5_CONFIRMATION
[03/08] START Multi Step 4 Index
[03/08] END   Multi Step 4 Index | 1.27s | NO M5 CONFIRMATION
    Motivo: NO_DIRECTIONAL_M5_CONFIRMATION
    Confirmaciones: 10/13 | 76.9% | calidad=88.00 | decisión=RECHAZADA
    Faltantes: rechazo del precio, desplazamiento, modo de confirmación
    Críticas faltantes: modo de confirmación, BOS REQUIRES REJECTION, DISPLACEMENT REQUIRED FOR LIVE ENTRY
    Rechazo técnico: bos rejection not confirmed, desplazamiento no confirmado, modo de confirmación no satisfecho, rechazo del precio no confirmado, falta una confirmación estructural crítica, porcentaje de confirmaciones inferior al 80%
[04/08] START Step Index
[04/08] END   Step Index | 0.01s | NO M15 SETUP
    Motivo: NO_DIRECTIONAL_M15_SETUP
[05/08] START Step Index 200
[05/08] END   Step Index 200 | 0.67s | STALE M5 SIGNAL
    Motivo: M5_CONFIRMATION_TOO_OLD_FOR_LIVE_ENTRY
[06/08] START Step Index 300
[06/08] END   Step Index 300 | 0.96s | NO M5 CONFIRMATION
    Motivo: NO_DIRECTIONAL_M5_CONFIRMATION
[07/08] START Step Index 400
[07/08] END   Step Index 400 | 0.50s | NO M5 CONFIRMATION
    Motivo: NO_DIRECTIONAL_M5_CONFIRMATION
    Confirmaciones: 10/13 | 76.9% | calidad=83.00 | decisión=RECHAZADA
    Faltantes: rechazo del precio, desplazamiento, cierre fuerte
    Críticas faltantes: DISPLACEMENT REQUIRED FOR LIVE ENTRY
    Rechazo técnico: desplazamiento no confirmado, rechazo del precio no confirmado, cierre fuerte no confirmado, calidad de la operación insuficiente, falta una confirmación estructural crítica, porcentaje de confirmaciones inferior al 80%
[08/08] START Step Index 500
[08/08] END   Step Index 500 | 0.65s | STALE M5 SIGNAL
    Motivo: M5_CONFIRMATION_TOO_OLD_FOR_LIVE_ENTRY
----------------------------------------------------------------------------------------
RESUMEN DEL CICLO #0090
Símbolos analizados: 8
Sin señal: 0
Esperando/otros: 8
Señales rechazadas: 0
Bloqueadas por estado/límites: 0
Validadas DRY RUN: 0
Nuevas órdenes: 0
Operaciones cerradas sincronizadas: 0
Errores: 0
Duración del ciclo: 5.23s
Intervalo objetivo: 30s
Próximo ciclo en: 24.77s
----------------------------------------------------------------------------------------

========================================================================================
CICLO #0091 | 2026-09-03 14:10:49 UTC | símbolos=0
========================================================================================
----------------------------------------------------------------------------------------
RESUMEN DEL CICLO #0091
Símbolos analizados: 0
Sin señal: 0
Esperando/otros: 0
Señales rechazadas: 0
Bloqueadas por estado/límites: 0
Validadas DRY RUN: 0
Nuevas órdenes: 0
Operaciones cerradas sincronizadas: 0
Errores: 0
Duración del ciclo: 0.08s
Intervalo objetivo: 30s
Próximo ciclo en: 29.92s
----------------------------------------------------------------------------------------
Bot detenido por el usuario.
========================================================================
DERIV DEMO EXECUTION PREFLIGHT
========================================================================
[OK] MT5_ACCOUNT_INFO {'login': 41108926, 'server': 'Deriv-Demo', 'currency': 'USD', 'balance': 9986.48, 'equity': 9953.55, 'margin': 43.51, 'free_margin': 9910.04, 'profit': -32.93, 'leverage': 1000, 'trade_mode': 0, 'snapshot_time': datetime.datetime(2026, 9, 3, 14, 12, 13, 855957, tzinfo=datetime.timezone.utc), 'broker': 'MT5'}
[OK] MT5_TERMINAL_CONNECTED {'trade_allowed': True, 'tradeapi_disabled': False}
[OK] MT5_AUTOTRADING_ALLOWED {'trade_allowed': True, 'tradeapi_disabled': False}
[OK] DEMO_ACCOUNT {'trade_mode': 0, 'server': 'Deriv-Demo'}
[OK] FREE_MARGIN {'free_margin': 9910.04, 'required': 0.0}
[OK] DATABASE_READY {}
[OK] SYMBOL:Multi Step 2 Index {'visible': True, 'trade_mode': 4, 'volume_min': 0.1, 'volume_step': 0.01, 'point': 0.01, 'stops_level_points': 96}
[OK] SYMBOL:Multi Step 3 Index {'visible': True, 'trade_mode': 4, 'volume_min': 0.1, 'volume_step': 0.01, 'point': 0.01, 'stops_level_points': 60}
[OK] SYMBOL:Multi Step 4 Index {'visible': True, 'trade_mode': 4, 'volume_min': 0.1, 'volume_step': 0.01, 'point': 0.01, 'stops_level_points': 109}
[OK] SYMBOL:Skew Step Index 4 Down {'visible': True, 'trade_mode': 4, 'volume_min': 0.1, 'volume_step': 0.01, 'point': 0.1, 'stops_level_points': 200}
[OK] SYMBOL:Skew Step Index 4 Up {'visible': True, 'trade_mode': 4, 'volume_min': 0.1, 'volume_step': 0.01, 'point': 0.1, 'stops_level_points': 200}
[OK] SYMBOL:Skew Step Index 5 Down {'visible': True, 'trade_mode': 4, 'volume_min': 0.1, 'volume_step': 0.01, 'point': 0.1, 'stops_level_points': 200}
[OK] SYMBOL:Skew Step Index 5 Up {'visible': True, 'trade_mode': 4, 'volume_min': 0.1, 'volume_step': 0.01, 'point': 0.1, 'stops_level_points': 200}
[OK] SYMBOL:Step Index {'visible': True, 'trade_mode': 4, 'volume_min': 0.1, 'volume_step': 0.01, 'point': 0.1, 'stops_level_points': 8}
[OK] SYMBOL:Step Index 200 {'visible': True, 'trade_mode': 4, 'volume_min': 0.1, 'volume_step': 0.01, 'point': 0.1, 'stops_level_points': 11}
[OK] SYMBOL:Step Index 300 {'visible': True, 'trade_mode': 4, 'volume_min': 0.1, 'volume_step': 0.01, 'point': 0.1, 'stops_level_points': 9}
[OK] SYMBOL:Step Index 400 {'visible': True, 'trade_mode': 4, 'volume_min': 0.1, 'volume_step': 0.01, 'point': 0.1, 'stops_level_points': 12}
[OK] SYMBOL:Step Index 500 {'visible': True, 'trade_mode': 4, 'volume_min': 0.1, 'volume_step': 0.01, 'point': 0.1, 'stops_level_points': 20}
========================================================================
STATUS: READY FOR DEMO EXECUTION
DAEMONBLACKFX VERSION: v100-entry-quality-recoverable-quarantine-winrate-audit
BOT ACTIVO: STEP | MAGIC=26082104 | ESTRATEGIA=SMC/ORB | instrumentos=12 | auto_export=False
========================================================================================
BOT SMC MT5 - DERIV DEMO
========================================================================================
Cuenta: 41108926 | Servidor: Deriv-Demo
Balance: 9986.48 USD
Modo: EJECUCIÓN DEMO
Riesgo por trade: 1.00% | R:R mínimo: 1.50
Intervalo: 30s | Símbolos: 12
Reporte XLSX: C:\TradingBoot\smc_synthetic_bot\storage\exports\deriv_demo_trading_report.xlsx
Pipeline: SMC -> TradeLifecycleManager -> MT5TradeExecutor -> SQLite -> XLSX
========================================================================================
Daemon activo: señales=30s | monitor posiciones/BE=2s | símbolos=12
Progreso: se mostrará cada símbolo y su tiempo de análisis.
{'action': 'POSITION_MONITOR_STARTED', 'signal_interval_seconds': 30, 'position_monitor_interval_seconds': 2, 'monitor_mode': 'BACKGROUND_DECOUPLED'}

========================================================================================
CICLO #0001 | 2026-09-03 14:12:27 UTC | símbolos=8
========================================================================================
[01/08] START Multi Step 2 Index
[01/08] END   Multi Step 2 Index | 5.23s | NO M15 SETUP
    Motivo: NO_DIRECTIONAL_M15_SETUP
[02/08] START Multi Step 3 Index
[02/08] END   Multi Step 3 Index | 5.65s | NO M5 CONFIRMATION
    Motivo: NO_DIRECTIONAL_M5_CONFIRMATION
[03/08] START Multi Step 4 Index
[03/08] END   Multi Step 4 Index | 7.35s | NO M5 CONFIRMATION
    Motivo: NO_DIRECTIONAL_M5_CONFIRMATION
    Confirmaciones: 10/13 | 76.9% | calidad=88.00 | decisión=RECHAZADA
    Faltantes: rechazo del precio, desplazamiento, modo de confirmación
    Críticas faltantes: modo de confirmación, BOS REQUIRES REJECTION, DISPLACEMENT REQUIRED FOR LIVE ENTRY
    Rechazo técnico: bos rejection not confirmed, desplazamiento no confirmado, modo de confirmación no satisfecho, rechazo del precio no confirmado, falta una confirmación estructural crítica, porcentaje de confirmaciones inferior al 80%
[04/08] START Step Index
[04/08] END   Step Index | 4.39s | NO M15 SETUP
    Motivo: NO_DIRECTIONAL_M15_SETUP
[05/08] START Step Index 200
[05/08] END   Step Index 200 | 5.82s | STALE M5 SIGNAL
    Motivo: M5_CONFIRMATION_TOO_OLD_FOR_LIVE_ENTRY
[06/08] START Step Index 300
[06/08] END   Step Index 300 | 4.83s | NO M5 CONFIRMATION
    Motivo: NO_DIRECTIONAL_M5_CONFIRMATION
[07/08] START Step Index 400
[07/08] END   Step Index 400 | 5.75s | NO M5 CONFIRMATION
    Motivo: NO_DIRECTIONAL_M5_CONFIRMATION
    Confirmaciones: 10/13 | 76.9% | calidad=83.00 | decisión=RECHAZADA
    Faltantes: rechazo del precio, desplazamiento, cierre fuerte
    Críticas faltantes: DISPLACEMENT REQUIRED FOR LIVE ENTRY
    Rechazo técnico: desplazamiento no confirmado, rechazo del precio no confirmado, cierre fuerte no confirmado, calidad de la operación insuficiente, falta una confirmación estructural crítica, porcentaje de confirmaciones inferior al 80%
[08/08] START Step Index 500
[08/08] END   Step Index 500 | 3.49s | STALE M5 SIGNAL
    Motivo: M5_CONFIRMATION_TOO_OLD_FOR_LIVE_ENTRY
----------------------------------------------------------------------------------------
RESUMEN DEL CICLO #0001
Símbolos analizados: 8
Sin señal: 0
Esperando/otros: 8
Señales rechazadas: 0
Bloqueadas por estado/límites: 0
Validadas DRY RUN: 0
Nuevas órdenes: 0
Operaciones cerradas sincronizadas: 0
Errores: 0
Duración del ciclo: 45.50s
Intervalo objetivo: 30s
Próximo ciclo en: 0.00s
[AVISO] Ciclo excedio el intervalo por: 15.50s
----------------------------------------------------------------------------------------

========================================================================================
CICLO #0002 | 2026-09-03 14:13:13 UTC | símbolos=0
========================================================================================
----------------------------------------------------------------------------------------
RESUMEN DEL CICLO #0002
Símbolos analizados: 0
Sin señal: 0
Esperando/otros: 0
Señales rechazadas: 0
Bloqueadas por estado/límites: 0
Validadas DRY RUN: 0
Nuevas órdenes: 0
Operaciones cerradas sincronizadas: 0
Errores: 0
Duración del ciclo: 0.03s
Intervalo objetivo: 30s
Próximo ciclo en: 29.97s
----------------------------------------------------------------------------------------

========================================================================================
CICLO #0003 | 2026-09-03 14:13:43 UTC | símbolos=0
========================================================================================
----------------------------------------------------------------------------------------
RESUMEN DEL CICLO #0003
Símbolos analizados: 0
Sin señal: 0
Esperando/otros: 0
Señales rechazadas: 0
Bloqueadas por estado/límites: 0
Validadas DRY RUN: 0
Nuevas órdenes: 0
Operaciones cerradas sincronizadas: 0
Errores: 0
Duración del ciclo: 0.02s
Intervalo objetivo: 30s
Próximo ciclo en: 29.98s
----------------------------------------------------------------------------------------

========================================================================================
CICLO #0004 | 2026-09-03 14:14:13 UTC | símbolos=0
========================================================================================
----------------------------------------------------------------------------------------
RESUMEN DEL CICLO #0004
Símbolos analizados: 0
Sin señal: 0
Esperando/otros: 0
Señales rechazadas: 0
Bloqueadas por estado/límites: 0
Validadas DRY RUN: 0
Nuevas órdenes: 0
Operaciones cerradas sincronizadas: 0
Errores: 0
Duración del ciclo: 0.02s
Intervalo objetivo: 30s
Próximo ciclo en: 29.98s
----------------------------------------------------------------------------------------

========================================================================================
CICLO #0005 | 2026-09-03 14:14:43 UTC | símbolos=0
========================================================================================
----------------------------------------------------------------------------------------
RESUMEN DEL CICLO #0005
Símbolos analizados: 0
Sin señal: 0
Esperando/otros: 0
Señales rechazadas: 0
Bloqueadas por estado/límites: 0
Validadas DRY RUN: 0
Nuevas órdenes: 0
Operaciones cerradas sincronizadas: 0
Errores: 0
Duración del ciclo: 0.02s
Intervalo objetivo: 30s
Próximo ciclo en: 29.98s
----------------------------------------------------------------------------------------

========================================================================================
CICLO #0006 | 2026-09-03 14:15:13 UTC | símbolos=8
========================================================================================
[01/08] START Multi Step 2 Index
[01/08] END   Multi Step 2 Index | 1.25s | NO M15 SETUP
    Motivo: NO_DIRECTIONAL_M15_SETUP
[02/08] START Multi Step 3 Index
[02/08] END   Multi Step 3 Index | 2.79s | NO M5 CONFIRMATION
    Motivo: NO_DIRECTIONAL_M5_CONFIRMATION
[03/08] START Multi Step 4 Index
[03/08] END   Multi Step 4 Index | 3.19s | NO M5 CONFIRMATION
    Motivo: NO_DIRECTIONAL_M5_CONFIRMATION
    Confirmaciones: 11/13 | 84.6% | calidad=88.00 | decisión=RECHAZADA
    Faltantes: desplazamiento, microestructura M5
    Críticas faltantes: CHOCH REQUIRES MICRO STRUCTURE, DISPLACEMENT REQUIRED FOR LIVE ENTRY
    Rechazo técnico: choch micro structure not confirmed, desplazamiento no confirmado, microestructura M5 no confirmada, falta una confirmación estructural crítica
[04/08] START Step Index
[04/08] END   Step Index | 1.60s | NO M15 SETUP
    Motivo: NO_DIRECTIONAL_M15_SETUP
[05/08] START Step Index 200
[05/08] END   Step Index 200 | 2.97s | STALE M5 SIGNAL
    Motivo: M5_CONFIRMATION_TOO_OLD_FOR_LIVE_ENTRY
[06/08] START Step Index 300
[06/08] END   Step Index 300 | 2.52s | NO M5 CONFIRMATION
    Motivo: NO_DIRECTIONAL_M5_CONFIRMATION
[07/08] START Step Index 400
[07/08] END   Step Index 400 | 2.94s | NO M5 CONFIRMATION
    Motivo: NO_DIRECTIONAL_M5_CONFIRMATION
    Confirmaciones: 10/13 | 76.9% | calidad=83.00 | decisión=RECHAZADA
    Faltantes: rechazo del precio, desplazamiento, cierre fuerte
    Críticas faltantes: DISPLACEMENT REQUIRED FOR LIVE ENTRY
    Rechazo técnico: desplazamiento no confirmado, rechazo del precio no confirmado, cierre fuerte no confirmado, calidad de la operación insuficiente, falta una confirmación estructural crítica, porcentaje de confirmaciones inferior al 80%
[08/08] START Step Index 500
[08/08] END   Step Index 500 | 2.31s | STALE M5 SIGNAL
    Motivo: M5_CONFIRMATION_TOO_OLD_FOR_LIVE_ENTRY
----------------------------------------------------------------------------------------
RESUMEN DEL CICLO #0006
Símbolos analizados: 8
Sin señal: 0
Esperando/otros: 8
Señales rechazadas: 0
Bloqueadas por estado/límites: 0
Validadas DRY RUN: 0
Nuevas órdenes: 0
Operaciones cerradas sincronizadas: 0
Errores: 0
Duración del ciclo: 19.64s
Intervalo objetivo: 30s
Próximo ciclo en: 10.36s
----------------------------------------------------------------------------------------

========================================================================================
CICLO #0007 | 2026-09-03 14:15:43 UTC | símbolos=0
========================================================================================
----------------------------------------------------------------------------------------
RESUMEN DEL CICLO #0007
Símbolos analizados: 0
Sin señal: 0
Esperando/otros: 0
Señales rechazadas: 0
Bloqueadas por estado/límites: 0
Validadas DRY RUN: 0
Nuevas órdenes: 0
Operaciones cerradas sincronizadas: 0
Errores: 0
Duración del ciclo: 0.02s
Intervalo objetivo: 30s
Próximo ciclo en: 29.98s
----------------------------------------------------------------------------------------

========================================================================================
CICLO #0008 | 2026-09-03 14:16:13 UTC | símbolos=0
========================================================================================
----------------------------------------------------------------------------------------
RESUMEN DEL CICLO #0008
Símbolos analizados: 0
Sin señal: 0
Esperando/otros: 0
Señales rechazadas: 0
Bloqueadas por estado/límites: 0
Validadas DRY RUN: 0
Nuevas órdenes: 0
Operaciones cerradas sincronizadas: 0
Errores: 0
Duración del ciclo: 0.02s
Intervalo objetivo: 30s
Próximo ciclo en: 29.98s
----------------------------------------------------------------------------------------

========================================================================================
CICLO #0009 | 2026-09-03 14:16:43 UTC | símbolos=0
========================================================================================
----------------------------------------------------------------------------------------
RESUMEN DEL CICLO #0009
Símbolos analizados: 0
Sin señal: 0
Esperando/otros: 0
Señales rechazadas: 0
Bloqueadas por estado/límites: 0
Validadas DRY RUN: 0
Nuevas órdenes: 0
Operaciones cerradas sincronizadas: 0
Errores: 0
Duración del ciclo: 0.02s
Intervalo objetivo: 30s
Próximo ciclo en: 29.98s
----------------------------------------------------------------------------------------

========================================================================================
CICLO #0010 | 2026-09-03 14:17:13 UTC | símbolos=0
========================================================================================
----------------------------------------------------------------------------------------
RESUMEN DEL CICLO #0010
Símbolos analizados: 0
Sin señal: 0
Esperando/otros: 0
Señales rechazadas: 0
Bloqueadas por estado/límites: 0
Validadas DRY RUN: 0
Nuevas órdenes: 0
Operaciones cerradas sincronizadas: 0
Errores: 0
Duración del ciclo: 0.02s
Intervalo objetivo: 30s
Próximo ciclo en: 29.98s
----------------------------------------------------------------------------------------

========================================================================================
CICLO #0011 | 2026-09-03 14:17:43 UTC | símbolos=0
========================================================================================
----------------------------------------------------------------------------------------
RESUMEN DEL CICLO #0011
Símbolos analizados: 0
Sin señal: 0
Esperando/otros: 0
Señales rechazadas: 0
Bloqueadas por estado/límites: 0
Validadas DRY RUN: 0
Nuevas órdenes: 0
Operaciones cerradas sincronizadas: 0
Errores: 0
Duración del ciclo: 0.02s
Intervalo objetivo: 30s
Próximo ciclo en: 29.98s
----------------------------------------------------------------------------------------

========================================================================================
CICLO #0012 | 2026-09-03 14:18:13 UTC | símbolos=0
========================================================================================
----------------------------------------------------------------------------------------
RESUMEN DEL CICLO #0012
Símbolos analizados: 0
Sin señal: 0
Esperando/otros: 0
Señales rechazadas: 0
Bloqueadas por estado/límites: 0
Validadas DRY RUN: 0
Nuevas órdenes: 0
Operaciones cerradas sincronizadas: 0
Errores: 0
Duración del ciclo: 0.03s
Intervalo objetivo: 30s
Próximo ciclo en: 29.97s
----------------------------------------------------------------------------------------

========================================================================================
CICLO #0013 | 2026-09-03 14:18:43 UTC | símbolos=0
========================================================================================
----------------------------------------------------------------------------------------
RESUMEN DEL CICLO #0013
Símbolos analizados: 0
Sin señal: 0
Esperando/otros: 0
Señales rechazadas: 0
Bloqueadas por estado/límites: 0
Validadas DRY RUN: 0
Nuevas órdenes: 0
Operaciones cerradas sincronizadas: 0
Errores: 0
Duración del ciclo: 0.02s
Intervalo objetivo: 30s
Próximo ciclo en: 29.98s
----------------------------------------------------------------------------------------

========================================================================================
CICLO #0014 | 2026-09-03 14:19:13 UTC | símbolos=0
========================================================================================
----------------------------------------------------------------------------------------
RESUMEN DEL CICLO #0014
Símbolos analizados: 0
Sin señal: 0
Esperando/otros: 0
Señales rechazadas: 0
Bloqueadas por estado/límites: 0
Validadas DRY RUN: 0
Nuevas órdenes: 0
Operaciones cerradas sincronizadas: 0
Errores: 0
Duración del ciclo: 0.02s
Intervalo objetivo: 30s
Próximo ciclo en: 29.98s
----------------------------------------------------------------------------------------

========================================================================================
CICLO #0015 | 2026-09-03 14:19:43 UTC | símbolos=0
========================================================================================
----------------------------------------------------------------------------------------
RESUMEN DEL CICLO #0015
Símbolos analizados: 0
Sin señal: 0
Esperando/otros: 0
Señales rechazadas: 0
Bloqueadas por estado/límites: 0
Validadas DRY RUN: 0
Nuevas órdenes: 0
Operaciones cerradas sincronizadas: 0
Errores: 0
Duración del ciclo: 0.02s
Intervalo objetivo: 30s
Próximo ciclo en: 29.98s
----------------------------------------------------------------------------------------

========================================================================================
CICLO #0016 | 2026-09-03 14:20:13 UTC | símbolos=8
========================================================================================
[01/08] START Multi Step 2 Index
[01/08] END   Multi Step 2 Index | 0.01s | NO M15 SETUP
    Motivo: NO_DIRECTIONAL_M15_SETUP
[02/08] START Multi Step 3 Index
[02/08] END   Multi Step 3 Index | 0.67s | NO M5 CONFIRMATION
    Motivo: NO_DIRECTIONAL_M5_CONFIRMATION
[03/08] START Multi Step 4 Index
[03/08] END   Multi Step 4 Index | 1.35s | NO M5 CONFIRMATION
    Motivo: NO_DIRECTIONAL_M5_CONFIRMATION
    Confirmaciones: 11/13 | 84.6% | calidad=88.00 | decisión=RECHAZADA
    Faltantes: desplazamiento, cierre fuerte
    Críticas faltantes: DISPLACEMENT REQUIRED FOR LIVE ENTRY
    Rechazo técnico: desplazamiento no confirmado, cierre fuerte no confirmado, falta una confirmación estructural crítica
[04/08] START Step Index
[04/08] END   Step Index | 0.01s | NO M15 SETUP
    Motivo: NO_DIRECTIONAL_M15_SETUP
[05/08] START Step Index 200
[05/08] END   Step Index 200 | 0.68s | STALE M5 SIGNAL
    Motivo: M5_CONFIRMATION_TOO_OLD_FOR_LIVE_ENTRY
[06/08] START Step Index 300
[06/08] END   Step Index 300 | 0.96s | NO M5 CONFIRMATION
    Motivo: NO_DIRECTIONAL_M5_CONFIRMATION
[07/08] START Step Index 400
[07/08] END   Step Index 400 | 0.53s | NO M5 CONFIRMATION
    Motivo: NO_DIRECTIONAL_M5_CONFIRMATION
    Confirmaciones: 10/13 | 76.9% | calidad=83.00 | decisión=RECHAZADA
    Faltantes: rechazo del precio, desplazamiento, cierre fuerte
    Críticas faltantes: DISPLACEMENT REQUIRED FOR LIVE ENTRY
    Rechazo técnico: desplazamiento no confirmado, rechazo del precio no confirmado, cierre fuerte no confirmado, calidad de la operación insuficiente, falta una confirmación estructural crítica, porcentaje de confirmaciones inferior al 80%
[08/08] START Step Index 500
[08/08] END   Step Index 500 | 0.63s | STALE M5 SIGNAL
    Motivo: M5_CONFIRMATION_TOO_OLD_FOR_LIVE_ENTRY
----------------------------------------------------------------------------------------
RESUMEN DEL CICLO #0016
Símbolos analizados: 8
Sin señal: 0
Esperando/otros: 8
Señales rechazadas: 0
Bloqueadas por estado/límites: 0
Validadas DRY RUN: 0
Nuevas órdenes: 0
Operaciones cerradas sincronizadas: 0
Errores: 0
Duración del ciclo: 4.90s
Intervalo objetivo: 30s
Próximo ciclo en: 25.10s
----------------------------------------------------------------------------------------

========================================================================================
CICLO #0017 | 2026-09-03 14:20:43 UTC | símbolos=0
========================================================================================
----------------------------------------------------------------------------------------
RESUMEN DEL CICLO #0017
Símbolos analizados: 0
Sin señal: 0
Esperando/otros: 0
Señales rechazadas: 0
Bloqueadas por estado/límites: 0
Validadas DRY RUN: 0
Nuevas órdenes: 0
Operaciones cerradas sincronizadas: 0
Errores: 0
Duración del ciclo: 0.02s
Intervalo objetivo: 30s
Próximo ciclo en: 29.98s
----------------------------------------------------------------------------------------

========================================================================================
CICLO #0018 | 2026-09-03 14:21:13 UTC | símbolos=0
========================================================================================
----------------------------------------------------------------------------------------
RESUMEN DEL CICLO #0018
Símbolos analizados: 0
Sin señal: 0
Esperando/otros: 0
Señales rechazadas: 0
Bloqueadas por estado/límites: 0
Validadas DRY RUN: 0
Nuevas órdenes: 0
Operaciones cerradas sincronizadas: 0
Errores: 0
Duración del ciclo: 0.03s
Intervalo objetivo: 30s
Próximo ciclo en: 29.97s
----------------------------------------------------------------------------------------

========================================================================================
CICLO #0019 | 2026-09-03 14:21:43 UTC | símbolos=0
========================================================================================
----------------------------------------------------------------------------------------
RESUMEN DEL CICLO #0019
Símbolos analizados: 0
Sin señal: 0
Esperando/otros: 0
Señales rechazadas: 0
Bloqueadas por estado/límites: 0
Validadas DRY RUN: 0
Nuevas órdenes: 0
Operaciones cerradas sincronizadas: 0
Errores: 0
Duración del ciclo: 0.03s
Intervalo objetivo: 30s
Próximo ciclo en: 29.97s
----------------------------------------------------------------------------------------

========================================================================================
CICLO #0020 | 2026-09-03 14:22:13 UTC | símbolos=0
========================================================================================
----------------------------------------------------------------------------------------
RESUMEN DEL CICLO #0020
Símbolos analizados: 0
Sin señal: 0
Esperando/otros: 0
Señales rechazadas: 0
Bloqueadas por estado/límites: 0
Validadas DRY RUN: 0
Nuevas órdenes: 0
Operaciones cerradas sincronizadas: 0
Errores: 0
Duración del ciclo: 0.03s
Intervalo objetivo: 30s
Próximo ciclo en: 29.97s
----------------------------------------------------------------------------------------

========================================================================================
CICLO #0021 | 2026-09-03 14:22:43 UTC | símbolos=0
========================================================================================
----------------------------------------------------------------------------------------
RESUMEN DEL CICLO #0021
Símbolos analizados: 0
Sin señal: 0
Esperando/otros: 0
Señales rechazadas: 0
Bloqueadas por estado/límites: 0
Validadas DRY RUN: 0
Nuevas órdenes: 0
Operaciones cerradas sincronizadas: 0
Errores: 0
Duración del ciclo: 0.03s
Intervalo objetivo: 30s
Próximo ciclo en: 29.97s
----------------------------------------------------------------------------------------

========================================================================================
CICLO #0022 | 2026-09-03 14:23:13 UTC | símbolos=0
========================================================================================
----------------------------------------------------------------------------------------
RESUMEN DEL CICLO #0022
Símbolos analizados: 0
Sin señal: 0
Esperando/otros: 0
Señales rechazadas: 0
Bloqueadas por estado/límites: 0
Validadas DRY RUN: 0
Nuevas órdenes: 0
Operaciones cerradas sincronizadas: 0
Errores: 0
Duración del ciclo: 0.03s
Intervalo objetivo: 30s
Próximo ciclo en: 29.97s
----------------------------------------------------------------------------------------

========================================================================================
CICLO #0023 | 2026-09-03 14:23:43 UTC | símbolos=0
========================================================================================
----------------------------------------------------------------------------------------
RESUMEN DEL CICLO #0023
Símbolos analizados: 0
Sin señal: 0
Esperando/otros: 0
Señales rechazadas: 0
Bloqueadas por estado/límites: 0
Validadas DRY RUN: 0
Nuevas órdenes: 0
Operaciones cerradas sincronizadas: 0
Errores: 0
Duración del ciclo: 0.02s
Intervalo objetivo: 30s
Próximo ciclo en: 29.98s
----------------------------------------------------------------------------------------

========================================================================================
CICLO #0024 | 2026-09-03 14:24:13 UTC | símbolos=0
========================================================================================
----------------------------------------------------------------------------------------
RESUMEN DEL CICLO #0024
Símbolos analizados: 0
Sin señal: 0
Esperando/otros: 0
Señales rechazadas: 0
Bloqueadas por estado/límites: 0
Validadas DRY RUN: 0
Nuevas órdenes: 0
Operaciones cerradas sincronizadas: 0
Errores: 0
Duración del ciclo: 0.03s
Intervalo objetivo: 30s
Próximo ciclo en: 29.97s
----------------------------------------------------------------------------------------

========================================================================================
CICLO #0025 | 2026-09-03 14:24:43 UTC | símbolos=0
========================================================================================
----------------------------------------------------------------------------------------
RESUMEN DEL CICLO #0025
Símbolos analizados: 0
Sin señal: 0
Esperando/otros: 0
Señales rechazadas: 0
Bloqueadas por estado/límites: 0
Validadas DRY RUN: 0
Nuevas órdenes: 0
Operaciones cerradas sincronizadas: 0
Errores: 0
Duración del ciclo: 0.03s
Intervalo objetivo: 30s
Próximo ciclo en: 29.97s
----------------------------------------------------------------------------------------

========================================================================================
CICLO #0026 | 2026-09-03 14:25:13 UTC | símbolos=8
========================================================================================
[01/08] START Multi Step 2 Index
[01/08] END   Multi Step 2 Index | 0.01s | NO M15 SETUP
    Motivo: NO_DIRECTIONAL_M15_SETUP
[02/08] START Multi Step 3 Index
[02/08] END   Multi Step 3 Index | 0.64s | NO M5 CONFIRMATION
    Motivo: NO_DIRECTIONAL_M5_CONFIRMATION
[03/08] START Multi Step 4 Index
[03/08] END   Multi Step 4 Index | 0.63s | NO M5 CONFIRMATION
    Motivo: NO_DIRECTIONAL_M5_CONFIRMATION
    Confirmaciones: 11/13 | 84.6% | calidad=88.00 | decisión=RECHAZADA
    Faltantes: desplazamiento, cierre fuerte
    Críticas faltantes: DISPLACEMENT REQUIRED FOR LIVE ENTRY
    Rechazo técnico: desplazamiento no confirmado, cierre fuerte no confirmado, falta una confirmación estructural crítica
[04/08] START Step Index
[04/08] END   Step Index | 0.01s | NO M15 SETUP
    Motivo: NO_DIRECTIONAL_M15_SETUP
[05/08] START Step Index 200
[05/08] END   Step Index 200 | 0.66s | STALE M5 SIGNAL
    Motivo: M5_CONFIRMATION_TOO_OLD_FOR_LIVE_ENTRY
[06/08] START Step Index 300
[06/08] END   Step Index 300 | 0.91s | NO M5 CONFIRMATION
    Motivo: NO_DIRECTIONAL_M5_CONFIRMATION
[07/08] START Step Index 400
[07/08] END   Step Index 400 | 0.41s | NO M5 CONFIRMATION
    Motivo: NO_DIRECTIONAL_M5_CONFIRMATION
    Confirmaciones: 10/13 | 76.9% | calidad=83.00 | decisión=RECHAZADA
    Faltantes: rechazo del precio, desplazamiento, cierre fuerte
    Críticas faltantes: DISPLACEMENT REQUIRED FOR LIVE ENTRY
    Rechazo técnico: desplazamiento no confirmado, rechazo del precio no confirmado, cierre fuerte no confirmado, calidad de la operación insuficiente, falta una confirmación estructural crítica, porcentaje de confirmaciones inferior al 80%
[08/08] START Step Index 500
[08/08] END   Step Index 500 | 0.45s | STALE M5 SIGNAL
    Motivo: M5_CONFIRMATION_TOO_OLD_FOR_LIVE_ENTRY
----------------------------------------------------------------------------------------
RESUMEN DEL CICLO #0026
Símbolos analizados: 8
Sin señal: 0
Esperando/otros: 8
Señales rechazadas: 0
Bloqueadas por estado/límites: 0
Validadas DRY RUN: 0
Nuevas órdenes: 0
Operaciones cerradas sincronizadas: 0
Errores: 0
Duración del ciclo: 3.77s
Intervalo objetivo: 30s
Próximo ciclo en: 26.23s
----------------------------------------------------------------------------------------

========================================================================================
CICLO #0027 | 2026-09-03 14:25:43 UTC | símbolos=0
========================================================================================
----------------------------------------------------------------------------------------
RESUMEN DEL CICLO #0027
Símbolos analizados: 0
Sin señal: 0
Esperando/otros: 0
Señales rechazadas: 0
Bloqueadas por estado/límites: 0
Validadas DRY RUN: 0
Nuevas órdenes: 0
Operaciones cerradas sincronizadas: 0
Errores: 0
Duración del ciclo: 0.03s
Intervalo objetivo: 30s
Próximo ciclo en: 29.97s
----------------------------------------------------------------------------------------

========================================================================================
CICLO #0028 | 2026-09-03 14:26:13 UTC | símbolos=0
========================================================================================
----------------------------------------------------------------------------------------
RESUMEN DEL CICLO #0028
Símbolos analizados: 0
Sin señal: 0
Esperando/otros: 0
Señales rechazadas: 0
Bloqueadas por estado/límites: 0
Validadas DRY RUN: 0
Nuevas órdenes: 0
Operaciones cerradas sincronizadas: 0
Errores: 0
Duración del ciclo: 0.02s
Intervalo objetivo: 30s
Próximo ciclo en: 29.98s
----------------------------------------------------------------------------------------

========================================================================================
CICLO #0029 | 2026-09-03 14:26:43 UTC | símbolos=0
========================================================================================
----------------------------------------------------------------------------------------
RESUMEN DEL CICLO #0029
Símbolos analizados: 0
Sin señal: 0
Esperando/otros: 0
Señales rechazadas: 0
Bloqueadas por estado/límites: 0
Validadas DRY RUN: 0
Nuevas órdenes: 0
Operaciones cerradas sincronizadas: 0
Errores: 0
Duración del ciclo: 0.02s
Intervalo objetivo: 30s
Próximo ciclo en: 29.98s
----------------------------------------------------------------------------------------

========================================================================================
CICLO #0030 | 2026-09-03 14:27:13 UTC | símbolos=0
========================================================================================
----------------------------------------------------------------------------------------
RESUMEN DEL CICLO #0030
Símbolos analizados: 0
Sin señal: 0
Esperando/otros: 0
Señales rechazadas: 0
Bloqueadas por estado/límites: 0
Validadas DRY RUN: 0
Nuevas órdenes: 0
Operaciones cerradas sincronizadas: 0
Errores: 0
Duración del ciclo: 0.02s
Intervalo objetivo: 30s
Próximo ciclo en: 29.98s
----------------------------------------------------------------------------------------

========================================================================================
CICLO #0031 | 2026-09-03 14:27:43 UTC | símbolos=0
========================================================================================
----------------------------------------------------------------------------------------
RESUMEN DEL CICLO #0031
Símbolos analizados: 0
Sin señal: 0
Esperando/otros: 0
Señales rechazadas: 0
Bloqueadas por estado/límites: 0
Validadas DRY RUN: 0
Nuevas órdenes: 0
Operaciones cerradas sincronizadas: 0
Errores: 0
Duración del ciclo: 0.02s
Intervalo objetivo: 30s
Próximo ciclo en: 29.98s
----------------------------------------------------------------------------------------

========================================================================================
CICLO #0032 | 2026-09-03 14:28:13 UTC | símbolos=0
========================================================================================
----------------------------------------------------------------------------------------
RESUMEN DEL CICLO #0032
Símbolos analizados: 0
Sin señal: 0
Esperando/otros: 0
Señales rechazadas: 0
Bloqueadas por estado/límites: 0
Validadas DRY RUN: 0
Nuevas órdenes: 0
Operaciones cerradas sincronizadas: 0
Errores: 0
Duración del ciclo: 0.02s
Intervalo objetivo: 30s
Próximo ciclo en: 29.98s
----------------------------------------------------------------------------------------

========================================================================================
CICLO #0033 | 2026-09-03 14:28:43 UTC | símbolos=0
========================================================================================
----------------------------------------------------------------------------------------
RESUMEN DEL CICLO #0033
Símbolos analizados: 0
Sin señal: 0
Esperando/otros: 0
Señales rechazadas: 0
Bloqueadas por estado/límites: 0
Validadas DRY RUN: 0
Nuevas órdenes: 0
Operaciones cerradas sincronizadas: 0
Errores: 0
Duración del ciclo: 0.02s
Intervalo objetivo: 30s
Próximo ciclo en: 29.98s
----------------------------------------------------------------------------------------

========================================================================================
CICLO #0034 | 2026-09-03 14:29:13 UTC | símbolos=0
========================================================================================
----------------------------------------------------------------------------------------
RESUMEN DEL CICLO #0034
Símbolos analizados: 0
Sin señal: 0
Esperando/otros: 0
Señales rechazadas: 0
Bloqueadas por estado/límites: 0
Validadas DRY RUN: 0
Nuevas órdenes: 0
Operaciones cerradas sincronizadas: 0
Errores: 0
Duración del ciclo: 0.02s
Intervalo objetivo: 30s
Próximo ciclo en: 29.98s
----------------------------------------------------------------------------------------

========================================================================================
CICLO #0035 | 2026-09-03 14:29:43 UTC | símbolos=0
========================================================================================
----------------------------------------------------------------------------------------
RESUMEN DEL CICLO #0035
Símbolos analizados: 0
Sin señal: 0
Esperando/otros: 0
Señales rechazadas: 0
Bloqueadas por estado/límites: 0
Validadas DRY RUN: 0
Nuevas órdenes: 0
Operaciones cerradas sincronizadas: 0
Errores: 0
Duración del ciclo: 0.02s
Intervalo objetivo: 30s
Próximo ciclo en: 29.98s
----------------------------------------------------------------------------------------

========================================================================================
CICLO #0036 | 2026-09-03 14:30:13 UTC | símbolos=8
========================================================================================
[01/08] START Multi Step 2 Index
[01/08] END   Multi Step 2 Index | 1.16s | NO M15 SETUP
    Motivo: NO_DIRECTIONAL_M15_SETUP
[02/08] START Multi Step 3 Index
[02/08] END   Multi Step 3 Index | 2.74s | NO M5 CONFIRMATION
    Motivo: NO_DIRECTIONAL_M5_CONFIRMATION
[03/08] START Multi Step 4 Index
[03/08] END   Multi Step 4 Index | 2.84s | NO M5 CONFIRMATION
    Motivo: NO_DIRECTIONAL_M5_CONFIRMATION
    Confirmaciones: 11/13 | 84.6% | calidad=88.00 | decisión=RECHAZADA
    Faltantes: desplazamiento, cierre fuerte
    Críticas faltantes: DISPLACEMENT REQUIRED FOR LIVE ENTRY
    Rechazo técnico: desplazamiento no confirmado, cierre fuerte no confirmado, falta una confirmación estructural crítica
[04/08] START Step Index
[04/08] END   Step Index | 1.98s | NO M15 SETUP
    Motivo: NO_DIRECTIONAL_M15_SETUP
[05/08] START Step Index 200
[05/08] END   Step Index 200 | 3.23s | STALE M5 SIGNAL
    Motivo: M5_CONFIRMATION_TOO_OLD_FOR_LIVE_ENTRY
[06/08] START Step Index 300
[06/08] END   Step Index 300 | 2.78s | NO M5 CONFIRMATION
    Motivo: NO_DIRECTIONAL_M5_CONFIRMATION
[07/08] START Step Index 400
[07/08] END   Step Index 400 | 2.93s | NO M5 CONFIRMATION
    Motivo: NO_DIRECTIONAL_M5_CONFIRMATION
    Confirmaciones: 10/13 | 76.9% | calidad=83.00 | decisión=RECHAZADA
    Faltantes: rechazo del precio, desplazamiento, cierre fuerte
    Críticas faltantes: DISPLACEMENT REQUIRED FOR LIVE ENTRY
    Rechazo técnico: desplazamiento no confirmado, rechazo del precio no confirmado, cierre fuerte no confirmado, calidad de la operación insuficiente, falta una confirmación estructural crítica, porcentaje de confirmaciones inferior al 80%
[08/08] START Step Index 500
[08/08] END   Step Index 500 | 2.90s | STALE M5 SIGNAL
    Motivo: M5_CONFIRMATION_TOO_OLD_FOR_LIVE_ENTRY
----------------------------------------------------------------------------------------
RESUMEN DEL CICLO #0036
Símbolos analizados: 8
Sin señal: 0
Esperando/otros: 8
Señales rechazadas: 0
Bloqueadas por estado/límites: 0
Validadas DRY RUN: 0
Nuevas órdenes: 0
Operaciones cerradas sincronizadas: 0
Errores: 0
Duración del ciclo: 20.65s
Intervalo objetivo: 30s
Próximo ciclo en: 9.35s
----------------------------------------------------------------------------------------

========================================================================================
CICLO #0037 | 2026-09-03 14:30:43 UTC | símbolos=0
========================================================================================
----------------------------------------------------------------------------------------
RESUMEN DEL CICLO #0037
Símbolos analizados: 0
Sin señal: 0
Esperando/otros: 0
Señales rechazadas: 0
Bloqueadas por estado/límites: 0
Validadas DRY RUN: 0
Nuevas órdenes: 0
Operaciones cerradas sincronizadas: 0
Errores: 0
Duración del ciclo: 0.02s
Intervalo objetivo: 30s
Próximo ciclo en: 29.98s
----------------------------------------------------------------------------------------

========================================================================================
CICLO #0038 | 2026-09-03 14:31:13 UTC | símbolos=0
========================================================================================
----------------------------------------------------------------------------------------
RESUMEN DEL CICLO #0038
Símbolos analizados: 0
Sin señal: 0
Esperando/otros: 0
Señales rechazadas: 0
Bloqueadas por estado/límites: 0
Validadas DRY RUN: 0
Nuevas órdenes: 0
Operaciones cerradas sincronizadas: 0
Errores: 0
Duración del ciclo: 0.02s
Intervalo objetivo: 30s
Próximo ciclo en: 29.98s
----------------------------------------------------------------------------------------

========================================================================================
CICLO #0039 | 2026-09-03 14:31:43 UTC | símbolos=0
========================================================================================
----------------------------------------------------------------------------------------
RESUMEN DEL CICLO #0039
Símbolos analizados: 0
Sin señal: 0
Esperando/otros: 0
Señales rechazadas: 0
Bloqueadas por estado/límites: 0
Validadas DRY RUN: 0
Nuevas órdenes: 0
Operaciones cerradas sincronizadas: 0
Errores: 0
Duración del ciclo: 0.02s
Intervalo objetivo: 30s
Próximo ciclo en: 29.98s
----------------------------------------------------------------------------------------

========================================================================================
CICLO #0040 | 2026-09-03 14:32:13 UTC | símbolos=0
========================================================================================
----------------------------------------------------------------------------------------
RESUMEN DEL CICLO #0040
Símbolos analizados: 0
Sin señal: 0
Esperando/otros: 0
Señales rechazadas: 0
Bloqueadas por estado/límites: 0
Validadas DRY RUN: 0
Nuevas órdenes: 0
Operaciones cerradas sincronizadas: 0
Errores: 0
Duración del ciclo: 0.02s
Intervalo objetivo: 30s
Próximo ciclo en: 29.98s
----------------------------------------------------------------------------------------

========================================================================================
CICLO #0041 | 2026-09-03 14:32:43 UTC | símbolos=0
========================================================================================
----------------------------------------------------------------------------------------
RESUMEN DEL CICLO #0041
Símbolos analizados: 0
Sin señal: 0
Esperando/otros: 0
Señales rechazadas: 0
Bloqueadas por estado/límites: 0
Validadas DRY RUN: 0
Nuevas órdenes: 0
Operaciones cerradas sincronizadas: 0
Errores: 0
Duración del ciclo: 0.02s
Intervalo objetivo: 30s
Próximo ciclo en: 29.98s
----------------------------------------------------------------------------------------

========================================================================================
CICLO #0042 | 2026-09-03 14:33:13 UTC | símbolos=0
========================================================================================
----------------------------------------------------------------------------------------
RESUMEN DEL CICLO #0042
Símbolos analizados: 0
Sin señal: 0
Esperando/otros: 0
Señales rechazadas: 0
Bloqueadas por estado/límites: 0
Validadas DRY RUN: 0
Nuevas órdenes: 0
Operaciones cerradas sincronizadas: 0
Errores: 0
Duración del ciclo: 0.02s
Intervalo objetivo: 30s
Próximo ciclo en: 29.98s
----------------------------------------------------------------------------------------

========================================================================================
CICLO #0043 | 2026-09-03 14:33:43 UTC | símbolos=0
========================================================================================
----------------------------------------------------------------------------------------
RESUMEN DEL CICLO #0043
Símbolos analizados: 0
Sin señal: 0
Esperando/otros: 0
Señales rechazadas: 0
Bloqueadas por estado/límites: 0
Validadas DRY RUN: 0
Nuevas órdenes: 0
Operaciones cerradas sincronizadas: 0
Errores: 0
Duración del ciclo: 0.02s
Intervalo objetivo: 30s
Próximo ciclo en: 29.98s
----------------------------------------------------------------------------------------

========================================================================================
CICLO #0044 | 2026-09-03 14:34:13 UTC | símbolos=0
========================================================================================
----------------------------------------------------------------------------------------
RESUMEN DEL CICLO #0044
Símbolos analizados: 0
Sin señal: 0
Esperando/otros: 0
Señales rechazadas: 0
Bloqueadas por estado/límites: 0
Validadas DRY RUN: 0
Nuevas órdenes: 0
Operaciones cerradas sincronizadas: 0
Errores: 0
Duración del ciclo: 0.02s
Intervalo objetivo: 30s
Próximo ciclo en: 29.98s
----------------------------------------------------------------------------------------

========================================================================================
CICLO #0045 | 2026-09-03 14:34:43 UTC | símbolos=0
========================================================================================
----------------------------------------------------------------------------------------
RESUMEN DEL CICLO #0045
Símbolos analizados: 0
Sin señal: 0
Esperando/otros: 0
Señales rechazadas: 0
Bloqueadas por estado/límites: 0
Validadas DRY RUN: 0
Nuevas órdenes: 0
Operaciones cerradas sincronizadas: 0
Errores: 0
Duración del ciclo: 0.02s
Intervalo objetivo: 30s
Próximo ciclo en: 29.98s
----------------------------------------------------------------------------------------

========================================================================================
CICLO #0046 | 2026-09-03 14:35:13 UTC | símbolos=8
========================================================================================
[01/08] START Multi Step 2 Index
[01/08] END   Multi Step 2 Index | 0.01s | NO M15 SETUP
    Motivo: NO_DIRECTIONAL_M15_SETUP
[02/08] START Multi Step 3 Index
[02/08] END   Multi Step 3 Index | 0.64s | NO M5 CONFIRMATION
    Motivo: NO_DIRECTIONAL_M5_CONFIRMATION
[03/08] START Multi Step 4 Index
[03/08] END   Multi Step 4 Index | 0.64s | NO M5 CONFIRMATION
    Motivo: NO_DIRECTIONAL_M5_CONFIRMATION
    Confirmaciones: 11/13 | 84.6% | calidad=88.00 | decisión=RECHAZADA
    Faltantes: desplazamiento, cierre fuerte
    Críticas faltantes: DISPLACEMENT REQUIRED FOR LIVE ENTRY
    Rechazo técnico: desplazamiento no confirmado, cierre fuerte no confirmado, falta una confirmación estructural crítica
[04/08] START Step Index
[04/08] END   Step Index | 0.01s | NO M15 SETUP
    Motivo: NO_DIRECTIONAL_M15_SETUP
[05/08] START Step Index 200
[05/08] END   Step Index 200 | 0.58s | STALE M5 SIGNAL
    Motivo: M5_CONFIRMATION_TOO_OLD_FOR_LIVE_ENTRY
[06/08] START Step Index 300
[06/08] END   Step Index 300 | 0.82s | NO M5 CONFIRMATION
    Motivo: NO_DIRECTIONAL_M5_CONFIRMATION
[07/08] START Step Index 400
[07/08] END   Step Index 400 | 0.43s | NO M5 CONFIRMATION
    Motivo: NO_DIRECTIONAL_M5_CONFIRMATION
    Confirmaciones: 10/13 | 76.9% | calidad=83.00 | decisión=RECHAZADA
    Faltantes: rechazo del precio, desplazamiento, cierre fuerte
    Críticas faltantes: DISPLACEMENT REQUIRED FOR LIVE ENTRY
    Rechazo técnico: desplazamiento no confirmado, rechazo del precio no confirmado, cierre fuerte no confirmado, calidad de la operación insuficiente, falta una confirmación estructural crítica, porcentaje de confirmaciones inferior al 80%
[08/08] START Step Index 500
[08/08] END   Step Index 500 | 0.59s | STALE M5 SIGNAL
    Motivo: M5_CONFIRMATION_TOO_OLD_FOR_LIVE_ENTRY
----------------------------------------------------------------------------------------
RESUMEN DEL CICLO #0046
Símbolos analizados: 8
Sin señal: 0
Esperando/otros: 8
Señales rechazadas: 0
Bloqueadas por estado/límites: 0
Validadas DRY RUN: 0
Nuevas órdenes: 0
Operaciones cerradas sincronizadas: 0
Errores: 0
Duración del ciclo: 3.77s
Intervalo objetivo: 30s
Próximo ciclo en: 26.23s
----------------------------------------------------------------------------------------

========================================================================================
CICLO #0047 | 2026-09-03 14:35:43 UTC | símbolos=0
========================================================================================
----------------------------------------------------------------------------------------
RESUMEN DEL CICLO #0047
Símbolos analizados: 0
Sin señal: 0
Esperando/otros: 0
Señales rechazadas: 0
Bloqueadas por estado/límites: 0
Validadas DRY RUN: 0
Nuevas órdenes: 0
Operaciones cerradas sincronizadas: 0
Errores: 0
Duración del ciclo: 0.03s
Intervalo objetivo: 30s
Próximo ciclo en: 29.97s
----------------------------------------------------------------------------------------

========================================================================================
CICLO #0048 | 2026-09-03 14:36:13 UTC | símbolos=0
========================================================================================
----------------------------------------------------------------------------------------
RESUMEN DEL CICLO #0048
Símbolos analizados: 0
Sin señal: 0
Esperando/otros: 0
Señales rechazadas: 0
Bloqueadas por estado/límites: 0
Validadas DRY RUN: 0
Nuevas órdenes: 0
Operaciones cerradas sincronizadas: 0
Errores: 0
Duración del ciclo: 0.02s
Intervalo objetivo: 30s
Próximo ciclo en: 29.98s
----------------------------------------------------------------------------------------

========================================================================================
CICLO #0049 | 2026-09-03 14:36:43 UTC | símbolos=0
========================================================================================
----------------------------------------------------------------------------------------
RESUMEN DEL CICLO #0049
Símbolos analizados: 0
Sin señal: 0
Esperando/otros: 0
Señales rechazadas: 0
Bloqueadas por estado/límites: 0
Validadas DRY RUN: 0
Nuevas órdenes: 0
Operaciones cerradas sincronizadas: 0
Errores: 0
Duración del ciclo: 0.02s
Intervalo objetivo: 30s
Próximo ciclo en: 29.98s
----------------------------------------------------------------------------------------

========================================================================================
CICLO #0050 | 2026-09-03 14:37:13 UTC | símbolos=0
========================================================================================
----------------------------------------------------------------------------------------
RESUMEN DEL CICLO #0050
Símbolos analizados: 0
Sin señal: 0
Esperando/otros: 0
Señales rechazadas: 0
Bloqueadas por estado/límites: 0
Validadas DRY RUN: 0
Nuevas órdenes: 0
Operaciones cerradas sincronizadas: 0
Errores: 0
Duración del ciclo: 0.02s
Intervalo objetivo: 30s
Próximo ciclo en: 29.98s
----------------------------------------------------------------------------------------

========================================================================================
CICLO #0051 | 2026-09-03 14:37:43 UTC | símbolos=0
========================================================================================
----------------------------------------------------------------------------------------
RESUMEN DEL CICLO #0051
Símbolos analizados: 0
Sin señal: 0
Esperando/otros: 0
Señales rechazadas: 0
Bloqueadas por estado/límites: 0
Validadas DRY RUN: 0
Nuevas órdenes: 0
Operaciones cerradas sincronizadas: 0
Errores: 0
Duración del ciclo: 0.02s
Intervalo objetivo: 30s
Próximo ciclo en: 29.98s
----------------------------------------------------------------------------------------

========================================================================================
CICLO #0052 | 2026-09-03 14:38:13 UTC | símbolos=0
========================================================================================
----------------------------------------------------------------------------------------
RESUMEN DEL CICLO #0052
Símbolos analizados: 0
Sin señal: 0
Esperando/otros: 0
Señales rechazadas: 0
Bloqueadas por estado/límites: 0
Validadas DRY RUN: 0
Nuevas órdenes: 0
Operaciones cerradas sincronizadas: 0
Errores: 0
Duración del ciclo: 0.02s
Intervalo objetivo: 30s
Próximo ciclo en: 29.98s
----------------------------------------------------------------------------------------

========================================================================================
CICLO #0053 | 2026-09-03 14:38:43 UTC | símbolos=0
========================================================================================
----------------------------------------------------------------------------------------
RESUMEN DEL CICLO #0053
Símbolos analizados: 0
Sin señal: 0
Esperando/otros: 0
Señales rechazadas: 0
Bloqueadas por estado/límites: 0
Validadas DRY RUN: 0
Nuevas órdenes: 0
Operaciones cerradas sincronizadas: 0
Errores: 0
Duración del ciclo: 0.02s
Intervalo objetivo: 30s
Próximo ciclo en: 29.98s
----------------------------------------------------------------------------------------

========================================================================================
CICLO #0054 | 2026-09-03 14:39:13 UTC | símbolos=0
========================================================================================
----------------------------------------------------------------------------------------
RESUMEN DEL CICLO #0054
Símbolos analizados: 0
Sin señal: 0
Esperando/otros: 0
Señales rechazadas: 0
Bloqueadas por estado/límites: 0
Validadas DRY RUN: 0
Nuevas órdenes: 0
Operaciones cerradas sincronizadas: 0
Errores: 0
Duración del ciclo: 0.02s
Intervalo objetivo: 30s
Próximo ciclo en: 29.98s
----------------------------------------------------------------------------------------

========================================================================================
CICLO #0055 | 2026-09-03 14:39:43 UTC | símbolos=0
========================================================================================
----------------------------------------------------------------------------------------
RESUMEN DEL CICLO #0055
Símbolos analizados: 0
Sin señal: 0
Esperando/otros: 0
Señales rechazadas: 0
Bloqueadas por estado/límites: 0
Validadas DRY RUN: 0
Nuevas órdenes: 0
Operaciones cerradas sincronizadas: 0
Errores: 0
Duración del ciclo: 0.03s
Intervalo objetivo: 30s
Próximo ciclo en: 29.97s
----------------------------------------------------------------------------------------

========================================================================================
CICLO #0056 | 2026-09-03 14:40:13 UTC | símbolos=8
========================================================================================
[01/08] START Multi Step 2 Index
[01/08] END   Multi Step 2 Index | 0.01s | NO M15 SETUP
    Motivo: NO_DIRECTIONAL_M15_SETUP
[02/08] START Multi Step 3 Index
[02/08] END   Multi Step 3 Index | 0.64s | NO M5 CONFIRMATION
    Motivo: NO_DIRECTIONAL_M5_CONFIRMATION
[03/08] START Multi Step 4 Index
[03/08] END   Multi Step 4 Index | 0.72s | NO M5 CONFIRMATION
    Motivo: NO_DIRECTIONAL_M5_CONFIRMATION
    Confirmaciones: 11/13 | 84.6% | calidad=88.00 | decisión=RECHAZADA
    Faltantes: desplazamiento, cierre fuerte
    Críticas faltantes: DISPLACEMENT REQUIRED FOR LIVE ENTRY
    Rechazo técnico: desplazamiento no confirmado, cierre fuerte no confirmado, falta una confirmación estructural crítica
[04/08] START Step Index
[04/08] END   Step Index | 0.01s | NO M15 SETUP
    Motivo: NO_DIRECTIONAL_M15_SETUP
[05/08] START Step Index 200
[05/08] END   Step Index 200 | 0.63s | STALE M5 SIGNAL
    Motivo: M5_CONFIRMATION_TOO_OLD_FOR_LIVE_ENTRY
[06/08] START Step Index 300
[06/08] END   Step Index 300 | 0.91s | NO M5 CONFIRMATION
    Motivo: NO_DIRECTIONAL_M5_CONFIRMATION
[07/08] START Step Index 400
[07/08] END   Step Index 400 | 0.51s | NO M5 CONFIRMATION
    Motivo: NO_DIRECTIONAL_M5_CONFIRMATION
    Confirmaciones: 10/13 | 76.9% | calidad=83.00 | decisión=RECHAZADA
    Faltantes: rechazo del precio, desplazamiento, cierre fuerte
    Críticas faltantes: DISPLACEMENT REQUIRED FOR LIVE ENTRY
    Rechazo técnico: desplazamiento no confirmado, rechazo del precio no confirmado, cierre fuerte no confirmado, calidad de la operación insuficiente, falta una confirmación estructural crítica, porcentaje de confirmaciones inferior al 80%
[08/08] START Step Index 500
[08/08] END   Step Index 500 | 0.66s | STALE M5 SIGNAL
    Motivo: M5_CONFIRMATION_TOO_OLD_FOR_LIVE_ENTRY
----------------------------------------------------------------------------------------
RESUMEN DEL CICLO #0056
Símbolos analizados: 8
Sin señal: 0
Esperando/otros: 8
Señales rechazadas: 0
Bloqueadas por estado/límites: 0
Validadas DRY RUN: 0
Nuevas órdenes: 0
Operaciones cerradas sincronizadas: 0
Errores: 0
Duración del ciclo: 4.16s
Intervalo objetivo: 30s
Próximo ciclo en: 25.84s
----------------------------------------------------------------------------------------

========================================================================================
CICLO #0057 | 2026-09-03 14:40:43 UTC | símbolos=0
========================================================================================
----------------------------------------------------------------------------------------
RESUMEN DEL CICLO #0057
Símbolos analizados: 0
Sin señal: 0
Esperando/otros: 0
Señales rechazadas: 0
Bloqueadas por estado/límites: 0
Validadas DRY RUN: 0
Nuevas órdenes: 0
Operaciones cerradas sincronizadas: 0
Errores: 0
Duración del ciclo: 0.02s
Intervalo objetivo: 30s
Próximo ciclo en: 29.98s
----------------------------------------------------------------------------------------

========================================================================================
CICLO #0058 | 2026-09-03 14:41:13 UTC | símbolos=0
========================================================================================
----------------------------------------------------------------------------------------
RESUMEN DEL CICLO #0058
Símbolos analizados: 0
Sin señal: 0
Esperando/otros: 0
Señales rechazadas: 0
Bloqueadas por estado/límites: 0
Validadas DRY RUN: 0
Nuevas órdenes: 0
Operaciones cerradas sincronizadas: 0
Errores: 0
Duración del ciclo: 0.02s
Intervalo objetivo: 30s
Próximo ciclo en: 29.98s
----------------------------------------------------------------------------------------

========================================================================================
CICLO #0059 | 2026-09-03 14:41:43 UTC | símbolos=0
========================================================================================
----------------------------------------------------------------------------------------
RESUMEN DEL CICLO #0059
Símbolos analizados: 0
Sin señal: 0
Esperando/otros: 0
Señales rechazadas: 0
Bloqueadas por estado/límites: 0
Validadas DRY RUN: 0
Nuevas órdenes: 0
Operaciones cerradas sincronizadas: 0
Errores: 0
Duración del ciclo: 0.02s
Intervalo objetivo: 30s
Próximo ciclo en: 29.98s
----------------------------------------------------------------------------------------

========================================================================================
CICLO #0060 | 2026-09-03 14:42:13 UTC | símbolos=0
========================================================================================
----------------------------------------------------------------------------------------
RESUMEN DEL CICLO #0060
Símbolos analizados: 0
Sin señal: 0
Esperando/otros: 0
Señales rechazadas: 0
Bloqueadas por estado/límites: 0
Validadas DRY RUN: 0
Nuevas órdenes: 0
Operaciones cerradas sincronizadas: 0
Errores: 0
Duración del ciclo: 0.02s
Intervalo objetivo: 30s
Próximo ciclo en: 29.98s
----------------------------------------------------------------------------------------

========================================================================================
CICLO #0061 | 2026-09-03 14:42:43 UTC | símbolos=0
========================================================================================
----------------------------------------------------------------------------------------
RESUMEN DEL CICLO #0061
Símbolos analizados: 0
Sin señal: 0
Esperando/otros: 0
Señales rechazadas: 0
Bloqueadas por estado/límites: 0
Validadas DRY RUN: 0
Nuevas órdenes: 0
Operaciones cerradas sincronizadas: 0
Errores: 0
Duración del ciclo: 0.02s
Intervalo objetivo: 30s
Próximo ciclo en: 29.98s
----------------------------------------------------------------------------------------

========================================================================================
CICLO #0062 | 2026-09-03 14:43:13 UTC | símbolos=0
========================================================================================
----------------------------------------------------------------------------------------
RESUMEN DEL CICLO #0062
Símbolos analizados: 0
Sin señal: 0
Esperando/otros: 0
Señales rechazadas: 0
Bloqueadas por estado/límites: 0
Validadas DRY RUN: 0
Nuevas órdenes: 0
Operaciones cerradas sincronizadas: 0
Errores: 0
Duración del ciclo: 0.02s
Intervalo objetivo: 30s
Próximo ciclo en: 29.98s
----------------------------------------------------------------------------------------

========================================================================================
CICLO #0063 | 2026-09-03 14:43:43 UTC | símbolos=0
========================================================================================
----------------------------------------------------------------------------------------
RESUMEN DEL CICLO #0063
Símbolos analizados: 0
Sin señal: 0
Esperando/otros: 0
Señales rechazadas: 0
Bloqueadas por estado/límites: 0
Validadas DRY RUN: 0
Nuevas órdenes: 0
Operaciones cerradas sincronizadas: 0
Errores: 0
Duración del ciclo: 0.02s
Intervalo objetivo: 30s
Próximo ciclo en: 29.98s
----------------------------------------------------------------------------------------

========================================================================================
CICLO #0064 | 2026-09-03 14:44:13 UTC | símbolos=0
========================================================================================
----------------------------------------------------------------------------------------
RESUMEN DEL CICLO #0064
Símbolos analizados: 0
Sin señal: 0
Esperando/otros: 0
Señales rechazadas: 0
Bloqueadas por estado/límites: 0
Validadas DRY RUN: 0
Nuevas órdenes: 0
Operaciones cerradas sincronizadas: 0
Errores: 0
Duración del ciclo: 0.02s
Intervalo objetivo: 30s
Próximo ciclo en: 29.98s
----------------------------------------------------------------------------------------

========================================================================================
CICLO #0065 | 2026-09-03 14:44:43 UTC | símbolos=0
========================================================================================
----------------------------------------------------------------------------------------
RESUMEN DEL CICLO #0065
Símbolos analizados: 0
Sin señal: 0
Esperando/otros: 0
Señales rechazadas: 0
Bloqueadas por estado/límites: 0
Validadas DRY RUN: 0
Nuevas órdenes: 0
Operaciones cerradas sincronizadas: 0
Errores: 0
Duración del ciclo: 0.02s
Intervalo objetivo: 30s
Próximo ciclo en: 29.98s
----------------------------------------------------------------------------------------

========================================================================================
CICLO #0066 | 2026-09-03 14:45:13 UTC | símbolos=8
========================================================================================
[01/08] START Multi Step 2 Index
[01/08] END   Multi Step 2 Index | 1.17s | NO M15 SETUP
    Motivo: NO_DIRECTIONAL_M15_SETUP
[02/08] START Multi Step 3 Index
[02/08] END   Multi Step 3 Index | 2.60s | NO M5 CONFIRMATION
    Motivo: NO_DIRECTIONAL_M5_CONFIRMATION
[03/08] START Multi Step 4 Index
[03/08] END   Multi Step 4 Index | 2.45s | NO M5 CONFIRMATION
    Motivo: NO_DIRECTIONAL_M5_CONFIRMATION
    Confirmaciones: 11/13 | 84.6% | calidad=88.00 | decisión=RECHAZADA
    Faltantes: desplazamiento, cierre fuerte
    Críticas faltantes: DISPLACEMENT REQUIRED FOR LIVE ENTRY
    Rechazo técnico: desplazamiento no confirmado, cierre fuerte no confirmado, falta una confirmación estructural crítica
[04/08] START Step Index
[04/08] END   Step Index | 1.62s | NO M15 SETUP
    Motivo: NO_DIRECTIONAL_M15_SETUP
[05/08] START Step Index 200
[05/08] END   Step Index 200 | 2.08s | STALE M5 SIGNAL
    Motivo: M5_CONFIRMATION_TOO_OLD_FOR_LIVE_ENTRY
[06/08] START Step Index 300
[06/08] END   Step Index 300 | 2.36s | NO M5 CONFIRMATION
    Motivo: NO_DIRECTIONAL_M5_CONFIRMATION
[07/08] START Step Index 400
[07/08] END   Step Index 400 | 2.82s | NO M5 CONFIRMATION
    Motivo: NO_DIRECTIONAL_M5_CONFIRMATION
    Confirmaciones: 10/13 | 76.9% | calidad=83.00 | decisión=RECHAZADA
    Faltantes: rechazo del precio, desplazamiento, cierre fuerte
    Críticas faltantes: DISPLACEMENT REQUIRED FOR LIVE ENTRY
    Rechazo técnico: desplazamiento no confirmado, rechazo del precio no confirmado, cierre fuerte no confirmado, calidad de la operación insuficiente, falta una confirmación estructural crítica, porcentaje de confirmaciones inferior al 80%
[08/08] START Step Index 500
[08/08] END   Step Index 500 | 2.46s | STALE M5 SIGNAL
    Motivo: M5_CONFIRMATION_TOO_OLD_FOR_LIVE_ENTRY
----------------------------------------------------------------------------------------
RESUMEN DEL CICLO #0066
Símbolos analizados: 8
Sin señal: 0
Esperando/otros: 8
Señales rechazadas: 0
Bloqueadas por estado/límites: 0
Validadas DRY RUN: 0
Nuevas órdenes: 0
Operaciones cerradas sincronizadas: 0
Errores: 0
Duración del ciclo: 17.63s
Intervalo objetivo: 30s
Próximo ciclo en: 12.37s
----------------------------------------------------------------------------------------

========================================================================================
CICLO #0067 | 2026-09-03 14:45:43 UTC | símbolos=0
========================================================================================
----------------------------------------------------------------------------------------
RESUMEN DEL CICLO #0067
Símbolos analizados: 0
Sin señal: 0
Esperando/otros: 0
Señales rechazadas: 0
Bloqueadas por estado/límites: 0
Validadas DRY RUN: 0
Nuevas órdenes: 0
Operaciones cerradas sincronizadas: 0
Errores: 0
Duración del ciclo: 0.03s
Intervalo objetivo: 30s
Próximo ciclo en: 29.97s
----------------------------------------------------------------------------------------

========================================================================================
CICLO #0068 | 2026-09-03 14:46:13 UTC | símbolos=0
========================================================================================
----------------------------------------------------------------------------------------
RESUMEN DEL CICLO #0068
Símbolos analizados: 0
Sin señal: 0
Esperando/otros: 0
Señales rechazadas: 0
Bloqueadas por estado/límites: 0
Validadas DRY RUN: 0
Nuevas órdenes: 0
Operaciones cerradas sincronizadas: 0
Errores: 0
Duración del ciclo: 0.02s
Intervalo objetivo: 30s
Próximo ciclo en: 29.98s
----------------------------------------------------------------------------------------

========================================================================================
CICLO #0069 | 2026-09-03 14:46:43 UTC | símbolos=0
========================================================================================
----------------------------------------------------------------------------------------
RESUMEN DEL CICLO #0069
Símbolos analizados: 0
Sin señal: 0
Esperando/otros: 0
Señales rechazadas: 0
Bloqueadas por estado/límites: 0
Validadas DRY RUN: 0
Nuevas órdenes: 0
Operaciones cerradas sincronizadas: 0
Errores: 0
Duración del ciclo: 0.03s
Intervalo objetivo: 30s
Próximo ciclo en: 29.97s
----------------------------------------------------------------------------------------

========================================================================================
CICLO #0070 | 2026-09-03 14:47:13 UTC | símbolos=0
========================================================================================
----------------------------------------------------------------------------------------
RESUMEN DEL CICLO #0070
Símbolos analizados: 0
Sin señal: 0
Esperando/otros: 0
Señales rechazadas: 0
Bloqueadas por estado/límites: 0
Validadas DRY RUN: 0
Nuevas órdenes: 0
Operaciones cerradas sincronizadas: 0
Errores: 0
Duración del ciclo: 0.02s
Intervalo objetivo: 30s
Próximo ciclo en: 29.98s
----------------------------------------------------------------------------------------

========================================================================================
CICLO #0071 | 2026-09-03 14:47:43 UTC | símbolos=0
========================================================================================
----------------------------------------------------------------------------------------
RESUMEN DEL CICLO #0071
Símbolos analizados: 0
Sin señal: 0
Esperando/otros: 0
Señales rechazadas: 0
Bloqueadas por estado/límites: 0
Validadas DRY RUN: 0
Nuevas órdenes: 0
Operaciones cerradas sincronizadas: 0
Errores: 0
Duración del ciclo: 0.02s
Intervalo objetivo: 30s
Próximo ciclo en: 29.98s
----------------------------------------------------------------------------------------

========================================================================================
CICLO #0072 | 2026-09-03 14:48:13 UTC | símbolos=0
========================================================================================
----------------------------------------------------------------------------------------
RESUMEN DEL CICLO #0072
Símbolos analizados: 0
Sin señal: 0
Esperando/otros: 0
Señales rechazadas: 0
Bloqueadas por estado/límites: 0
Validadas DRY RUN: 0
Nuevas órdenes: 0
Operaciones cerradas sincronizadas: 0
Errores: 0
Duración del ciclo: 0.02s
Intervalo objetivo: 30s
Próximo ciclo en: 29.98s
----------------------------------------------------------------------------------------

========================================================================================
CICLO #0073 | 2026-09-03 14:48:43 UTC | símbolos=0
========================================================================================
----------------------------------------------------------------------------------------
RESUMEN DEL CICLO #0073
Símbolos analizados: 0
Sin señal: 0
Esperando/otros: 0
Señales rechazadas: 0
Bloqueadas por estado/límites: 0
Validadas DRY RUN: 0
Nuevas órdenes: 0
Operaciones cerradas sincronizadas: 0
Errores: 0
Duración del ciclo: 0.03s
Intervalo objetivo: 30s
Próximo ciclo en: 29.97s
----------------------------------------------------------------------------------------

========================================================================================
CICLO #0074 | 2026-09-03 14:49:13 UTC | símbolos=0
========================================================================================
----------------------------------------------------------------------------------------
RESUMEN DEL CICLO #0074
Símbolos analizados: 0
Sin señal: 0
Esperando/otros: 0
Señales rechazadas: 0
Bloqueadas por estado/límites: 0
Validadas DRY RUN: 0
Nuevas órdenes: 0
Operaciones cerradas sincronizadas: 0
Errores: 0
Duración del ciclo: 0.02s
Intervalo objetivo: 30s
Próximo ciclo en: 29.98s
----------------------------------------------------------------------------------------

========================================================================================
CICLO #0075 | 2026-09-03 14:49:43 UTC | símbolos=0
========================================================================================
----------------------------------------------------------------------------------------
RESUMEN DEL CICLO #0075
Símbolos analizados: 0
Sin señal: 0
Esperando/otros: 0
Señales rechazadas: 0
Bloqueadas por estado/límites: 0
Validadas DRY RUN: 0
Nuevas órdenes: 0
Operaciones cerradas sincronizadas: 0
Errores: 0
Duración del ciclo: 0.03s
Intervalo objetivo: 30s
Próximo ciclo en: 29.97s
----------------------------------------------------------------------------------------

========================================================================================
CICLO #0076 | 2026-09-03 14:50:13 UTC | símbolos=8
========================================================================================
[01/08] START Multi Step 2 Index
[01/08] END   Multi Step 2 Index | 0.01s | NO M15 SETUP
    Motivo: NO_DIRECTIONAL_M15_SETUP
[02/08] START Multi Step 3 Index
[02/08] END   Multi Step 3 Index | 0.69s | NO M5 CONFIRMATION
    Motivo: NO_DIRECTIONAL_M5_CONFIRMATION
[03/08] START Multi Step 4 Index
[03/08] END   Multi Step 4 Index | 0.68s | NO M5 CONFIRMATION
    Motivo: NO_DIRECTIONAL_M5_CONFIRMATION
[04/08] START Step Index
[04/08] END   Step Index | 0.01s | NO M15 SETUP
    Motivo: NO_DIRECTIONAL_M15_SETUP
[05/08] START Step Index 200
[05/08] END   Step Index 200 | 0.55s | STALE M5 SIGNAL
    Motivo: M5_CONFIRMATION_TOO_OLD_FOR_LIVE_ENTRY
[06/08] START Step Index 300
[06/08] END   Step Index 300 | 0.80s | NO M5 CONFIRMATION
    Motivo: NO_DIRECTIONAL_M5_CONFIRMATION
[07/08] START Step Index 400
[07/08] END   Step Index 400 | 0.38s | NO M5 CONFIRMATION
    Motivo: NO_DIRECTIONAL_M5_CONFIRMATION
    Confirmaciones: 10/13 | 76.9% | calidad=83.00 | decisión=RECHAZADA
    Faltantes: rechazo del precio, desplazamiento, cierre fuerte
    Críticas faltantes: DISPLACEMENT REQUIRED FOR LIVE ENTRY
    Rechazo técnico: desplazamiento no confirmado, rechazo del precio no confirmado, cierre fuerte no confirmado, calidad de la operación insuficiente, falta una confirmación estructural crítica, porcentaje de confirmaciones inferior al 80%
[08/08] START Step Index 500
[08/08] END   Step Index 500 | 0.52s | STALE M5 SIGNAL
    Motivo: M5_CONFIRMATION_TOO_OLD_FOR_LIVE_ENTRY
----------------------------------------------------------------------------------------
RESUMEN DEL CICLO #0076
Símbolos analizados: 8
Sin señal: 0
Esperando/otros: 8
Señales rechazadas: 0
Bloqueadas por estado/límites: 0
Validadas DRY RUN: 0
Nuevas órdenes: 0
Operaciones cerradas sincronizadas: 0
Errores: 0
Duración del ciclo: 3.69s
Intervalo objetivo: 30s
Próximo ciclo en: 26.31s
----------------------------------------------------------------------------------------

========================================================================================
CICLO #0077 | 2026-09-03 14:50:43 UTC | símbolos=0
========================================================================================
----------------------------------------------------------------------------------------
RESUMEN DEL CICLO #0077
Símbolos analizados: 0
Sin señal: 0
Esperando/otros: 0
Señales rechazadas: 0
Bloqueadas por estado/límites: 0
Validadas DRY RUN: 0
Nuevas órdenes: 0
Operaciones cerradas sincronizadas: 0
Errores: 0
Duración del ciclo: 0.03s
Intervalo objetivo: 30s
Próximo ciclo en: 29.97s
----------------------------------------------------------------------------------------

========================================================================================
CICLO #0078 | 2026-09-03 14:51:13 UTC | símbolos=0
========================================================================================
----------------------------------------------------------------------------------------
RESUMEN DEL CICLO #0078
Símbolos analizados: 0
Sin señal: 0
Esperando/otros: 0
Señales rechazadas: 0
Bloqueadas por estado/límites: 0
Validadas DRY RUN: 0
Nuevas órdenes: 0
Operaciones cerradas sincronizadas: 0
Errores: 0
Duración del ciclo: 0.02s
Intervalo objetivo: 30s
Próximo ciclo en: 29.98s
----------------------------------------------------------------------------------------

========================================================================================
CICLO #0079 | 2026-09-03 14:51:43 UTC | símbolos=0
========================================================================================
----------------------------------------------------------------------------------------
RESUMEN DEL CICLO #0079
Símbolos analizados: 0
Sin señal: 0
Esperando/otros: 0
Señales rechazadas: 0
Bloqueadas por estado/límites: 0
Validadas DRY RUN: 0
Nuevas órdenes: 0
Operaciones cerradas sincronizadas: 0
Errores: 0
Duración del ciclo: 0.02s
Intervalo objetivo: 30s
Próximo ciclo en: 29.98s
----------------------------------------------------------------------------------------

========================================================================================
CICLO #0080 | 2026-09-03 14:52:13 UTC | símbolos=0
========================================================================================
----------------------------------------------------------------------------------------
RESUMEN DEL CICLO #0080
Símbolos analizados: 0
Sin señal: 0
Esperando/otros: 0
Señales rechazadas: 0
Bloqueadas por estado/límites: 0
Validadas DRY RUN: 0
Nuevas órdenes: 0
Operaciones cerradas sincronizadas: 0
Errores: 0
Duración del ciclo: 0.04s
Intervalo objetivo: 30s
Próximo ciclo en: 29.96s
----------------------------------------------------------------------------------------

========================================================================================
CICLO #0081 | 2026-09-03 14:52:43 UTC | símbolos=0
========================================================================================
----------------------------------------------------------------------------------------
RESUMEN DEL CICLO #0081
Símbolos analizados: 0
Sin señal: 0
Esperando/otros: 0
Señales rechazadas: 0
Bloqueadas por estado/límites: 0
Validadas DRY RUN: 0
Nuevas órdenes: 0
Operaciones cerradas sincronizadas: 0
Errores: 0
Duración del ciclo: 0.02s
Intervalo objetivo: 30s
Próximo ciclo en: 29.98s
----------------------------------------------------------------------------------------

========================================================================================
CICLO #0082 | 2026-09-03 14:53:13 UTC | símbolos=0
========================================================================================
----------------------------------------------------------------------------------------
RESUMEN DEL CICLO #0082
Símbolos analizados: 0
Sin señal: 0
Esperando/otros: 0
Señales rechazadas: 0
Bloqueadas por estado/límites: 0
Validadas DRY RUN: 0
Nuevas órdenes: 0
Operaciones cerradas sincronizadas: 0
Errores: 0
Duración del ciclo: 0.02s
Intervalo objetivo: 30s
Próximo ciclo en: 29.98s
----------------------------------------------------------------------------------------

========================================================================================
CICLO #0083 | 2026-09-03 14:53:43 UTC | símbolos=0
========================================================================================
----------------------------------------------------------------------------------------
RESUMEN DEL CICLO #0083
Símbolos analizados: 0
Sin señal: 0
Esperando/otros: 0
Señales rechazadas: 0
Bloqueadas por estado/límites: 0
Validadas DRY RUN: 0
Nuevas órdenes: 0
Operaciones cerradas sincronizadas: 0
Errores: 0
Duración del ciclo: 0.04s
Intervalo objetivo: 30s
Próximo ciclo en: 29.96s
----------------------------------------------------------------------------------------

========================================================================================
CICLO #0084 | 2026-09-03 14:54:13 UTC | símbolos=0
========================================================================================
----------------------------------------------------------------------------------------
RESUMEN DEL CICLO #0084
Símbolos analizados: 0
Sin señal: 0
Esperando/otros: 0
Señales rechazadas: 0
Bloqueadas por estado/límites: 0
Validadas DRY RUN: 0
Nuevas órdenes: 0
Operaciones cerradas sincronizadas: 0
Errores: 0
Duración del ciclo: 0.04s
Intervalo objetivo: 30s
Próximo ciclo en: 29.96s
----------------------------------------------------------------------------------------

========================================================================================
CICLO #0085 | 2026-09-03 14:54:43 UTC | símbolos=0
========================================================================================
----------------------------------------------------------------------------------------
RESUMEN DEL CICLO #0085
Símbolos analizados: 0
Sin señal: 0
Esperando/otros: 0
Señales rechazadas: 0
Bloqueadas por estado/límites: 0
Validadas DRY RUN: 0
Nuevas órdenes: 0
Operaciones cerradas sincronizadas: 0
Errores: 0
Duración del ciclo: 0.02s
Intervalo objetivo: 30s
Próximo ciclo en: 29.98s
----------------------------------------------------------------------------------------

========================================================================================
CICLO #0086 | 2026-09-03 14:55:13 UTC | símbolos=8
========================================================================================
[01/08] START Multi Step 2 Index
[01/08] END   Multi Step 2 Index | 0.01s | NO M15 SETUP
    Motivo: NO_DIRECTIONAL_M15_SETUP
[02/08] START Multi Step 3 Index
[02/08] END   Multi Step 3 Index | 0.71s | NO M5 CONFIRMATION
    Motivo: NO_DIRECTIONAL_M5_CONFIRMATION
[03/08] START Multi Step 4 Index
[03/08] END   Multi Step 4 Index | 0.80s | NO M5 CONFIRMATION
    Motivo: NO_DIRECTIONAL_M5_CONFIRMATION
[04/08] START Step Index
[04/08] END   Step Index | 0.01s | NO M15 SETUP
    Motivo: NO_DIRECTIONAL_M15_SETUP
[05/08] START Step Index 200
[05/08] END   Step Index 200 | 0.60s | STALE M5 SIGNAL
    Motivo: M5_CONFIRMATION_TOO_OLD_FOR_LIVE_ENTRY
[06/08] START Step Index 300
[06/08] END   Step Index 300 | 0.88s | NO M5 CONFIRMATION
    Motivo: NO_DIRECTIONAL_M5_CONFIRMATION
[07/08] START Step Index 400
[07/08] END   Step Index 400 | 0.46s | NO M5 CONFIRMATION
    Motivo: NO_DIRECTIONAL_M5_CONFIRMATION
    Confirmaciones: 10/13 | 76.9% | calidad=83.00 | decisión=RECHAZADA
    Faltantes: rechazo del precio, desplazamiento, cierre fuerte
    Críticas faltantes: DISPLACEMENT REQUIRED FOR LIVE ENTRY
    Rechazo técnico: desplazamiento no confirmado, rechazo del precio no confirmado, cierre fuerte no confirmado, calidad de la operación insuficiente, falta una confirmación estructural crítica, porcentaje de confirmaciones inferior al 80%
[08/08] START Step Index 500
[08/08] END   Step Index 500 | 0.58s | STALE M5 SIGNAL
    Motivo: M5_CONFIRMATION_TOO_OLD_FOR_LIVE_ENTRY
----------------------------------------------------------------------------------------
RESUMEN DEL CICLO #0086
Símbolos analizados: 8
Sin señal: 0
Esperando/otros: 8
Señales rechazadas: 0
Bloqueadas por estado/límites: 0
Validadas DRY RUN: 0
Nuevas órdenes: 0
Operaciones cerradas sincronizadas: 0
Errores: 0
Duración del ciclo: 4.12s
Intervalo objetivo: 30s
Próximo ciclo en: 25.88s
----------------------------------------------------------------------------------------

========================================================================================
CICLO #0087 | 2026-09-03 14:55:43 UTC | símbolos=0
========================================================================================
----------------------------------------------------------------------------------------
RESUMEN DEL CICLO #0087
Símbolos analizados: 0
Sin señal: 0
Esperando/otros: 0
Señales rechazadas: 0
Bloqueadas por estado/límites: 0
Validadas DRY RUN: 0
Nuevas órdenes: 0
Operaciones cerradas sincronizadas: 0
Errores: 0
Duración del ciclo: 0.03s
Intervalo objetivo: 30s
Próximo ciclo en: 29.97s
----------------------------------------------------------------------------------------

========================================================================================
CICLO #0088 | 2026-09-03 14:56:13 UTC | símbolos=0
========================================================================================
----------------------------------------------------------------------------------------
RESUMEN DEL CICLO #0088
Símbolos analizados: 0
Sin señal: 0
Esperando/otros: 0
Señales rechazadas: 0
Bloqueadas por estado/límites: 0
Validadas DRY RUN: 0
Nuevas órdenes: 0
Operaciones cerradas sincronizadas: 0
Errores: 0
Duración del ciclo: 0.02s
Intervalo objetivo: 30s
Próximo ciclo en: 29.98s
----------------------------------------------------------------------------------------

========================================================================================
CICLO #0089 | 2026-09-03 14:56:43 UTC | símbolos=0
========================================================================================
----------------------------------------------------------------------------------------
RESUMEN DEL CICLO #0089
Símbolos analizados: 0
Sin señal: 0
Esperando/otros: 0
Señales rechazadas: 0
Bloqueadas por estado/límites: 0
Validadas DRY RUN: 0
Nuevas órdenes: 0
Operaciones cerradas sincronizadas: 0
Errores: 0
Duración del ciclo: 0.02s
Intervalo objetivo: 30s
Próximo ciclo en: 29.98s
----------------------------------------------------------------------------------------

========================================================================================
CICLO #0090 | 2026-09-03 14:57:13 UTC | símbolos=0
========================================================================================
----------------------------------------------------------------------------------------
RESUMEN DEL CICLO #0090
Símbolos analizados: 0
Sin señal: 0
Esperando/otros: 0
Señales rechazadas: 0
Bloqueadas por estado/límites: 0
Validadas DRY RUN: 0
Nuevas órdenes: 0
Operaciones cerradas sincronizadas: 0
Errores: 0
Duración del ciclo: 0.02s
Intervalo objetivo: 30s
Próximo ciclo en: 29.98s
----------------------------------------------------------------------------------------

========================================================================================
CICLO #0091 | 2026-09-03 14:57:43 UTC | símbolos=0
========================================================================================
----------------------------------------------------------------------------------------
RESUMEN DEL CICLO #0091
Símbolos analizados: 0
Sin señal: 0
Esperando/otros: 0
Señales rechazadas: 0
Bloqueadas por estado/límites: 0
Validadas DRY RUN: 0
Nuevas órdenes: 0
Operaciones cerradas sincronizadas: 0
Errores: 0
Duración del ciclo: 0.02s
Intervalo objetivo: 30s
Próximo ciclo en: 29.98s
----------------------------------------------------------------------------------------

========================================================================================
CICLO #0092 | 2026-09-03 14:58:13 UTC | símbolos=0
========================================================================================
----------------------------------------------------------------------------------------
RESUMEN DEL CICLO #0092
Símbolos analizados: 0
Sin señal: 0
Esperando/otros: 0
Señales rechazadas: 0
Bloqueadas por estado/límites: 0
Validadas DRY RUN: 0
Nuevas órdenes: 0
Operaciones cerradas sincronizadas: 0
Errores: 0
Duración del ciclo: 0.02s
Intervalo objetivo: 30s
Próximo ciclo en: 29.98s
----------------------------------------------------------------------------------------

========================================================================================
CICLO #0093 | 2026-09-03 14:58:43 UTC | símbolos=0
========================================================================================
----------------------------------------------------------------------------------------
RESUMEN DEL CICLO #0093
Símbolos analizados: 0
Sin señal: 0
Esperando/otros: 0
Señales rechazadas: 0
Bloqueadas por estado/límites: 0
Validadas DRY RUN: 0
Nuevas órdenes: 0
Operaciones cerradas sincronizadas: 0
Errores: 0
Duración del ciclo: 0.03s
Intervalo objetivo: 30s
Próximo ciclo en: 29.97s
----------------------------------------------------------------------------------------

========================================================================================
CICLO #0094 | 2026-09-03 14:59:13 UTC | símbolos=0
========================================================================================
----------------------------------------------------------------------------------------
RESUMEN DEL CICLO #0094
Símbolos analizados: 0
Sin señal: 0
Esperando/otros: 0
Señales rechazadas: 0
Bloqueadas por estado/límites: 0
Validadas DRY RUN: 0
Nuevas órdenes: 0
Operaciones cerradas sincronizadas: 0
Errores: 0
Duración del ciclo: 0.04s
Intervalo objetivo: 30s
Próximo ciclo en: 29.96s
----------------------------------------------------------------------------------------

========================================================================================
CICLO #0095 | 2026-09-03 14:59:43 UTC | símbolos=0
========================================================================================
----------------------------------------------------------------------------------------
RESUMEN DEL CICLO #0095
Símbolos analizados: 0
Sin señal: 0
Esperando/otros: 0
Señales rechazadas: 0
Bloqueadas por estado/límites: 0
Validadas DRY RUN: 0
Nuevas órdenes: 0
Operaciones cerradas sincronizadas: 0
Errores: 0
Duración del ciclo: 0.03s
Intervalo objetivo: 30s
Próximo ciclo en: 29.97s
----------------------------------------------------------------------------------------

========================================================================================
CICLO #0096 | 2026-09-03 15:00:13 UTC | símbolos=8
========================================================================================
[01/08] START Multi Step 2 Index
[01/08] END   Multi Step 2 Index | 4.67s | NO M15 SETUP
    Motivo: NO_DIRECTIONAL_M15_SETUP
[02/08] START Multi Step 3 Index
[02/08] END   Multi Step 3 Index | 5.61s | NO M5 CONFIRMATION
    Motivo: NO_DIRECTIONAL_M5_CONFIRMATION
[03/08] START Multi Step 4 Index
[03/08] END   Multi Step 4 Index | 8.70s | NO M5 CONFIRMATION
    Motivo: NO_DIRECTIONAL_M5_CONFIRMATION
[04/08] START Step Index
[04/08] END   Step Index | 6.39s | NO M15 SETUP
    Motivo: NO_DIRECTIONAL_M15_SETUP
[05/08] START Step Index 200
[05/08] END   Step Index 200 | 6.96s | STALE M5 SIGNAL
    Motivo: M5_CONFIRMATION_TOO_OLD_FOR_LIVE_ENTRY
[06/08] START Step Index 300
[06/08] END   Step Index 300 | 6.44s | NO M5 CONFIRMATION
    Motivo: NO_DIRECTIONAL_M5_CONFIRMATION
[07/08] START Step Index 400
[07/08] END   Step Index 400 | 6.54s | NO M5 CONFIRMATION
    Motivo: NO_DIRECTIONAL_M5_CONFIRMATION
    Confirmaciones: 10/13 | 76.9% | calidad=83.00 | decisión=RECHAZADA
    Faltantes: rechazo del precio, desplazamiento, cierre fuerte
    Críticas faltantes: DISPLACEMENT REQUIRED FOR LIVE ENTRY
    Rechazo técnico: desplazamiento no confirmado, rechazo del precio no confirmado, cierre fuerte no confirmado, calidad de la operación insuficiente, falta una confirmación estructural crítica, porcentaje de confirmaciones inferior al 80%
[08/08] START Step Index 500
[08/08] END   Step Index 500 | 3.87s | STALE M5 SIGNAL
    Motivo: M5_CONFIRMATION_TOO_OLD_FOR_LIVE_ENTRY
----------------------------------------------------------------------------------------
RESUMEN DEL CICLO #0096
Símbolos analizados: 8
Sin señal: 0
Esperando/otros: 8
Señales rechazadas: 0
Bloqueadas por estado/límites: 0
Validadas DRY RUN: 0
Nuevas órdenes: 0
Operaciones cerradas sincronizadas: 0
Errores: 0
Duración del ciclo: 49.29s
Intervalo objetivo: 30s
Próximo ciclo en: 0.00s
[AVISO] Ciclo excedio el intervalo por: 19.29s
----------------------------------------------------------------------------------------

========================================================================================
CICLO #0097 | 2026-09-03 15:01:02 UTC | símbolos=0
========================================================================================
----------------------------------------------------------------------------------------
RESUMEN DEL CICLO #0097
Símbolos analizados: 0
Sin señal: 0
Esperando/otros: 0
Señales rechazadas: 0
Bloqueadas por estado/límites: 0
Validadas DRY RUN: 0
Nuevas órdenes: 0
Operaciones cerradas sincronizadas: 0
Errores: 0
Duración del ciclo: 0.04s
Intervalo objetivo: 30s
Próximo ciclo en: 29.96s
----------------------------------------------------------------------------------------

========================================================================================
CICLO #0098 | 2026-09-03 15:01:32 UTC | símbolos=0
========================================================================================
----------------------------------------------------------------------------------------
RESUMEN DEL CICLO #0098
Símbolos analizados: 0
Sin señal: 0
Esperando/otros: 0
Señales rechazadas: 0
Bloqueadas por estado/límites: 0
Validadas DRY RUN: 0
Nuevas órdenes: 0
Operaciones cerradas sincronizadas: 0
Errores: 0
Duración del ciclo: 0.02s
Intervalo objetivo: 30s
Próximo ciclo en: 29.98s
----------------------------------------------------------------------------------------

========================================================================================
CICLO #0099 | 2026-09-03 15:02:02 UTC | símbolos=0
========================================================================================
----------------------------------------------------------------------------------------
RESUMEN DEL CICLO #0099
Símbolos analizados: 0
Sin señal: 0
Esperando/otros: 0
Señales rechazadas: 0
Bloqueadas por estado/límites: 0
Validadas DRY RUN: 0
Nuevas órdenes: 0
Operaciones cerradas sincronizadas: 0
Errores: 0
Duración del ciclo: 0.02s
Intervalo objetivo: 30s
Próximo ciclo en: 29.98s
----------------------------------------------------------------------------------------

========================================================================================
CICLO #0100 | 2026-09-03 15:02:32 UTC | símbolos=0
========================================================================================
----------------------------------------------------------------------------------------
RESUMEN DEL CICLO #0100
Símbolos analizados: 0
Sin señal: 0
Esperando/otros: 0
Señales rechazadas: 0
Bloqueadas por estado/límites: 0
Validadas DRY RUN: 0
Nuevas órdenes: 0
Operaciones cerradas sincronizadas: 0
Errores: 0
Duración del ciclo: 0.05s
Intervalo objetivo: 30s
Próximo ciclo en: 29.95s
----------------------------------------------------------------------------------------

========================================================================================
CICLO #0101 | 2026-09-03 15:03:02 UTC | símbolos=0
========================================================================================
----------------------------------------------------------------------------------------
RESUMEN DEL CICLO #0101
Símbolos analizados: 0
Sin señal: 0
Esperando/otros: 0
Señales rechazadas: 0
Bloqueadas por estado/límites: 0
Validadas DRY RUN: 0
Nuevas órdenes: 0
Operaciones cerradas sincronizadas: 0
Errores: 0
Duración del ciclo: 0.05s
Intervalo objetivo: 30s
Próximo ciclo en: 29.95s
----------------------------------------------------------------------------------------

========================================================================================
CICLO #0102 | 2026-09-03 15:03:32 UTC | símbolos=0
========================================================================================
----------------------------------------------------------------------------------------
RESUMEN DEL CICLO #0102
Símbolos analizados: 0
Sin señal: 0
Esperando/otros: 0
Señales rechazadas: 0
Bloqueadas por estado/límites: 0
Validadas DRY RUN: 0
Nuevas órdenes: 0
Operaciones cerradas sincronizadas: 0
Errores: 0
Duración del ciclo: 0.03s
Intervalo objetivo: 30s
Próximo ciclo en: 29.97s
----------------------------------------------------------------------------------------

========================================================================================
CICLO #0103 | 2026-09-03 15:04:02 UTC | símbolos=0
========================================================================================
----------------------------------------------------------------------------------------
RESUMEN DEL CICLO #0103
Símbolos analizados: 0
Sin señal: 0
Esperando/otros: 0
Señales rechazadas: 0
Bloqueadas por estado/límites: 0
Validadas DRY RUN: 0
Nuevas órdenes: 0
Operaciones cerradas sincronizadas: 0
Errores: 0
Duración del ciclo: 0.03s
Intervalo objetivo: 30s
Próximo ciclo en: 29.97s
----------------------------------------------------------------------------------------

========================================================================================
CICLO #0104 | 2026-09-03 15:04:32 UTC | símbolos=0
========================================================================================
----------------------------------------------------------------------------------------
RESUMEN DEL CICLO #0104
Símbolos analizados: 0
Sin señal: 0
Esperando/otros: 0
Señales rechazadas: 0
Bloqueadas por estado/límites: 0
Validadas DRY RUN: 0
Nuevas órdenes: 0
Operaciones cerradas sincronizadas: 0
Errores: 0
Duración del ciclo: 0.03s
Intervalo objetivo: 30s
Próximo ciclo en: 29.97s
----------------------------------------------------------------------------------------

========================================================================================
CICLO #0105 | 2026-09-03 15:05:02 UTC | símbolos=8
========================================================================================
[01/08] START Multi Step 2 Index
[01/08] END   Multi Step 2 Index | 0.02s | NO M15 SETUP
    Motivo: NO_DIRECTIONAL_M15_SETUP
[02/08] START Multi Step 3 Index
[02/08] END   Multi Step 3 Index | 0.80s | NO M5 CONFIRMATION
    Motivo: NO_DIRECTIONAL_M5_CONFIRMATION
[03/08] START Multi Step 4 Index
[03/08] END   Multi Step 4 Index | 1.02s | NO M5 CONFIRMATION
    Motivo: NO_DIRECTIONAL_M5_CONFIRMATION
[04/08] START Step Index
[04/08] END   Step Index | 0.01s | NO M15 SETUP
    Motivo: NO_DIRECTIONAL_M15_SETUP
[05/08] START Step Index 200
[05/08] END   Step Index 200 | 0.84s | STALE M5 SIGNAL
    Motivo: M5_CONFIRMATION_TOO_OLD_FOR_LIVE_ENTRY
[06/08] START Step Index 300
[06/08] END   Step Index 300 | 1.48s | NO M5 CONFIRMATION
    Motivo: NO_DIRECTIONAL_M5_CONFIRMATION
[07/08] START Step Index 400
[07/08] END   Step Index 400 | 0.83s | NO M5 CONFIRMATION
    Motivo: NO_DIRECTIONAL_M5_CONFIRMATION
    Confirmaciones: 10/13 | 76.9% | calidad=83.00 | decisión=RECHAZADA
    Faltantes: rechazo del precio, desplazamiento, cierre fuerte
    Críticas faltantes: DISPLACEMENT REQUIRED FOR LIVE ENTRY
    Rechazo técnico: desplazamiento no confirmado, rechazo del precio no confirmado, cierre fuerte no confirmado, calidad de la operación insuficiente, falta una confirmación estructural crítica, porcentaje de confirmaciones inferior al 80%
[08/08] START Step Index 500
[08/08] END   Step Index 500 | 1.14s | STALE M5 SIGNAL
    Motivo: M5_CONFIRMATION_TOO_OLD_FOR_LIVE_ENTRY
----------------------------------------------------------------------------------------
RESUMEN DEL CICLO #0105
Símbolos analizados: 8
Sin señal: 0
Esperando/otros: 8
Señales rechazadas: 0
Bloqueadas por estado/límites: 0
Validadas DRY RUN: 0
Nuevas órdenes: 0
Operaciones cerradas sincronizadas: 0
Errores: 0
Duración del ciclo: 6.19s
Intervalo objetivo: 30s
Próximo ciclo en: 23.81s
----------------------------------------------------------------------------------------

========================================================================================
CICLO #0106 | 2026-09-03 15:05:32 UTC | símbolos=0
========================================================================================
----------------------------------------------------------------------------------------
RESUMEN DEL CICLO #0106
Símbolos analizados: 0
Sin señal: 0
Esperando/otros: 0
Señales rechazadas: 0
Bloqueadas por estado/límites: 0
Validadas DRY RUN: 0
Nuevas órdenes: 0
Operaciones cerradas sincronizadas: 0
Errores: 0
Duración del ciclo: 0.22s
Intervalo objetivo: 30s
Próximo ciclo en: 29.78s
----------------------------------------------------------------------------------------
Bot detenido por el usuario.
========================================================================
DERIV DEMO EXECUTION PREFLIGHT
========================================================================
[OK] MT5_ACCOUNT_INFO {'login': 41108926, 'server': 'Deriv-Demo', 'currency': 'USD', 'balance': 9780.68, 'equity': 9780.68, 'margin': 0.0, 'free_margin': 9780.68, 'profit': 0.0, 'leverage': 1000, 'trade_mode': 0, 'snapshot_time': datetime.datetime(2026, 9, 3, 15, 6, 46, 753028, tzinfo=datetime.timezone.utc), 'broker': 'MT5'}
[OK] MT5_TERMINAL_CONNECTED {'trade_allowed': True, 'tradeapi_disabled': False}
[OK] MT5_AUTOTRADING_ALLOWED {'trade_allowed': True, 'tradeapi_disabled': False}
[OK] DEMO_ACCOUNT {'trade_mode': 0, 'server': 'Deriv-Demo'}
[OK] FREE_MARGIN {'free_margin': 9780.68, 'required': 0.0}
[OK] DATABASE_READY {}
[OK] SYMBOL:Multi Step 2 Index {'visible': True, 'trade_mode': 4, 'volume_min': 0.1, 'volume_step': 0.01, 'point': 0.01, 'stops_level_points': 96}
[OK] SYMBOL:Multi Step 3 Index {'visible': True, 'trade_mode': 4, 'volume_min': 0.1, 'volume_step': 0.01, 'point': 0.01, 'stops_level_points': 60}
[OK] SYMBOL:Multi Step 4 Index {'visible': True, 'trade_mode': 4, 'volume_min': 0.1, 'volume_step': 0.01, 'point': 0.01, 'stops_level_points': 109}
[OK] SYMBOL:Skew Step Index 4 Down {'visible': True, 'trade_mode': 4, 'volume_min': 0.1, 'volume_step': 0.01, 'point': 0.1, 'stops_level_points': 200}
[OK] SYMBOL:Skew Step Index 4 Up {'visible': True, 'trade_mode': 4, 'volume_min': 0.1, 'volume_step': 0.01, 'point': 0.1, 'stops_level_points': 200}
[OK] SYMBOL:Skew Step Index 5 Down {'visible': True, 'trade_mode': 4, 'volume_min': 0.1, 'volume_step': 0.01, 'point': 0.1, 'stops_level_points': 200}
[OK] SYMBOL:Skew Step Index 5 Up {'visible': True, 'trade_mode': 4, 'volume_min': 0.1, 'volume_step': 0.01, 'point': 0.1, 'stops_level_points': 200}
[OK] SYMBOL:Step Index {'visible': True, 'trade_mode': 4, 'volume_min': 0.1, 'volume_step': 0.01, 'point': 0.1, 'stops_level_points': 8}
[OK] SYMBOL:Step Index 200 {'visible': True, 'trade_mode': 4, 'volume_min': 0.1, 'volume_step': 0.01, 'point': 0.1, 'stops_level_points': 11}
[OK] SYMBOL:Step Index 300 {'visible': True, 'trade_mode': 4, 'volume_min': 0.1, 'volume_step': 0.01, 'point': 0.1, 'stops_level_points': 9}
[OK] SYMBOL:Step Index 400 {'visible': True, 'trade_mode': 4, 'volume_min': 0.1, 'volume_step': 0.01, 'point': 0.1, 'stops_level_points': 12}
[OK] SYMBOL:Step Index 500 {'visible': True, 'trade_mode': 4, 'volume_min': 0.1, 'volume_step': 0.01, 'point': 0.1, 'stops_level_points': 20}
========================================================================
STATUS: READY FOR DEMO EXECUTION
DAEMONBLACKFX VERSION: v100-entry-quality-recoverable-quarantine-winrate-audit
BOT ACTIVO: STEP | MAGIC=26082104 | ESTRATEGIA=SMC/ORB | instrumentos=12 | auto_export=False
========================================================================================
BOT SMC MT5 - DERIV DEMO
========================================================================================
Cuenta: 41108926 | Servidor: Deriv-Demo
Balance: 9780.68 USD
Modo: EJECUCIÓN DEMO
Riesgo por trade: 1.00% | R:R mínimo: 1.50
Intervalo: 30s | Símbolos: 12
Reporte XLSX: C:\TradingBoot\smc_synthetic_bot\storage\exports\deriv_demo_trading_report.xlsx
Pipeline: SMC -> TradeLifecycleManager -> MT5TradeExecutor -> SQLite -> XLSX
========================================================================================
Daemon activo: señales=30s | monitor posiciones/BE=2s | símbolos=12
Progreso: se mostrará cada símbolo y su tiempo de análisis.
{'action': 'POSITION_MONITOR_STARTED', 'signal_interval_seconds': 30, 'position_monitor_interval_seconds': 2, 'monitor_mode': 'BACKGROUND_DECOUPLED'}

========================================================================================
CICLO #0001 | 2026-09-03 15:07:01 UTC | símbolos=8
========================================================================================
[01/08] START Multi Step 2 Index
[01/08] END   Multi Step 2 Index | 6.96s | NO M15 SETUP
    Motivo: NO_DIRECTIONAL_M15_SETUP
[02/08] START Multi Step 3 Index
[02/08] END   Multi Step 3 Index | 6.15s | NO M5 CONFIRMATION
    Motivo: NO_DIRECTIONAL_M5_CONFIRMATION
[03/08] START Multi Step 4 Index
[03/08] END   Multi Step 4 Index | 7.73s | NO M5 CONFIRMATION
    Motivo: NO_DIRECTIONAL_M5_CONFIRMATION
[04/08] START Step Index
[04/08] END   Step Index | 5.71s | NO M15 SETUP
    Motivo: NO_DIRECTIONAL_M15_SETUP
[05/08] START Step Index 200
[05/08] END   Step Index 200 | 5.90s | STALE M5 SIGNAL
    Motivo: M5_CONFIRMATION_TOO_OLD_FOR_LIVE_ENTRY
[06/08] START Step Index 300
[06/08] END   Step Index 300 | 5.44s | NO M5 CONFIRMATION
    Motivo: NO_DIRECTIONAL_M5_CONFIRMATION
[07/08] START Step Index 400
[07/08] END   Step Index 400 | 5.91s | NO M5 CONFIRMATION
    Motivo: NO_DIRECTIONAL_M5_CONFIRMATION
    Confirmaciones: 10/13 | 76.9% | calidad=83.00 | decisión=RECHAZADA
    Faltantes: rechazo del precio, desplazamiento, cierre fuerte
    Críticas faltantes: DISPLACEMENT REQUIRED FOR LIVE ENTRY
    Rechazo técnico: desplazamiento no confirmado, rechazo del precio no confirmado, cierre fuerte no confirmado, calidad de la operación insuficiente, falta una confirmación estructural crítica, porcentaje de confirmaciones inferior al 80%
[08/08] START Step Index 500
[08/08] END   Step Index 500 | 3.81s | STALE M5 SIGNAL
    Motivo: M5_CONFIRMATION_TOO_OLD_FOR_LIVE_ENTRY
----------------------------------------------------------------------------------------
RESUMEN DEL CICLO #0001
Símbolos analizados: 8
Sin señal: 0
Esperando/otros: 8
Señales rechazadas: 0
Bloqueadas por estado/límites: 0
Validadas DRY RUN: 0
Nuevas órdenes: 0
Operaciones cerradas sincronizadas: 0
Errores: 0
Duración del ciclo: 51.13s
Intervalo objetivo: 30s
Próximo ciclo en: 0.00s
[AVISO] Ciclo excedio el intervalo por: 21.13s
----------------------------------------------------------------------------------------

========================================================================================
CICLO #0002 | 2026-09-03 15:07:52 UTC | símbolos=0
========================================================================================
----------------------------------------------------------------------------------------
RESUMEN DEL CICLO #0002
Símbolos analizados: 0
Sin señal: 0
Esperando/otros: 0
Señales rechazadas: 0
Bloqueadas por estado/límites: 0
Validadas DRY RUN: 0
Nuevas órdenes: 0
Operaciones cerradas sincronizadas: 0
Errores: 0
Duración del ciclo: 0.03s
Intervalo objetivo: 30s
Próximo ciclo en: 29.97s
----------------------------------------------------------------------------------------

========================================================================================
CICLO #0003 | 2026-09-03 15:08:22 UTC | símbolos=0
========================================================================================
----------------------------------------------------------------------------------------
RESUMEN DEL CICLO #0003
Símbolos analizados: 0
Sin señal: 0
Esperando/otros: 0
Señales rechazadas: 0
Bloqueadas por estado/límites: 0
Validadas DRY RUN: 0
Nuevas órdenes: 0
Operaciones cerradas sincronizadas: 0
Errores: 0
Duración del ciclo: 0.03s
Intervalo objetivo: 30s
Próximo ciclo en: 29.97s
----------------------------------------------------------------------------------------

========================================================================================
CICLO #0004 | 2026-09-03 15:08:52 UTC | símbolos=0
========================================================================================
----------------------------------------------------------------------------------------
RESUMEN DEL CICLO #0004
Símbolos analizados: 0
Sin señal: 0
Esperando/otros: 0
Señales rechazadas: 0
Bloqueadas por estado/límites: 0
Validadas DRY RUN: 0
Nuevas órdenes: 0
Operaciones cerradas sincronizadas: 0
Errores: 0
Duración del ciclo: 0.04s
Intervalo objetivo: 30s
Próximo ciclo en: 29.96s
----------------------------------------------------------------------------------------

========================================================================================
CICLO #0005 | 2026-09-03 15:09:22 UTC | símbolos=0
========================================================================================
----------------------------------------------------------------------------------------
RESUMEN DEL CICLO #0005
Símbolos analizados: 0
Sin señal: 0
Esperando/otros: 0
Señales rechazadas: 0
Bloqueadas por estado/límites: 0
Validadas DRY RUN: 0
Nuevas órdenes: 0
Operaciones cerradas sincronizadas: 0
Errores: 0
Duración del ciclo: 0.02s
Intervalo objetivo: 30s
Próximo ciclo en: 29.98s
----------------------------------------------------------------------------------------

========================================================================================
CICLO #0006 | 2026-09-03 15:09:52 UTC | símbolos=0
========================================================================================
----------------------------------------------------------------------------------------
RESUMEN DEL CICLO #0006
Símbolos analizados: 0
Sin señal: 0
Esperando/otros: 0
Señales rechazadas: 0
Bloqueadas por estado/límites: 0
Validadas DRY RUN: 0
Nuevas órdenes: 0
Operaciones cerradas sincronizadas: 0
Errores: 0
Duración del ciclo: 0.03s
Intervalo objetivo: 30s
Próximo ciclo en: 29.97s
----------------------------------------------------------------------------------------

========================================================================================
CICLO #0007 | 2026-09-03 15:10:22 UTC | símbolos=8
========================================================================================
[01/08] START Multi Step 2 Index
[01/08] END   Multi Step 2 Index | 0.01s | NO M15 SETUP
    Motivo: NO_DIRECTIONAL_M15_SETUP
[02/08] START Multi Step 3 Index
[02/08] END   Multi Step 3 Index | 0.69s | NO M5 CONFIRMATION
    Motivo: NO_DIRECTIONAL_M5_CONFIRMATION
[03/08] START Multi Step 4 Index
[03/08] END   Multi Step 4 Index | 0.78s | NO M5 CONFIRMATION
    Motivo: NO_DIRECTIONAL_M5_CONFIRMATION
[04/08] START Step Index
[04/08] END   Step Index | 0.01s | NO M15 SETUP
    Motivo: NO_DIRECTIONAL_M15_SETUP
[05/08] START Step Index 200
[05/08] END   Step Index 200 | 0.61s | STALE M5 SIGNAL
    Motivo: M5_CONFIRMATION_TOO_OLD_FOR_LIVE_ENTRY
[06/08] START Step Index 300
[06/08] END   Step Index 300 | 0.83s | NO M5 CONFIRMATION
    Motivo: NO_DIRECTIONAL_M5_CONFIRMATION
[07/08] START Step Index 400
[07/08] END   Step Index 400 | 0.45s | NO M5 CONFIRMATION
    Motivo: NO_DIRECTIONAL_M5_CONFIRMATION
    Confirmaciones: 10/13 | 76.9% | calidad=83.00 | decisión=RECHAZADA
    Faltantes: rechazo del precio, desplazamiento, cierre fuerte
    Críticas faltantes: DISPLACEMENT REQUIRED FOR LIVE ENTRY
    Rechazo técnico: desplazamiento no confirmado, rechazo del precio no confirmado, cierre fuerte no confirmado, calidad de la operación insuficiente, falta una confirmación estructural crítica, porcentaje de confirmaciones inferior al 80%
[08/08] START Step Index 500
[08/08] END   Step Index 500 | 0.53s | STALE M5 SIGNAL
    Motivo: M5_CONFIRMATION_TOO_OLD_FOR_LIVE_ENTRY
----------------------------------------------------------------------------------------
RESUMEN DEL CICLO #0007
Símbolos analizados: 8
Sin señal: 0
Esperando/otros: 8
Señales rechazadas: 0
Bloqueadas por estado/límites: 0
Validadas DRY RUN: 0
Nuevas órdenes: 0
Operaciones cerradas sincronizadas: 0
Errores: 0
Duración del ciclo: 3.95s
Intervalo objetivo: 30s
Próximo ciclo en: 26.05s
----------------------------------------------------------------------------------------

========================================================================================
CICLO #0008 | 2026-09-03 15:10:52 UTC | símbolos=0
========================================================================================
----------------------------------------------------------------------------------------
RESUMEN DEL CICLO #0008
Símbolos analizados: 0
Sin señal: 0
Esperando/otros: 0
Señales rechazadas: 0
Bloqueadas por estado/límites: 0
Validadas DRY RUN: 0
Nuevas órdenes: 0
Operaciones cerradas sincronizadas: 0
Errores: 0
Duración del ciclo: 0.02s
Intervalo objetivo: 30s
Próximo ciclo en: 29.98s
----------------------------------------------------------------------------------------

========================================================================================
CICLO #0009 | 2026-09-03 15:11:22 UTC | símbolos=0
========================================================================================
----------------------------------------------------------------------------------------
RESUMEN DEL CICLO #0009
Símbolos analizados: 0
Sin señal: 0
Esperando/otros: 0
Señales rechazadas: 0
Bloqueadas por estado/límites: 0
Validadas DRY RUN: 0
Nuevas órdenes: 0
Operaciones cerradas sincronizadas: 0
Errores: 0
Duración del ciclo: 0.02s
Intervalo objetivo: 30s
Próximo ciclo en: 29.98s
----------------------------------------------------------------------------------------

========================================================================================
CICLO #0010 | 2026-09-03 15:11:52 UTC | símbolos=0
========================================================================================
----------------------------------------------------------------------------------------
RESUMEN DEL CICLO #0010
Símbolos analizados: 0
Sin señal: 0
Esperando/otros: 0
Señales rechazadas: 0
Bloqueadas por estado/límites: 0
Validadas DRY RUN: 0
Nuevas órdenes: 0
Operaciones cerradas sincronizadas: 0
Errores: 0
Duración del ciclo: 0.03s
Intervalo objetivo: 30s
Próximo ciclo en: 29.97s
----------------------------------------------------------------------------------------

========================================================================================
CICLO #0011 | 2026-09-03 15:12:22 UTC | símbolos=0
========================================================================================
----------------------------------------------------------------------------------------
RESUMEN DEL CICLO #0011
Símbolos analizados: 0
Sin señal: 0
Esperando/otros: 0
Señales rechazadas: 0
Bloqueadas por estado/límites: 0
Validadas DRY RUN: 0
Nuevas órdenes: 0
Operaciones cerradas sincronizadas: 0
Errores: 0
Duración del ciclo: 0.02s
Intervalo objetivo: 30s
Próximo ciclo en: 29.98s
----------------------------------------------------------------------------------------

========================================================================================
CICLO #0012 | 2026-09-03 15:12:52 UTC | símbolos=0
========================================================================================
----------------------------------------------------------------------------------------
RESUMEN DEL CICLO #0012
Símbolos analizados: 0
Sin señal: 0
Esperando/otros: 0
Señales rechazadas: 0
Bloqueadas por estado/límites: 0
Validadas DRY RUN: 0
Nuevas órdenes: 0
Operaciones cerradas sincronizadas: 0
Errores: 0
Duración del ciclo: 0.02s
Intervalo objetivo: 30s
Próximo ciclo en: 29.98s
----------------------------------------------------------------------------------------

========================================================================================
CICLO #0013 | 2026-09-03 15:13:22 UTC | símbolos=0
========================================================================================
----------------------------------------------------------------------------------------
RESUMEN DEL CICLO #0013
Símbolos analizados: 0
Sin señal: 0
Esperando/otros: 0
Señales rechazadas: 0
Bloqueadas por estado/límites: 0
Validadas DRY RUN: 0
Nuevas órdenes: 0
Operaciones cerradas sincronizadas: 0
Errores: 0
Duración del ciclo: 0.02s
Intervalo objetivo: 30s
Próximo ciclo en: 29.98s
----------------------------------------------------------------------------------------

========================================================================================
CICLO #0014 | 2026-09-03 15:13:52 UTC | símbolos=0
========================================================================================
----------------------------------------------------------------------------------------
RESUMEN DEL CICLO #0014
Símbolos analizados: 0
Sin señal: 0
Esperando/otros: 0
Señales rechazadas: 0
Bloqueadas por estado/límites: 0
Validadas DRY RUN: 0
Nuevas órdenes: 0
Operaciones cerradas sincronizadas: 0
Errores: 0
Duración del ciclo: 0.02s
Intervalo objetivo: 30s
Próximo ciclo en: 29.98s
----------------------------------------------------------------------------------------

========================================================================================
CICLO #0015 | 2026-09-03 15:14:22 UTC | símbolos=0
========================================================================================
----------------------------------------------------------------------------------------
RESUMEN DEL CICLO #0015
Símbolos analizados: 0
Sin señal: 0
Esperando/otros: 0
Señales rechazadas: 0
Bloqueadas por estado/límites: 0
Validadas DRY RUN: 0
Nuevas órdenes: 0
Operaciones cerradas sincronizadas: 0
Errores: 0
Duración del ciclo: 0.03s
Intervalo objetivo: 30s
Próximo ciclo en: 29.97s
----------------------------------------------------------------------------------------

========================================================================================
CICLO #0016 | 2026-09-03 15:14:52 UTC | símbolos=0
========================================================================================
----------------------------------------------------------------------------------------
RESUMEN DEL CICLO #0016
Símbolos analizados: 0
Sin señal: 0
Esperando/otros: 0
Señales rechazadas: 0
Bloqueadas por estado/límites: 0
Validadas DRY RUN: 0
Nuevas órdenes: 0
Operaciones cerradas sincronizadas: 0
Errores: 0
Duración del ciclo: 0.02s
Intervalo objetivo: 30s
Próximo ciclo en: 29.98s
----------------------------------------------------------------------------------------

========================================================================================
CICLO #0017 | 2026-09-03 15:15:22 UTC | símbolos=8
========================================================================================
[01/08] START Multi Step 2 Index
[01/08] END   Multi Step 2 Index | 1.63s | NO M15 SETUP
    Motivo: NO_DIRECTIONAL_M15_SETUP
[02/08] START Multi Step 3 Index
[02/08] END   Multi Step 3 Index | 3.62s | NO M5 CONFIRMATION
    Motivo: NO_DIRECTIONAL_M5_CONFIRMATION
[03/08] START Multi Step 4 Index
[03/08] END   Multi Step 4 Index | 3.42s | NO M5 CONFIRMATION
    Motivo: NO_DIRECTIONAL_M5_CONFIRMATION
[04/08] START Step Index
[04/08] END   Step Index | 1.94s | NO M15 SETUP
    Motivo: NO_DIRECTIONAL_M15_SETUP
[05/08] START Step Index 200
[05/08] END   Step Index 200 | 2.37s | STALE M5 SIGNAL
    Motivo: M5_CONFIRMATION_TOO_OLD_FOR_LIVE_ENTRY
[06/08] START Step Index 300
[06/08] END   Step Index 300 | 2.44s | NO M5 CONFIRMATION
    Motivo: NO_DIRECTIONAL_M5_CONFIRMATION
[07/08] START Step Index 400
[07/08] END   Step Index 400 | 1.95s | NO M5 CONFIRMATION
    Motivo: NO_DIRECTIONAL_M5_CONFIRMATION
    Confirmaciones: 10/13 | 76.9% | calidad=83.00 | decisión=RECHAZADA
    Faltantes: rechazo del precio, desplazamiento, cierre fuerte
    Críticas faltantes: DISPLACEMENT REQUIRED FOR LIVE ENTRY
    Rechazo técnico: desplazamiento no confirmado, rechazo del precio no confirmado, cierre fuerte no confirmado, calidad de la operación insuficiente, falta una confirmación estructural crítica, porcentaje de confirmaciones inferior al 80%
[08/08] START Step Index 500
[08/08] END   Step Index 500 | 2.10s | STALE M5 SIGNAL
    Motivo: M5_CONFIRMATION_TOO_OLD_FOR_LIVE_ENTRY
----------------------------------------------------------------------------------------
RESUMEN DEL CICLO #0017
Símbolos analizados: 8
Sin señal: 0
Esperando/otros: 8
Señales rechazadas: 0
Bloqueadas por estado/límites: 0
Validadas DRY RUN: 0
Nuevas órdenes: 0
Operaciones cerradas sincronizadas: 0
Errores: 0
Duración del ciclo: 19.57s
Intervalo objetivo: 30s
Próximo ciclo en: 10.43s
----------------------------------------------------------------------------------------

========================================================================================
CICLO #0018 | 2026-09-03 15:15:52 UTC | símbolos=0
========================================================================================
----------------------------------------------------------------------------------------
RESUMEN DEL CICLO #0018
Símbolos analizados: 0
Sin señal: 0
Esperando/otros: 0
Señales rechazadas: 0
Bloqueadas por estado/límites: 0
Validadas DRY RUN: 0
Nuevas órdenes: 0
Operaciones cerradas sincronizadas: 0
Errores: 0
Duración del ciclo: 0.02s
Intervalo objetivo: 30s
Próximo ciclo en: 29.98s
----------------------------------------------------------------------------------------

========================================================================================
CICLO #0019 | 2026-09-03 15:16:22 UTC | símbolos=0
========================================================================================
----------------------------------------------------------------------------------------
RESUMEN DEL CICLO #0019
Símbolos analizados: 0
Sin señal: 0
Esperando/otros: 0
Señales rechazadas: 0
Bloqueadas por estado/límites: 0
Validadas DRY RUN: 0
Nuevas órdenes: 0
Operaciones cerradas sincronizadas: 0
Errores: 0
Duración del ciclo: 0.02s
Intervalo objetivo: 30s
Próximo ciclo en: 29.98s
----------------------------------------------------------------------------------------

========================================================================================
CICLO #0020 | 2026-09-03 15:16:52 UTC | símbolos=0
========================================================================================
----------------------------------------------------------------------------------------
RESUMEN DEL CICLO #0020
Símbolos analizados: 0
Sin señal: 0
Esperando/otros: 0
Señales rechazadas: 0
Bloqueadas por estado/límites: 0
Validadas DRY RUN: 0
Nuevas órdenes: 0
Operaciones cerradas sincronizadas: 0
Errores: 0
Duración del ciclo: 0.03s
Intervalo objetivo: 30s
Próximo ciclo en: 29.97s
----------------------------------------------------------------------------------------

========================================================================================
CICLO #0021 | 2026-09-03 15:17:22 UTC | símbolos=0
========================================================================================
----------------------------------------------------------------------------------------
RESUMEN DEL CICLO #0021
Símbolos analizados: 0
Sin señal: 0
Esperando/otros: 0
Señales rechazadas: 0
Bloqueadas por estado/límites: 0
Validadas DRY RUN: 0
Nuevas órdenes: 0
Operaciones cerradas sincronizadas: 0
Errores: 0
Duración del ciclo: 0.03s
Intervalo objetivo: 30s
Próximo ciclo en: 29.97s
----------------------------------------------------------------------------------------

========================================================================================
CICLO #0022 | 2026-09-03 15:17:52 UTC | símbolos=0
========================================================================================
----------------------------------------------------------------------------------------
RESUMEN DEL CICLO #0022
Símbolos analizados: 0
Sin señal: 0
Esperando/otros: 0
Señales rechazadas: 0
Bloqueadas por estado/límites: 0
Validadas DRY RUN: 0
Nuevas órdenes: 0
Operaciones cerradas sincronizadas: 0
Errores: 0
Duración del ciclo: 0.02s
Intervalo objetivo: 30s
Próximo ciclo en: 29.98s
----------------------------------------------------------------------------------------
Bot detenido por el usuario.
========================================================================
DERIV DEMO EXECUTION PREFLIGHT
========================================================================
[OK] MT5_ACCOUNT_INFO {'login': 41108926, 'server': 'Deriv-Demo', 'currency': 'USD', 'balance': 9780.68, 'equity': 9780.68, 'margin': 0.0, 'free_margin': 9780.68, 'profit': 0.0, 'leverage': 1000, 'trade_mode': 0, 'snapshot_time': datetime.datetime(2026, 9, 3, 15, 19, 10, 200843, tzinfo=datetime.timezone.utc), 'broker': 'MT5'}
[OK] MT5_TERMINAL_CONNECTED {'trade_allowed': True, 'tradeapi_disabled': False}
[OK] MT5_AUTOTRADING_ALLOWED {'trade_allowed': True, 'tradeapi_disabled': False}
[OK] DEMO_ACCOUNT {'trade_mode': 0, 'server': 'Deriv-Demo'}
[OK] FREE_MARGIN {'free_margin': 9780.68, 'required': 0.0}
[OK] DATABASE_READY {}
[OK] SYMBOL:Multi Step 2 Index {'visible': True, 'trade_mode': 4, 'volume_min': 0.1, 'volume_step': 0.01, 'point': 0.01, 'stops_level_points': 96}
[OK] SYMBOL:Multi Step 3 Index {'visible': True, 'trade_mode': 4, 'volume_min': 0.1, 'volume_step': 0.01, 'point': 0.01, 'stops_level_points': 60}
[OK] SYMBOL:Multi Step 4 Index {'visible': True, 'trade_mode': 4, 'volume_min': 0.1, 'volume_step': 0.01, 'point': 0.01, 'stops_level_points': 109}
[OK] SYMBOL:Skew Step Index 4 Down {'visible': True, 'trade_mode': 4, 'volume_min': 0.1, 'volume_step': 0.01, 'point': 0.1, 'stops_level_points': 200}
[OK] SYMBOL:Skew Step Index 4 Up {'visible': True, 'trade_mode': 4, 'volume_min': 0.1, 'volume_step': 0.01, 'point': 0.1, 'stops_level_points': 200}
[OK] SYMBOL:Skew Step Index 5 Down {'visible': True, 'trade_mode': 4, 'volume_min': 0.1, 'volume_step': 0.01, 'point': 0.1, 'stops_level_points': 200}
[OK] SYMBOL:Skew Step Index 5 Up {'visible': True, 'trade_mode': 4, 'volume_min': 0.1, 'volume_step': 0.01, 'point': 0.1, 'stops_level_points': 200}
[OK] SYMBOL:Step Index {'visible': True, 'trade_mode': 4, 'volume_min': 0.1, 'volume_step': 0.01, 'point': 0.1, 'stops_level_points': 8}
[OK] SYMBOL:Step Index 200 {'visible': True, 'trade_mode': 4, 'volume_min': 0.1, 'volume_step': 0.01, 'point': 0.1, 'stops_level_points': 11}
[OK] SYMBOL:Step Index 300 {'visible': True, 'trade_mode': 4, 'volume_min': 0.1, 'volume_step': 0.01, 'point': 0.1, 'stops_level_points': 9}
[OK] SYMBOL:Step Index 400 {'visible': True, 'trade_mode': 4, 'volume_min': 0.1, 'volume_step': 0.01, 'point': 0.1, 'stops_level_points': 12}
[OK] SYMBOL:Step Index 500 {'visible': True, 'trade_mode': 4, 'volume_min': 0.1, 'volume_step': 0.01, 'point': 0.1, 'stops_level_points': 20}
========================================================================
STATUS: READY FOR DEMO EXECUTION
DAEMONBLACKFX VERSION: v100-entry-quality-recoverable-quarantine-winrate-audit
BOT ACTIVO: STEP | MAGIC=26082104 | ESTRATEGIA=SMC/ORB | instrumentos=12 | auto_export=False
========================================================================================
BOT SMC MT5 - DERIV DEMO
========================================================================================
Cuenta: 41108926 | Servidor: Deriv-Demo
Balance: 9780.68 USD
Modo: EJECUCIÓN DEMO
Riesgo por trade: 1.00% | R:R mínimo: 1.50
Intervalo: 30s | Símbolos: 12
Reporte XLSX: C:\TradingBoot\smc_synthetic_bot\storage\exports\deriv_demo_trading_report.xlsx
Pipeline: SMC -> TradeLifecycleManager -> MT5TradeExecutor -> SQLite -> XLSX
========================================================================================
Daemon activo: señales=30s | monitor posiciones/BE=2s | símbolos=12
Progreso: se mostrará cada símbolo y su tiempo de análisis.
{'action': 'POSITION_MONITOR_STARTED', 'signal_interval_seconds': 30, 'position_monitor_interval_seconds': 2, 'monitor_mode': 'BACKGROUND_DECOUPLED'}

========================================================================================
CICLO #0001 | 2026-09-03 15:19:22 UTC | símbolos=8
========================================================================================
[01/08] START Multi Step 2 Index
[01/08] END   Multi Step 2 Index | 4.56s | NO M15 SETUP
    Motivo: NO_DIRECTIONAL_M15_SETUP
[02/08] START Multi Step 3 Index
[02/08] END   Multi Step 3 Index | 5.80s | NO M5 CONFIRMATION
    Motivo: NO_DIRECTIONAL_M5_CONFIRMATION
[03/08] START Multi Step 4 Index
[03/08] END   Multi Step 4 Index | 7.82s | NO M5 CONFIRMATION
    Motivo: NO_DIRECTIONAL_M5_CONFIRMATION
[04/08] START Step Index
[04/08] END   Step Index | 5.56s | NO M15 SETUP
    Motivo: NO_DIRECTIONAL_M15_SETUP
[05/08] START Step Index 200
[05/08] END   Step Index 200 | 7.39s | STALE M5 SIGNAL
    Motivo: M5_CONFIRMATION_TOO_OLD_FOR_LIVE_ENTRY
[06/08] START Step Index 300
[06/08] END   Step Index 300 | 5.66s | NO M5 CONFIRMATION
    Motivo: NO_DIRECTIONAL_M5_CONFIRMATION
[07/08] START Step Index 400
[07/08] END   Step Index 400 | 5.48s | NO M5 CONFIRMATION
    Motivo: NO_DIRECTIONAL_M5_CONFIRMATION
    Confirmaciones: 10/13 | 76.9% | calidad=83.00 | decisión=RECHAZADA
    Faltantes: rechazo del precio, desplazamiento, cierre fuerte
    Críticas faltantes: DISPLACEMENT REQUIRED FOR LIVE ENTRY
    Rechazo técnico: desplazamiento no confirmado, rechazo del precio no confirmado, cierre fuerte no confirmado, calidad de la operación insuficiente, falta una confirmación estructural crítica, porcentaje de confirmaciones inferior al 80%
[08/08] START Step Index 500
[08/08] END   Step Index 500 | 3.92s | STALE M5 SIGNAL
    Motivo: M5_CONFIRMATION_TOO_OLD_FOR_LIVE_ENTRY
----------------------------------------------------------------------------------------
RESUMEN DEL CICLO #0001
Símbolos analizados: 8
Sin señal: 0
Esperando/otros: 8
Señales rechazadas: 0
Bloqueadas por estado/límites: 0
Validadas DRY RUN: 0
Nuevas órdenes: 0
Operaciones cerradas sincronizadas: 0
Errores: 0
Duración del ciclo: 48.87s
Intervalo objetivo: 30s
Próximo ciclo en: 0.00s
[AVISO] Ciclo excedio el intervalo por: 18.87s
----------------------------------------------------------------------------------------

========================================================================================
CICLO #0002 | 2026-09-03 15:20:10 UTC | símbolos=8
========================================================================================
[01/08] START Multi Step 2 Index
[01/08] END   Multi Step 2 Index | 0.01s | NO M15 SETUP
    Motivo: NO_DIRECTIONAL_M15_SETUP
[02/08] START Multi Step 3 Index
[02/08] END   Multi Step 3 Index | 0.84s | NO M5 CONFIRMATION
    Motivo: NO_DIRECTIONAL_M5_CONFIRMATION
[03/08] START Multi Step 4 Index
[03/08] END   Multi Step 4 Index | 0.94s | NO M5 CONFIRMATION
    Motivo: NO_DIRECTIONAL_M5_CONFIRMATION
[04/08] START Step Index
[04/08] END   Step Index | 0.01s | NO M15 SETUP
    Motivo: NO_DIRECTIONAL_M15_SETUP
[05/08] START Step Index 200
[05/08] END   Step Index 200 | 0.79s | STALE M5 SIGNAL
    Motivo: M5_CONFIRMATION_TOO_OLD_FOR_LIVE_ENTRY
[06/08] START Step Index 300
[06/08] END   Step Index 300 | 0.01s | NO M5 CONFIRMATION
    Motivo: NO_DIRECTIONAL_M5_CONFIRMATION
[07/08] START Step Index 400
[07/08] END   Step Index 400 | 0.01s | NO M5 CONFIRMATION
    Motivo: NO_DIRECTIONAL_M5_CONFIRMATION
    Confirmaciones: 10/13 | 76.9% | calidad=83.00 | decisión=RECHAZADA
    Faltantes: rechazo del precio, desplazamiento, cierre fuerte
    Críticas faltantes: DISPLACEMENT REQUIRED FOR LIVE ENTRY
    Rechazo técnico: desplazamiento no confirmado, rechazo del precio no confirmado, cierre fuerte no confirmado, calidad de la operación insuficiente, falta una confirmación estructural crítica, porcentaje de confirmaciones inferior al 80%
[08/08] START Step Index 500
[08/08] END   Step Index 500 | 0.02s | STALE M5 SIGNAL
    Motivo: M5_CONFIRMATION_TOO_OLD_FOR_LIVE_ENTRY
----------------------------------------------------------------------------------------
RESUMEN DEL CICLO #0002
Símbolos analizados: 8
Sin señal: 0
Esperando/otros: 8
Señales rechazadas: 0
Bloqueadas por estado/límites: 0
Validadas DRY RUN: 0
Nuevas órdenes: 0
Operaciones cerradas sincronizadas: 0
Errores: 0
Duración del ciclo: 2.70s
Intervalo objetivo: 30s
Próximo ciclo en: 27.30s
----------------------------------------------------------------------------------------

========================================================================================
CICLO #0003 | 2026-09-03 15:20:40 UTC | símbolos=0
========================================================================================
----------------------------------------------------------------------------------------
RESUMEN DEL CICLO #0003
Símbolos analizados: 0
Sin señal: 0
Esperando/otros: 0
Señales rechazadas: 0
Bloqueadas por estado/límites: 0
Validadas DRY RUN: 0
Nuevas órdenes: 0
Operaciones cerradas sincronizadas: 0
Errores: 0
Duración del ciclo: 0.02s
Intervalo objetivo: 30s
Próximo ciclo en: 29.98s
----------------------------------------------------------------------------------------

========================================================================================
CICLO #0004 | 2026-09-03 15:21:10 UTC | símbolos=0
========================================================================================
----------------------------------------------------------------------------------------
RESUMEN DEL CICLO #0004
Símbolos analizados: 0
Sin señal: 0
Esperando/otros: 0
Señales rechazadas: 0
Bloqueadas por estado/límites: 0
Validadas DRY RUN: 0
Nuevas órdenes: 0
Operaciones cerradas sincronizadas: 0
Errores: 0
Duración del ciclo: 0.02s
Intervalo objetivo: 30s
Próximo ciclo en: 29.98s
----------------------------------------------------------------------------------------

========================================================================================
CICLO #0005 | 2026-09-03 15:21:40 UTC | símbolos=0
========================================================================================
----------------------------------------------------------------------------------------
RESUMEN DEL CICLO #0005
Símbolos analizados: 0
Sin señal: 0
Esperando/otros: 0
Señales rechazadas: 0
Bloqueadas por estado/límites: 0
Validadas DRY RUN: 0
Nuevas órdenes: 0
Operaciones cerradas sincronizadas: 0
Errores: 0
Duración del ciclo: 0.02s
Intervalo objetivo: 30s
Próximo ciclo en: 29.98s
----------------------------------------------------------------------------------------

========================================================================================
CICLO #0006 | 2026-09-03 15:22:10 UTC | símbolos=0
========================================================================================
----------------------------------------------------------------------------------------
RESUMEN DEL CICLO #0006
Símbolos analizados: 0
Sin señal: 0
Esperando/otros: 0
Señales rechazadas: 0
Bloqueadas por estado/límites: 0
Validadas DRY RUN: 0
Nuevas órdenes: 0
Operaciones cerradas sincronizadas: 0
Errores: 0
Duración del ciclo: 0.02s
Intervalo objetivo: 30s
Próximo ciclo en: 29.98s
----------------------------------------------------------------------------------------

========================================================================================
CICLO #0007 | 2026-09-03 15:22:40 UTC | símbolos=0
========================================================================================
----------------------------------------------------------------------------------------
RESUMEN DEL CICLO #0007
Símbolos analizados: 0
Sin señal: 0
Esperando/otros: 0
Señales rechazadas: 0
Bloqueadas por estado/límites: 0
Validadas DRY RUN: 0
Nuevas órdenes: 0
Operaciones cerradas sincronizadas: 0
Errores: 0
Duración del ciclo: 0.02s
Intervalo objetivo: 30s
Próximo ciclo en: 29.98s
----------------------------------------------------------------------------------------

========================================================================================
CICLO #0008 | 2026-09-03 15:23:10 UTC | símbolos=0
========================================================================================
----------------------------------------------------------------------------------------
RESUMEN DEL CICLO #0008
Símbolos analizados: 0
Sin señal: 0
Esperando/otros: 0
Señales rechazadas: 0
Bloqueadas por estado/límites: 0
Validadas DRY RUN: 0
Nuevas órdenes: 0
Operaciones cerradas sincronizadas: 0
Errores: 0
Duración del ciclo: 0.02s
Intervalo objetivo: 30s
Próximo ciclo en: 29.98s
----------------------------------------------------------------------------------------

========================================================================================
CICLO #0009 | 2026-09-03 15:23:40 UTC | símbolos=0
========================================================================================
----------------------------------------------------------------------------------------
RESUMEN DEL CICLO #0009
Símbolos analizados: 0
Sin señal: 0
Esperando/otros: 0
Señales rechazadas: 0
Bloqueadas por estado/límites: 0
Validadas DRY RUN: 0
Nuevas órdenes: 0
Operaciones cerradas sincronizadas: 0
Errores: 0
Duración del ciclo: 0.02s
Intervalo objetivo: 30s
Próximo ciclo en: 29.98s
----------------------------------------------------------------------------------------

========================================================================================
CICLO #0010 | 2026-09-03 15:24:11 UTC | símbolos=0
========================================================================================
----------------------------------------------------------------------------------------
RESUMEN DEL CICLO #0010
Símbolos analizados: 0
Sin señal: 0
Esperando/otros: 0
Señales rechazadas: 0
Bloqueadas por estado/límites: 0
Validadas DRY RUN: 0
Nuevas órdenes: 0
Operaciones cerradas sincronizadas: 0
Errores: 0
Duración del ciclo: 0.02s
Intervalo objetivo: 30s
Próximo ciclo en: 29.98s
----------------------------------------------------------------------------------------

========================================================================================
CICLO #0011 | 2026-09-03 15:24:41 UTC | símbolos=0
========================================================================================
----------------------------------------------------------------------------------------
RESUMEN DEL CICLO #0011
Símbolos analizados: 0
Sin señal: 0
Esperando/otros: 0
Señales rechazadas: 0
Bloqueadas por estado/límites: 0
Validadas DRY RUN: 0
Nuevas órdenes: 0
Operaciones cerradas sincronizadas: 0
Errores: 0
Duración del ciclo: 0.02s
Intervalo objetivo: 30s
Próximo ciclo en: 29.98s
----------------------------------------------------------------------------------------

========================================================================================
CICLO #0012 | 2026-09-03 15:25:11 UTC | símbolos=8
========================================================================================
[01/08] START Multi Step 2 Index
[01/08] END   Multi Step 2 Index | 0.02s | NO M15 SETUP
    Motivo: NO_DIRECTIONAL_M15_SETUP
[02/08] START Multi Step 3 Index
[02/08] END   Multi Step 3 Index | 0.68s | NO M5 CONFIRMATION
    Motivo: NO_DIRECTIONAL_M5_CONFIRMATION
[03/08] START Multi Step 4 Index
[03/08] END   Multi Step 4 Index | 0.84s | NO M5 CONFIRMATION
    Motivo: NO_DIRECTIONAL_M5_CONFIRMATION
[04/08] START Step Index
[04/08] END   Step Index | 0.01s | NO M15 SETUP
    Motivo: NO_DIRECTIONAL_M15_SETUP
[05/08] START Step Index 200
[05/08] END   Step Index 200 | 0.64s | STALE M5 SIGNAL
    Motivo: M5_CONFIRMATION_TOO_OLD_FOR_LIVE_ENTRY
[06/08] START Step Index 300
[06/08] END   Step Index 300 | 1.04s | NO M5 CONFIRMATION
    Motivo: NO_DIRECTIONAL_M5_CONFIRMATION
[07/08] START Step Index 400
[07/08] END   Step Index 400 | 0.56s | NO M5 CONFIRMATION
    Motivo: NO_DIRECTIONAL_M5_CONFIRMATION
    Confirmaciones: 10/13 | 76.9% | calidad=83.00 | decisión=RECHAZADA
    Faltantes: rechazo del precio, desplazamiento, cierre fuerte
    Críticas faltantes: DISPLACEMENT REQUIRED FOR LIVE ENTRY
    Rechazo técnico: desplazamiento no confirmado, rechazo del precio no confirmado, cierre fuerte no confirmado, calidad de la operación insuficiente, falta una confirmación estructural crítica, porcentaje de confirmaciones inferior al 80%
[08/08] START Step Index 500
[08/08] END   Step Index 500 | 0.78s | STALE M5 SIGNAL
    Motivo: M5_CONFIRMATION_TOO_OLD_FOR_LIVE_ENTRY
----------------------------------------------------------------------------------------
RESUMEN DEL CICLO #0012
Símbolos analizados: 8
Sin señal: 0
Esperando/otros: 8
Señales rechazadas: 0
Bloqueadas por estado/límites: 0
Validadas DRY RUN: 0
Nuevas órdenes: 0
Operaciones cerradas sincronizadas: 0
Errores: 0
Duración del ciclo: 4.65s
Intervalo objetivo: 30s
Próximo ciclo en: 25.35s
----------------------------------------------------------------------------------------

========================================================================================
CICLO #0013 | 2026-09-03 15:25:41 UTC | símbolos=0
========================================================================================
----------------------------------------------------------------------------------------
RESUMEN DEL CICLO #0013
Símbolos analizados: 0
Sin señal: 0
Esperando/otros: 0
Señales rechazadas: 0
Bloqueadas por estado/límites: 0
Validadas DRY RUN: 0
Nuevas órdenes: 0
Operaciones cerradas sincronizadas: 0
Errores: 0
Duración del ciclo: 0.02s
Intervalo objetivo: 30s
Próximo ciclo en: 29.98s
----------------------------------------------------------------------------------------

========================================================================================
CICLO #0014 | 2026-09-03 15:26:11 UTC | símbolos=0
========================================================================================
----------------------------------------------------------------------------------------
RESUMEN DEL CICLO #0014
Símbolos analizados: 0
Sin señal: 0
Esperando/otros: 0
Señales rechazadas: 0
Bloqueadas por estado/límites: 0
Validadas DRY RUN: 0
Nuevas órdenes: 0
Operaciones cerradas sincronizadas: 0
Errores: 0
Duración del ciclo: 0.03s
Intervalo objetivo: 30s
Próximo ciclo en: 29.97s
----------------------------------------------------------------------------------------

========================================================================================
CICLO #0015 | 2026-09-03 15:26:41 UTC | símbolos=0
========================================================================================
----------------------------------------------------------------------------------------
RESUMEN DEL CICLO #0015
Símbolos analizados: 0
Sin señal: 0
Esperando/otros: 0
Señales rechazadas: 0
Bloqueadas por estado/límites: 0
Validadas DRY RUN: 0
Nuevas órdenes: 0
Operaciones cerradas sincronizadas: 0
Errores: 0
Duración del ciclo: 0.02s
Intervalo objetivo: 30s
Próximo ciclo en: 29.98s
----------------------------------------------------------------------------------------

========================================================================================
CICLO #0016 | 2026-09-03 15:27:11 UTC | símbolos=0
========================================================================================
----------------------------------------------------------------------------------------
RESUMEN DEL CICLO #0016
Símbolos analizados: 0
Sin señal: 0
Esperando/otros: 0
Señales rechazadas: 0
Bloqueadas por estado/límites: 0
Validadas DRY RUN: 0
Nuevas órdenes: 0
Operaciones cerradas sincronizadas: 0
Errores: 0
Duración del ciclo: 0.02s
Intervalo objetivo: 30s
Próximo ciclo en: 29.98s
----------------------------------------------------------------------------------------

========================================================================================
CICLO #0017 | 2026-09-03 15:27:41 UTC | símbolos=0
========================================================================================
----------------------------------------------------------------------------------------
RESUMEN DEL CICLO #0017
Símbolos analizados: 0
Sin señal: 0
Esperando/otros: 0
Señales rechazadas: 0
Bloqueadas por estado/límites: 0
Validadas DRY RUN: 0
Nuevas órdenes: 0
Operaciones cerradas sincronizadas: 0
Errores: 0
Duración del ciclo: 0.03s
Intervalo objetivo: 30s
Próximo ciclo en: 29.97s
----------------------------------------------------------------------------------------

========================================================================================
CICLO #0018 | 2026-09-03 15:28:11 UTC | símbolos=0
========================================================================================
----------------------------------------------------------------------------------------
RESUMEN DEL CICLO #0018
Símbolos analizados: 0
Sin señal: 0
Esperando/otros: 0
Señales rechazadas: 0
Bloqueadas por estado/límites: 0
Validadas DRY RUN: 0
Nuevas órdenes: 0
Operaciones cerradas sincronizadas: 0
Errores: 0
Duración del ciclo: 0.02s
Intervalo objetivo: 30s
Próximo ciclo en: 29.98s
----------------------------------------------------------------------------------------

========================================================================================
CICLO #0019 | 2026-09-03 15:28:41 UTC | símbolos=0
========================================================================================
----------------------------------------------------------------------------------------
RESUMEN DEL CICLO #0019
Símbolos analizados: 0
Sin señal: 0
Esperando/otros: 0
Señales rechazadas: 0
Bloqueadas por estado/límites: 0
Validadas DRY RUN: 0
Nuevas órdenes: 0
Operaciones cerradas sincronizadas: 0
Errores: 0
Duración del ciclo: 0.04s
Intervalo objetivo: 30s
Próximo ciclo en: 29.96s
----------------------------------------------------------------------------------------

========================================================================================
CICLO #0020 | 2026-09-03 15:29:11 UTC | símbolos=0
========================================================================================
----------------------------------------------------------------------------------------
RESUMEN DEL CICLO #0020
Símbolos analizados: 0
Sin señal: 0
Esperando/otros: 0
Señales rechazadas: 0
Bloqueadas por estado/límites: 0
Validadas DRY RUN: 0
Nuevas órdenes: 0
Operaciones cerradas sincronizadas: 0
Errores: 0
Duración del ciclo: 0.03s
Intervalo objetivo: 30s
Próximo ciclo en: 29.97s
----------------------------------------------------------------------------------------
Bot detenido por el usuario.
========================================================================
DERIV DEMO EXECUTION PREFLIGHT
========================================================================
[OK] MT5_ACCOUNT_INFO {'login': 41108926, 'server': 'Deriv-Demo', 'currency': 'USD', 'balance': 10000.0, 'equity': 10000.0, 'margin': 0.0, 'free_margin': 10000.0, 'profit': 0.0, 'leverage': 1000, 'trade_mode': 0, 'snapshot_time': datetime.datetime(2026, 9, 3, 15, 31, 16, 92627, tzinfo=datetime.timezone.utc), 'broker': 'MT5'}
[OK] MT5_TERMINAL_CONNECTED {'trade_allowed': True, 'tradeapi_disabled': False}
[OK] MT5_AUTOTRADING_ALLOWED {'trade_allowed': True, 'tradeapi_disabled': False}
[OK] DEMO_ACCOUNT {'trade_mode': 0, 'server': 'Deriv-Demo'}
[OK] FREE_MARGIN {'free_margin': 10000.0, 'required': 0.0}
[OK] DATABASE_READY {}
[OK] SYMBOL:Multi Step 2 Index {'visible': True, 'trade_mode': 4, 'volume_min': 0.1, 'volume_step': 0.01, 'point': 0.01, 'stops_level_points': 96}
[OK] SYMBOL:Multi Step 3 Index {'visible': True, 'trade_mode': 4, 'volume_min': 0.1, 'volume_step': 0.01, 'point': 0.01, 'stops_level_points': 60}
[OK] SYMBOL:Multi Step 4 Index {'visible': True, 'trade_mode': 4, 'volume_min': 0.1, 'volume_step': 0.01, 'point': 0.01, 'stops_level_points': 109}
[OK] SYMBOL:Skew Step Index 4 Down {'visible': True, 'trade_mode': 4, 'volume_min': 0.1, 'volume_step': 0.01, 'point': 0.1, 'stops_level_points': 200}
[OK] SYMBOL:Skew Step Index 4 Up {'visible': True, 'trade_mode': 4, 'volume_min': 0.1, 'volume_step': 0.01, 'point': 0.1, 'stops_level_points': 200}
[OK] SYMBOL:Skew Step Index 5 Down {'visible': True, 'trade_mode': 4, 'volume_min': 0.1, 'volume_step': 0.01, 'point': 0.1, 'stops_level_points': 200}
[OK] SYMBOL:Skew Step Index 5 Up {'visible': True, 'trade_mode': 4, 'volume_min': 0.1, 'volume_step': 0.01, 'point': 0.1, 'stops_level_points': 200}
[OK] SYMBOL:Step Index {'visible': True, 'trade_mode': 4, 'volume_min': 0.1, 'volume_step': 0.01, 'point': 0.1, 'stops_level_points': 8}
[OK] SYMBOL:Step Index 200 {'visible': True, 'trade_mode': 4, 'volume_min': 0.1, 'volume_step': 0.01, 'point': 0.1, 'stops_level_points': 11}
[OK] SYMBOL:Step Index 300 {'visible': True, 'trade_mode': 4, 'volume_min': 0.1, 'volume_step': 0.01, 'point': 0.1, 'stops_level_points': 9}
[OK] SYMBOL:Step Index 400 {'visible': True, 'trade_mode': 4, 'volume_min': 0.1, 'volume_step': 0.01, 'point': 0.1, 'stops_level_points': 12}
[OK] SYMBOL:Step Index 500 {'visible': True, 'trade_mode': 4, 'volume_min': 0.1, 'volume_step': 0.01, 'point': 0.1, 'stops_level_points': 20}
========================================================================
STATUS: READY FOR DEMO EXECUTION
DAEMONBLACKFX VERSION: v100-entry-quality-recoverable-quarantine-winrate-audit
BOT ACTIVO: STEP | MAGIC=26082104 | ESTRATEGIA=SMC/ORB | instrumentos=12 | auto_export=False
========================================================================================
BOT SMC MT5 - DERIV DEMO
========================================================================================
Cuenta: 41108926 | Servidor: Deriv-Demo
Balance: 10000.00 USD
Modo: EJECUCIÓN DEMO
Riesgo por trade: 1.00% | R:R mínimo: 1.50
Intervalo: 30s | Símbolos: 12
Reporte XLSX: C:\TradingBoot\smc_synthetic_bot\storage\exports\deriv_demo_trading_report.xlsx
Pipeline: SMC -> TradeLifecycleManager -> MT5TradeExecutor -> SQLite -> XLSX
========================================================================================
Daemon activo: señales=30s | monitor posiciones/BE=2s | símbolos=12
Progreso: se mostrará cada símbolo y su tiempo de análisis.
{'action': 'POSITION_MONITOR_STARTED', 'signal_interval_seconds': 30, 'position_monitor_interval_seconds': 2, 'monitor_mode': 'BACKGROUND_DECOUPLED'}

========================================================================================
CICLO #0001 | 2026-09-03 15:31:28 UTC | símbolos=8
========================================================================================
[01/08] START Multi Step 2 Index
[01/08] END   Multi Step 2 Index | 4.90s | NO M15 SETUP
    Motivo: NO_DIRECTIONAL_M15_SETUP
[02/08] START Multi Step 3 Index
[02/08] END   Multi Step 3 Index | 5.94s | NO M5 CONFIRMATION
    Motivo: NO_DIRECTIONAL_M5_CONFIRMATION
[03/08] START Multi Step 4 Index
[03/08] END   Multi Step 4 Index | 8.09s | NO M5 CONFIRMATION
    Motivo: NO_DIRECTIONAL_M5_CONFIRMATION
[04/08] START Step Index
[04/08] END   Step Index | 5.24s | NO M15 SETUP
    Motivo: NO_DIRECTIONAL_M15_SETUP
[05/08] START Step Index 200
[05/08] END   Step Index 200 | 6.36s | STALE M5 SIGNAL
    Motivo: M5_CONFIRMATION_TOO_OLD_FOR_LIVE_ENTRY
[06/08] START Step Index 300
[06/08] END   Step Index 300 | 5.49s | NO M5 CONFIRMATION
    Motivo: NO_DIRECTIONAL_M5_CONFIRMATION
[07/08] START Step Index 400
[07/08] END   Step Index 400 | 5.38s | NO M5 CONFIRMATION
    Motivo: NO_DIRECTIONAL_M5_CONFIRMATION
    Confirmaciones: 10/13 | 76.9% | calidad=83.00 | decisión=RECHAZADA
    Faltantes: rechazo del precio, desplazamiento, cierre fuerte
    Críticas faltantes: DISPLACEMENT REQUIRED FOR LIVE ENTRY
    Rechazo técnico: desplazamiento no confirmado, rechazo del precio no confirmado, cierre fuerte no confirmado, calidad de la operación insuficiente, falta una confirmación estructural crítica, porcentaje de confirmaciones inferior al 80%
[08/08] START Step Index 500
[08/08] END   Step Index 500 | 4.35s | STALE M5 SIGNAL
    Motivo: M5_CONFIRMATION_TOO_OLD_FOR_LIVE_ENTRY
----------------------------------------------------------------------------------------
RESUMEN DEL CICLO #0001
Símbolos analizados: 8
Sin señal: 0
Esperando/otros: 8
Señales rechazadas: 0
Bloqueadas por estado/límites: 0
Validadas DRY RUN: 0
Nuevas órdenes: 0
Operaciones cerradas sincronizadas: 0
Errores: 0
Duración del ciclo: 48.45s
Intervalo objetivo: 30s
Próximo ciclo en: 0.00s
[AVISO] Ciclo excedio el intervalo por: 18.45s
----------------------------------------------------------------------------------------

========================================================================================
CICLO #0002 | 2026-09-03 15:32:17 UTC | símbolos=0
========================================================================================
----------------------------------------------------------------------------------------
RESUMEN DEL CICLO #0002
Símbolos analizados: 0
Sin señal: 0
Esperando/otros: 0
Señales rechazadas: 0
Bloqueadas por estado/límites: 0
Validadas DRY RUN: 0
Nuevas órdenes: 0
Operaciones cerradas sincronizadas: 0
Errores: 0
Duración del ciclo: 0.04s
Intervalo objetivo: 30s
Próximo ciclo en: 29.96s
----------------------------------------------------------------------------------------

========================================================================================
CICLO #0003 | 2026-09-03 15:32:47 UTC | símbolos=0
========================================================================================
----------------------------------------------------------------------------------------
RESUMEN DEL CICLO #0003
Símbolos analizados: 0
Sin señal: 0
Esperando/otros: 0
Señales rechazadas: 0
Bloqueadas por estado/límites: 0
Validadas DRY RUN: 0
Nuevas órdenes: 0
Operaciones cerradas sincronizadas: 0
Errores: 0
Duración del ciclo: 0.03s
Intervalo objetivo: 30s
Próximo ciclo en: 29.97s
----------------------------------------------------------------------------------------

========================================================================================
CICLO #0004 | 2026-09-03 15:33:17 UTC | símbolos=0
========================================================================================
----------------------------------------------------------------------------------------
RESUMEN DEL CICLO #0004
Símbolos analizados: 0
Sin señal: 0
Esperando/otros: 0
Señales rechazadas: 0
Bloqueadas por estado/límites: 0
Validadas DRY RUN: 0
Nuevas órdenes: 0
Operaciones cerradas sincronizadas: 0
Errores: 0
Duración del ciclo: 0.03s
Intervalo objetivo: 30s
Próximo ciclo en: 29.97s
----------------------------------------------------------------------------------------

========================================================================================
CICLO #0005 | 2026-09-03 15:33:47 UTC | símbolos=0
========================================================================================
----------------------------------------------------------------------------------------
RESUMEN DEL CICLO #0005
Símbolos analizados: 0
Sin señal: 0
Esperando/otros: 0
Señales rechazadas: 0
Bloqueadas por estado/límites: 0
Validadas DRY RUN: 0
Nuevas órdenes: 0
Operaciones cerradas sincronizadas: 0
Errores: 0
Duración del ciclo: 0.03s
Intervalo objetivo: 30s
Próximo ciclo en: 29.97s
----------------------------------------------------------------------------------------

========================================================================================
CICLO #0006 | 2026-09-03 15:34:17 UTC | símbolos=0
========================================================================================
----------------------------------------------------------------------------------------
RESUMEN DEL CICLO #0006
Símbolos analizados: 0
Sin señal: 0
Esperando/otros: 0
Señales rechazadas: 0
Bloqueadas por estado/límites: 0
Validadas DRY RUN: 0
Nuevas órdenes: 0
Operaciones cerradas sincronizadas: 0
Errores: 0
Duración del ciclo: 0.02s
Intervalo objetivo: 30s
Próximo ciclo en: 29.98s
----------------------------------------------------------------------------------------

========================================================================================
CICLO #0007 | 2026-09-03 15:34:47 UTC | símbolos=0
========================================================================================
----------------------------------------------------------------------------------------
RESUMEN DEL CICLO #0007
Símbolos analizados: 0
Sin señal: 0
Esperando/otros: 0
Señales rechazadas: 0
Bloqueadas por estado/límites: 0
Validadas DRY RUN: 0
Nuevas órdenes: 0
Operaciones cerradas sincronizadas: 0
Errores: 0
Duración del ciclo: 0.02s
Intervalo objetivo: 30s
Próximo ciclo en: 29.98s
----------------------------------------------------------------------------------------

========================================================================================
CICLO #0008 | 2026-09-03 15:35:17 UTC | símbolos=8
========================================================================================
[01/08] START Multi Step 2 Index
[01/08] END   Multi Step 2 Index | 0.02s | NO M15 SETUP
    Motivo: NO_DIRECTIONAL_M15_SETUP
[02/08] START Multi Step 3 Index
[02/08] END   Multi Step 3 Index | 0.75s | NO M5 CONFIRMATION
    Motivo: NO_DIRECTIONAL_M5_CONFIRMATION
[03/08] START Multi Step 4 Index
[03/08] END   Multi Step 4 Index | 0.83s | NO M5 CONFIRMATION
    Motivo: NO_DIRECTIONAL_M5_CONFIRMATION
[04/08] START Step Index
[04/08] END   Step Index | 0.01s | NO M15 SETUP
    Motivo: NO_DIRECTIONAL_M15_SETUP
[05/08] START Step Index 200
[05/08] END   Step Index 200 | 0.61s | STALE M5 SIGNAL
    Motivo: M5_CONFIRMATION_TOO_OLD_FOR_LIVE_ENTRY
[06/08] START Step Index 300
[06/08] END   Step Index 300 | 1.02s | NO M5 CONFIRMATION
    Motivo: NO_DIRECTIONAL_M5_CONFIRMATION
[07/08] START Step Index 400
[07/08] END   Step Index 400 | 0.60s | NO M5 CONFIRMATION
    Motivo: NO_DIRECTIONAL_M5_CONFIRMATION
    Confirmaciones: 10/13 | 76.9% | calidad=83.00 | decisión=RECHAZADA
    Faltantes: rechazo del precio, desplazamiento, cierre fuerte
    Críticas faltantes: DISPLACEMENT REQUIRED FOR LIVE ENTRY
    Rechazo técnico: desplazamiento no confirmado, rechazo del precio no confirmado, cierre fuerte no confirmado, calidad de la operación insuficiente, falta una confirmación estructural crítica, porcentaje de confirmaciones inferior al 80%
[08/08] START Step Index 500
[08/08] END   Step Index 500 | 0.75s | STALE M5 SIGNAL
    Motivo: M5_CONFIRMATION_TOO_OLD_FOR_LIVE_ENTRY
----------------------------------------------------------------------------------------
RESUMEN DEL CICLO #0008
Símbolos analizados: 8
Sin señal: 0
Esperando/otros: 8
Señales rechazadas: 0
Bloqueadas por estado/límites: 0
Validadas DRY RUN: 0
Nuevas órdenes: 0
Operaciones cerradas sincronizadas: 0
Errores: 0
Duración del ciclo: 4.64s
Intervalo objetivo: 30s
Próximo ciclo en: 25.36s
----------------------------------------------------------------------------------------

========================================================================================
CICLO #0009 | 2026-09-03 15:35:47 UTC | símbolos=0
========================================================================================
----------------------------------------------------------------------------------------
RESUMEN DEL CICLO #0009
Símbolos analizados: 0
Sin señal: 0
Esperando/otros: 0
Señales rechazadas: 0
Bloqueadas por estado/límites: 0
Validadas DRY RUN: 0
Nuevas órdenes: 0
Operaciones cerradas sincronizadas: 0
Errores: 0
Duración del ciclo: 0.03s
Intervalo objetivo: 30s
Próximo ciclo en: 29.97s
----------------------------------------------------------------------------------------

========================================================================================
CICLO #0010 | 2026-09-03 15:36:17 UTC | símbolos=0
========================================================================================
----------------------------------------------------------------------------------------
RESUMEN DEL CICLO #0010
Símbolos analizados: 0
Sin señal: 0
Esperando/otros: 0
Señales rechazadas: 0
Bloqueadas por estado/límites: 0
Validadas DRY RUN: 0
Nuevas órdenes: 0
Operaciones cerradas sincronizadas: 0
Errores: 0
Duración del ciclo: 0.03s
Intervalo objetivo: 30s
Próximo ciclo en: 29.97s
----------------------------------------------------------------------------------------

========================================================================================
CICLO #0011 | 2026-09-03 15:36:47 UTC | símbolos=0
========================================================================================
----------------------------------------------------------------------------------------
RESUMEN DEL CICLO #0011
Símbolos analizados: 0
Sin señal: 0
Esperando/otros: 0
Señales rechazadas: 0
Bloqueadas por estado/límites: 0
Validadas DRY RUN: 0
Nuevas órdenes: 0
Operaciones cerradas sincronizadas: 0
Errores: 0
Duración del ciclo: 0.02s
Intervalo objetivo: 30s
Próximo ciclo en: 29.98s
----------------------------------------------------------------------------------------

========================================================================================
CICLO #0012 | 2026-09-03 15:37:17 UTC | símbolos=0
========================================================================================
----------------------------------------------------------------------------------------
RESUMEN DEL CICLO #0012
Símbolos analizados: 0
Sin señal: 0
Esperando/otros: 0
Señales rechazadas: 0
Bloqueadas por estado/límites: 0
Validadas DRY RUN: 0
Nuevas órdenes: 0
Operaciones cerradas sincronizadas: 0
Errores: 0
Duración del ciclo: 0.03s
Intervalo objetivo: 30s
Próximo ciclo en: 29.97s
----------------------------------------------------------------------------------------

========================================================================================
CICLO #0013 | 2026-09-03 15:37:47 UTC | símbolos=0
========================================================================================
----------------------------------------------------------------------------------------
RESUMEN DEL CICLO #0013
Símbolos analizados: 0
Sin señal: 0
Esperando/otros: 0
Señales rechazadas: 0
Bloqueadas por estado/límites: 0
Validadas DRY RUN: 0
Nuevas órdenes: 0
Operaciones cerradas sincronizadas: 0
Errores: 0
Duración del ciclo: 0.02s
Intervalo objetivo: 30s
Próximo ciclo en: 29.98s
----------------------------------------------------------------------------------------

========================================================================================
CICLO #0014 | 2026-09-03 15:38:17 UTC | símbolos=0
========================================================================================
----------------------------------------------------------------------------------------
RESUMEN DEL CICLO #0014
Símbolos analizados: 0
Sin señal: 0
Esperando/otros: 0
Señales rechazadas: 0
Bloqueadas por estado/límites: 0
Validadas DRY RUN: 0
Nuevas órdenes: 0
Operaciones cerradas sincronizadas: 0
Errores: 0
Duración del ciclo: 0.02s
Intervalo objetivo: 30s
Próximo ciclo en: 29.98s
----------------------------------------------------------------------------------------

========================================================================================
CICLO #0015 | 2026-09-03 15:38:47 UTC | símbolos=0
========================================================================================
----------------------------------------------------------------------------------------
RESUMEN DEL CICLO #0015
Símbolos analizados: 0
Sin señal: 0
Esperando/otros: 0
Señales rechazadas: 0
Bloqueadas por estado/límites: 0
Validadas DRY RUN: 0
Nuevas órdenes: 0
Operaciones cerradas sincronizadas: 0
Errores: 0
Duración del ciclo: 0.03s
Intervalo objetivo: 30s
Próximo ciclo en: 29.97s
----------------------------------------------------------------------------------------

========================================================================================
CICLO #0016 | 2026-09-03 15:39:17 UTC | símbolos=0
========================================================================================
----------------------------------------------------------------------------------------
RESUMEN DEL CICLO #0016
Símbolos analizados: 0
Sin señal: 0
Esperando/otros: 0
Señales rechazadas: 0
Bloqueadas por estado/límites: 0
Validadas DRY RUN: 0
Nuevas órdenes: 0
Operaciones cerradas sincronizadas: 0
Errores: 0
Duración del ciclo: 0.03s
Intervalo objetivo: 30s
Próximo ciclo en: 29.97s
----------------------------------------------------------------------------------------

========================================================================================
CICLO #0017 | 2026-09-03 15:39:47 UTC | símbolos=0
========================================================================================
----------------------------------------------------------------------------------------
RESUMEN DEL CICLO #0017
Símbolos analizados: 0
Sin señal: 0
Esperando/otros: 0
Señales rechazadas: 0
Bloqueadas por estado/límites: 0
Validadas DRY RUN: 0
Nuevas órdenes: 0
Operaciones cerradas sincronizadas: 0
Errores: 0
Duración del ciclo: 0.02s
Intervalo objetivo: 30s
Próximo ciclo en: 29.98s
----------------------------------------------------------------------------------------

========================================================================================
CICLO #0018 | 2026-09-03 15:40:17 UTC | símbolos=8
========================================================================================
[01/08] START Multi Step 2 Index
[01/08] END   Multi Step 2 Index | 0.01s | NO M15 SETUP
    Motivo: NO_DIRECTIONAL_M15_SETUP
[02/08] START Multi Step 3 Index
[02/08] END   Multi Step 3 Index | 0.72s | NO M5 CONFIRMATION
    Motivo: NO_DIRECTIONAL_M5_CONFIRMATION
[03/08] START Multi Step 4 Index
[03/08] END   Multi Step 4 Index | 0.91s | NO M5 CONFIRMATION
    Motivo: NO_DIRECTIONAL_M5_CONFIRMATION
[04/08] START Step Index
[04/08] END   Step Index | 0.01s | NO M15 SETUP
    Motivo: NO_DIRECTIONAL_M15_SETUP
[05/08] START Step Index 200
[05/08] END   Step Index 200 | 0.75s | STALE M5 SIGNAL
    Motivo: M5_CONFIRMATION_TOO_OLD_FOR_LIVE_ENTRY
[06/08] START Step Index 300
[06/08] END   Step Index 300 | 1.14s | NO M5 CONFIRMATION
    Motivo: NO_DIRECTIONAL_M5_CONFIRMATION
[07/08] START Step Index 400
[07/08] END   Step Index 400 | 0.64s | NO M5 CONFIRMATION
    Motivo: NO_DIRECTIONAL_M5_CONFIRMATION
    Confirmaciones: 10/13 | 76.9% | calidad=83.00 | decisión=RECHAZADA
    Faltantes: rechazo del precio, desplazamiento, cierre fuerte
    Críticas faltantes: DISPLACEMENT REQUIRED FOR LIVE ENTRY
    Rechazo técnico: desplazamiento no confirmado, rechazo del precio no confirmado, cierre fuerte no confirmado, calidad de la operación insuficiente, falta una confirmación estructural crítica, porcentaje de confirmaciones inferior al 80%
[08/08] START Step Index 500
[08/08] END   Step Index 500 | 0.73s | STALE M5 SIGNAL
    Motivo: M5_CONFIRMATION_TOO_OLD_FOR_LIVE_ENTRY
----------------------------------------------------------------------------------------
RESUMEN DEL CICLO #0018
Símbolos analizados: 8
Sin señal: 0
Esperando/otros: 8
Señales rechazadas: 0
Bloqueadas por estado/límites: 0
Validadas DRY RUN: 0
Nuevas órdenes: 0
Operaciones cerradas sincronizadas: 0
Errores: 0
Duración del ciclo: 4.97s
Intervalo objetivo: 30s
Próximo ciclo en: 25.03s
----------------------------------------------------------------------------------------

========================================================================================
CICLO #0019 | 2026-09-03 15:40:47 UTC | símbolos=0
========================================================================================
----------------------------------------------------------------------------------------
RESUMEN DEL CICLO #0019
Símbolos analizados: 0
Sin señal: 0
Esperando/otros: 0
Señales rechazadas: 0
Bloqueadas por estado/límites: 0
Validadas DRY RUN: 0
Nuevas órdenes: 0
Operaciones cerradas sincronizadas: 0
Errores: 0
Duración del ciclo: 0.02s
Intervalo objetivo: 30s
Próximo ciclo en: 29.98s
----------------------------------------------------------------------------------------

========================================================================================
CICLO #0020 | 2026-09-03 15:41:17 UTC | símbolos=0
========================================================================================
----------------------------------------------------------------------------------------
RESUMEN DEL CICLO #0020
Símbolos analizados: 0
Sin señal: 0
Esperando/otros: 0
Señales rechazadas: 0
Bloqueadas por estado/límites: 0
Validadas DRY RUN: 0
Nuevas órdenes: 0
Operaciones cerradas sincronizadas: 0
Errores: 0
Duración del ciclo: 0.02s
Intervalo objetivo: 30s
Próximo ciclo en: 29.98s
----------------------------------------------------------------------------------------

========================================================================================
CICLO #0021 | 2026-09-03 15:41:47 UTC | símbolos=0
========================================================================================
----------------------------------------------------------------------------------------
RESUMEN DEL CICLO #0021
Símbolos analizados: 0
Sin señal: 0
Esperando/otros: 0
Señales rechazadas: 0
Bloqueadas por estado/límites: 0
Validadas DRY RUN: 0
Nuevas órdenes: 0
Operaciones cerradas sincronizadas: 0
Errores: 0
Duración del ciclo: 0.03s
Intervalo objetivo: 30s
Próximo ciclo en: 29.97s
----------------------------------------------------------------------------------------

========================================================================================
CICLO #0022 | 2026-09-03 15:42:17 UTC | símbolos=0
========================================================================================
----------------------------------------------------------------------------------------
RESUMEN DEL CICLO #0022
Símbolos analizados: 0
Sin señal: 0
Esperando/otros: 0
Señales rechazadas: 0
Bloqueadas por estado/límites: 0
Validadas DRY RUN: 0
Nuevas órdenes: 0
Operaciones cerradas sincronizadas: 0
Errores: 0
Duración del ciclo: 0.03s
Intervalo objetivo: 30s
Próximo ciclo en: 29.97s
----------------------------------------------------------------------------------------

========================================================================================
CICLO #0023 | 2026-09-03 15:42:47 UTC | símbolos=0
========================================================================================
----------------------------------------------------------------------------------------
RESUMEN DEL CICLO #0023
Símbolos analizados: 0
Sin señal: 0
Esperando/otros: 0
Señales rechazadas: 0
Bloqueadas por estado/límites: 0
Validadas DRY RUN: 0
Nuevas órdenes: 0
Operaciones cerradas sincronizadas: 0
Errores: 0
Duración del ciclo: 0.02s
Intervalo objetivo: 30s
Próximo ciclo en: 29.98s
----------------------------------------------------------------------------------------

========================================================================================
CICLO #0024 | 2026-09-03 15:43:17 UTC | símbolos=0
========================================================================================
----------------------------------------------------------------------------------------
RESUMEN DEL CICLO #0024
Símbolos analizados: 0
Sin señal: 0
Esperando/otros: 0
Señales rechazadas: 0
Bloqueadas por estado/límites: 0
Validadas DRY RUN: 0
Nuevas órdenes: 0
Operaciones cerradas sincronizadas: 0
Errores: 0
Duración del ciclo: 0.03s
Intervalo objetivo: 30s
Próximo ciclo en: 29.97s
----------------------------------------------------------------------------------------

========================================================================================
CICLO #0025 | 2026-09-03 15:43:47 UTC | símbolos=0
========================================================================================
----------------------------------------------------------------------------------------
RESUMEN DEL CICLO #0025
Símbolos analizados: 0
Sin señal: 0
Esperando/otros: 0
Señales rechazadas: 0
Bloqueadas por estado/límites: 0
Validadas DRY RUN: 0
Nuevas órdenes: 0
Operaciones cerradas sincronizadas: 0
Errores: 0
Duración del ciclo: 0.02s
Intervalo objetivo: 30s
Próximo ciclo en: 29.98s
----------------------------------------------------------------------------------------

========================================================================================
CICLO #0026 | 2026-09-03 15:44:17 UTC | símbolos=0
========================================================================================
----------------------------------------------------------------------------------------
RESUMEN DEL CICLO #0026
Símbolos analizados: 0
Sin señal: 0
Esperando/otros: 0
Señales rechazadas: 0
Bloqueadas por estado/límites: 0
Validadas DRY RUN: 0
Nuevas órdenes: 0
Operaciones cerradas sincronizadas: 0
Errores: 0
Duración del ciclo: 0.02s
Intervalo objetivo: 30s
Próximo ciclo en: 29.98s
----------------------------------------------------------------------------------------

========================================================================================
CICLO #0027 | 2026-09-03 15:44:47 UTC | símbolos=0
========================================================================================
----------------------------------------------------------------------------------------
RESUMEN DEL CICLO #0027
Símbolos analizados: 0
Sin señal: 0
Esperando/otros: 0
Señales rechazadas: 0
Bloqueadas por estado/límites: 0
Validadas DRY RUN: 0
Nuevas órdenes: 0
Operaciones cerradas sincronizadas: 0
Errores: 0
Duración del ciclo: 0.02s
Intervalo objetivo: 30s
Próximo ciclo en: 29.98s
----------------------------------------------------------------------------------------

========================================================================================
CICLO #0028 | 2026-09-03 15:45:17 UTC | símbolos=8
========================================================================================
[01/08] START Multi Step 2 Index
[01/08] END   Multi Step 2 Index | 1.71s | NO M15 SETUP
    Motivo: NO_DIRECTIONAL_M15_SETUP
[02/08] START Multi Step 3 Index
[02/08] END   Multi Step 3 Index | 4.26s | NO M5 CONFIRMATION
    Motivo: NO_DIRECTIONAL_M5_CONFIRMATION
[03/08] START Multi Step 4 Index
[03/08] END   Multi Step 4 Index | 3.60s | NO M5 CONFIRMATION
    Motivo: NO_DIRECTIONAL_M5_CONFIRMATION
[04/08] START Step Index
[04/08] END   Step Index | 2.10s | NO M15 SETUP
    Motivo: NO_DIRECTIONAL_M15_SETUP
[05/08] START Step Index 200
[05/08] END   Step Index 200 | 2.69s | STALE M5 SIGNAL
    Motivo: M5_CONFIRMATION_TOO_OLD_FOR_LIVE_ENTRY
[06/08] START Step Index 300
[06/08] END   Step Index 300 | 3.02s | NO M5 CONFIRMATION
    Motivo: NO_DIRECTIONAL_M5_CONFIRMATION
[07/08] START Step Index 400
[07/08] END   Step Index 400 | 2.29s | NO M5 CONFIRMATION
    Motivo: NO_DIRECTIONAL_M5_CONFIRMATION
    Confirmaciones: 10/13 | 76.9% | calidad=83.00 | decisión=RECHAZADA
    Faltantes: rechazo del precio, desplazamiento, cierre fuerte
    Críticas faltantes: DISPLACEMENT REQUIRED FOR LIVE ENTRY
    Rechazo técnico: desplazamiento no confirmado, rechazo del precio no confirmado, cierre fuerte no confirmado, calidad de la operación insuficiente, falta una confirmación estructural crítica, porcentaje de confirmaciones inferior al 80%
[08/08] START Step Index 500
[08/08] END   Step Index 500 | 2.41s | STALE M5 SIGNAL
    Motivo: M5_CONFIRMATION_TOO_OLD_FOR_LIVE_ENTRY
----------------------------------------------------------------------------------------
RESUMEN DEL CICLO #0028
Símbolos analizados: 8
Sin señal: 0
Esperando/otros: 8
Señales rechazadas: 0
Bloqueadas por estado/límites: 0
Validadas DRY RUN: 0
Nuevas órdenes: 0
Operaciones cerradas sincronizadas: 0
Errores: 0
Duración del ciclo: 22.19s
Intervalo objetivo: 30s
Próximo ciclo en: 7.81s
----------------------------------------------------------------------------------------

========================================================================================
CICLO #0029 | 2026-09-03 15:45:47 UTC | símbolos=0
========================================================================================
----------------------------------------------------------------------------------------
RESUMEN DEL CICLO #0029
Símbolos analizados: 0
Sin señal: 0
Esperando/otros: 0
Señales rechazadas: 0
Bloqueadas por estado/límites: 0
Validadas DRY RUN: 0
Nuevas órdenes: 0
Operaciones cerradas sincronizadas: 0
Errores: 0
Duración del ciclo: 0.02s
Intervalo objetivo: 30s
Próximo ciclo en: 29.98s
----------------------------------------------------------------------------------------

========================================================================================
CICLO #0030 | 2026-09-03 15:46:17 UTC | símbolos=0
========================================================================================
----------------------------------------------------------------------------------------
RESUMEN DEL CICLO #0030
Símbolos analizados: 0
Sin señal: 0
Esperando/otros: 0
Señales rechazadas: 0
Bloqueadas por estado/límites: 0
Validadas DRY RUN: 0
Nuevas órdenes: 0
Operaciones cerradas sincronizadas: 0
Errores: 0
Duración del ciclo: 0.02s
Intervalo objetivo: 30s
Próximo ciclo en: 29.98s
----------------------------------------------------------------------------------------

========================================================================================
CICLO #0031 | 2026-09-03 15:46:47 UTC | símbolos=0
========================================================================================
----------------------------------------------------------------------------------------
RESUMEN DEL CICLO #0031
Símbolos analizados: 0
Sin señal: 0
Esperando/otros: 0
Señales rechazadas: 0
Bloqueadas por estado/límites: 0
Validadas DRY RUN: 0
Nuevas órdenes: 0
Operaciones cerradas sincronizadas: 0
Errores: 0
Duración del ciclo: 0.03s
Intervalo objetivo: 30s
Próximo ciclo en: 29.97s
----------------------------------------------------------------------------------------

========================================================================================
CICLO #0032 | 2026-09-03 15:47:17 UTC | símbolos=0
========================================================================================
----------------------------------------------------------------------------------------
RESUMEN DEL CICLO #0032
Símbolos analizados: 0
Sin señal: 0
Esperando/otros: 0
Señales rechazadas: 0
Bloqueadas por estado/límites: 0
Validadas DRY RUN: 0
Nuevas órdenes: 0
Operaciones cerradas sincronizadas: 0
Errores: 0
Duración del ciclo: 0.03s
Intervalo objetivo: 30s
Próximo ciclo en: 29.97s
----------------------------------------------------------------------------------------

========================================================================================
CICLO #0033 | 2026-09-03 15:47:47 UTC | símbolos=0
========================================================================================
----------------------------------------------------------------------------------------
RESUMEN DEL CICLO #0033
Símbolos analizados: 0
Sin señal: 0
Esperando/otros: 0
Señales rechazadas: 0
Bloqueadas por estado/límites: 0
Validadas DRY RUN: 0
Nuevas órdenes: 0
Operaciones cerradas sincronizadas: 0
Errores: 0
Duración del ciclo: 0.03s
Intervalo objetivo: 30s
Próximo ciclo en: 29.97s
----------------------------------------------------------------------------------------

========================================================================================
CICLO #0034 | 2026-09-03 15:48:17 UTC | símbolos=0
========================================================================================
----------------------------------------------------------------------------------------
RESUMEN DEL CICLO #0034
Símbolos analizados: 0
Sin señal: 0
Esperando/otros: 0
Señales rechazadas: 0
Bloqueadas por estado/límites: 0
Validadas DRY RUN: 0
Nuevas órdenes: 0
Operaciones cerradas sincronizadas: 0
Errores: 0
Duración del ciclo: 0.02s
Intervalo objetivo: 30s
Próximo ciclo en: 29.98s
----------------------------------------------------------------------------------------

========================================================================================
CICLO #0035 | 2026-09-03 15:48:47 UTC | símbolos=0
========================================================================================
----------------------------------------------------------------------------------------
RESUMEN DEL CICLO #0035
Símbolos analizados: 0
Sin señal: 0
Esperando/otros: 0
Señales rechazadas: 0
Bloqueadas por estado/límites: 0
Validadas DRY RUN: 0
Nuevas órdenes: 0
Operaciones cerradas sincronizadas: 0
Errores: 0
Duración del ciclo: 0.02s
Intervalo objetivo: 30s
Próximo ciclo en: 29.98s
----------------------------------------------------------------------------------------

========================================================================================
CICLO #0036 | 2026-09-03 15:49:17 UTC | símbolos=0
========================================================================================
----------------------------------------------------------------------------------------
RESUMEN DEL CICLO #0036
Símbolos analizados: 0
Sin señal: 0
Esperando/otros: 0
Señales rechazadas: 0
Bloqueadas por estado/límites: 0
Validadas DRY RUN: 0
Nuevas órdenes: 0
Operaciones cerradas sincronizadas: 0
Errores: 0
Duración del ciclo: 0.02s
Intervalo objetivo: 30s
Próximo ciclo en: 29.98s
----------------------------------------------------------------------------------------

========================================================================================
CICLO #0037 | 2026-09-03 15:49:47 UTC | símbolos=0
========================================================================================
----------------------------------------------------------------------------------------
RESUMEN DEL CICLO #0037
Símbolos analizados: 0
Sin señal: 0
Esperando/otros: 0
Señales rechazadas: 0
Bloqueadas por estado/límites: 0
Validadas DRY RUN: 0
Nuevas órdenes: 0
Operaciones cerradas sincronizadas: 0
Errores: 0
Duración del ciclo: 0.02s
Intervalo objetivo: 30s
Próximo ciclo en: 29.98s
----------------------------------------------------------------------------------------

========================================================================================
CICLO #0038 | 2026-09-03 15:50:17 UTC | símbolos=8
========================================================================================
[01/08] START Multi Step 2 Index
[01/08] END   Multi Step 2 Index | 0.01s | NO M15 SETUP
    Motivo: NO_DIRECTIONAL_M15_SETUP
[02/08] START Multi Step 3 Index
[02/08] END   Multi Step 3 Index | 0.62s | NO M5 CONFIRMATION
    Motivo: NO_DIRECTIONAL_M5_CONFIRMATION
[03/08] START Multi Step 4 Index
[03/08] END   Multi Step 4 Index | 0.79s | NO M5 CONFIRMATION
    Motivo: NO_DIRECTIONAL_M5_CONFIRMATION
[04/08] START Step Index
[04/08] END   Step Index | 0.01s | NO M15 SETUP
    Motivo: NO_DIRECTIONAL_M15_SETUP
[05/08] START Step Index 200
[05/08] END   Step Index 200 | 0.52s | STALE M5 SIGNAL
    Motivo: M5_CONFIRMATION_TOO_OLD_FOR_LIVE_ENTRY
[06/08] START Step Index 300
[06/08] END   Step Index 300 | 0.88s | NO M5 CONFIRMATION
    Motivo: NO_DIRECTIONAL_M5_CONFIRMATION
[07/08] START Step Index 400
[07/08] END   Step Index 400 | 0.43s | NO M5 CONFIRMATION
    Motivo: NO_DIRECTIONAL_M5_CONFIRMATION
    Confirmaciones: 10/13 | 76.9% | calidad=83.00 | decisión=RECHAZADA
    Faltantes: rechazo del precio, desplazamiento, cierre fuerte
    Críticas faltantes: DISPLACEMENT REQUIRED FOR LIVE ENTRY
    Rechazo técnico: desplazamiento no confirmado, rechazo del precio no confirmado, cierre fuerte no confirmado, calidad de la operación insuficiente, falta una confirmación estructural crítica, porcentaje de confirmaciones inferior al 80%
[08/08] START Step Index 500
[08/08] END   Step Index 500 | 0.65s | STALE M5 SIGNAL
    Motivo: M5_CONFIRMATION_TOO_OLD_FOR_LIVE_ENTRY
----------------------------------------------------------------------------------------
RESUMEN DEL CICLO #0038
Símbolos analizados: 8
Sin señal: 0
Esperando/otros: 8
Señales rechazadas: 0
Bloqueadas por estado/límites: 0
Validadas DRY RUN: 0
Nuevas órdenes: 0
Operaciones cerradas sincronizadas: 0
Errores: 0
Duración del ciclo: 3.95s
Intervalo objetivo: 30s
Próximo ciclo en: 26.05s
----------------------------------------------------------------------------------------

========================================================================================
CICLO #0039 | 2026-09-03 15:50:47 UTC | símbolos=0
========================================================================================
----------------------------------------------------------------------------------------
RESUMEN DEL CICLO #0039
Símbolos analizados: 0
Sin señal: 0
Esperando/otros: 0
Señales rechazadas: 0
Bloqueadas por estado/límites: 0
Validadas DRY RUN: 0
Nuevas órdenes: 0
Operaciones cerradas sincronizadas: 0
Errores: 0
Duración del ciclo: 0.02s
Intervalo objetivo: 30s
Próximo ciclo en: 29.98s
----------------------------------------------------------------------------------------

========================================================================================
CICLO #0040 | 2026-09-03 15:51:17 UTC | símbolos=0
========================================================================================
----------------------------------------------------------------------------------------
RESUMEN DEL CICLO #0040
Símbolos analizados: 0
Sin señal: 0
Esperando/otros: 0
Señales rechazadas: 0
Bloqueadas por estado/límites: 0
Validadas DRY RUN: 0
Nuevas órdenes: 0
Operaciones cerradas sincronizadas: 0
Errores: 0
Duración del ciclo: 0.02s
Intervalo objetivo: 30s
Próximo ciclo en: 29.98s
----------------------------------------------------------------------------------------

========================================================================================
CICLO #0041 | 2026-09-03 15:51:47 UTC | símbolos=0
========================================================================================
----------------------------------------------------------------------------------------
RESUMEN DEL CICLO #0041
Símbolos analizados: 0
Sin señal: 0
Esperando/otros: 0
Señales rechazadas: 0
Bloqueadas por estado/límites: 0
Validadas DRY RUN: 0
Nuevas órdenes: 0
Operaciones cerradas sincronizadas: 0
Errores: 0
Duración del ciclo: 0.02s
Intervalo objetivo: 30s
Próximo ciclo en: 29.98s
----------------------------------------------------------------------------------------

========================================================================================
CICLO #0042 | 2026-09-03 15:52:17 UTC | símbolos=0
========================================================================================
----------------------------------------------------------------------------------------
RESUMEN DEL CICLO #0042
Símbolos analizados: 0
Sin señal: 0
Esperando/otros: 0
Señales rechazadas: 0
Bloqueadas por estado/límites: 0
Validadas DRY RUN: 0
Nuevas órdenes: 0
Operaciones cerradas sincronizadas: 0
Errores: 0
Duración del ciclo: 0.02s
Intervalo objetivo: 30s
Próximo ciclo en: 29.98s
----------------------------------------------------------------------------------------

========================================================================================
CICLO #0043 | 2026-09-03 15:52:47 UTC | símbolos=0
========================================================================================
----------------------------------------------------------------------------------------
RESUMEN DEL CICLO #0043
Símbolos analizados: 0
Sin señal: 0
Esperando/otros: 0
Señales rechazadas: 0
Bloqueadas por estado/límites: 0
Validadas DRY RUN: 0
Nuevas órdenes: 0
Operaciones cerradas sincronizadas: 0
Errores: 0
Duración del ciclo: 0.02s
Intervalo objetivo: 30s
Próximo ciclo en: 29.98s
----------------------------------------------------------------------------------------

========================================================================================
CICLO #0044 | 2026-09-03 15:53:17 UTC | símbolos=0
========================================================================================
----------------------------------------------------------------------------------------
RESUMEN DEL CICLO #0044
Símbolos analizados: 0
Sin señal: 0
Esperando/otros: 0
Señales rechazadas: 0
Bloqueadas por estado/límites: 0
Validadas DRY RUN: 0
Nuevas órdenes: 0
Operaciones cerradas sincronizadas: 0
Errores: 0
Duración del ciclo: 0.02s
Intervalo objetivo: 30s
Próximo ciclo en: 29.98s
----------------------------------------------------------------------------------------

========================================================================================
CICLO #0045 | 2026-09-03 15:53:47 UTC | símbolos=0
========================================================================================
----------------------------------------------------------------------------------------
RESUMEN DEL CICLO #0045
Símbolos analizados: 0
Sin señal: 0
Esperando/otros: 0
Señales rechazadas: 0
Bloqueadas por estado/límites: 0
Validadas DRY RUN: 0
Nuevas órdenes: 0
Operaciones cerradas sincronizadas: 0
Errores: 0
Duración del ciclo: 0.02s
Intervalo objetivo: 30s
Próximo ciclo en: 29.98s
----------------------------------------------------------------------------------------

========================================================================================
CICLO #0046 | 2026-09-03 15:54:17 UTC | símbolos=0
========================================================================================
----------------------------------------------------------------------------------------
RESUMEN DEL CICLO #0046
Símbolos analizados: 0
Sin señal: 0
Esperando/otros: 0
Señales rechazadas: 0
Bloqueadas por estado/límites: 0
Validadas DRY RUN: 0
Nuevas órdenes: 0
Operaciones cerradas sincronizadas: 0
Errores: 0
Duración del ciclo: 0.03s
Intervalo objetivo: 30s
Próximo ciclo en: 29.97s
----------------------------------------------------------------------------------------

========================================================================================
CICLO #0047 | 2026-09-03 15:54:47 UTC | símbolos=0
========================================================================================
----------------------------------------------------------------------------------------
RESUMEN DEL CICLO #0047
Símbolos analizados: 0
Sin señal: 0
Esperando/otros: 0
Señales rechazadas: 0
Bloqueadas por estado/límites: 0
Validadas DRY RUN: 0
Nuevas órdenes: 0
Operaciones cerradas sincronizadas: 0
Errores: 0
Duración del ciclo: 0.02s
Intervalo objetivo: 30s
Próximo ciclo en: 29.98s
----------------------------------------------------------------------------------------

========================================================================================
CICLO #0048 | 2026-09-03 15:55:17 UTC | símbolos=8
========================================================================================
[01/08] START Multi Step 2 Index
[01/08] END   Multi Step 2 Index | 0.01s | NO M15 SETUP
    Motivo: NO_DIRECTIONAL_M15_SETUP
[02/08] START Multi Step 3 Index
[02/08] END   Multi Step 3 Index | 0.69s | NO M5 CONFIRMATION
    Motivo: NO_DIRECTIONAL_M5_CONFIRMATION
[03/08] START Multi Step 4 Index
[03/08] END   Multi Step 4 Index | 0.88s | NO M5 CONFIRMATION
    Motivo: NO_DIRECTIONAL_M5_CONFIRMATION
[04/08] START Step Index
[04/08] END   Step Index | 0.01s | NO M15 SETUP
    Motivo: NO_DIRECTIONAL_M15_SETUP
[05/08] START Step Index 200
[05/08] END   Step Index 200 | 0.66s | STALE M5 SIGNAL
    Motivo: M5_CONFIRMATION_TOO_OLD_FOR_LIVE_ENTRY
[06/08] START Step Index 300
[06/08] END   Step Index 300 | 1.02s | NO M5 CONFIRMATION
    Motivo: NO_DIRECTIONAL_M5_CONFIRMATION
[07/08] START Step Index 400
[07/08] END   Step Index 400 | 0.57s | NO M5 CONFIRMATION
    Motivo: NO_DIRECTIONAL_M5_CONFIRMATION
    Confirmaciones: 10/13 | 76.9% | calidad=83.00 | decisión=RECHAZADA
    Faltantes: rechazo del precio, desplazamiento, cierre fuerte
    Críticas faltantes: DISPLACEMENT REQUIRED FOR LIVE ENTRY
    Rechazo técnico: desplazamiento no confirmado, rechazo del precio no confirmado, cierre fuerte no confirmado, calidad de la operación insuficiente, falta una confirmación estructural crítica, porcentaje de confirmaciones inferior al 80%
[08/08] START Step Index 500
[08/08] END   Step Index 500 | 0.74s | STALE M5 SIGNAL
    Motivo: M5_CONFIRMATION_TOO_OLD_FOR_LIVE_ENTRY
