========================================================================
DERIV DEMO EXECUTION PREFLIGHT
========================================================================
[OK] MT5_ACCOUNT_INFO {'login': 41108926, 'server': 'Deriv-Demo', 'currency': 'USD', 'balance': 10000.0, 'equity': 10000.0, 'margin': 0.0, 'free_margin': 10000.0, 'profit': 0.0, 'leverage': 1000, 'trade_mode': 0, 'snapshot_time': datetime.datetime(2026, 9, 3, 13, 19, 30, 110254, tzinfo=datetime.timezone.utc), 'broker': 'MT5'}
[OK] MT5_TERMINAL_CONNECTED {'trade_allowed': True, 'tradeapi_disabled': False}
[OK] MT5_AUTOTRADING_ALLOWED {'trade_allowed': True, 'tradeapi_disabled': False}
[OK] DEMO_ACCOUNT {'trade_mode': 0, 'server': 'Deriv-Demo'}
[OK] FREE_MARGIN {'free_margin': 10000.0, 'required': 0.0}
[OK] DATABASE_READY {}
[OK] SYMBOL:High Frequency Vol 25 Index {'visible': True, 'trade_mode': 4, 'volume_min': 0.1, 'volume_step': 0.01, 'point': 0.01, 'stops_level_points': 2172}
[OK] SYMBOL:Vol over Boom 400 {'visible': True, 'trade_mode': 4, 'volume_min': 0.1, 'volume_step': 0.01, 'point': 0.01, 'stops_level_points': 360}
[OK] SYMBOL:Vol over Crash 550 {'visible': True, 'trade_mode': 4, 'volume_min': 0.1, 'volume_step': 0.01, 'point': 0.01, 'stops_level_points': 320}
[OK] SYMBOL:Volatility 100 (1s) Index {'visible': True, 'trade_mode': 4, 'volume_min': 1.0, 'volume_step': 0.01, 'point': 0.01, 'stops_level_points': 72}
[OK] SYMBOL:Volatility 150 (1s) Index {'visible': True, 'trade_mode': 4, 'volume_min': 1.0, 'volume_step': 0.001, 'point': 0.01, 'stops_level_points': 149}
[OK] SYMBOL:Volatility 30 (1s) Index {'visible': True, 'trade_mode': 4, 'volume_min': 0.2, 'volume_step': 0.01, 'point': 0.001, 'stops_level_points': 1800}
[OK] SYMBOL:Volatility 50 (1s) Index {'visible': True, 'trade_mode': 4, 'volume_min': 0.005, 'volume_step': 0.001, 'point': 0.01, 'stops_level_points': 6996}
[OK] SYMBOL:Volatility 90 (1s) Index {'visible': True, 'trade_mode': 4, 'volume_min': 0.1, 'volume_step': 0.01, 'point': 0.001, 'stops_level_points': 22257}
[OK] SYMBOL:VolSwitch Medium Vol Index {'visible': True, 'trade_mode': 4, 'volume_min': 0.1, 'volume_step': 0.1, 'point': 0.01, 'stops_level_points': 1000}
========================================================================
STATUS: READY FOR DEMO EXECUTION
DAEMONBLACKFX VERSION: v100-entry-quality-recoverable-quarantine-winrate-audit
BOT ACTIVO: VOLATILITY_3 | MAGIC=26082403 | ESTRATEGIA=SMC/ORB | instrumentos=9 | auto_export=False
========================================================================================
BOT SMC MT5 - DERIV DEMO
========================================================================================
Cuenta: 41108926 | Servidor: Deriv-Demo
Balance: 10000.00 USD
Modo: EJECUCIÓN DEMO
Riesgo por trade: 1.00% | R:R mínimo: 1.50
Intervalo: 30s | Símbolos: 9
Reporte XLSX: C:\TradingBoot\smc_synthetic_bot\storage\exports\deriv_demo_trading_report.xlsx
Pipeline: SMC -> TradeLifecycleManager -> MT5TradeExecutor -> SQLite -> XLSX
========================================================================================
Daemon activo: señales=30s | monitor posiciones/BE=2s | símbolos=9
Progreso: se mostrará cada símbolo y su tiempo de análisis.
{'action': 'POSITION_MONITOR_STARTED', 'signal_interval_seconds': 30, 'position_monitor_interval_seconds': 2, 'monitor_mode': 'BACKGROUND_DECOUPLED'}

========================================================================================
CICLO #0001 | 2026-09-03 13:19:41 UTC | símbolos=9
========================================================================================
[01/09] START High Frequency Vol 25 Index
[01/09] END   High Frequency Vol 25 Index | 8.65s | WAITING M5 AFTER M15
    Motivo: M5_CONFIRMATIONS_EXIST_BUT_ALL_PRECEDE_LATEST_M15_SETUP
[02/09] START Vol over Boom 400
[02/09] END   Vol over Boom 400 | 2.62s | DIRECCIÓN BLOQUEADA POR POLÍTICA DEL INSTRUMENTO
    Motivo: BOOM_BUY_ONLY_REQUIRES_BUY_H1_CONTEXT
[03/09] START Vol over Crash 550
[03/09] END   Vol over Crash 550 | 4.01s | NO M5 CONFIRMATION
    Motivo: NO_DIRECTIONAL_M5_CONFIRMATION
[04/09] START Volatility 100 (1s) Index
[04/09] END   Volatility 100 (1s) Index | 7.08s | NO M5 CONFIRMATION
    Motivo: NO_DIRECTIONAL_M5_CONFIRMATION
    Confirmaciones: 10/13 | 76.9% | calidad=78.00 | decisión=RECHAZADA
    Faltantes: desplazamiento, microestructura M5, cierre fuerte
    Críticas faltantes: DISPLACEMENT REQUIRED FOR LIVE ENTRY
    Rechazo técnico: desplazamiento no confirmado, microestructura M5 no confirmada, cierre fuerte no confirmado, calidad de la operación insuficiente, falta una confirmación estructural crítica, porcentaje de confirmaciones inferior al 80%
[05/09] START Volatility 150 (1s) Index
[05/09] END   Volatility 150 (1s) Index | 3.55s | NO M15 SETUP
    Motivo: NO_DIRECTIONAL_M15_SETUP
[06/09] START Volatility 30 (1s) Index
[06/09] END   Volatility 30 (1s) Index | 0.01s | INSTRUMENTO EN CUARENTENA DE RIESGO
    Motivo: cuarentena temporal por desviación marginal de ejecución
[07/09] START Volatility 50 (1s) Index
[07/09] END   Volatility 50 (1s) Index | 6.32s | STALE M5 SIGNAL
    Motivo: M5_CONFIRMATION_TOO_OLD_FOR_LIVE_ENTRY
[08/09] START Volatility 90 (1s) Index
[08/09] END   Volatility 90 (1s) Index | 3.11s | NO M15 SETUP
    Motivo: NO_DIRECTIONAL_M15_SETUP
[09/09] START VolSwitch Medium Vol Index
[09/09] END   VolSwitch Medium Vol Index | 3.55s | NO M15 SETUP
    Motivo: NO_DIRECTIONAL_M15_SETUP
----------------------------------------------------------------------------------------
RESUMEN DEL CICLO #0001
Símbolos analizados: 9
Sin señal: 0
Esperando/otros: 8
Señales rechazadas: 1
Bloqueadas por estado/límites: 0
Validadas DRY RUN: 0
Nuevas órdenes: 0
Operaciones cerradas sincronizadas: 0
Errores: 0
Duración del ciclo: 42.79s
Intervalo objetivo: 30s
Próximo ciclo en: 0.00s
[AVISO] Ciclo excedio el intervalo por: 12.79s
----------------------------------------------------------------------------------------

========================================================================================
CICLO #0002 | 2026-09-03 13:20:24 UTC | símbolos=9
========================================================================================
[01/09] START High Frequency Vol 25 Index
[01/09] END   High Frequency Vol 25 Index | 3.22s | WAITING M5 AFTER M15
    Motivo: M5_CONFIRMATIONS_EXIST_BUT_ALL_PRECEDE_LATEST_M15_SETUP
[02/09] START Vol over Boom 400
[02/09] END   Vol over Boom 400 | 0.01s | DIRECCIÓN BLOQUEADA POR POLÍTICA DEL INSTRUMENTO
    Motivo: BOOM_BUY_ONLY_REQUIRES_BUY_H1_CONTEXT
[03/09] START Vol over Crash 550
[03/09] END   Vol over Crash 550 | 0.65s | NO M5 CONFIRMATION
    Motivo: NO_DIRECTIONAL_M5_CONFIRMATION
[04/09] START Volatility 100 (1s) Index
[04/09] END   Volatility 100 (1s) Index | 0.01s | NO M5 CONFIRMATION
    Motivo: NO_DIRECTIONAL_M5_CONFIRMATION
    Confirmaciones: 10/13 | 76.9% | calidad=78.00 | decisión=RECHAZADA
    Faltantes: desplazamiento, microestructura M5, cierre fuerte
    Críticas faltantes: DISPLACEMENT REQUIRED FOR LIVE ENTRY
    Rechazo técnico: desplazamiento no confirmado, microestructura M5 no confirmada, cierre fuerte no confirmado, calidad de la operación insuficiente, falta una confirmación estructural crítica, porcentaje de confirmaciones inferior al 80%
[05/09] START Volatility 150 (1s) Index
[05/09] END   Volatility 150 (1s) Index | 0.01s | NO M15 SETUP
    Motivo: NO_DIRECTIONAL_M15_SETUP
[06/09] START Volatility 30 (1s) Index
[06/09] END   Volatility 30 (1s) Index | 0.01s | INSTRUMENTO EN CUARENTENA DE RIESGO
    Motivo: cuarentena temporal por desviación marginal de ejecución
[07/09] START Volatility 50 (1s) Index
[07/09] END   Volatility 50 (1s) Index | 0.02s | STALE M5 SIGNAL
    Motivo: M5_CONFIRMATION_TOO_OLD_FOR_LIVE_ENTRY
[08/09] START Volatility 90 (1s) Index
[08/09] END   Volatility 90 (1s) Index | 0.02s | NO M15 SETUP
    Motivo: NO_DIRECTIONAL_M15_SETUP
[09/09] START VolSwitch Medium Vol Index
[09/09] END   VolSwitch Medium Vol Index | 0.01s | NO M15 SETUP
    Motivo: NO_DIRECTIONAL_M15_SETUP
----------------------------------------------------------------------------------------
RESUMEN DEL CICLO #0002
Símbolos analizados: 9
Sin señal: 0
Esperando/otros: 8
Señales rechazadas: 1
Bloqueadas por estado/límites: 0
Validadas DRY RUN: 0
Nuevas órdenes: 0
Operaciones cerradas sincronizadas: 0
Errores: 0
Duración del ciclo: 4.03s
Intervalo objetivo: 30s
Próximo ciclo en: 25.97s
----------------------------------------------------------------------------------------

========================================================================================
CICLO #0003 | 2026-09-03 13:20:54 UTC | símbolos=0
========================================================================================
----------------------------------------------------------------------------------------
RESUMEN DEL CICLO #0003
Símbolos analizados: 0
Sin señal: 0
Esperando/otros: 0
Señales rechazadas: 0
Bloqueadas por estado/límites: 0
Validadas DRY RUN: 0
Nuevas órdenes: 0
Operaciones cerradas sincronizadas: 0
Errores: 0
Duración del ciclo: 0.02s
Intervalo objetivo: 30s
Próximo ciclo en: 29.98s
----------------------------------------------------------------------------------------

========================================================================================
CICLO #0004 | 2026-09-03 13:21:24 UTC | símbolos=0
========================================================================================
----------------------------------------------------------------------------------------
RESUMEN DEL CICLO #0004
Símbolos analizados: 0
Sin señal: 0
Esperando/otros: 0
Señales rechazadas: 0
Bloqueadas por estado/límites: 0
Validadas DRY RUN: 0
Nuevas órdenes: 0
Operaciones cerradas sincronizadas: 0
Errores: 0
Duración del ciclo: 0.03s
Intervalo objetivo: 30s
Próximo ciclo en: 29.97s
----------------------------------------------------------------------------------------

========================================================================================
CICLO #0005 | 2026-09-03 13:21:54 UTC | símbolos=0
========================================================================================
----------------------------------------------------------------------------------------
RESUMEN DEL CICLO #0005
Símbolos analizados: 0
Sin señal: 0
Esperando/otros: 0
Señales rechazadas: 0
Bloqueadas por estado/límites: 0
Validadas DRY RUN: 0
Nuevas órdenes: 0
Operaciones cerradas sincronizadas: 0
Errores: 0
Duración del ciclo: 0.05s
Intervalo objetivo: 30s
Próximo ciclo en: 29.95s
----------------------------------------------------------------------------------------

========================================================================================
CICLO #0006 | 2026-09-03 13:22:24 UTC | símbolos=0
========================================================================================
----------------------------------------------------------------------------------------
RESUMEN DEL CICLO #0006
Símbolos analizados: 0
Sin señal: 0
Esperando/otros: 0
Señales rechazadas: 0
Bloqueadas por estado/límites: 0
Validadas DRY RUN: 0
Nuevas órdenes: 0
Operaciones cerradas sincronizadas: 0
Errores: 0
Duración del ciclo: 0.02s
Intervalo objetivo: 30s
Próximo ciclo en: 29.98s
----------------------------------------------------------------------------------------

========================================================================================
CICLO #0007 | 2026-09-03 13:22:54 UTC | símbolos=0
========================================================================================
----------------------------------------------------------------------------------------
RESUMEN DEL CICLO #0007
Símbolos analizados: 0
Sin señal: 0
Esperando/otros: 0
Señales rechazadas: 0
Bloqueadas por estado/límites: 0
Validadas DRY RUN: 0
Nuevas órdenes: 0
Operaciones cerradas sincronizadas: 0
Errores: 0
Duración del ciclo: 0.03s
Intervalo objetivo: 30s
Próximo ciclo en: 29.97s
----------------------------------------------------------------------------------------

========================================================================================
CICLO #0008 | 2026-09-03 13:23:24 UTC | símbolos=0
========================================================================================
----------------------------------------------------------------------------------------
RESUMEN DEL CICLO #0008
Símbolos analizados: 0
Sin señal: 0
Esperando/otros: 0
Señales rechazadas: 0
Bloqueadas por estado/límites: 0
Validadas DRY RUN: 0
Nuevas órdenes: 0
Operaciones cerradas sincronizadas: 0
Errores: 0
Duración del ciclo: 0.03s
Intervalo objetivo: 30s
Próximo ciclo en: 29.97s
----------------------------------------------------------------------------------------
Bot detenido por el usuario.
========================================================================
DERIV DEMO EXECUTION PREFLIGHT
========================================================================
[OK] MT5_ACCOUNT_INFO {'login': 41108926, 'server': 'Deriv-Demo', 'currency': 'USD', 'balance': 9999.39, 'equity': 9999.39, 'margin': 0.0, 'free_margin': 9999.39, 'profit': 0.0, 'leverage': 1000, 'trade_mode': 0, 'snapshot_time': datetime.datetime(2026, 9, 3, 13, 24, 52, 854716, tzinfo=datetime.timezone.utc), 'broker': 'MT5'}
[OK] MT5_TERMINAL_CONNECTED {'trade_allowed': True, 'tradeapi_disabled': False}
[OK] MT5_AUTOTRADING_ALLOWED {'trade_allowed': True, 'tradeapi_disabled': False}
[OK] DEMO_ACCOUNT {'trade_mode': 0, 'server': 'Deriv-Demo'}
[OK] FREE_MARGIN {'free_margin': 9999.39, 'required': 0.0}
[OK] DATABASE_READY {}
[OK] SYMBOL:High Frequency Vol 25 Index {'visible': True, 'trade_mode': 4, 'volume_min': 0.1, 'volume_step': 0.01, 'point': 0.01, 'stops_level_points': 2172}
[OK] SYMBOL:Vol over Boom 400 {'visible': True, 'trade_mode': 4, 'volume_min': 0.1, 'volume_step': 0.01, 'point': 0.01, 'stops_level_points': 360}
[OK] SYMBOL:Vol over Crash 550 {'visible': True, 'trade_mode': 4, 'volume_min': 0.1, 'volume_step': 0.01, 'point': 0.01, 'stops_level_points': 320}
[OK] SYMBOL:Volatility 100 (1s) Index {'visible': True, 'trade_mode': 4, 'volume_min': 1.0, 'volume_step': 0.01, 'point': 0.01, 'stops_level_points': 72}
[OK] SYMBOL:Volatility 150 (1s) Index {'visible': True, 'trade_mode': 4, 'volume_min': 1.0, 'volume_step': 0.001, 'point': 0.01, 'stops_level_points': 149}
[OK] SYMBOL:Volatility 30 (1s) Index {'visible': True, 'trade_mode': 4, 'volume_min': 0.2, 'volume_step': 0.01, 'point': 0.001, 'stops_level_points': 1800}
[OK] SYMBOL:Volatility 50 (1s) Index {'visible': True, 'trade_mode': 4, 'volume_min': 0.005, 'volume_step': 0.001, 'point': 0.01, 'stops_level_points': 6996}
[OK] SYMBOL:Volatility 90 (1s) Index {'visible': True, 'trade_mode': 4, 'volume_min': 0.1, 'volume_step': 0.01, 'point': 0.001, 'stops_level_points': 22257}
[OK] SYMBOL:VolSwitch Medium Vol Index {'visible': True, 'trade_mode': 4, 'volume_min': 0.1, 'volume_step': 0.1, 'point': 0.01, 'stops_level_points': 1000}
========================================================================
STATUS: READY FOR DEMO EXECUTION
DAEMONBLACKFX VERSION: v100-entry-quality-recoverable-quarantine-winrate-audit
BOT ACTIVO: VOLATILITY_3 | MAGIC=26082403 | ESTRATEGIA=SMC/ORB | instrumentos=9 | auto_export=False
========================================================================================
BOT SMC MT5 - DERIV DEMO
========================================================================================
Cuenta: 41108926 | Servidor: Deriv-Demo
Balance: 9999.39 USD
Modo: EJECUCIÓN DEMO
Riesgo por trade: 1.00% | R:R mínimo: 1.50
Intervalo: 30s | Símbolos: 9
Reporte XLSX: C:\TradingBoot\smc_synthetic_bot\storage\exports\deriv_demo_trading_report.xlsx
Pipeline: SMC -> TradeLifecycleManager -> MT5TradeExecutor -> SQLite -> XLSX
========================================================================================
Daemon activo: señales=30s | monitor posiciones/BE=2s | símbolos=9
Progreso: se mostrará cada símbolo y su tiempo de análisis.
{'action': 'POSITION_MONITOR_STARTED', 'signal_interval_seconds': 30, 'position_monitor_interval_seconds': 2, 'monitor_mode': 'BACKGROUND_DECOUPLED'}

========================================================================================
CICLO #0001 | 2026-09-03 13:25:02 UTC | símbolos=9
========================================================================================
[01/09] START High Frequency Vol 25 Index
[01/09] END   High Frequency Vol 25 Index | 8.50s | WAITING M5 AFTER M15
    Motivo: M5_CONFIRMATIONS_EXIST_BUT_ALL_PRECEDE_LATEST_M15_SETUP
[02/09] START Vol over Boom 400
[02/09] END   Vol over Boom 400 | 1.51s | DIRECCIÓN BLOQUEADA POR POLÍTICA DEL INSTRUMENTO
    Motivo: BOOM_BUY_ONLY_REQUIRES_BUY_H1_CONTEXT
[03/09] START Vol over Crash 550
[03/09] END   Vol over Crash 550 | 5.81s | NO M5 CONFIRMATION
    Motivo: NO_DIRECTIONAL_M5_CONFIRMATION
[04/09] START Volatility 100 (1s) Index
[04/09] END   Volatility 100 (1s) Index | 5.80s | NO M5 CONFIRMATION
    Motivo: NO_DIRECTIONAL_M5_CONFIRMATION
    Confirmaciones: 10/13 | 76.9% | calidad=78.00 | decisión=RECHAZADA
    Faltantes: desplazamiento, microestructura M5, cierre fuerte
    Críticas faltantes: DISPLACEMENT REQUIRED FOR LIVE ENTRY
    Rechazo técnico: desplazamiento no confirmado, microestructura M5 no confirmada, cierre fuerte no confirmado, calidad de la operación insuficiente, falta una confirmación estructural crítica, porcentaje de confirmaciones inferior al 80%
[05/09] START Volatility 150 (1s) Index
[05/09] END   Volatility 150 (1s) Index | 3.35s | NO M15 SETUP
    Motivo: NO_DIRECTIONAL_M15_SETUP
[06/09] START Volatility 30 (1s) Index
[06/09] END   Volatility 30 (1s) Index | 0.01s | INSTRUMENTO EN CUARENTENA DE RIESGO
    Motivo: cuarentena temporal por desviación marginal de ejecución
[07/09] START Volatility 50 (1s) Index
[07/09] END   Volatility 50 (1s) Index | 5.75s | STALE M5 SIGNAL
    Motivo: M5_CONFIRMATION_TOO_OLD_FOR_LIVE_ENTRY
[08/09] START Volatility 90 (1s) Index
[08/09] END   Volatility 90 (1s) Index | 2.98s | NO M15 SETUP
    Motivo: NO_DIRECTIONAL_M15_SETUP
[09/09] START VolSwitch Medium Vol Index
[09/09] END   VolSwitch Medium Vol Index | 3.12s | NO M15 SETUP
    Motivo: NO_DIRECTIONAL_M15_SETUP
----------------------------------------------------------------------------------------
RESUMEN DEL CICLO #0001
Símbolos analizados: 9
Sin señal: 0
Esperando/otros: 8
Señales rechazadas: 1
Bloqueadas por estado/límites: 0
Validadas DRY RUN: 0
Nuevas órdenes: 0
Operaciones cerradas sincronizadas: 0
Errores: 0
Duración del ciclo: 40.58s
Intervalo objetivo: 30s
Próximo ciclo en: 0.00s
[AVISO] Ciclo excedio el intervalo por: 10.58s
----------------------------------------------------------------------------------------

========================================================================================
CICLO #0002 | 2026-09-03 13:25:42 UTC | símbolos=0
========================================================================================
----------------------------------------------------------------------------------------
RESUMEN DEL CICLO #0002
Símbolos analizados: 0
Sin señal: 0
Esperando/otros: 0
Señales rechazadas: 0
Bloqueadas por estado/límites: 0
Validadas DRY RUN: 0
Nuevas órdenes: 0
Operaciones cerradas sincronizadas: 0
Errores: 0
Duración del ciclo: 0.04s
Intervalo objetivo: 30s
Próximo ciclo en: 29.96s
----------------------------------------------------------------------------------------

========================================================================================
CICLO #0003 | 2026-09-03 13:26:12 UTC | símbolos=0
========================================================================================
----------------------------------------------------------------------------------------
RESUMEN DEL CICLO #0003
Símbolos analizados: 0
Sin señal: 0
Esperando/otros: 0
Señales rechazadas: 0
Bloqueadas por estado/límites: 0
Validadas DRY RUN: 0
Nuevas órdenes: 0
Operaciones cerradas sincronizadas: 0
Errores: 0
Duración del ciclo: 0.03s
Intervalo objetivo: 30s
Próximo ciclo en: 29.97s
----------------------------------------------------------------------------------------

========================================================================================
CICLO #0004 | 2026-09-03 13:26:42 UTC | símbolos=0
========================================================================================
----------------------------------------------------------------------------------------
RESUMEN DEL CICLO #0004
Símbolos analizados: 0
Sin señal: 0
Esperando/otros: 0
Señales rechazadas: 0
Bloqueadas por estado/límites: 0
Validadas DRY RUN: 0
Nuevas órdenes: 0
Operaciones cerradas sincronizadas: 0
Errores: 0
Duración del ciclo: 0.02s
Intervalo objetivo: 30s
Próximo ciclo en: 29.98s
----------------------------------------------------------------------------------------

========================================================================================
CICLO #0005 | 2026-09-03 13:27:12 UTC | símbolos=0
========================================================================================
----------------------------------------------------------------------------------------
RESUMEN DEL CICLO #0005
Símbolos analizados: 0
Sin señal: 0
Esperando/otros: 0
Señales rechazadas: 0
Bloqueadas por estado/límites: 0
Validadas DRY RUN: 0
Nuevas órdenes: 0
Operaciones cerradas sincronizadas: 0
Errores: 0
Duración del ciclo: 0.03s
Intervalo objetivo: 30s
Próximo ciclo en: 29.97s
----------------------------------------------------------------------------------------

========================================================================================
CICLO #0006 | 2026-09-03 13:27:42 UTC | símbolos=0
========================================================================================
----------------------------------------------------------------------------------------
RESUMEN DEL CICLO #0006
Símbolos analizados: 0
Sin señal: 0
Esperando/otros: 0
Señales rechazadas: 0
Bloqueadas por estado/límites: 0
Validadas DRY RUN: 0
Nuevas órdenes: 0
Operaciones cerradas sincronizadas: 0
Errores: 0
Duración del ciclo: 0.03s
Intervalo objetivo: 30s
Próximo ciclo en: 29.97s
----------------------------------------------------------------------------------------

========================================================================================
CICLO #0007 | 2026-09-03 13:28:12 UTC | símbolos=0
========================================================================================
----------------------------------------------------------------------------------------
RESUMEN DEL CICLO #0007
Símbolos analizados: 0
Sin señal: 0
Esperando/otros: 0
Señales rechazadas: 0
Bloqueadas por estado/límites: 0
Validadas DRY RUN: 0
Nuevas órdenes: 0
Operaciones cerradas sincronizadas: 0
Errores: 0
Duración del ciclo: 0.03s
Intervalo objetivo: 30s
Próximo ciclo en: 29.97s
----------------------------------------------------------------------------------------

========================================================================================
CICLO #0008 | 2026-09-03 13:28:42 UTC | símbolos=0
========================================================================================
----------------------------------------------------------------------------------------
RESUMEN DEL CICLO #0008
Símbolos analizados: 0
Sin señal: 0
Esperando/otros: 0
Señales rechazadas: 0
Bloqueadas por estado/límites: 0
Validadas DRY RUN: 0
Nuevas órdenes: 0
Operaciones cerradas sincronizadas: 0
Errores: 0
Duración del ciclo: 0.02s
Intervalo objetivo: 30s
Próximo ciclo en: 29.98s
----------------------------------------------------------------------------------------

========================================================================================
CICLO #0009 | 2026-09-03 13:29:12 UTC | símbolos=0
========================================================================================
----------------------------------------------------------------------------------------
RESUMEN DEL CICLO #0009
Símbolos analizados: 0
Sin señal: 0
Esperando/otros: 0
Señales rechazadas: 0
Bloqueadas por estado/límites: 0
Validadas DRY RUN: 0
Nuevas órdenes: 0
Operaciones cerradas sincronizadas: 0
Errores: 0
Duración del ciclo: 0.03s
Intervalo objetivo: 30s
Próximo ciclo en: 29.97s
----------------------------------------------------------------------------------------

========================================================================================
CICLO #0010 | 2026-09-03 13:29:42 UTC | símbolos=0
========================================================================================
----------------------------------------------------------------------------------------
RESUMEN DEL CICLO #0010
Símbolos analizados: 0
Sin señal: 0
Esperando/otros: 0
Señales rechazadas: 0
Bloqueadas por estado/límites: 0
Validadas DRY RUN: 0
Nuevas órdenes: 0
Operaciones cerradas sincronizadas: 0
Errores: 0
Duración del ciclo: 0.03s
Intervalo objetivo: 30s
Próximo ciclo en: 29.97s
----------------------------------------------------------------------------------------

========================================================================================
CICLO #0011 | 2026-09-03 13:30:12 UTC | símbolos=9
========================================================================================
[01/09] START High Frequency Vol 25 Index
[01/09] END   High Frequency Vol 25 Index | 5.27s | WAITING M5 AFTER M15
    Motivo: M5_CONFIRMATIONS_EXIST_BUT_ALL_PRECEDE_LATEST_M15_SETUP
[02/09] START Vol over Boom 400
[02/09] END   Vol over Boom 400 | 0.02s | DIRECCIÓN BLOQUEADA POR POLÍTICA DEL INSTRUMENTO
    Motivo: BOOM_BUY_ONLY_REQUIRES_BUY_H1_CONTEXT
[03/09] START Vol over Crash 550
[03/09] END   Vol over Crash 550 | 2.12s | NO M5 CONFIRMATION
    Motivo: NO_DIRECTIONAL_M5_CONFIRMATION
[04/09] START Volatility 100 (1s) Index
[04/09] END   Volatility 100 (1s) Index | 3.53s | NO M5 CONFIRMATION
    Motivo: NO_DIRECTIONAL_M5_CONFIRMATION
    Confirmaciones: 10/13 | 76.9% | calidad=78.00 | decisión=RECHAZADA
    Faltantes: desplazamiento, microestructura M5, cierre fuerte
    Críticas faltantes: DISPLACEMENT REQUIRED FOR LIVE ENTRY
    Rechazo técnico: desplazamiento no confirmado, microestructura M5 no confirmada, cierre fuerte no confirmado, calidad de la operación insuficiente, falta una confirmación estructural crítica, porcentaje de confirmaciones inferior al 80%
[05/09] START Volatility 150 (1s) Index
[05/09] END   Volatility 150 (1s) Index | 0.86s | NO M15 SETUP
    Motivo: NO_DIRECTIONAL_M15_SETUP
[06/09] START Volatility 30 (1s) Index
[06/09] END   Volatility 30 (1s) Index | 0.01s | INSTRUMENTO EN CUARENTENA DE RIESGO
    Motivo: cuarentena temporal por desviación marginal de ejecución
[07/09] START Volatility 50 (1s) Index
[07/09] END   Volatility 50 (1s) Index | 3.37s | STALE M5 SIGNAL
    Motivo: M5_CONFIRMATION_TOO_OLD_FOR_LIVE_ENTRY
[08/09] START Volatility 90 (1s) Index
[08/09] END   Volatility 90 (1s) Index | 1.25s | NO M15 SETUP
    Motivo: NO_DIRECTIONAL_M15_SETUP
[09/09] START VolSwitch Medium Vol Index
[09/09] END   VolSwitch Medium Vol Index | 1.55s | NO M15 SETUP
    Motivo: NO_DIRECTIONAL_M15_SETUP
----------------------------------------------------------------------------------------
RESUMEN DEL CICLO #0011
Símbolos analizados: 9
Sin señal: 0
Esperando/otros: 8
Señales rechazadas: 1
Bloqueadas por estado/límites: 0
Validadas DRY RUN: 0
Nuevas órdenes: 0
Operaciones cerradas sincronizadas: 0
Errores: 0
Duración del ciclo: 18.05s
Intervalo objetivo: 30s
Próximo ciclo en: 11.95s
----------------------------------------------------------------------------------------

========================================================================================
CICLO #0012 | 2026-09-03 13:30:42 UTC | símbolos=0
========================================================================================
----------------------------------------------------------------------------------------
RESUMEN DEL CICLO #0012
Símbolos analizados: 0
Sin señal: 0
Esperando/otros: 0
Señales rechazadas: 0
Bloqueadas por estado/límites: 0
Validadas DRY RUN: 0
Nuevas órdenes: 0
Operaciones cerradas sincronizadas: 0
Errores: 0
Duración del ciclo: 0.05s
Intervalo objetivo: 30s
Próximo ciclo en: 29.95s
----------------------------------------------------------------------------------------

========================================================================================
CICLO #0013 | 2026-09-03 13:31:12 UTC | símbolos=0
========================================================================================
----------------------------------------------------------------------------------------
RESUMEN DEL CICLO #0013
Símbolos analizados: 0
Sin señal: 0
Esperando/otros: 0
Señales rechazadas: 0
Bloqueadas por estado/límites: 0
Validadas DRY RUN: 0
Nuevas órdenes: 0
Operaciones cerradas sincronizadas: 0
Errores: 0
Duración del ciclo: 0.03s
Intervalo objetivo: 30s
Próximo ciclo en: 29.97s
----------------------------------------------------------------------------------------

========================================================================================
CICLO #0014 | 2026-09-03 13:31:42 UTC | símbolos=0
========================================================================================
----------------------------------------------------------------------------------------
RESUMEN DEL CICLO #0014
Símbolos analizados: 0
Sin señal: 0
Esperando/otros: 0
Señales rechazadas: 0
Bloqueadas por estado/límites: 0
Validadas DRY RUN: 0
Nuevas órdenes: 0
Operaciones cerradas sincronizadas: 0
Errores: 0
Duración del ciclo: 0.03s
Intervalo objetivo: 30s
Próximo ciclo en: 29.97s
----------------------------------------------------------------------------------------

========================================================================================
CICLO #0015 | 2026-09-03 13:32:12 UTC | símbolos=0
========================================================================================
----------------------------------------------------------------------------------------
RESUMEN DEL CICLO #0015
Símbolos analizados: 0
Sin señal: 0
Esperando/otros: 0
Señales rechazadas: 0
Bloqueadas por estado/límites: 0
Validadas DRY RUN: 0
Nuevas órdenes: 0
Operaciones cerradas sincronizadas: 0
Errores: 0
Duración del ciclo: 0.03s
Intervalo objetivo: 30s
Próximo ciclo en: 29.97s
----------------------------------------------------------------------------------------

========================================================================================
CICLO #0016 | 2026-09-03 13:32:42 UTC | símbolos=0
========================================================================================
----------------------------------------------------------------------------------------
RESUMEN DEL CICLO #0016
Símbolos analizados: 0
Sin señal: 0
Esperando/otros: 0
Señales rechazadas: 0
Bloqueadas por estado/límites: 0
Validadas DRY RUN: 0
Nuevas órdenes: 0
Operaciones cerradas sincronizadas: 0
Errores: 0
Duración del ciclo: 0.03s
Intervalo objetivo: 30s
Próximo ciclo en: 29.97s
----------------------------------------------------------------------------------------

========================================================================================
CICLO #0017 | 2026-09-03 13:33:12 UTC | símbolos=0
========================================================================================
----------------------------------------------------------------------------------------
RESUMEN DEL CICLO #0017
Símbolos analizados: 0
Sin señal: 0
Esperando/otros: 0
Señales rechazadas: 0
Bloqueadas por estado/límites: 0
Validadas DRY RUN: 0
Nuevas órdenes: 0
Operaciones cerradas sincronizadas: 0
Errores: 0
Duración del ciclo: 0.03s
Intervalo objetivo: 30s
Próximo ciclo en: 29.97s
----------------------------------------------------------------------------------------

========================================================================================
CICLO #0018 | 2026-09-03 13:33:42 UTC | símbolos=0
========================================================================================
----------------------------------------------------------------------------------------
RESUMEN DEL CICLO #0018
Símbolos analizados: 0
Sin señal: 0
Esperando/otros: 0
Señales rechazadas: 0
Bloqueadas por estado/límites: 0
Validadas DRY RUN: 0
Nuevas órdenes: 0
Operaciones cerradas sincronizadas: 0
Errores: 0
Duración del ciclo: 0.02s
Intervalo objetivo: 30s
Próximo ciclo en: 29.98s
----------------------------------------------------------------------------------------

========================================================================================
CICLO #0019 | 2026-09-03 13:34:12 UTC | símbolos=0
========================================================================================
----------------------------------------------------------------------------------------
RESUMEN DEL CICLO #0019
Símbolos analizados: 0
Sin señal: 0
Esperando/otros: 0
Señales rechazadas: 0
Bloqueadas por estado/límites: 0
Validadas DRY RUN: 0
Nuevas órdenes: 0
Operaciones cerradas sincronizadas: 0
Errores: 0
Duración del ciclo: 0.05s
Intervalo objetivo: 30s
Próximo ciclo en: 29.95s
----------------------------------------------------------------------------------------

========================================================================================
CICLO #0020 | 2026-09-03 13:34:42 UTC | símbolos=0
========================================================================================
----------------------------------------------------------------------------------------
RESUMEN DEL CICLO #0020
Símbolos analizados: 0
Sin señal: 0
Esperando/otros: 0
Señales rechazadas: 0
Bloqueadas por estado/límites: 0
Validadas DRY RUN: 0
Nuevas órdenes: 0
Operaciones cerradas sincronizadas: 0
Errores: 0
Duración del ciclo: 0.05s
Intervalo objetivo: 30s
Próximo ciclo en: 29.95s
----------------------------------------------------------------------------------------

========================================================================================
CICLO #0021 | 2026-09-03 13:35:12 UTC | símbolos=9
========================================================================================
[01/09] START High Frequency Vol 25 Index
[01/09] END   High Frequency Vol 25 Index | 2.53s | WAITING M5 AFTER M15
    Motivo: M5_CONFIRMATIONS_EXIST_BUT_ALL_PRECEDE_LATEST_M15_SETUP
[02/09] START Vol over Boom 400
[02/09] END   Vol over Boom 400 | 0.01s | DIRECCIÓN BLOQUEADA POR POLÍTICA DEL INSTRUMENTO
    Motivo: BOOM_BUY_ONLY_REQUIRES_BUY_H1_CONTEXT
[03/09] START Vol over Crash 550
[03/09] END   Vol over Crash 550 | 0.46s | NO M5 CONFIRMATION
    Motivo: NO_DIRECTIONAL_M5_CONFIRMATION
[04/09] START Volatility 100 (1s) Index
[04/09] END   Volatility 100 (1s) Index | 0.76s | NO M5 CONFIRMATION
    Motivo: NO_DIRECTIONAL_M5_CONFIRMATION
    Confirmaciones: 10/13 | 76.9% | calidad=78.00 | decisión=RECHAZADA
    Faltantes: desplazamiento, microestructura M5, cierre fuerte
    Críticas faltantes: DISPLACEMENT REQUIRED FOR LIVE ENTRY
    Rechazo técnico: desplazamiento no confirmado, microestructura M5 no confirmada, cierre fuerte no confirmado, calidad de la operación insuficiente, falta una confirmación estructural crítica, porcentaje de confirmaciones inferior al 80%
[05/09] START Volatility 150 (1s) Index
[05/09] END   Volatility 150 (1s) Index | 0.01s | NO M15 SETUP
    Motivo: NO_DIRECTIONAL_M15_SETUP
[06/09] START Volatility 30 (1s) Index
[06/09] END   Volatility 30 (1s) Index | 0.00s | INSTRUMENTO EN CUARENTENA DE RIESGO
    Motivo: cuarentena temporal por desviación marginal de ejecución
[07/09] START Volatility 50 (1s) Index
[07/09] END   Volatility 50 (1s) Index | 0.73s | STALE M5 SIGNAL
    Motivo: M5_CONFIRMATION_TOO_OLD_FOR_LIVE_ENTRY
[08/09] START Volatility 90 (1s) Index
[08/09] END   Volatility 90 (1s) Index | 0.01s | NO M15 SETUP
    Motivo: NO_DIRECTIONAL_M15_SETUP
[09/09] START VolSwitch Medium Vol Index
[09/09] END   VolSwitch Medium Vol Index | 0.01s | NO M15 SETUP
    Motivo: NO_DIRECTIONAL_M15_SETUP
----------------------------------------------------------------------------------------
RESUMEN DEL CICLO #0021
Símbolos analizados: 9
Sin señal: 0
Esperando/otros: 8
Señales rechazadas: 1
Bloqueadas por estado/límites: 0
Validadas DRY RUN: 0
Nuevas órdenes: 0
Operaciones cerradas sincronizadas: 0
Errores: 0
Duración del ciclo: 4.62s
Intervalo objetivo: 30s
Próximo ciclo en: 25.38s
----------------------------------------------------------------------------------------

========================================================================================
CICLO #0022 | 2026-09-03 13:35:42 UTC | símbolos=0
========================================================================================
----------------------------------------------------------------------------------------
RESUMEN DEL CICLO #0022
Símbolos analizados: 0
Sin señal: 0
Esperando/otros: 0
Señales rechazadas: 0
Bloqueadas por estado/límites: 0
Validadas DRY RUN: 0
Nuevas órdenes: 0
Operaciones cerradas sincronizadas: 0
Errores: 0
Duración del ciclo: 0.05s
Intervalo objetivo: 30s
Próximo ciclo en: 29.95s
----------------------------------------------------------------------------------------

========================================================================================
CICLO #0023 | 2026-09-03 13:36:12 UTC | símbolos=0
========================================================================================
----------------------------------------------------------------------------------------
RESUMEN DEL CICLO #0023
Símbolos analizados: 0
Sin señal: 0
Esperando/otros: 0
Señales rechazadas: 0
Bloqueadas por estado/límites: 0
Validadas DRY RUN: 0
Nuevas órdenes: 0
Operaciones cerradas sincronizadas: 0
Errores: 0
Duración del ciclo: 0.03s
Intervalo objetivo: 30s
Próximo ciclo en: 29.97s
----------------------------------------------------------------------------------------

========================================================================================
CICLO #0024 | 2026-09-03 13:36:42 UTC | símbolos=0
========================================================================================
----------------------------------------------------------------------------------------
RESUMEN DEL CICLO #0024
Símbolos analizados: 0
Sin señal: 0
Esperando/otros: 0
Señales rechazadas: 0
Bloqueadas por estado/límites: 0
Validadas DRY RUN: 0
Nuevas órdenes: 0
Operaciones cerradas sincronizadas: 0
Errores: 0
Duración del ciclo: 0.03s
Intervalo objetivo: 30s
Próximo ciclo en: 29.97s
----------------------------------------------------------------------------------------

========================================================================================
CICLO #0025 | 2026-09-03 13:37:12 UTC | símbolos=0
========================================================================================
----------------------------------------------------------------------------------------
RESUMEN DEL CICLO #0025
Símbolos analizados: 0
Sin señal: 0
Esperando/otros: 0
Señales rechazadas: 0
Bloqueadas por estado/límites: 0
Validadas DRY RUN: 0
Nuevas órdenes: 0
Operaciones cerradas sincronizadas: 0
Errores: 0
Duración del ciclo: 0.07s
Intervalo objetivo: 30s
Próximo ciclo en: 29.93s
----------------------------------------------------------------------------------------

========================================================================================
CICLO #0026 | 2026-09-03 13:37:42 UTC | símbolos=0
========================================================================================
----------------------------------------------------------------------------------------
RESUMEN DEL CICLO #0026
Símbolos analizados: 0
Sin señal: 0
Esperando/otros: 0
Señales rechazadas: 0
Bloqueadas por estado/límites: 0
Validadas DRY RUN: 0
Nuevas órdenes: 0
Operaciones cerradas sincronizadas: 0
Errores: 0
Duración del ciclo: 0.03s
Intervalo objetivo: 30s
Próximo ciclo en: 29.97s
----------------------------------------------------------------------------------------

========================================================================================
CICLO #0027 | 2026-09-03 13:38:12 UTC | símbolos=0
========================================================================================
----------------------------------------------------------------------------------------
RESUMEN DEL CICLO #0027
Símbolos analizados: 0
Sin señal: 0
Esperando/otros: 0
Señales rechazadas: 0
Bloqueadas por estado/límites: 0
Validadas DRY RUN: 0
Nuevas órdenes: 0
Operaciones cerradas sincronizadas: 0
Errores: 0
Duración del ciclo: 0.05s
Intervalo objetivo: 30s
Próximo ciclo en: 29.95s
----------------------------------------------------------------------------------------

========================================================================================
CICLO #0028 | 2026-09-03 13:38:42 UTC | símbolos=0
========================================================================================
----------------------------------------------------------------------------------------
RESUMEN DEL CICLO #0028
Símbolos analizados: 0
Sin señal: 0
Esperando/otros: 0
Señales rechazadas: 0
Bloqueadas por estado/límites: 0
Validadas DRY RUN: 0
Nuevas órdenes: 0
Operaciones cerradas sincronizadas: 0
Errores: 0
Duración del ciclo: 0.03s
Intervalo objetivo: 30s
Próximo ciclo en: 29.97s
----------------------------------------------------------------------------------------

========================================================================================
CICLO #0029 | 2026-09-03 13:39:12 UTC | símbolos=0
========================================================================================
----------------------------------------------------------------------------------------
RESUMEN DEL CICLO #0029
Símbolos analizados: 0
Sin señal: 0
Esperando/otros: 0
Señales rechazadas: 0
Bloqueadas por estado/límites: 0
Validadas DRY RUN: 0
Nuevas órdenes: 0
Operaciones cerradas sincronizadas: 0
Errores: 0
Duración del ciclo: 0.03s
Intervalo objetivo: 30s
Próximo ciclo en: 29.97s
----------------------------------------------------------------------------------------

========================================================================================
CICLO #0030 | 2026-09-03 13:39:42 UTC | símbolos=0
========================================================================================
----------------------------------------------------------------------------------------
RESUMEN DEL CICLO #0030
Símbolos analizados: 0
Sin señal: 0
Esperando/otros: 0
Señales rechazadas: 0
Bloqueadas por estado/límites: 0
Validadas DRY RUN: 0
Nuevas órdenes: 0
Operaciones cerradas sincronizadas: 0
Errores: 0
Duración del ciclo: 0.03s
Intervalo objetivo: 30s
Próximo ciclo en: 29.97s
----------------------------------------------------------------------------------------

========================================================================================
CICLO #0031 | 2026-09-03 13:40:12 UTC | símbolos=9
========================================================================================
[01/09] START High Frequency Vol 25 Index
[01/09] END   High Frequency Vol 25 Index | 2.33s | WAITING M5 AFTER M15
    Motivo: M5_CONFIRMATIONS_EXIST_BUT_ALL_PRECEDE_LATEST_M15_SETUP
[02/09] START Vol over Boom 400
[02/09] END   Vol over Boom 400 | 0.01s | DIRECCIÓN BLOQUEADA POR POLÍTICA DEL INSTRUMENTO
    Motivo: BOOM_BUY_ONLY_REQUIRES_BUY_H1_CONTEXT
[03/09] START Vol over Crash 550
[03/09] END   Vol over Crash 550 | 0.45s | NO M5 CONFIRMATION
    Motivo: NO_DIRECTIONAL_M5_CONFIRMATION
[04/09] START Volatility 100 (1s) Index
[04/09] END   Volatility 100 (1s) Index | 0.74s | NO M5 CONFIRMATION
    Motivo: NO_DIRECTIONAL_M5_CONFIRMATION
    Confirmaciones: 10/13 | 76.9% | calidad=78.00 | decisión=RECHAZADA
    Faltantes: desplazamiento, microestructura M5, cierre fuerte
    Críticas faltantes: DISPLACEMENT REQUIRED FOR LIVE ENTRY
    Rechazo técnico: desplazamiento no confirmado, microestructura M5 no confirmada, cierre fuerte no confirmado, calidad de la operación insuficiente, falta una confirmación estructural crítica, porcentaje de confirmaciones inferior al 80%
[05/09] START Volatility 150 (1s) Index
[05/09] END   Volatility 150 (1s) Index | 0.01s | NO M15 SETUP
    Motivo: NO_DIRECTIONAL_M15_SETUP
[06/09] START Volatility 30 (1s) Index
[06/09] END   Volatility 30 (1s) Index | 0.00s | INSTRUMENTO EN CUARENTENA DE RIESGO
    Motivo: cuarentena temporal por desviación marginal de ejecución
[07/09] START Volatility 50 (1s) Index
[07/09] END   Volatility 50 (1s) Index | 0.68s | STALE M5 SIGNAL
    Motivo: M5_CONFIRMATION_TOO_OLD_FOR_LIVE_ENTRY
[08/09] START Volatility 90 (1s) Index
[08/09] END   Volatility 90 (1s) Index | 0.01s | NO M15 SETUP
    Motivo: NO_DIRECTIONAL_M15_SETUP
[09/09] START VolSwitch Medium Vol Index
[09/09] END   VolSwitch Medium Vol Index | 0.01s | NO M15 SETUP
    Motivo: NO_DIRECTIONAL_M15_SETUP
----------------------------------------------------------------------------------------
RESUMEN DEL CICLO #0031
Símbolos analizados: 9
Sin señal: 0
Esperando/otros: 8
Señales rechazadas: 1
Bloqueadas por estado/límites: 0
Validadas DRY RUN: 0
Nuevas órdenes: 0
Operaciones cerradas sincronizadas: 0
Errores: 0
Duración del ciclo: 4.30s
Intervalo objetivo: 30s
Próximo ciclo en: 25.70s
----------------------------------------------------------------------------------------

========================================================================================
CICLO #0032 | 2026-09-03 13:40:42 UTC | símbolos=0
========================================================================================
----------------------------------------------------------------------------------------
RESUMEN DEL CICLO #0032
Símbolos analizados: 0
Sin señal: 0
Esperando/otros: 0
Señales rechazadas: 0
Bloqueadas por estado/límites: 0
Validadas DRY RUN: 0
Nuevas órdenes: 0
Operaciones cerradas sincronizadas: 0
Errores: 0
Duración del ciclo: 0.02s
Intervalo objetivo: 30s
Próximo ciclo en: 29.98s
----------------------------------------------------------------------------------------

========================================================================================
CICLO #0033 | 2026-09-03 13:41:12 UTC | símbolos=0
========================================================================================
----------------------------------------------------------------------------------------
RESUMEN DEL CICLO #0033
Símbolos analizados: 0
Sin señal: 0
Esperando/otros: 0
Señales rechazadas: 0
Bloqueadas por estado/límites: 0
Validadas DRY RUN: 0
Nuevas órdenes: 0
Operaciones cerradas sincronizadas: 0
Errores: 0
Duración del ciclo: 0.03s
Intervalo objetivo: 30s
Próximo ciclo en: 29.97s
----------------------------------------------------------------------------------------

========================================================================================
CICLO #0034 | 2026-09-03 13:41:42 UTC | símbolos=0
========================================================================================
----------------------------------------------------------------------------------------
RESUMEN DEL CICLO #0034
Símbolos analizados: 0
Sin señal: 0
Esperando/otros: 0
Señales rechazadas: 0
Bloqueadas por estado/límites: 0
Validadas DRY RUN: 0
Nuevas órdenes: 0
Operaciones cerradas sincronizadas: 0
Errores: 0
Duración del ciclo: 0.02s
Intervalo objetivo: 30s
Próximo ciclo en: 29.98s
----------------------------------------------------------------------------------------

========================================================================================
CICLO #0035 | 2026-09-03 13:42:12 UTC | símbolos=0
========================================================================================
----------------------------------------------------------------------------------------
RESUMEN DEL CICLO #0035
Símbolos analizados: 0
Sin señal: 0
Esperando/otros: 0
Señales rechazadas: 0
Bloqueadas por estado/límites: 0
Validadas DRY RUN: 0
Nuevas órdenes: 0
Operaciones cerradas sincronizadas: 0
Errores: 0
Duración del ciclo: 0.02s
Intervalo objetivo: 30s
Próximo ciclo en: 29.98s
----------------------------------------------------------------------------------------

========================================================================================
CICLO #0036 | 2026-09-03 13:42:42 UTC | símbolos=0
========================================================================================
----------------------------------------------------------------------------------------
RESUMEN DEL CICLO #0036
Símbolos analizados: 0
Sin señal: 0
Esperando/otros: 0
Señales rechazadas: 0
Bloqueadas por estado/límites: 0
Validadas DRY RUN: 0
Nuevas órdenes: 0
Operaciones cerradas sincronizadas: 0
Errores: 0
Duración del ciclo: 0.02s
Intervalo objetivo: 30s
Próximo ciclo en: 29.98s
----------------------------------------------------------------------------------------

========================================================================================
CICLO #0037 | 2026-09-03 13:43:12 UTC | símbolos=0
========================================================================================
----------------------------------------------------------------------------------------
RESUMEN DEL CICLO #0037
Símbolos analizados: 0
Sin señal: 0
Esperando/otros: 0
Señales rechazadas: 0
Bloqueadas por estado/límites: 0
Validadas DRY RUN: 0
Nuevas órdenes: 0
Operaciones cerradas sincronizadas: 0
Errores: 0
Duración del ciclo: 0.03s
Intervalo objetivo: 30s
Próximo ciclo en: 29.97s
----------------------------------------------------------------------------------------

========================================================================================
CICLO #0038 | 2026-09-03 13:43:42 UTC | símbolos=0
========================================================================================
----------------------------------------------------------------------------------------
RESUMEN DEL CICLO #0038
Símbolos analizados: 0
Sin señal: 0
Esperando/otros: 0
Señales rechazadas: 0
Bloqueadas por estado/límites: 0
Validadas DRY RUN: 0
Nuevas órdenes: 0
Operaciones cerradas sincronizadas: 0
Errores: 0
Duración del ciclo: 0.03s
Intervalo objetivo: 30s
Próximo ciclo en: 29.97s
----------------------------------------------------------------------------------------

========================================================================================
CICLO #0039 | 2026-09-03 13:44:12 UTC | símbolos=0
========================================================================================
----------------------------------------------------------------------------------------
RESUMEN DEL CICLO #0039
Símbolos analizados: 0
Sin señal: 0
Esperando/otros: 0
Señales rechazadas: 0
Bloqueadas por estado/límites: 0
Validadas DRY RUN: 0
Nuevas órdenes: 0
Operaciones cerradas sincronizadas: 0
Errores: 0
Duración del ciclo: 0.03s
Intervalo objetivo: 30s
Próximo ciclo en: 29.97s
----------------------------------------------------------------------------------------

========================================================================================
CICLO #0040 | 2026-09-03 13:44:42 UTC | símbolos=0
========================================================================================
----------------------------------------------------------------------------------------
RESUMEN DEL CICLO #0040
Símbolos analizados: 0
Sin señal: 0
Esperando/otros: 0
Señales rechazadas: 0
Bloqueadas por estado/límites: 0
Validadas DRY RUN: 0
Nuevas órdenes: 0
Operaciones cerradas sincronizadas: 0
Errores: 0
Duración del ciclo: 0.02s
Intervalo objetivo: 30s
Próximo ciclo en: 29.98s
----------------------------------------------------------------------------------------

========================================================================================
CICLO #0041 | 2026-09-03 13:45:12 UTC | símbolos=9
========================================================================================
[01/09] START High Frequency Vol 25 Index
[01/09] END   High Frequency Vol 25 Index | 5.08s | WAITING M5 AFTER M15
    Motivo: M5_CONFIRMATIONS_EXIST_BUT_ALL_PRECEDE_LATEST_M15_SETUP
[02/09] START Vol over Boom 400
[02/09] END   Vol over Boom 400 | 0.02s | DIRECCIÓN BLOQUEADA POR POLÍTICA DEL INSTRUMENTO
    Motivo: BOOM_BUY_ONLY_REQUIRES_BUY_H1_CONTEXT
[03/09] START Vol over Crash 550
[03/09] END   Vol over Crash 550 | 2.43s | NO M5 CONFIRMATION
    Motivo: NO_DIRECTIONAL_M5_CONFIRMATION
[04/09] START Volatility 100 (1s) Index
[04/09] END   Volatility 100 (1s) Index | 3.26s | NO M5 CONFIRMATION
    Motivo: NO_DIRECTIONAL_M5_CONFIRMATION
    Confirmaciones: 10/13 | 76.9% | calidad=78.00 | decisión=RECHAZADA
    Faltantes: desplazamiento, microestructura M5, cierre fuerte
    Críticas faltantes: DISPLACEMENT REQUIRED FOR LIVE ENTRY
    Rechazo técnico: desplazamiento no confirmado, microestructura M5 no confirmada, cierre fuerte no confirmado, calidad de la operación insuficiente, falta una confirmación estructural crítica, porcentaje de confirmaciones inferior al 80%
[05/09] START Volatility 150 (1s) Index
[05/09] END   Volatility 150 (1s) Index | 0.77s | NO M15 SETUP
    Motivo: NO_DIRECTIONAL_M15_SETUP
[06/09] START Volatility 30 (1s) Index
[06/09] END   Volatility 30 (1s) Index | 0.01s | INSTRUMENTO EN CUARENTENA DE RIESGO
    Motivo: cuarentena temporal por desviación marginal de ejecución
[07/09] START Volatility 50 (1s) Index
[07/09] END   Volatility 50 (1s) Index | 2.85s | STALE M5 SIGNAL
    Motivo: M5_CONFIRMATION_TOO_OLD_FOR_LIVE_ENTRY
[08/09] START Volatility 90 (1s) Index
[08/09] END   Volatility 90 (1s) Index | 0.78s | NO M15 SETUP
    Motivo: NO_DIRECTIONAL_M15_SETUP
[09/09] START VolSwitch Medium Vol Index
[09/09] END   VolSwitch Medium Vol Index | 0.81s | NO M15 SETUP
    Motivo: NO_DIRECTIONAL_M15_SETUP
----------------------------------------------------------------------------------------
RESUMEN DEL CICLO #0041
Símbolos analizados: 9
Sin señal: 0
Esperando/otros: 8
Señales rechazadas: 1
Bloqueadas por estado/límites: 0
Validadas DRY RUN: 0
Nuevas órdenes: 0
Operaciones cerradas sincronizadas: 0
Errores: 0
Duración del ciclo: 16.12s
Intervalo objetivo: 30s
Próximo ciclo en: 13.88s
----------------------------------------------------------------------------------------

========================================================================================
CICLO #0042 | 2026-09-03 13:45:42 UTC | símbolos=0
========================================================================================
----------------------------------------------------------------------------------------
RESUMEN DEL CICLO #0042
Símbolos analizados: 0
Sin señal: 0
Esperando/otros: 0
Señales rechazadas: 0
Bloqueadas por estado/límites: 0
Validadas DRY RUN: 0
Nuevas órdenes: 0
Operaciones cerradas sincronizadas: 0
Errores: 0
Duración del ciclo: 11.53s
Intervalo objetivo: 30s
Próximo ciclo en: 18.47s
----------------------------------------------------------------------------------------

========================================================================================
CICLO #0043 | 2026-09-03 13:46:12 UTC | símbolos=0
========================================================================================
----------------------------------------------------------------------------------------
RESUMEN DEL CICLO #0043
Símbolos analizados: 0
Sin señal: 0
Esperando/otros: 0
Señales rechazadas: 0
Bloqueadas por estado/límites: 0
Validadas DRY RUN: 0
Nuevas órdenes: 0
Operaciones cerradas sincronizadas: 0
Errores: 0
Duración del ciclo: 0.02s
Intervalo objetivo: 30s
Próximo ciclo en: 29.98s
----------------------------------------------------------------------------------------

========================================================================================
CICLO #0044 | 2026-09-03 13:46:42 UTC | símbolos=0
========================================================================================
----------------------------------------------------------------------------------------
RESUMEN DEL CICLO #0044
Símbolos analizados: 0
Sin señal: 0
Esperando/otros: 0
Señales rechazadas: 0
Bloqueadas por estado/límites: 0
Validadas DRY RUN: 0
Nuevas órdenes: 0
Operaciones cerradas sincronizadas: 0
Errores: 0
Duración del ciclo: 0.03s
Intervalo objetivo: 30s
Próximo ciclo en: 29.97s
----------------------------------------------------------------------------------------

========================================================================================
CICLO #0045 | 2026-09-03 13:47:12 UTC | símbolos=0
========================================================================================
----------------------------------------------------------------------------------------
RESUMEN DEL CICLO #0045
Símbolos analizados: 0
Sin señal: 0
Esperando/otros: 0
Señales rechazadas: 0
Bloqueadas por estado/límites: 0
Validadas DRY RUN: 0
Nuevas órdenes: 0
Operaciones cerradas sincronizadas: 0
Errores: 0
Duración del ciclo: 0.02s
Intervalo objetivo: 30s
Próximo ciclo en: 29.98s
----------------------------------------------------------------------------------------

========================================================================================
CICLO #0046 | 2026-09-03 13:47:42 UTC | símbolos=0
========================================================================================
----------------------------------------------------------------------------------------
RESUMEN DEL CICLO #0046
Símbolos analizados: 0
Sin señal: 0
Esperando/otros: 0
Señales rechazadas: 0
Bloqueadas por estado/límites: 0
Validadas DRY RUN: 0
Nuevas órdenes: 0
Operaciones cerradas sincronizadas: 0
Errores: 0
Duración del ciclo: 0.02s
Intervalo objetivo: 30s
Próximo ciclo en: 29.98s
----------------------------------------------------------------------------------------

========================================================================================
CICLO #0047 | 2026-09-03 13:48:12 UTC | símbolos=0
========================================================================================
----------------------------------------------------------------------------------------
RESUMEN DEL CICLO #0047
Símbolos analizados: 0
Sin señal: 0
Esperando/otros: 0
Señales rechazadas: 0
Bloqueadas por estado/límites: 0
Validadas DRY RUN: 0
Nuevas órdenes: 0
Operaciones cerradas sincronizadas: 0
Errores: 0
Duración del ciclo: 0.02s
Intervalo objetivo: 30s
Próximo ciclo en: 29.98s
----------------------------------------------------------------------------------------

========================================================================================
CICLO #0048 | 2026-09-03 13:48:42 UTC | símbolos=0
========================================================================================
----------------------------------------------------------------------------------------
RESUMEN DEL CICLO #0048
Símbolos analizados: 0
Sin señal: 0
Esperando/otros: 0
Señales rechazadas: 0
Bloqueadas por estado/límites: 0
Validadas DRY RUN: 0
Nuevas órdenes: 0
Operaciones cerradas sincronizadas: 0
Errores: 0
Duración del ciclo: 0.02s
Intervalo objetivo: 30s
Próximo ciclo en: 29.98s
----------------------------------------------------------------------------------------

========================================================================================
CICLO #0049 | 2026-09-03 13:49:12 UTC | símbolos=0
========================================================================================
----------------------------------------------------------------------------------------
RESUMEN DEL CICLO #0049
Símbolos analizados: 0
Sin señal: 0
Esperando/otros: 0
Señales rechazadas: 0
Bloqueadas por estado/límites: 0
Validadas DRY RUN: 0
Nuevas órdenes: 0
Operaciones cerradas sincronizadas: 0
Errores: 0
Duración del ciclo: 0.02s
Intervalo objetivo: 30s
Próximo ciclo en: 29.98s
----------------------------------------------------------------------------------------

========================================================================================
CICLO #0050 | 2026-09-03 13:49:42 UTC | símbolos=0
========================================================================================
----------------------------------------------------------------------------------------
RESUMEN DEL CICLO #0050
Símbolos analizados: 0
Sin señal: 0
Esperando/otros: 0
Señales rechazadas: 0
Bloqueadas por estado/límites: 0
Validadas DRY RUN: 0
Nuevas órdenes: 0
Operaciones cerradas sincronizadas: 0
Errores: 0
Duración del ciclo: 0.03s
Intervalo objetivo: 30s
Próximo ciclo en: 29.97s
----------------------------------------------------------------------------------------

========================================================================================
CICLO #0051 | 2026-09-03 13:50:12 UTC | símbolos=9
========================================================================================
[01/09] START High Frequency Vol 25 Index
[01/09] END   High Frequency Vol 25 Index | 2.60s | WAITING M5 AFTER M15
    Motivo: M5_CONFIRMATIONS_EXIST_BUT_ALL_PRECEDE_LATEST_M15_SETUP
[02/09] START Vol over Boom 400
[02/09] END   Vol over Boom 400 | 0.01s | DIRECCIÓN BLOQUEADA POR POLÍTICA DEL INSTRUMENTO
    Motivo: BOOM_BUY_ONLY_REQUIRES_BUY_H1_CONTEXT
[03/09] START Vol over Crash 550
[03/09] END   Vol over Crash 550 | 0.49s | NO M5 CONFIRMATION
    Motivo: NO_DIRECTIONAL_M5_CONFIRMATION
[04/09] START Volatility 100 (1s) Index
[04/09] END   Volatility 100 (1s) Index | 0.71s | NO M5 CONFIRMATION
    Motivo: NO_DIRECTIONAL_M5_CONFIRMATION
    Confirmaciones: 10/13 | 76.9% | calidad=78.00 | decisión=RECHAZADA
    Faltantes: desplazamiento, microestructura M5, cierre fuerte
    Críticas faltantes: DISPLACEMENT REQUIRED FOR LIVE ENTRY
    Rechazo técnico: desplazamiento no confirmado, microestructura M5 no confirmada, cierre fuerte no confirmado, calidad de la operación insuficiente, falta una confirmación estructural crítica, porcentaje de confirmaciones inferior al 80%
[05/09] START Volatility 150 (1s) Index
[05/09] END   Volatility 150 (1s) Index | 0.01s | NO M15 SETUP
    Motivo: NO_DIRECTIONAL_M15_SETUP
[06/09] START Volatility 30 (1s) Index
[06/09] END   Volatility 30 (1s) Index | 0.01s | INSTRUMENTO EN CUARENTENA DE RIESGO
    Motivo: cuarentena temporal por desviación marginal de ejecución
[07/09] START Volatility 50 (1s) Index
[07/09] END   Volatility 50 (1s) Index | 0.66s | STALE M5 SIGNAL
    Motivo: M5_CONFIRMATION_TOO_OLD_FOR_LIVE_ENTRY
[08/09] START Volatility 90 (1s) Index
[08/09] END   Volatility 90 (1s) Index | 0.01s | NO M15 SETUP
    Motivo: NO_DIRECTIONAL_M15_SETUP
[09/09] START VolSwitch Medium Vol Index
[09/09] END   VolSwitch Medium Vol Index | 0.01s | NO M15 SETUP
    Motivo: NO_DIRECTIONAL_M15_SETUP
----------------------------------------------------------------------------------------
RESUMEN DEL CICLO #0051
Símbolos analizados: 9
Sin señal: 0
Esperando/otros: 8
Señales rechazadas: 1
Bloqueadas por estado/límites: 0
Validadas DRY RUN: 0
Nuevas órdenes: 0
Operaciones cerradas sincronizadas: 0
Errores: 0
Duración del ciclo: 4.57s
Intervalo objetivo: 30s
Próximo ciclo en: 25.43s
----------------------------------------------------------------------------------------

========================================================================================
CICLO #0052 | 2026-09-03 13:50:42 UTC | símbolos=0
========================================================================================
----------------------------------------------------------------------------------------
RESUMEN DEL CICLO #0052
Símbolos analizados: 0
Sin señal: 0
Esperando/otros: 0
Señales rechazadas: 0
Bloqueadas por estado/límites: 0
Validadas DRY RUN: 0
Nuevas órdenes: 0
Operaciones cerradas sincronizadas: 0
Errores: 0
Duración del ciclo: 0.03s
Intervalo objetivo: 30s
Próximo ciclo en: 29.97s
----------------------------------------------------------------------------------------

========================================================================================
CICLO #0053 | 2026-09-03 13:51:12 UTC | símbolos=0
========================================================================================
----------------------------------------------------------------------------------------
RESUMEN DEL CICLO #0053
Símbolos analizados: 0
Sin señal: 0
Esperando/otros: 0
Señales rechazadas: 0
Bloqueadas por estado/límites: 0
Validadas DRY RUN: 0
Nuevas órdenes: 0
Operaciones cerradas sincronizadas: 0
Errores: 0
Duración del ciclo: 0.02s
Intervalo objetivo: 30s
Próximo ciclo en: 29.98s
----------------------------------------------------------------------------------------

========================================================================================
CICLO #0054 | 2026-09-03 13:51:42 UTC | símbolos=0
========================================================================================
----------------------------------------------------------------------------------------
RESUMEN DEL CICLO #0054
Símbolos analizados: 0
Sin señal: 0
Esperando/otros: 0
Señales rechazadas: 0
Bloqueadas por estado/límites: 0
Validadas DRY RUN: 0
Nuevas órdenes: 0
Operaciones cerradas sincronizadas: 0
Errores: 0
Duración del ciclo: 0.03s
Intervalo objetivo: 30s
Próximo ciclo en: 29.97s
----------------------------------------------------------------------------------------

========================================================================================
CICLO #0055 | 2026-09-03 13:52:12 UTC | símbolos=0
========================================================================================
----------------------------------------------------------------------------------------
RESUMEN DEL CICLO #0055
Símbolos analizados: 0
Sin señal: 0
Esperando/otros: 0
Señales rechazadas: 0
Bloqueadas por estado/límites: 0
Validadas DRY RUN: 0
Nuevas órdenes: 0
Operaciones cerradas sincronizadas: 0
Errores: 0
Duración del ciclo: 0.03s
Intervalo objetivo: 30s
Próximo ciclo en: 29.97s
----------------------------------------------------------------------------------------

========================================================================================
CICLO #0056 | 2026-09-03 13:52:42 UTC | símbolos=0
========================================================================================
----------------------------------------------------------------------------------------
RESUMEN DEL CICLO #0056
Símbolos analizados: 0
Sin señal: 0
Esperando/otros: 0
Señales rechazadas: 0
Bloqueadas por estado/límites: 0
Validadas DRY RUN: 0
Nuevas órdenes: 0
Operaciones cerradas sincronizadas: 0
Errores: 0
Duración del ciclo: 0.03s
Intervalo objetivo: 30s
Próximo ciclo en: 29.97s
----------------------------------------------------------------------------------------

========================================================================================
CICLO #0057 | 2026-09-03 13:53:12 UTC | símbolos=0
========================================================================================
----------------------------------------------------------------------------------------
RESUMEN DEL CICLO #0057
Símbolos analizados: 0
Sin señal: 0
Esperando/otros: 0
Señales rechazadas: 0
Bloqueadas por estado/límites: 0
Validadas DRY RUN: 0
Nuevas órdenes: 0
Operaciones cerradas sincronizadas: 0
Errores: 0
Duración del ciclo: 0.02s
Intervalo objetivo: 30s
Próximo ciclo en: 29.98s
----------------------------------------------------------------------------------------

========================================================================================
CICLO #0058 | 2026-09-03 13:53:42 UTC | símbolos=0
========================================================================================
----------------------------------------------------------------------------------------
RESUMEN DEL CICLO #0058
Símbolos analizados: 0
Sin señal: 0
Esperando/otros: 0
Señales rechazadas: 0
Bloqueadas por estado/límites: 0
Validadas DRY RUN: 0
Nuevas órdenes: 0
Operaciones cerradas sincronizadas: 0
Errores: 0
Duración del ciclo: 0.02s
Intervalo objetivo: 30s
Próximo ciclo en: 29.98s
----------------------------------------------------------------------------------------

========================================================================================
CICLO #0059 | 2026-09-03 13:54:12 UTC | símbolos=0
========================================================================================
----------------------------------------------------------------------------------------
RESUMEN DEL CICLO #0059
Símbolos analizados: 0
Sin señal: 0
Esperando/otros: 0
Señales rechazadas: 0
Bloqueadas por estado/límites: 0
Validadas DRY RUN: 0
Nuevas órdenes: 0
Operaciones cerradas sincronizadas: 0
Errores: 0
Duración del ciclo: 0.02s
Intervalo objetivo: 30s
Próximo ciclo en: 29.98s
----------------------------------------------------------------------------------------

========================================================================================
CICLO #0060 | 2026-09-03 13:54:42 UTC | símbolos=0
========================================================================================
----------------------------------------------------------------------------------------
RESUMEN DEL CICLO #0060
Símbolos analizados: 0
Sin señal: 0
Esperando/otros: 0
Señales rechazadas: 0
Bloqueadas por estado/límites: 0
Validadas DRY RUN: 0
Nuevas órdenes: 0
Operaciones cerradas sincronizadas: 0
Errores: 0
Duración del ciclo: 0.02s
Intervalo objetivo: 30s
Próximo ciclo en: 29.98s
----------------------------------------------------------------------------------------

========================================================================================
CICLO #0061 | 2026-09-03 13:55:12 UTC | símbolos=9
========================================================================================
[01/09] START High Frequency Vol 25 Index
[01/09] END   High Frequency Vol 25 Index | 2.40s | WAITING M5 AFTER M15
    Motivo: M5_CONFIRMATIONS_EXIST_BUT_ALL_PRECEDE_LATEST_M15_SETUP
[02/09] START Vol over Boom 400
[02/09] END   Vol over Boom 400 | 0.01s | DIRECCIÓN BLOQUEADA POR POLÍTICA DEL INSTRUMENTO
    Motivo: BOOM_BUY_ONLY_REQUIRES_BUY_H1_CONTEXT
[03/09] START Vol over Crash 550
[03/09] END   Vol over Crash 550 | 0.41s | NO M5 CONFIRMATION
    Motivo: NO_DIRECTIONAL_M5_CONFIRMATION
[04/09] START Volatility 100 (1s) Index
[04/09] END   Volatility 100 (1s) Index | 0.67s | NO M5 CONFIRMATION
    Motivo: NO_DIRECTIONAL_M5_CONFIRMATION
    Confirmaciones: 10/13 | 76.9% | calidad=78.00 | decisión=RECHAZADA
    Faltantes: desplazamiento, microestructura M5, cierre fuerte
    Críticas faltantes: DISPLACEMENT REQUIRED FOR LIVE ENTRY
    Rechazo técnico: desplazamiento no confirmado, microestructura M5 no confirmada, cierre fuerte no confirmado, calidad de la operación insuficiente, falta una confirmación estructural crítica, porcentaje de confirmaciones inferior al 80%
[05/09] START Volatility 150 (1s) Index
[05/09] END   Volatility 150 (1s) Index | 0.01s | NO M15 SETUP
    Motivo: NO_DIRECTIONAL_M15_SETUP
[06/09] START Volatility 30 (1s) Index
[06/09] END   Volatility 30 (1s) Index | 0.00s | INSTRUMENTO EN CUARENTENA DE RIESGO
    Motivo: cuarentena temporal por desviación marginal de ejecución
[07/09] START Volatility 50 (1s) Index
[07/09] END   Volatility 50 (1s) Index | 0.67s | STALE M5 SIGNAL
    Motivo: M5_CONFIRMATION_TOO_OLD_FOR_LIVE_ENTRY
[08/09] START Volatility 90 (1s) Index
[08/09] END   Volatility 90 (1s) Index | 0.01s | NO M15 SETUP
    Motivo: NO_DIRECTIONAL_M15_SETUP
[09/09] START VolSwitch Medium Vol Index
[09/09] END   VolSwitch Medium Vol Index | 0.01s | NO M15 SETUP
    Motivo: NO_DIRECTIONAL_M15_SETUP
----------------------------------------------------------------------------------------
RESUMEN DEL CICLO #0061
Símbolos analizados: 9
Sin señal: 0
Esperando/otros: 8
Señales rechazadas: 1
Bloqueadas por estado/límites: 0
Validadas DRY RUN: 0
Nuevas órdenes: 0
Operaciones cerradas sincronizadas: 0
Errores: 0
Duración del ciclo: 4.25s
Intervalo objetivo: 30s
Próximo ciclo en: 25.75s
----------------------------------------------------------------------------------------

========================================================================================
CICLO #0062 | 2026-09-03 13:55:42 UTC | símbolos=0
========================================================================================
----------------------------------------------------------------------------------------
RESUMEN DEL CICLO #0062
Símbolos analizados: 0
Sin señal: 0
Esperando/otros: 0
Señales rechazadas: 0
Bloqueadas por estado/límites: 0
Validadas DRY RUN: 0
Nuevas órdenes: 0
Operaciones cerradas sincronizadas: 0
Errores: 0
Duración del ciclo: 0.02s
Intervalo objetivo: 30s
Próximo ciclo en: 29.98s
----------------------------------------------------------------------------------------

========================================================================================
CICLO #0063 | 2026-09-03 13:56:12 UTC | símbolos=0
========================================================================================
----------------------------------------------------------------------------------------
RESUMEN DEL CICLO #0063
Símbolos analizados: 0
Sin señal: 0
Esperando/otros: 0
Señales rechazadas: 0
Bloqueadas por estado/límites: 0
Validadas DRY RUN: 0
Nuevas órdenes: 0
Operaciones cerradas sincronizadas: 0
Errores: 0
Duración del ciclo: 0.02s
Intervalo objetivo: 30s
Próximo ciclo en: 29.98s
----------------------------------------------------------------------------------------

========================================================================================
CICLO #0064 | 2026-09-03 13:56:42 UTC | símbolos=0
========================================================================================
----------------------------------------------------------------------------------------
RESUMEN DEL CICLO #0064
Símbolos analizados: 0
Sin señal: 0
Esperando/otros: 0
Señales rechazadas: 0
Bloqueadas por estado/límites: 0
Validadas DRY RUN: 0
Nuevas órdenes: 0
Operaciones cerradas sincronizadas: 0
Errores: 0
Duración del ciclo: 0.02s
Intervalo objetivo: 30s
Próximo ciclo en: 29.98s
----------------------------------------------------------------------------------------

========================================================================================
CICLO #0065 | 2026-09-03 13:57:12 UTC | símbolos=0
========================================================================================
----------------------------------------------------------------------------------------
RESUMEN DEL CICLO #0065
Símbolos analizados: 0
Sin señal: 0
Esperando/otros: 0
Señales rechazadas: 0
Bloqueadas por estado/límites: 0
Validadas DRY RUN: 0
Nuevas órdenes: 0
Operaciones cerradas sincronizadas: 0
Errores: 0
Duración del ciclo: 0.02s
Intervalo objetivo: 30s
Próximo ciclo en: 29.98s
----------------------------------------------------------------------------------------

========================================================================================
CICLO #0066 | 2026-09-03 13:57:42 UTC | símbolos=0
========================================================================================
----------------------------------------------------------------------------------------
RESUMEN DEL CICLO #0066
Símbolos analizados: 0
Sin señal: 0
Esperando/otros: 0
Señales rechazadas: 0
Bloqueadas por estado/límites: 0
Validadas DRY RUN: 0
Nuevas órdenes: 0
Operaciones cerradas sincronizadas: 0
Errores: 0
Duración del ciclo: 0.02s
Intervalo objetivo: 30s
Próximo ciclo en: 29.98s
----------------------------------------------------------------------------------------

========================================================================================
CICLO #0067 | 2026-09-03 13:58:12 UTC | símbolos=0
========================================================================================
----------------------------------------------------------------------------------------
RESUMEN DEL CICLO #0067
Símbolos analizados: 0
Sin señal: 0
Esperando/otros: 0
Señales rechazadas: 0
Bloqueadas por estado/límites: 0
Validadas DRY RUN: 0
Nuevas órdenes: 0
Operaciones cerradas sincronizadas: 0
Errores: 0
Duración del ciclo: 0.02s
Intervalo objetivo: 30s
Próximo ciclo en: 29.98s
----------------------------------------------------------------------------------------

========================================================================================
CICLO #0068 | 2026-09-03 13:58:42 UTC | símbolos=0
========================================================================================
----------------------------------------------------------------------------------------
RESUMEN DEL CICLO #0068
Símbolos analizados: 0
Sin señal: 0
Esperando/otros: 0
Señales rechazadas: 0
Bloqueadas por estado/límites: 0
Validadas DRY RUN: 0
Nuevas órdenes: 0
Operaciones cerradas sincronizadas: 0
Errores: 0
Duración del ciclo: 0.02s
Intervalo objetivo: 30s
Próximo ciclo en: 29.98s
----------------------------------------------------------------------------------------

========================================================================================
CICLO #0069 | 2026-09-03 13:59:12 UTC | símbolos=0
========================================================================================
----------------------------------------------------------------------------------------
RESUMEN DEL CICLO #0069
Símbolos analizados: 0
Sin señal: 0
Esperando/otros: 0
Señales rechazadas: 0
Bloqueadas por estado/límites: 0
Validadas DRY RUN: 0
Nuevas órdenes: 0
Operaciones cerradas sincronizadas: 0
Errores: 0
Duración del ciclo: 0.02s
Intervalo objetivo: 30s
Próximo ciclo en: 29.98s
----------------------------------------------------------------------------------------

========================================================================================
CICLO #0070 | 2026-09-03 13:59:42 UTC | símbolos=0
========================================================================================
----------------------------------------------------------------------------------------
RESUMEN DEL CICLO #0070
Símbolos analizados: 0
Sin señal: 0
Esperando/otros: 0
Señales rechazadas: 0
Bloqueadas por estado/límites: 0
Validadas DRY RUN: 0
Nuevas órdenes: 0
Operaciones cerradas sincronizadas: 0
Errores: 0
Duración del ciclo: 0.02s
Intervalo objetivo: 30s
Próximo ciclo en: 29.98s
----------------------------------------------------------------------------------------

========================================================================================
CICLO #0071 | 2026-09-03 14:00:12 UTC | símbolos=9
========================================================================================
[01/09] START High Frequency Vol 25 Index
[01/09] END   High Frequency Vol 25 Index | 8.07s | WAITING M5 AFTER M15
    Motivo: M5_CONFIRMATIONS_EXIST_BUT_ALL_PRECEDE_LATEST_M15_SETUP
[02/09] START Vol over Boom 400
[02/09] END   Vol over Boom 400 | 0.95s | DIRECCIÓN BLOQUEADA POR POLÍTICA DEL INSTRUMENTO
    Motivo: BOOM_BUY_ONLY_REQUIRES_BUY_H1_CONTEXT
[03/09] START Vol over Crash 550
[03/09] END   Vol over Crash 550 | 3.25s | NO M5 CONFIRMATION
    Motivo: NO_DIRECTIONAL_M5_CONFIRMATION
[04/09] START Volatility 100 (1s) Index
[04/09] END   Volatility 100 (1s) Index | 4.71s | NO M5 CONFIRMATION
    Motivo: NO_DIRECTIONAL_M5_CONFIRMATION
    Confirmaciones: 10/13 | 76.9% | calidad=78.00 | decisión=RECHAZADA
    Faltantes: desplazamiento, microestructura M5, cierre fuerte
    Críticas faltantes: DISPLACEMENT REQUIRED FOR LIVE ENTRY
    Rechazo técnico: desplazamiento no confirmado, microestructura M5 no confirmada, cierre fuerte no confirmado, calidad de la operación insuficiente, falta una confirmación estructural crítica, porcentaje de confirmaciones inferior al 80%
[05/09] START Volatility 150 (1s) Index
[05/09] END   Volatility 150 (1s) Index | 2.94s | NO M15 SETUP
    Motivo: NO_DIRECTIONAL_M15_SETUP
[06/09] START Volatility 30 (1s) Index
[06/09] END   Volatility 30 (1s) Index | 0.01s | INSTRUMENTO EN CUARENTENA DE RIESGO
    Motivo: cuarentena temporal por desviación marginal de ejecución
[07/09] START Volatility 50 (1s) Index
[07/09] END   Volatility 50 (1s) Index | 4.57s | STALE M5 SIGNAL
    Motivo: M5_CONFIRMATION_TOO_OLD_FOR_LIVE_ENTRY
[08/09] START Volatility 90 (1s) Index
[08/09] END   Volatility 90 (1s) Index | 2.31s | NO M15 SETUP
    Motivo: NO_DIRECTIONAL_M15_SETUP
[09/09] START VolSwitch Medium Vol Index
[09/09] END   VolSwitch Medium Vol Index | 2.47s | NO M15 SETUP
    Motivo: NO_DIRECTIONAL_M15_SETUP
----------------------------------------------------------------------------------------
RESUMEN DEL CICLO #0071
Símbolos analizados: 9
Sin señal: 0
Esperando/otros: 8
Señales rechazadas: 1
Bloqueadas por estado/límites: 0
Validadas DRY RUN: 0
Nuevas órdenes: 0
Operaciones cerradas sincronizadas: 0
Errores: 0
Duración del ciclo: 29.36s
Intervalo objetivo: 30s
Próximo ciclo en: 0.64s
----------------------------------------------------------------------------------------

========================================================================================
CICLO #0072 | 2026-09-03 14:00:42 UTC | símbolos=0
========================================================================================
----------------------------------------------------------------------------------------
RESUMEN DEL CICLO #0072
Símbolos analizados: 0
Sin señal: 0
Esperando/otros: 0
Señales rechazadas: 0
Bloqueadas por estado/límites: 0
Validadas DRY RUN: 0
Nuevas órdenes: 0
Operaciones cerradas sincronizadas: 0
Errores: 0
Duración del ciclo: 0.03s
Intervalo objetivo: 30s
Próximo ciclo en: 29.97s
----------------------------------------------------------------------------------------

========================================================================================
CICLO #0073 | 2026-09-03 14:01:12 UTC | símbolos=0
========================================================================================
----------------------------------------------------------------------------------------
RESUMEN DEL CICLO #0073
Símbolos analizados: 0
Sin señal: 0
Esperando/otros: 0
Señales rechazadas: 0
Bloqueadas por estado/límites: 0
Validadas DRY RUN: 0
Nuevas órdenes: 0
Operaciones cerradas sincronizadas: 0
Errores: 0
Duración del ciclo: 0.02s
Intervalo objetivo: 30s
Próximo ciclo en: 29.98s
----------------------------------------------------------------------------------------

========================================================================================
CICLO #0074 | 2026-09-03 14:01:42 UTC | símbolos=0
========================================================================================
----------------------------------------------------------------------------------------
RESUMEN DEL CICLO #0074
Símbolos analizados: 0
Sin señal: 0
Esperando/otros: 0
Señales rechazadas: 0
Bloqueadas por estado/límites: 0
Validadas DRY RUN: 0
Nuevas órdenes: 0
Operaciones cerradas sincronizadas: 0
Errores: 0
Duración del ciclo: 0.02s
Intervalo objetivo: 30s
Próximo ciclo en: 29.98s
----------------------------------------------------------------------------------------

========================================================================================
CICLO #0075 | 2026-09-03 14:02:12 UTC | símbolos=0
========================================================================================
----------------------------------------------------------------------------------------
RESUMEN DEL CICLO #0075
Símbolos analizados: 0
Sin señal: 0
Esperando/otros: 0
Señales rechazadas: 0
Bloqueadas por estado/límites: 0
Validadas DRY RUN: 0
Nuevas órdenes: 0
Operaciones cerradas sincronizadas: 0
Errores: 0
Duración del ciclo: 0.02s
Intervalo objetivo: 30s
Próximo ciclo en: 29.98s
----------------------------------------------------------------------------------------

========================================================================================
CICLO #0076 | 2026-09-03 14:02:42 UTC | símbolos=0
========================================================================================
----------------------------------------------------------------------------------------
RESUMEN DEL CICLO #0076
Símbolos analizados: 0
Sin señal: 0
Esperando/otros: 0
Señales rechazadas: 0
Bloqueadas por estado/límites: 0
Validadas DRY RUN: 0
Nuevas órdenes: 0
Operaciones cerradas sincronizadas: 0
Errores: 0
Duración del ciclo: 0.03s
Intervalo objetivo: 30s
Próximo ciclo en: 29.97s
----------------------------------------------------------------------------------------

========================================================================================
CICLO #0077 | 2026-09-03 14:03:12 UTC | símbolos=0
========================================================================================
----------------------------------------------------------------------------------------
RESUMEN DEL CICLO #0077
Símbolos analizados: 0
Sin señal: 0
Esperando/otros: 0
Señales rechazadas: 0
Bloqueadas por estado/límites: 0
Validadas DRY RUN: 0
Nuevas órdenes: 0
Operaciones cerradas sincronizadas: 0
Errores: 0
Duración del ciclo: 0.02s
Intervalo objetivo: 30s
Próximo ciclo en: 29.98s
----------------------------------------------------------------------------------------

========================================================================================
CICLO #0078 | 2026-09-03 14:03:42 UTC | símbolos=0
========================================================================================
----------------------------------------------------------------------------------------
RESUMEN DEL CICLO #0078
Símbolos analizados: 0
Sin señal: 0
Esperando/otros: 0
Señales rechazadas: 0
Bloqueadas por estado/límites: 0
Validadas DRY RUN: 0
Nuevas órdenes: 0
Operaciones cerradas sincronizadas: 0
Errores: 0
Duración del ciclo: 0.03s
Intervalo objetivo: 30s
Próximo ciclo en: 29.97s
----------------------------------------------------------------------------------------

========================================================================================
CICLO #0079 | 2026-09-03 14:04:12 UTC | símbolos=0
========================================================================================
----------------------------------------------------------------------------------------
RESUMEN DEL CICLO #0079
Símbolos analizados: 0
Sin señal: 0
Esperando/otros: 0
Señales rechazadas: 0
Bloqueadas por estado/límites: 0
Validadas DRY RUN: 0
Nuevas órdenes: 0
Operaciones cerradas sincronizadas: 0
Errores: 0
Duración del ciclo: 0.04s
Intervalo objetivo: 30s
Próximo ciclo en: 29.96s
----------------------------------------------------------------------------------------

========================================================================================
CICLO #0080 | 2026-09-03 14:04:42 UTC | símbolos=0
========================================================================================
----------------------------------------------------------------------------------------
RESUMEN DEL CICLO #0080
Símbolos analizados: 0
Sin señal: 0
Esperando/otros: 0
Señales rechazadas: 0
Bloqueadas por estado/límites: 0
Validadas DRY RUN: 0
Nuevas órdenes: 0
Operaciones cerradas sincronizadas: 0
Errores: 0
Duración del ciclo: 0.03s
Intervalo objetivo: 30s
Próximo ciclo en: 29.97s
----------------------------------------------------------------------------------------

========================================================================================
CICLO #0081 | 2026-09-03 14:05:12 UTC | símbolos=9
========================================================================================
[01/09] START High Frequency Vol 25 Index
[01/09] END   High Frequency Vol 25 Index | 2.32s | WAITING M5 AFTER M15
    Motivo: M5_CONFIRMATIONS_EXIST_BUT_ALL_PRECEDE_LATEST_M15_SETUP
[02/09] START Vol over Boom 400
[02/09] END   Vol over Boom 400 | 1.02s | DIRECCIÓN BLOQUEADA POR POLÍTICA DEL INSTRUMENTO
    Motivo: BOOM_BUY_ONLY_REQUIRES_BUY_H1_CONTEXT
[03/09] START Vol over Crash 550
[03/09] END   Vol over Crash 550 | 0.39s | NO M5 CONFIRMATION
    Motivo: NO_DIRECTIONAL_M5_CONFIRMATION
[04/09] START Volatility 100 (1s) Index
[04/09] END   Volatility 100 (1s) Index | 0.62s | NO M5 CONFIRMATION
    Motivo: NO_DIRECTIONAL_M5_CONFIRMATION
    Confirmaciones: 10/13 | 76.9% | calidad=78.00 | decisión=RECHAZADA
    Faltantes: desplazamiento, microestructura M5, cierre fuerte
    Críticas faltantes: DISPLACEMENT REQUIRED FOR LIVE ENTRY
    Rechazo técnico: desplazamiento no confirmado, microestructura M5 no confirmada, cierre fuerte no confirmado, calidad de la operación insuficiente, falta una confirmación estructural crítica, porcentaje de confirmaciones inferior al 80%
[05/09] START Volatility 150 (1s) Index
[05/09] END   Volatility 150 (1s) Index | 0.01s | NO M15 SETUP
    Motivo: NO_DIRECTIONAL_M15_SETUP
[06/09] START Volatility 30 (1s) Index
[06/09] END   Volatility 30 (1s) Index | 0.00s | INSTRUMENTO EN CUARENTENA DE RIESGO
    Motivo: cuarentena temporal por desviación marginal de ejecución
[07/09] START Volatility 50 (1s) Index
[07/09] END   Volatility 50 (1s) Index | 0.62s | STALE M5 SIGNAL
    Motivo: M5_CONFIRMATION_TOO_OLD_FOR_LIVE_ENTRY
[08/09] START Volatility 90 (1s) Index
[08/09] END   Volatility 90 (1s) Index | 0.01s | NO M15 SETUP
    Motivo: NO_DIRECTIONAL_M15_SETUP
[09/09] START VolSwitch Medium Vol Index
[09/09] END   VolSwitch Medium Vol Index | 0.01s | NO M15 SETUP
    Motivo: NO_DIRECTIONAL_M15_SETUP
----------------------------------------------------------------------------------------
RESUMEN DEL CICLO #0081
Símbolos analizados: 9
Sin señal: 0
Esperando/otros: 8
Señales rechazadas: 1
Bloqueadas por estado/límites: 0
Validadas DRY RUN: 0
Nuevas órdenes: 0
Operaciones cerradas sincronizadas: 0
Errores: 0
Duración del ciclo: 5.05s
Intervalo objetivo: 30s
Próximo ciclo en: 24.95s
----------------------------------------------------------------------------------------

========================================================================================
CICLO #0082 | 2026-09-03 14:05:42 UTC | símbolos=0
========================================================================================
----------------------------------------------------------------------------------------
RESUMEN DEL CICLO #0082
Símbolos analizados: 0
Sin señal: 0
Esperando/otros: 0
Señales rechazadas: 0
Bloqueadas por estado/límites: 0
Validadas DRY RUN: 0
Nuevas órdenes: 0
Operaciones cerradas sincronizadas: 0
Errores: 0
Duración del ciclo: 0.03s
Intervalo objetivo: 30s
Próximo ciclo en: 29.97s
----------------------------------------------------------------------------------------

========================================================================================
CICLO #0083 | 2026-09-03 14:06:12 UTC | símbolos=0
========================================================================================
----------------------------------------------------------------------------------------
RESUMEN DEL CICLO #0083
Símbolos analizados: 0
Sin señal: 0
Esperando/otros: 0
Señales rechazadas: 0
Bloqueadas por estado/límites: 0
Validadas DRY RUN: 0
Nuevas órdenes: 0
Operaciones cerradas sincronizadas: 0
Errores: 0
Duración del ciclo: 0.02s
Intervalo objetivo: 30s
Próximo ciclo en: 29.98s
----------------------------------------------------------------------------------------

========================================================================================
CICLO #0084 | 2026-09-03 14:06:42 UTC | símbolos=0
========================================================================================
----------------------------------------------------------------------------------------
RESUMEN DEL CICLO #0084
Símbolos analizados: 0
Sin señal: 0
Esperando/otros: 0
Señales rechazadas: 0
Bloqueadas por estado/límites: 0
Validadas DRY RUN: 0
Nuevas órdenes: 0
Operaciones cerradas sincronizadas: 0
Errores: 0
Duración del ciclo: 0.03s
Intervalo objetivo: 30s
Próximo ciclo en: 29.97s
----------------------------------------------------------------------------------------

========================================================================================
CICLO #0085 | 2026-09-03 14:07:12 UTC | símbolos=0
========================================================================================
----------------------------------------------------------------------------------------
RESUMEN DEL CICLO #0085
Símbolos analizados: 0
Sin señal: 0
Esperando/otros: 0
Señales rechazadas: 0
Bloqueadas por estado/límites: 0
Validadas DRY RUN: 0
Nuevas órdenes: 0
Operaciones cerradas sincronizadas: 0
Errores: 0
Duración del ciclo: 0.03s
Intervalo objetivo: 30s
Próximo ciclo en: 29.97s
----------------------------------------------------------------------------------------

========================================================================================
CICLO #0086 | 2026-09-03 14:07:42 UTC | símbolos=0
========================================================================================
----------------------------------------------------------------------------------------
RESUMEN DEL CICLO #0086
Símbolos analizados: 0
Sin señal: 0
Esperando/otros: 0
Señales rechazadas: 0
Bloqueadas por estado/límites: 0
Validadas DRY RUN: 0
Nuevas órdenes: 0
Operaciones cerradas sincronizadas: 0
Errores: 0
Duración del ciclo: 0.03s
Intervalo objetivo: 30s
Próximo ciclo en: 29.97s
----------------------------------------------------------------------------------------

========================================================================================
CICLO #0087 | 2026-09-03 14:08:12 UTC | símbolos=0
========================================================================================
----------------------------------------------------------------------------------------
RESUMEN DEL CICLO #0087
Símbolos analizados: 0
Sin señal: 0
Esperando/otros: 0
Señales rechazadas: 0
Bloqueadas por estado/límites: 0
Validadas DRY RUN: 0
Nuevas órdenes: 0
Operaciones cerradas sincronizadas: 0
Errores: 0
Duración del ciclo: 0.02s
Intervalo objetivo: 30s
Próximo ciclo en: 29.98s
----------------------------------------------------------------------------------------

========================================================================================
CICLO #0088 | 2026-09-03 14:08:42 UTC | símbolos=0
========================================================================================
----------------------------------------------------------------------------------------
RESUMEN DEL CICLO #0088
Símbolos analizados: 0
Sin señal: 0
Esperando/otros: 0
Señales rechazadas: 0
Bloqueadas por estado/límites: 0
Validadas DRY RUN: 0
Nuevas órdenes: 0
Operaciones cerradas sincronizadas: 0
Errores: 0
Duración del ciclo: 0.03s
Intervalo objetivo: 30s
Próximo ciclo en: 29.97s
----------------------------------------------------------------------------------------

========================================================================================
CICLO #0089 | 2026-09-03 14:09:12 UTC | símbolos=0
========================================================================================
----------------------------------------------------------------------------------------
RESUMEN DEL CICLO #0089
Símbolos analizados: 0
Sin señal: 0
Esperando/otros: 0
Señales rechazadas: 0
Bloqueadas por estado/límites: 0
Validadas DRY RUN: 0
Nuevas órdenes: 0
Operaciones cerradas sincronizadas: 0
Errores: 0
Duración del ciclo: 0.03s
Intervalo objetivo: 30s
Próximo ciclo en: 29.97s
----------------------------------------------------------------------------------------

========================================================================================
CICLO #0090 | 2026-09-03 14:09:42 UTC | símbolos=0
========================================================================================
----------------------------------------------------------------------------------------
RESUMEN DEL CICLO #0090
Símbolos analizados: 0
Sin señal: 0
Esperando/otros: 0
Señales rechazadas: 0
Bloqueadas por estado/límites: 0
Validadas DRY RUN: 0
Nuevas órdenes: 0
Operaciones cerradas sincronizadas: 0
Errores: 0
Duración del ciclo: 0.03s
Intervalo objetivo: 30s
Próximo ciclo en: 29.97s
----------------------------------------------------------------------------------------

========================================================================================
CICLO #0091 | 2026-09-03 14:10:12 UTC | símbolos=9
========================================================================================
[01/09] START High Frequency Vol 25 Index
[01/09] END   High Frequency Vol 25 Index | 2.53s | WAITING M5 AFTER M15
    Motivo: M5_CONFIRMATIONS_EXIST_BUT_ALL_PRECEDE_LATEST_M15_SETUP
[02/09] START Vol over Boom 400
[02/09] END   Vol over Boom 400 | 0.01s | DIRECCIÓN BLOQUEADA POR POLÍTICA DEL INSTRUMENTO
    Motivo: BOOM_BUY_ONLY_REQUIRES_BUY_H1_CONTEXT
[03/09] START Vol over Crash 550
[03/09] END   Vol over Crash 550 | 0.49s | NO M5 CONFIRMATION
    Motivo: NO_DIRECTIONAL_M5_CONFIRMATION
[04/09] START Volatility 100 (1s) Index
[04/09] END   Volatility 100 (1s) Index | 0.82s | NO M5 CONFIRMATION
    Motivo: NO_DIRECTIONAL_M5_CONFIRMATION
    Confirmaciones: 10/13 | 76.9% | calidad=78.00 | decisión=RECHAZADA
    Faltantes: desplazamiento, microestructura M5, cierre fuerte
    Críticas faltantes: DISPLACEMENT REQUIRED FOR LIVE ENTRY
    Rechazo técnico: desplazamiento no confirmado, microestructura M5 no confirmada, cierre fuerte no confirmado, calidad de la operación insuficiente, falta una confirmación estructural crítica, porcentaje de confirmaciones inferior al 80%
[05/09] START Volatility 150 (1s) Index
[05/09] END   Volatility 150 (1s) Index | 0.01s | NO M15 SETUP
    Motivo: NO_DIRECTIONAL_M15_SETUP
[06/09] START Volatility 30 (1s) Index
[06/09] END   Volatility 30 (1s) Index | 0.01s | INSTRUMENTO EN CUARENTENA DE RIESGO
    Motivo: cuarentena temporal por desviación marginal de ejecución
[07/09] START Volatility 50 (1s) Index
[07/09] END   Volatility 50 (1s) Index | 0.75s | STALE M5 SIGNAL
    Motivo: M5_CONFIRMATION_TOO_OLD_FOR_LIVE_ENTRY
[08/09] START Volatility 90 (1s) Index
[08/09] END   Volatility 90 (1s) Index | 0.01s | NO M15 SETUP
    Motivo: NO_DIRECTIONAL_M15_SETUP
[09/09] START VolSwitch Medium Vol Index
[09/09] END   VolSwitch Medium Vol Index | 0.01s | NO M15 SETUP
    Motivo: NO_DIRECTIONAL_M15_SETUP
----------------------------------------------------------------------------------------
RESUMEN DEL CICLO #0091
Símbolos analizados: 9
Sin señal: 0
Esperando/otros: 8
Señales rechazadas: 1
Bloqueadas por estado/límites: 0
Validadas DRY RUN: 0
Nuevas órdenes: 0
Operaciones cerradas sincronizadas: 0
Errores: 0
Duración del ciclo: 4.69s
Intervalo objetivo: 30s
Próximo ciclo en: 25.31s
----------------------------------------------------------------------------------------

========================================================================================
CICLO #0092 | 2026-09-03 14:10:42 UTC | símbolos=0
========================================================================================
----------------------------------------------------------------------------------------
RESUMEN DEL CICLO #0092
Símbolos analizados: 0
Sin señal: 0
Esperando/otros: 0
Señales rechazadas: 0
Bloqueadas por estado/límites: 0
Validadas DRY RUN: 0
Nuevas órdenes: 0
Operaciones cerradas sincronizadas: 0
Errores: 0
Duración del ciclo: 0.03s
Intervalo objetivo: 30s
Próximo ciclo en: 29.97s
----------------------------------------------------------------------------------------
Bot detenido por el usuario.
========================================================================
DERIV DEMO EXECUTION PREFLIGHT
========================================================================
[OK] MT5_ACCOUNT_INFO {'login': 41108926, 'server': 'Deriv-Demo', 'currency': 'USD', 'balance': 9986.48, 'equity': 9953.55, 'margin': 43.51, 'free_margin': 9910.04, 'profit': -32.93, 'leverage': 1000, 'trade_mode': 0, 'snapshot_time': datetime.datetime(2026, 9, 3, 14, 12, 13, 844659, tzinfo=datetime.timezone.utc), 'broker': 'MT5'}
[OK] MT5_TERMINAL_CONNECTED {'trade_allowed': True, 'tradeapi_disabled': False}
[OK] MT5_AUTOTRADING_ALLOWED {'trade_allowed': True, 'tradeapi_disabled': False}
[OK] DEMO_ACCOUNT {'trade_mode': 0, 'server': 'Deriv-Demo'}
[OK] FREE_MARGIN {'free_margin': 9910.04, 'required': 0.0}
[OK] DATABASE_READY {}
[OK] SYMBOL:High Frequency Vol 25 Index {'visible': True, 'trade_mode': 4, 'volume_min': 0.1, 'volume_step': 0.01, 'point': 0.01, 'stops_level_points': 2172}
[OK] SYMBOL:Vol over Boom 400 {'visible': True, 'trade_mode': 4, 'volume_min': 0.1, 'volume_step': 0.01, 'point': 0.01, 'stops_level_points': 360}
[OK] SYMBOL:Vol over Crash 550 {'visible': True, 'trade_mode': 4, 'volume_min': 0.1, 'volume_step': 0.01, 'point': 0.01, 'stops_level_points': 320}
[OK] SYMBOL:Volatility 100 (1s) Index {'visible': True, 'trade_mode': 4, 'volume_min': 1.0, 'volume_step': 0.01, 'point': 0.01, 'stops_level_points': 72}
[OK] SYMBOL:Volatility 150 (1s) Index {'visible': True, 'trade_mode': 4, 'volume_min': 1.0, 'volume_step': 0.001, 'point': 0.01, 'stops_level_points': 149}
[OK] SYMBOL:Volatility 30 (1s) Index {'visible': True, 'trade_mode': 4, 'volume_min': 0.2, 'volume_step': 0.01, 'point': 0.001, 'stops_level_points': 1800}
[OK] SYMBOL:Volatility 50 (1s) Index {'visible': True, 'trade_mode': 4, 'volume_min': 0.005, 'volume_step': 0.001, 'point': 0.01, 'stops_level_points': 6996}
[OK] SYMBOL:Volatility 90 (1s) Index {'visible': True, 'trade_mode': 4, 'volume_min': 0.1, 'volume_step': 0.01, 'point': 0.001, 'stops_level_points': 22257}
[OK] SYMBOL:VolSwitch Medium Vol Index {'visible': True, 'trade_mode': 4, 'volume_min': 0.1, 'volume_step': 0.1, 'point': 0.01, 'stops_level_points': 1000}
========================================================================
STATUS: READY FOR DEMO EXECUTION
DAEMONBLACKFX VERSION: v100-entry-quality-recoverable-quarantine-winrate-audit
BOT ACTIVO: VOLATILITY_3 | MAGIC=26082403 | ESTRATEGIA=SMC/ORB | instrumentos=9 | auto_export=False
========================================================================================
BOT SMC MT5 - DERIV DEMO
========================================================================================
Cuenta: 41108926 | Servidor: Deriv-Demo
Balance: 9986.48 USD
Modo: EJECUCIÓN DEMO
Riesgo por trade: 1.00% | R:R mínimo: 1.50
Intervalo: 30s | Símbolos: 9
Reporte XLSX: C:\TradingBoot\smc_synthetic_bot\storage\exports\deriv_demo_trading_report.xlsx
Pipeline: SMC -> TradeLifecycleManager -> MT5TradeExecutor -> SQLite -> XLSX
========================================================================================
Daemon activo: señales=30s | monitor posiciones/BE=2s | símbolos=9
Progreso: se mostrará cada símbolo y su tiempo de análisis.
{'action': 'POSITION_MONITOR_STARTED', 'signal_interval_seconds': 30, 'position_monitor_interval_seconds': 2, 'monitor_mode': 'BACKGROUND_DECOUPLED'}

========================================================================================
CICLO #0001 | 2026-09-03 14:12:24 UTC | símbolos=9
========================================================================================
[01/09] START High Frequency Vol 25 Index
[01/09] END   High Frequency Vol 25 Index | 7.04s | WAITING M5 AFTER M15
    Motivo: M5_CONFIRMATIONS_EXIST_BUT_ALL_PRECEDE_LATEST_M15_SETUP
[02/09] START Vol over Boom 400
[02/09] END   Vol over Boom 400 | 1.33s | DIRECCIÓN BLOQUEADA POR POLÍTICA DEL INSTRUMENTO
    Motivo: BOOM_BUY_ONLY_REQUIRES_BUY_H1_CONTEXT
[03/09] START Vol over Crash 550
[03/09] END   Vol over Crash 550 | 3.52s | NO M5 CONFIRMATION
    Motivo: NO_DIRECTIONAL_M5_CONFIRMATION
[04/09] START Volatility 100 (1s) Index
[04/09] END   Volatility 100 (1s) Index | 5.25s | NO M5 CONFIRMATION
    Motivo: NO_DIRECTIONAL_M5_CONFIRMATION
    Confirmaciones: 10/13 | 76.9% | calidad=78.00 | decisión=RECHAZADA
    Faltantes: desplazamiento, microestructura M5, cierre fuerte
    Críticas faltantes: DISPLACEMENT REQUIRED FOR LIVE ENTRY
    Rechazo técnico: desplazamiento no confirmado, microestructura M5 no confirmada, cierre fuerte no confirmado, calidad de la operación insuficiente, falta una confirmación estructural crítica, porcentaje de confirmaciones inferior al 80%
[05/09] START Volatility 150 (1s) Index
[05/09] END   Volatility 150 (1s) Index | 3.02s | NO M15 SETUP
    Motivo: NO_DIRECTIONAL_M15_SETUP
[06/09] START Volatility 30 (1s) Index
[06/09] END   Volatility 30 (1s) Index | 0.01s | INSTRUMENTO EN CUARENTENA DE RIESGO
    Motivo: cuarentena temporal por desviación marginal de ejecución
[07/09] START Volatility 50 (1s) Index
[07/09] END   Volatility 50 (1s) Index | 4.87s | STALE M5 SIGNAL
    Motivo: M5_CONFIRMATION_TOO_OLD_FOR_LIVE_ENTRY
[08/09] START Volatility 90 (1s) Index
[08/09] END   Volatility 90 (1s) Index | 2.48s | NO M15 SETUP
    Motivo: NO_DIRECTIONAL_M15_SETUP
[09/09] START VolSwitch Medium Vol Index
[09/09] END   VolSwitch Medium Vol Index | 2.63s | NO M15 SETUP
    Motivo: NO_DIRECTIONAL_M15_SETUP
----------------------------------------------------------------------------------------
RESUMEN DEL CICLO #0001
Símbolos analizados: 9
Sin señal: 0
Esperando/otros: 8
Señales rechazadas: 1
Bloqueadas por estado/límites: 0
Validadas DRY RUN: 0
Nuevas órdenes: 0
Operaciones cerradas sincronizadas: 0
Errores: 0
Duración del ciclo: 33.75s
Intervalo objetivo: 30s
Próximo ciclo en: 0.00s
[AVISO] Ciclo excedio el intervalo por: 3.75s
----------------------------------------------------------------------------------------

========================================================================================
CICLO #0002 | 2026-09-03 14:12:58 UTC | símbolos=0
========================================================================================
----------------------------------------------------------------------------------------
RESUMEN DEL CICLO #0002
Símbolos analizados: 0
Sin señal: 0
Esperando/otros: 0
Señales rechazadas: 0
Bloqueadas por estado/límites: 0
Validadas DRY RUN: 0
Nuevas órdenes: 0
Operaciones cerradas sincronizadas: 0
Errores: 0
Duración del ciclo: 0.04s
Intervalo objetivo: 30s
Próximo ciclo en: 29.96s
----------------------------------------------------------------------------------------

========================================================================================
CICLO #0003 | 2026-09-03 14:13:28 UTC | símbolos=0
========================================================================================
----------------------------------------------------------------------------------------
RESUMEN DEL CICLO #0003
Símbolos analizados: 0
Sin señal: 0
Esperando/otros: 0
Señales rechazadas: 0
Bloqueadas por estado/límites: 0
Validadas DRY RUN: 0
Nuevas órdenes: 0
Operaciones cerradas sincronizadas: 0
Errores: 0
Duración del ciclo: 0.03s
Intervalo objetivo: 30s
Próximo ciclo en: 29.97s
----------------------------------------------------------------------------------------

========================================================================================
CICLO #0004 | 2026-09-03 14:13:58 UTC | símbolos=0
========================================================================================
----------------------------------------------------------------------------------------
RESUMEN DEL CICLO #0004
Símbolos analizados: 0
Sin señal: 0
Esperando/otros: 0
Señales rechazadas: 0
Bloqueadas por estado/límites: 0
Validadas DRY RUN: 0
Nuevas órdenes: 0
Operaciones cerradas sincronizadas: 0
Errores: 0
Duración del ciclo: 0.03s
Intervalo objetivo: 30s
Próximo ciclo en: 29.97s
----------------------------------------------------------------------------------------

========================================================================================
CICLO #0005 | 2026-09-03 14:14:28 UTC | símbolos=0
========================================================================================
----------------------------------------------------------------------------------------
RESUMEN DEL CICLO #0005
Símbolos analizados: 0
Sin señal: 0
Esperando/otros: 0
Señales rechazadas: 0
Bloqueadas por estado/límites: 0
Validadas DRY RUN: 0
Nuevas órdenes: 0
Operaciones cerradas sincronizadas: 0
Errores: 0
Duración del ciclo: 0.02s
Intervalo objetivo: 30s
Próximo ciclo en: 29.98s
----------------------------------------------------------------------------------------

========================================================================================
CICLO #0006 | 2026-09-03 14:14:58 UTC | símbolos=0
========================================================================================
----------------------------------------------------------------------------------------
RESUMEN DEL CICLO #0006
Símbolos analizados: 0
Sin señal: 0
Esperando/otros: 0
Señales rechazadas: 0
Bloqueadas por estado/límites: 0
Validadas DRY RUN: 0
Nuevas órdenes: 0
Operaciones cerradas sincronizadas: 0
Errores: 0
Duración del ciclo: 0.03s
Intervalo objetivo: 30s
Próximo ciclo en: 29.97s
----------------------------------------------------------------------------------------

========================================================================================
CICLO #0007 | 2026-09-03 14:15:28 UTC | símbolos=9
========================================================================================
[01/09] START High Frequency Vol 25 Index
[01/09] END   High Frequency Vol 25 Index | 4.34s | WAITING M5 AFTER M15
    Motivo: M5_CONFIRMATIONS_EXIST_BUT_ALL_PRECEDE_LATEST_M15_SETUP
[02/09] START Vol over Boom 400
[02/09] END   Vol over Boom 400 | 0.01s | DIRECCIÓN BLOQUEADA POR POLÍTICA DEL INSTRUMENTO
    Motivo: BOOM_BUY_ONLY_REQUIRES_BUY_H1_CONTEXT
[03/09] START Vol over Crash 550
[03/09] END   Vol over Crash 550 | 1.70s | NO M5 CONFIRMATION
    Motivo: NO_DIRECTIONAL_M5_CONFIRMATION
[04/09] START Volatility 100 (1s) Index
[04/09] END   Volatility 100 (1s) Index | 2.51s | NO M5 CONFIRMATION
    Motivo: NO_DIRECTIONAL_M5_CONFIRMATION
    Confirmaciones: 10/13 | 76.9% | calidad=78.00 | decisión=RECHAZADA
    Faltantes: desplazamiento, microestructura M5, cierre fuerte
    Críticas faltantes: DISPLACEMENT REQUIRED FOR LIVE ENTRY
    Rechazo técnico: desplazamiento no confirmado, microestructura M5 no confirmada, cierre fuerte no confirmado, calidad de la operación insuficiente, falta una confirmación estructural crítica, porcentaje de confirmaciones inferior al 80%
[05/09] START Volatility 150 (1s) Index
[05/09] END   Volatility 150 (1s) Index | 0.55s | NO M15 SETUP
    Motivo: NO_DIRECTIONAL_M15_SETUP
[06/09] START Volatility 30 (1s) Index
[06/09] END   Volatility 30 (1s) Index | 0.00s | INSTRUMENTO EN CUARENTENA DE RIESGO
    Motivo: cuarentena temporal por desviación marginal de ejecución
[07/09] START Volatility 50 (1s) Index
[07/09] END   Volatility 50 (1s) Index | 2.06s | STALE M5 SIGNAL
    Motivo: M5_CONFIRMATION_TOO_OLD_FOR_LIVE_ENTRY
[08/09] START Volatility 90 (1s) Index
[08/09] END   Volatility 90 (1s) Index | 0.67s | NO M15 SETUP
    Motivo: NO_DIRECTIONAL_M15_SETUP
[09/09] START VolSwitch Medium Vol Index
[09/09] END   VolSwitch Medium Vol Index | 0.62s | NO M15 SETUP
    Motivo: NO_DIRECTIONAL_M15_SETUP
----------------------------------------------------------------------------------------
RESUMEN DEL CICLO #0007
Símbolos analizados: 9
Sin señal: 0
Esperando/otros: 8
Señales rechazadas: 1
Bloqueadas por estado/límites: 0
Validadas DRY RUN: 0
Nuevas órdenes: 0
Operaciones cerradas sincronizadas: 0
Errores: 0
Duración del ciclo: 12.52s
Intervalo objetivo: 30s
Próximo ciclo en: 17.48s
----------------------------------------------------------------------------------------

========================================================================================
CICLO #0008 | 2026-09-03 14:15:58 UTC | símbolos=0
========================================================================================
----------------------------------------------------------------------------------------
RESUMEN DEL CICLO #0008
Símbolos analizados: 0
Sin señal: 0
Esperando/otros: 0
Señales rechazadas: 0
Bloqueadas por estado/límites: 0
Validadas DRY RUN: 0
Nuevas órdenes: 0
Operaciones cerradas sincronizadas: 0
Errores: 0
Duración del ciclo: 0.02s
Intervalo objetivo: 30s
Próximo ciclo en: 29.98s
----------------------------------------------------------------------------------------

========================================================================================
CICLO #0009 | 2026-09-03 14:16:28 UTC | símbolos=0
========================================================================================
----------------------------------------------------------------------------------------
RESUMEN DEL CICLO #0009
Símbolos analizados: 0
Sin señal: 0
Esperando/otros: 0
Señales rechazadas: 0
Bloqueadas por estado/límites: 0
Validadas DRY RUN: 0
Nuevas órdenes: 0
Operaciones cerradas sincronizadas: 0
Errores: 0
Duración del ciclo: 0.03s
Intervalo objetivo: 30s
Próximo ciclo en: 29.97s
----------------------------------------------------------------------------------------

========================================================================================
CICLO #0010 | 2026-09-03 14:16:58 UTC | símbolos=0
========================================================================================
----------------------------------------------------------------------------------------
RESUMEN DEL CICLO #0010
Símbolos analizados: 0
Sin señal: 0
Esperando/otros: 0
Señales rechazadas: 0
Bloqueadas por estado/límites: 0
Validadas DRY RUN: 0
Nuevas órdenes: 0
Operaciones cerradas sincronizadas: 0
Errores: 0
Duración del ciclo: 0.02s
Intervalo objetivo: 30s
Próximo ciclo en: 29.98s
----------------------------------------------------------------------------------------

========================================================================================
CICLO #0011 | 2026-09-03 14:17:28 UTC | símbolos=0
========================================================================================
----------------------------------------------------------------------------------------
RESUMEN DEL CICLO #0011
Símbolos analizados: 0
Sin señal: 0
Esperando/otros: 0
Señales rechazadas: 0
Bloqueadas por estado/límites: 0
Validadas DRY RUN: 0
Nuevas órdenes: 0
Operaciones cerradas sincronizadas: 0
Errores: 0
Duración del ciclo: 0.03s
Intervalo objetivo: 30s
Próximo ciclo en: 29.97s
----------------------------------------------------------------------------------------

========================================================================================
CICLO #0012 | 2026-09-03 14:17:58 UTC | símbolos=0
========================================================================================
----------------------------------------------------------------------------------------
RESUMEN DEL CICLO #0012
Símbolos analizados: 0
Sin señal: 0
Esperando/otros: 0
Señales rechazadas: 0
Bloqueadas por estado/límites: 0
Validadas DRY RUN: 0
Nuevas órdenes: 0
Operaciones cerradas sincronizadas: 0
Errores: 0
Duración del ciclo: 0.03s
Intervalo objetivo: 30s
Próximo ciclo en: 29.97s
----------------------------------------------------------------------------------------

========================================================================================
CICLO #0013 | 2026-09-03 14:18:28 UTC | símbolos=0
========================================================================================
----------------------------------------------------------------------------------------
RESUMEN DEL CICLO #0013
Símbolos analizados: 0
Sin señal: 0
Esperando/otros: 0
Señales rechazadas: 0
Bloqueadas por estado/límites: 0
Validadas DRY RUN: 0
Nuevas órdenes: 0
Operaciones cerradas sincronizadas: 0
Errores: 0
Duración del ciclo: 0.02s
Intervalo objetivo: 30s
Próximo ciclo en: 29.98s
----------------------------------------------------------------------------------------

========================================================================================
CICLO #0014 | 2026-09-03 14:18:58 UTC | símbolos=0
========================================================================================
----------------------------------------------------------------------------------------
RESUMEN DEL CICLO #0014
Símbolos analizados: 0
Sin señal: 0
Esperando/otros: 0
Señales rechazadas: 0
Bloqueadas por estado/límites: 0
Validadas DRY RUN: 0
Nuevas órdenes: 0
Operaciones cerradas sincronizadas: 0
Errores: 0
Duración del ciclo: 0.02s
Intervalo objetivo: 30s
Próximo ciclo en: 29.98s
----------------------------------------------------------------------------------------

========================================================================================
CICLO #0015 | 2026-09-03 14:19:28 UTC | símbolos=0
========================================================================================
----------------------------------------------------------------------------------------
RESUMEN DEL CICLO #0015
Símbolos analizados: 0
Sin señal: 0
Esperando/otros: 0
Señales rechazadas: 0
Bloqueadas por estado/límites: 0
Validadas DRY RUN: 0
Nuevas órdenes: 0
Operaciones cerradas sincronizadas: 0
Errores: 0
Duración del ciclo: 0.03s
Intervalo objetivo: 30s
Próximo ciclo en: 29.97s
----------------------------------------------------------------------------------------

========================================================================================
CICLO #0016 | 2026-09-03 14:19:58 UTC | símbolos=0
========================================================================================
----------------------------------------------------------------------------------------
RESUMEN DEL CICLO #0016
Símbolos analizados: 0
Sin señal: 0
Esperando/otros: 0
Señales rechazadas: 0
Bloqueadas por estado/límites: 0
Validadas DRY RUN: 0
Nuevas órdenes: 0
Operaciones cerradas sincronizadas: 0
Errores: 0
Duración del ciclo: 0.02s
Intervalo objetivo: 30s
Próximo ciclo en: 29.98s
----------------------------------------------------------------------------------------

========================================================================================
CICLO #0017 | 2026-09-03 14:20:28 UTC | símbolos=9
========================================================================================
[01/09] START High Frequency Vol 25 Index
[01/09] END   High Frequency Vol 25 Index | 2.09s | WAITING M5 AFTER M15
    Motivo: M5_CONFIRMATIONS_EXIST_BUT_ALL_PRECEDE_LATEST_M15_SETUP
[02/09] START Vol over Boom 400
[02/09] END   Vol over Boom 400 | 0.01s | DIRECCIÓN BLOQUEADA POR POLÍTICA DEL INSTRUMENTO
    Motivo: BOOM_BUY_ONLY_REQUIRES_BUY_H1_CONTEXT
[03/09] START Vol over Crash 550
[03/09] END   Vol over Crash 550 | 0.41s | NO M5 CONFIRMATION
    Motivo: NO_DIRECTIONAL_M5_CONFIRMATION
[04/09] START Volatility 100 (1s) Index
[04/09] END   Volatility 100 (1s) Index | 0.61s | NO M5 CONFIRMATION
    Motivo: NO_DIRECTIONAL_M5_CONFIRMATION
    Confirmaciones: 10/13 | 76.9% | calidad=78.00 | decisión=RECHAZADA
    Faltantes: desplazamiento, microestructura M5, cierre fuerte
    Críticas faltantes: DISPLACEMENT REQUIRED FOR LIVE ENTRY
    Rechazo técnico: desplazamiento no confirmado, microestructura M5 no confirmada, cierre fuerte no confirmado, calidad de la operación insuficiente, falta una confirmación estructural crítica, porcentaje de confirmaciones inferior al 80%
[05/09] START Volatility 150 (1s) Index
[05/09] END   Volatility 150 (1s) Index | 0.01s | NO M15 SETUP
    Motivo: NO_DIRECTIONAL_M15_SETUP
[06/09] START Volatility 30 (1s) Index
[06/09] END   Volatility 30 (1s) Index | 0.00s | INSTRUMENTO EN CUARENTENA DE RIESGO
    Motivo: cuarentena temporal por desviación marginal de ejecución
[07/09] START Volatility 50 (1s) Index
[07/09] END   Volatility 50 (1s) Index | 0.69s | STALE M5 SIGNAL
    Motivo: M5_CONFIRMATION_TOO_OLD_FOR_LIVE_ENTRY
[08/09] START Volatility 90 (1s) Index
[08/09] END   Volatility 90 (1s) Index | 0.01s | NO M15 SETUP
    Motivo: NO_DIRECTIONAL_M15_SETUP
[09/09] START VolSwitch Medium Vol Index
[09/09] END   VolSwitch Medium Vol Index | 0.01s | NO M15 SETUP
    Motivo: NO_DIRECTIONAL_M15_SETUP
----------------------------------------------------------------------------------------
RESUMEN DEL CICLO #0017
Símbolos analizados: 9
Sin señal: 0
Esperando/otros: 8
Señales rechazadas: 1
Bloqueadas por estado/límites: 0
Validadas DRY RUN: 0
Nuevas órdenes: 0
Operaciones cerradas sincronizadas: 0
Errores: 0
Duración del ciclo: 4.52s
Intervalo objetivo: 30s
Próximo ciclo en: 25.48s
----------------------------------------------------------------------------------------

========================================================================================
CICLO #0018 | 2026-09-03 14:20:58 UTC | símbolos=0
========================================================================================
----------------------------------------------------------------------------------------
RESUMEN DEL CICLO #0018
Símbolos analizados: 0
Sin señal: 0
Esperando/otros: 0
Señales rechazadas: 0
Bloqueadas por estado/límites: 0
Validadas DRY RUN: 0
Nuevas órdenes: 0
Operaciones cerradas sincronizadas: 0
Errores: 0
Duración del ciclo: 0.03s
Intervalo objetivo: 30s
Próximo ciclo en: 29.97s
----------------------------------------------------------------------------------------

========================================================================================
CICLO #0019 | 2026-09-03 14:21:28 UTC | símbolos=0
========================================================================================
----------------------------------------------------------------------------------------
RESUMEN DEL CICLO #0019
Símbolos analizados: 0
Sin señal: 0
Esperando/otros: 0
Señales rechazadas: 0
Bloqueadas por estado/límites: 0
Validadas DRY RUN: 0
Nuevas órdenes: 0
Operaciones cerradas sincronizadas: 0
Errores: 0
Duración del ciclo: 0.03s
Intervalo objetivo: 30s
Próximo ciclo en: 29.97s
----------------------------------------------------------------------------------------

========================================================================================
CICLO #0020 | 2026-09-03 14:21:58 UTC | símbolos=0
========================================================================================
----------------------------------------------------------------------------------------
RESUMEN DEL CICLO #0020
Símbolos analizados: 0
Sin señal: 0
Esperando/otros: 0
Señales rechazadas: 0
Bloqueadas por estado/límites: 0
Validadas DRY RUN: 0
Nuevas órdenes: 0
Operaciones cerradas sincronizadas: 0
Errores: 0
Duración del ciclo: 0.02s
Intervalo objetivo: 30s
Próximo ciclo en: 29.98s
----------------------------------------------------------------------------------------

========================================================================================
CICLO #0021 | 2026-09-03 14:22:28 UTC | símbolos=0
========================================================================================
----------------------------------------------------------------------------------------
RESUMEN DEL CICLO #0021
Símbolos analizados: 0
Sin señal: 0
Esperando/otros: 0
Señales rechazadas: 0
Bloqueadas por estado/límites: 0
Validadas DRY RUN: 0
Nuevas órdenes: 0
Operaciones cerradas sincronizadas: 0
Errores: 0
Duración del ciclo: 0.03s
Intervalo objetivo: 30s
Próximo ciclo en: 29.97s
----------------------------------------------------------------------------------------

========================================================================================
CICLO #0022 | 2026-09-03 14:22:58 UTC | símbolos=0
========================================================================================
----------------------------------------------------------------------------------------
RESUMEN DEL CICLO #0022
Símbolos analizados: 0
Sin señal: 0
Esperando/otros: 0
Señales rechazadas: 0
Bloqueadas por estado/límites: 0
Validadas DRY RUN: 0
Nuevas órdenes: 0
Operaciones cerradas sincronizadas: 0
Errores: 0
Duración del ciclo: 0.03s
Intervalo objetivo: 30s
Próximo ciclo en: 29.97s
----------------------------------------------------------------------------------------

========================================================================================
CICLO #0023 | 2026-09-03 14:23:28 UTC | símbolos=0
========================================================================================
----------------------------------------------------------------------------------------
RESUMEN DEL CICLO #0023
Símbolos analizados: 0
Sin señal: 0
Esperando/otros: 0
Señales rechazadas: 0
Bloqueadas por estado/límites: 0
Validadas DRY RUN: 0
Nuevas órdenes: 0
Operaciones cerradas sincronizadas: 0
Errores: 0
Duración del ciclo: 0.02s
Intervalo objetivo: 30s
Próximo ciclo en: 29.98s
----------------------------------------------------------------------------------------

========================================================================================
CICLO #0024 | 2026-09-03 14:23:58 UTC | símbolos=0
========================================================================================
----------------------------------------------------------------------------------------
RESUMEN DEL CICLO #0024
Símbolos analizados: 0
Sin señal: 0
Esperando/otros: 0
Señales rechazadas: 0
Bloqueadas por estado/límites: 0
Validadas DRY RUN: 0
Nuevas órdenes: 0
Operaciones cerradas sincronizadas: 0
Errores: 0
Duración del ciclo: 0.02s
Intervalo objetivo: 30s
Próximo ciclo en: 29.98s
----------------------------------------------------------------------------------------

========================================================================================
CICLO #0025 | 2026-09-03 14:24:28 UTC | símbolos=0
========================================================================================
----------------------------------------------------------------------------------------
RESUMEN DEL CICLO #0025
Símbolos analizados: 0
Sin señal: 0
Esperando/otros: 0
Señales rechazadas: 0
Bloqueadas por estado/límites: 0
Validadas DRY RUN: 0
Nuevas órdenes: 0
Operaciones cerradas sincronizadas: 0
Errores: 0
Duración del ciclo: 0.03s
Intervalo objetivo: 30s
Próximo ciclo en: 29.97s
----------------------------------------------------------------------------------------

========================================================================================
CICLO #0026 | 2026-09-03 14:24:58 UTC | símbolos=0
========================================================================================
----------------------------------------------------------------------------------------
RESUMEN DEL CICLO #0026
Símbolos analizados: 0
Sin señal: 0
Esperando/otros: 0
Señales rechazadas: 0
Bloqueadas por estado/límites: 0
Validadas DRY RUN: 0
Nuevas órdenes: 0
Operaciones cerradas sincronizadas: 0
Errores: 0
Duración del ciclo: 0.02s
Intervalo objetivo: 30s
Próximo ciclo en: 29.98s
----------------------------------------------------------------------------------------

========================================================================================
CICLO #0027 | 2026-09-03 14:25:28 UTC | símbolos=9
========================================================================================
[01/09] START High Frequency Vol 25 Index
[01/09] END   High Frequency Vol 25 Index | 1.89s | WAITING M5 AFTER M15
    Motivo: M5_CONFIRMATIONS_EXIST_BUT_ALL_PRECEDE_LATEST_M15_SETUP
[02/09] START Vol over Boom 400
[02/09] END   Vol over Boom 400 | 0.01s | DIRECCIÓN BLOQUEADA POR POLÍTICA DEL INSTRUMENTO
    Motivo: BOOM_BUY_ONLY_REQUIRES_BUY_H1_CONTEXT
[03/09] START Vol over Crash 550
[03/09] END   Vol over Crash 550 | 0.41s | NO M5 CONFIRMATION
    Motivo: NO_DIRECTIONAL_M5_CONFIRMATION
[04/09] START Volatility 100 (1s) Index
[04/09] END   Volatility 100 (1s) Index | 0.68s | NO M5 CONFIRMATION
    Motivo: NO_DIRECTIONAL_M5_CONFIRMATION
    Confirmaciones: 10/13 | 76.9% | calidad=78.00 | decisión=RECHAZADA
    Faltantes: desplazamiento, microestructura M5, cierre fuerte
    Críticas faltantes: DISPLACEMENT REQUIRED FOR LIVE ENTRY
    Rechazo técnico: desplazamiento no confirmado, microestructura M5 no confirmada, cierre fuerte no confirmado, calidad de la operación insuficiente, falta una confirmación estructural crítica, porcentaje de confirmaciones inferior al 80%
[05/09] START Volatility 150 (1s) Index
[05/09] END   Volatility 150 (1s) Index | 0.01s | NO M15 SETUP
    Motivo: NO_DIRECTIONAL_M15_SETUP
[06/09] START Volatility 30 (1s) Index
[06/09] END   Volatility 30 (1s) Index | 0.00s | INSTRUMENTO EN CUARENTENA DE RIESGO
    Motivo: cuarentena temporal por desviación marginal de ejecución
[07/09] START Volatility 50 (1s) Index
[07/09] END   Volatility 50 (1s) Index | 0.69s | STALE M5 SIGNAL
    Motivo: M5_CONFIRMATION_TOO_OLD_FOR_LIVE_ENTRY
[08/09] START Volatility 90 (1s) Index
[08/09] END   Volatility 90 (1s) Index | 0.01s | NO M15 SETUP
    Motivo: NO_DIRECTIONAL_M15_SETUP
[09/09] START VolSwitch Medium Vol Index
[09/09] END   VolSwitch Medium Vol Index | 0.01s | NO M15 SETUP
    Motivo: NO_DIRECTIONAL_M15_SETUP
----------------------------------------------------------------------------------------
RESUMEN DEL CICLO #0027
Símbolos analizados: 9
Sin señal: 0
Esperando/otros: 8
Señales rechazadas: 1
Bloqueadas por estado/límites: 0
Validadas DRY RUN: 0
Nuevas órdenes: 0
Operaciones cerradas sincronizadas: 0
Errores: 0
Duración del ciclo: 3.80s
Intervalo objetivo: 30s
Próximo ciclo en: 26.20s
----------------------------------------------------------------------------------------

========================================================================================
CICLO #0028 | 2026-09-03 14:25:58 UTC | símbolos=0
========================================================================================
----------------------------------------------------------------------------------------
RESUMEN DEL CICLO #0028
Símbolos analizados: 0
Sin señal: 0
Esperando/otros: 0
Señales rechazadas: 0
Bloqueadas por estado/límites: 0
Validadas DRY RUN: 0
Nuevas órdenes: 0
Operaciones cerradas sincronizadas: 0
Errores: 0
Duración del ciclo: 0.03s
Intervalo objetivo: 30s
Próximo ciclo en: 29.97s
----------------------------------------------------------------------------------------

========================================================================================
CICLO #0029 | 2026-09-03 14:26:28 UTC | símbolos=0
========================================================================================
----------------------------------------------------------------------------------------
RESUMEN DEL CICLO #0029
Símbolos analizados: 0
Sin señal: 0
Esperando/otros: 0
Señales rechazadas: 0
Bloqueadas por estado/límites: 0
Validadas DRY RUN: 0
Nuevas órdenes: 0
Operaciones cerradas sincronizadas: 0
Errores: 0
Duración del ciclo: 0.02s
Intervalo objetivo: 30s
Próximo ciclo en: 29.98s
----------------------------------------------------------------------------------------

========================================================================================
CICLO #0030 | 2026-09-03 14:26:58 UTC | símbolos=0
========================================================================================
----------------------------------------------------------------------------------------
RESUMEN DEL CICLO #0030
Símbolos analizados: 0
Sin señal: 0
Esperando/otros: 0
Señales rechazadas: 0
Bloqueadas por estado/límites: 0
Validadas DRY RUN: 0
Nuevas órdenes: 0
Operaciones cerradas sincronizadas: 0
Errores: 0
Duración del ciclo: 0.02s
Intervalo objetivo: 30s
Próximo ciclo en: 29.98s
----------------------------------------------------------------------------------------

========================================================================================
CICLO #0031 | 2026-09-03 14:27:28 UTC | símbolos=0
========================================================================================
----------------------------------------------------------------------------------------
RESUMEN DEL CICLO #0031
Símbolos analizados: 0
Sin señal: 0
Esperando/otros: 0
Señales rechazadas: 0
Bloqueadas por estado/límites: 0
Validadas DRY RUN: 0
Nuevas órdenes: 0
Operaciones cerradas sincronizadas: 0
Errores: 0
Duración del ciclo: 0.02s
Intervalo objetivo: 30s
Próximo ciclo en: 29.98s
----------------------------------------------------------------------------------------

========================================================================================
CICLO #0032 | 2026-09-03 14:27:58 UTC | símbolos=0
========================================================================================
----------------------------------------------------------------------------------------
RESUMEN DEL CICLO #0032
Símbolos analizados: 0
Sin señal: 0
Esperando/otros: 0
Señales rechazadas: 0
Bloqueadas por estado/límites: 0
Validadas DRY RUN: 0
Nuevas órdenes: 0
Operaciones cerradas sincronizadas: 0
Errores: 0
Duración del ciclo: 0.03s
Intervalo objetivo: 30s
Próximo ciclo en: 29.97s
----------------------------------------------------------------------------------------

========================================================================================
CICLO #0033 | 2026-09-03 14:28:28 UTC | símbolos=0
========================================================================================
----------------------------------------------------------------------------------------
RESUMEN DEL CICLO #0033
Símbolos analizados: 0
Sin señal: 0
Esperando/otros: 0
Señales rechazadas: 0
Bloqueadas por estado/límites: 0
Validadas DRY RUN: 0
Nuevas órdenes: 0
Operaciones cerradas sincronizadas: 0
Errores: 0
Duración del ciclo: 0.03s
Intervalo objetivo: 30s
Próximo ciclo en: 29.97s
----------------------------------------------------------------------------------------

========================================================================================
CICLO #0034 | 2026-09-03 14:28:58 UTC | símbolos=0
========================================================================================
----------------------------------------------------------------------------------------
RESUMEN DEL CICLO #0034
Símbolos analizados: 0
Sin señal: 0
Esperando/otros: 0
Señales rechazadas: 0
Bloqueadas por estado/límites: 0
Validadas DRY RUN: 0
Nuevas órdenes: 0
Operaciones cerradas sincronizadas: 0
Errores: 0
Duración del ciclo: 0.03s
Intervalo objetivo: 30s
Próximo ciclo en: 29.97s
----------------------------------------------------------------------------------------

========================================================================================
CICLO #0035 | 2026-09-03 14:29:28 UTC | símbolos=0
========================================================================================
----------------------------------------------------------------------------------------
RESUMEN DEL CICLO #0035
Símbolos analizados: 0
Sin señal: 0
Esperando/otros: 0
Señales rechazadas: 0
Bloqueadas por estado/límites: 0
Validadas DRY RUN: 0
Nuevas órdenes: 0
Operaciones cerradas sincronizadas: 0
Errores: 0
Duración del ciclo: 0.02s
Intervalo objetivo: 30s
Próximo ciclo en: 29.98s
----------------------------------------------------------------------------------------

========================================================================================
CICLO #0036 | 2026-09-03 14:29:58 UTC | símbolos=0
========================================================================================
----------------------------------------------------------------------------------------
RESUMEN DEL CICLO #0036
Símbolos analizados: 0
Sin señal: 0
Esperando/otros: 0
Señales rechazadas: 0
Bloqueadas por estado/límites: 0
Validadas DRY RUN: 0
Nuevas órdenes: 0
Operaciones cerradas sincronizadas: 0
Errores: 0
Duración del ciclo: 0.02s
Intervalo objetivo: 30s
Próximo ciclo en: 29.98s
----------------------------------------------------------------------------------------

========================================================================================
CICLO #0037 | 2026-09-03 14:30:28 UTC | símbolos=9
========================================================================================
[01/09] START High Frequency Vol 25 Index
[01/09] END   High Frequency Vol 25 Index | 4.68s | WAITING M5 AFTER M15
    Motivo: M5_CONFIRMATIONS_EXIST_BUT_ALL_PRECEDE_LATEST_M15_SETUP
[02/09] START Vol over Boom 400
[02/09] END   Vol over Boom 400 | 0.01s | DIRECCIÓN BLOQUEADA POR POLÍTICA DEL INSTRUMENTO
    Motivo: BOOM_BUY_ONLY_REQUIRES_BUY_H1_CONTEXT
[03/09] START Vol over Crash 550
[03/09] END   Vol over Crash 550 | 2.33s | NO M5 CONFIRMATION
    Motivo: NO_DIRECTIONAL_M5_CONFIRMATION
[04/09] START Volatility 100 (1s) Index
[04/09] END   Volatility 100 (1s) Index | 2.70s | NO M5 CONFIRMATION
    Motivo: NO_DIRECTIONAL_M5_CONFIRMATION
    Confirmaciones: 10/13 | 76.9% | calidad=78.00 | decisión=RECHAZADA
    Faltantes: desplazamiento, microestructura M5, cierre fuerte
    Críticas faltantes: DISPLACEMENT REQUIRED FOR LIVE ENTRY
    Rechazo técnico: desplazamiento no confirmado, microestructura M5 no confirmada, cierre fuerte no confirmado, calidad de la operación insuficiente, falta una confirmación estructural crítica, porcentaje de confirmaciones inferior al 80%
[05/09] START Volatility 150 (1s) Index
[05/09] END   Volatility 150 (1s) Index | 0.52s | NO M15 SETUP
    Motivo: NO_DIRECTIONAL_M15_SETUP
[06/09] START Volatility 30 (1s) Index
[06/09] END   Volatility 30 (1s) Index | 0.00s | INSTRUMENTO EN CUARENTENA DE RIESGO
    Motivo: cuarentena temporal por desviación marginal de ejecución
[07/09] START Volatility 50 (1s) Index
[07/09] END   Volatility 50 (1s) Index | 1.95s | STALE M5 SIGNAL
    Motivo: M5_CONFIRMATION_TOO_OLD_FOR_LIVE_ENTRY
[08/09] START Volatility 90 (1s) Index
[08/09] END   Volatility 90 (1s) Index | 0.64s | NO M15 SETUP
    Motivo: NO_DIRECTIONAL_M15_SETUP
[09/09] START VolSwitch Medium Vol Index
[09/09] END   VolSwitch Medium Vol Index | 0.69s | NO M15 SETUP
    Motivo: NO_DIRECTIONAL_M15_SETUP
----------------------------------------------------------------------------------------
RESUMEN DEL CICLO #0037
Símbolos analizados: 9
Sin señal: 0
Esperando/otros: 8
Señales rechazadas: 1
Bloqueadas por estado/límites: 0
Validadas DRY RUN: 0
Nuevas órdenes: 0
Operaciones cerradas sincronizadas: 0
Errores: 0
Duración del ciclo: 13.62s
Intervalo objetivo: 30s
Próximo ciclo en: 16.38s
----------------------------------------------------------------------------------------

========================================================================================
CICLO #0038 | 2026-09-03 14:30:58 UTC | símbolos=0
========================================================================================
----------------------------------------------------------------------------------------
RESUMEN DEL CICLO #0038
Símbolos analizados: 0
Sin señal: 0
Esperando/otros: 0
Señales rechazadas: 0
Bloqueadas por estado/límites: 0
Validadas DRY RUN: 0
Nuevas órdenes: 0
Operaciones cerradas sincronizadas: 0
Errores: 0
Duración del ciclo: 0.02s
Intervalo objetivo: 30s
Próximo ciclo en: 29.98s
----------------------------------------------------------------------------------------

========================================================================================
CICLO #0039 | 2026-09-03 14:31:28 UTC | símbolos=0
========================================================================================
----------------------------------------------------------------------------------------
RESUMEN DEL CICLO #0039
Símbolos analizados: 0
Sin señal: 0
Esperando/otros: 0
Señales rechazadas: 0
Bloqueadas por estado/límites: 0
Validadas DRY RUN: 0
Nuevas órdenes: 0
Operaciones cerradas sincronizadas: 0
Errores: 0
Duración del ciclo: 0.03s
Intervalo objetivo: 30s
Próximo ciclo en: 29.97s
----------------------------------------------------------------------------------------

========================================================================================
CICLO #0040 | 2026-09-03 14:31:58 UTC | símbolos=0
========================================================================================
----------------------------------------------------------------------------------------
RESUMEN DEL CICLO #0040
Símbolos analizados: 0
Sin señal: 0
Esperando/otros: 0
Señales rechazadas: 0
Bloqueadas por estado/límites: 0
Validadas DRY RUN: 0
Nuevas órdenes: 0
Operaciones cerradas sincronizadas: 0
Errores: 0
Duración del ciclo: 0.03s
Intervalo objetivo: 30s
Próximo ciclo en: 29.97s
----------------------------------------------------------------------------------------

========================================================================================
CICLO #0041 | 2026-09-03 14:32:28 UTC | símbolos=0
========================================================================================
----------------------------------------------------------------------------------------
RESUMEN DEL CICLO #0041
Símbolos analizados: 0
Sin señal: 0
Esperando/otros: 0
Señales rechazadas: 0
Bloqueadas por estado/límites: 0
Validadas DRY RUN: 0
Nuevas órdenes: 0
Operaciones cerradas sincronizadas: 0
Errores: 0
Duración del ciclo: 0.02s
Intervalo objetivo: 30s
Próximo ciclo en: 29.98s
----------------------------------------------------------------------------------------

========================================================================================
CICLO #0042 | 2026-09-03 14:32:58 UTC | símbolos=0
========================================================================================
----------------------------------------------------------------------------------------
RESUMEN DEL CICLO #0042
Símbolos analizados: 0
Sin señal: 0
Esperando/otros: 0
Señales rechazadas: 0
Bloqueadas por estado/límites: 0
Validadas DRY RUN: 0
Nuevas órdenes: 0
Operaciones cerradas sincronizadas: 0
Errores: 0
Duración del ciclo: 0.02s
Intervalo objetivo: 30s
Próximo ciclo en: 29.98s
----------------------------------------------------------------------------------------

========================================================================================
CICLO #0043 | 2026-09-03 14:33:28 UTC | símbolos=0
========================================================================================
----------------------------------------------------------------------------------------
RESUMEN DEL CICLO #0043
Símbolos analizados: 0
Sin señal: 0
Esperando/otros: 0
Señales rechazadas: 0
Bloqueadas por estado/límites: 0
Validadas DRY RUN: 0
Nuevas órdenes: 0
Operaciones cerradas sincronizadas: 0
Errores: 0
Duración del ciclo: 0.02s
Intervalo objetivo: 30s
Próximo ciclo en: 29.98s
----------------------------------------------------------------------------------------

========================================================================================
CICLO #0044 | 2026-09-03 14:33:58 UTC | símbolos=0
========================================================================================
----------------------------------------------------------------------------------------
RESUMEN DEL CICLO #0044
Símbolos analizados: 0
Sin señal: 0
Esperando/otros: 0
Señales rechazadas: 0
Bloqueadas por estado/límites: 0
Validadas DRY RUN: 0
Nuevas órdenes: 0
Operaciones cerradas sincronizadas: 0
Errores: 0
Duración del ciclo: 0.02s
Intervalo objetivo: 30s
Próximo ciclo en: 29.98s
----------------------------------------------------------------------------------------

========================================================================================
CICLO #0045 | 2026-09-03 14:34:28 UTC | símbolos=0
========================================================================================
----------------------------------------------------------------------------------------
RESUMEN DEL CICLO #0045
Símbolos analizados: 0
Sin señal: 0
Esperando/otros: 0
Señales rechazadas: 0
Bloqueadas por estado/límites: 0
Validadas DRY RUN: 0
Nuevas órdenes: 0
Operaciones cerradas sincronizadas: 0
Errores: 0
Duración del ciclo: 0.02s
Intervalo objetivo: 30s
Próximo ciclo en: 29.98s
----------------------------------------------------------------------------------------

========================================================================================
CICLO #0046 | 2026-09-03 14:34:58 UTC | símbolos=0
========================================================================================
----------------------------------------------------------------------------------------
RESUMEN DEL CICLO #0046
Símbolos analizados: 0
Sin señal: 0
Esperando/otros: 0
Señales rechazadas: 0
Bloqueadas por estado/límites: 0
Validadas DRY RUN: 0
Nuevas órdenes: 0
Operaciones cerradas sincronizadas: 0
Errores: 0
Duración del ciclo: 0.02s
Intervalo objetivo: 30s
Próximo ciclo en: 29.98s
----------------------------------------------------------------------------------------

========================================================================================
CICLO #0047 | 2026-09-03 14:35:28 UTC | símbolos=9
========================================================================================
[01/09] START High Frequency Vol 25 Index
[01/09] END   High Frequency Vol 25 Index | 2.02s | WAITING M5 AFTER M15
    Motivo: M5_CONFIRMATIONS_EXIST_BUT_ALL_PRECEDE_LATEST_M15_SETUP
[02/09] START Vol over Boom 400
[02/09] END   Vol over Boom 400 | 0.01s | DIRECCIÓN BLOQUEADA POR POLÍTICA DEL INSTRUMENTO
    Motivo: BOOM_BUY_ONLY_REQUIRES_BUY_H1_CONTEXT
[03/09] START Vol over Crash 550
[03/09] END   Vol over Crash 550 | 0.41s | NO M5 CONFIRMATION
    Motivo: NO_DIRECTIONAL_M5_CONFIRMATION
[04/09] START Volatility 100 (1s) Index
[04/09] END   Volatility 100 (1s) Index | 0.72s | NO M5 CONFIRMATION
    Motivo: NO_DIRECTIONAL_M5_CONFIRMATION
    Confirmaciones: 10/13 | 76.9% | calidad=78.00 | decisión=RECHAZADA
    Faltantes: desplazamiento, microestructura M5, cierre fuerte
    Críticas faltantes: DISPLACEMENT REQUIRED FOR LIVE ENTRY
    Rechazo técnico: desplazamiento no confirmado, microestructura M5 no confirmada, cierre fuerte no confirmado, calidad de la operación insuficiente, falta una confirmación estructural crítica, porcentaje de confirmaciones inferior al 80%
[05/09] START Volatility 150 (1s) Index
[05/09] END   Volatility 150 (1s) Index | 0.01s | NO M15 SETUP
    Motivo: NO_DIRECTIONAL_M15_SETUP
[06/09] START Volatility 30 (1s) Index
[06/09] END   Volatility 30 (1s) Index | 0.00s | INSTRUMENTO EN CUARENTENA DE RIESGO
    Motivo: cuarentena temporal por desviación marginal de ejecución
[07/09] START Volatility 50 (1s) Index
[07/09] END   Volatility 50 (1s) Index | 0.66s | STALE M5 SIGNAL
    Motivo: M5_CONFIRMATION_TOO_OLD_FOR_LIVE_ENTRY
[08/09] START Volatility 90 (1s) Index
[08/09] END   Volatility 90 (1s) Index | 0.01s | NO M15 SETUP
    Motivo: NO_DIRECTIONAL_M15_SETUP
[09/09] START VolSwitch Medium Vol Index
[09/09] END   VolSwitch Medium Vol Index | 0.01s | NO M15 SETUP
    Motivo: NO_DIRECTIONAL_M15_SETUP
----------------------------------------------------------------------------------------
RESUMEN DEL CICLO #0047
Símbolos analizados: 9
Sin señal: 0
Esperando/otros: 8
Señales rechazadas: 1
Bloqueadas por estado/límites: 0
Validadas DRY RUN: 0
Nuevas órdenes: 0
Operaciones cerradas sincronizadas: 0
Errores: 0
Duración del ciclo: 3.90s
Intervalo objetivo: 30s
Próximo ciclo en: 26.10s
----------------------------------------------------------------------------------------

========================================================================================
CICLO #0048 | 2026-09-03 14:35:58 UTC | símbolos=0
========================================================================================
----------------------------------------------------------------------------------------
RESUMEN DEL CICLO #0048
Símbolos analizados: 0
Sin señal: 0
Esperando/otros: 0
Señales rechazadas: 0
Bloqueadas por estado/límites: 0
Validadas DRY RUN: 0
Nuevas órdenes: 0
Operaciones cerradas sincronizadas: 0
Errores: 0
Duración del ciclo: 0.03s
Intervalo objetivo: 30s
Próximo ciclo en: 29.97s
----------------------------------------------------------------------------------------

========================================================================================
CICLO #0049 | 2026-09-03 14:36:28 UTC | símbolos=0
========================================================================================
----------------------------------------------------------------------------------------
RESUMEN DEL CICLO #0049
Símbolos analizados: 0
Sin señal: 0
Esperando/otros: 0
Señales rechazadas: 0
Bloqueadas por estado/límites: 0
Validadas DRY RUN: 0
Nuevas órdenes: 0
Operaciones cerradas sincronizadas: 0
Errores: 0
Duración del ciclo: 0.02s
Intervalo objetivo: 30s
Próximo ciclo en: 29.98s
----------------------------------------------------------------------------------------

========================================================================================
CICLO #0050 | 2026-09-03 14:36:58 UTC | símbolos=0
========================================================================================
----------------------------------------------------------------------------------------
RESUMEN DEL CICLO #0050
Símbolos analizados: 0
Sin señal: 0
Esperando/otros: 0
Señales rechazadas: 0
Bloqueadas por estado/límites: 0
Validadas DRY RUN: 0
Nuevas órdenes: 0
Operaciones cerradas sincronizadas: 0
Errores: 0
Duración del ciclo: 0.02s
Intervalo objetivo: 30s
Próximo ciclo en: 29.98s
----------------------------------------------------------------------------------------

========================================================================================
CICLO #0051 | 2026-09-03 14:37:28 UTC | símbolos=0
========================================================================================
----------------------------------------------------------------------------------------
RESUMEN DEL CICLO #0051
Símbolos analizados: 0
Sin señal: 0
Esperando/otros: 0
Señales rechazadas: 0
Bloqueadas por estado/límites: 0
Validadas DRY RUN: 0
Nuevas órdenes: 0
Operaciones cerradas sincronizadas: 0
Errores: 0
Duración del ciclo: 0.02s
Intervalo objetivo: 30s
Próximo ciclo en: 29.98s
----------------------------------------------------------------------------------------

========================================================================================
CICLO #0052 | 2026-09-03 14:37:58 UTC | símbolos=0
========================================================================================
----------------------------------------------------------------------------------------
RESUMEN DEL CICLO #0052
Símbolos analizados: 0
Sin señal: 0
Esperando/otros: 0
Señales rechazadas: 0
Bloqueadas por estado/límites: 0
Validadas DRY RUN: 0
Nuevas órdenes: 0
Operaciones cerradas sincronizadas: 0
Errores: 0
Duración del ciclo: 0.03s
Intervalo objetivo: 30s
Próximo ciclo en: 29.97s
----------------------------------------------------------------------------------------

========================================================================================
CICLO #0053 | 2026-09-03 14:38:28 UTC | símbolos=0
========================================================================================
----------------------------------------------------------------------------------------
RESUMEN DEL CICLO #0053
Símbolos analizados: 0
Sin señal: 0
Esperando/otros: 0
Señales rechazadas: 0
Bloqueadas por estado/límites: 0
Validadas DRY RUN: 0
Nuevas órdenes: 0
Operaciones cerradas sincronizadas: 0
Errores: 0
Duración del ciclo: 0.02s
Intervalo objetivo: 30s
Próximo ciclo en: 29.98s
----------------------------------------------------------------------------------------

========================================================================================
CICLO #0054 | 2026-09-03 14:38:58 UTC | símbolos=0
========================================================================================
----------------------------------------------------------------------------------------
RESUMEN DEL CICLO #0054
Símbolos analizados: 0
Sin señal: 0
Esperando/otros: 0
Señales rechazadas: 0
Bloqueadas por estado/límites: 0
Validadas DRY RUN: 0
Nuevas órdenes: 0
Operaciones cerradas sincronizadas: 0
Errores: 0
Duración del ciclo: 0.03s
Intervalo objetivo: 30s
Próximo ciclo en: 29.97s
----------------------------------------------------------------------------------------

========================================================================================
CICLO #0055 | 2026-09-03 14:39:28 UTC | símbolos=0
========================================================================================
----------------------------------------------------------------------------------------
RESUMEN DEL CICLO #0055
Símbolos analizados: 0
Sin señal: 0
Esperando/otros: 0
Señales rechazadas: 0
Bloqueadas por estado/límites: 0
Validadas DRY RUN: 0
Nuevas órdenes: 0
Operaciones cerradas sincronizadas: 0
Errores: 0
Duración del ciclo: 0.02s
Intervalo objetivo: 30s
Próximo ciclo en: 29.98s
----------------------------------------------------------------------------------------

========================================================================================
CICLO #0056 | 2026-09-03 14:39:58 UTC | símbolos=0
========================================================================================
----------------------------------------------------------------------------------------
RESUMEN DEL CICLO #0056
Símbolos analizados: 0
Sin señal: 0
Esperando/otros: 0
Señales rechazadas: 0
Bloqueadas por estado/límites: 0
Validadas DRY RUN: 0
Nuevas órdenes: 0
Operaciones cerradas sincronizadas: 0
Errores: 0
Duración del ciclo: 0.02s
Intervalo objetivo: 30s
Próximo ciclo en: 29.98s
----------------------------------------------------------------------------------------

========================================================================================
CICLO #0057 | 2026-09-03 14:40:28 UTC | símbolos=9
========================================================================================
[01/09] START High Frequency Vol 25 Index
[01/09] END   High Frequency Vol 25 Index | 2.02s | WAITING M5 AFTER M15
    Motivo: M5_CONFIRMATIONS_EXIST_BUT_ALL_PRECEDE_LATEST_M15_SETUP
[02/09] START Vol over Boom 400
[02/09] END   Vol over Boom 400 | 0.01s | DIRECCIÓN BLOQUEADA POR POLÍTICA DEL INSTRUMENTO
    Motivo: BOOM_BUY_ONLY_REQUIRES_BUY_H1_CONTEXT
[03/09] START Vol over Crash 550
[03/09] END   Vol over Crash 550 | 0.42s | NO M5 CONFIRMATION
    Motivo: NO_DIRECTIONAL_M5_CONFIRMATION
[04/09] START Volatility 100 (1s) Index
[04/09] END   Volatility 100 (1s) Index | 0.64s | NO M5 CONFIRMATION
    Motivo: NO_DIRECTIONAL_M5_CONFIRMATION
    Confirmaciones: 10/13 | 76.9% | calidad=78.00 | decisión=RECHAZADA
    Faltantes: desplazamiento, microestructura M5, cierre fuerte
    Críticas faltantes: DISPLACEMENT REQUIRED FOR LIVE ENTRY
    Rechazo técnico: desplazamiento no confirmado, microestructura M5 no confirmada, cierre fuerte no confirmado, calidad de la operación insuficiente, falta una confirmación estructural crítica, porcentaje de confirmaciones inferior al 80%
[05/09] START Volatility 150 (1s) Index
[05/09] END   Volatility 150 (1s) Index | 0.01s | NO M15 SETUP
    Motivo: NO_DIRECTIONAL_M15_SETUP
[06/09] START Volatility 30 (1s) Index
[06/09] END   Volatility 30 (1s) Index | 0.00s | INSTRUMENTO EN CUARENTENA DE RIESGO
    Motivo: cuarentena temporal por desviación marginal de ejecución
[07/09] START Volatility 50 (1s) Index
[07/09] END   Volatility 50 (1s) Index | 0.67s | STALE M5 SIGNAL
    Motivo: M5_CONFIRMATION_TOO_OLD_FOR_LIVE_ENTRY
[08/09] START Volatility 90 (1s) Index
[08/09] END   Volatility 90 (1s) Index | 0.01s | NO M15 SETUP
    Motivo: NO_DIRECTIONAL_M15_SETUP
[09/09] START VolSwitch Medium Vol Index
[09/09] END   VolSwitch Medium Vol Index | 0.01s | NO M15 SETUP
    Motivo: NO_DIRECTIONAL_M15_SETUP
----------------------------------------------------------------------------------------
RESUMEN DEL CICLO #0057
Símbolos analizados: 9
Sin señal: 0
Esperando/otros: 8
Señales rechazadas: 1
Bloqueadas por estado/límites: 0
Validadas DRY RUN: 0
Nuevas órdenes: 0
Operaciones cerradas sincronizadas: 0
Errores: 0
Duración del ciclo: 3.84s
Intervalo objetivo: 30s
Próximo ciclo en: 26.16s
----------------------------------------------------------------------------------------

========================================================================================
CICLO #0058 | 2026-09-03 14:40:58 UTC | símbolos=0
========================================================================================
----------------------------------------------------------------------------------------
RESUMEN DEL CICLO #0058
Símbolos analizados: 0
Sin señal: 0
Esperando/otros: 0
Señales rechazadas: 0
Bloqueadas por estado/límites: 0
Validadas DRY RUN: 0
Nuevas órdenes: 0
Operaciones cerradas sincronizadas: 0
Errores: 0
Duración del ciclo: 0.02s
Intervalo objetivo: 30s
Próximo ciclo en: 29.98s
----------------------------------------------------------------------------------------

========================================================================================
CICLO #0059 | 2026-09-03 14:41:28 UTC | símbolos=0
========================================================================================
----------------------------------------------------------------------------------------
RESUMEN DEL CICLO #0059
Símbolos analizados: 0
Sin señal: 0
Esperando/otros: 0
Señales rechazadas: 0
Bloqueadas por estado/límites: 0
Validadas DRY RUN: 0
Nuevas órdenes: 0
Operaciones cerradas sincronizadas: 0
Errores: 0
Duración del ciclo: 0.02s
Intervalo objetivo: 30s
Próximo ciclo en: 29.98s
----------------------------------------------------------------------------------------

========================================================================================
CICLO #0060 | 2026-09-03 14:41:58 UTC | símbolos=0
========================================================================================
----------------------------------------------------------------------------------------
RESUMEN DEL CICLO #0060
Símbolos analizados: 0
Sin señal: 0
Esperando/otros: 0
Señales rechazadas: 0
Bloqueadas por estado/límites: 0
Validadas DRY RUN: 0
Nuevas órdenes: 0
Operaciones cerradas sincronizadas: 0
Errores: 0
Duración del ciclo: 0.02s
Intervalo objetivo: 30s
Próximo ciclo en: 29.98s
----------------------------------------------------------------------------------------

========================================================================================
CICLO #0061 | 2026-09-03 14:42:28 UTC | símbolos=0
========================================================================================
----------------------------------------------------------------------------------------
RESUMEN DEL CICLO #0061
Símbolos analizados: 0
Sin señal: 0
Esperando/otros: 0
Señales rechazadas: 0
Bloqueadas por estado/límites: 0
Validadas DRY RUN: 0
Nuevas órdenes: 0
Operaciones cerradas sincronizadas: 0
Errores: 0
Duración del ciclo: 0.02s
Intervalo objetivo: 30s
Próximo ciclo en: 29.98s
----------------------------------------------------------------------------------------

========================================================================================
CICLO #0062 | 2026-09-03 14:42:58 UTC | símbolos=0
========================================================================================
----------------------------------------------------------------------------------------
RESUMEN DEL CICLO #0062
Símbolos analizados: 0
Sin señal: 0
Esperando/otros: 0
Señales rechazadas: 0
Bloqueadas por estado/límites: 0
Validadas DRY RUN: 0
Nuevas órdenes: 0
Operaciones cerradas sincronizadas: 0
Errores: 0
Duración del ciclo: 0.04s
Intervalo objetivo: 30s
Próximo ciclo en: 29.96s
----------------------------------------------------------------------------------------

========================================================================================
CICLO #0063 | 2026-09-03 14:43:28 UTC | símbolos=0
========================================================================================
----------------------------------------------------------------------------------------
RESUMEN DEL CICLO #0063
Símbolos analizados: 0
Sin señal: 0
Esperando/otros: 0
Señales rechazadas: 0
Bloqueadas por estado/límites: 0
Validadas DRY RUN: 0
Nuevas órdenes: 0
Operaciones cerradas sincronizadas: 0
Errores: 0
Duración del ciclo: 0.02s
Intervalo objetivo: 30s
Próximo ciclo en: 29.98s
----------------------------------------------------------------------------------------

========================================================================================
CICLO #0064 | 2026-09-03 14:43:58 UTC | símbolos=0
========================================================================================
----------------------------------------------------------------------------------------
RESUMEN DEL CICLO #0064
Símbolos analizados: 0
Sin señal: 0
Esperando/otros: 0
Señales rechazadas: 0
Bloqueadas por estado/límites: 0
Validadas DRY RUN: 0
Nuevas órdenes: 0
Operaciones cerradas sincronizadas: 0
Errores: 0
Duración del ciclo: 0.03s
Intervalo objetivo: 30s
Próximo ciclo en: 29.97s
----------------------------------------------------------------------------------------

========================================================================================
CICLO #0065 | 2026-09-03 14:44:28 UTC | símbolos=0
========================================================================================
----------------------------------------------------------------------------------------
RESUMEN DEL CICLO #0065
Símbolos analizados: 0
Sin señal: 0
Esperando/otros: 0
Señales rechazadas: 0
Bloqueadas por estado/límites: 0
Validadas DRY RUN: 0
Nuevas órdenes: 0
Operaciones cerradas sincronizadas: 0
Errores: 0
Duración del ciclo: 0.02s
Intervalo objetivo: 30s
Próximo ciclo en: 29.98s
----------------------------------------------------------------------------------------

========================================================================================
CICLO #0066 | 2026-09-03 14:44:58 UTC | símbolos=0
========================================================================================
----------------------------------------------------------------------------------------
RESUMEN DEL CICLO #0066
Símbolos analizados: 0
Sin señal: 0
Esperando/otros: 0
Señales rechazadas: 0
Bloqueadas por estado/límites: 0
Validadas DRY RUN: 0
Nuevas órdenes: 0
Operaciones cerradas sincronizadas: 0
Errores: 0
Duración del ciclo: 0.02s
Intervalo objetivo: 30s
Próximo ciclo en: 29.98s
----------------------------------------------------------------------------------------

========================================================================================
CICLO #0067 | 2026-09-03 14:45:28 UTC | símbolos=9
========================================================================================
[01/09] START High Frequency Vol 25 Index
[01/09] END   High Frequency Vol 25 Index | 3.90s | WAITING M5 AFTER M15
    Motivo: M5_CONFIRMATIONS_EXIST_BUT_ALL_PRECEDE_LATEST_M15_SETUP
[02/09] START Vol over Boom 400
[02/09] END   Vol over Boom 400 | 0.25s | DIRECCIÓN BLOQUEADA POR POLÍTICA DEL INSTRUMENTO
    Motivo: BOOM_BUY_ONLY_REQUIRES_BUY_H1_CONTEXT
[03/09] START Vol over Crash 550
[03/09] END   Vol over Crash 550 | 1.28s | NO M5 CONFIRMATION
    Motivo: NO_DIRECTIONAL_M5_CONFIRMATION
[04/09] START Volatility 100 (1s) Index
[04/09] END   Volatility 100 (1s) Index | 2.40s | NO M5 CONFIRMATION
    Motivo: NO_DIRECTIONAL_M5_CONFIRMATION
    Confirmaciones: 10/13 | 76.9% | calidad=78.00 | decisión=RECHAZADA
    Faltantes: desplazamiento, microestructura M5, cierre fuerte
    Críticas faltantes: DISPLACEMENT REQUIRED FOR LIVE ENTRY
    Rechazo técnico: desplazamiento no confirmado, microestructura M5 no confirmada, cierre fuerte no confirmado, calidad de la operación insuficiente, falta una confirmación estructural crítica, porcentaje de confirmaciones inferior al 80%
[05/09] START Volatility 150 (1s) Index
[05/09] END   Volatility 150 (1s) Index | 0.57s | NO M15 SETUP
    Motivo: NO_DIRECTIONAL_M15_SETUP
[06/09] START Volatility 30 (1s) Index
[06/09] END   Volatility 30 (1s) Index | 0.00s | INSTRUMENTO EN CUARENTENA DE RIESGO
    Motivo: cuarentena temporal por desviación marginal de ejecución
[07/09] START Volatility 50 (1s) Index
[07/09] END   Volatility 50 (1s) Index | 2.01s | STALE M5 SIGNAL
    Motivo: M5_CONFIRMATION_TOO_OLD_FOR_LIVE_ENTRY
[08/09] START Volatility 90 (1s) Index
[08/09] END   Volatility 90 (1s) Index | 0.53s | NO M15 SETUP
    Motivo: NO_DIRECTIONAL_M15_SETUP
[09/09] START VolSwitch Medium Vol Index
[09/09] END   VolSwitch Medium Vol Index | 0.54s | NO M15 SETUP
    Motivo: NO_DIRECTIONAL_M15_SETUP
----------------------------------------------------------------------------------------
RESUMEN DEL CICLO #0067
Símbolos analizados: 9
Sin señal: 0
Esperando/otros: 8
Señales rechazadas: 1
Bloqueadas por estado/límites: 0
Validadas DRY RUN: 0
Nuevas órdenes: 0
Operaciones cerradas sincronizadas: 0
Errores: 0
Duración del ciclo: 11.55s
Intervalo objetivo: 30s
Próximo ciclo en: 18.45s
----------------------------------------------------------------------------------------

========================================================================================
CICLO #0068 | 2026-09-03 14:45:58 UTC | símbolos=0
========================================================================================
----------------------------------------------------------------------------------------
RESUMEN DEL CICLO #0068
Símbolos analizados: 0
Sin señal: 0
Esperando/otros: 0
Señales rechazadas: 0
Bloqueadas por estado/límites: 0
Validadas DRY RUN: 0
Nuevas órdenes: 0
Operaciones cerradas sincronizadas: 0
Errores: 0
Duración del ciclo: 0.02s
Intervalo objetivo: 30s
Próximo ciclo en: 29.98s
----------------------------------------------------------------------------------------

========================================================================================
CICLO #0069 | 2026-09-03 14:46:28 UTC | símbolos=0
========================================================================================
----------------------------------------------------------------------------------------
RESUMEN DEL CICLO #0069
Símbolos analizados: 0
Sin señal: 0
Esperando/otros: 0
Señales rechazadas: 0
Bloqueadas por estado/límites: 0
Validadas DRY RUN: 0
Nuevas órdenes: 0
Operaciones cerradas sincronizadas: 0
Errores: 0
Duración del ciclo: 0.02s
Intervalo objetivo: 30s
Próximo ciclo en: 29.98s
----------------------------------------------------------------------------------------

========================================================================================
CICLO #0070 | 2026-09-03 14:46:58 UTC | símbolos=0
========================================================================================
----------------------------------------------------------------------------------------
RESUMEN DEL CICLO #0070
Símbolos analizados: 0
Sin señal: 0
Esperando/otros: 0
Señales rechazadas: 0
Bloqueadas por estado/límites: 0
Validadas DRY RUN: 0
Nuevas órdenes: 0
Operaciones cerradas sincronizadas: 0
Errores: 0
Duración del ciclo: 0.03s
Intervalo objetivo: 30s
Próximo ciclo en: 29.97s
----------------------------------------------------------------------------------------

========================================================================================
CICLO #0071 | 2026-09-03 14:47:28 UTC | símbolos=0
========================================================================================
----------------------------------------------------------------------------------------
RESUMEN DEL CICLO #0071
Símbolos analizados: 0
Sin señal: 0
Esperando/otros: 0
Señales rechazadas: 0
Bloqueadas por estado/límites: 0
Validadas DRY RUN: 0
Nuevas órdenes: 0
Operaciones cerradas sincronizadas: 0
Errores: 0
Duración del ciclo: 0.03s
Intervalo objetivo: 30s
Próximo ciclo en: 29.97s
----------------------------------------------------------------------------------------

========================================================================================
CICLO #0072 | 2026-09-03 14:47:58 UTC | símbolos=0
========================================================================================
----------------------------------------------------------------------------------------
RESUMEN DEL CICLO #0072
Símbolos analizados: 0
Sin señal: 0
Esperando/otros: 0
Señales rechazadas: 0
Bloqueadas por estado/límites: 0
Validadas DRY RUN: 0
Nuevas órdenes: 0
Operaciones cerradas sincronizadas: 0
Errores: 0
Duración del ciclo: 0.02s
Intervalo objetivo: 30s
Próximo ciclo en: 29.98s
----------------------------------------------------------------------------------------

========================================================================================
CICLO #0073 | 2026-09-03 14:48:28 UTC | símbolos=0
========================================================================================
----------------------------------------------------------------------------------------
RESUMEN DEL CICLO #0073
Símbolos analizados: 0
Sin señal: 0
Esperando/otros: 0
Señales rechazadas: 0
Bloqueadas por estado/límites: 0
Validadas DRY RUN: 0
Nuevas órdenes: 0
Operaciones cerradas sincronizadas: 0
Errores: 0
Duración del ciclo: 0.02s
Intervalo objetivo: 30s
Próximo ciclo en: 29.98s
----------------------------------------------------------------------------------------

========================================================================================
CICLO #0074 | 2026-09-03 14:48:58 UTC | símbolos=0
========================================================================================
----------------------------------------------------------------------------------------
RESUMEN DEL CICLO #0074
Símbolos analizados: 0
Sin señal: 0
Esperando/otros: 0
Señales rechazadas: 0
Bloqueadas por estado/límites: 0
Validadas DRY RUN: 0
Nuevas órdenes: 0
Operaciones cerradas sincronizadas: 0
Errores: 0
Duración del ciclo: 0.03s
Intervalo objetivo: 30s
Próximo ciclo en: 29.97s
----------------------------------------------------------------------------------------

========================================================================================
CICLO #0075 | 2026-09-03 14:49:28 UTC | símbolos=0
========================================================================================
----------------------------------------------------------------------------------------
RESUMEN DEL CICLO #0075
Símbolos analizados: 0
Sin señal: 0
Esperando/otros: 0
Señales rechazadas: 0
Bloqueadas por estado/límites: 0
Validadas DRY RUN: 0
Nuevas órdenes: 0
Operaciones cerradas sincronizadas: 0
Errores: 0
Duración del ciclo: 0.03s
Intervalo objetivo: 30s
Próximo ciclo en: 29.97s
----------------------------------------------------------------------------------------

========================================================================================
CICLO #0076 | 2026-09-03 14:49:58 UTC | símbolos=0
========================================================================================
----------------------------------------------------------------------------------------
RESUMEN DEL CICLO #0076
Símbolos analizados: 0
Sin señal: 0
Esperando/otros: 0
Señales rechazadas: 0
Bloqueadas por estado/límites: 0
Validadas DRY RUN: 0
Nuevas órdenes: 0
Operaciones cerradas sincronizadas: 0
Errores: 0
Duración del ciclo: 0.03s
Intervalo objetivo: 30s
Próximo ciclo en: 29.97s
----------------------------------------------------------------------------------------

========================================================================================
CICLO #0077 | 2026-09-03 14:50:28 UTC | símbolos=9
========================================================================================
[01/09] START High Frequency Vol 25 Index
[01/09] END   High Frequency Vol 25 Index | 1.97s | WAITING M5 AFTER M15
    Motivo: M5_CONFIRMATIONS_EXIST_BUT_ALL_PRECEDE_LATEST_M15_SETUP
[02/09] START Vol over Boom 400
[02/09] END   Vol over Boom 400 | 0.00s | DIRECCIÓN BLOQUEADA POR POLÍTICA DEL INSTRUMENTO
    Motivo: BOOM_BUY_ONLY_REQUIRES_BUY_H1_CONTEXT
[03/09] START Vol over Crash 550
[03/09] END   Vol over Crash 550 | 0.33s | NO M5 CONFIRMATION
    Motivo: NO_DIRECTIONAL_M5_CONFIRMATION
[04/09] START Volatility 100 (1s) Index
[04/09] END   Volatility 100 (1s) Index | 0.54s | NO M5 CONFIRMATION
    Motivo: NO_DIRECTIONAL_M5_CONFIRMATION
    Confirmaciones: 10/13 | 76.9% | calidad=78.00 | decisión=RECHAZADA
    Faltantes: desplazamiento, microestructura M5, cierre fuerte
    Críticas faltantes: DISPLACEMENT REQUIRED FOR LIVE ENTRY
    Rechazo técnico: desplazamiento no confirmado, microestructura M5 no confirmada, cierre fuerte no confirmado, calidad de la operación insuficiente, falta una confirmación estructural crítica, porcentaje de confirmaciones inferior al 80%
[05/09] START Volatility 150 (1s) Index
[05/09] END   Volatility 150 (1s) Index | 0.01s | NO M15 SETUP
    Motivo: NO_DIRECTIONAL_M15_SETUP
[06/09] START Volatility 30 (1s) Index
[06/09] END   Volatility 30 (1s) Index | 0.00s | INSTRUMENTO EN CUARENTENA DE RIESGO
    Motivo: cuarentena temporal por desviación marginal de ejecución
[07/09] START Volatility 50 (1s) Index
[07/09] END   Volatility 50 (1s) Index | 0.59s | STALE M5 SIGNAL
    Motivo: M5_CONFIRMATION_TOO_OLD_FOR_LIVE_ENTRY
[08/09] START Volatility 90 (1s) Index
[08/09] END   Volatility 90 (1s) Index | 0.01s | NO M15 SETUP
    Motivo: NO_DIRECTIONAL_M15_SETUP
[09/09] START VolSwitch Medium Vol Index
[09/09] END   VolSwitch Medium Vol Index | 0.01s | NO M15 SETUP
    Motivo: NO_DIRECTIONAL_M15_SETUP
----------------------------------------------------------------------------------------
RESUMEN DEL CICLO #0077
Símbolos analizados: 9
Sin señal: 0
Esperando/otros: 8
Señales rechazadas: 1
Bloqueadas por estado/límites: 0
Validadas DRY RUN: 0
Nuevas órdenes: 0
Operaciones cerradas sincronizadas: 0
Errores: 0
Duración del ciclo: 3.50s
Intervalo objetivo: 30s
Próximo ciclo en: 26.50s
----------------------------------------------------------------------------------------

========================================================================================
CICLO #0078 | 2026-09-03 14:50:58 UTC | símbolos=0
========================================================================================
----------------------------------------------------------------------------------------
RESUMEN DEL CICLO #0078
Símbolos analizados: 0
Sin señal: 0
Esperando/otros: 0
Señales rechazadas: 0
Bloqueadas por estado/límites: 0
Validadas DRY RUN: 0
Nuevas órdenes: 0
Operaciones cerradas sincronizadas: 0
Errores: 0
Duración del ciclo: 0.03s
Intervalo objetivo: 30s
Próximo ciclo en: 29.97s
----------------------------------------------------------------------------------------

========================================================================================
CICLO #0079 | 2026-09-03 14:51:28 UTC | símbolos=0
========================================================================================
----------------------------------------------------------------------------------------
RESUMEN DEL CICLO #0079
Símbolos analizados: 0
Sin señal: 0
Esperando/otros: 0
Señales rechazadas: 0
Bloqueadas por estado/límites: 0
Validadas DRY RUN: 0
Nuevas órdenes: 0
Operaciones cerradas sincronizadas: 0
Errores: 0
Duración del ciclo: 0.02s
Intervalo objetivo: 30s
Próximo ciclo en: 29.98s
----------------------------------------------------------------------------------------

========================================================================================
CICLO #0080 | 2026-09-03 14:51:58 UTC | símbolos=0
========================================================================================
----------------------------------------------------------------------------------------
RESUMEN DEL CICLO #0080
Símbolos analizados: 0
Sin señal: 0
Esperando/otros: 0
Señales rechazadas: 0
Bloqueadas por estado/límites: 0
Validadas DRY RUN: 0
Nuevas órdenes: 0
Operaciones cerradas sincronizadas: 0
Errores: 0
Duración del ciclo: 0.02s
Intervalo objetivo: 30s
Próximo ciclo en: 29.98s
----------------------------------------------------------------------------------------

========================================================================================
CICLO #0081 | 2026-09-03 14:52:28 UTC | símbolos=0
========================================================================================
----------------------------------------------------------------------------------------
RESUMEN DEL CICLO #0081
Símbolos analizados: 0
Sin señal: 0
Esperando/otros: 0
Señales rechazadas: 0
Bloqueadas por estado/límites: 0
Validadas DRY RUN: 0
Nuevas órdenes: 0
Operaciones cerradas sincronizadas: 0
Errores: 0
Duración del ciclo: 0.02s
Intervalo objetivo: 30s
Próximo ciclo en: 29.98s
----------------------------------------------------------------------------------------

========================================================================================
CICLO #0082 | 2026-09-03 14:52:58 UTC | símbolos=0
========================================================================================
----------------------------------------------------------------------------------------
RESUMEN DEL CICLO #0082
Símbolos analizados: 0
Sin señal: 0
Esperando/otros: 0
Señales rechazadas: 0
Bloqueadas por estado/límites: 0
Validadas DRY RUN: 0
Nuevas órdenes: 0
Operaciones cerradas sincronizadas: 0
Errores: 0
Duración del ciclo: 0.03s
Intervalo objetivo: 30s
Próximo ciclo en: 29.97s
----------------------------------------------------------------------------------------

========================================================================================
CICLO #0083 | 2026-09-03 14:53:28 UTC | símbolos=0
========================================================================================
----------------------------------------------------------------------------------------
RESUMEN DEL CICLO #0083
Símbolos analizados: 0
Sin señal: 0
Esperando/otros: 0
Señales rechazadas: 0
Bloqueadas por estado/límites: 0
Validadas DRY RUN: 0
Nuevas órdenes: 0
Operaciones cerradas sincronizadas: 0
Errores: 0
Duración del ciclo: 0.02s
Intervalo objetivo: 30s
Próximo ciclo en: 29.98s
----------------------------------------------------------------------------------------

========================================================================================
CICLO #0084 | 2026-09-03 14:53:58 UTC | símbolos=0
========================================================================================
----------------------------------------------------------------------------------------
RESUMEN DEL CICLO #0084
Símbolos analizados: 0
Sin señal: 0
Esperando/otros: 0
Señales rechazadas: 0
Bloqueadas por estado/límites: 0
Validadas DRY RUN: 0
Nuevas órdenes: 0
Operaciones cerradas sincronizadas: 0
Errores: 0
Duración del ciclo: 0.03s
Intervalo objetivo: 30s
Próximo ciclo en: 29.97s
----------------------------------------------------------------------------------------

========================================================================================
CICLO #0085 | 2026-09-03 14:54:28 UTC | símbolos=0
========================================================================================
----------------------------------------------------------------------------------------
RESUMEN DEL CICLO #0085
Símbolos analizados: 0
Sin señal: 0
Esperando/otros: 0
Señales rechazadas: 0
Bloqueadas por estado/límites: 0
Validadas DRY RUN: 0
Nuevas órdenes: 0
Operaciones cerradas sincronizadas: 0
Errores: 0
Duración del ciclo: 0.02s
Intervalo objetivo: 30s
Próximo ciclo en: 29.98s
----------------------------------------------------------------------------------------

========================================================================================
CICLO #0086 | 2026-09-03 14:54:58 UTC | símbolos=0
========================================================================================
----------------------------------------------------------------------------------------
RESUMEN DEL CICLO #0086
Símbolos analizados: 0
Sin señal: 0
Esperando/otros: 0
Señales rechazadas: 0
Bloqueadas por estado/límites: 0
Validadas DRY RUN: 0
Nuevas órdenes: 0
Operaciones cerradas sincronizadas: 0
Errores: 0
Duración del ciclo: 0.03s
Intervalo objetivo: 30s
Próximo ciclo en: 29.97s
----------------------------------------------------------------------------------------

========================================================================================
CICLO #0087 | 2026-09-03 14:55:28 UTC | símbolos=9
========================================================================================
[01/09] START High Frequency Vol 25 Index
[01/09] END   High Frequency Vol 25 Index | 3.07s | WAITING M5 AFTER M15
    Motivo: M5_CONFIRMATIONS_EXIST_BUT_ALL_PRECEDE_LATEST_M15_SETUP
[02/09] START Vol over Boom 400
[02/09] END   Vol over Boom 400 | 0.01s | DIRECCIÓN BLOQUEADA POR POLÍTICA DEL INSTRUMENTO
    Motivo: BOOM_BUY_ONLY_REQUIRES_BUY_H1_CONTEXT
[03/09] START Vol over Crash 550
[03/09] END   Vol over Crash 550 | 0.53s | NO M5 CONFIRMATION
    Motivo: NO_DIRECTIONAL_M5_CONFIRMATION
[04/09] START Volatility 100 (1s) Index
[04/09] END   Volatility 100 (1s) Index | 0.84s | NO M5 CONFIRMATION
    Motivo: NO_DIRECTIONAL_M5_CONFIRMATION
    Confirmaciones: 10/13 | 76.9% | calidad=78.00 | decisión=RECHAZADA
    Faltantes: desplazamiento, microestructura M5, cierre fuerte
    Críticas faltantes: DISPLACEMENT REQUIRED FOR LIVE ENTRY
    Rechazo técnico: desplazamiento no confirmado, microestructura M5 no confirmada, cierre fuerte no confirmado, calidad de la operación insuficiente, falta una confirmación estructural crítica, porcentaje de confirmaciones inferior al 80%
[05/09] START Volatility 150 (1s) Index
[05/09] END   Volatility 150 (1s) Index | 0.01s | NO M15 SETUP
    Motivo: NO_DIRECTIONAL_M15_SETUP
[06/09] START Volatility 30 (1s) Index
[06/09] END   Volatility 30 (1s) Index | 0.01s | INSTRUMENTO EN CUARENTENA DE RIESGO
    Motivo: cuarentena temporal por desviación marginal de ejecución
[07/09] START Volatility 50 (1s) Index
[07/09] END   Volatility 50 (1s) Index | 0.92s | STALE M5 SIGNAL
    Motivo: M5_CONFIRMATION_TOO_OLD_FOR_LIVE_ENTRY
[08/09] START Volatility 90 (1s) Index
[08/09] END   Volatility 90 (1s) Index | 0.01s | NO M15 SETUP
    Motivo: NO_DIRECTIONAL_M15_SETUP
[09/09] START VolSwitch Medium Vol Index
[09/09] END   VolSwitch Medium Vol Index | 0.01s | NO M15 SETUP
    Motivo: NO_DIRECTIONAL_M15_SETUP
----------------------------------------------------------------------------------------
RESUMEN DEL CICLO #0087
Símbolos analizados: 9
Sin señal: 0
Esperando/otros: 8
Señales rechazadas: 1
Bloqueadas por estado/límites: 0
Validadas DRY RUN: 0
Nuevas órdenes: 0
Operaciones cerradas sincronizadas: 0
Errores: 0
Duración del ciclo: 5.53s
Intervalo objetivo: 30s
Próximo ciclo en: 24.47s
----------------------------------------------------------------------------------------

========================================================================================
CICLO #0088 | 2026-09-03 14:55:58 UTC | símbolos=0
========================================================================================
----------------------------------------------------------------------------------------
RESUMEN DEL CICLO #0088
Símbolos analizados: 0
Sin señal: 0
Esperando/otros: 0
Señales rechazadas: 0
Bloqueadas por estado/límites: 0
Validadas DRY RUN: 0
Nuevas órdenes: 0
Operaciones cerradas sincronizadas: 0
Errores: 0
Duración del ciclo: 0.03s
Intervalo objetivo: 30s
Próximo ciclo en: 29.97s
----------------------------------------------------------------------------------------

========================================================================================
CICLO #0089 | 2026-09-03 14:56:28 UTC | símbolos=0
========================================================================================
----------------------------------------------------------------------------------------
RESUMEN DEL CICLO #0089
Símbolos analizados: 0
Sin señal: 0
Esperando/otros: 0
Señales rechazadas: 0
Bloqueadas por estado/límites: 0
Validadas DRY RUN: 0
Nuevas órdenes: 0
Operaciones cerradas sincronizadas: 0
Errores: 0
Duración del ciclo: 0.02s
Intervalo objetivo: 30s
Próximo ciclo en: 29.98s
----------------------------------------------------------------------------------------

========================================================================================
CICLO #0090 | 2026-09-03 14:56:58 UTC | símbolos=0
========================================================================================
----------------------------------------------------------------------------------------
RESUMEN DEL CICLO #0090
Símbolos analizados: 0
Sin señal: 0
Esperando/otros: 0
Señales rechazadas: 0
Bloqueadas por estado/límites: 0
Validadas DRY RUN: 0
Nuevas órdenes: 0
Operaciones cerradas sincronizadas: 0
Errores: 0
Duración del ciclo: 0.02s
Intervalo objetivo: 30s
Próximo ciclo en: 29.98s
----------------------------------------------------------------------------------------

========================================================================================
CICLO #0091 | 2026-09-03 14:57:28 UTC | símbolos=0
========================================================================================
----------------------------------------------------------------------------------------
RESUMEN DEL CICLO #0091
Símbolos analizados: 0
Sin señal: 0
Esperando/otros: 0
Señales rechazadas: 0
Bloqueadas por estado/límites: 0
Validadas DRY RUN: 0
Nuevas órdenes: 0
Operaciones cerradas sincronizadas: 0
Errores: 0
Duración del ciclo: 0.03s
Intervalo objetivo: 30s
Próximo ciclo en: 29.97s
----------------------------------------------------------------------------------------

========================================================================================
CICLO #0092 | 2026-09-03 14:57:58 UTC | símbolos=0
========================================================================================
----------------------------------------------------------------------------------------
RESUMEN DEL CICLO #0092
Símbolos analizados: 0
Sin señal: 0
Esperando/otros: 0
Señales rechazadas: 0
Bloqueadas por estado/límites: 0
Validadas DRY RUN: 0
Nuevas órdenes: 0
Operaciones cerradas sincronizadas: 0
Errores: 0
Duración del ciclo: 0.03s
Intervalo objetivo: 30s
Próximo ciclo en: 29.97s
----------------------------------------------------------------------------------------

========================================================================================
CICLO #0093 | 2026-09-03 14:58:28 UTC | símbolos=0
========================================================================================
----------------------------------------------------------------------------------------
RESUMEN DEL CICLO #0093
Símbolos analizados: 0
Sin señal: 0
Esperando/otros: 0
Señales rechazadas: 0
Bloqueadas por estado/límites: 0
Validadas DRY RUN: 0
Nuevas órdenes: 0
Operaciones cerradas sincronizadas: 0
Errores: 0
Duración del ciclo: 0.02s
Intervalo objetivo: 30s
Próximo ciclo en: 29.98s
----------------------------------------------------------------------------------------

========================================================================================
CICLO #0094 | 2026-09-03 14:58:58 UTC | símbolos=0
========================================================================================
----------------------------------------------------------------------------------------
RESUMEN DEL CICLO #0094
Símbolos analizados: 0
Sin señal: 0
Esperando/otros: 0
Señales rechazadas: 0
Bloqueadas por estado/límites: 0
Validadas DRY RUN: 0
Nuevas órdenes: 0
Operaciones cerradas sincronizadas: 0
Errores: 0
Duración del ciclo: 0.04s
Intervalo objetivo: 30s
Próximo ciclo en: 29.96s
----------------------------------------------------------------------------------------

========================================================================================
CICLO #0095 | 2026-09-03 14:59:28 UTC | símbolos=0
========================================================================================
----------------------------------------------------------------------------------------
RESUMEN DEL CICLO #0095
Símbolos analizados: 0
Sin señal: 0
Esperando/otros: 0
Señales rechazadas: 0
Bloqueadas por estado/límites: 0
Validadas DRY RUN: 0
Nuevas órdenes: 0
Operaciones cerradas sincronizadas: 0
Errores: 0
Duración del ciclo: 0.03s
Intervalo objetivo: 30s
Próximo ciclo en: 29.97s
----------------------------------------------------------------------------------------

========================================================================================
CICLO #0096 | 2026-09-03 14:59:58 UTC | símbolos=0
========================================================================================
----------------------------------------------------------------------------------------
RESUMEN DEL CICLO #0096
Símbolos analizados: 0
Sin señal: 0
Esperando/otros: 0
Señales rechazadas: 0
Bloqueadas por estado/límites: 0
Validadas DRY RUN: 0
Nuevas órdenes: 0
Operaciones cerradas sincronizadas: 0
Errores: 0
Duración del ciclo: 0.03s
Intervalo objetivo: 30s
Próximo ciclo en: 29.97s
----------------------------------------------------------------------------------------

========================================================================================
CICLO #0097 | 2026-09-03 15:00:28 UTC | símbolos=9
========================================================================================
[01/09] START High Frequency Vol 25 Index
[01/09] END   High Frequency Vol 25 Index | 10.44s | WAITING M5 AFTER M15
    Motivo: M5_CONFIRMATIONS_EXIST_BUT_ALL_PRECEDE_LATEST_M15_SETUP
[02/09] START Vol over Boom 400
[02/09] END   Vol over Boom 400 | 1.24s | DIRECCIÓN BLOQUEADA POR POLÍTICA DEL INSTRUMENTO
    Motivo: BOOM_BUY_ONLY_REQUIRES_BUY_H1_CONTEXT
[03/09] START Vol over Crash 550
[03/09] END   Vol over Crash 550 | 3.99s | NO M5 CONFIRMATION
    Motivo: NO_DIRECTIONAL_M5_CONFIRMATION
[04/09] START Volatility 100 (1s) Index
[04/09] END   Volatility 100 (1s) Index | 5.54s | NO M5 CONFIRMATION
    Motivo: NO_DIRECTIONAL_M5_CONFIRMATION
    Confirmaciones: 10/13 | 76.9% | calidad=78.00 | decisión=RECHAZADA
    Faltantes: desplazamiento, microestructura M5, cierre fuerte
    Críticas faltantes: DISPLACEMENT REQUIRED FOR LIVE ENTRY
    Rechazo técnico: desplazamiento no confirmado, microestructura M5 no confirmada, cierre fuerte no confirmado, calidad de la operación insuficiente, falta una confirmación estructural crítica, porcentaje de confirmaciones inferior al 80%
[05/09] START Volatility 150 (1s) Index
[05/09] END   Volatility 150 (1s) Index | 3.99s | NO M15 SETUP
    Motivo: NO_DIRECTIONAL_M15_SETUP
[06/09] START Volatility 30 (1s) Index
[06/09] END   Volatility 30 (1s) Index | 0.01s | INSTRUMENTO EN CUARENTENA DE RIESGO
    Motivo: cuarentena temporal por desviación marginal de ejecución
[07/09] START Volatility 50 (1s) Index
[07/09] END   Volatility 50 (1s) Index | 5.24s | STALE M5 SIGNAL
    Motivo: M5_CONFIRMATION_TOO_OLD_FOR_LIVE_ENTRY
[08/09] START Volatility 90 (1s) Index
[08/09] END   Volatility 90 (1s) Index | 2.40s | NO M15 SETUP
    Motivo: NO_DIRECTIONAL_M15_SETUP
[09/09] START VolSwitch Medium Vol Index
[09/09] END   VolSwitch Medium Vol Index | 2.28s | NO M15 SETUP
    Motivo: NO_DIRECTIONAL_M15_SETUP
----------------------------------------------------------------------------------------
RESUMEN DEL CICLO #0097
Símbolos analizados: 9
Sin señal: 0
Esperando/otros: 8
Señales rechazadas: 1
Bloqueadas por estado/límites: 0
Validadas DRY RUN: 0
Nuevas órdenes: 0
Operaciones cerradas sincronizadas: 0
Errores: 0
Duración del ciclo: 35.28s
Intervalo objetivo: 30s
Próximo ciclo en: 0.00s
[AVISO] Ciclo excedio el intervalo por: 5.28s
----------------------------------------------------------------------------------------

========================================================================================
CICLO #0098 | 2026-09-03 15:01:03 UTC | símbolos=0
========================================================================================
----------------------------------------------------------------------------------------
RESUMEN DEL CICLO #0098
Símbolos analizados: 0
Sin señal: 0
Esperando/otros: 0
Señales rechazadas: 0
Bloqueadas por estado/límites: 0
Validadas DRY RUN: 0
Nuevas órdenes: 0
Operaciones cerradas sincronizadas: 0
Errores: 0
Duración del ciclo: 0.03s
Intervalo objetivo: 30s
Próximo ciclo en: 29.97s
----------------------------------------------------------------------------------------

========================================================================================
CICLO #0099 | 2026-09-03 15:01:33 UTC | símbolos=0
========================================================================================
----------------------------------------------------------------------------------------
RESUMEN DEL CICLO #0099
Símbolos analizados: 0
Sin señal: 0
Esperando/otros: 0
Señales rechazadas: 0
Bloqueadas por estado/límites: 0
Validadas DRY RUN: 0
Nuevas órdenes: 0
Operaciones cerradas sincronizadas: 0
Errores: 0
Duración del ciclo: 0.03s
Intervalo objetivo: 30s
Próximo ciclo en: 29.97s
----------------------------------------------------------------------------------------

========================================================================================
CICLO #0100 | 2026-09-03 15:02:03 UTC | símbolos=0
========================================================================================
----------------------------------------------------------------------------------------
RESUMEN DEL CICLO #0100
Símbolos analizados: 0
Sin señal: 0
Esperando/otros: 0
Señales rechazadas: 0
Bloqueadas por estado/límites: 0
Validadas DRY RUN: 0
Nuevas órdenes: 0
Operaciones cerradas sincronizadas: 0
Errores: 0
Duración del ciclo: 0.03s
Intervalo objetivo: 30s
Próximo ciclo en: 29.97s
----------------------------------------------------------------------------------------

========================================================================================
CICLO #0101 | 2026-09-03 15:02:33 UTC | símbolos=0
========================================================================================
----------------------------------------------------------------------------------------
RESUMEN DEL CICLO #0101
Símbolos analizados: 0
Sin señal: 0
Esperando/otros: 0
Señales rechazadas: 0
Bloqueadas por estado/límites: 0
Validadas DRY RUN: 0
Nuevas órdenes: 0
Operaciones cerradas sincronizadas: 0
Errores: 0
Duración del ciclo: 0.03s
Intervalo objetivo: 30s
Próximo ciclo en: 29.97s
----------------------------------------------------------------------------------------

========================================================================================
CICLO #0102 | 2026-09-03 15:03:03 UTC | símbolos=0
========================================================================================
----------------------------------------------------------------------------------------
RESUMEN DEL CICLO #0102
Símbolos analizados: 0
Sin señal: 0
Esperando/otros: 0
Señales rechazadas: 0
Bloqueadas por estado/límites: 0
Validadas DRY RUN: 0
Nuevas órdenes: 0
Operaciones cerradas sincronizadas: 0
Errores: 0
Duración del ciclo: 0.05s
Intervalo objetivo: 30s
Próximo ciclo en: 29.95s
----------------------------------------------------------------------------------------

========================================================================================
CICLO #0103 | 2026-09-03 15:03:33 UTC | símbolos=0
========================================================================================
----------------------------------------------------------------------------------------
RESUMEN DEL CICLO #0103
Símbolos analizados: 0
Sin señal: 0
Esperando/otros: 0
Señales rechazadas: 0
Bloqueadas por estado/límites: 0
Validadas DRY RUN: 0
Nuevas órdenes: 0
Operaciones cerradas sincronizadas: 0
Errores: 0
Duración del ciclo: 0.03s
Intervalo objetivo: 30s
Próximo ciclo en: 29.97s
----------------------------------------------------------------------------------------

========================================================================================
CICLO #0104 | 2026-09-03 15:04:03 UTC | símbolos=0
========================================================================================
----------------------------------------------------------------------------------------
RESUMEN DEL CICLO #0104
Símbolos analizados: 0
Sin señal: 0
Esperando/otros: 0
Señales rechazadas: 0
Bloqueadas por estado/límites: 0
Validadas DRY RUN: 0
Nuevas órdenes: 0
Operaciones cerradas sincronizadas: 0
Errores: 0
Duración del ciclo: 0.04s
Intervalo objetivo: 30s
Próximo ciclo en: 29.96s
----------------------------------------------------------------------------------------

========================================================================================
CICLO #0105 | 2026-09-03 15:04:33 UTC | símbolos=0
========================================================================================
----------------------------------------------------------------------------------------
RESUMEN DEL CICLO #0105
Símbolos analizados: 0
Sin señal: 0
Esperando/otros: 0
Señales rechazadas: 0
Bloqueadas por estado/límites: 0
Validadas DRY RUN: 0
Nuevas órdenes: 0
Operaciones cerradas sincronizadas: 0
Errores: 0
Duración del ciclo: 0.03s
Intervalo objetivo: 30s
Próximo ciclo en: 29.97s
----------------------------------------------------------------------------------------

========================================================================================
CICLO #0106 | 2026-09-03 15:05:03 UTC | símbolos=9
========================================================================================
[01/09] START High Frequency Vol 25 Index
[01/09] END   High Frequency Vol 25 Index | 3.16s | WAITING M5 AFTER M15
    Motivo: M5_CONFIRMATIONS_EXIST_BUT_ALL_PRECEDE_LATEST_M15_SETUP
[02/09] START Vol over Boom 400
[02/09] END   Vol over Boom 400 | 0.01s | DIRECCIÓN BLOQUEADA POR POLÍTICA DEL INSTRUMENTO
    Motivo: BOOM_BUY_ONLY_REQUIRES_BUY_H1_CONTEXT
[03/09] START Vol over Crash 550
[03/09] END   Vol over Crash 550 | 0.76s | NO M5 CONFIRMATION
    Motivo: NO_DIRECTIONAL_M5_CONFIRMATION
[04/09] START Volatility 100 (1s) Index
[04/09] END   Volatility 100 (1s) Index | 1.10s | NO M5 CONFIRMATION
    Motivo: NO_DIRECTIONAL_M5_CONFIRMATION
    Confirmaciones: 10/13 | 76.9% | calidad=78.00 | decisión=RECHAZADA
    Faltantes: desplazamiento, microestructura M5, cierre fuerte
    Críticas faltantes: DISPLACEMENT REQUIRED FOR LIVE ENTRY
    Rechazo técnico: desplazamiento no confirmado, microestructura M5 no confirmada, cierre fuerte no confirmado, calidad de la operación insuficiente, falta una confirmación estructural crítica, porcentaje de confirmaciones inferior al 80%
[05/09] START Volatility 150 (1s) Index
[05/09] END   Volatility 150 (1s) Index | 0.01s | NO M15 SETUP
    Motivo: NO_DIRECTIONAL_M15_SETUP
[06/09] START Volatility 30 (1s) Index
[06/09] END   Volatility 30 (1s) Index | 0.01s | INSTRUMENTO EN CUARENTENA DE RIESGO
    Motivo: cuarentena temporal por desviación marginal de ejecución
[07/09] START Volatility 50 (1s) Index
[07/09] END   Volatility 50 (1s) Index | 1.27s | STALE M5 SIGNAL
    Motivo: M5_CONFIRMATION_TOO_OLD_FOR_LIVE_ENTRY
[08/09] START Volatility 90 (1s) Index
[08/09] END   Volatility 90 (1s) Index | 0.02s | NO M15 SETUP
    Motivo: NO_DIRECTIONAL_M15_SETUP
[09/09] START VolSwitch Medium Vol Index
[09/09] END   VolSwitch Medium Vol Index | 0.02s | NO M15 SETUP
    Motivo: NO_DIRECTIONAL_M15_SETUP
----------------------------------------------------------------------------------------
RESUMEN DEL CICLO #0106
Símbolos analizados: 9
Sin señal: 0
Esperando/otros: 8
Señales rechazadas: 1
Bloqueadas por estado/límites: 0
Validadas DRY RUN: 0
Nuevas órdenes: 0
Operaciones cerradas sincronizadas: 0
Errores: 0
Duración del ciclo: 6.44s
Intervalo objetivo: 30s
Próximo ciclo en: 23.56s
----------------------------------------------------------------------------------------

========================================================================================
CICLO #0107 | 2026-09-03 15:05:33 UTC | símbolos=0
========================================================================================
----------------------------------------------------------------------------------------
RESUMEN DEL CICLO #0107
Símbolos analizados: 0
Sin señal: 0
Esperando/otros: 0
Señales rechazadas: 0
Bloqueadas por estado/límites: 0
Validadas DRY RUN: 0
Nuevas órdenes: 0
Operaciones cerradas sincronizadas: 0
Errores: 0
Duración del ciclo: 0.04s
Intervalo objetivo: 30s
Próximo ciclo en: 29.96s
----------------------------------------------------------------------------------------
Bot detenido por el usuario.
========================================================================
DERIV DEMO EXECUTION PREFLIGHT
========================================================================
[OK] MT5_ACCOUNT_INFO {'login': 41108926, 'server': 'Deriv-Demo', 'currency': 'USD', 'balance': 9780.68, 'equity': 9780.68, 'margin': 0.0, 'free_margin': 9780.68, 'profit': 0.0, 'leverage': 1000, 'trade_mode': 0, 'snapshot_time': datetime.datetime(2026, 9, 3, 15, 6, 46, 761251, tzinfo=datetime.timezone.utc), 'broker': 'MT5'}
[OK] MT5_TERMINAL_CONNECTED {'trade_allowed': True, 'tradeapi_disabled': False}
[OK] MT5_AUTOTRADING_ALLOWED {'trade_allowed': True, 'tradeapi_disabled': False}
[OK] DEMO_ACCOUNT {'trade_mode': 0, 'server': 'Deriv-Demo'}
[OK] FREE_MARGIN {'free_margin': 9780.68, 'required': 0.0}
[OK] DATABASE_READY {}
[OK] SYMBOL:High Frequency Vol 25 Index {'visible': True, 'trade_mode': 4, 'volume_min': 0.1, 'volume_step': 0.01, 'point': 0.01, 'stops_level_points': 2172}
[OK] SYMBOL:Vol over Boom 400 {'visible': True, 'trade_mode': 4, 'volume_min': 0.1, 'volume_step': 0.01, 'point': 0.01, 'stops_level_points': 360}
[OK] SYMBOL:Vol over Crash 550 {'visible': True, 'trade_mode': 4, 'volume_min': 0.1, 'volume_step': 0.01, 'point': 0.01, 'stops_level_points': 320}
[OK] SYMBOL:Volatility 100 (1s) Index {'visible': True, 'trade_mode': 4, 'volume_min': 1.0, 'volume_step': 0.01, 'point': 0.01, 'stops_level_points': 72}
[OK] SYMBOL:Volatility 150 (1s) Index {'visible': True, 'trade_mode': 4, 'volume_min': 1.0, 'volume_step': 0.001, 'point': 0.01, 'stops_level_points': 149}
[OK] SYMBOL:Volatility 30 (1s) Index {'visible': True, 'trade_mode': 4, 'volume_min': 0.2, 'volume_step': 0.01, 'point': 0.001, 'stops_level_points': 1800}
[OK] SYMBOL:Volatility 50 (1s) Index {'visible': True, 'trade_mode': 4, 'volume_min': 0.005, 'volume_step': 0.001, 'point': 0.01, 'stops_level_points': 6996}
[OK] SYMBOL:Volatility 90 (1s) Index {'visible': True, 'trade_mode': 4, 'volume_min': 0.1, 'volume_step': 0.01, 'point': 0.001, 'stops_level_points': 22257}
[OK] SYMBOL:VolSwitch Medium Vol Index {'visible': True, 'trade_mode': 4, 'volume_min': 0.1, 'volume_step': 0.1, 'point': 0.01, 'stops_level_points': 1000}
========================================================================
STATUS: READY FOR DEMO EXECUTION
DAEMONBLACKFX VERSION: v100-entry-quality-recoverable-quarantine-winrate-audit
BOT ACTIVO: VOLATILITY_3 | MAGIC=26082403 | ESTRATEGIA=SMC/ORB | instrumentos=9 | auto_export=False
========================================================================================
BOT SMC MT5 - DERIV DEMO
========================================================================================
Cuenta: 41108926 | Servidor: Deriv-Demo
Balance: 9780.68 USD
Modo: EJECUCIÓN DEMO
Riesgo por trade: 1.00% | R:R mínimo: 1.50
Intervalo: 30s | Símbolos: 9
Reporte XLSX: C:\TradingBoot\smc_synthetic_bot\storage\exports\deriv_demo_trading_report.xlsx
Pipeline: SMC -> TradeLifecycleManager -> MT5TradeExecutor -> SQLite -> XLSX
========================================================================================
Daemon activo: señales=30s | monitor posiciones/BE=2s | símbolos=9
Progreso: se mostrará cada símbolo y su tiempo de análisis.
{'action': 'POSITION_MONITOR_STARTED', 'signal_interval_seconds': 30, 'position_monitor_interval_seconds': 2, 'monitor_mode': 'BACKGROUND_DECOUPLED'}

========================================================================================
CICLO #0001 | 2026-09-03 15:06:58 UTC | símbolos=9
========================================================================================
[01/09] START High Frequency Vol 25 Index
[01/09] END   High Frequency Vol 25 Index | 9.31s | WAITING M5 AFTER M15
    Motivo: M5_CONFIRMATIONS_EXIST_BUT_ALL_PRECEDE_LATEST_M15_SETUP
[02/09] START Vol over Boom 400
[02/09] END   Vol over Boom 400 | 2.37s | DIRECCIÓN BLOQUEADA POR POLÍTICA DEL INSTRUMENTO
    Motivo: BOOM_BUY_ONLY_REQUIRES_BUY_H1_CONTEXT
[03/09] START Vol over Crash 550
[03/09] END   Vol over Crash 550 | 4.04s | NO M5 CONFIRMATION
    Motivo: NO_DIRECTIONAL_M5_CONFIRMATION
[04/09] START Volatility 100 (1s) Index
[04/09] END   Volatility 100 (1s) Index | 5.37s | NO M5 CONFIRMATION
    Motivo: NO_DIRECTIONAL_M5_CONFIRMATION
    Confirmaciones: 10/13 | 76.9% | calidad=78.00 | decisión=RECHAZADA
    Faltantes: desplazamiento, microestructura M5, cierre fuerte
    Críticas faltantes: DISPLACEMENT REQUIRED FOR LIVE ENTRY
    Rechazo técnico: desplazamiento no confirmado, microestructura M5 no confirmada, cierre fuerte no confirmado, calidad de la operación insuficiente, falta una confirmación estructural crítica, porcentaje de confirmaciones inferior al 80%
[05/09] START Volatility 150 (1s) Index
[05/09] END   Volatility 150 (1s) Index | 3.45s | NO M15 SETUP
    Motivo: NO_DIRECTIONAL_M15_SETUP
[06/09] START Volatility 30 (1s) Index
[06/09] END   Volatility 30 (1s) Index | 0.01s | INSTRUMENTO EN CUARENTENA DE RIESGO
    Motivo: cuarentena temporal por desviación marginal de ejecución
[07/09] START Volatility 50 (1s) Index
[07/09] END   Volatility 50 (1s) Index | 5.93s | STALE M5 SIGNAL
    Motivo: M5_CONFIRMATION_TOO_OLD_FOR_LIVE_ENTRY
[08/09] START Volatility 90 (1s) Index
[08/09] END   Volatility 90 (1s) Index | 2.76s | NO M15 SETUP
    Motivo: NO_DIRECTIONAL_M15_SETUP
[09/09] START VolSwitch Medium Vol Index
[09/09] END   VolSwitch Medium Vol Index | 2.92s | NO M15 SETUP
    Motivo: NO_DIRECTIONAL_M15_SETUP
----------------------------------------------------------------------------------------
RESUMEN DEL CICLO #0001
Símbolos analizados: 9
Sin señal: 0
Esperando/otros: 8
Señales rechazadas: 1
Bloqueadas por estado/límites: 0
Validadas DRY RUN: 0
Nuevas órdenes: 0
Operaciones cerradas sincronizadas: 0
Errores: 0
Duración del ciclo: 40.13s
Intervalo objetivo: 30s
Próximo ciclo en: 0.00s
[AVISO] Ciclo excedio el intervalo por: 10.13s
----------------------------------------------------------------------------------------

========================================================================================
CICLO #0002 | 2026-09-03 15:07:38 UTC | símbolos=0
========================================================================================
----------------------------------------------------------------------------------------
RESUMEN DEL CICLO #0002
Símbolos analizados: 0
Sin señal: 0
Esperando/otros: 0
Señales rechazadas: 0
Bloqueadas por estado/límites: 0
Validadas DRY RUN: 0
Nuevas órdenes: 0
Operaciones cerradas sincronizadas: 0
Errores: 0
Duración del ciclo: 0.05s
Intervalo objetivo: 30s
Próximo ciclo en: 29.95s
----------------------------------------------------------------------------------------

========================================================================================
CICLO #0003 | 2026-09-03 15:08:08 UTC | símbolos=0
========================================================================================
----------------------------------------------------------------------------------------
RESUMEN DEL CICLO #0003
Símbolos analizados: 0
Sin señal: 0
Esperando/otros: 0
Señales rechazadas: 0
Bloqueadas por estado/límites: 0
Validadas DRY RUN: 0
Nuevas órdenes: 0
Operaciones cerradas sincronizadas: 0
Errores: 0
Duración del ciclo: 0.03s
Intervalo objetivo: 30s
Próximo ciclo en: 29.97s
----------------------------------------------------------------------------------------

========================================================================================
CICLO #0004 | 2026-09-03 15:08:38 UTC | símbolos=0
========================================================================================
----------------------------------------------------------------------------------------
RESUMEN DEL CICLO #0004
Símbolos analizados: 0
Sin señal: 0
Esperando/otros: 0
Señales rechazadas: 0
Bloqueadas por estado/límites: 0
Validadas DRY RUN: 0
Nuevas órdenes: 0
Operaciones cerradas sincronizadas: 0
Errores: 0
Duración del ciclo: 0.03s
Intervalo objetivo: 30s
Próximo ciclo en: 29.97s
----------------------------------------------------------------------------------------

========================================================================================
CICLO #0005 | 2026-09-03 15:09:08 UTC | símbolos=0
========================================================================================
----------------------------------------------------------------------------------------
RESUMEN DEL CICLO #0005
Símbolos analizados: 0
Sin señal: 0
Esperando/otros: 0
Señales rechazadas: 0
Bloqueadas por estado/límites: 0
Validadas DRY RUN: 0
Nuevas órdenes: 0
Operaciones cerradas sincronizadas: 0
Errores: 0
Duración del ciclo: 0.03s
Intervalo objetivo: 30s
Próximo ciclo en: 29.97s
----------------------------------------------------------------------------------------

========================================================================================
CICLO #0006 | 2026-09-03 15:09:38 UTC | símbolos=0
========================================================================================
----------------------------------------------------------------------------------------
RESUMEN DEL CICLO #0006
Símbolos analizados: 0
Sin señal: 0
Esperando/otros: 0
Señales rechazadas: 0
Bloqueadas por estado/límites: 0
Validadas DRY RUN: 0
Nuevas órdenes: 0
Operaciones cerradas sincronizadas: 0
Errores: 0
Duración del ciclo: 0.03s
Intervalo objetivo: 30s
Próximo ciclo en: 29.97s
----------------------------------------------------------------------------------------

========================================================================================
CICLO #0007 | 2026-09-03 15:10:08 UTC | símbolos=9
========================================================================================
[01/09] START High Frequency Vol 25 Index
[01/09] END   High Frequency Vol 25 Index | 2.35s | WAITING M5 AFTER M15
    Motivo: M5_CONFIRMATIONS_EXIST_BUT_ALL_PRECEDE_LATEST_M15_SETUP
[02/09] START Vol over Boom 400
[02/09] END   Vol over Boom 400 | 0.01s | DIRECCIÓN BLOQUEADA POR POLÍTICA DEL INSTRUMENTO
    Motivo: BOOM_BUY_ONLY_REQUIRES_BUY_H1_CONTEXT
[03/09] START Vol over Crash 550
[03/09] END   Vol over Crash 550 | 0.47s | NO M5 CONFIRMATION
    Motivo: NO_DIRECTIONAL_M5_CONFIRMATION
[04/09] START Volatility 100 (1s) Index
[04/09] END   Volatility 100 (1s) Index | 0.66s | NO M5 CONFIRMATION
    Motivo: NO_DIRECTIONAL_M5_CONFIRMATION
    Confirmaciones: 10/13 | 76.9% | calidad=78.00 | decisión=RECHAZADA
    Faltantes: desplazamiento, microestructura M5, cierre fuerte
    Críticas faltantes: DISPLACEMENT REQUIRED FOR LIVE ENTRY
    Rechazo técnico: desplazamiento no confirmado, microestructura M5 no confirmada, cierre fuerte no confirmado, calidad de la operación insuficiente, falta una confirmación estructural crítica, porcentaje de confirmaciones inferior al 80%
[05/09] START Volatility 150 (1s) Index
[05/09] END   Volatility 150 (1s) Index | 0.01s | NO M15 SETUP
    Motivo: NO_DIRECTIONAL_M15_SETUP
[06/09] START Volatility 30 (1s) Index
[06/09] END   Volatility 30 (1s) Index | 0.00s | INSTRUMENTO EN CUARENTENA DE RIESGO
    Motivo: cuarentena temporal por desviación marginal de ejecución
[07/09] START Volatility 50 (1s) Index
[07/09] END   Volatility 50 (1s) Index | 0.67s | STALE M5 SIGNAL
    Motivo: M5_CONFIRMATION_TOO_OLD_FOR_LIVE_ENTRY
[08/09] START Volatility 90 (1s) Index
[08/09] END   Volatility 90 (1s) Index | 0.01s | NO M15 SETUP
    Motivo: NO_DIRECTIONAL_M15_SETUP
[09/09] START VolSwitch Medium Vol Index
[09/09] END   VolSwitch Medium Vol Index | 0.01s | NO M15 SETUP
    Motivo: NO_DIRECTIONAL_M15_SETUP
----------------------------------------------------------------------------------------
RESUMEN DEL CICLO #0007
Símbolos analizados: 9
Sin señal: 0
Esperando/otros: 8
Señales rechazadas: 1
Bloqueadas por estado/límites: 0
Validadas DRY RUN: 0
Nuevas órdenes: 0
Operaciones cerradas sincronizadas: 0
Errores: 0
Duración del ciclo: 4.24s
Intervalo objetivo: 30s
Próximo ciclo en: 25.76s
----------------------------------------------------------------------------------------

========================================================================================
CICLO #0008 | 2026-09-03 15:10:38 UTC | símbolos=0
========================================================================================
----------------------------------------------------------------------------------------
RESUMEN DEL CICLO #0008
Símbolos analizados: 0
Sin señal: 0
Esperando/otros: 0
Señales rechazadas: 0
Bloqueadas por estado/límites: 0
Validadas DRY RUN: 0
Nuevas órdenes: 0
Operaciones cerradas sincronizadas: 0
Errores: 0
Duración del ciclo: 0.03s
Intervalo objetivo: 30s
Próximo ciclo en: 29.97s
----------------------------------------------------------------------------------------

========================================================================================
CICLO #0009 | 2026-09-03 15:11:08 UTC | símbolos=0
========================================================================================
----------------------------------------------------------------------------------------
RESUMEN DEL CICLO #0009
Símbolos analizados: 0
Sin señal: 0
Esperando/otros: 0
Señales rechazadas: 0
Bloqueadas por estado/límites: 0
Validadas DRY RUN: 0
Nuevas órdenes: 0
Operaciones cerradas sincronizadas: 0
Errores: 0
Duración del ciclo: 0.02s
Intervalo objetivo: 30s
Próximo ciclo en: 29.98s
----------------------------------------------------------------------------------------

========================================================================================
CICLO #0010 | 2026-09-03 15:11:38 UTC | símbolos=0
========================================================================================
----------------------------------------------------------------------------------------
RESUMEN DEL CICLO #0010
Símbolos analizados: 0
Sin señal: 0
Esperando/otros: 0
Señales rechazadas: 0
Bloqueadas por estado/límites: 0
Validadas DRY RUN: 0
Nuevas órdenes: 0
Operaciones cerradas sincronizadas: 0
Errores: 0
Duración del ciclo: 0.03s
Intervalo objetivo: 30s
Próximo ciclo en: 29.97s
----------------------------------------------------------------------------------------

========================================================================================
CICLO #0011 | 2026-09-03 15:12:08 UTC | símbolos=0
========================================================================================
----------------------------------------------------------------------------------------
RESUMEN DEL CICLO #0011
Símbolos analizados: 0
Sin señal: 0
Esperando/otros: 0
Señales rechazadas: 0
Bloqueadas por estado/límites: 0
Validadas DRY RUN: 0
Nuevas órdenes: 0
Operaciones cerradas sincronizadas: 0
Errores: 0
Duración del ciclo: 0.03s
Intervalo objetivo: 30s
Próximo ciclo en: 29.97s
----------------------------------------------------------------------------------------

========================================================================================
CICLO #0012 | 2026-09-03 15:12:38 UTC | símbolos=0
========================================================================================
----------------------------------------------------------------------------------------
RESUMEN DEL CICLO #0012
Símbolos analizados: 0
Sin señal: 0
Esperando/otros: 0
Señales rechazadas: 0
Bloqueadas por estado/límites: 0
Validadas DRY RUN: 0
Nuevas órdenes: 0
Operaciones cerradas sincronizadas: 0
Errores: 0
Duración del ciclo: 0.03s
Intervalo objetivo: 30s
Próximo ciclo en: 29.97s
----------------------------------------------------------------------------------------

========================================================================================
CICLO #0013 | 2026-09-03 15:13:08 UTC | símbolos=0
========================================================================================
----------------------------------------------------------------------------------------
RESUMEN DEL CICLO #0013
Símbolos analizados: 0
Sin señal: 0
Esperando/otros: 0
Señales rechazadas: 0
Bloqueadas por estado/límites: 0
Validadas DRY RUN: 0
Nuevas órdenes: 0
Operaciones cerradas sincronizadas: 0
Errores: 0
Duración del ciclo: 0.03s
Intervalo objetivo: 30s
Próximo ciclo en: 29.97s
----------------------------------------------------------------------------------------

========================================================================================
CICLO #0014 | 2026-09-03 15:13:38 UTC | símbolos=0
========================================================================================
----------------------------------------------------------------------------------------
RESUMEN DEL CICLO #0014
Símbolos analizados: 0
Sin señal: 0
Esperando/otros: 0
Señales rechazadas: 0
Bloqueadas por estado/límites: 0
Validadas DRY RUN: 0
Nuevas órdenes: 0
Operaciones cerradas sincronizadas: 0
Errores: 0
Duración del ciclo: 0.03s
Intervalo objetivo: 30s
Próximo ciclo en: 29.97s
----------------------------------------------------------------------------------------

========================================================================================
CICLO #0015 | 2026-09-03 15:14:08 UTC | símbolos=0
========================================================================================
----------------------------------------------------------------------------------------
RESUMEN DEL CICLO #0015
Símbolos analizados: 0
Sin señal: 0
Esperando/otros: 0
Señales rechazadas: 0
Bloqueadas por estado/límites: 0
Validadas DRY RUN: 0
Nuevas órdenes: 0
Operaciones cerradas sincronizadas: 0
Errores: 0
Duración del ciclo: 0.03s
Intervalo objetivo: 30s
Próximo ciclo en: 29.97s
----------------------------------------------------------------------------------------

========================================================================================
CICLO #0016 | 2026-09-03 15:14:38 UTC | símbolos=0
========================================================================================
----------------------------------------------------------------------------------------
RESUMEN DEL CICLO #0016
Símbolos analizados: 0
Sin señal: 0
Esperando/otros: 0
Señales rechazadas: 0
Bloqueadas por estado/límites: 0
Validadas DRY RUN: 0
Nuevas órdenes: 0
Operaciones cerradas sincronizadas: 0
Errores: 0
Duración del ciclo: 0.03s
Intervalo objetivo: 30s
Próximo ciclo en: 29.97s
----------------------------------------------------------------------------------------

========================================================================================
CICLO #0017 | 2026-09-03 15:15:08 UTC | símbolos=9
========================================================================================
[01/09] START High Frequency Vol 25 Index
[01/09] END   High Frequency Vol 25 Index | 5.06s | WAITING M5 AFTER M15
    Motivo: M5_CONFIRMATIONS_EXIST_BUT_ALL_PRECEDE_LATEST_M15_SETUP
[02/09] START Vol over Boom 400
[02/09] END   Vol over Boom 400 | 0.01s | DIRECCIÓN BLOQUEADA POR POLÍTICA DEL INSTRUMENTO
    Motivo: BOOM_BUY_ONLY_REQUIRES_BUY_H1_CONTEXT
[03/09] START Vol over Crash 550
[03/09] END   Vol over Crash 550 | 2.18s | NO M5 CONFIRMATION
    Motivo: NO_DIRECTIONAL_M5_CONFIRMATION
[04/09] START Volatility 100 (1s) Index
[04/09] END   Volatility 100 (1s) Index | 3.76s | NO M5 CONFIRMATION
    Motivo: NO_DIRECTIONAL_M5_CONFIRMATION
    Confirmaciones: 10/13 | 76.9% | calidad=78.00 | decisión=RECHAZADA
    Faltantes: desplazamiento, microestructura M5, cierre fuerte
    Críticas faltantes: DISPLACEMENT REQUIRED FOR LIVE ENTRY
    Rechazo técnico: desplazamiento no confirmado, microestructura M5 no confirmada, cierre fuerte no confirmado, calidad de la operación insuficiente, falta una confirmación estructural crítica, porcentaje de confirmaciones inferior al 80%
[05/09] START Volatility 150 (1s) Index
[05/09] END   Volatility 150 (1s) Index | 0.87s | NO M15 SETUP
    Motivo: NO_DIRECTIONAL_M15_SETUP
[06/09] START Volatility 30 (1s) Index
[06/09] END   Volatility 30 (1s) Index | 0.01s | INSTRUMENTO EN CUARENTENA DE RIESGO
    Motivo: cuarentena temporal por desviación marginal de ejecución
[07/09] START Volatility 50 (1s) Index
[07/09] END   Volatility 50 (1s) Index | 3.40s | STALE M5 SIGNAL
    Motivo: M5_CONFIRMATION_TOO_OLD_FOR_LIVE_ENTRY
[08/09] START Volatility 90 (1s) Index
[08/09] END   Volatility 90 (1s) Index | 1.01s | NO M15 SETUP
    Motivo: NO_DIRECTIONAL_M15_SETUP
[09/09] START VolSwitch Medium Vol Index
[09/09] END   VolSwitch Medium Vol Index | 1.00s | NO M15 SETUP
    Motivo: NO_DIRECTIONAL_M15_SETUP
----------------------------------------------------------------------------------------
RESUMEN DEL CICLO #0017
Símbolos analizados: 9
Sin señal: 0
Esperando/otros: 8
Señales rechazadas: 1
Bloqueadas por estado/límites: 0
Validadas DRY RUN: 0
Nuevas órdenes: 0
Operaciones cerradas sincronizadas: 0
Errores: 0
Duración del ciclo: 17.43s
Intervalo objetivo: 30s
Próximo ciclo en: 12.57s
----------------------------------------------------------------------------------------

========================================================================================
CICLO #0018 | 2026-09-03 15:15:38 UTC | símbolos=0
========================================================================================
----------------------------------------------------------------------------------------
RESUMEN DEL CICLO #0018
Símbolos analizados: 0
Sin señal: 0
Esperando/otros: 0
Señales rechazadas: 0
Bloqueadas por estado/límites: 0
Validadas DRY RUN: 0
Nuevas órdenes: 0
Operaciones cerradas sincronizadas: 0
Errores: 0
Duración del ciclo: 0.04s
Intervalo objetivo: 30s
Próximo ciclo en: 29.96s
----------------------------------------------------------------------------------------

========================================================================================
CICLO #0019 | 2026-09-03 15:16:08 UTC | símbolos=0
========================================================================================
----------------------------------------------------------------------------------------
RESUMEN DEL CICLO #0019
Símbolos analizados: 0
Sin señal: 0
Esperando/otros: 0
Señales rechazadas: 0
Bloqueadas por estado/límites: 0
Validadas DRY RUN: 0
Nuevas órdenes: 0
Operaciones cerradas sincronizadas: 0
Errores: 0
Duración del ciclo: 0.02s
Intervalo objetivo: 30s
Próximo ciclo en: 29.98s
----------------------------------------------------------------------------------------

========================================================================================
CICLO #0020 | 2026-09-03 15:16:38 UTC | símbolos=0
========================================================================================
----------------------------------------------------------------------------------------
RESUMEN DEL CICLO #0020
Símbolos analizados: 0
Sin señal: 0
Esperando/otros: 0
Señales rechazadas: 0
Bloqueadas por estado/límites: 0
Validadas DRY RUN: 0
Nuevas órdenes: 0
Operaciones cerradas sincronizadas: 0
Errores: 0
Duración del ciclo: 0.04s
Intervalo objetivo: 30s
Próximo ciclo en: 29.96s
----------------------------------------------------------------------------------------

========================================================================================
CICLO #0021 | 2026-09-03 15:17:08 UTC | símbolos=0
========================================================================================
----------------------------------------------------------------------------------------
RESUMEN DEL CICLO #0021
Símbolos analizados: 0
Sin señal: 0
Esperando/otros: 0
Señales rechazadas: 0
Bloqueadas por estado/límites: 0
Validadas DRY RUN: 0
Nuevas órdenes: 0
Operaciones cerradas sincronizadas: 0
Errores: 0
Duración del ciclo: 0.04s
Intervalo objetivo: 30s
Próximo ciclo en: 29.96s
----------------------------------------------------------------------------------------

========================================================================================
CICLO #0022 | 2026-09-03 15:17:38 UTC | símbolos=0
========================================================================================
----------------------------------------------------------------------------------------
RESUMEN DEL CICLO #0022
Símbolos analizados: 0
Sin señal: 0
Esperando/otros: 0
Señales rechazadas: 0
Bloqueadas por estado/límites: 0
Validadas DRY RUN: 0
Nuevas órdenes: 0
Operaciones cerradas sincronizadas: 0
Errores: 0
Duración del ciclo: 0.03s
Intervalo objetivo: 30s
Próximo ciclo en: 29.97s
----------------------------------------------------------------------------------------

========================================================================================
CICLO #0023 | 2026-09-03 15:18:08 UTC | símbolos=0
========================================================================================
----------------------------------------------------------------------------------------
RESUMEN DEL CICLO #0023
Símbolos analizados: 0
Sin señal: 0
Esperando/otros: 0
Señales rechazadas: 0
Bloqueadas por estado/límites: 0
Validadas DRY RUN: 0
Nuevas órdenes: 0
Operaciones cerradas sincronizadas: 0
Errores: 0
Duración del ciclo: 0.04s
Intervalo objetivo: 30s
Próximo ciclo en: 29.96s
----------------------------------------------------------------------------------------
Bot detenido por el usuario.
========================================================================
DERIV DEMO EXECUTION PREFLIGHT
========================================================================
[OK] MT5_ACCOUNT_INFO {'login': 41108926, 'server': 'Deriv-Demo', 'currency': 'USD', 'balance': 9780.68, 'equity': 9780.68, 'margin': 0.0, 'free_margin': 9780.68, 'profit': 0.0, 'leverage': 1000, 'trade_mode': 0, 'snapshot_time': datetime.datetime(2026, 9, 3, 15, 19, 10, 136145, tzinfo=datetime.timezone.utc), 'broker': 'MT5'}
[OK] MT5_TERMINAL_CONNECTED {'trade_allowed': True, 'tradeapi_disabled': False}
[OK] MT5_AUTOTRADING_ALLOWED {'trade_allowed': True, 'tradeapi_disabled': False}
[OK] DEMO_ACCOUNT {'trade_mode': 0, 'server': 'Deriv-Demo'}
[OK] FREE_MARGIN {'free_margin': 9780.68, 'required': 0.0}
[OK] DATABASE_READY {}
[OK] SYMBOL:High Frequency Vol 25 Index {'visible': True, 'trade_mode': 4, 'volume_min': 0.1, 'volume_step': 0.01, 'point': 0.01, 'stops_level_points': 2172}
[OK] SYMBOL:Vol over Boom 400 {'visible': True, 'trade_mode': 4, 'volume_min': 0.1, 'volume_step': 0.01, 'point': 0.01, 'stops_level_points': 360}
[OK] SYMBOL:Vol over Crash 550 {'visible': True, 'trade_mode': 4, 'volume_min': 0.1, 'volume_step': 0.01, 'point': 0.01, 'stops_level_points': 320}
[OK] SYMBOL:Volatility 100 (1s) Index {'visible': True, 'trade_mode': 4, 'volume_min': 1.0, 'volume_step': 0.01, 'point': 0.01, 'stops_level_points': 72}
[OK] SYMBOL:Volatility 150 (1s) Index {'visible': True, 'trade_mode': 4, 'volume_min': 1.0, 'volume_step': 0.001, 'point': 0.01, 'stops_level_points': 149}
[OK] SYMBOL:Volatility 30 (1s) Index {'visible': True, 'trade_mode': 4, 'volume_min': 0.2, 'volume_step': 0.01, 'point': 0.001, 'stops_level_points': 1800}
[OK] SYMBOL:Volatility 50 (1s) Index {'visible': True, 'trade_mode': 4, 'volume_min': 0.005, 'volume_step': 0.001, 'point': 0.01, 'stops_level_points': 6996}
[OK] SYMBOL:Volatility 90 (1s) Index {'visible': True, 'trade_mode': 4, 'volume_min': 0.1, 'volume_step': 0.01, 'point': 0.001, 'stops_level_points': 22257}
[OK] SYMBOL:VolSwitch Medium Vol Index {'visible': True, 'trade_mode': 4, 'volume_min': 0.1, 'volume_step': 0.1, 'point': 0.01, 'stops_level_points': 1000}
========================================================================
STATUS: READY FOR DEMO EXECUTION
DAEMONBLACKFX VERSION: v100-entry-quality-recoverable-quarantine-winrate-audit
BOT ACTIVO: VOLATILITY_3 | MAGIC=26082403 | ESTRATEGIA=SMC/ORB | instrumentos=9 | auto_export=False
========================================================================================
BOT SMC MT5 - DERIV DEMO
========================================================================================
Cuenta: 41108926 | Servidor: Deriv-Demo
Balance: 9780.68 USD
Modo: EJECUCIÓN DEMO
Riesgo por trade: 1.00% | R:R mínimo: 1.50
Intervalo: 30s | Símbolos: 9
Reporte XLSX: C:\TradingBoot\smc_synthetic_bot\storage\exports\deriv_demo_trading_report.xlsx
Pipeline: SMC -> TradeLifecycleManager -> MT5TradeExecutor -> SQLite -> XLSX
========================================================================================
Daemon activo: señales=30s | monitor posiciones/BE=2s | símbolos=9
Progreso: se mostrará cada símbolo y su tiempo de análisis.
{'action': 'POSITION_MONITOR_STARTED', 'signal_interval_seconds': 30, 'position_monitor_interval_seconds': 2, 'monitor_mode': 'BACKGROUND_DECOUPLED'}

========================================================================================
CICLO #0001 | 2026-09-03 15:19:17 UTC | símbolos=9
========================================================================================
[01/09] START High Frequency Vol 25 Index
[01/09] END   High Frequency Vol 25 Index | 6.97s | WAITING M5 AFTER M15
    Motivo: M5_CONFIRMATIONS_EXIST_BUT_ALL_PRECEDE_LATEST_M15_SETUP
[02/09] START Vol over Boom 400
[02/09] END   Vol over Boom 400 | 1.20s | DIRECCIÓN BLOQUEADA POR POLÍTICA DEL INSTRUMENTO
    Motivo: BOOM_BUY_ONLY_REQUIRES_BUY_H1_CONTEXT
[03/09] START Vol over Crash 550
[03/09] END   Vol over Crash 550 | 3.65s | NO M5 CONFIRMATION
    Motivo: NO_DIRECTIONAL_M5_CONFIRMATION
[04/09] START Volatility 100 (1s) Index
[04/09] END   Volatility 100 (1s) Index | 5.78s | NO M5 CONFIRMATION
    Motivo: NO_DIRECTIONAL_M5_CONFIRMATION
    Confirmaciones: 10/13 | 76.9% | calidad=78.00 | decisión=RECHAZADA
    Faltantes: desplazamiento, microestructura M5, cierre fuerte
    Críticas faltantes: DISPLACEMENT REQUIRED FOR LIVE ENTRY
    Rechazo técnico: desplazamiento no confirmado, microestructura M5 no confirmada, cierre fuerte no confirmado, calidad de la operación insuficiente, falta una confirmación estructural crítica, porcentaje de confirmaciones inferior al 80%
[05/09] START Volatility 150 (1s) Index
[05/09] END   Volatility 150 (1s) Index | 3.25s | NO M15 SETUP
    Motivo: NO_DIRECTIONAL_M15_SETUP
[06/09] START Volatility 30 (1s) Index
[06/09] END   Volatility 30 (1s) Index | 0.01s | INSTRUMENTO EN CUARENTENA DE RIESGO
    Motivo: cuarentena temporal por desviación marginal de ejecución
[07/09] START Volatility 50 (1s) Index
[07/09] END   Volatility 50 (1s) Index | 5.88s | STALE M5 SIGNAL
    Motivo: M5_CONFIRMATION_TOO_OLD_FOR_LIVE_ENTRY
[08/09] START Volatility 90 (1s) Index
[08/09] END   Volatility 90 (1s) Index | 3.35s | NO M15 SETUP
    Motivo: NO_DIRECTIONAL_M15_SETUP
[09/09] START VolSwitch Medium Vol Index
[09/09] END   VolSwitch Medium Vol Index | 3.79s | NO M15 SETUP
    Motivo: NO_DIRECTIONAL_M15_SETUP
----------------------------------------------------------------------------------------
RESUMEN DEL CICLO #0001
Símbolos analizados: 9
Sin señal: 0
Esperando/otros: 8
Señales rechazadas: 1
Bloqueadas por estado/límites: 0
Validadas DRY RUN: 0
Nuevas órdenes: 0
Operaciones cerradas sincronizadas: 0
Errores: 0
Duración del ciclo: 36.58s
Intervalo objetivo: 30s
Próximo ciclo en: 0.00s
[AVISO] Ciclo excedio el intervalo por: 6.58s
----------------------------------------------------------------------------------------

========================================================================================
CICLO #0002 | 2026-09-03 15:19:54 UTC | símbolos=0
========================================================================================
----------------------------------------------------------------------------------------
RESUMEN DEL CICLO #0002
Símbolos analizados: 0
Sin señal: 0
Esperando/otros: 0
Señales rechazadas: 0
Bloqueadas por estado/límites: 0
Validadas DRY RUN: 0
Nuevas órdenes: 0
Operaciones cerradas sincronizadas: 0
Errores: 0
Duración del ciclo: 0.06s
Intervalo objetivo: 30s
Próximo ciclo en: 29.94s
----------------------------------------------------------------------------------------

========================================================================================
CICLO #0003 | 2026-09-03 15:20:24 UTC | símbolos=9
========================================================================================
[01/09] START High Frequency Vol 25 Index
[01/09] END   High Frequency Vol 25 Index | 1.97s | WAITING M5 AFTER M15
    Motivo: M5_CONFIRMATIONS_EXIST_BUT_ALL_PRECEDE_LATEST_M15_SETUP
[02/09] START Vol over Boom 400
[02/09] END   Vol over Boom 400 | 0.01s | DIRECCIÓN BLOQUEADA POR POLÍTICA DEL INSTRUMENTO
    Motivo: BOOM_BUY_ONLY_REQUIRES_BUY_H1_CONTEXT
[03/09] START Vol over Crash 550
[03/09] END   Vol over Crash 550 | 0.41s | NO M5 CONFIRMATION
    Motivo: NO_DIRECTIONAL_M5_CONFIRMATION
[04/09] START Volatility 100 (1s) Index
[04/09] END   Volatility 100 (1s) Index | 0.64s | NO M5 CONFIRMATION
    Motivo: NO_DIRECTIONAL_M5_CONFIRMATION
    Confirmaciones: 10/13 | 76.9% | calidad=78.00 | decisión=RECHAZADA
    Faltantes: desplazamiento, microestructura M5, cierre fuerte
    Críticas faltantes: DISPLACEMENT REQUIRED FOR LIVE ENTRY
    Rechazo técnico: desplazamiento no confirmado, microestructura M5 no confirmada, cierre fuerte no confirmado, calidad de la operación insuficiente, falta una confirmación estructural crítica, porcentaje de confirmaciones inferior al 80%
[05/09] START Volatility 150 (1s) Index
[05/09] END   Volatility 150 (1s) Index | 0.01s | NO M15 SETUP
    Motivo: NO_DIRECTIONAL_M15_SETUP
[06/09] START Volatility 30 (1s) Index
[06/09] END   Volatility 30 (1s) Index | 0.00s | INSTRUMENTO EN CUARENTENA DE RIESGO
    Motivo: cuarentena temporal por desviación marginal de ejecución
[07/09] START Volatility 50 (1s) Index
[07/09] END   Volatility 50 (1s) Index | 0.68s | STALE M5 SIGNAL
    Motivo: M5_CONFIRMATION_TOO_OLD_FOR_LIVE_ENTRY
[08/09] START Volatility 90 (1s) Index
[08/09] END   Volatility 90 (1s) Index | 0.01s | NO M15 SETUP
    Motivo: NO_DIRECTIONAL_M15_SETUP
[09/09] START VolSwitch Medium Vol Index
[09/09] END   VolSwitch Medium Vol Index | 0.01s | NO M15 SETUP
    Motivo: NO_DIRECTIONAL_M15_SETUP
----------------------------------------------------------------------------------------
RESUMEN DEL CICLO #0003
Símbolos analizados: 9
Sin señal: 0
Esperando/otros: 8
Señales rechazadas: 1
Bloqueadas por estado/límites: 0
Validadas DRY RUN: 0
Nuevas órdenes: 0
Operaciones cerradas sincronizadas: 0
Errores: 0
Duración del ciclo: 3.78s
Intervalo objetivo: 30s
Próximo ciclo en: 26.22s
----------------------------------------------------------------------------------------

========================================================================================
CICLO #0004 | 2026-09-03 15:20:54 UTC | símbolos=0
========================================================================================
----------------------------------------------------------------------------------------
RESUMEN DEL CICLO #0004
Símbolos analizados: 0
Sin señal: 0
Esperando/otros: 0
Señales rechazadas: 0
Bloqueadas por estado/límites: 0
Validadas DRY RUN: 0
Nuevas órdenes: 0
Operaciones cerradas sincronizadas: 0
Errores: 0
Duración del ciclo: 0.02s
Intervalo objetivo: 30s
Próximo ciclo en: 29.98s
----------------------------------------------------------------------------------------

========================================================================================
CICLO #0005 | 2026-09-03 15:21:24 UTC | símbolos=0
========================================================================================
----------------------------------------------------------------------------------------
RESUMEN DEL CICLO #0005
Símbolos analizados: 0
Sin señal: 0
Esperando/otros: 0
Señales rechazadas: 0
Bloqueadas por estado/límites: 0
Validadas DRY RUN: 0
Nuevas órdenes: 0
Operaciones cerradas sincronizadas: 0
Errores: 0
Duración del ciclo: 0.03s
Intervalo objetivo: 30s
Próximo ciclo en: 29.97s
----------------------------------------------------------------------------------------

========================================================================================
CICLO #0006 | 2026-09-03 15:21:54 UTC | símbolos=0
========================================================================================
----------------------------------------------------------------------------------------
RESUMEN DEL CICLO #0006
Símbolos analizados: 0
Sin señal: 0
Esperando/otros: 0
Señales rechazadas: 0
Bloqueadas por estado/límites: 0
Validadas DRY RUN: 0
Nuevas órdenes: 0
Operaciones cerradas sincronizadas: 0
Errores: 0
Duración del ciclo: 0.03s
Intervalo objetivo: 30s
Próximo ciclo en: 29.97s
----------------------------------------------------------------------------------------

========================================================================================
CICLO #0007 | 2026-09-03 15:22:24 UTC | símbolos=0
========================================================================================
----------------------------------------------------------------------------------------
RESUMEN DEL CICLO #0007
Símbolos analizados: 0
Sin señal: 0
Esperando/otros: 0
Señales rechazadas: 0
Bloqueadas por estado/límites: 0
Validadas DRY RUN: 0
Nuevas órdenes: 0
Operaciones cerradas sincronizadas: 0
Errores: 0
Duración del ciclo: 0.03s
Intervalo objetivo: 30s
Próximo ciclo en: 29.97s
----------------------------------------------------------------------------------------

========================================================================================
CICLO #0008 | 2026-09-03 15:22:54 UTC | símbolos=0
========================================================================================
----------------------------------------------------------------------------------------
RESUMEN DEL CICLO #0008
Símbolos analizados: 0
Sin señal: 0
Esperando/otros: 0
Señales rechazadas: 0
Bloqueadas por estado/límites: 0
Validadas DRY RUN: 0
Nuevas órdenes: 0
Operaciones cerradas sincronizadas: 0
Errores: 0
Duración del ciclo: 0.02s
Intervalo objetivo: 30s
Próximo ciclo en: 29.98s
----------------------------------------------------------------------------------------

========================================================================================
CICLO #0009 | 2026-09-03 15:23:24 UTC | símbolos=0
========================================================================================
----------------------------------------------------------------------------------------
RESUMEN DEL CICLO #0009
Símbolos analizados: 0
Sin señal: 0
Esperando/otros: 0
Señales rechazadas: 0
Bloqueadas por estado/límites: 0
Validadas DRY RUN: 0
Nuevas órdenes: 0
Operaciones cerradas sincronizadas: 0
Errores: 0
Duración del ciclo: 0.03s
Intervalo objetivo: 30s
Próximo ciclo en: 29.97s
----------------------------------------------------------------------------------------

========================================================================================
CICLO #0010 | 2026-09-03 15:23:54 UTC | símbolos=0
========================================================================================
----------------------------------------------------------------------------------------
RESUMEN DEL CICLO #0010
Símbolos analizados: 0
Sin señal: 0
Esperando/otros: 0
Señales rechazadas: 0
Bloqueadas por estado/límites: 0
Validadas DRY RUN: 0
Nuevas órdenes: 0
Operaciones cerradas sincronizadas: 0
Errores: 0
Duración del ciclo: 0.02s
Intervalo objetivo: 30s
Próximo ciclo en: 29.98s
----------------------------------------------------------------------------------------

========================================================================================
CICLO #0011 | 2026-09-03 15:24:24 UTC | símbolos=0
========================================================================================
----------------------------------------------------------------------------------------
RESUMEN DEL CICLO #0011
Símbolos analizados: 0
Sin señal: 0
Esperando/otros: 0
Señales rechazadas: 0
Bloqueadas por estado/límites: 0
Validadas DRY RUN: 0
Nuevas órdenes: 0
Operaciones cerradas sincronizadas: 0
Errores: 0
Duración del ciclo: 0.03s
Intervalo objetivo: 30s
Próximo ciclo en: 29.97s
----------------------------------------------------------------------------------------

========================================================================================
CICLO #0012 | 2026-09-03 15:24:54 UTC | símbolos=0
========================================================================================
----------------------------------------------------------------------------------------
RESUMEN DEL CICLO #0012
Símbolos analizados: 0
Sin señal: 0
Esperando/otros: 0
Señales rechazadas: 0
Bloqueadas por estado/límites: 0
Validadas DRY RUN: 0
Nuevas órdenes: 0
Operaciones cerradas sincronizadas: 0
Errores: 0
Duración del ciclo: 0.03s
Intervalo objetivo: 30s
Próximo ciclo en: 29.97s
----------------------------------------------------------------------------------------

========================================================================================
CICLO #0013 | 2026-09-03 15:25:24 UTC | símbolos=9
========================================================================================
[01/09] START High Frequency Vol 25 Index
[01/09] END   High Frequency Vol 25 Index | 1.88s | WAITING M5 AFTER M15
    Motivo: M5_CONFIRMATIONS_EXIST_BUT_ALL_PRECEDE_LATEST_M15_SETUP
[02/09] START Vol over Boom 400
[02/09] END   Vol over Boom 400 | 0.01s | DIRECCIÓN BLOQUEADA POR POLÍTICA DEL INSTRUMENTO
    Motivo: BOOM_BUY_ONLY_REQUIRES_BUY_H1_CONTEXT
[03/09] START Vol over Crash 550
[03/09] END   Vol over Crash 550 | 0.35s | NO M5 CONFIRMATION
    Motivo: NO_DIRECTIONAL_M5_CONFIRMATION
[04/09] START Volatility 100 (1s) Index
[04/09] END   Volatility 100 (1s) Index | 0.62s | NO M5 CONFIRMATION
    Motivo: NO_DIRECTIONAL_M5_CONFIRMATION
    Confirmaciones: 10/13 | 76.9% | calidad=78.00 | decisión=RECHAZADA
    Faltantes: desplazamiento, microestructura M5, cierre fuerte
    Críticas faltantes: DISPLACEMENT REQUIRED FOR LIVE ENTRY
    Rechazo técnico: desplazamiento no confirmado, microestructura M5 no confirmada, cierre fuerte no confirmado, calidad de la operación insuficiente, falta una confirmación estructural crítica, porcentaje de confirmaciones inferior al 80%
[05/09] START Volatility 150 (1s) Index
[05/09] END   Volatility 150 (1s) Index | 0.01s | NO M15 SETUP
    Motivo: NO_DIRECTIONAL_M15_SETUP
[06/09] START Volatility 30 (1s) Index
[06/09] END   Volatility 30 (1s) Index | 0.00s | INSTRUMENTO EN CUARENTENA DE RIESGO
    Motivo: cuarentena temporal por desviación marginal de ejecución
[07/09] START Volatility 50 (1s) Index
[07/09] END   Volatility 50 (1s) Index | 0.64s | STALE M5 SIGNAL
    Motivo: M5_CONFIRMATION_TOO_OLD_FOR_LIVE_ENTRY
[08/09] START Volatility 90 (1s) Index
[08/09] END   Volatility 90 (1s) Index | 0.01s | NO M15 SETUP
    Motivo: NO_DIRECTIONAL_M15_SETUP
[09/09] START VolSwitch Medium Vol Index
[09/09] END   VolSwitch Medium Vol Index | 0.01s | NO M15 SETUP
    Motivo: NO_DIRECTIONAL_M15_SETUP
----------------------------------------------------------------------------------------
RESUMEN DEL CICLO #0013
Símbolos analizados: 9
Sin señal: 0
Esperando/otros: 8
Señales rechazadas: 1
Bloqueadas por estado/límites: 0
Validadas DRY RUN: 0
Nuevas órdenes: 0
Operaciones cerradas sincronizadas: 0
Errores: 0
Duración del ciclo: 3.60s
Intervalo objetivo: 30s
Próximo ciclo en: 26.40s
----------------------------------------------------------------------------------------

========================================================================================
CICLO #0014 | 2026-09-03 15:25:54 UTC | símbolos=0
========================================================================================
----------------------------------------------------------------------------------------
RESUMEN DEL CICLO #0014
Símbolos analizados: 0
Sin señal: 0
Esperando/otros: 0
Señales rechazadas: 0
Bloqueadas por estado/límites: 0
Validadas DRY RUN: 0
Nuevas órdenes: 0
Operaciones cerradas sincronizadas: 0
Errores: 0
Duración del ciclo: 0.02s
Intervalo objetivo: 30s
Próximo ciclo en: 29.98s
----------------------------------------------------------------------------------------

========================================================================================
CICLO #0015 | 2026-09-03 15:26:24 UTC | símbolos=0
========================================================================================
----------------------------------------------------------------------------------------
RESUMEN DEL CICLO #0015
Símbolos analizados: 0
Sin señal: 0
Esperando/otros: 0
Señales rechazadas: 0
Bloqueadas por estado/límites: 0
Validadas DRY RUN: 0
Nuevas órdenes: 0
Operaciones cerradas sincronizadas: 0
Errores: 0
Duración del ciclo: 0.02s
Intervalo objetivo: 30s
Próximo ciclo en: 29.98s
----------------------------------------------------------------------------------------

========================================================================================
CICLO #0016 | 2026-09-03 15:26:54 UTC | símbolos=0
========================================================================================
----------------------------------------------------------------------------------------
RESUMEN DEL CICLO #0016
Símbolos analizados: 0
Sin señal: 0
Esperando/otros: 0
Señales rechazadas: 0
Bloqueadas por estado/límites: 0
Validadas DRY RUN: 0
Nuevas órdenes: 0
Operaciones cerradas sincronizadas: 0
Errores: 0
Duración del ciclo: 0.03s
Intervalo objetivo: 30s
Próximo ciclo en: 29.97s
----------------------------------------------------------------------------------------

========================================================================================
CICLO #0017 | 2026-09-03 15:27:24 UTC | símbolos=0
========================================================================================
----------------------------------------------------------------------------------------
RESUMEN DEL CICLO #0017
Símbolos analizados: 0
Sin señal: 0
Esperando/otros: 0
Señales rechazadas: 0
Bloqueadas por estado/límites: 0
Validadas DRY RUN: 0
Nuevas órdenes: 0
Operaciones cerradas sincronizadas: 0
Errores: 0
Duración del ciclo: 0.02s
Intervalo objetivo: 30s
Próximo ciclo en: 29.98s
----------------------------------------------------------------------------------------

========================================================================================
CICLO #0018 | 2026-09-03 15:27:54 UTC | símbolos=0
========================================================================================
----------------------------------------------------------------------------------------
RESUMEN DEL CICLO #0018
Símbolos analizados: 0
Sin señal: 0
Esperando/otros: 0
Señales rechazadas: 0
Bloqueadas por estado/límites: 0
Validadas DRY RUN: 0
Nuevas órdenes: 0
Operaciones cerradas sincronizadas: 0
Errores: 0
Duración del ciclo: 0.03s
Intervalo objetivo: 30s
Próximo ciclo en: 29.97s
----------------------------------------------------------------------------------------

========================================================================================
CICLO #0019 | 2026-09-03 15:28:24 UTC | símbolos=0
========================================================================================
----------------------------------------------------------------------------------------
RESUMEN DEL CICLO #0019
Símbolos analizados: 0
Sin señal: 0
Esperando/otros: 0
Señales rechazadas: 0
Bloqueadas por estado/límites: 0
Validadas DRY RUN: 0
Nuevas órdenes: 0
Operaciones cerradas sincronizadas: 0
Errores: 0
Duración del ciclo: 0.03s
Intervalo objetivo: 30s
Próximo ciclo en: 29.97s
----------------------------------------------------------------------------------------

========================================================================================
CICLO #0020 | 2026-09-03 15:28:54 UTC | símbolos=0
========================================================================================
----------------------------------------------------------------------------------------
RESUMEN DEL CICLO #0020
Símbolos analizados: 0
Sin señal: 0
Esperando/otros: 0
Señales rechazadas: 0
Bloqueadas por estado/límites: 0
Validadas DRY RUN: 0
Nuevas órdenes: 0
Operaciones cerradas sincronizadas: 0
Errores: 0
Duración del ciclo: 0.03s
Intervalo objetivo: 30s
Próximo ciclo en: 29.97s
----------------------------------------------------------------------------------------
Bot detenido por el usuario.
========================================================================
DERIV DEMO EXECUTION PREFLIGHT
========================================================================
[OK] MT5_ACCOUNT_INFO {'login': 41108926, 'server': 'Deriv-Demo', 'currency': 'USD', 'balance': 10000.0, 'equity': 10000.0, 'margin': 0.0, 'free_margin': 10000.0, 'profit': 0.0, 'leverage': 1000, 'trade_mode': 0, 'snapshot_time': datetime.datetime(2026, 9, 3, 15, 31, 16, 84854, tzinfo=datetime.timezone.utc), 'broker': 'MT5'}
[OK] MT5_TERMINAL_CONNECTED {'trade_allowed': True, 'tradeapi_disabled': False}
[OK] MT5_AUTOTRADING_ALLOWED {'trade_allowed': True, 'tradeapi_disabled': False}
[OK] DEMO_ACCOUNT {'trade_mode': 0, 'server': 'Deriv-Demo'}
[OK] FREE_MARGIN {'free_margin': 10000.0, 'required': 0.0}
[OK] DATABASE_READY {}
[OK] SYMBOL:High Frequency Vol 25 Index {'visible': True, 'trade_mode': 4, 'volume_min': 0.1, 'volume_step': 0.01, 'point': 0.01, 'stops_level_points': 2172}
[OK] SYMBOL:Vol over Boom 400 {'visible': True, 'trade_mode': 4, 'volume_min': 0.1, 'volume_step': 0.01, 'point': 0.01, 'stops_level_points': 360}
[OK] SYMBOL:Vol over Crash 550 {'visible': True, 'trade_mode': 4, 'volume_min': 0.1, 'volume_step': 0.01, 'point': 0.01, 'stops_level_points': 320}
[OK] SYMBOL:Volatility 100 (1s) Index {'visible': True, 'trade_mode': 4, 'volume_min': 1.0, 'volume_step': 0.01, 'point': 0.01, 'stops_level_points': 72}
[OK] SYMBOL:Volatility 150 (1s) Index {'visible': True, 'trade_mode': 4, 'volume_min': 1.0, 'volume_step': 0.001, 'point': 0.01, 'stops_level_points': 149}
[OK] SYMBOL:Volatility 30 (1s) Index {'visible': True, 'trade_mode': 4, 'volume_min': 0.2, 'volume_step': 0.01, 'point': 0.001, 'stops_level_points': 1800}
[OK] SYMBOL:Volatility 50 (1s) Index {'visible': True, 'trade_mode': 4, 'volume_min': 0.005, 'volume_step': 0.001, 'point': 0.01, 'stops_level_points': 6996}
[OK] SYMBOL:Volatility 90 (1s) Index {'visible': True, 'trade_mode': 4, 'volume_min': 0.1, 'volume_step': 0.01, 'point': 0.001, 'stops_level_points': 22257}
[OK] SYMBOL:VolSwitch Medium Vol Index {'visible': True, 'trade_mode': 4, 'volume_min': 0.1, 'volume_step': 0.1, 'point': 0.01, 'stops_level_points': 1000}
========================================================================
STATUS: READY FOR DEMO EXECUTION
DAEMONBLACKFX VERSION: v100-entry-quality-recoverable-quarantine-winrate-audit
BOT ACTIVO: VOLATILITY_3 | MAGIC=26082403 | ESTRATEGIA=SMC/ORB | instrumentos=9 | auto_export=False
========================================================================================
BOT SMC MT5 - DERIV DEMO
========================================================================================
Cuenta: 41108926 | Servidor: Deriv-Demo
Balance: 10000.00 USD
Modo: EJECUCIÓN DEMO
Riesgo por trade: 1.00% | R:R mínimo: 1.50
Intervalo: 30s | Símbolos: 9
Reporte XLSX: C:\TradingBoot\smc_synthetic_bot\storage\exports\deriv_demo_trading_report.xlsx
Pipeline: SMC -> TradeLifecycleManager -> MT5TradeExecutor -> SQLite -> XLSX
========================================================================================
Daemon activo: señales=30s | monitor posiciones/BE=2s | símbolos=9
Progreso: se mostrará cada símbolo y su tiempo de análisis.
{'action': 'POSITION_MONITOR_STARTED', 'signal_interval_seconds': 30, 'position_monitor_interval_seconds': 2, 'monitor_mode': 'BACKGROUND_DECOUPLED'}

========================================================================================
CICLO #0001 | 2026-09-03 15:31:25 UTC | símbolos=9
========================================================================================
[01/09] START High Frequency Vol 25 Index
[01/09] END   High Frequency Vol 25 Index | 7.84s | WAITING M5 AFTER M15
    Motivo: M5_CONFIRMATIONS_EXIST_BUT_ALL_PRECEDE_LATEST_M15_SETUP
[02/09] START Vol over Boom 400
[02/09] END   Vol over Boom 400 | 1.46s | DIRECCIÓN BLOQUEADA POR POLÍTICA DEL INSTRUMENTO
    Motivo: BOOM_BUY_ONLY_REQUIRES_BUY_H1_CONTEXT
[03/09] START Vol over Crash 550
[03/09] END   Vol over Crash 550 | 4.83s | NO M5 CONFIRMATION
    Motivo: NO_DIRECTIONAL_M5_CONFIRMATION
[04/09] START Volatility 100 (1s) Index
[04/09] END   Volatility 100 (1s) Index | 5.99s | NO M5 CONFIRMATION
    Motivo: NO_DIRECTIONAL_M5_CONFIRMATION
    Confirmaciones: 10/13 | 76.9% | calidad=78.00 | decisión=RECHAZADA
    Faltantes: desplazamiento, microestructura M5, cierre fuerte
    Críticas faltantes: DISPLACEMENT REQUIRED FOR LIVE ENTRY
    Rechazo técnico: desplazamiento no confirmado, microestructura M5 no confirmada, cierre fuerte no confirmado, calidad de la operación insuficiente, falta una confirmación estructural crítica, porcentaje de confirmaciones inferior al 80%
[05/09] START Volatility 150 (1s) Index
[05/09] END   Volatility 150 (1s) Index | 3.23s | NO M15 SETUP
    Motivo: NO_DIRECTIONAL_M15_SETUP
[06/09] START Volatility 30 (1s) Index
[06/09] END   Volatility 30 (1s) Index | 0.01s | INSTRUMENTO EN CUARENTENA DE RIESGO
    Motivo: cuarentena temporal por desviación marginal de ejecución
[07/09] START Volatility 50 (1s) Index
[07/09] END   Volatility 50 (1s) Index | 5.76s | STALE M5 SIGNAL
    Motivo: M5_CONFIRMATION_TOO_OLD_FOR_LIVE_ENTRY
[08/09] START Volatility 90 (1s) Index
[08/09] END   Volatility 90 (1s) Index | 3.07s | NO M15 SETUP
    Motivo: NO_DIRECTIONAL_M15_SETUP
[09/09] START VolSwitch Medium Vol Index
[09/09] END   VolSwitch Medium Vol Index | 3.07s | NO M15 SETUP
    Motivo: NO_DIRECTIONAL_M15_SETUP
----------------------------------------------------------------------------------------
RESUMEN DEL CICLO #0001
Símbolos analizados: 9
Sin señal: 0
Esperando/otros: 8
Señales rechazadas: 1
Bloqueadas por estado/límites: 0
Validadas DRY RUN: 0
Nuevas órdenes: 0
Operaciones cerradas sincronizadas: 0
Errores: 0
Duración del ciclo: 38.79s
Intervalo objetivo: 30s
Próximo ciclo en: 0.00s
[AVISO] Ciclo excedio el intervalo por: 8.79s
----------------------------------------------------------------------------------------

========================================================================================
CICLO #0002 | 2026-09-03 15:32:04 UTC | símbolos=0
========================================================================================
----------------------------------------------------------------------------------------
RESUMEN DEL CICLO #0002
Símbolos analizados: 0
Sin señal: 0
Esperando/otros: 0
Señales rechazadas: 0
Bloqueadas por estado/límites: 0
Validadas DRY RUN: 0
Nuevas órdenes: 0
Operaciones cerradas sincronizadas: 0
Errores: 0
Duración del ciclo: 0.04s
Intervalo objetivo: 30s
Próximo ciclo en: 29.96s
----------------------------------------------------------------------------------------

========================================================================================
CICLO #0003 | 2026-09-03 15:32:34 UTC | símbolos=0
========================================================================================
----------------------------------------------------------------------------------------
RESUMEN DEL CICLO #0003
Símbolos analizados: 0
Sin señal: 0
Esperando/otros: 0
Señales rechazadas: 0
Bloqueadas por estado/límites: 0
Validadas DRY RUN: 0
Nuevas órdenes: 0
Operaciones cerradas sincronizadas: 0
Errores: 0
Duración del ciclo: 0.03s
Intervalo objetivo: 30s
Próximo ciclo en: 29.97s
----------------------------------------------------------------------------------------

========================================================================================
CICLO #0004 | 2026-09-03 15:33:04 UTC | símbolos=0
========================================================================================
----------------------------------------------------------------------------------------
RESUMEN DEL CICLO #0004
Símbolos analizados: 0
Sin señal: 0
Esperando/otros: 0
Señales rechazadas: 0
Bloqueadas por estado/límites: 0
Validadas DRY RUN: 0
Nuevas órdenes: 0
Operaciones cerradas sincronizadas: 0
Errores: 0
Duración del ciclo: 0.03s
Intervalo objetivo: 30s
Próximo ciclo en: 29.97s
----------------------------------------------------------------------------------------

========================================================================================
CICLO #0005 | 2026-09-03 15:33:34 UTC | símbolos=0
========================================================================================
----------------------------------------------------------------------------------------
RESUMEN DEL CICLO #0005
Símbolos analizados: 0
Sin señal: 0
Esperando/otros: 0
Señales rechazadas: 0
Bloqueadas por estado/límites: 0
Validadas DRY RUN: 0
Nuevas órdenes: 0
Operaciones cerradas sincronizadas: 0
Errores: 0
Duración del ciclo: 0.03s
Intervalo objetivo: 30s
Próximo ciclo en: 29.97s
----------------------------------------------------------------------------------------

========================================================================================
CICLO #0006 | 2026-09-03 15:34:04 UTC | símbolos=0
========================================================================================
----------------------------------------------------------------------------------------
RESUMEN DEL CICLO #0006
Símbolos analizados: 0
Sin señal: 0
Esperando/otros: 0
Señales rechazadas: 0
Bloqueadas por estado/límites: 0
Validadas DRY RUN: 0
Nuevas órdenes: 0
Operaciones cerradas sincronizadas: 0
Errores: 0
Duración del ciclo: 0.03s
Intervalo objetivo: 30s
Próximo ciclo en: 29.97s
----------------------------------------------------------------------------------------

========================================================================================
CICLO #0007 | 2026-09-03 15:34:34 UTC | símbolos=0
========================================================================================
----------------------------------------------------------------------------------------
RESUMEN DEL CICLO #0007
Símbolos analizados: 0
Sin señal: 0
Esperando/otros: 0
Señales rechazadas: 0
Bloqueadas por estado/límites: 0
Validadas DRY RUN: 0
Nuevas órdenes: 0
Operaciones cerradas sincronizadas: 0
Errores: 0
Duración del ciclo: 0.03s
Intervalo objetivo: 30s
Próximo ciclo en: 29.97s
----------------------------------------------------------------------------------------

========================================================================================
CICLO #0008 | 2026-09-03 15:35:04 UTC | símbolos=9
========================================================================================
[01/09] START High Frequency Vol 25 Index
[01/09] END   High Frequency Vol 25 Index | 2.79s | WAITING M5 AFTER M15
    Motivo: M5_CONFIRMATIONS_EXIST_BUT_ALL_PRECEDE_LATEST_M15_SETUP
[02/09] START Vol over Boom 400
[02/09] END   Vol over Boom 400 | 0.01s | DIRECCIÓN BLOQUEADA POR POLÍTICA DEL INSTRUMENTO
    Motivo: BOOM_BUY_ONLY_REQUIRES_BUY_H1_CONTEXT
[03/09] START Vol over Crash 550
[03/09] END   Vol over Crash 550 | 0.77s | NO M5 CONFIRMATION
    Motivo: NO_DIRECTIONAL_M5_CONFIRMATION
[04/09] START Volatility 100 (1s) Index
[04/09] END   Volatility 100 (1s) Index | 0.92s | NO M5 CONFIRMATION
    Motivo: NO_DIRECTIONAL_M5_CONFIRMATION
    Confirmaciones: 10/13 | 76.9% | calidad=78.00 | decisión=RECHAZADA
    Faltantes: desplazamiento, microestructura M5, cierre fuerte
    Críticas faltantes: DISPLACEMENT REQUIRED FOR LIVE ENTRY
    Rechazo técnico: desplazamiento no confirmado, microestructura M5 no confirmada, cierre fuerte no confirmado, calidad de la operación insuficiente, falta una confirmación estructural crítica, porcentaje de confirmaciones inferior al 80%
[05/09] START Volatility 150 (1s) Index
[05/09] END   Volatility 150 (1s) Index | 0.01s | NO M15 SETUP
    Motivo: NO_DIRECTIONAL_M15_SETUP
[06/09] START Volatility 30 (1s) Index
[06/09] END   Volatility 30 (1s) Index | 0.01s | INSTRUMENTO EN CUARENTENA DE RIESGO
    Motivo: cuarentena temporal por desviación marginal de ejecución
[07/09] START Volatility 50 (1s) Index
[07/09] END   Volatility 50 (1s) Index | 1.12s | STALE M5 SIGNAL
    Motivo: M5_CONFIRMATION_TOO_OLD_FOR_LIVE_ENTRY
[08/09] START Volatility 90 (1s) Index
[08/09] END   Volatility 90 (1s) Index | 0.02s | NO M15 SETUP
    Motivo: NO_DIRECTIONAL_M15_SETUP
[09/09] START VolSwitch Medium Vol Index
[09/09] END   VolSwitch Medium Vol Index | 0.02s | NO M15 SETUP
    Motivo: NO_DIRECTIONAL_M15_SETUP
----------------------------------------------------------------------------------------
RESUMEN DEL CICLO #0008
Símbolos analizados: 9
Sin señal: 0
Esperando/otros: 8
Señales rechazadas: 1
Bloqueadas por estado/límites: 0
Validadas DRY RUN: 0
Nuevas órdenes: 0
Operaciones cerradas sincronizadas: 0
Errores: 0
Duración del ciclo: 5.74s
Intervalo objetivo: 30s
Próximo ciclo en: 24.26s
----------------------------------------------------------------------------------------

========================================================================================
CICLO #0009 | 2026-09-03 15:35:34 UTC | símbolos=0
========================================================================================
----------------------------------------------------------------------------------------
RESUMEN DEL CICLO #0009
Símbolos analizados: 0
Sin señal: 0
Esperando/otros: 0
Señales rechazadas: 0
Bloqueadas por estado/límites: 0
Validadas DRY RUN: 0
Nuevas órdenes: 0
Operaciones cerradas sincronizadas: 0
Errores: 0
Duración del ciclo: 0.03s
Intervalo objetivo: 30s
Próximo ciclo en: 29.97s
----------------------------------------------------------------------------------------

========================================================================================
CICLO #0010 | 2026-09-03 15:36:04 UTC | símbolos=0
========================================================================================
----------------------------------------------------------------------------------------
RESUMEN DEL CICLO #0010
Símbolos analizados: 0
Sin señal: 0
Esperando/otros: 0
Señales rechazadas: 0
Bloqueadas por estado/límites: 0
Validadas DRY RUN: 0
Nuevas órdenes: 0
Operaciones cerradas sincronizadas: 0
Errores: 0
Duración del ciclo: 0.03s
Intervalo objetivo: 30s
Próximo ciclo en: 29.97s
----------------------------------------------------------------------------------------

========================================================================================
CICLO #0011 | 2026-09-03 15:36:34 UTC | símbolos=0
========================================================================================
----------------------------------------------------------------------------------------
RESUMEN DEL CICLO #0011
Símbolos analizados: 0
Sin señal: 0
Esperando/otros: 0
Señales rechazadas: 0
Bloqueadas por estado/límites: 0
Validadas DRY RUN: 0
Nuevas órdenes: 0
Operaciones cerradas sincronizadas: 0
Errores: 0
Duración del ciclo: 0.03s
Intervalo objetivo: 30s
Próximo ciclo en: 29.97s
----------------------------------------------------------------------------------------

========================================================================================
CICLO #0012 | 2026-09-03 15:37:04 UTC | símbolos=0
========================================================================================
----------------------------------------------------------------------------------------
RESUMEN DEL CICLO #0012
Símbolos analizados: 0
Sin señal: 0
Esperando/otros: 0
Señales rechazadas: 0
Bloqueadas por estado/límites: 0
Validadas DRY RUN: 0
Nuevas órdenes: 0
Operaciones cerradas sincronizadas: 0
Errores: 0
Duración del ciclo: 0.03s
Intervalo objetivo: 30s
Próximo ciclo en: 29.97s
----------------------------------------------------------------------------------------

========================================================================================
CICLO #0013 | 2026-09-03 15:37:34 UTC | símbolos=0
========================================================================================
----------------------------------------------------------------------------------------
RESUMEN DEL CICLO #0013
Símbolos analizados: 0
Sin señal: 0
Esperando/otros: 0
Señales rechazadas: 0
Bloqueadas por estado/límites: 0
Validadas DRY RUN: 0
Nuevas órdenes: 0
Operaciones cerradas sincronizadas: 0
Errores: 0
Duración del ciclo: 0.03s
Intervalo objetivo: 30s
Próximo ciclo en: 29.97s
----------------------------------------------------------------------------------------

========================================================================================
CICLO #0014 | 2026-09-03 15:38:04 UTC | símbolos=0
========================================================================================
----------------------------------------------------------------------------------------
RESUMEN DEL CICLO #0014
Símbolos analizados: 0
Sin señal: 0
Esperando/otros: 0
Señales rechazadas: 0
Bloqueadas por estado/límites: 0
Validadas DRY RUN: 0
Nuevas órdenes: 0
Operaciones cerradas sincronizadas: 0
Errores: 0
Duración del ciclo: 0.03s
Intervalo objetivo: 30s
Próximo ciclo en: 29.97s
----------------------------------------------------------------------------------------

========================================================================================
CICLO #0015 | 2026-09-03 15:38:34 UTC | símbolos=0
========================================================================================
----------------------------------------------------------------------------------------
RESUMEN DEL CICLO #0015
Símbolos analizados: 0
Sin señal: 0
Esperando/otros: 0
Señales rechazadas: 0
Bloqueadas por estado/límites: 0
Validadas DRY RUN: 0
Nuevas órdenes: 0
Operaciones cerradas sincronizadas: 0
Errores: 0
Duración del ciclo: 0.03s
Intervalo objetivo: 30s
Próximo ciclo en: 29.97s
----------------------------------------------------------------------------------------

========================================================================================
CICLO #0016 | 2026-09-03 15:39:04 UTC | símbolos=0
========================================================================================
----------------------------------------------------------------------------------------
RESUMEN DEL CICLO #0016
Símbolos analizados: 0
Sin señal: 0
Esperando/otros: 0
Señales rechazadas: 0
Bloqueadas por estado/límites: 0
Validadas DRY RUN: 0
Nuevas órdenes: 0
Operaciones cerradas sincronizadas: 0
Errores: 0
Duración del ciclo: 0.03s
Intervalo objetivo: 30s
Próximo ciclo en: 29.97s
----------------------------------------------------------------------------------------

========================================================================================
CICLO #0017 | 2026-09-03 15:39:34 UTC | símbolos=0
========================================================================================
----------------------------------------------------------------------------------------
RESUMEN DEL CICLO #0017
Símbolos analizados: 0
Sin señal: 0
Esperando/otros: 0
Señales rechazadas: 0
Bloqueadas por estado/límites: 0
Validadas DRY RUN: 0
Nuevas órdenes: 0
Operaciones cerradas sincronizadas: 0
Errores: 0
Duración del ciclo: 0.03s
Intervalo objetivo: 30s
Próximo ciclo en: 29.97s
----------------------------------------------------------------------------------------

========================================================================================
CICLO #0018 | 2026-09-03 15:40:04 UTC | símbolos=9
========================================================================================
[01/09] START High Frequency Vol 25 Index
[01/09] END   High Frequency Vol 25 Index | 2.23s | WAITING M5 AFTER M15
    Motivo: M5_CONFIRMATIONS_EXIST_BUT_ALL_PRECEDE_LATEST_M15_SETUP
[02/09] START Vol over Boom 400
[02/09] END   Vol over Boom 400 | 0.01s | DIRECCIÓN BLOQUEADA POR POLÍTICA DEL INSTRUMENTO
    Motivo: BOOM_BUY_ONLY_REQUIRES_BUY_H1_CONTEXT
[03/09] START Vol over Crash 550
[03/09] END   Vol over Crash 550 | 0.48s | NO M5 CONFIRMATION
    Motivo: NO_DIRECTIONAL_M5_CONFIRMATION
[04/09] START Volatility 100 (1s) Index
[04/09] END   Volatility 100 (1s) Index | 0.75s | NO M5 CONFIRMATION
    Motivo: NO_DIRECTIONAL_M5_CONFIRMATION
    Confirmaciones: 10/13 | 76.9% | calidad=78.00 | decisión=RECHAZADA
    Faltantes: desplazamiento, microestructura M5, cierre fuerte
    Críticas faltantes: DISPLACEMENT REQUIRED FOR LIVE ENTRY
    Rechazo técnico: desplazamiento no confirmado, microestructura M5 no confirmada, cierre fuerte no confirmado, calidad de la operación insuficiente, falta una confirmación estructural crítica, porcentaje de confirmaciones inferior al 80%
[05/09] START Volatility 150 (1s) Index
[05/09] END   Volatility 150 (1s) Index | 0.01s | NO M15 SETUP
    Motivo: NO_DIRECTIONAL_M15_SETUP
[06/09] START Volatility 30 (1s) Index
[06/09] END   Volatility 30 (1s) Index | 4.46s | NO M5 CONFIRMATION
    Motivo: NO_DIRECTIONAL_M5_CONFIRMATION
    Confirmaciones: 11/13 | 84.6% | calidad=100.00 | decisión=RECHAZADA
    Faltantes: rechazo del precio, desplazamiento
    Críticas faltantes: BOS REQUIRES REJECTION, DISPLACEMENT REQUIRED FOR LIVE ENTRY
    Divergencia: CONFIRMADA | DIVERGENCIA_ALCISTA_REGULAR
    Rechazo técnico: bos rejection not confirmed, desplazamiento no confirmado, rechazo del precio no confirmado, falta una confirmación estructural crítica
[07/09] START Volatility 50 (1s) Index
[07/09] END   Volatility 50 (1s) Index | 0.69s | STALE M5 SIGNAL
    Motivo: M5_CONFIRMATION_TOO_OLD_FOR_LIVE_ENTRY
[08/09] START Volatility 90 (1s) Index
[08/09] END   Volatility 90 (1s) Index | 0.01s | NO M15 SETUP
    Motivo: NO_DIRECTIONAL_M15_SETUP
[09/09] START VolSwitch Medium Vol Index
[09/09] END   VolSwitch Medium Vol Index | 0.01s | NO M15 SETUP
    Motivo: NO_DIRECTIONAL_M15_SETUP
----------------------------------------------------------------------------------------
RESUMEN DEL CICLO #0018
Símbolos analizados: 9
Sin señal: 0
Esperando/otros: 8
Señales rechazadas: 1
Bloqueadas por estado/límites: 0
Validadas DRY RUN: 0
Nuevas órdenes: 0
Operaciones cerradas sincronizadas: 0
Errores: 0
Duración del ciclo: 8.71s
Intervalo objetivo: 30s
Próximo ciclo en: 21.29s
----------------------------------------------------------------------------------------

========================================================================================
CICLO #0019 | 2026-09-03 15:40:34 UTC | símbolos=0
========================================================================================
----------------------------------------------------------------------------------------
RESUMEN DEL CICLO #0019
Símbolos analizados: 0
Sin señal: 0
Esperando/otros: 0
Señales rechazadas: 0
Bloqueadas por estado/límites: 0
Validadas DRY RUN: 0
Nuevas órdenes: 0
Operaciones cerradas sincronizadas: 0
Errores: 0
Duración del ciclo: 0.03s
Intervalo objetivo: 30s
Próximo ciclo en: 29.97s
----------------------------------------------------------------------------------------

========================================================================================
CICLO #0020 | 2026-09-03 15:41:04 UTC | símbolos=0
========================================================================================
----------------------------------------------------------------------------------------
RESUMEN DEL CICLO #0020
Símbolos analizados: 0
Sin señal: 0
Esperando/otros: 0
Señales rechazadas: 0
Bloqueadas por estado/límites: 0
Validadas DRY RUN: 0
Nuevas órdenes: 0
Operaciones cerradas sincronizadas: 0
Errores: 0
Duración del ciclo: 0.02s
Intervalo objetivo: 30s
Próximo ciclo en: 29.98s
----------------------------------------------------------------------------------------

========================================================================================
CICLO #0021 | 2026-09-03 15:41:34 UTC | símbolos=0
========================================================================================
----------------------------------------------------------------------------------------
RESUMEN DEL CICLO #0021
Símbolos analizados: 0
Sin señal: 0
Esperando/otros: 0
Señales rechazadas: 0
Bloqueadas por estado/límites: 0
Validadas DRY RUN: 0
Nuevas órdenes: 0
Operaciones cerradas sincronizadas: 0
Errores: 0
Duración del ciclo: 0.03s
Intervalo objetivo: 30s
Próximo ciclo en: 29.97s
----------------------------------------------------------------------------------------

========================================================================================
CICLO #0022 | 2026-09-03 15:42:04 UTC | símbolos=0
========================================================================================
----------------------------------------------------------------------------------------
RESUMEN DEL CICLO #0022
Símbolos analizados: 0
Sin señal: 0
Esperando/otros: 0
Señales rechazadas: 0
Bloqueadas por estado/límites: 0
Validadas DRY RUN: 0
Nuevas órdenes: 0
Operaciones cerradas sincronizadas: 0
Errores: 0
Duración del ciclo: 0.02s
Intervalo objetivo: 30s
Próximo ciclo en: 29.98s
----------------------------------------------------------------------------------------

========================================================================================
CICLO #0023 | 2026-09-03 15:42:34 UTC | símbolos=0
========================================================================================
----------------------------------------------------------------------------------------
RESUMEN DEL CICLO #0023
Símbolos analizados: 0
Sin señal: 0
Esperando/otros: 0
Señales rechazadas: 0
Bloqueadas por estado/límites: 0
Validadas DRY RUN: 0
Nuevas órdenes: 0
Operaciones cerradas sincronizadas: 0
Errores: 0
Duración del ciclo: 0.03s
Intervalo objetivo: 30s
Próximo ciclo en: 29.97s
----------------------------------------------------------------------------------------

========================================================================================
CICLO #0024 | 2026-09-03 15:43:04 UTC | símbolos=0
========================================================================================
----------------------------------------------------------------------------------------
RESUMEN DEL CICLO #0024
Símbolos analizados: 0
Sin señal: 0
Esperando/otros: 0
Señales rechazadas: 0
Bloqueadas por estado/límites: 0
Validadas DRY RUN: 0
Nuevas órdenes: 0
Operaciones cerradas sincronizadas: 0
Errores: 0
Duración del ciclo: 0.03s
Intervalo objetivo: 30s
Próximo ciclo en: 29.97s
----------------------------------------------------------------------------------------

========================================================================================
CICLO #0025 | 2026-09-03 15:43:34 UTC | símbolos=0
========================================================================================
----------------------------------------------------------------------------------------
RESUMEN DEL CICLO #0025
Símbolos analizados: 0
Sin señal: 0
Esperando/otros: 0
Señales rechazadas: 0
Bloqueadas por estado/límites: 0
Validadas DRY RUN: 0
Nuevas órdenes: 0
Operaciones cerradas sincronizadas: 0
Errores: 0
Duración del ciclo: 0.03s
Intervalo objetivo: 30s
Próximo ciclo en: 29.97s
----------------------------------------------------------------------------------------

========================================================================================
CICLO #0026 | 2026-09-03 15:44:04 UTC | símbolos=0
========================================================================================
----------------------------------------------------------------------------------------
RESUMEN DEL CICLO #0026
Símbolos analizados: 0
Sin señal: 0
Esperando/otros: 0
Señales rechazadas: 0
Bloqueadas por estado/límites: 0
Validadas DRY RUN: 0
Nuevas órdenes: 0
Operaciones cerradas sincronizadas: 0
Errores: 0
Duración del ciclo: 0.03s
Intervalo objetivo: 30s
Próximo ciclo en: 29.97s
----------------------------------------------------------------------------------------

========================================================================================
CICLO #0027 | 2026-09-03 15:44:34 UTC | símbolos=0
========================================================================================
----------------------------------------------------------------------------------------
RESUMEN DEL CICLO #0027
Símbolos analizados: 0
Sin señal: 0
Esperando/otros: 0
Señales rechazadas: 0
Bloqueadas por estado/límites: 0
Validadas DRY RUN: 0
Nuevas órdenes: 0
Operaciones cerradas sincronizadas: 0
Errores: 0
Duración del ciclo: 0.03s
Intervalo objetivo: 30s
Próximo ciclo en: 29.97s
----------------------------------------------------------------------------------------

========================================================================================
CICLO #0028 | 2026-09-03 15:45:04 UTC | símbolos=9
========================================================================================
[01/09] START High Frequency Vol 25 Index
[01/09] END   High Frequency Vol 25 Index | 4.38s | WAITING M5 AFTER M15
    Motivo: M5_CONFIRMATIONS_EXIST_BUT_ALL_PRECEDE_LATEST_M15_SETUP
[02/09] START Vol over Boom 400
[02/09] END   Vol over Boom 400 | 0.01s | DIRECCIÓN BLOQUEADA POR POLÍTICA DEL INSTRUMENTO
    Motivo: BOOM_BUY_ONLY_REQUIRES_BUY_H1_CONTEXT
[03/09] START Vol over Crash 550
[03/09] END   Vol over Crash 550 | 1.97s | NO M5 CONFIRMATION
    Motivo: NO_DIRECTIONAL_M5_CONFIRMATION
[04/09] START Volatility 100 (1s) Index
[04/09] END   Volatility 100 (1s) Index | 3.54s | NO M5 CONFIRMATION
    Motivo: NO_DIRECTIONAL_M5_CONFIRMATION
    Confirmaciones: 10/13 | 76.9% | calidad=78.00 | decisión=RECHAZADA
    Faltantes: desplazamiento, microestructura M5, cierre fuerte
    Críticas faltantes: DISPLACEMENT REQUIRED FOR LIVE ENTRY
    Rechazo técnico: desplazamiento no confirmado, microestructura M5 no confirmada, cierre fuerte no confirmado, calidad de la operación insuficiente, falta una confirmación estructural crítica, porcentaje de confirmaciones inferior al 80%
[05/09] START Volatility 150 (1s) Index
[05/09] END   Volatility 150 (1s) Index | 0.79s | NO M15 SETUP
    Motivo: NO_DIRECTIONAL_M15_SETUP
[06/09] START Volatility 30 (1s) Index
[06/09] END   Volatility 30 (1s) Index | 4.23s | NO M5 CONFIRMATION
    Motivo: NO_DIRECTIONAL_M5_CONFIRMATION
    Confirmaciones: 11/13 | 84.6% | calidad=100.00 | decisión=RECHAZADA
    Faltantes: rechazo del precio, desplazamiento
    Críticas faltantes: BOS REQUIRES REJECTION, DISPLACEMENT REQUIRED FOR LIVE ENTRY
    Divergencia: CONFIRMADA | DIVERGENCIA_ALCISTA_REGULAR
    Rechazo técnico: bos rejection not confirmed, desplazamiento no confirmado, rechazo del precio no confirmado, falta una confirmación estructural crítica
[07/09] START Volatility 50 (1s) Index
[07/09] END   Volatility 50 (1s) Index | 3.94s | STALE M5 SIGNAL
    Motivo: M5_CONFIRMATION_TOO_OLD_FOR_LIVE_ENTRY
[08/09] START Volatility 90 (1s) Index
[08/09] END   Volatility 90 (1s) Index | 1.00s | NO M15 SETUP
    Motivo: NO_DIRECTIONAL_M15_SETUP
[09/09] START VolSwitch Medium Vol Index
[09/09] END   VolSwitch Medium Vol Index | 0.99s | NO M15 SETUP
    Motivo: NO_DIRECTIONAL_M15_SETUP
----------------------------------------------------------------------------------------
RESUMEN DEL CICLO #0028
Símbolos analizados: 9
Sin señal: 0
Esperando/otros: 8
Señales rechazadas: 1
Bloqueadas por estado/límites: 0
Validadas DRY RUN: 0
Nuevas órdenes: 0
Operaciones cerradas sincronizadas: 0
Errores: 0
Duración del ciclo: 20.93s
Intervalo objetivo: 30s
Próximo ciclo en: 9.07s
----------------------------------------------------------------------------------------

========================================================================================
CICLO #0029 | 2026-09-03 15:45:34 UTC | símbolos=0
========================================================================================
----------------------------------------------------------------------------------------
RESUMEN DEL CICLO #0029
Símbolos analizados: 0
Sin señal: 0
Esperando/otros: 0
Señales rechazadas: 0
Bloqueadas por estado/límites: 0
Validadas DRY RUN: 0
Nuevas órdenes: 0
Operaciones cerradas sincronizadas: 0
Errores: 0
Duración del ciclo: 0.05s
Intervalo objetivo: 30s
Próximo ciclo en: 29.95s
----------------------------------------------------------------------------------------

========================================================================================
CICLO #0030 | 2026-09-03 15:46:04 UTC | símbolos=0
========================================================================================
----------------------------------------------------------------------------------------
RESUMEN DEL CICLO #0030
Símbolos analizados: 0
Sin señal: 0
Esperando/otros: 0
Señales rechazadas: 0
Bloqueadas por estado/límites: 0
Validadas DRY RUN: 0
Nuevas órdenes: 0
Operaciones cerradas sincronizadas: 0
Errores: 0
Duración del ciclo: 0.03s
Intervalo objetivo: 30s
Próximo ciclo en: 29.97s
----------------------------------------------------------------------------------------

========================================================================================
CICLO #0031 | 2026-09-03 15:46:34 UTC | símbolos=0
========================================================================================
----------------------------------------------------------------------------------------
RESUMEN DEL CICLO #0031
Símbolos analizados: 0
Sin señal: 0
Esperando/otros: 0
Señales rechazadas: 0
Bloqueadas por estado/límites: 0
Validadas DRY RUN: 0
Nuevas órdenes: 0
Operaciones cerradas sincronizadas: 0
Errores: 0
Duración del ciclo: 0.03s
Intervalo objetivo: 30s
Próximo ciclo en: 29.97s
----------------------------------------------------------------------------------------

========================================================================================
CICLO #0032 | 2026-09-03 15:47:04 UTC | símbolos=0
========================================================================================
----------------------------------------------------------------------------------------
RESUMEN DEL CICLO #0032
Símbolos analizados: 0
Sin señal: 0
Esperando/otros: 0
Señales rechazadas: 0
Bloqueadas por estado/límites: 0
Validadas DRY RUN: 0
Nuevas órdenes: 0
Operaciones cerradas sincronizadas: 0
Errores: 0
Duración del ciclo: 0.03s
Intervalo objetivo: 30s
Próximo ciclo en: 29.97s
----------------------------------------------------------------------------------------

========================================================================================
CICLO #0033 | 2026-09-03 15:47:34 UTC | símbolos=0
========================================================================================
----------------------------------------------------------------------------------------
RESUMEN DEL CICLO #0033
Símbolos analizados: 0
Sin señal: 0
Esperando/otros: 0
Señales rechazadas: 0
Bloqueadas por estado/límites: 0
Validadas DRY RUN: 0
Nuevas órdenes: 0
Operaciones cerradas sincronizadas: 0
Errores: 0
Duración del ciclo: 0.02s
Intervalo objetivo: 30s
Próximo ciclo en: 29.98s
----------------------------------------------------------------------------------------

========================================================================================
CICLO #0034 | 2026-09-03 15:48:04 UTC | símbolos=0
========================================================================================
----------------------------------------------------------------------------------------
RESUMEN DEL CICLO #0034
Símbolos analizados: 0
Sin señal: 0
Esperando/otros: 0
Señales rechazadas: 0
Bloqueadas por estado/límites: 0
Validadas DRY RUN: 0
Nuevas órdenes: 0
Operaciones cerradas sincronizadas: 0
Errores: 0
Duración del ciclo: 0.03s
Intervalo objetivo: 30s
Próximo ciclo en: 29.97s
----------------------------------------------------------------------------------------

========================================================================================
CICLO #0035 | 2026-09-03 15:48:34 UTC | símbolos=0
========================================================================================
----------------------------------------------------------------------------------------
RESUMEN DEL CICLO #0035
Símbolos analizados: 0
Sin señal: 0
Esperando/otros: 0
Señales rechazadas: 0
Bloqueadas por estado/límites: 0
Validadas DRY RUN: 0
Nuevas órdenes: 0
Operaciones cerradas sincronizadas: 0
Errores: 0
Duración del ciclo: 0.03s
Intervalo objetivo: 30s
Próximo ciclo en: 29.97s
----------------------------------------------------------------------------------------

========================================================================================
CICLO #0036 | 2026-09-03 15:49:04 UTC | símbolos=0
========================================================================================
----------------------------------------------------------------------------------------
RESUMEN DEL CICLO #0036
Símbolos analizados: 0
Sin señal: 0
Esperando/otros: 0
Señales rechazadas: 0
Bloqueadas por estado/límites: 0
Validadas DRY RUN: 0
Nuevas órdenes: 0
Operaciones cerradas sincronizadas: 0
Errores: 0
Duración del ciclo: 0.02s
Intervalo objetivo: 30s
Próximo ciclo en: 29.98s
----------------------------------------------------------------------------------------

========================================================================================
CICLO #0037 | 2026-09-03 15:49:34 UTC | símbolos=0
========================================================================================
----------------------------------------------------------------------------------------
RESUMEN DEL CICLO #0037
Símbolos analizados: 0
Sin señal: 0
Esperando/otros: 0
Señales rechazadas: 0
Bloqueadas por estado/límites: 0
Validadas DRY RUN: 0
Nuevas órdenes: 0
Operaciones cerradas sincronizadas: 0
Errores: 0
Duración del ciclo: 0.03s
Intervalo objetivo: 30s
Próximo ciclo en: 29.97s
----------------------------------------------------------------------------------------

========================================================================================
CICLO #0038 | 2026-09-03 15:50:04 UTC | símbolos=9
========================================================================================
[01/09] START High Frequency Vol 25 Index
[01/09] END   High Frequency Vol 25 Index | 2.04s | WAITING M5 AFTER M15
    Motivo: M5_CONFIRMATIONS_EXIST_BUT_ALL_PRECEDE_LATEST_M15_SETUP
[02/09] START Vol over Boom 400
[02/09] END   Vol over Boom 400 | 0.01s | DIRECCIÓN BLOQUEADA POR POLÍTICA DEL INSTRUMENTO
    Motivo: BOOM_BUY_ONLY_REQUIRES_BUY_H1_CONTEXT
[03/09] START Vol over Crash 550
[03/09] END   Vol over Crash 550 | 0.43s | NO M5 CONFIRMATION
    Motivo: NO_DIRECTIONAL_M5_CONFIRMATION
[04/09] START Volatility 100 (1s) Index
[04/09] END   Volatility 100 (1s) Index | 0.62s | NO M5 CONFIRMATION
    Motivo: NO_DIRECTIONAL_M5_CONFIRMATION
    Confirmaciones: 10/13 | 76.9% | calidad=78.00 | decisión=RECHAZADA
    Faltantes: desplazamiento, microestructura M5, cierre fuerte
    Críticas faltantes: DISPLACEMENT REQUIRED FOR LIVE ENTRY
    Rechazo técnico: desplazamiento no confirmado, microestructura M5 no confirmada, cierre fuerte no confirmado, calidad de la operación insuficiente, falta una confirmación estructural crítica, porcentaje de confirmaciones inferior al 80%
[05/09] START Volatility 150 (1s) Index
[05/09] END   Volatility 150 (1s) Index | 0.01s | NO M15 SETUP
    Motivo: NO_DIRECTIONAL_M15_SETUP
[06/09] START Volatility 30 (1s) Index
[06/09] END   Volatility 30 (1s) Index | 0.86s | NO M5 CONFIRMATION
    Motivo: NO_DIRECTIONAL_M5_CONFIRMATION
    Confirmaciones: 11/13 | 84.6% | calidad=100.00 | decisión=RECHAZADA
    Faltantes: rechazo del precio, desplazamiento
    Críticas faltantes: BOS REQUIRES REJECTION, DISPLACEMENT REQUIRED FOR LIVE ENTRY
    Divergencia: CONFIRMADA | DIVERGENCIA_ALCISTA_REGULAR
    Rechazo técnico: bos rejection not confirmed, desplazamiento no confirmado, rechazo del precio no confirmado, falta una confirmación estructural crítica
[07/09] START Volatility 50 (1s) Index
[07/09] END   Volatility 50 (1s) Index | 0.62s | STALE M5 SIGNAL
    Motivo: M5_CONFIRMATION_TOO_OLD_FOR_LIVE_ENTRY
[08/09] START Volatility 90 (1s) Index
[08/09] END   Volatility 90 (1s) Index | 0.01s | NO M15 SETUP
    Motivo: NO_DIRECTIONAL_M15_SETUP
[09/09] START VolSwitch Medium Vol Index
[09/09] END   VolSwitch Medium Vol Index | 0.01s | NO M15 SETUP
    Motivo: NO_DIRECTIONAL_M15_SETUP
----------------------------------------------------------------------------------------
RESUMEN DEL CICLO #0038
Símbolos analizados: 9
Sin señal: 0
Esperando/otros: 8
Señales rechazadas: 1
Bloqueadas por estado/límites: 0
Validadas DRY RUN: 0
Nuevas órdenes: 0
Operaciones cerradas sincronizadas: 0
Errores: 0
Duración del ciclo: 4.65s
Intervalo objetivo: 30s
Próximo ciclo en: 25.35s
----------------------------------------------------------------------------------------

========================================================================================
CICLO #0039 | 2026-09-03 15:50:34 UTC | símbolos=0
========================================================================================
----------------------------------------------------------------------------------------
RESUMEN DEL CICLO #0039
Símbolos analizados: 0
Sin señal: 0
Esperando/otros: 0
Señales rechazadas: 0
Bloqueadas por estado/límites: 0
Validadas DRY RUN: 0
Nuevas órdenes: 0
Operaciones cerradas sincronizadas: 0
Errores: 0
Duración del ciclo: 0.02s
Intervalo objetivo: 30s
Próximo ciclo en: 29.98s
----------------------------------------------------------------------------------------

========================================================================================
CICLO #0040 | 2026-09-03 15:51:04 UTC | símbolos=0
========================================================================================
----------------------------------------------------------------------------------------
RESUMEN DEL CICLO #0040
Símbolos analizados: 0
Sin señal: 0
Esperando/otros: 0
Señales rechazadas: 0
Bloqueadas por estado/límites: 0
Validadas DRY RUN: 0
Nuevas órdenes: 0
Operaciones cerradas sincronizadas: 0
Errores: 0
Duración del ciclo: 0.02s
Intervalo objetivo: 30s
Próximo ciclo en: 29.98s
----------------------------------------------------------------------------------------

========================================================================================
CICLO #0041 | 2026-09-03 15:51:34 UTC | símbolos=0
========================================================================================
----------------------------------------------------------------------------------------
RESUMEN DEL CICLO #0041
Símbolos analizados: 0
Sin señal: 0
Esperando/otros: 0
Señales rechazadas: 0
Bloqueadas por estado/límites: 0
Validadas DRY RUN: 0
Nuevas órdenes: 0
Operaciones cerradas sincronizadas: 0
Errores: 0
Duración del ciclo: 0.02s
Intervalo objetivo: 30s
Próximo ciclo en: 29.98s
----------------------------------------------------------------------------------------

========================================================================================
CICLO #0042 | 2026-09-03 15:52:04 UTC | símbolos=0
========================================================================================
----------------------------------------------------------------------------------------
RESUMEN DEL CICLO #0042
Símbolos analizados: 0
Sin señal: 0
Esperando/otros: 0
Señales rechazadas: 0
Bloqueadas por estado/límites: 0
Validadas DRY RUN: 0
Nuevas órdenes: 0
Operaciones cerradas sincronizadas: 0
Errores: 0
Duración del ciclo: 0.03s
Intervalo objetivo: 30s
Próximo ciclo en: 29.97s
----------------------------------------------------------------------------------------

========================================================================================
CICLO #0043 | 2026-09-03 15:52:34 UTC | símbolos=0
========================================================================================
----------------------------------------------------------------------------------------
RESUMEN DEL CICLO #0043
Símbolos analizados: 0
Sin señal: 0
Esperando/otros: 0
Señales rechazadas: 0
Bloqueadas por estado/límites: 0
Validadas DRY RUN: 0
Nuevas órdenes: 0
Operaciones cerradas sincronizadas: 0
Errores: 0
Duración del ciclo: 0.02s
Intervalo objetivo: 30s
Próximo ciclo en: 29.98s
----------------------------------------------------------------------------------------

========================================================================================
CICLO #0044 | 2026-09-03 15:53:04 UTC | símbolos=0
========================================================================================
----------------------------------------------------------------------------------------
RESUMEN DEL CICLO #0044
Símbolos analizados: 0
Sin señal: 0
Esperando/otros: 0
Señales rechazadas: 0
Bloqueadas por estado/límites: 0
Validadas DRY RUN: 0
Nuevas órdenes: 0
Operaciones cerradas sincronizadas: 0
Errores: 0
Duración del ciclo: 0.02s
Intervalo objetivo: 30s
Próximo ciclo en: 29.98s
----------------------------------------------------------------------------------------

========================================================================================
CICLO #0045 | 2026-09-03 15:53:34 UTC | símbolos=0
========================================================================================
----------------------------------------------------------------------------------------
RESUMEN DEL CICLO #0045
Símbolos analizados: 0
Sin señal: 0
Esperando/otros: 0
Señales rechazadas: 0
Bloqueadas por estado/límites: 0
Validadas DRY RUN: 0
Nuevas órdenes: 0
Operaciones cerradas sincronizadas: 0
Errores: 0
Duración del ciclo: 0.03s
Intervalo objetivo: 30s
Próximo ciclo en: 29.97s
----------------------------------------------------------------------------------------

========================================================================================
CICLO #0046 | 2026-09-03 15:54:04 UTC | símbolos=0
========================================================================================
----------------------------------------------------------------------------------------
RESUMEN DEL CICLO #0046
Símbolos analizados: 0
Sin señal: 0
Esperando/otros: 0
Señales rechazadas: 0
Bloqueadas por estado/límites: 0
Validadas DRY RUN: 0
Nuevas órdenes: 0
Operaciones cerradas sincronizadas: 0
Errores: 0
Duración del ciclo: 0.02s
Intervalo objetivo: 30s
Próximo ciclo en: 29.98s
----------------------------------------------------------------------------------------

========================================================================================
CICLO #0047 | 2026-09-03 15:54:34 UTC | símbolos=0
========================================================================================
----------------------------------------------------------------------------------------
RESUMEN DEL CICLO #0047
Símbolos analizados: 0
Sin señal: 0
Esperando/otros: 0
Señales rechazadas: 0
Bloqueadas por estado/límites: 0
Validadas DRY RUN: 0
Nuevas órdenes: 0
Operaciones cerradas sincronizadas: 0
Errores: 0
Duración del ciclo: 0.03s
Intervalo objetivo: 30s
Próximo ciclo en: 29.97s
----------------------------------------------------------------------------------------

========================================================================================
CICLO #0048 | 2026-09-03 15:55:04 UTC | símbolos=9
========================================================================================
[01/09] START High Frequency Vol 25 Index
[01/09] END   High Frequency Vol 25 Index | 2.28s | WAITING M5 AFTER M15
    Motivo: M5_CONFIRMATIONS_EXIST_BUT_ALL_PRECEDE_LATEST_M15_SETUP
[02/09] START Vol over Boom 400
[02/09] END   Vol over Boom 400 | 0.01s | DIRECCIÓN BLOQUEADA POR POLÍTICA DEL INSTRUMENTO
    Motivo: BOOM_BUY_ONLY_REQUIRES_BUY_H1_CONTEXT
[03/09] START Vol over Crash 550
[03/09] END   Vol over Crash 550 | 0.48s | NO M5 CONFIRMATION
    Motivo: NO_DIRECTIONAL_M5_CONFIRMATION
[04/09] START Volatility 100 (1s) Index
[04/09] END   Volatility 100 (1s) Index | 0.68s | NO M5 CONFIRMATION
    Motivo: NO_DIRECTIONAL_M5_CONFIRMATION
    Confirmaciones: 10/13 | 76.9% | calidad=78.00 | decisión=RECHAZADA
    Faltantes: desplazamiento, microestructura M5, cierre fuerte
    Críticas faltantes: DISPLACEMENT REQUIRED FOR LIVE ENTRY
    Rechazo técnico: desplazamiento no confirmado, microestructura M5 no confirmada, cierre fuerte no confirmado, calidad de la operación insuficiente, falta una confirmación estructural crítica, porcentaje de confirmaciones inferior al 80%
[05/09] START Volatility 150 (1s) Index
[05/09] END   Volatility 150 (1s) Index | 0.01s | NO M15 SETUP
    Motivo: NO_DIRECTIONAL_M15_SETUP
[06/09] START Volatility 30 (1s) Index
[06/09] END   Volatility 30 (1s) Index | 0.99s | NO M5 CONFIRMATION
    Motivo: NO_DIRECTIONAL_M5_CONFIRMATION
    Confirmaciones: 11/13 | 84.6% | calidad=100.00 | decisión=RECHAZADA
    Faltantes: rechazo del precio, desplazamiento
    Críticas faltantes: BOS REQUIRES REJECTION, DISPLACEMENT REQUIRED FOR LIVE ENTRY
    Divergencia: CONFIRMADA | DIVERGENCIA_ALCISTA_REGULAR
    Rechazo técnico: bos rejection not confirmed, desplazamiento no confirmado, rechazo del precio no confirmado, falta una confirmación estructural crítica
[07/09] START Volatility 50 (1s) Index
[07/09] END   Volatility 50 (1s) Index | 0.74s | STALE M5 SIGNAL
    Motivo: M5_CONFIRMATION_TOO_OLD_FOR_LIVE_ENTRY
[08/09] START Volatility 90 (1s) Index
[08/09] END   Volatility 90 (1s) Index | 0.01s | NO M15 SETUP
    Motivo: NO_DIRECTIONAL_M15_SETUP
[09/09] START VolSwitch Medium Vol Index
[09/09] END   VolSwitch Medium Vol Index | 0.01s | NO M15 SETUP
    Motivo: NO_DIRECTIONAL_M15_SETUP
