========================================================================
DERIV DEMO EXECUTION PREFLIGHT
========================================================================
[OK] MT5_ACCOUNT_INFO {'login': 41108926, 'server': 'Deriv-Demo', 'currency': 'USD', 'balance': 10000.0, 'equity': 10000.0, 'margin': 0.0, 'free_margin': 10000.0, 'profit': 0.0, 'leverage': 1000, 'trade_mode': 0, 'snapshot_time': datetime.datetime(2026, 9, 3, 13, 19, 30, 151008, tzinfo=datetime.timezone.utc), 'broker': 'MT5'}
[OK] MT5_TERMINAL_CONNECTED {'trade_allowed': True, 'tradeapi_disabled': False}
[OK] MT5_AUTOTRADING_ALLOWED {'trade_allowed': True, 'tradeapi_disabled': False}
[OK] DEMO_ACCOUNT {'trade_mode': 0, 'server': 'Deriv-Demo'}
[OK] FREE_MARGIN {'free_margin': 10000.0, 'required': 0.0}
[OK] DATABASE_READY {}
[OK] SYMBOL:High Frequency Vol 50 Index {'visible': True, 'trade_mode': 4, 'volume_min': 0.05, 'volume_step': 0.01, 'point': 0.01, 'stops_level_points': 4533}
[OK] SYMBOL:Vol over Boom 550 {'visible': True, 'trade_mode': 4, 'volume_min': 0.1, 'volume_step': 0.01, 'point': 0.01, 'stops_level_points': 320}
[OK] SYMBOL:Vol over Crash 750 {'visible': True, 'trade_mode': 4, 'volume_min': 0.1, 'volume_step': 0.01, 'point': 0.01, 'stops_level_points': 250}
[OK] SYMBOL:Volatility 100 Index {'visible': True, 'trade_mode': 4, 'volume_min': 1.0, 'volume_step': 0.01, 'point': 0.01, 'stops_level_points': 138}
[OK] SYMBOL:Volatility 25 (1s) Index {'visible': True, 'trade_mode': 4, 'volume_min': 0.005, 'volume_step': 0.001, 'point': 0.01, 'stops_level_points': 10215}
[OK] SYMBOL:Volatility 30 Index {'visible': True, 'trade_mode': 4, 'volume_min': 0.05, 'volume_step': 0.01, 'point': 0.001, 'stops_level_points': 32857}
[OK] SYMBOL:Volatility 50 Index {'visible': True, 'trade_mode': 4, 'volume_min': 4.0, 'volume_step': 0.01, 'point': 0.0001, 'stops_level_points': 1350}
[OK] SYMBOL:Volatility 90 Index {'visible': True, 'trade_mode': 4, 'volume_min': 0.05, 'volume_step': 0.01, 'point': 0.001, 'stops_level_points': 123310}
========================================================================
STATUS: READY FOR DEMO EXECUTION
DAEMONBLACKFX VERSION: v100-entry-quality-recoverable-quarantine-winrate-audit
BOT ACTIVO: VOLATILITY_4 | MAGIC=26082404 | ESTRATEGIA=SMC/ORB | instrumentos=8 | auto_export=False
========================================================================================
BOT SMC MT5 - DERIV DEMO
========================================================================================
Cuenta: 41108926 | Servidor: Deriv-Demo
Balance: 10000.00 USD
Modo: EJECUCIÓN DEMO
Riesgo por trade: 1.00% | R:R mínimo: 1.50
Intervalo: 30s | Símbolos: 8
Reporte XLSX: C:\TradingBoot\smc_synthetic_bot\storage\exports\deriv_demo_trading_report.xlsx
Pipeline: SMC -> TradeLifecycleManager -> MT5TradeExecutor -> SQLite -> XLSX
========================================================================================
Daemon activo: señales=30s | monitor posiciones/BE=2s | símbolos=8
Progreso: se mostrará cada símbolo y su tiempo de análisis.
{'action': 'POSITION_MONITOR_STARTED', 'signal_interval_seconds': 30, 'position_monitor_interval_seconds': 2, 'monitor_mode': 'BACKGROUND_DECOUPLED'}

========================================================================================
CICLO #0001 | 2026-09-03 13:19:41 UTC | símbolos=8
========================================================================================
[01/08] START High Frequency Vol 50 Index
[01/08] END   High Frequency Vol 50 Index | 11.70s | NO M5 CONFIRMATION
    Motivo: NO_DIRECTIONAL_M5_CONFIRMATION
[02/08] START Vol over Boom 550
[02/08] END   Vol over Boom 550 | 5.92s | NO M5 CONFIRMATION
    Motivo: NO_DIRECTIONAL_M5_CONFIRMATION
    Confirmaciones: 10/13 | 76.9% | calidad=93.00 | decisión=RECHAZADA
    Faltantes: rechazo del precio, desplazamiento, modo de confirmación
    Críticas faltantes: modo de confirmación, DISPLACEMENT REQUIRED FOR LIVE ENTRY
    Rechazo técnico: desplazamiento no confirmado, modo de confirmación no satisfecho, rechazo del precio no confirmado, falta una confirmación estructural crítica, porcentaje de confirmaciones inferior al 80%
[03/08] START Vol over Crash 750
[03/08] END   Vol over Crash 750 | 5.91s | NO M5 CONFIRMATION
    Motivo: NO_DIRECTIONAL_M5_CONFIRMATION
    Confirmaciones: 11/13 | 84.6% | calidad=98.00 | decisión=RECHAZADA
    Faltantes: rechazo del precio, desplazamiento
    Críticas faltantes: BOS REQUIRES REJECTION, DISPLACEMENT REQUIRED FOR LIVE ENTRY
    Rechazo técnico: bos rejection not confirmed, desplazamiento no confirmado, rechazo del precio no confirmado, falta una confirmación estructural crítica
[04/08] START Volatility 100 Index
[04/08] END   Volatility 100 Index | 0.01s | INSTRUMENTO EN CUARENTENA DE RIESGO
    Motivo: cuarentena temporal por desviación marginal de ejecución
[05/08] START Volatility 25 (1s) Index
[05/08] END   Volatility 25 (1s) Index | 4.88s | NO M5 CONFIRMATION
    Motivo: NO_DIRECTIONAL_M5_CONFIRMATION
[06/08] START Volatility 30 Index
[06/08] END   Volatility 30 Index | 4.08s | STALE M5 SIGNAL
    Motivo: M5_CONFIRMATION_TOO_OLD_FOR_LIVE_ENTRY
[07/08] START Volatility 50 Index
[07/08] END   Volatility 50 Index | 6.50s | NO M5 CONFIRMATION
    Motivo: NO_DIRECTIONAL_M5_CONFIRMATION
    Confirmaciones: 12/13 | 92.3% | calidad=93.00 | decisión=RECHAZADA
    Faltantes: desplazamiento
    Críticas faltantes: DISPLACEMENT REQUIRED FOR LIVE ENTRY
    Rechazo técnico: desplazamiento no confirmado, falta una confirmación estructural crítica
[08/08] START Volatility 90 Index
[08/08] END   Volatility 90 Index | 7.55s | WAITING M5 AFTER M15
    Motivo: M5_CONFIRMATIONS_EXIST_BUT_ALL_PRECEDE_LATEST_M15_SETUP
----------------------------------------------------------------------------------------
RESUMEN DEL CICLO #0001
Símbolos analizados: 8
Sin señal: 0
Esperando/otros: 8
Señales rechazadas: 0
Bloqueadas por estado/límites: 0
Validadas DRY RUN: 0
Nuevas órdenes: 0
Operaciones cerradas sincronizadas: 0
Errores: 0
Duración del ciclo: 49.85s
Intervalo objetivo: 30s
Próximo ciclo en: 0.00s
[AVISO] Ciclo excedio el intervalo por: 19.85s
----------------------------------------------------------------------------------------

========================================================================================
CICLO #0002 | 2026-09-03 13:20:30 UTC | símbolos=8
========================================================================================
[01/08] START High Frequency Vol 50 Index
[01/08] END   High Frequency Vol 50 Index | 2.09s | NO M5 CONFIRMATION
    Motivo: NO_DIRECTIONAL_M5_CONFIRMATION
[02/08] START Vol over Boom 550
[02/08] END   Vol over Boom 550 | 0.01s | NO M5 CONFIRMATION
    Motivo: NO_DIRECTIONAL_M5_CONFIRMATION
    Confirmaciones: 10/13 | 76.9% | calidad=93.00 | decisión=RECHAZADA
    Faltantes: rechazo del precio, desplazamiento, modo de confirmación
    Críticas faltantes: modo de confirmación, DISPLACEMENT REQUIRED FOR LIVE ENTRY
    Rechazo técnico: desplazamiento no confirmado, modo de confirmación no satisfecho, rechazo del precio no confirmado, falta una confirmación estructural crítica, porcentaje de confirmaciones inferior al 80%
[03/08] START Vol over Crash 750
[03/08] END   Vol over Crash 750 | 0.01s | NO M5 CONFIRMATION
    Motivo: NO_DIRECTIONAL_M5_CONFIRMATION
    Confirmaciones: 11/13 | 84.6% | calidad=98.00 | decisión=RECHAZADA
    Faltantes: rechazo del precio, desplazamiento
    Críticas faltantes: BOS REQUIRES REJECTION, DISPLACEMENT REQUIRED FOR LIVE ENTRY
    Rechazo técnico: bos rejection not confirmed, desplazamiento no confirmado, rechazo del precio no confirmado, falta una confirmación estructural crítica
[04/08] START Volatility 100 Index
[04/08] END   Volatility 100 Index | 0.00s | INSTRUMENTO EN CUARENTENA DE RIESGO
    Motivo: cuarentena temporal por desviación marginal de ejecución
[05/08] START Volatility 25 (1s) Index
[05/08] END   Volatility 25 (1s) Index | 0.02s | NO M5 CONFIRMATION
    Motivo: NO_DIRECTIONAL_M5_CONFIRMATION
[06/08] START Volatility 30 Index
[06/08] END   Volatility 30 Index | 0.02s | STALE M5 SIGNAL
    Motivo: M5_CONFIRMATION_TOO_OLD_FOR_LIVE_ENTRY
[07/08] START Volatility 50 Index
[07/08] END   Volatility 50 Index | 0.01s | NO M5 CONFIRMATION
    Motivo: NO_DIRECTIONAL_M5_CONFIRMATION
    Confirmaciones: 12/13 | 92.3% | calidad=93.00 | decisión=RECHAZADA
    Faltantes: desplazamiento
    Críticas faltantes: DISPLACEMENT REQUIRED FOR LIVE ENTRY
    Rechazo técnico: desplazamiento no confirmado, falta una confirmación estructural crítica
[08/08] START Volatility 90 Index
[08/08] END   Volatility 90 Index | 0.02s | WAITING M5 AFTER M15
    Motivo: M5_CONFIRMATIONS_EXIST_BUT_ALL_PRECEDE_LATEST_M15_SETUP
----------------------------------------------------------------------------------------
RESUMEN DEL CICLO #0002
Símbolos analizados: 8
Sin señal: 0
Esperando/otros: 8
Señales rechazadas: 0
Bloqueadas por estado/límites: 0
Validadas DRY RUN: 0
Nuevas órdenes: 0
Operaciones cerradas sincronizadas: 0
Errores: 0
Duración del ciclo: 2.24s
Intervalo objetivo: 30s
Próximo ciclo en: 27.76s
----------------------------------------------------------------------------------------

========================================================================================
CICLO #0003 | 2026-09-03 13:21:00 UTC | símbolos=0
========================================================================================
----------------------------------------------------------------------------------------
RESUMEN DEL CICLO #0003
Símbolos analizados: 0
Sin señal: 0
Esperando/otros: 0
Señales rechazadas: 0
Bloqueadas por estado/límites: 0
Validadas DRY RUN: 0
Nuevas órdenes: 0
Operaciones cerradas sincronizadas: 0
Errores: 0
Duración del ciclo: 0.02s
Intervalo objetivo: 30s
Próximo ciclo en: 29.98s
----------------------------------------------------------------------------------------

========================================================================================
CICLO #0004 | 2026-09-03 13:21:30 UTC | símbolos=0
========================================================================================
----------------------------------------------------------------------------------------
RESUMEN DEL CICLO #0004
Símbolos analizados: 0
Sin señal: 0
Esperando/otros: 0
Señales rechazadas: 0
Bloqueadas por estado/límites: 0
Validadas DRY RUN: 0
Nuevas órdenes: 0
Operaciones cerradas sincronizadas: 0
Errores: 0
Duración del ciclo: 0.03s
Intervalo objetivo: 30s
Próximo ciclo en: 29.97s
----------------------------------------------------------------------------------------

========================================================================================
CICLO #0005 | 2026-09-03 13:22:00 UTC | símbolos=0
========================================================================================
----------------------------------------------------------------------------------------
RESUMEN DEL CICLO #0005
Símbolos analizados: 0
Sin señal: 0
Esperando/otros: 0
Señales rechazadas: 0
Bloqueadas por estado/límites: 0
Validadas DRY RUN: 0
Nuevas órdenes: 0
Operaciones cerradas sincronizadas: 0
Errores: 0
Duración del ciclo: 0.05s
Intervalo objetivo: 30s
Próximo ciclo en: 29.95s
----------------------------------------------------------------------------------------

========================================================================================
CICLO #0006 | 2026-09-03 13:22:30 UTC | símbolos=0
========================================================================================
----------------------------------------------------------------------------------------
RESUMEN DEL CICLO #0006
Símbolos analizados: 0
Sin señal: 0
Esperando/otros: 0
Señales rechazadas: 0
Bloqueadas por estado/límites: 0
Validadas DRY RUN: 0
Nuevas órdenes: 0
Operaciones cerradas sincronizadas: 0
Errores: 0
Duración del ciclo: 0.02s
Intervalo objetivo: 30s
Próximo ciclo en: 29.98s
----------------------------------------------------------------------------------------

========================================================================================
CICLO #0007 | 2026-09-03 13:23:00 UTC | símbolos=0
========================================================================================
----------------------------------------------------------------------------------------
RESUMEN DEL CICLO #0007
Símbolos analizados: 0
Sin señal: 0
Esperando/otros: 0
Señales rechazadas: 0
Bloqueadas por estado/límites: 0
Validadas DRY RUN: 0
Nuevas órdenes: 0
Operaciones cerradas sincronizadas: 0
Errores: 0
Duración del ciclo: 0.04s
Intervalo objetivo: 30s
Próximo ciclo en: 29.96s
----------------------------------------------------------------------------------------
Bot detenido por el usuario.
========================================================================
DERIV DEMO EXECUTION PREFLIGHT
========================================================================
[OK] MT5_ACCOUNT_INFO {'login': 41108926, 'server': 'Deriv-Demo', 'currency': 'USD', 'balance': 9999.39, 'equity': 9999.39, 'margin': 0.0, 'free_margin': 9999.39, 'profit': 0.0, 'leverage': 1000, 'trade_mode': 0, 'snapshot_time': datetime.datetime(2026, 9, 3, 13, 24, 52, 891464, tzinfo=datetime.timezone.utc), 'broker': 'MT5'}
[OK] MT5_TERMINAL_CONNECTED {'trade_allowed': True, 'tradeapi_disabled': False}
[OK] MT5_AUTOTRADING_ALLOWED {'trade_allowed': True, 'tradeapi_disabled': False}
[OK] DEMO_ACCOUNT {'trade_mode': 0, 'server': 'Deriv-Demo'}
[OK] FREE_MARGIN {'free_margin': 9999.39, 'required': 0.0}
[OK] DATABASE_READY {}
[OK] SYMBOL:High Frequency Vol 50 Index {'visible': True, 'trade_mode': 4, 'volume_min': 0.05, 'volume_step': 0.01, 'point': 0.01, 'stops_level_points': 4533}
[OK] SYMBOL:Vol over Boom 550 {'visible': True, 'trade_mode': 4, 'volume_min': 0.1, 'volume_step': 0.01, 'point': 0.01, 'stops_level_points': 320}
[OK] SYMBOL:Vol over Crash 750 {'visible': True, 'trade_mode': 4, 'volume_min': 0.1, 'volume_step': 0.01, 'point': 0.01, 'stops_level_points': 250}
[OK] SYMBOL:Volatility 100 Index {'visible': True, 'trade_mode': 4, 'volume_min': 1.0, 'volume_step': 0.01, 'point': 0.01, 'stops_level_points': 138}
[OK] SYMBOL:Volatility 25 (1s) Index {'visible': True, 'trade_mode': 4, 'volume_min': 0.005, 'volume_step': 0.001, 'point': 0.01, 'stops_level_points': 10215}
[OK] SYMBOL:Volatility 30 Index {'visible': True, 'trade_mode': 4, 'volume_min': 0.05, 'volume_step': 0.01, 'point': 0.001, 'stops_level_points': 32857}
[OK] SYMBOL:Volatility 50 Index {'visible': True, 'trade_mode': 4, 'volume_min': 4.0, 'volume_step': 0.01, 'point': 0.0001, 'stops_level_points': 1350}
[OK] SYMBOL:Volatility 90 Index {'visible': True, 'trade_mode': 4, 'volume_min': 0.05, 'volume_step': 0.01, 'point': 0.001, 'stops_level_points': 123310}
========================================================================
STATUS: READY FOR DEMO EXECUTION
DAEMONBLACKFX VERSION: v100-entry-quality-recoverable-quarantine-winrate-audit
BOT ACTIVO: VOLATILITY_4 | MAGIC=26082404 | ESTRATEGIA=SMC/ORB | instrumentos=8 | auto_export=False
========================================================================================
BOT SMC MT5 - DERIV DEMO
========================================================================================
Cuenta: 41108926 | Servidor: Deriv-Demo
Balance: 9999.39 USD
Modo: EJECUCIÓN DEMO
Riesgo por trade: 1.00% | R:R mínimo: 1.50
Intervalo: 30s | Símbolos: 8
Reporte XLSX: C:\TradingBoot\smc_synthetic_bot\storage\exports\deriv_demo_trading_report.xlsx
Pipeline: SMC -> TradeLifecycleManager -> MT5TradeExecutor -> SQLite -> XLSX
========================================================================================
Daemon activo: señales=30s | monitor posiciones/BE=2s | símbolos=8
Progreso: se mostrará cada símbolo y su tiempo de análisis.
{'action': 'POSITION_MONITOR_STARTED', 'signal_interval_seconds': 30, 'position_monitor_interval_seconds': 2, 'monitor_mode': 'BACKGROUND_DECOUPLED'}

========================================================================================
CICLO #0001 | 2026-09-03 13:25:02 UTC | símbolos=8
========================================================================================
[01/08] START High Frequency Vol 50 Index
[01/08] END   High Frequency Vol 50 Index | 11.53s | NO M5 CONFIRMATION
    Motivo: NO_DIRECTIONAL_M5_CONFIRMATION
[02/08] START Vol over Boom 550
[02/08] END   Vol over Boom 550 | 6.48s | NO M5 CONFIRMATION
    Motivo: NO_DIRECTIONAL_M5_CONFIRMATION
    Confirmaciones: 10/13 | 76.9% | calidad=93.00 | decisión=RECHAZADA
    Faltantes: rechazo del precio, desplazamiento, modo de confirmación
    Críticas faltantes: modo de confirmación, DISPLACEMENT REQUIRED FOR LIVE ENTRY
    Rechazo técnico: desplazamiento no confirmado, modo de confirmación no satisfecho, rechazo del precio no confirmado, falta una confirmación estructural crítica, porcentaje de confirmaciones inferior al 80%
[03/08] START Vol over Crash 750
[03/08] END   Vol over Crash 750 | 5.50s | NO M5 CONFIRMATION
    Motivo: NO_DIRECTIONAL_M5_CONFIRMATION
    Confirmaciones: 11/13 | 84.6% | calidad=98.00 | decisión=RECHAZADA
    Faltantes: rechazo del precio, desplazamiento
    Críticas faltantes: BOS REQUIRES REJECTION, DISPLACEMENT REQUIRED FOR LIVE ENTRY
    Rechazo técnico: bos rejection not confirmed, desplazamiento no confirmado, rechazo del precio no confirmado, falta una confirmación estructural crítica
[04/08] START Volatility 100 Index
[04/08] END   Volatility 100 Index | 0.01s | INSTRUMENTO EN CUARENTENA DE RIESGO
    Motivo: cuarentena temporal por desviación marginal de ejecución
[05/08] START Volatility 25 (1s) Index
[05/08] END   Volatility 25 (1s) Index | 4.47s | NO M5 CONFIRMATION
    Motivo: NO_DIRECTIONAL_M5_CONFIRMATION
[06/08] START Volatility 30 Index
[06/08] END   Volatility 30 Index | 3.42s | STALE M5 SIGNAL
    Motivo: M5_CONFIRMATION_TOO_OLD_FOR_LIVE_ENTRY
[07/08] START Volatility 50 Index
[07/08] END   Volatility 50 Index | 6.03s | NO M5 CONFIRMATION
    Motivo: NO_DIRECTIONAL_M5_CONFIRMATION
    Confirmaciones: 12/13 | 92.3% | calidad=93.00 | decisión=RECHAZADA
    Faltantes: desplazamiento
    Críticas faltantes: DISPLACEMENT REQUIRED FOR LIVE ENTRY
    Rechazo técnico: desplazamiento no confirmado, falta una confirmación estructural crítica
[08/08] START Volatility 90 Index
[08/08] END   Volatility 90 Index | 7.38s | WAITING M5 AFTER M15
    Motivo: M5_CONFIRMATIONS_EXIST_BUT_ALL_PRECEDE_LATEST_M15_SETUP
----------------------------------------------------------------------------------------
RESUMEN DEL CICLO #0001
Símbolos analizados: 8
Sin señal: 0
Esperando/otros: 8
Señales rechazadas: 0
Bloqueadas por estado/límites: 0
Validadas DRY RUN: 0
Nuevas órdenes: 0
Operaciones cerradas sincronizadas: 0
Errores: 0
Duración del ciclo: 47.83s
Intervalo objetivo: 30s
Próximo ciclo en: 0.00s
[AVISO] Ciclo excedio el intervalo por: 17.83s
----------------------------------------------------------------------------------------

========================================================================================
CICLO #0002 | 2026-09-03 13:25:50 UTC | símbolos=0
========================================================================================
----------------------------------------------------------------------------------------
RESUMEN DEL CICLO #0002
Símbolos analizados: 0
Sin señal: 0
Esperando/otros: 0
Señales rechazadas: 0
Bloqueadas por estado/límites: 0
Validadas DRY RUN: 0
Nuevas órdenes: 0
Operaciones cerradas sincronizadas: 0
Errores: 0
Duración del ciclo: 0.04s
Intervalo objetivo: 30s
Próximo ciclo en: 29.96s
----------------------------------------------------------------------------------------

========================================================================================
CICLO #0003 | 2026-09-03 13:26:20 UTC | símbolos=0
========================================================================================
----------------------------------------------------------------------------------------
RESUMEN DEL CICLO #0003
Símbolos analizados: 0
Sin señal: 0
Esperando/otros: 0
Señales rechazadas: 0
Bloqueadas por estado/límites: 0
Validadas DRY RUN: 0
Nuevas órdenes: 0
Operaciones cerradas sincronizadas: 0
Errores: 0
Duración del ciclo: 0.03s
Intervalo objetivo: 30s
Próximo ciclo en: 29.97s
----------------------------------------------------------------------------------------

========================================================================================
CICLO #0004 | 2026-09-03 13:26:50 UTC | símbolos=0
========================================================================================
----------------------------------------------------------------------------------------
RESUMEN DEL CICLO #0004
Símbolos analizados: 0
Sin señal: 0
Esperando/otros: 0
Señales rechazadas: 0
Bloqueadas por estado/límites: 0
Validadas DRY RUN: 0
Nuevas órdenes: 0
Operaciones cerradas sincronizadas: 0
Errores: 0
Duración del ciclo: 0.04s
Intervalo objetivo: 30s
Próximo ciclo en: 29.96s
----------------------------------------------------------------------------------------

========================================================================================
CICLO #0005 | 2026-09-03 13:27:20 UTC | símbolos=0
========================================================================================
----------------------------------------------------------------------------------------
RESUMEN DEL CICLO #0005
Símbolos analizados: 0
Sin señal: 0
Esperando/otros: 0
Señales rechazadas: 0
Bloqueadas por estado/límites: 0
Validadas DRY RUN: 0
Nuevas órdenes: 0
Operaciones cerradas sincronizadas: 0
Errores: 0
Duración del ciclo: 0.03s
Intervalo objetivo: 30s
Próximo ciclo en: 29.97s
----------------------------------------------------------------------------------------

========================================================================================
CICLO #0006 | 2026-09-03 13:27:50 UTC | símbolos=0
========================================================================================
----------------------------------------------------------------------------------------
RESUMEN DEL CICLO #0006
Símbolos analizados: 0
Sin señal: 0
Esperando/otros: 0
Señales rechazadas: 0
Bloqueadas por estado/límites: 0
Validadas DRY RUN: 0
Nuevas órdenes: 0
Operaciones cerradas sincronizadas: 0
Errores: 0
Duración del ciclo: 0.03s
Intervalo objetivo: 30s
Próximo ciclo en: 29.97s
----------------------------------------------------------------------------------------

========================================================================================
CICLO #0007 | 2026-09-03 13:28:20 UTC | símbolos=0
========================================================================================
----------------------------------------------------------------------------------------
RESUMEN DEL CICLO #0007
Símbolos analizados: 0
Sin señal: 0
Esperando/otros: 0
Señales rechazadas: 0
Bloqueadas por estado/límites: 0
Validadas DRY RUN: 0
Nuevas órdenes: 0
Operaciones cerradas sincronizadas: 0
Errores: 0
Duración del ciclo: 0.03s
Intervalo objetivo: 30s
Próximo ciclo en: 29.97s
----------------------------------------------------------------------------------------

========================================================================================
CICLO #0008 | 2026-09-03 13:28:50 UTC | símbolos=0
========================================================================================
----------------------------------------------------------------------------------------
RESUMEN DEL CICLO #0008
Símbolos analizados: 0
Sin señal: 0
Esperando/otros: 0
Señales rechazadas: 0
Bloqueadas por estado/límites: 0
Validadas DRY RUN: 0
Nuevas órdenes: 0
Operaciones cerradas sincronizadas: 0
Errores: 0
Duración del ciclo: 0.02s
Intervalo objetivo: 30s
Próximo ciclo en: 29.98s
----------------------------------------------------------------------------------------

========================================================================================
CICLO #0009 | 2026-09-03 13:29:20 UTC | símbolos=0
========================================================================================
----------------------------------------------------------------------------------------
RESUMEN DEL CICLO #0009
Símbolos analizados: 0
Sin señal: 0
Esperando/otros: 0
Señales rechazadas: 0
Bloqueadas por estado/límites: 0
Validadas DRY RUN: 0
Nuevas órdenes: 0
Operaciones cerradas sincronizadas: 0
Errores: 0
Duración del ciclo: 0.03s
Intervalo objetivo: 30s
Próximo ciclo en: 29.97s
----------------------------------------------------------------------------------------

========================================================================================
CICLO #0010 | 2026-09-03 13:29:50 UTC | símbolos=0
========================================================================================
----------------------------------------------------------------------------------------
RESUMEN DEL CICLO #0010
Símbolos analizados: 0
Sin señal: 0
Esperando/otros: 0
Señales rechazadas: 0
Bloqueadas por estado/límites: 0
Validadas DRY RUN: 0
Nuevas órdenes: 0
Operaciones cerradas sincronizadas: 0
Errores: 0
Duración del ciclo: 0.03s
Intervalo objetivo: 30s
Próximo ciclo en: 29.97s
----------------------------------------------------------------------------------------

========================================================================================
CICLO #0011 | 2026-09-03 13:30:20 UTC | símbolos=8
========================================================================================
[01/08] START High Frequency Vol 50 Index
[01/08] END   High Frequency Vol 50 Index | 5.57s | NO M5 CONFIRMATION
    Motivo: NO_DIRECTIONAL_M5_CONFIRMATION
[02/08] START Vol over Boom 550
[02/08] END   Vol over Boom 550 | 3.50s | NO M5 CONFIRMATION
    Motivo: NO_DIRECTIONAL_M5_CONFIRMATION
    Confirmaciones: 10/13 | 76.9% | calidad=93.00 | decisión=RECHAZADA
    Faltantes: rechazo del precio, desplazamiento, modo de confirmación
    Críticas faltantes: modo de confirmación, DISPLACEMENT REQUIRED FOR LIVE ENTRY
    Rechazo técnico: desplazamiento no confirmado, modo de confirmación no satisfecho, rechazo del precio no confirmado, falta una confirmación estructural crítica, porcentaje de confirmaciones inferior al 80%
[03/08] START Vol over Crash 750
[03/08] END   Vol over Crash 750 | 3.44s | NO M5 CONFIRMATION
    Motivo: NO_DIRECTIONAL_M5_CONFIRMATION
    Confirmaciones: 11/13 | 84.6% | calidad=98.00 | decisión=RECHAZADA
    Faltantes: rechazo del precio, desplazamiento
    Críticas faltantes: BOS REQUIRES REJECTION, DISPLACEMENT REQUIRED FOR LIVE ENTRY
    Rechazo técnico: bos rejection not confirmed, desplazamiento no confirmado, rechazo del precio no confirmado, falta una confirmación estructural crítica
[04/08] START Volatility 100 Index
[04/08] END   Volatility 100 Index | 0.01s | INSTRUMENTO EN CUARENTENA DE RIESGO
    Motivo: cuarentena temporal por desviación marginal de ejecución
[05/08] START Volatility 25 (1s) Index
[05/08] END   Volatility 25 (1s) Index | 2.19s | NO M5 CONFIRMATION
    Motivo: NO_DIRECTIONAL_M5_CONFIRMATION
[06/08] START Volatility 30 Index
[06/08] END   Volatility 30 Index | 1.81s | STALE M5 SIGNAL
    Motivo: M5_CONFIRMATION_TOO_OLD_FOR_LIVE_ENTRY
[07/08] START Volatility 50 Index
[07/08] END   Volatility 50 Index | 3.12s | NO M5 CONFIRMATION
    Motivo: NO_DIRECTIONAL_M5_CONFIRMATION
    Confirmaciones: 12/13 | 92.3% | calidad=93.00 | decisión=RECHAZADA
    Faltantes: desplazamiento
    Críticas faltantes: DISPLACEMENT REQUIRED FOR LIVE ENTRY
    Rechazo técnico: desplazamiento no confirmado, falta una confirmación estructural crítica
[08/08] START Volatility 90 Index
[08/08] END   Volatility 90 Index | 6.38s | WAITING M5 AFTER M15
    Motivo: M5_CONFIRMATIONS_EXIST_BUT_ALL_PRECEDE_LATEST_M15_SETUP
----------------------------------------------------------------------------------------
RESUMEN DEL CICLO #0011
Símbolos analizados: 8
Sin señal: 0
Esperando/otros: 8
Señales rechazadas: 0
Bloqueadas por estado/límites: 0
Validadas DRY RUN: 0
Nuevas órdenes: 0
Operaciones cerradas sincronizadas: 0
Errores: 0
Duración del ciclo: 26.14s
Intervalo objetivo: 30s
Próximo ciclo en: 3.86s
----------------------------------------------------------------------------------------

========================================================================================
CICLO #0012 | 2026-09-03 13:30:50 UTC | símbolos=0
========================================================================================
----------------------------------------------------------------------------------------
RESUMEN DEL CICLO #0012
Símbolos analizados: 0
Sin señal: 0
Esperando/otros: 0
Señales rechazadas: 0
Bloqueadas por estado/límites: 0
Validadas DRY RUN: 0
Nuevas órdenes: 0
Operaciones cerradas sincronizadas: 0
Errores: 0
Duración del ciclo: 0.03s
Intervalo objetivo: 30s
Próximo ciclo en: 29.97s
----------------------------------------------------------------------------------------

========================================================================================
CICLO #0013 | 2026-09-03 13:31:20 UTC | símbolos=0
========================================================================================
----------------------------------------------------------------------------------------
RESUMEN DEL CICLO #0013
Símbolos analizados: 0
Sin señal: 0
Esperando/otros: 0
Señales rechazadas: 0
Bloqueadas por estado/límites: 0
Validadas DRY RUN: 0
Nuevas órdenes: 0
Operaciones cerradas sincronizadas: 0
Errores: 0
Duración del ciclo: 0.03s
Intervalo objetivo: 30s
Próximo ciclo en: 29.97s
----------------------------------------------------------------------------------------

========================================================================================
CICLO #0014 | 2026-09-03 13:31:50 UTC | símbolos=0
========================================================================================
----------------------------------------------------------------------------------------
RESUMEN DEL CICLO #0014
Símbolos analizados: 0
Sin señal: 0
Esperando/otros: 0
Señales rechazadas: 0
Bloqueadas por estado/límites: 0
Validadas DRY RUN: 0
Nuevas órdenes: 0
Operaciones cerradas sincronizadas: 0
Errores: 0
Duración del ciclo: 0.03s
Intervalo objetivo: 30s
Próximo ciclo en: 29.97s
----------------------------------------------------------------------------------------

========================================================================================
CICLO #0015 | 2026-09-03 13:32:20 UTC | símbolos=0
========================================================================================
----------------------------------------------------------------------------------------
RESUMEN DEL CICLO #0015
Símbolos analizados: 0
Sin señal: 0
Esperando/otros: 0
Señales rechazadas: 0
Bloqueadas por estado/límites: 0
Validadas DRY RUN: 0
Nuevas órdenes: 0
Operaciones cerradas sincronizadas: 0
Errores: 0
Duración del ciclo: 0.03s
Intervalo objetivo: 30s
Próximo ciclo en: 29.97s
----------------------------------------------------------------------------------------

========================================================================================
CICLO #0016 | 2026-09-03 13:32:50 UTC | símbolos=0
========================================================================================
----------------------------------------------------------------------------------------
RESUMEN DEL CICLO #0016
Símbolos analizados: 0
Sin señal: 0
Esperando/otros: 0
Señales rechazadas: 0
Bloqueadas por estado/límites: 0
Validadas DRY RUN: 0
Nuevas órdenes: 0
Operaciones cerradas sincronizadas: 0
Errores: 0
Duración del ciclo: 0.03s
Intervalo objetivo: 30s
Próximo ciclo en: 29.97s
----------------------------------------------------------------------------------------

========================================================================================
CICLO #0017 | 2026-09-03 13:33:20 UTC | símbolos=0
========================================================================================
----------------------------------------------------------------------------------------
RESUMEN DEL CICLO #0017
Símbolos analizados: 0
Sin señal: 0
Esperando/otros: 0
Señales rechazadas: 0
Bloqueadas por estado/límites: 0
Validadas DRY RUN: 0
Nuevas órdenes: 0
Operaciones cerradas sincronizadas: 0
Errores: 0
Duración del ciclo: 0.02s
Intervalo objetivo: 30s
Próximo ciclo en: 29.98s
----------------------------------------------------------------------------------------

========================================================================================
CICLO #0018 | 2026-09-03 13:33:50 UTC | símbolos=0
========================================================================================
----------------------------------------------------------------------------------------
RESUMEN DEL CICLO #0018
Símbolos analizados: 0
Sin señal: 0
Esperando/otros: 0
Señales rechazadas: 0
Bloqueadas por estado/límites: 0
Validadas DRY RUN: 0
Nuevas órdenes: 0
Operaciones cerradas sincronizadas: 0
Errores: 0
Duración del ciclo: 0.02s
Intervalo objetivo: 30s
Próximo ciclo en: 29.98s
----------------------------------------------------------------------------------------

========================================================================================
CICLO #0019 | 2026-09-03 13:34:20 UTC | símbolos=0
========================================================================================
----------------------------------------------------------------------------------------
RESUMEN DEL CICLO #0019
Símbolos analizados: 0
Sin señal: 0
Esperando/otros: 0
Señales rechazadas: 0
Bloqueadas por estado/límites: 0
Validadas DRY RUN: 0
Nuevas órdenes: 0
Operaciones cerradas sincronizadas: 0
Errores: 0
Duración del ciclo: 0.02s
Intervalo objetivo: 30s
Próximo ciclo en: 29.98s
----------------------------------------------------------------------------------------

========================================================================================
CICLO #0020 | 2026-09-03 13:34:50 UTC | símbolos=0
========================================================================================
----------------------------------------------------------------------------------------
RESUMEN DEL CICLO #0020
Símbolos analizados: 0
Sin señal: 0
Esperando/otros: 0
Señales rechazadas: 0
Bloqueadas por estado/límites: 0
Validadas DRY RUN: 0
Nuevas órdenes: 0
Operaciones cerradas sincronizadas: 0
Errores: 0
Duración del ciclo: 0.02s
Intervalo objetivo: 30s
Próximo ciclo en: 29.98s
----------------------------------------------------------------------------------------

========================================================================================
CICLO #0021 | 2026-09-03 13:35:20 UTC | símbolos=8
========================================================================================
[01/08] START High Frequency Vol 50 Index
[01/08] END   High Frequency Vol 50 Index | 1.52s | NO M5 CONFIRMATION
    Motivo: NO_DIRECTIONAL_M5_CONFIRMATION
[02/08] START Vol over Boom 550
[02/08] END   Vol over Boom 550 | 0.39s | NO M5 CONFIRMATION
    Motivo: NO_DIRECTIONAL_M5_CONFIRMATION
    Confirmaciones: 10/13 | 76.9% | calidad=93.00 | decisión=RECHAZADA
    Faltantes: rechazo del precio, desplazamiento, modo de confirmación
    Críticas faltantes: modo de confirmación, DISPLACEMENT REQUIRED FOR LIVE ENTRY
    Rechazo técnico: desplazamiento no confirmado, modo de confirmación no satisfecho, rechazo del precio no confirmado, falta una confirmación estructural crítica, porcentaje de confirmaciones inferior al 80%
[03/08] START Vol over Crash 750
[03/08] END   Vol over Crash 750 | 0.60s | NO M5 CONFIRMATION
    Motivo: NO_DIRECTIONAL_M5_CONFIRMATION
    Confirmaciones: 11/13 | 84.6% | calidad=98.00 | decisión=RECHAZADA
    Faltantes: rechazo del precio, desplazamiento
    Críticas faltantes: BOS REQUIRES REJECTION, DISPLACEMENT REQUIRED FOR LIVE ENTRY
    Rechazo técnico: bos rejection not confirmed, desplazamiento no confirmado, rechazo del precio no confirmado, falta una confirmación estructural crítica
[04/08] START Volatility 100 Index
[04/08] END   Volatility 100 Index | 0.00s | INSTRUMENTO EN CUARENTENA DE RIESGO
    Motivo: cuarentena temporal por desviación marginal de ejecución
[05/08] START Volatility 25 (1s) Index
[05/08] END   Volatility 25 (1s) Index | 0.59s | NO M5 CONFIRMATION
    Motivo: NO_DIRECTIONAL_M5_CONFIRMATION
[06/08] START Volatility 30 Index
[06/08] END   Volatility 30 Index | 0.58s | STALE M5 SIGNAL
    Motivo: M5_CONFIRMATION_TOO_OLD_FOR_LIVE_ENTRY
[07/08] START Volatility 50 Index
[07/08] END   Volatility 50 Index | 0.61s | NO M5 CONFIRMATION
    Motivo: NO_DIRECTIONAL_M5_CONFIRMATION
    Confirmaciones: 12/13 | 92.3% | calidad=93.00 | decisión=RECHAZADA
    Faltantes: desplazamiento
    Críticas faltantes: DISPLACEMENT REQUIRED FOR LIVE ENTRY
    Rechazo técnico: desplazamiento no confirmado, falta una confirmación estructural crítica
[08/08] START Volatility 90 Index
[08/08] END   Volatility 90 Index | 1.97s | WAITING M5 AFTER M15
    Motivo: M5_CONFIRMATIONS_EXIST_BUT_ALL_PRECEDE_LATEST_M15_SETUP
----------------------------------------------------------------------------------------
RESUMEN DEL CICLO #0021
Símbolos analizados: 8
Sin señal: 0
Esperando/otros: 8
Señales rechazadas: 0
Bloqueadas por estado/límites: 0
Validadas DRY RUN: 0
Nuevas órdenes: 0
Operaciones cerradas sincronizadas: 0
Errores: 0
Duración del ciclo: 6.32s
Intervalo objetivo: 30s
Próximo ciclo en: 23.68s
----------------------------------------------------------------------------------------

========================================================================================
CICLO #0022 | 2026-09-03 13:35:50 UTC | símbolos=0
========================================================================================
----------------------------------------------------------------------------------------
RESUMEN DEL CICLO #0022
Símbolos analizados: 0
Sin señal: 0
Esperando/otros: 0
Señales rechazadas: 0
Bloqueadas por estado/límites: 0
Validadas DRY RUN: 0
Nuevas órdenes: 0
Operaciones cerradas sincronizadas: 0
Errores: 0
Duración del ciclo: 0.02s
Intervalo objetivo: 30s
Próximo ciclo en: 29.98s
----------------------------------------------------------------------------------------

========================================================================================
CICLO #0023 | 2026-09-03 13:36:20 UTC | símbolos=0
========================================================================================
----------------------------------------------------------------------------------------
RESUMEN DEL CICLO #0023
Símbolos analizados: 0
Sin señal: 0
Esperando/otros: 0
Señales rechazadas: 0
Bloqueadas por estado/límites: 0
Validadas DRY RUN: 0
Nuevas órdenes: 0
Operaciones cerradas sincronizadas: 0
Errores: 0
Duración del ciclo: 0.03s
Intervalo objetivo: 30s
Próximo ciclo en: 29.97s
----------------------------------------------------------------------------------------

========================================================================================
CICLO #0024 | 2026-09-03 13:36:50 UTC | símbolos=0
========================================================================================
----------------------------------------------------------------------------------------
RESUMEN DEL CICLO #0024
Símbolos analizados: 0
Sin señal: 0
Esperando/otros: 0
Señales rechazadas: 0
Bloqueadas por estado/límites: 0
Validadas DRY RUN: 0
Nuevas órdenes: 0
Operaciones cerradas sincronizadas: 0
Errores: 0
Duración del ciclo: 0.03s
Intervalo objetivo: 30s
Próximo ciclo en: 29.97s
----------------------------------------------------------------------------------------

========================================================================================
CICLO #0025 | 2026-09-03 13:37:20 UTC | símbolos=0
========================================================================================
----------------------------------------------------------------------------------------
RESUMEN DEL CICLO #0025
Símbolos analizados: 0
Sin señal: 0
Esperando/otros: 0
Señales rechazadas: 0
Bloqueadas por estado/límites: 0
Validadas DRY RUN: 0
Nuevas órdenes: 0
Operaciones cerradas sincronizadas: 0
Errores: 0
Duración del ciclo: 0.03s
Intervalo objetivo: 30s
Próximo ciclo en: 29.97s
----------------------------------------------------------------------------------------

========================================================================================
CICLO #0026 | 2026-09-03 13:37:50 UTC | símbolos=0
========================================================================================
----------------------------------------------------------------------------------------
RESUMEN DEL CICLO #0026
Símbolos analizados: 0
Sin señal: 0
Esperando/otros: 0
Señales rechazadas: 0
Bloqueadas por estado/límites: 0
Validadas DRY RUN: 0
Nuevas órdenes: 0
Operaciones cerradas sincronizadas: 0
Errores: 0
Duración del ciclo: 0.02s
Intervalo objetivo: 30s
Próximo ciclo en: 29.98s
----------------------------------------------------------------------------------------

========================================================================================
CICLO #0027 | 2026-09-03 13:38:20 UTC | símbolos=0
========================================================================================
----------------------------------------------------------------------------------------
RESUMEN DEL CICLO #0027
Símbolos analizados: 0
Sin señal: 0
Esperando/otros: 0
Señales rechazadas: 0
Bloqueadas por estado/límites: 0
Validadas DRY RUN: 0
Nuevas órdenes: 0
Operaciones cerradas sincronizadas: 0
Errores: 0
Duración del ciclo: 0.04s
Intervalo objetivo: 30s
Próximo ciclo en: 29.96s
----------------------------------------------------------------------------------------

========================================================================================
CICLO #0028 | 2026-09-03 13:38:50 UTC | símbolos=0
========================================================================================
----------------------------------------------------------------------------------------
RESUMEN DEL CICLO #0028
Símbolos analizados: 0
Sin señal: 0
Esperando/otros: 0
Señales rechazadas: 0
Bloqueadas por estado/límites: 0
Validadas DRY RUN: 0
Nuevas órdenes: 0
Operaciones cerradas sincronizadas: 0
Errores: 0
Duración del ciclo: 0.04s
Intervalo objetivo: 30s
Próximo ciclo en: 29.96s
----------------------------------------------------------------------------------------

========================================================================================
CICLO #0029 | 2026-09-03 13:39:20 UTC | símbolos=0
========================================================================================
----------------------------------------------------------------------------------------
RESUMEN DEL CICLO #0029
Símbolos analizados: 0
Sin señal: 0
Esperando/otros: 0
Señales rechazadas: 0
Bloqueadas por estado/límites: 0
Validadas DRY RUN: 0
Nuevas órdenes: 0
Operaciones cerradas sincronizadas: 0
Errores: 0
Duración del ciclo: 0.03s
Intervalo objetivo: 30s
Próximo ciclo en: 29.97s
----------------------------------------------------------------------------------------

========================================================================================
CICLO #0030 | 2026-09-03 13:39:50 UTC | símbolos=0
========================================================================================
----------------------------------------------------------------------------------------
RESUMEN DEL CICLO #0030
Símbolos analizados: 0
Sin señal: 0
Esperando/otros: 0
Señales rechazadas: 0
Bloqueadas por estado/límites: 0
Validadas DRY RUN: 0
Nuevas órdenes: 0
Operaciones cerradas sincronizadas: 0
Errores: 0
Duración del ciclo: 0.03s
Intervalo objetivo: 30s
Próximo ciclo en: 29.97s
----------------------------------------------------------------------------------------

========================================================================================
CICLO #0031 | 2026-09-03 13:40:20 UTC | símbolos=8
========================================================================================
[01/08] START High Frequency Vol 50 Index
[01/08] END   High Frequency Vol 50 Index | 1.49s | NO M5 CONFIRMATION
    Motivo: NO_DIRECTIONAL_M5_CONFIRMATION
[02/08] START Vol over Boom 550
[02/08] END   Vol over Boom 550 | 0.42s | NO M5 CONFIRMATION
    Motivo: NO_DIRECTIONAL_M5_CONFIRMATION
    Confirmaciones: 10/13 | 76.9% | calidad=93.00 | decisión=RECHAZADA
    Faltantes: rechazo del precio, desplazamiento, modo de confirmación
    Críticas faltantes: modo de confirmación, DISPLACEMENT REQUIRED FOR LIVE ENTRY
    Rechazo técnico: desplazamiento no confirmado, modo de confirmación no satisfecho, rechazo del precio no confirmado, falta una confirmación estructural crítica, porcentaje de confirmaciones inferior al 80%
[03/08] START Vol over Crash 750
[03/08] END   Vol over Crash 750 | 0.64s | NO M5 CONFIRMATION
    Motivo: NO_DIRECTIONAL_M5_CONFIRMATION
    Confirmaciones: 11/13 | 84.6% | calidad=98.00 | decisión=RECHAZADA
    Faltantes: rechazo del precio, desplazamiento
    Críticas faltantes: BOS REQUIRES REJECTION, DISPLACEMENT REQUIRED FOR LIVE ENTRY
    Rechazo técnico: bos rejection not confirmed, desplazamiento no confirmado, rechazo del precio no confirmado, falta una confirmación estructural crítica
[04/08] START Volatility 100 Index
[04/08] END   Volatility 100 Index | 0.00s | INSTRUMENTO EN CUARENTENA DE RIESGO
    Motivo: cuarentena temporal por desviación marginal de ejecución
[05/08] START Volatility 25 (1s) Index
[05/08] END   Volatility 25 (1s) Index | 0.62s | NO M5 CONFIRMATION
    Motivo: NO_DIRECTIONAL_M5_CONFIRMATION
[06/08] START Volatility 30 Index
[06/08] END   Volatility 30 Index | 0.61s | STALE M5 SIGNAL
    Motivo: M5_CONFIRMATION_TOO_OLD_FOR_LIVE_ENTRY
[07/08] START Volatility 50 Index
[07/08] END   Volatility 50 Index | 0.58s | NO M5 CONFIRMATION
    Motivo: NO_DIRECTIONAL_M5_CONFIRMATION
    Confirmaciones: 12/13 | 92.3% | calidad=93.00 | decisión=RECHAZADA
    Faltantes: desplazamiento
    Críticas faltantes: DISPLACEMENT REQUIRED FOR LIVE ENTRY
    Rechazo técnico: desplazamiento no confirmado, falta una confirmación estructural crítica
[08/08] START Volatility 90 Index
[08/08] END   Volatility 90 Index | 1.81s | WAITING M5 AFTER M15
    Motivo: M5_CONFIRMATIONS_EXIST_BUT_ALL_PRECEDE_LATEST_M15_SETUP
----------------------------------------------------------------------------------------
RESUMEN DEL CICLO #0031
Símbolos analizados: 8
Sin señal: 0
Esperando/otros: 8
Señales rechazadas: 0
Bloqueadas por estado/límites: 0
Validadas DRY RUN: 0
Nuevas órdenes: 0
Operaciones cerradas sincronizadas: 0
Errores: 0
Duración del ciclo: 6.23s
Intervalo objetivo: 30s
Próximo ciclo en: 23.77s
----------------------------------------------------------------------------------------

========================================================================================
CICLO #0032 | 2026-09-03 13:40:50 UTC | símbolos=0
========================================================================================
----------------------------------------------------------------------------------------
RESUMEN DEL CICLO #0032
Símbolos analizados: 0
Sin señal: 0
Esperando/otros: 0
Señales rechazadas: 0
Bloqueadas por estado/límites: 0
Validadas DRY RUN: 0
Nuevas órdenes: 0
Operaciones cerradas sincronizadas: 0
Errores: 0
Duración del ciclo: 0.02s
Intervalo objetivo: 30s
Próximo ciclo en: 29.98s
----------------------------------------------------------------------------------------

========================================================================================
CICLO #0033 | 2026-09-03 13:41:20 UTC | símbolos=0
========================================================================================
----------------------------------------------------------------------------------------
RESUMEN DEL CICLO #0033
Símbolos analizados: 0
Sin señal: 0
Esperando/otros: 0
Señales rechazadas: 0
Bloqueadas por estado/límites: 0
Validadas DRY RUN: 0
Nuevas órdenes: 0
Operaciones cerradas sincronizadas: 0
Errores: 0
Duración del ciclo: 0.02s
Intervalo objetivo: 30s
Próximo ciclo en: 29.98s
----------------------------------------------------------------------------------------

========================================================================================
CICLO #0034 | 2026-09-03 13:41:50 UTC | símbolos=0
========================================================================================
----------------------------------------------------------------------------------------
RESUMEN DEL CICLO #0034
Símbolos analizados: 0
Sin señal: 0
Esperando/otros: 0
Señales rechazadas: 0
Bloqueadas por estado/límites: 0
Validadas DRY RUN: 0
Nuevas órdenes: 0
Operaciones cerradas sincronizadas: 0
Errores: 0
Duración del ciclo: 0.03s
Intervalo objetivo: 30s
Próximo ciclo en: 29.97s
----------------------------------------------------------------------------------------

========================================================================================
CICLO #0035 | 2026-09-03 13:42:20 UTC | símbolos=0
========================================================================================
----------------------------------------------------------------------------------------
RESUMEN DEL CICLO #0035
Símbolos analizados: 0
Sin señal: 0
Esperando/otros: 0
Señales rechazadas: 0
Bloqueadas por estado/límites: 0
Validadas DRY RUN: 0
Nuevas órdenes: 0
Operaciones cerradas sincronizadas: 0
Errores: 0
Duración del ciclo: 0.03s
Intervalo objetivo: 30s
Próximo ciclo en: 29.97s
----------------------------------------------------------------------------------------

========================================================================================
CICLO #0036 | 2026-09-03 13:42:50 UTC | símbolos=0
========================================================================================
----------------------------------------------------------------------------------------
RESUMEN DEL CICLO #0036
Símbolos analizados: 0
Sin señal: 0
Esperando/otros: 0
Señales rechazadas: 0
Bloqueadas por estado/límites: 0
Validadas DRY RUN: 0
Nuevas órdenes: 0
Operaciones cerradas sincronizadas: 0
Errores: 0
Duración del ciclo: 0.02s
Intervalo objetivo: 30s
Próximo ciclo en: 29.98s
----------------------------------------------------------------------------------------

========================================================================================
CICLO #0037 | 2026-09-03 13:43:20 UTC | símbolos=0
========================================================================================
----------------------------------------------------------------------------------------
RESUMEN DEL CICLO #0037
Símbolos analizados: 0
Sin señal: 0
Esperando/otros: 0
Señales rechazadas: 0
Bloqueadas por estado/límites: 0
Validadas DRY RUN: 0
Nuevas órdenes: 0
Operaciones cerradas sincronizadas: 0
Errores: 0
Duración del ciclo: 0.02s
Intervalo objetivo: 30s
Próximo ciclo en: 29.98s
----------------------------------------------------------------------------------------

========================================================================================
CICLO #0038 | 2026-09-03 13:43:50 UTC | símbolos=0
========================================================================================
----------------------------------------------------------------------------------------
RESUMEN DEL CICLO #0038
Símbolos analizados: 0
Sin señal: 0
Esperando/otros: 0
Señales rechazadas: 0
Bloqueadas por estado/límites: 0
Validadas DRY RUN: 0
Nuevas órdenes: 0
Operaciones cerradas sincronizadas: 0
Errores: 0
Duración del ciclo: 0.02s
Intervalo objetivo: 30s
Próximo ciclo en: 29.98s
----------------------------------------------------------------------------------------

========================================================================================
CICLO #0039 | 2026-09-03 13:44:20 UTC | símbolos=0
========================================================================================
----------------------------------------------------------------------------------------
RESUMEN DEL CICLO #0039
Símbolos analizados: 0
Sin señal: 0
Esperando/otros: 0
Señales rechazadas: 0
Bloqueadas por estado/límites: 0
Validadas DRY RUN: 0
Nuevas órdenes: 0
Operaciones cerradas sincronizadas: 0
Errores: 0
Duración del ciclo: 0.02s
Intervalo objetivo: 30s
Próximo ciclo en: 29.98s
----------------------------------------------------------------------------------------

========================================================================================
CICLO #0040 | 2026-09-03 13:44:50 UTC | símbolos=0
========================================================================================
----------------------------------------------------------------------------------------
RESUMEN DEL CICLO #0040
Símbolos analizados: 0
Sin señal: 0
Esperando/otros: 0
Señales rechazadas: 0
Bloqueadas por estado/límites: 0
Validadas DRY RUN: 0
Nuevas órdenes: 0
Operaciones cerradas sincronizadas: 0
Errores: 0
Duración del ciclo: 0.02s
Intervalo objetivo: 30s
Próximo ciclo en: 29.98s
----------------------------------------------------------------------------------------

========================================================================================
CICLO #0041 | 2026-09-03 13:45:20 UTC | símbolos=8
========================================================================================
[01/08] START High Frequency Vol 50 Index
[01/08] END   High Frequency Vol 50 Index | 5.01s | NO M5 CONFIRMATION
    Motivo: NO_DIRECTIONAL_M5_CONFIRMATION
[02/08] START Vol over Boom 550
[02/08] END   Vol over Boom 550 | 2.57s | NO M5 CONFIRMATION
    Motivo: NO_DIRECTIONAL_M5_CONFIRMATION
    Confirmaciones: 10/13 | 76.9% | calidad=93.00 | decisión=RECHAZADA
    Faltantes: rechazo del precio, desplazamiento, modo de confirmación
    Críticas faltantes: modo de confirmación, DISPLACEMENT REQUIRED FOR LIVE ENTRY
    Rechazo técnico: desplazamiento no confirmado, modo de confirmación no satisfecho, rechazo del precio no confirmado, falta una confirmación estructural crítica, porcentaje de confirmaciones inferior al 80%
[03/08] START Vol over Crash 750
[03/08] END   Vol over Crash 750 | 2.99s | NO M5 CONFIRMATION
    Motivo: NO_DIRECTIONAL_M5_CONFIRMATION
    Confirmaciones: 11/13 | 84.6% | calidad=98.00 | decisión=RECHAZADA
    Faltantes: rechazo del precio, desplazamiento
    Críticas faltantes: BOS REQUIRES REJECTION, DISPLACEMENT REQUIRED FOR LIVE ENTRY
    Rechazo técnico: bos rejection not confirmed, desplazamiento no confirmado, rechazo del precio no confirmado, falta una confirmación estructural crítica
[04/08] START Volatility 100 Index
[04/08] END   Volatility 100 Index | 24.16s | INSTRUMENTO EN CUARENTENA DE RIESGO
    Motivo: cuarentena temporal por desviación marginal de ejecución
[05/08] START Volatility 25 (1s) Index
[05/08] END   Volatility 25 (1s) Index | 1.93s | NO M5 CONFIRMATION
    Motivo: NO_DIRECTIONAL_M5_CONFIRMATION
[06/08] START Volatility 30 Index
[06/08] END   Volatility 30 Index | 1.56s | STALE M5 SIGNAL
    Motivo: M5_CONFIRMATION_TOO_OLD_FOR_LIVE_ENTRY
[07/08] START Volatility 50 Index
[07/08] END   Volatility 50 Index | 2.58s | NO M5 CONFIRMATION
    Motivo: NO_DIRECTIONAL_M5_CONFIRMATION
    Confirmaciones: 12/13 | 92.3% | calidad=93.00 | decisión=RECHAZADA
    Faltantes: desplazamiento
    Críticas faltantes: DISPLACEMENT REQUIRED FOR LIVE ENTRY
    Rechazo técnico: desplazamiento no confirmado, falta una confirmación estructural crítica
[08/08] START Volatility 90 Index
[08/08] END   Volatility 90 Index | 5.19s | WAITING M5 AFTER M15
    Motivo: M5_CONFIRMATIONS_EXIST_BUT_ALL_PRECEDE_LATEST_M15_SETUP
----------------------------------------------------------------------------------------
RESUMEN DEL CICLO #0041
Símbolos analizados: 8
Sin señal: 0
Esperando/otros: 8
Señales rechazadas: 0
Bloqueadas por estado/límites: 0
Validadas DRY RUN: 0
Nuevas órdenes: 0
Operaciones cerradas sincronizadas: 0
Errores: 0
Duración del ciclo: 46.08s
Intervalo objetivo: 30s
Próximo ciclo en: 0.00s
[AVISO] Ciclo excedio el intervalo por: 16.08s
----------------------------------------------------------------------------------------

========================================================================================
CICLO #0042 | 2026-09-03 13:46:06 UTC | símbolos=0
========================================================================================
----------------------------------------------------------------------------------------
RESUMEN DEL CICLO #0042
Símbolos analizados: 0
Sin señal: 0
Esperando/otros: 0
Señales rechazadas: 0
Bloqueadas por estado/límites: 0
Validadas DRY RUN: 0
Nuevas órdenes: 0
Operaciones cerradas sincronizadas: 0
Errores: 0
Duración del ciclo: 0.02s
Intervalo objetivo: 30s
Próximo ciclo en: 29.98s
----------------------------------------------------------------------------------------

========================================================================================
CICLO #0043 | 2026-09-03 13:46:36 UTC | símbolos=0
========================================================================================
----------------------------------------------------------------------------------------
RESUMEN DEL CICLO #0043
Símbolos analizados: 0
Sin señal: 0
Esperando/otros: 0
Señales rechazadas: 0
Bloqueadas por estado/límites: 0
Validadas DRY RUN: 0
Nuevas órdenes: 0
Operaciones cerradas sincronizadas: 0
Errores: 0
Duración del ciclo: 0.02s
Intervalo objetivo: 30s
Próximo ciclo en: 29.98s
----------------------------------------------------------------------------------------

========================================================================================
CICLO #0044 | 2026-09-03 13:47:06 UTC | símbolos=0
========================================================================================
----------------------------------------------------------------------------------------
RESUMEN DEL CICLO #0044
Símbolos analizados: 0
Sin señal: 0
Esperando/otros: 0
Señales rechazadas: 0
Bloqueadas por estado/límites: 0
Validadas DRY RUN: 0
Nuevas órdenes: 0
Operaciones cerradas sincronizadas: 0
Errores: 0
Duración del ciclo: 0.02s
Intervalo objetivo: 30s
Próximo ciclo en: 29.98s
----------------------------------------------------------------------------------------

========================================================================================
CICLO #0045 | 2026-09-03 13:47:36 UTC | símbolos=0
========================================================================================
----------------------------------------------------------------------------------------
RESUMEN DEL CICLO #0045
Símbolos analizados: 0
Sin señal: 0
Esperando/otros: 0
Señales rechazadas: 0
Bloqueadas por estado/límites: 0
Validadas DRY RUN: 0
Nuevas órdenes: 0
Operaciones cerradas sincronizadas: 0
Errores: 0
Duración del ciclo: 0.03s
Intervalo objetivo: 30s
Próximo ciclo en: 29.97s
----------------------------------------------------------------------------------------

========================================================================================
CICLO #0046 | 2026-09-03 13:48:06 UTC | símbolos=0
========================================================================================
----------------------------------------------------------------------------------------
RESUMEN DEL CICLO #0046
Símbolos analizados: 0
Sin señal: 0
Esperando/otros: 0
Señales rechazadas: 0
Bloqueadas por estado/límites: 0
Validadas DRY RUN: 0
Nuevas órdenes: 0
Operaciones cerradas sincronizadas: 0
Errores: 0
Duración del ciclo: 0.02s
Intervalo objetivo: 30s
Próximo ciclo en: 29.98s
----------------------------------------------------------------------------------------

========================================================================================
CICLO #0047 | 2026-09-03 13:48:36 UTC | símbolos=0
========================================================================================
----------------------------------------------------------------------------------------
RESUMEN DEL CICLO #0047
Símbolos analizados: 0
Sin señal: 0
Esperando/otros: 0
Señales rechazadas: 0
Bloqueadas por estado/límites: 0
Validadas DRY RUN: 0
Nuevas órdenes: 0
Operaciones cerradas sincronizadas: 0
Errores: 0
Duración del ciclo: 0.02s
Intervalo objetivo: 30s
Próximo ciclo en: 29.98s
----------------------------------------------------------------------------------------

========================================================================================
CICLO #0048 | 2026-09-03 13:49:06 UTC | símbolos=0
========================================================================================
----------------------------------------------------------------------------------------
RESUMEN DEL CICLO #0048
Símbolos analizados: 0
Sin señal: 0
Esperando/otros: 0
Señales rechazadas: 0
Bloqueadas por estado/límites: 0
Validadas DRY RUN: 0
Nuevas órdenes: 0
Operaciones cerradas sincronizadas: 0
Errores: 0
Duración del ciclo: 0.02s
Intervalo objetivo: 30s
Próximo ciclo en: 29.98s
----------------------------------------------------------------------------------------

========================================================================================
CICLO #0049 | 2026-09-03 13:49:36 UTC | símbolos=0
========================================================================================
----------------------------------------------------------------------------------------
RESUMEN DEL CICLO #0049
Símbolos analizados: 0
Sin señal: 0
Esperando/otros: 0
Señales rechazadas: 0
Bloqueadas por estado/límites: 0
Validadas DRY RUN: 0
Nuevas órdenes: 0
Operaciones cerradas sincronizadas: 0
Errores: 0
Duración del ciclo: 0.02s
Intervalo objetivo: 30s
Próximo ciclo en: 29.98s
----------------------------------------------------------------------------------------

========================================================================================
CICLO #0050 | 2026-09-03 13:50:06 UTC | símbolos=8
========================================================================================
[01/08] START High Frequency Vol 50 Index
[01/08] END   High Frequency Vol 50 Index | 2.04s | NO M5 CONFIRMATION
    Motivo: NO_DIRECTIONAL_M5_CONFIRMATION
[02/08] START Vol over Boom 550
[02/08] END   Vol over Boom 550 | 0.56s | NO M5 CONFIRMATION
    Motivo: NO_DIRECTIONAL_M5_CONFIRMATION
    Confirmaciones: 10/13 | 76.9% | calidad=93.00 | decisión=RECHAZADA
    Faltantes: rechazo del precio, desplazamiento, modo de confirmación
    Críticas faltantes: modo de confirmación, DISPLACEMENT REQUIRED FOR LIVE ENTRY
    Rechazo técnico: desplazamiento no confirmado, modo de confirmación no satisfecho, rechazo del precio no confirmado, falta una confirmación estructural crítica, porcentaje de confirmaciones inferior al 80%
[03/08] START Vol over Crash 750
[03/08] END   Vol over Crash 750 | 0.82s | NO M5 CONFIRMATION
    Motivo: NO_DIRECTIONAL_M5_CONFIRMATION
    Confirmaciones: 11/13 | 84.6% | calidad=98.00 | decisión=RECHAZADA
    Faltantes: rechazo del precio, desplazamiento
    Críticas faltantes: BOS REQUIRES REJECTION, DISPLACEMENT REQUIRED FOR LIVE ENTRY
    Rechazo técnico: bos rejection not confirmed, desplazamiento no confirmado, rechazo del precio no confirmado, falta una confirmación estructural crítica
[04/08] START Volatility 100 Index
[04/08] END   Volatility 100 Index | 0.01s | INSTRUMENTO EN CUARENTENA DE RIESGO
    Motivo: cuarentena temporal por desviación marginal de ejecución
[05/08] START Volatility 25 (1s) Index
[05/08] END   Volatility 25 (1s) Index | 0.94s | NO M5 CONFIRMATION
    Motivo: NO_DIRECTIONAL_M5_CONFIRMATION
[06/08] START Volatility 30 Index
[06/08] END   Volatility 30 Index | 1.16s | STALE M5 SIGNAL
    Motivo: M5_CONFIRMATION_TOO_OLD_FOR_LIVE_ENTRY
[07/08] START Volatility 50 Index
[07/08] END   Volatility 50 Index | 0.80s | NO M5 CONFIRMATION
    Motivo: NO_DIRECTIONAL_M5_CONFIRMATION
    Confirmaciones: 12/13 | 92.3% | calidad=93.00 | decisión=RECHAZADA
    Faltantes: desplazamiento
    Críticas faltantes: DISPLACEMENT REQUIRED FOR LIVE ENTRY
    Rechazo técnico: desplazamiento no confirmado, falta una confirmación estructural crítica
[08/08] START Volatility 90 Index
[08/08] END   Volatility 90 Index | 2.17s | WAITING M5 AFTER M15
    Motivo: M5_CONFIRMATIONS_EXIST_BUT_ALL_PRECEDE_LATEST_M15_SETUP
----------------------------------------------------------------------------------------
RESUMEN DEL CICLO #0050
Símbolos analizados: 8
Sin señal: 0
Esperando/otros: 8
Señales rechazadas: 0
Bloqueadas por estado/límites: 0
Validadas DRY RUN: 0
Nuevas órdenes: 0
Operaciones cerradas sincronizadas: 0
Errores: 0
Duración del ciclo: 8.55s
Intervalo objetivo: 30s
Próximo ciclo en: 21.45s
----------------------------------------------------------------------------------------

========================================================================================
CICLO #0051 | 2026-09-03 13:50:36 UTC | símbolos=0
========================================================================================
----------------------------------------------------------------------------------------
RESUMEN DEL CICLO #0051
Símbolos analizados: 0
Sin señal: 0
Esperando/otros: 0
Señales rechazadas: 0
Bloqueadas por estado/límites: 0
Validadas DRY RUN: 0
Nuevas órdenes: 0
Operaciones cerradas sincronizadas: 0
Errores: 0
Duración del ciclo: 0.03s
Intervalo objetivo: 30s
Próximo ciclo en: 29.97s
----------------------------------------------------------------------------------------

========================================================================================
CICLO #0052 | 2026-09-03 13:51:06 UTC | símbolos=0
========================================================================================
----------------------------------------------------------------------------------------
RESUMEN DEL CICLO #0052
Símbolos analizados: 0
Sin señal: 0
Esperando/otros: 0
Señales rechazadas: 0
Bloqueadas por estado/límites: 0
Validadas DRY RUN: 0
Nuevas órdenes: 0
Operaciones cerradas sincronizadas: 0
Errores: 0
Duración del ciclo: 0.02s
Intervalo objetivo: 30s
Próximo ciclo en: 29.98s
----------------------------------------------------------------------------------------

========================================================================================
CICLO #0053 | 2026-09-03 13:51:36 UTC | símbolos=0
========================================================================================
----------------------------------------------------------------------------------------
RESUMEN DEL CICLO #0053
Símbolos analizados: 0
Sin señal: 0
Esperando/otros: 0
Señales rechazadas: 0
Bloqueadas por estado/límites: 0
Validadas DRY RUN: 0
Nuevas órdenes: 0
Operaciones cerradas sincronizadas: 0
Errores: 0
Duración del ciclo: 0.02s
Intervalo objetivo: 30s
Próximo ciclo en: 29.98s
----------------------------------------------------------------------------------------

========================================================================================
CICLO #0054 | 2026-09-03 13:52:06 UTC | símbolos=0
========================================================================================
----------------------------------------------------------------------------------------
RESUMEN DEL CICLO #0054
Símbolos analizados: 0
Sin señal: 0
Esperando/otros: 0
Señales rechazadas: 0
Bloqueadas por estado/límites: 0
Validadas DRY RUN: 0
Nuevas órdenes: 0
Operaciones cerradas sincronizadas: 0
Errores: 0
Duración del ciclo: 0.03s
Intervalo objetivo: 30s
Próximo ciclo en: 29.97s
----------------------------------------------------------------------------------------

========================================================================================
CICLO #0055 | 2026-09-03 13:52:36 UTC | símbolos=0
========================================================================================
----------------------------------------------------------------------------------------
RESUMEN DEL CICLO #0055
Símbolos analizados: 0
Sin señal: 0
Esperando/otros: 0
Señales rechazadas: 0
Bloqueadas por estado/límites: 0
Validadas DRY RUN: 0
Nuevas órdenes: 0
Operaciones cerradas sincronizadas: 0
Errores: 0
Duración del ciclo: 0.03s
Intervalo objetivo: 30s
Próximo ciclo en: 29.97s
----------------------------------------------------------------------------------------

========================================================================================
CICLO #0056 | 2026-09-03 13:53:06 UTC | símbolos=0
========================================================================================
----------------------------------------------------------------------------------------
RESUMEN DEL CICLO #0056
Símbolos analizados: 0
Sin señal: 0
Esperando/otros: 0
Señales rechazadas: 0
Bloqueadas por estado/límites: 0
Validadas DRY RUN: 0
Nuevas órdenes: 0
Operaciones cerradas sincronizadas: 0
Errores: 0
Duración del ciclo: 0.02s
Intervalo objetivo: 30s
Próximo ciclo en: 29.98s
----------------------------------------------------------------------------------------

========================================================================================
CICLO #0057 | 2026-09-03 13:53:36 UTC | símbolos=0
========================================================================================
----------------------------------------------------------------------------------------
RESUMEN DEL CICLO #0057
Símbolos analizados: 0
Sin señal: 0
Esperando/otros: 0
Señales rechazadas: 0
Bloqueadas por estado/límites: 0
Validadas DRY RUN: 0
Nuevas órdenes: 0
Operaciones cerradas sincronizadas: 0
Errores: 0
Duración del ciclo: 0.03s
Intervalo objetivo: 30s
Próximo ciclo en: 29.97s
----------------------------------------------------------------------------------------

========================================================================================
CICLO #0058 | 2026-09-03 13:54:06 UTC | símbolos=0
========================================================================================
----------------------------------------------------------------------------------------
RESUMEN DEL CICLO #0058
Símbolos analizados: 0
Sin señal: 0
Esperando/otros: 0
Señales rechazadas: 0
Bloqueadas por estado/límites: 0
Validadas DRY RUN: 0
Nuevas órdenes: 0
Operaciones cerradas sincronizadas: 0
Errores: 0
Duración del ciclo: 0.02s
Intervalo objetivo: 30s
Próximo ciclo en: 29.98s
----------------------------------------------------------------------------------------

========================================================================================
CICLO #0059 | 2026-09-03 13:54:36 UTC | símbolos=0
========================================================================================
----------------------------------------------------------------------------------------
RESUMEN DEL CICLO #0059
Símbolos analizados: 0
Sin señal: 0
Esperando/otros: 0
Señales rechazadas: 0
Bloqueadas por estado/límites: 0
Validadas DRY RUN: 0
Nuevas órdenes: 0
Operaciones cerradas sincronizadas: 0
Errores: 0
Duración del ciclo: 0.02s
Intervalo objetivo: 30s
Próximo ciclo en: 29.98s
----------------------------------------------------------------------------------------

========================================================================================
CICLO #0060 | 2026-09-03 13:55:06 UTC | símbolos=8
========================================================================================
[01/08] START High Frequency Vol 50 Index
[01/08] END   High Frequency Vol 50 Index | 1.68s | NO M5 CONFIRMATION
    Motivo: NO_DIRECTIONAL_M5_CONFIRMATION
[02/08] START Vol over Boom 550
[02/08] END   Vol over Boom 550 | 0.45s | NO M5 CONFIRMATION
    Motivo: NO_DIRECTIONAL_M5_CONFIRMATION
    Confirmaciones: 10/13 | 76.9% | calidad=93.00 | decisión=RECHAZADA
    Faltantes: rechazo del precio, desplazamiento, modo de confirmación
    Críticas faltantes: modo de confirmación, DISPLACEMENT REQUIRED FOR LIVE ENTRY
    Rechazo técnico: desplazamiento no confirmado, modo de confirmación no satisfecho, rechazo del precio no confirmado, falta una confirmación estructural crítica, porcentaje de confirmaciones inferior al 80%
[03/08] START Vol over Crash 750
[03/08] END   Vol over Crash 750 | 0.65s | NO M5 CONFIRMATION
    Motivo: NO_DIRECTIONAL_M5_CONFIRMATION
    Confirmaciones: 11/13 | 84.6% | calidad=98.00 | decisión=RECHAZADA
    Faltantes: rechazo del precio, desplazamiento
    Críticas faltantes: BOS REQUIRES REJECTION, DISPLACEMENT REQUIRED FOR LIVE ENTRY
    Rechazo técnico: bos rejection not confirmed, desplazamiento no confirmado, rechazo del precio no confirmado, falta una confirmación estructural crítica
[04/08] START Volatility 100 Index
[04/08] END   Volatility 100 Index | 0.00s | INSTRUMENTO EN CUARENTENA DE RIESGO
    Motivo: cuarentena temporal por desviación marginal de ejecución
[05/08] START Volatility 25 (1s) Index
[05/08] END   Volatility 25 (1s) Index | 0.68s | NO M5 CONFIRMATION
    Motivo: NO_DIRECTIONAL_M5_CONFIRMATION
[06/08] START Volatility 30 Index
[06/08] END   Volatility 30 Index | 0.70s | STALE M5 SIGNAL
    Motivo: M5_CONFIRMATION_TOO_OLD_FOR_LIVE_ENTRY
[07/08] START Volatility 50 Index
[07/08] END   Volatility 50 Index | 0.66s | NO M5 CONFIRMATION
    Motivo: NO_DIRECTIONAL_M5_CONFIRMATION
    Confirmaciones: 12/13 | 92.3% | calidad=93.00 | decisión=RECHAZADA
    Faltantes: desplazamiento
    Críticas faltantes: DISPLACEMENT REQUIRED FOR LIVE ENTRY
    Rechazo técnico: desplazamiento no confirmado, falta una confirmación estructural crítica
[08/08] START Volatility 90 Index
[08/08] END   Volatility 90 Index | 2.05s | WAITING M5 AFTER M15
    Motivo: M5_CONFIRMATIONS_EXIST_BUT_ALL_PRECEDE_LATEST_M15_SETUP
----------------------------------------------------------------------------------------
RESUMEN DEL CICLO #0060
Símbolos analizados: 8
Sin señal: 0
Esperando/otros: 8
Señales rechazadas: 0
Bloqueadas por estado/límites: 0
Validadas DRY RUN: 0
Nuevas órdenes: 0
Operaciones cerradas sincronizadas: 0
Errores: 0
Duración del ciclo: 6.94s
Intervalo objetivo: 30s
Próximo ciclo en: 23.06s
----------------------------------------------------------------------------------------

========================================================================================
CICLO #0061 | 2026-09-03 13:55:36 UTC | símbolos=0
========================================================================================
----------------------------------------------------------------------------------------
RESUMEN DEL CICLO #0061
Símbolos analizados: 0
Sin señal: 0
Esperando/otros: 0
Señales rechazadas: 0
Bloqueadas por estado/límites: 0
Validadas DRY RUN: 0
Nuevas órdenes: 0
Operaciones cerradas sincronizadas: 0
Errores: 0
Duración del ciclo: 0.02s
Intervalo objetivo: 30s
Próximo ciclo en: 29.98s
----------------------------------------------------------------------------------------

========================================================================================
CICLO #0062 | 2026-09-03 13:56:06 UTC | símbolos=0
========================================================================================
----------------------------------------------------------------------------------------
RESUMEN DEL CICLO #0062
Símbolos analizados: 0
Sin señal: 0
Esperando/otros: 0
Señales rechazadas: 0
Bloqueadas por estado/límites: 0
Validadas DRY RUN: 0
Nuevas órdenes: 0
Operaciones cerradas sincronizadas: 0
Errores: 0
Duración del ciclo: 0.03s
Intervalo objetivo: 30s
Próximo ciclo en: 29.97s
----------------------------------------------------------------------------------------

========================================================================================
CICLO #0063 | 2026-09-03 13:56:36 UTC | símbolos=0
========================================================================================
----------------------------------------------------------------------------------------
RESUMEN DEL CICLO #0063
Símbolos analizados: 0
Sin señal: 0
Esperando/otros: 0
Señales rechazadas: 0
Bloqueadas por estado/límites: 0
Validadas DRY RUN: 0
Nuevas órdenes: 0
Operaciones cerradas sincronizadas: 0
Errores: 0
Duración del ciclo: 0.02s
Intervalo objetivo: 30s
Próximo ciclo en: 29.98s
----------------------------------------------------------------------------------------

========================================================================================
CICLO #0064 | 2026-09-03 13:57:06 UTC | símbolos=0
========================================================================================
----------------------------------------------------------------------------------------
RESUMEN DEL CICLO #0064
Símbolos analizados: 0
Sin señal: 0
Esperando/otros: 0
Señales rechazadas: 0
Bloqueadas por estado/límites: 0
Validadas DRY RUN: 0
Nuevas órdenes: 0
Operaciones cerradas sincronizadas: 0
Errores: 0
Duración del ciclo: 0.03s
Intervalo objetivo: 30s
Próximo ciclo en: 29.97s
----------------------------------------------------------------------------------------

========================================================================================
CICLO #0065 | 2026-09-03 13:57:36 UTC | símbolos=0
========================================================================================
----------------------------------------------------------------------------------------
RESUMEN DEL CICLO #0065
Símbolos analizados: 0
Sin señal: 0
Esperando/otros: 0
Señales rechazadas: 0
Bloqueadas por estado/límites: 0
Validadas DRY RUN: 0
Nuevas órdenes: 0
Operaciones cerradas sincronizadas: 0
Errores: 0
Duración del ciclo: 0.02s
Intervalo objetivo: 30s
Próximo ciclo en: 29.98s
----------------------------------------------------------------------------------------

========================================================================================
CICLO #0066 | 2026-09-03 13:58:06 UTC | símbolos=0
========================================================================================
----------------------------------------------------------------------------------------
RESUMEN DEL CICLO #0066
Símbolos analizados: 0
Sin señal: 0
Esperando/otros: 0
Señales rechazadas: 0
Bloqueadas por estado/límites: 0
Validadas DRY RUN: 0
Nuevas órdenes: 0
Operaciones cerradas sincronizadas: 0
Errores: 0
Duración del ciclo: 0.02s
Intervalo objetivo: 30s
Próximo ciclo en: 29.98s
----------------------------------------------------------------------------------------

========================================================================================
CICLO #0067 | 2026-09-03 13:58:36 UTC | símbolos=0
========================================================================================
----------------------------------------------------------------------------------------
RESUMEN DEL CICLO #0067
Símbolos analizados: 0
Sin señal: 0
Esperando/otros: 0
Señales rechazadas: 0
Bloqueadas por estado/límites: 0
Validadas DRY RUN: 0
Nuevas órdenes: 0
Operaciones cerradas sincronizadas: 0
Errores: 0
Duración del ciclo: 0.02s
Intervalo objetivo: 30s
Próximo ciclo en: 29.98s
----------------------------------------------------------------------------------------

========================================================================================
CICLO #0068 | 2026-09-03 13:59:06 UTC | símbolos=0
========================================================================================
----------------------------------------------------------------------------------------
RESUMEN DEL CICLO #0068
Símbolos analizados: 0
Sin señal: 0
Esperando/otros: 0
Señales rechazadas: 0
Bloqueadas por estado/límites: 0
Validadas DRY RUN: 0
Nuevas órdenes: 0
Operaciones cerradas sincronizadas: 0
Errores: 0
Duración del ciclo: 0.02s
Intervalo objetivo: 30s
Próximo ciclo en: 29.98s
----------------------------------------------------------------------------------------

========================================================================================
CICLO #0069 | 2026-09-03 13:59:36 UTC | símbolos=0
========================================================================================
----------------------------------------------------------------------------------------
RESUMEN DEL CICLO #0069
Símbolos analizados: 0
Sin señal: 0
Esperando/otros: 0
Señales rechazadas: 0
Bloqueadas por estado/límites: 0
Validadas DRY RUN: 0
Nuevas órdenes: 0
Operaciones cerradas sincronizadas: 0
Errores: 0
Duración del ciclo: 0.02s
Intervalo objetivo: 30s
Próximo ciclo en: 29.98s
----------------------------------------------------------------------------------------

========================================================================================
CICLO #0070 | 2026-09-03 14:00:06 UTC | símbolos=8
========================================================================================
[01/08] START High Frequency Vol 50 Index
[01/08] END   High Frequency Vol 50 Index | 8.56s | STALE M5 SIGNAL
    Motivo: M5_CONFIRMATION_TOO_OLD_FOR_LIVE_ENTRY
[02/08] START Vol over Boom 550
[02/08] END   Vol over Boom 550 | 5.51s | NO M5 CONFIRMATION
    Motivo: NO_DIRECTIONAL_M5_CONFIRMATION
    Confirmaciones: 10/13 | 76.9% | calidad=93.00 | decisión=RECHAZADA
    Faltantes: rechazo del precio, desplazamiento, modo de confirmación
    Críticas faltantes: modo de confirmación, DISPLACEMENT REQUIRED FOR LIVE ENTRY
    Rechazo técnico: desplazamiento no confirmado, modo de confirmación no satisfecho, rechazo del precio no confirmado, falta una confirmación estructural crítica, porcentaje de confirmaciones inferior al 80%
[03/08] START Vol over Crash 750
[03/08] END   Vol over Crash 750 | 4.94s | NO M5 CONFIRMATION
    Motivo: NO_DIRECTIONAL_M5_CONFIRMATION
    Confirmaciones: 11/13 | 84.6% | calidad=98.00 | decisión=RECHAZADA
    Faltantes: rechazo del precio, desplazamiento
    Críticas faltantes: BOS REQUIRES REJECTION, DISPLACEMENT REQUIRED FOR LIVE ENTRY
    Rechazo técnico: bos rejection not confirmed, desplazamiento no confirmado, rechazo del precio no confirmado, falta una confirmación estructural crítica
[04/08] START Volatility 100 Index
[04/08] END   Volatility 100 Index | 0.02s | INSTRUMENTO EN CUARENTENA DE RIESGO
    Motivo: cuarentena temporal por desviación marginal de ejecución
[05/08] START Volatility 25 (1s) Index
[05/08] END   Volatility 25 (1s) Index | 3.71s | NO M5 CONFIRMATION
    Motivo: NO_DIRECTIONAL_M5_CONFIRMATION
[06/08] START Volatility 30 Index
[06/08] END   Volatility 30 Index | 3.19s | STALE M5 SIGNAL
    Motivo: M5_CONFIRMATION_TOO_OLD_FOR_LIVE_ENTRY
[07/08] START Volatility 50 Index
[07/08] END   Volatility 50 Index | 5.06s | NO M5 CONFIRMATION
    Motivo: NO_DIRECTIONAL_M5_CONFIRMATION
    Confirmaciones: 9/13 | 69.2% | calidad=88.00 | decisión=RECHAZADA
    Faltantes: desplazamiento, microestructura M5, cierre fuerte, modo de confirmación
    Críticas faltantes: modo de confirmación, DISPLACEMENT REQUIRED FOR LIVE ENTRY, MATERIAL CHART PATTERN CONFLICT
    Rechazo técnico: desplazamiento no confirmado, chart pattern conflict blocked, modo de confirmación no satisfecho, microestructura M5 no confirmada, cierre fuerte no confirmado, falta una confirmación estructural crítica, porcentaje de confirmaciones inferior al 80%
[08/08] START Volatility 90 Index
[08/08] END   Volatility 90 Index | 6.89s | WAITING M5 AFTER M15
    Motivo: M5_CONFIRMATIONS_EXIST_BUT_ALL_PRECEDE_LATEST_M15_SETUP
----------------------------------------------------------------------------------------
RESUMEN DEL CICLO #0070
Símbolos analizados: 8
Sin señal: 0
Esperando/otros: 8
Señales rechazadas: 0
Bloqueadas por estado/límites: 0
Validadas DRY RUN: 0
Nuevas órdenes: 0
Operaciones cerradas sincronizadas: 0
Errores: 0
Duración del ciclo: 37.96s
Intervalo objetivo: 30s
Próximo ciclo en: 0.00s
[AVISO] Ciclo excedio el intervalo por: 7.96s
----------------------------------------------------------------------------------------

========================================================================================
CICLO #0071 | 2026-09-03 14:00:44 UTC | símbolos=0
========================================================================================
----------------------------------------------------------------------------------------
RESUMEN DEL CICLO #0071
Símbolos analizados: 0
Sin señal: 0
Esperando/otros: 0
Señales rechazadas: 0
Bloqueadas por estado/límites: 0
Validadas DRY RUN: 0
Nuevas órdenes: 0
Operaciones cerradas sincronizadas: 0
Errores: 0
Duración del ciclo: 0.03s
Intervalo objetivo: 30s
Próximo ciclo en: 29.97s
----------------------------------------------------------------------------------------

========================================================================================
CICLO #0072 | 2026-09-03 14:01:14 UTC | símbolos=0
========================================================================================
----------------------------------------------------------------------------------------
RESUMEN DEL CICLO #0072
Símbolos analizados: 0
Sin señal: 0
Esperando/otros: 0
Señales rechazadas: 0
Bloqueadas por estado/límites: 0
Validadas DRY RUN: 0
Nuevas órdenes: 0
Operaciones cerradas sincronizadas: 0
Errores: 0
Duración del ciclo: 0.02s
Intervalo objetivo: 30s
Próximo ciclo en: 29.98s
----------------------------------------------------------------------------------------

========================================================================================
CICLO #0073 | 2026-09-03 14:01:44 UTC | símbolos=0
========================================================================================
----------------------------------------------------------------------------------------
RESUMEN DEL CICLO #0073
Símbolos analizados: 0
Sin señal: 0
Esperando/otros: 0
Señales rechazadas: 0
Bloqueadas por estado/límites: 0
Validadas DRY RUN: 0
Nuevas órdenes: 0
Operaciones cerradas sincronizadas: 0
Errores: 0
Duración del ciclo: 0.04s
Intervalo objetivo: 30s
Próximo ciclo en: 29.96s
----------------------------------------------------------------------------------------

========================================================================================
CICLO #0074 | 2026-09-03 14:02:14 UTC | símbolos=0
========================================================================================
----------------------------------------------------------------------------------------
RESUMEN DEL CICLO #0074
Símbolos analizados: 0
Sin señal: 0
Esperando/otros: 0
Señales rechazadas: 0
Bloqueadas por estado/límites: 0
Validadas DRY RUN: 0
Nuevas órdenes: 0
Operaciones cerradas sincronizadas: 0
Errores: 0
Duración del ciclo: 0.02s
Intervalo objetivo: 30s
Próximo ciclo en: 29.98s
----------------------------------------------------------------------------------------

========================================================================================
CICLO #0075 | 2026-09-03 14:02:44 UTC | símbolos=0
========================================================================================
----------------------------------------------------------------------------------------
RESUMEN DEL CICLO #0075
Símbolos analizados: 0
Sin señal: 0
Esperando/otros: 0
Señales rechazadas: 0
Bloqueadas por estado/límites: 0
Validadas DRY RUN: 0
Nuevas órdenes: 0
Operaciones cerradas sincronizadas: 0
Errores: 0
Duración del ciclo: 0.02s
Intervalo objetivo: 30s
Próximo ciclo en: 29.98s
----------------------------------------------------------------------------------------

========================================================================================
CICLO #0076 | 2026-09-03 14:03:14 UTC | símbolos=0
========================================================================================
----------------------------------------------------------------------------------------
RESUMEN DEL CICLO #0076
Símbolos analizados: 0
Sin señal: 0
Esperando/otros: 0
Señales rechazadas: 0
Bloqueadas por estado/límites: 0
Validadas DRY RUN: 0
Nuevas órdenes: 0
Operaciones cerradas sincronizadas: 0
Errores: 0
Duración del ciclo: 0.03s
Intervalo objetivo: 30s
Próximo ciclo en: 29.97s
----------------------------------------------------------------------------------------

========================================================================================
CICLO #0077 | 2026-09-03 14:03:44 UTC | símbolos=0
========================================================================================
----------------------------------------------------------------------------------------
RESUMEN DEL CICLO #0077
Símbolos analizados: 0
Sin señal: 0
Esperando/otros: 0
Señales rechazadas: 0
Bloqueadas por estado/límites: 0
Validadas DRY RUN: 0
Nuevas órdenes: 0
Operaciones cerradas sincronizadas: 0
Errores: 0
Duración del ciclo: 0.02s
Intervalo objetivo: 30s
Próximo ciclo en: 29.98s
----------------------------------------------------------------------------------------

========================================================================================
CICLO #0078 | 2026-09-03 14:04:14 UTC | símbolos=0
========================================================================================
----------------------------------------------------------------------------------------
RESUMEN DEL CICLO #0078
Símbolos analizados: 0
Sin señal: 0
Esperando/otros: 0
Señales rechazadas: 0
Bloqueadas por estado/límites: 0
Validadas DRY RUN: 0
Nuevas órdenes: 0
Operaciones cerradas sincronizadas: 0
Errores: 0
Duración del ciclo: 0.02s
Intervalo objetivo: 30s
Próximo ciclo en: 29.98s
----------------------------------------------------------------------------------------

========================================================================================
CICLO #0079 | 2026-09-03 14:04:44 UTC | símbolos=0
========================================================================================
----------------------------------------------------------------------------------------
RESUMEN DEL CICLO #0079
Símbolos analizados: 0
Sin señal: 0
Esperando/otros: 0
Señales rechazadas: 0
Bloqueadas por estado/límites: 0
Validadas DRY RUN: 0
Nuevas órdenes: 0
Operaciones cerradas sincronizadas: 0
Errores: 0
Duración del ciclo: 0.02s
Intervalo objetivo: 30s
Próximo ciclo en: 29.98s
----------------------------------------------------------------------------------------

========================================================================================
CICLO #0080 | 2026-09-03 14:05:14 UTC | símbolos=8
========================================================================================
[01/08] START High Frequency Vol 50 Index
[01/08] END   High Frequency Vol 50 Index | 1.55s | STALE M5 SIGNAL
    Motivo: M5_CONFIRMATION_TOO_OLD_FOR_LIVE_ENTRY
[02/08] START Vol over Boom 550
[02/08] END   Vol over Boom 550 | 0.44s | NO M5 CONFIRMATION
    Motivo: NO_DIRECTIONAL_M5_CONFIRMATION
    Confirmaciones: 10/13 | 76.9% | calidad=93.00 | decisión=RECHAZADA
    Faltantes: rechazo del precio, desplazamiento, modo de confirmación
    Críticas faltantes: modo de confirmación, DISPLACEMENT REQUIRED FOR LIVE ENTRY
    Rechazo técnico: desplazamiento no confirmado, modo de confirmación no satisfecho, rechazo del precio no confirmado, falta una confirmación estructural crítica, porcentaje de confirmaciones inferior al 80%
[03/08] START Vol over Crash 750
[03/08] END   Vol over Crash 750 | 0.55s | NO M5 CONFIRMATION
    Motivo: NO_DIRECTIONAL_M5_CONFIRMATION
    Confirmaciones: 11/13 | 84.6% | calidad=98.00 | decisión=RECHAZADA
    Faltantes: rechazo del precio, desplazamiento
    Críticas faltantes: BOS REQUIRES REJECTION, DISPLACEMENT REQUIRED FOR LIVE ENTRY
    Rechazo técnico: bos rejection not confirmed, desplazamiento no confirmado, rechazo del precio no confirmado, falta una confirmación estructural crítica
[04/08] START Volatility 100 Index
[04/08] END   Volatility 100 Index | 0.00s | INSTRUMENTO EN CUARENTENA DE RIESGO
    Motivo: cuarentena temporal por desviación marginal de ejecución
[05/08] START Volatility 25 (1s) Index
[05/08] END   Volatility 25 (1s) Index | 0.42s | NO M5 CONFIRMATION
    Motivo: NO_DIRECTIONAL_M5_CONFIRMATION
[06/08] START Volatility 30 Index
[06/08] END   Volatility 30 Index | 0.58s | STALE M5 SIGNAL
    Motivo: M5_CONFIRMATION_TOO_OLD_FOR_LIVE_ENTRY
[07/08] START Volatility 50 Index
[07/08] END   Volatility 50 Index | 0.59s | NO M5 CONFIRMATION
    Motivo: NO_DIRECTIONAL_M5_CONFIRMATION
    Confirmaciones: 9/13 | 69.2% | calidad=88.00 | decisión=RECHAZADA
    Faltantes: desplazamiento, microestructura M5, cierre fuerte, modo de confirmación
    Críticas faltantes: modo de confirmación, DISPLACEMENT REQUIRED FOR LIVE ENTRY, MATERIAL CHART PATTERN CONFLICT
    Rechazo técnico: desplazamiento no confirmado, chart pattern conflict blocked, modo de confirmación no satisfecho, microestructura M5 no confirmada, cierre fuerte no confirmado, falta una confirmación estructural crítica, porcentaje de confirmaciones inferior al 80%
[08/08] START Volatility 90 Index
[08/08] END   Volatility 90 Index | 1.72s | WAITING M5 AFTER M15
    Motivo: M5_CONFIRMATIONS_EXIST_BUT_ALL_PRECEDE_LATEST_M15_SETUP
----------------------------------------------------------------------------------------
RESUMEN DEL CICLO #0080
Símbolos analizados: 8
Sin señal: 0
Esperando/otros: 8
Señales rechazadas: 0
Bloqueadas por estado/límites: 0
Validadas DRY RUN: 0
Nuevas órdenes: 0
Operaciones cerradas sincronizadas: 0
Errores: 0
Duración del ciclo: 5.90s
Intervalo objetivo: 30s
Próximo ciclo en: 24.10s
----------------------------------------------------------------------------------------

========================================================================================
CICLO #0081 | 2026-09-03 14:05:44 UTC | símbolos=0
========================================================================================
----------------------------------------------------------------------------------------
RESUMEN DEL CICLO #0081
Símbolos analizados: 0
Sin señal: 0
Esperando/otros: 0
Señales rechazadas: 0
Bloqueadas por estado/límites: 0
Validadas DRY RUN: 0
Nuevas órdenes: 0
Operaciones cerradas sincronizadas: 0
Errores: 0
Duración del ciclo: 0.02s
Intervalo objetivo: 30s
Próximo ciclo en: 29.98s
----------------------------------------------------------------------------------------

========================================================================================
CICLO #0082 | 2026-09-03 14:06:14 UTC | símbolos=0
========================================================================================
----------------------------------------------------------------------------------------
RESUMEN DEL CICLO #0082
Símbolos analizados: 0
Sin señal: 0
Esperando/otros: 0
Señales rechazadas: 0
Bloqueadas por estado/límites: 0
Validadas DRY RUN: 0
Nuevas órdenes: 0
Operaciones cerradas sincronizadas: 0
Errores: 0
Duración del ciclo: 0.02s
Intervalo objetivo: 30s
Próximo ciclo en: 29.98s
----------------------------------------------------------------------------------------

========================================================================================
CICLO #0083 | 2026-09-03 14:06:44 UTC | símbolos=0
========================================================================================
----------------------------------------------------------------------------------------
RESUMEN DEL CICLO #0083
Símbolos analizados: 0
Sin señal: 0
Esperando/otros: 0
Señales rechazadas: 0
Bloqueadas por estado/límites: 0
Validadas DRY RUN: 0
Nuevas órdenes: 0
Operaciones cerradas sincronizadas: 0
Errores: 0
Duración del ciclo: 0.02s
Intervalo objetivo: 30s
Próximo ciclo en: 29.98s
----------------------------------------------------------------------------------------

========================================================================================
CICLO #0084 | 2026-09-03 14:07:14 UTC | símbolos=0
========================================================================================
----------------------------------------------------------------------------------------
RESUMEN DEL CICLO #0084
Símbolos analizados: 0
Sin señal: 0
Esperando/otros: 0
Señales rechazadas: 0
Bloqueadas por estado/límites: 0
Validadas DRY RUN: 0
Nuevas órdenes: 0
Operaciones cerradas sincronizadas: 0
Errores: 0
Duración del ciclo: 0.02s
Intervalo objetivo: 30s
Próximo ciclo en: 29.98s
----------------------------------------------------------------------------------------

========================================================================================
CICLO #0085 | 2026-09-03 14:07:44 UTC | símbolos=0
========================================================================================
----------------------------------------------------------------------------------------
RESUMEN DEL CICLO #0085
Símbolos analizados: 0
Sin señal: 0
Esperando/otros: 0
Señales rechazadas: 0
Bloqueadas por estado/límites: 0
Validadas DRY RUN: 0
Nuevas órdenes: 0
Operaciones cerradas sincronizadas: 0
Errores: 0
Duración del ciclo: 0.02s
Intervalo objetivo: 30s
Próximo ciclo en: 29.98s
----------------------------------------------------------------------------------------

========================================================================================
CICLO #0086 | 2026-09-03 14:08:14 UTC | símbolos=0
========================================================================================
----------------------------------------------------------------------------------------
RESUMEN DEL CICLO #0086
Símbolos analizados: 0
Sin señal: 0
Esperando/otros: 0
Señales rechazadas: 0
Bloqueadas por estado/límites: 0
Validadas DRY RUN: 0
Nuevas órdenes: 0
Operaciones cerradas sincronizadas: 0
Errores: 0
Duración del ciclo: 0.03s
Intervalo objetivo: 30s
Próximo ciclo en: 29.97s
----------------------------------------------------------------------------------------

========================================================================================
CICLO #0087 | 2026-09-03 14:08:44 UTC | símbolos=0
========================================================================================
----------------------------------------------------------------------------------------
RESUMEN DEL CICLO #0087
Símbolos analizados: 0
Sin señal: 0
Esperando/otros: 0
Señales rechazadas: 0
Bloqueadas por estado/límites: 0
Validadas DRY RUN: 0
Nuevas órdenes: 0
Operaciones cerradas sincronizadas: 0
Errores: 0
Duración del ciclo: 0.02s
Intervalo objetivo: 30s
Próximo ciclo en: 29.98s
----------------------------------------------------------------------------------------

========================================================================================
CICLO #0088 | 2026-09-03 14:09:14 UTC | símbolos=0
========================================================================================
----------------------------------------------------------------------------------------
RESUMEN DEL CICLO #0088
Símbolos analizados: 0
Sin señal: 0
Esperando/otros: 0
Señales rechazadas: 0
Bloqueadas por estado/límites: 0
Validadas DRY RUN: 0
Nuevas órdenes: 0
Operaciones cerradas sincronizadas: 0
Errores: 0
Duración del ciclo: 0.02s
Intervalo objetivo: 30s
Próximo ciclo en: 29.98s
----------------------------------------------------------------------------------------

========================================================================================
CICLO #0089 | 2026-09-03 14:09:44 UTC | símbolos=0
========================================================================================
----------------------------------------------------------------------------------------
RESUMEN DEL CICLO #0089
Símbolos analizados: 0
Sin señal: 0
Esperando/otros: 0
Señales rechazadas: 0
Bloqueadas por estado/límites: 0
Validadas DRY RUN: 0
Nuevas órdenes: 0
Operaciones cerradas sincronizadas: 0
Errores: 0
Duración del ciclo: 0.03s
Intervalo objetivo: 30s
Próximo ciclo en: 29.97s
----------------------------------------------------------------------------------------

========================================================================================
CICLO #0090 | 2026-09-03 14:10:14 UTC | símbolos=8
========================================================================================
[01/08] START High Frequency Vol 50 Index
[01/08] END   High Frequency Vol 50 Index | 1.80s | STALE M5 SIGNAL
    Motivo: M5_CONFIRMATION_TOO_OLD_FOR_LIVE_ENTRY
[02/08] START Vol over Boom 550
[02/08] END   Vol over Boom 550 | 0.56s | NO M5 CONFIRMATION
    Motivo: NO_DIRECTIONAL_M5_CONFIRMATION
    Confirmaciones: 10/13 | 76.9% | calidad=93.00 | decisión=RECHAZADA
    Faltantes: rechazo del precio, desplazamiento, modo de confirmación
    Críticas faltantes: modo de confirmación, DISPLACEMENT REQUIRED FOR LIVE ENTRY
    Rechazo técnico: desplazamiento no confirmado, modo de confirmación no satisfecho, rechazo del precio no confirmado, falta una confirmación estructural crítica, porcentaje de confirmaciones inferior al 80%
[03/08] START Vol over Crash 750
[03/08] END   Vol over Crash 750 | 0.72s | NO M5 CONFIRMATION
    Motivo: NO_DIRECTIONAL_M5_CONFIRMATION
    Confirmaciones: 11/13 | 84.6% | calidad=98.00 | decisión=RECHAZADA
    Faltantes: rechazo del precio, desplazamiento
    Críticas faltantes: BOS REQUIRES REJECTION, DISPLACEMENT REQUIRED FOR LIVE ENTRY
    Rechazo técnico: bos rejection not confirmed, desplazamiento no confirmado, rechazo del precio no confirmado, falta una confirmación estructural crítica
[04/08] START Volatility 100 Index
[04/08] END   Volatility 100 Index | 0.00s | INSTRUMENTO EN CUARENTENA DE RIESGO
    Motivo: cuarentena temporal por desviación marginal de ejecución
[05/08] START Volatility 25 (1s) Index
[05/08] END   Volatility 25 (1s) Index | 0.43s | NO M5 CONFIRMATION
    Motivo: NO_DIRECTIONAL_M5_CONFIRMATION
[06/08] START Volatility 30 Index
[06/08] END   Volatility 30 Index | 0.62s | STALE M5 SIGNAL
    Motivo: M5_CONFIRMATION_TOO_OLD_FOR_LIVE_ENTRY
[07/08] START Volatility 50 Index
[07/08] END   Volatility 50 Index | 1.72s | NO M5 CONFIRMATION
    Motivo: NO_DIRECTIONAL_M5_CONFIRMATION
    Confirmaciones: 9/13 | 69.2% | calidad=88.00 | decisión=RECHAZADA
    Faltantes: desplazamiento, microestructura M5, cierre fuerte, modo de confirmación
    Críticas faltantes: modo de confirmación, DISPLACEMENT REQUIRED FOR LIVE ENTRY, MATERIAL CHART PATTERN CONFLICT
    Rechazo técnico: desplazamiento no confirmado, chart pattern conflict blocked, modo de confirmación no satisfecho, microestructura M5 no confirmada, cierre fuerte no confirmado, falta una confirmación estructural crítica, porcentaje de confirmaciones inferior al 80%
[08/08] START Volatility 90 Index
[08/08] END   Volatility 90 Index | 1.99s | WAITING M5 AFTER M15
    Motivo: M5_CONFIRMATIONS_EXIST_BUT_ALL_PRECEDE_LATEST_M15_SETUP
----------------------------------------------------------------------------------------
RESUMEN DEL CICLO #0090
Símbolos analizados: 8
Sin señal: 0
Esperando/otros: 8
Señales rechazadas: 0
Bloqueadas por estado/límites: 0
Validadas DRY RUN: 0
Nuevas órdenes: 0
Operaciones cerradas sincronizadas: 0
Errores: 0
Duración del ciclo: 7.91s
Intervalo objetivo: 30s
Próximo ciclo en: 22.09s
----------------------------------------------------------------------------------------

========================================================================================
CICLO #0091 | 2026-09-03 14:10:44 UTC | símbolos=0
========================================================================================
----------------------------------------------------------------------------------------
RESUMEN DEL CICLO #0091
Símbolos analizados: 0
Sin señal: 0
Esperando/otros: 0
Señales rechazadas: 0
Bloqueadas por estado/límites: 0
Validadas DRY RUN: 0
Nuevas órdenes: 0
Operaciones cerradas sincronizadas: 0
Errores: 0
Duración del ciclo: 0.02s
Intervalo objetivo: 30s
Próximo ciclo en: 29.98s
----------------------------------------------------------------------------------------
Bot detenido por el usuario.
