========================================================================
DERIV DEMO EXECUTION PREFLIGHT
========================================================================
[OK] MT5_ACCOUNT_INFO {'login': 41108926, 'server': 'Deriv-Demo', 'currency': 'USD', 'balance': 10000.0, 'equity': 10000.0, 'margin': 0.0, 'free_margin': 10000.0, 'profit': 0.0, 'leverage': 1000, 'trade_mode': 0, 'snapshot_time': datetime.datetime(2026, 9, 3, 13, 19, 30, 88491, tzinfo=datetime.timezone.utc), 'broker': 'MT5'}
[OK] MT5_TERMINAL_CONNECTED {'trade_allowed': True, 'tradeapi_disabled': False}
[OK] MT5_AUTOTRADING_ALLOWED {'trade_allowed': True, 'tradeapi_disabled': False}
[OK] DEMO_ACCOUNT {'trade_mode': 0, 'server': 'Deriv-Demo'}
[OK] FREE_MARGIN {'free_margin': 10000.0, 'required': 0.0}
[OK] DATABASE_READY {}
[OK] SYMBOL:High Frequency Vol 10 Index {'visible': True, 'trade_mode': 4, 'volume_min': 0.1, 'volume_step': 0.01, 'point': 0.01, 'stops_level_points': 869}
[OK] SYMBOL:High Frequency Vol 75 Index {'visible': True, 'trade_mode': 4, 'volume_min': 0.05, 'volume_step': 0.01, 'point': 0.01, 'stops_level_points': 6799}
[OK] SYMBOL:Vol over Boom 750 {'visible': True, 'trade_mode': 4, 'volume_min': 0.1, 'volume_step': 0.01, 'point': 0.01, 'stops_level_points': 250}
[OK] SYMBOL:Volatility 10 (1s) Index {'visible': True, 'trade_mode': 4, 'volume_min': 0.5, 'volume_step': 0.01, 'point': 0.01, 'stops_level_points': 106}
[OK] SYMBOL:Volatility 15 (1s) Index {'visible': True, 'trade_mode': 4, 'volume_min': 0.2, 'volume_step': 0.01, 'point': 0.001, 'stops_level_points': 1908}
[OK] SYMBOL:Volatility 25 Index {'visible': True, 'trade_mode': 4, 'volume_min': 0.5, 'volume_step': 0.01, 'point': 0.001, 'stops_level_points': 423}
[OK] SYMBOL:Volatility 5 (1s) Index {'visible': True, 'trade_mode': 4, 'volume_min': 0.05, 'volume_step': 0.01, 'point': 0.01, 'stops_level_points': 420}
[OK] SYMBOL:Volatility 75 (1s) Index {'visible': True, 'trade_mode': 4, 'volume_min': 0.05, 'volume_step': 0.001, 'point': 0.01, 'stops_level_points': 432}
[OK] SYMBOL:VolSwitch High Vol Index {'visible': True, 'trade_mode': 4, 'volume_min': 0.1, 'volume_step': 0.1, 'point': 0.01, 'stops_level_points': 1000}
========================================================================
STATUS: READY FOR DEMO EXECUTION
DAEMONBLACKFX VERSION: v100-entry-quality-recoverable-quarantine-winrate-audit
BOT ACTIVO: VOLATILITY_1 | MAGIC=26082401 | ESTRATEGIA=SMC/ORB | instrumentos=9 | auto_export=False
========================================================================================
BOT SMC MT5 - DERIV DEMO
========================================================================================
Cuenta: 41108926 | Servidor: Deriv-Demo
Balance: 10000.00 USD
Modo: EJECUCIÓN DEMO
Riesgo por trade: 1.00% | R:R mínimo: 1.50
Intervalo: 30s | Símbolos: 9
Reporte XLSX: C:\TradingBoot\smc_synthetic_bot\storage\exports\deriv_demo_trading_report.xlsx
Pipeline: SMC -> TradeLifecycleManager -> MT5TradeExecutor -> SQLite -> XLSX
========================================================================================
Daemon activo: señales=30s | monitor posiciones/BE=2s | símbolos=9
Progreso: se mostrará cada símbolo y su tiempo de análisis.
{'action': 'POSITION_MONITOR_STARTED', 'signal_interval_seconds': 30, 'position_monitor_interval_seconds': 2, 'monitor_mode': 'BACKGROUND_DECOUPLED'}

========================================================================================
CICLO #0001 | 2026-09-03 13:19:37 UTC | símbolos=9
========================================================================================
[01/09] START High Frequency Vol 10 Index
[01/09] END   High Frequency Vol 10 Index | 6.37s | NO M5 CONFIRMATION
    Motivo: NO_DIRECTIONAL_M5_CONFIRMATION
[02/09] START High Frequency Vol 75 Index
[02/09] END   High Frequency Vol 75 Index | 4.21s | NO M5 CONFIRMATION
    Motivo: NO_DIRECTIONAL_M5_CONFIRMATION
[03/09] START Vol over Boom 750
[03/09] END   Vol over Boom 750 | 1.26s | DIRECCIÓN BLOQUEADA POR POLÍTICA DEL INSTRUMENTO
    Motivo: BOOM_BUY_ONLY_REQUIRES_BUY_H1_CONTEXT
[04/09] START Volatility 10 (1s) Index
[04/09] END   Volatility 10 (1s) Index | 9.97s | NO M5 CONFIRMATION
    Motivo: NO_DIRECTIONAL_M5_CONFIRMATION
[05/09] START Volatility 15 (1s) Index
[05/09] END   Volatility 15 (1s) Index | 5.66s | STALE M5 SIGNAL
    Motivo: M5_CONFIRMATION_TOO_OLD_FOR_LIVE_ENTRY
[06/09] START Volatility 25 Index
[06/09] END   Volatility 25 Index | 0.01s | INSTRUMENTO EN CUARENTENA DE RIESGO
    Motivo: cuarentena temporal por desviación marginal de ejecución
[07/09] START Volatility 5 (1s) Index
[07/09] END   Volatility 5 (1s) Index | 10.52s | NO M5 CONFIRMATION
    Motivo: NO_DIRECTIONAL_M5_CONFIRMATION
    Confirmaciones: 11/13 | 84.6% | calidad=93.00 | decisión=RECHAZADA
    Faltantes: rechazo del precio, desplazamiento
    Críticas faltantes: BOS REQUIRES REJECTION, DISPLACEMENT REQUIRED FOR LIVE ENTRY
    Rechazo técnico: bos rejection not confirmed, desplazamiento no confirmado, rechazo del precio no confirmado, falta una confirmación estructural crítica
[08/09] START Volatility 75 (1s) Index
[08/09] END   Volatility 75 (1s) Index | 6.22s | WAITING M5 AFTER M15
    Motivo: M5_CONFIRMATIONS_EXIST_BUT_ALL_PRECEDE_LATEST_M15_SETUP
[09/09] START VolSwitch High Vol Index
[09/09] END   VolSwitch High Vol Index | 5.03s | WAITING M5 AFTER M15
    Motivo: M5_CONFIRMATIONS_EXIST_BUT_ALL_PRECEDE_LATEST_M15_SETUP
----------------------------------------------------------------------------------------
RESUMEN DEL CICLO #0001
Símbolos analizados: 9
Sin señal: 0
Esperando/otros: 8
Señales rechazadas: 1
Bloqueadas por estado/límites: 0
Validadas DRY RUN: 0
Nuevas órdenes: 0
Operaciones cerradas sincronizadas: 0
Errores: 0
Duración del ciclo: 53.83s
Intervalo objetivo: 30s
Próximo ciclo en: 0.00s
[AVISO] Ciclo excedio el intervalo por: 23.83s
----------------------------------------------------------------------------------------

========================================================================================
CICLO #0002 | 2026-09-03 13:20:31 UTC | símbolos=9
========================================================================================
[01/09] START High Frequency Vol 10 Index
[01/09] END   High Frequency Vol 10 Index | 1.40s | NO M5 CONFIRMATION
    Motivo: NO_DIRECTIONAL_M5_CONFIRMATION
[02/09] START High Frequency Vol 75 Index
[02/09] END   High Frequency Vol 75 Index | 0.72s | NO M5 CONFIRMATION
    Motivo: NO_DIRECTIONAL_M5_CONFIRMATION
[03/09] START Vol over Boom 750
[03/09] END   Vol over Boom 750 | 0.01s | DIRECCIÓN BLOQUEADA POR POLÍTICA DEL INSTRUMENTO
    Motivo: BOOM_BUY_ONLY_REQUIRES_BUY_H1_CONTEXT
[04/09] START Volatility 10 (1s) Index
[04/09] END   Volatility 10 (1s) Index | 0.01s | NO M5 CONFIRMATION
    Motivo: NO_DIRECTIONAL_M5_CONFIRMATION
[05/09] START Volatility 15 (1s) Index
[05/09] END   Volatility 15 (1s) Index | 0.02s | STALE M5 SIGNAL
    Motivo: M5_CONFIRMATION_TOO_OLD_FOR_LIVE_ENTRY
[06/09] START Volatility 25 Index
[06/09] END   Volatility 25 Index | 0.01s | INSTRUMENTO EN CUARENTENA DE RIESGO
    Motivo: cuarentena temporal por desviación marginal de ejecución
[07/09] START Volatility 5 (1s) Index
[07/09] END   Volatility 5 (1s) Index | 0.01s | NO M5 CONFIRMATION
    Motivo: NO_DIRECTIONAL_M5_CONFIRMATION
    Confirmaciones: 11/13 | 84.6% | calidad=93.00 | decisión=RECHAZADA
    Faltantes: rechazo del precio, desplazamiento
    Críticas faltantes: BOS REQUIRES REJECTION, DISPLACEMENT REQUIRED FOR LIVE ENTRY
    Rechazo técnico: bos rejection not confirmed, desplazamiento no confirmado, rechazo del precio no confirmado, falta una confirmación estructural crítica
[08/09] START Volatility 75 (1s) Index
[08/09] END   Volatility 75 (1s) Index | 0.02s | WAITING M5 AFTER M15
    Motivo: M5_CONFIRMATIONS_EXIST_BUT_ALL_PRECEDE_LATEST_M15_SETUP
[09/09] START VolSwitch High Vol Index
[09/09] END   VolSwitch High Vol Index | 0.01s | WAITING M5 AFTER M15
    Motivo: M5_CONFIRMATIONS_EXIST_BUT_ALL_PRECEDE_LATEST_M15_SETUP
----------------------------------------------------------------------------------------
RESUMEN DEL CICLO #0002
Símbolos analizados: 9
Sin señal: 0
Esperando/otros: 8
Señales rechazadas: 1
Bloqueadas por estado/límites: 0
Validadas DRY RUN: 0
Nuevas órdenes: 0
Operaciones cerradas sincronizadas: 0
Errores: 0
Duración del ciclo: 2.29s
Intervalo objetivo: 30s
Próximo ciclo en: 27.71s
----------------------------------------------------------------------------------------

========================================================================================
CICLO #0003 | 2026-09-03 13:21:01 UTC | símbolos=0
========================================================================================
----------------------------------------------------------------------------------------
RESUMEN DEL CICLO #0003
Símbolos analizados: 0
Sin señal: 0
Esperando/otros: 0
Señales rechazadas: 0
Bloqueadas por estado/límites: 0
Validadas DRY RUN: 0
Nuevas órdenes: 0
Operaciones cerradas sincronizadas: 0
Errores: 0
Duración del ciclo: 0.04s
Intervalo objetivo: 30s
Próximo ciclo en: 29.96s
----------------------------------------------------------------------------------------

========================================================================================
CICLO #0004 | 2026-09-03 13:21:31 UTC | símbolos=0
========================================================================================
----------------------------------------------------------------------------------------
RESUMEN DEL CICLO #0004
Símbolos analizados: 0
Sin señal: 0
Esperando/otros: 0
Señales rechazadas: 0
Bloqueadas por estado/límites: 0
Validadas DRY RUN: 0
Nuevas órdenes: 0
Operaciones cerradas sincronizadas: 0
Errores: 0
Duración del ciclo: 0.04s
Intervalo objetivo: 30s
Próximo ciclo en: 29.96s
----------------------------------------------------------------------------------------

========================================================================================
CICLO #0005 | 2026-09-03 13:22:01 UTC | símbolos=0
========================================================================================
----------------------------------------------------------------------------------------
RESUMEN DEL CICLO #0005
Símbolos analizados: 0
Sin señal: 0
Esperando/otros: 0
Señales rechazadas: 0
Bloqueadas por estado/límites: 0
Validadas DRY RUN: 0
Nuevas órdenes: 0
Operaciones cerradas sincronizadas: 0
Errores: 0
Duración del ciclo: 0.05s
Intervalo objetivo: 30s
Próximo ciclo en: 29.95s
----------------------------------------------------------------------------------------

========================================================================================
CICLO #0006 | 2026-09-03 13:22:31 UTC | símbolos=0
========================================================================================
----------------------------------------------------------------------------------------
RESUMEN DEL CICLO #0006
Símbolos analizados: 0
Sin señal: 0
Esperando/otros: 0
Señales rechazadas: 0
Bloqueadas por estado/límites: 0
Validadas DRY RUN: 0
Nuevas órdenes: 0
Operaciones cerradas sincronizadas: 0
Errores: 0
Duración del ciclo: 0.03s
Intervalo objetivo: 30s
Próximo ciclo en: 29.97s
----------------------------------------------------------------------------------------

========================================================================================
CICLO #0007 | 2026-09-03 13:23:01 UTC | símbolos=0
========================================================================================
----------------------------------------------------------------------------------------
RESUMEN DEL CICLO #0007
Símbolos analizados: 0
Sin señal: 0
Esperando/otros: 0
Señales rechazadas: 0
Bloqueadas por estado/límites: 0
Validadas DRY RUN: 0
Nuevas órdenes: 0
Operaciones cerradas sincronizadas: 0
Errores: 0
Duración del ciclo: 0.04s
Intervalo objetivo: 30s
Próximo ciclo en: 29.96s
----------------------------------------------------------------------------------------
Bot detenido por el usuario.
========================================================================
DERIV DEMO EXECUTION PREFLIGHT
========================================================================
[OK] MT5_ACCOUNT_INFO {'login': 41108926, 'server': 'Deriv-Demo', 'currency': 'USD', 'balance': 9999.39, 'equity': 9999.39, 'margin': 0.0, 'free_margin': 9999.39, 'profit': 0.0, 'leverage': 1000, 'trade_mode': 0, 'snapshot_time': datetime.datetime(2026, 9, 3, 13, 24, 52, 866354, tzinfo=datetime.timezone.utc), 'broker': 'MT5'}
[OK] MT5_TERMINAL_CONNECTED {'trade_allowed': True, 'tradeapi_disabled': False}
[OK] MT5_AUTOTRADING_ALLOWED {'trade_allowed': True, 'tradeapi_disabled': False}
[OK] DEMO_ACCOUNT {'trade_mode': 0, 'server': 'Deriv-Demo'}
[OK] FREE_MARGIN {'free_margin': 9999.39, 'required': 0.0}
[OK] DATABASE_READY {}
[OK] SYMBOL:High Frequency Vol 10 Index {'visible': True, 'trade_mode': 4, 'volume_min': 0.1, 'volume_step': 0.01, 'point': 0.01, 'stops_level_points': 869}
[OK] SYMBOL:High Frequency Vol 75 Index {'visible': True, 'trade_mode': 4, 'volume_min': 0.05, 'volume_step': 0.01, 'point': 0.01, 'stops_level_points': 6799}
[OK] SYMBOL:Vol over Boom 750 {'visible': True, 'trade_mode': 4, 'volume_min': 0.1, 'volume_step': 0.01, 'point': 0.01, 'stops_level_points': 250}
[OK] SYMBOL:Volatility 10 (1s) Index {'visible': True, 'trade_mode': 4, 'volume_min': 0.5, 'volume_step': 0.01, 'point': 0.01, 'stops_level_points': 106}
[OK] SYMBOL:Volatility 15 (1s) Index {'visible': True, 'trade_mode': 4, 'volume_min': 0.2, 'volume_step': 0.01, 'point': 0.001, 'stops_level_points': 1908}
[OK] SYMBOL:Volatility 25 Index {'visible': True, 'trade_mode': 4, 'volume_min': 0.5, 'volume_step': 0.01, 'point': 0.001, 'stops_level_points': 423}
[OK] SYMBOL:Volatility 5 (1s) Index {'visible': True, 'trade_mode': 4, 'volume_min': 0.05, 'volume_step': 0.01, 'point': 0.01, 'stops_level_points': 420}
[OK] SYMBOL:Volatility 75 (1s) Index {'visible': True, 'trade_mode': 4, 'volume_min': 0.05, 'volume_step': 0.001, 'point': 0.01, 'stops_level_points': 432}
[OK] SYMBOL:VolSwitch High Vol Index {'visible': True, 'trade_mode': 4, 'volume_min': 0.1, 'volume_step': 0.1, 'point': 0.01, 'stops_level_points': 1000}
========================================================================
STATUS: READY FOR DEMO EXECUTION
DAEMONBLACKFX VERSION: v100-entry-quality-recoverable-quarantine-winrate-audit
BOT ACTIVO: VOLATILITY_1 | MAGIC=26082401 | ESTRATEGIA=SMC/ORB | instrumentos=9 | auto_export=False
========================================================================================
BOT SMC MT5 - DERIV DEMO
========================================================================================
Cuenta: 41108926 | Servidor: Deriv-Demo
Balance: 9999.39 USD
Modo: EJECUCIÓN DEMO
Riesgo por trade: 1.00% | R:R mínimo: 1.50
Intervalo: 30s | Símbolos: 9
Reporte XLSX: C:\TradingBoot\smc_synthetic_bot\storage\exports\deriv_demo_trading_report.xlsx
Pipeline: SMC -> TradeLifecycleManager -> MT5TradeExecutor -> SQLite -> XLSX
========================================================================================
Daemon activo: señales=30s | monitor posiciones/BE=2s | símbolos=9
Progreso: se mostrará cada símbolo y su tiempo de análisis.
{'action': 'POSITION_MONITOR_STARTED', 'signal_interval_seconds': 30, 'position_monitor_interval_seconds': 2, 'monitor_mode': 'BACKGROUND_DECOUPLED'}

========================================================================================
CICLO #0001 | 2026-09-03 13:25:02 UTC | símbolos=9
========================================================================================
[01/09] START High Frequency Vol 10 Index
[01/09] END   High Frequency Vol 10 Index | 7.47s | NO M5 CONFIRMATION
    Motivo: NO_DIRECTIONAL_M5_CONFIRMATION
[02/09] START High Frequency Vol 75 Index
[02/09] END   High Frequency Vol 75 Index | 5.10s | NO M5 CONFIRMATION
    Motivo: NO_DIRECTIONAL_M5_CONFIRMATION
[03/09] START Vol over Boom 750
[03/09] END   Vol over Boom 750 | 2.34s | DIRECCIÓN BLOQUEADA POR POLÍTICA DEL INSTRUMENTO
    Motivo: BOOM_BUY_ONLY_REQUIRES_BUY_H1_CONTEXT
[04/09] START Volatility 10 (1s) Index
[04/09] END   Volatility 10 (1s) Index | 10.03s | NO M5 CONFIRMATION
    Motivo: NO_DIRECTIONAL_M5_CONFIRMATION
[05/09] START Volatility 15 (1s) Index
[05/09] END   Volatility 15 (1s) Index | 4.78s | STALE M5 SIGNAL
    Motivo: M5_CONFIRMATION_TOO_OLD_FOR_LIVE_ENTRY
[06/09] START Volatility 25 Index
[06/09] END   Volatility 25 Index | 0.01s | INSTRUMENTO EN CUARENTENA DE RIESGO
    Motivo: cuarentena temporal por desviación marginal de ejecución
[07/09] START Volatility 5 (1s) Index
[07/09] END   Volatility 5 (1s) Index | 9.02s | NO M5 CONFIRMATION
    Motivo: NO_DIRECTIONAL_M5_CONFIRMATION
    Confirmaciones: 11/13 | 84.6% | calidad=93.00 | decisión=RECHAZADA
    Faltantes: rechazo del precio, desplazamiento
    Críticas faltantes: BOS REQUIRES REJECTION, DISPLACEMENT REQUIRED FOR LIVE ENTRY
    Rechazo técnico: bos rejection not confirmed, desplazamiento no confirmado, rechazo del precio no confirmado, falta una confirmación estructural crítica
[08/09] START Volatility 75 (1s) Index
[08/09] END   Volatility 75 (1s) Index | 5.09s | WAITING M5 AFTER M15
    Motivo: M5_CONFIRMATIONS_EXIST_BUT_ALL_PRECEDE_LATEST_M15_SETUP
[09/09] START VolSwitch High Vol Index
[09/09] END   VolSwitch High Vol Index | 4.72s | WAITING M5 AFTER M15
    Motivo: M5_CONFIRMATIONS_EXIST_BUT_ALL_PRECEDE_LATEST_M15_SETUP
----------------------------------------------------------------------------------------
RESUMEN DEL CICLO #0001
Símbolos analizados: 9
Sin señal: 0
Esperando/otros: 8
Señales rechazadas: 1
Bloqueadas por estado/límites: 0
Validadas DRY RUN: 0
Nuevas órdenes: 0
Operaciones cerradas sincronizadas: 0
Errores: 0
Duración del ciclo: 52.44s
Intervalo objetivo: 30s
Próximo ciclo en: 0.00s
[AVISO] Ciclo excedio el intervalo por: 22.44s
----------------------------------------------------------------------------------------

========================================================================================
CICLO #0002 | 2026-09-03 13:25:55 UTC | símbolos=0
========================================================================================
----------------------------------------------------------------------------------------
RESUMEN DEL CICLO #0002
Símbolos analizados: 0
Sin señal: 0
Esperando/otros: 0
Señales rechazadas: 0
Bloqueadas por estado/límites: 0
Validadas DRY RUN: 0
Nuevas órdenes: 0
Operaciones cerradas sincronizadas: 0
Errores: 0
Duración del ciclo: 0.03s
Intervalo objetivo: 30s
Próximo ciclo en: 29.97s
----------------------------------------------------------------------------------------

========================================================================================
CICLO #0003 | 2026-09-03 13:26:25 UTC | símbolos=0
========================================================================================
----------------------------------------------------------------------------------------
RESUMEN DEL CICLO #0003
Símbolos analizados: 0
Sin señal: 0
Esperando/otros: 0
Señales rechazadas: 0
Bloqueadas por estado/límites: 0
Validadas DRY RUN: 0
Nuevas órdenes: 0
Operaciones cerradas sincronizadas: 0
Errores: 0
Duración del ciclo: 0.04s
Intervalo objetivo: 30s
Próximo ciclo en: 29.96s
----------------------------------------------------------------------------------------

========================================================================================
CICLO #0004 | 2026-09-03 13:26:55 UTC | símbolos=0
========================================================================================
----------------------------------------------------------------------------------------
RESUMEN DEL CICLO #0004
Símbolos analizados: 0
Sin señal: 0
Esperando/otros: 0
Señales rechazadas: 0
Bloqueadas por estado/límites: 0
Validadas DRY RUN: 0
Nuevas órdenes: 0
Operaciones cerradas sincronizadas: 0
Errores: 0
Duración del ciclo: 0.03s
Intervalo objetivo: 30s
Próximo ciclo en: 29.97s
----------------------------------------------------------------------------------------

========================================================================================
CICLO #0005 | 2026-09-03 13:27:25 UTC | símbolos=0
========================================================================================
----------------------------------------------------------------------------------------
RESUMEN DEL CICLO #0005
Símbolos analizados: 0
Sin señal: 0
Esperando/otros: 0
Señales rechazadas: 0
Bloqueadas por estado/límites: 0
Validadas DRY RUN: 0
Nuevas órdenes: 0
Operaciones cerradas sincronizadas: 0
Errores: 0
Duración del ciclo: 0.04s
Intervalo objetivo: 30s
Próximo ciclo en: 29.96s
----------------------------------------------------------------------------------------

========================================================================================
CICLO #0006 | 2026-09-03 13:27:55 UTC | símbolos=0
========================================================================================
----------------------------------------------------------------------------------------
RESUMEN DEL CICLO #0006
Símbolos analizados: 0
Sin señal: 0
Esperando/otros: 0
Señales rechazadas: 0
Bloqueadas por estado/límites: 0
Validadas DRY RUN: 0
Nuevas órdenes: 0
Operaciones cerradas sincronizadas: 0
Errores: 0
Duración del ciclo: 0.03s
Intervalo objetivo: 30s
Próximo ciclo en: 29.97s
----------------------------------------------------------------------------------------

========================================================================================
CICLO #0007 | 2026-09-03 13:28:25 UTC | símbolos=0
========================================================================================
----------------------------------------------------------------------------------------
RESUMEN DEL CICLO #0007
Símbolos analizados: 0
Sin señal: 0
Esperando/otros: 0
Señales rechazadas: 0
Bloqueadas por estado/límites: 0
Validadas DRY RUN: 0
Nuevas órdenes: 0
Operaciones cerradas sincronizadas: 0
Errores: 0
Duración del ciclo: 0.02s
Intervalo objetivo: 30s
Próximo ciclo en: 29.98s
----------------------------------------------------------------------------------------

========================================================================================
CICLO #0008 | 2026-09-03 13:28:55 UTC | símbolos=0
========================================================================================
----------------------------------------------------------------------------------------
RESUMEN DEL CICLO #0008
Símbolos analizados: 0
Sin señal: 0
Esperando/otros: 0
Señales rechazadas: 0
Bloqueadas por estado/límites: 0
Validadas DRY RUN: 0
Nuevas órdenes: 0
Operaciones cerradas sincronizadas: 0
Errores: 0
Duración del ciclo: 0.03s
Intervalo objetivo: 30s
Próximo ciclo en: 29.97s
----------------------------------------------------------------------------------------

========================================================================================
CICLO #0009 | 2026-09-03 13:29:25 UTC | símbolos=0
========================================================================================
----------------------------------------------------------------------------------------
RESUMEN DEL CICLO #0009
Símbolos analizados: 0
Sin señal: 0
Esperando/otros: 0
Señales rechazadas: 0
Bloqueadas por estado/límites: 0
Validadas DRY RUN: 0
Nuevas órdenes: 0
Operaciones cerradas sincronizadas: 0
Errores: 0
Duración del ciclo: 0.04s
Intervalo objetivo: 30s
Próximo ciclo en: 29.96s
----------------------------------------------------------------------------------------

========================================================================================
CICLO #0010 | 2026-09-03 13:29:55 UTC | símbolos=0
========================================================================================
----------------------------------------------------------------------------------------
RESUMEN DEL CICLO #0010
Símbolos analizados: 0
Sin señal: 0
Esperando/otros: 0
Señales rechazadas: 0
Bloqueadas por estado/límites: 0
Validadas DRY RUN: 0
Nuevas órdenes: 0
Operaciones cerradas sincronizadas: 0
Errores: 0
Duración del ciclo: 0.04s
Intervalo objetivo: 30s
Próximo ciclo en: 29.96s
----------------------------------------------------------------------------------------

========================================================================================
CICLO #0011 | 2026-09-03 13:30:25 UTC | símbolos=9
========================================================================================
[01/09] START High Frequency Vol 10 Index
[01/09] END   High Frequency Vol 10 Index | 5.68s | NO M5 CONFIRMATION
    Motivo: NO_DIRECTIONAL_M5_CONFIRMATION
[02/09] START High Frequency Vol 75 Index
[02/09] END   High Frequency Vol 75 Index | 1.65s | NO M5 CONFIRMATION
    Motivo: NO_DIRECTIONAL_M5_CONFIRMATION
[03/09] START Vol over Boom 750
[03/09] END   Vol over Boom 750 | 0.02s | DIRECCIÓN BLOQUEADA POR POLÍTICA DEL INSTRUMENTO
    Motivo: BOOM_BUY_ONLY_REQUIRES_BUY_H1_CONTEXT
[04/09] START Volatility 10 (1s) Index
[04/09] END   Volatility 10 (1s) Index | 4.75s | NO M5 CONFIRMATION
    Motivo: NO_DIRECTIONAL_M5_CONFIRMATION
[05/09] START Volatility 15 (1s) Index
[05/09] END   Volatility 15 (1s) Index | 2.19s | STALE M5 SIGNAL
    Motivo: M5_CONFIRMATION_TOO_OLD_FOR_LIVE_ENTRY
[06/09] START Volatility 25 Index
[06/09] END   Volatility 25 Index | 0.01s | INSTRUMENTO EN CUARENTENA DE RIESGO
    Motivo: cuarentena temporal por desviación marginal de ejecución
[07/09] START Volatility 5 (1s) Index
[07/09] END   Volatility 5 (1s) Index | 4.88s | NO M5 CONFIRMATION
    Motivo: NO_DIRECTIONAL_M5_CONFIRMATION
    Confirmaciones: 11/13 | 84.6% | calidad=93.00 | decisión=RECHAZADA
    Faltantes: rechazo del precio, desplazamiento
    Críticas faltantes: BOS REQUIRES REJECTION, DISPLACEMENT REQUIRED FOR LIVE ENTRY
    Rechazo técnico: bos rejection not confirmed, desplazamiento no confirmado, rechazo del precio no confirmado, falta una confirmación estructural crítica
[08/09] START Volatility 75 (1s) Index
[08/09] END   Volatility 75 (1s) Index | 3.20s | WAITING M5 AFTER M15
    Motivo: M5_CONFIRMATIONS_EXIST_BUT_ALL_PRECEDE_LATEST_M15_SETUP
[09/09] START VolSwitch High Vol Index
[09/09] END   VolSwitch High Vol Index | 3.30s | WAITING M5 AFTER M15
    Motivo: M5_CONFIRMATIONS_EXIST_BUT_ALL_PRECEDE_LATEST_M15_SETUP
----------------------------------------------------------------------------------------
RESUMEN DEL CICLO #0011
Símbolos analizados: 9
Sin señal: 0
Esperando/otros: 8
Señales rechazadas: 1
Bloqueadas por estado/límites: 0
Validadas DRY RUN: 0
Nuevas órdenes: 0
Operaciones cerradas sincronizadas: 0
Errores: 0
Duración del ciclo: 25.82s
Intervalo objetivo: 30s
Próximo ciclo en: 4.18s
----------------------------------------------------------------------------------------

========================================================================================
CICLO #0012 | 2026-09-03 13:30:55 UTC | símbolos=0
========================================================================================
----------------------------------------------------------------------------------------
RESUMEN DEL CICLO #0012
Símbolos analizados: 0
Sin señal: 0
Esperando/otros: 0
Señales rechazadas: 0
Bloqueadas por estado/límites: 0
Validadas DRY RUN: 0
Nuevas órdenes: 0
Operaciones cerradas sincronizadas: 0
Errores: 0
Duración del ciclo: 0.03s
Intervalo objetivo: 30s
Próximo ciclo en: 29.97s
----------------------------------------------------------------------------------------

========================================================================================
CICLO #0013 | 2026-09-03 13:31:25 UTC | símbolos=0
========================================================================================
----------------------------------------------------------------------------------------
RESUMEN DEL CICLO #0013
Símbolos analizados: 0
Sin señal: 0
Esperando/otros: 0
Señales rechazadas: 0
Bloqueadas por estado/límites: 0
Validadas DRY RUN: 0
Nuevas órdenes: 0
Operaciones cerradas sincronizadas: 0
Errores: 0
Duración del ciclo: 0.05s
Intervalo objetivo: 30s
Próximo ciclo en: 29.95s
----------------------------------------------------------------------------------------

========================================================================================
CICLO #0014 | 2026-09-03 13:31:55 UTC | símbolos=0
========================================================================================
----------------------------------------------------------------------------------------
RESUMEN DEL CICLO #0014
Símbolos analizados: 0
Sin señal: 0
Esperando/otros: 0
Señales rechazadas: 0
Bloqueadas por estado/límites: 0
Validadas DRY RUN: 0
Nuevas órdenes: 0
Operaciones cerradas sincronizadas: 0
Errores: 0
Duración del ciclo: 0.03s
Intervalo objetivo: 30s
Próximo ciclo en: 29.97s
----------------------------------------------------------------------------------------

========================================================================================
CICLO #0015 | 2026-09-03 13:32:25 UTC | símbolos=0
========================================================================================
----------------------------------------------------------------------------------------
RESUMEN DEL CICLO #0015
Símbolos analizados: 0
Sin señal: 0
Esperando/otros: 0
Señales rechazadas: 0
Bloqueadas por estado/límites: 0
Validadas DRY RUN: 0
Nuevas órdenes: 0
Operaciones cerradas sincronizadas: 0
Errores: 0
Duración del ciclo: 0.03s
Intervalo objetivo: 30s
Próximo ciclo en: 29.97s
----------------------------------------------------------------------------------------

========================================================================================
CICLO #0016 | 2026-09-03 13:32:55 UTC | símbolos=0
========================================================================================
----------------------------------------------------------------------------------------
RESUMEN DEL CICLO #0016
Símbolos analizados: 0
Sin señal: 0
Esperando/otros: 0
Señales rechazadas: 0
Bloqueadas por estado/límites: 0
Validadas DRY RUN: 0
Nuevas órdenes: 0
Operaciones cerradas sincronizadas: 0
Errores: 0
Duración del ciclo: 0.03s
Intervalo objetivo: 30s
Próximo ciclo en: 29.97s
----------------------------------------------------------------------------------------

========================================================================================
CICLO #0017 | 2026-09-03 13:33:25 UTC | símbolos=0
========================================================================================
----------------------------------------------------------------------------------------
RESUMEN DEL CICLO #0017
Símbolos analizados: 0
Sin señal: 0
Esperando/otros: 0
Señales rechazadas: 0
Bloqueadas por estado/límites: 0
Validadas DRY RUN: 0
Nuevas órdenes: 0
Operaciones cerradas sincronizadas: 0
Errores: 0
Duración del ciclo: 0.04s
Intervalo objetivo: 30s
Próximo ciclo en: 29.96s
----------------------------------------------------------------------------------------

========================================================================================
CICLO #0018 | 2026-09-03 13:33:55 UTC | símbolos=0
========================================================================================
----------------------------------------------------------------------------------------
RESUMEN DEL CICLO #0018
Símbolos analizados: 0
Sin señal: 0
Esperando/otros: 0
Señales rechazadas: 0
Bloqueadas por estado/límites: 0
Validadas DRY RUN: 0
Nuevas órdenes: 0
Operaciones cerradas sincronizadas: 0
Errores: 0
Duración del ciclo: 0.03s
Intervalo objetivo: 30s
Próximo ciclo en: 29.97s
----------------------------------------------------------------------------------------

========================================================================================
CICLO #0019 | 2026-09-03 13:34:25 UTC | símbolos=0
========================================================================================
----------------------------------------------------------------------------------------
RESUMEN DEL CICLO #0019
Símbolos analizados: 0
Sin señal: 0
Esperando/otros: 0
Señales rechazadas: 0
Bloqueadas por estado/límites: 0
Validadas DRY RUN: 0
Nuevas órdenes: 0
Operaciones cerradas sincronizadas: 0
Errores: 0
Duración del ciclo: 0.04s
Intervalo objetivo: 30s
Próximo ciclo en: 29.96s
----------------------------------------------------------------------------------------

========================================================================================
CICLO #0020 | 2026-09-03 13:34:55 UTC | símbolos=0
========================================================================================
----------------------------------------------------------------------------------------
RESUMEN DEL CICLO #0020
Símbolos analizados: 0
Sin señal: 0
Esperando/otros: 0
Señales rechazadas: 0
Bloqueadas por estado/límites: 0
Validadas DRY RUN: 0
Nuevas órdenes: 0
Operaciones cerradas sincronizadas: 0
Errores: 0
Duración del ciclo: 0.28s
Intervalo objetivo: 30s
Próximo ciclo en: 29.72s
----------------------------------------------------------------------------------------

========================================================================================
CICLO #0021 | 2026-09-03 13:35:25 UTC | símbolos=9
========================================================================================
[01/09] START High Frequency Vol 10 Index
[01/09] END   High Frequency Vol 10 Index | 1.23s | NO M5 CONFIRMATION
    Motivo: NO_DIRECTIONAL_M5_CONFIRMATION
[02/09] START High Frequency Vol 75 Index
[02/09] END   High Frequency Vol 75 Index | 0.43s | NO M5 CONFIRMATION
    Motivo: NO_DIRECTIONAL_M5_CONFIRMATION
[03/09] START Vol over Boom 750
[03/09] END   Vol over Boom 750 | 0.01s | DIRECCIÓN BLOQUEADA POR POLÍTICA DEL INSTRUMENTO
    Motivo: BOOM_BUY_ONLY_REQUIRES_BUY_H1_CONTEXT
[04/09] START Volatility 10 (1s) Index
[04/09] END   Volatility 10 (1s) Index | 0.97s | NO M5 CONFIRMATION
    Motivo: NO_DIRECTIONAL_M5_CONFIRMATION
[05/09] START Volatility 15 (1s) Index
[05/09] END   Volatility 15 (1s) Index | 0.97s | STALE M5 SIGNAL
    Motivo: M5_CONFIRMATION_TOO_OLD_FOR_LIVE_ENTRY
[06/09] START Volatility 25 Index
[06/09] END   Volatility 25 Index | 0.00s | INSTRUMENTO EN CUARENTENA DE RIESGO
    Motivo: cuarentena temporal por desviación marginal de ejecución
[07/09] START Volatility 5 (1s) Index
[07/09] END   Volatility 5 (1s) Index | 1.65s | NO M5 CONFIRMATION
    Motivo: NO_DIRECTIONAL_M5_CONFIRMATION
    Confirmaciones: 11/13 | 84.6% | calidad=93.00 | decisión=RECHAZADA
    Faltantes: rechazo del precio, desplazamiento
    Críticas faltantes: BOS REQUIRES REJECTION, DISPLACEMENT REQUIRED FOR LIVE ENTRY
    Rechazo técnico: bos rejection not confirmed, desplazamiento no confirmado, rechazo del precio no confirmado, falta una confirmación estructural crítica
[08/09] START Volatility 75 (1s) Index
[08/09] END   Volatility 75 (1s) Index | 0.78s | WAITING M5 AFTER M15
    Motivo: M5_CONFIRMATIONS_EXIST_BUT_ALL_PRECEDE_LATEST_M15_SETUP
[09/09] START VolSwitch High Vol Index
[09/09] END   VolSwitch High Vol Index | 1.34s | WAITING M5 AFTER M15
    Motivo: M5_CONFIRMATIONS_EXIST_BUT_ALL_PRECEDE_LATEST_M15_SETUP
----------------------------------------------------------------------------------------
RESUMEN DEL CICLO #0021
Símbolos analizados: 9
Sin señal: 0
Esperando/otros: 8
Señales rechazadas: 1
Bloqueadas por estado/límites: 0
Validadas DRY RUN: 0
Nuevas órdenes: 0
Operaciones cerradas sincronizadas: 0
Errores: 0
Duración del ciclo: 7.46s
Intervalo objetivo: 30s
Próximo ciclo en: 22.54s
----------------------------------------------------------------------------------------

========================================================================================
CICLO #0022 | 2026-09-03 13:35:55 UTC | símbolos=0
========================================================================================
----------------------------------------------------------------------------------------
RESUMEN DEL CICLO #0022
Símbolos analizados: 0
Sin señal: 0
Esperando/otros: 0
Señales rechazadas: 0
Bloqueadas por estado/límites: 0
Validadas DRY RUN: 0
Nuevas órdenes: 0
Operaciones cerradas sincronizadas: 0
Errores: 0
Duración del ciclo: 0.03s
Intervalo objetivo: 30s
Próximo ciclo en: 29.97s
----------------------------------------------------------------------------------------

========================================================================================
CICLO #0023 | 2026-09-03 13:36:25 UTC | símbolos=0
========================================================================================
----------------------------------------------------------------------------------------
RESUMEN DEL CICLO #0023
Símbolos analizados: 0
Sin señal: 0
Esperando/otros: 0
Señales rechazadas: 0
Bloqueadas por estado/límites: 0
Validadas DRY RUN: 0
Nuevas órdenes: 0
Operaciones cerradas sincronizadas: 0
Errores: 0
Duración del ciclo: 0.05s
Intervalo objetivo: 30s
Próximo ciclo en: 29.95s
----------------------------------------------------------------------------------------

========================================================================================
CICLO #0024 | 2026-09-03 13:36:55 UTC | símbolos=0
========================================================================================
----------------------------------------------------------------------------------------
RESUMEN DEL CICLO #0024
Símbolos analizados: 0
Sin señal: 0
Esperando/otros: 0
Señales rechazadas: 0
Bloqueadas por estado/límites: 0
Validadas DRY RUN: 0
Nuevas órdenes: 0
Operaciones cerradas sincronizadas: 0
Errores: 0
Duración del ciclo: 0.03s
Intervalo objetivo: 30s
Próximo ciclo en: 29.97s
----------------------------------------------------------------------------------------

========================================================================================
CICLO #0025 | 2026-09-03 13:37:25 UTC | símbolos=0
========================================================================================
----------------------------------------------------------------------------------------
RESUMEN DEL CICLO #0025
Símbolos analizados: 0
Sin señal: 0
Esperando/otros: 0
Señales rechazadas: 0
Bloqueadas por estado/límites: 0
Validadas DRY RUN: 0
Nuevas órdenes: 0
Operaciones cerradas sincronizadas: 0
Errores: 0
Duración del ciclo: 0.04s
Intervalo objetivo: 30s
Próximo ciclo en: 29.96s
----------------------------------------------------------------------------------------

========================================================================================
CICLO #0026 | 2026-09-03 13:37:55 UTC | símbolos=0
========================================================================================
----------------------------------------------------------------------------------------
RESUMEN DEL CICLO #0026
Símbolos analizados: 0
Sin señal: 0
Esperando/otros: 0
Señales rechazadas: 0
Bloqueadas por estado/límites: 0
Validadas DRY RUN: 0
Nuevas órdenes: 0
Operaciones cerradas sincronizadas: 0
Errores: 0
Duración del ciclo: 0.02s
Intervalo objetivo: 30s
Próximo ciclo en: 29.98s
----------------------------------------------------------------------------------------

========================================================================================
CICLO #0027 | 2026-09-03 13:38:25 UTC | símbolos=0
========================================================================================
----------------------------------------------------------------------------------------
RESUMEN DEL CICLO #0027
Símbolos analizados: 0
Sin señal: 0
Esperando/otros: 0
Señales rechazadas: 0
Bloqueadas por estado/límites: 0
Validadas DRY RUN: 0
Nuevas órdenes: 0
Operaciones cerradas sincronizadas: 0
Errores: 0
Duración del ciclo: 0.04s
Intervalo objetivo: 30s
Próximo ciclo en: 29.96s
----------------------------------------------------------------------------------------

========================================================================================
CICLO #0028 | 2026-09-03 13:38:55 UTC | símbolos=0
========================================================================================
----------------------------------------------------------------------------------------
RESUMEN DEL CICLO #0028
Símbolos analizados: 0
Sin señal: 0
Esperando/otros: 0
Señales rechazadas: 0
Bloqueadas por estado/límites: 0
Validadas DRY RUN: 0
Nuevas órdenes: 0
Operaciones cerradas sincronizadas: 0
Errores: 0
Duración del ciclo: 0.03s
Intervalo objetivo: 30s
Próximo ciclo en: 29.97s
----------------------------------------------------------------------------------------

========================================================================================
CICLO #0029 | 2026-09-03 13:39:25 UTC | símbolos=0
========================================================================================
----------------------------------------------------------------------------------------
RESUMEN DEL CICLO #0029
Símbolos analizados: 0
Sin señal: 0
Esperando/otros: 0
Señales rechazadas: 0
Bloqueadas por estado/límites: 0
Validadas DRY RUN: 0
Nuevas órdenes: 0
Operaciones cerradas sincronizadas: 0
Errores: 0
Duración del ciclo: 0.03s
Intervalo objetivo: 30s
Próximo ciclo en: 29.97s
----------------------------------------------------------------------------------------

========================================================================================
CICLO #0030 | 2026-09-03 13:39:55 UTC | símbolos=0
========================================================================================
----------------------------------------------------------------------------------------
RESUMEN DEL CICLO #0030
Símbolos analizados: 0
Sin señal: 0
Esperando/otros: 0
Señales rechazadas: 0
Bloqueadas por estado/límites: 0
Validadas DRY RUN: 0
Nuevas órdenes: 0
Operaciones cerradas sincronizadas: 0
Errores: 0
Duración del ciclo: 0.03s
Intervalo objetivo: 30s
Próximo ciclo en: 29.97s
----------------------------------------------------------------------------------------

========================================================================================
CICLO #0031 | 2026-09-03 13:40:25 UTC | símbolos=9
========================================================================================
[01/09] START High Frequency Vol 10 Index
[01/09] END   High Frequency Vol 10 Index | 1.15s | NO M5 CONFIRMATION
    Motivo: NO_DIRECTIONAL_M5_CONFIRMATION
[02/09] START High Frequency Vol 75 Index
[02/09] END   High Frequency Vol 75 Index | 0.47s | NO M5 CONFIRMATION
    Motivo: NO_DIRECTIONAL_M5_CONFIRMATION
[03/09] START Vol over Boom 750
[03/09] END   Vol over Boom 750 | 0.01s | DIRECCIÓN BLOQUEADA POR POLÍTICA DEL INSTRUMENTO
    Motivo: BOOM_BUY_ONLY_REQUIRES_BUY_H1_CONTEXT
[04/09] START Volatility 10 (1s) Index
[04/09] END   Volatility 10 (1s) Index | 0.96s | NO M5 CONFIRMATION
    Motivo: NO_DIRECTIONAL_M5_CONFIRMATION
[05/09] START Volatility 15 (1s) Index
[05/09] END   Volatility 15 (1s) Index | 0.90s | STALE M5 SIGNAL
    Motivo: M5_CONFIRMATION_TOO_OLD_FOR_LIVE_ENTRY
[06/09] START Volatility 25 Index
[06/09] END   Volatility 25 Index | 0.00s | INSTRUMENTO EN CUARENTENA DE RIESGO
    Motivo: cuarentena temporal por desviación marginal de ejecución
[07/09] START Volatility 5 (1s) Index
[07/09] END   Volatility 5 (1s) Index | 1.71s | NO M5 CONFIRMATION
    Motivo: NO_DIRECTIONAL_M5_CONFIRMATION
    Confirmaciones: 11/13 | 84.6% | calidad=93.00 | decisión=RECHAZADA
    Faltantes: rechazo del precio, desplazamiento
    Críticas faltantes: BOS REQUIRES REJECTION, DISPLACEMENT REQUIRED FOR LIVE ENTRY
    Rechazo técnico: bos rejection not confirmed, desplazamiento no confirmado, rechazo del precio no confirmado, falta una confirmación estructural crítica
[08/09] START Volatility 75 (1s) Index
[08/09] END   Volatility 75 (1s) Index | 0.81s | WAITING M5 AFTER M15
    Motivo: M5_CONFIRMATIONS_EXIST_BUT_ALL_PRECEDE_LATEST_M15_SETUP
[09/09] START VolSwitch High Vol Index
[09/09] END   VolSwitch High Vol Index | 1.34s | WAITING M5 AFTER M15
    Motivo: M5_CONFIRMATIONS_EXIST_BUT_ALL_PRECEDE_LATEST_M15_SETUP
----------------------------------------------------------------------------------------
RESUMEN DEL CICLO #0031
Símbolos analizados: 9
Sin señal: 0
Esperando/otros: 8
Señales rechazadas: 1
Bloqueadas por estado/límites: 0
Validadas DRY RUN: 0
Nuevas órdenes: 0
Operaciones cerradas sincronizadas: 0
Errores: 0
Duración del ciclo: 7.54s
Intervalo objetivo: 30s
Próximo ciclo en: 22.46s
----------------------------------------------------------------------------------------

========================================================================================
CICLO #0032 | 2026-09-03 13:40:55 UTC | símbolos=0
========================================================================================
----------------------------------------------------------------------------------------
RESUMEN DEL CICLO #0032
Símbolos analizados: 0
Sin señal: 0
Esperando/otros: 0
Señales rechazadas: 0
Bloqueadas por estado/límites: 0
Validadas DRY RUN: 0
Nuevas órdenes: 0
Operaciones cerradas sincronizadas: 0
Errores: 0
Duración del ciclo: 0.02s
Intervalo objetivo: 30s
Próximo ciclo en: 29.98s
----------------------------------------------------------------------------------------

========================================================================================
CICLO #0033 | 2026-09-03 13:41:25 UTC | símbolos=0
========================================================================================
----------------------------------------------------------------------------------------
RESUMEN DEL CICLO #0033
Símbolos analizados: 0
Sin señal: 0
Esperando/otros: 0
Señales rechazadas: 0
Bloqueadas por estado/límites: 0
Validadas DRY RUN: 0
Nuevas órdenes: 0
Operaciones cerradas sincronizadas: 0
Errores: 0
Duración del ciclo: 0.03s
Intervalo objetivo: 30s
Próximo ciclo en: 29.97s
----------------------------------------------------------------------------------------

========================================================================================
CICLO #0034 | 2026-09-03 13:41:55 UTC | símbolos=0
========================================================================================
----------------------------------------------------------------------------------------
RESUMEN DEL CICLO #0034
Símbolos analizados: 0
Sin señal: 0
Esperando/otros: 0
Señales rechazadas: 0
Bloqueadas por estado/límites: 0
Validadas DRY RUN: 0
Nuevas órdenes: 0
Operaciones cerradas sincronizadas: 0
Errores: 0
Duración del ciclo: 0.03s
Intervalo objetivo: 30s
Próximo ciclo en: 29.97s
----------------------------------------------------------------------------------------

========================================================================================
CICLO #0035 | 2026-09-03 13:42:25 UTC | símbolos=0
========================================================================================
----------------------------------------------------------------------------------------
RESUMEN DEL CICLO #0035
Símbolos analizados: 0
Sin señal: 0
Esperando/otros: 0
Señales rechazadas: 0
Bloqueadas por estado/límites: 0
Validadas DRY RUN: 0
Nuevas órdenes: 0
Operaciones cerradas sincronizadas: 0
Errores: 0
Duración del ciclo: 0.02s
Intervalo objetivo: 30s
Próximo ciclo en: 29.98s
----------------------------------------------------------------------------------------

========================================================================================
CICLO #0036 | 2026-09-03 13:42:55 UTC | símbolos=0
========================================================================================
----------------------------------------------------------------------------------------
RESUMEN DEL CICLO #0036
Símbolos analizados: 0
Sin señal: 0
Esperando/otros: 0
Señales rechazadas: 0
Bloqueadas por estado/límites: 0
Validadas DRY RUN: 0
Nuevas órdenes: 0
Operaciones cerradas sincronizadas: 0
Errores: 0
Duración del ciclo: 0.03s
Intervalo objetivo: 30s
Próximo ciclo en: 29.97s
----------------------------------------------------------------------------------------

========================================================================================
CICLO #0037 | 2026-09-03 13:43:25 UTC | símbolos=0
========================================================================================
----------------------------------------------------------------------------------------
RESUMEN DEL CICLO #0037
Símbolos analizados: 0
Sin señal: 0
Esperando/otros: 0
Señales rechazadas: 0
Bloqueadas por estado/límites: 0
Validadas DRY RUN: 0
Nuevas órdenes: 0
Operaciones cerradas sincronizadas: 0
Errores: 0
Duración del ciclo: 0.02s
Intervalo objetivo: 30s
Próximo ciclo en: 29.98s
----------------------------------------------------------------------------------------

========================================================================================
CICLO #0038 | 2026-09-03 13:43:55 UTC | símbolos=0
========================================================================================
----------------------------------------------------------------------------------------
RESUMEN DEL CICLO #0038
Símbolos analizados: 0
Sin señal: 0
Esperando/otros: 0
Señales rechazadas: 0
Bloqueadas por estado/límites: 0
Validadas DRY RUN: 0
Nuevas órdenes: 0
Operaciones cerradas sincronizadas: 0
Errores: 0
Duración del ciclo: 0.03s
Intervalo objetivo: 30s
Próximo ciclo en: 29.97s
----------------------------------------------------------------------------------------

========================================================================================
CICLO #0039 | 2026-09-03 13:44:25 UTC | símbolos=0
========================================================================================
----------------------------------------------------------------------------------------
RESUMEN DEL CICLO #0039
Símbolos analizados: 0
Sin señal: 0
Esperando/otros: 0
Señales rechazadas: 0
Bloqueadas por estado/límites: 0
Validadas DRY RUN: 0
Nuevas órdenes: 0
Operaciones cerradas sincronizadas: 0
Errores: 0
Duración del ciclo: 0.03s
Intervalo objetivo: 30s
Próximo ciclo en: 29.97s
----------------------------------------------------------------------------------------

========================================================================================
CICLO #0040 | 2026-09-03 13:44:55 UTC | símbolos=0
========================================================================================
----------------------------------------------------------------------------------------
RESUMEN DEL CICLO #0040
Símbolos analizados: 0
Sin señal: 0
Esperando/otros: 0
Señales rechazadas: 0
Bloqueadas por estado/límites: 0
Validadas DRY RUN: 0
Nuevas órdenes: 0
Operaciones cerradas sincronizadas: 0
Errores: 0
Duración del ciclo: 0.03s
Intervalo objetivo: 30s
Próximo ciclo en: 29.97s
----------------------------------------------------------------------------------------

========================================================================================
CICLO #0041 | 2026-09-03 13:45:25 UTC | símbolos=9
========================================================================================
[01/09] START High Frequency Vol 10 Index
[01/09] END   High Frequency Vol 10 Index | 3.98s | NO M5 CONFIRMATION
    Motivo: NO_DIRECTIONAL_M5_CONFIRMATION
[02/09] START High Frequency Vol 75 Index
[02/09] END   High Frequency Vol 75 Index | 25.55s | NO M5 CONFIRMATION
    Motivo: NO_DIRECTIONAL_M5_CONFIRMATION
[03/09] START Vol over Boom 750
[03/09] END   Vol over Boom 750 | 0.01s | DIRECCIÓN BLOQUEADA POR POLÍTICA DEL INSTRUMENTO
    Motivo: BOOM_BUY_ONLY_REQUIRES_BUY_H1_CONTEXT
[04/09] START Volatility 10 (1s) Index
[04/09] END   Volatility 10 (1s) Index | 4.06s | NO M5 CONFIRMATION
    Motivo: NO_DIRECTIONAL_M5_CONFIRMATION
[05/09] START Volatility 15 (1s) Index
[05/09] END   Volatility 15 (1s) Index | 1.81s | STALE M5 SIGNAL
    Motivo: M5_CONFIRMATION_TOO_OLD_FOR_LIVE_ENTRY
[06/09] START Volatility 25 Index
[06/09] END   Volatility 25 Index | 0.01s | INSTRUMENTO EN CUARENTENA DE RIESGO
    Motivo: cuarentena temporal por desviación marginal de ejecución
[07/09] START Volatility 5 (1s) Index
[07/09] END   Volatility 5 (1s) Index | 4.00s | NO M5 CONFIRMATION
    Motivo: NO_DIRECTIONAL_M5_CONFIRMATION
    Confirmaciones: 11/13 | 84.6% | calidad=93.00 | decisión=RECHAZADA
    Faltantes: rechazo del precio, desplazamiento
    Críticas faltantes: BOS REQUIRES REJECTION, DISPLACEMENT REQUIRED FOR LIVE ENTRY
    Rechazo técnico: bos rejection not confirmed, desplazamiento no confirmado, rechazo del precio no confirmado, falta una confirmación estructural crítica
[08/09] START Volatility 75 (1s) Index
[08/09] END   Volatility 75 (1s) Index | 2.49s | WAITING M5 AFTER M15
    Motivo: M5_CONFIRMATIONS_EXIST_BUT_ALL_PRECEDE_LATEST_M15_SETUP
[09/09] START VolSwitch High Vol Index
[09/09] END   VolSwitch High Vol Index | 2.57s | WAITING M5 AFTER M15
    Motivo: M5_CONFIRMATIONS_EXIST_BUT_ALL_PRECEDE_LATEST_M15_SETUP
----------------------------------------------------------------------------------------
RESUMEN DEL CICLO #0041
Símbolos analizados: 9
Sin señal: 0
Esperando/otros: 8
Señales rechazadas: 1
Bloqueadas por estado/límites: 0
Validadas DRY RUN: 0
Nuevas órdenes: 0
Operaciones cerradas sincronizadas: 0
Errores: 0
Duración del ciclo: 44.59s
Intervalo objetivo: 30s
Próximo ciclo en: 0.00s
[AVISO] Ciclo excedio el intervalo por: 14.59s
----------------------------------------------------------------------------------------

========================================================================================
CICLO #0042 | 2026-09-03 13:46:09 UTC | símbolos=0
========================================================================================
----------------------------------------------------------------------------------------
RESUMEN DEL CICLO #0042
Símbolos analizados: 0
Sin señal: 0
Esperando/otros: 0
Señales rechazadas: 0
Bloqueadas por estado/límites: 0
Validadas DRY RUN: 0
Nuevas órdenes: 0
Operaciones cerradas sincronizadas: 0
Errores: 0
Duración del ciclo: 0.02s
Intervalo objetivo: 30s
Próximo ciclo en: 29.98s
----------------------------------------------------------------------------------------

========================================================================================
CICLO #0043 | 2026-09-03 13:46:39 UTC | símbolos=0
========================================================================================
----------------------------------------------------------------------------------------
RESUMEN DEL CICLO #0043
Símbolos analizados: 0
Sin señal: 0
Esperando/otros: 0
Señales rechazadas: 0
Bloqueadas por estado/límites: 0
Validadas DRY RUN: 0
Nuevas órdenes: 0
Operaciones cerradas sincronizadas: 0
Errores: 0
Duración del ciclo: 0.03s
Intervalo objetivo: 30s
Próximo ciclo en: 29.97s
----------------------------------------------------------------------------------------

========================================================================================
CICLO #0044 | 2026-09-03 13:47:09 UTC | símbolos=0
========================================================================================
----------------------------------------------------------------------------------------
RESUMEN DEL CICLO #0044
Símbolos analizados: 0
Sin señal: 0
Esperando/otros: 0
Señales rechazadas: 0
Bloqueadas por estado/límites: 0
Validadas DRY RUN: 0
Nuevas órdenes: 0
Operaciones cerradas sincronizadas: 0
Errores: 0
Duración del ciclo: 0.02s
Intervalo objetivo: 30s
Próximo ciclo en: 29.98s
----------------------------------------------------------------------------------------

========================================================================================
CICLO #0045 | 2026-09-03 13:47:39 UTC | símbolos=0
========================================================================================
----------------------------------------------------------------------------------------
RESUMEN DEL CICLO #0045
Símbolos analizados: 0
Sin señal: 0
Esperando/otros: 0
Señales rechazadas: 0
Bloqueadas por estado/límites: 0
Validadas DRY RUN: 0
Nuevas órdenes: 0
Operaciones cerradas sincronizadas: 0
Errores: 0
Duración del ciclo: 0.02s
Intervalo objetivo: 30s
Próximo ciclo en: 29.98s
----------------------------------------------------------------------------------------

========================================================================================
CICLO #0046 | 2026-09-03 13:48:09 UTC | símbolos=0
========================================================================================
----------------------------------------------------------------------------------------
RESUMEN DEL CICLO #0046
Símbolos analizados: 0
Sin señal: 0
Esperando/otros: 0
Señales rechazadas: 0
Bloqueadas por estado/límites: 0
Validadas DRY RUN: 0
Nuevas órdenes: 0
Operaciones cerradas sincronizadas: 0
Errores: 0
Duración del ciclo: 0.02s
Intervalo objetivo: 30s
Próximo ciclo en: 29.98s
----------------------------------------------------------------------------------------

========================================================================================
CICLO #0047 | 2026-09-03 13:48:39 UTC | símbolos=0
========================================================================================
----------------------------------------------------------------------------------------
RESUMEN DEL CICLO #0047
Símbolos analizados: 0
Sin señal: 0
Esperando/otros: 0
Señales rechazadas: 0
Bloqueadas por estado/límites: 0
Validadas DRY RUN: 0
Nuevas órdenes: 0
Operaciones cerradas sincronizadas: 0
Errores: 0
Duración del ciclo: 0.02s
Intervalo objetivo: 30s
Próximo ciclo en: 29.98s
----------------------------------------------------------------------------------------

========================================================================================
CICLO #0048 | 2026-09-03 13:49:09 UTC | símbolos=0
========================================================================================
----------------------------------------------------------------------------------------
RESUMEN DEL CICLO #0048
Símbolos analizados: 0
Sin señal: 0
Esperando/otros: 0
Señales rechazadas: 0
Bloqueadas por estado/límites: 0
Validadas DRY RUN: 0
Nuevas órdenes: 0
Operaciones cerradas sincronizadas: 0
Errores: 0
Duración del ciclo: 0.03s
Intervalo objetivo: 30s
Próximo ciclo en: 29.97s
----------------------------------------------------------------------------------------

========================================================================================
CICLO #0049 | 2026-09-03 13:49:39 UTC | símbolos=0
========================================================================================
----------------------------------------------------------------------------------------
RESUMEN DEL CICLO #0049
Símbolos analizados: 0
Sin señal: 0
Esperando/otros: 0
Señales rechazadas: 0
Bloqueadas por estado/límites: 0
Validadas DRY RUN: 0
Nuevas órdenes: 0
Operaciones cerradas sincronizadas: 0
Errores: 0
Duración del ciclo: 0.02s
Intervalo objetivo: 30s
Próximo ciclo en: 29.98s
----------------------------------------------------------------------------------------

========================================================================================
CICLO #0050 | 2026-09-03 13:50:09 UTC | símbolos=9
========================================================================================
[01/09] START High Frequency Vol 10 Index
[01/09] END   High Frequency Vol 10 Index | 1.69s | NO M5 CONFIRMATION
    Motivo: NO_DIRECTIONAL_M5_CONFIRMATION
[02/09] START High Frequency Vol 75 Index
[02/09] END   High Frequency Vol 75 Index | 0.75s | NO M5 CONFIRMATION
    Motivo: NO_DIRECTIONAL_M5_CONFIRMATION
[03/09] START Vol over Boom 750
[03/09] END   Vol over Boom 750 | 0.01s | DIRECCIÓN BLOQUEADA POR POLÍTICA DEL INSTRUMENTO
    Motivo: BOOM_BUY_ONLY_REQUIRES_BUY_H1_CONTEXT
[04/09] START Volatility 10 (1s) Index
[04/09] END   Volatility 10 (1s) Index | 1.29s | NO M5 CONFIRMATION
    Motivo: NO_DIRECTIONAL_M5_CONFIRMATION
[05/09] START Volatility 15 (1s) Index
[05/09] END   Volatility 15 (1s) Index | 1.01s | STALE M5 SIGNAL
    Motivo: M5_CONFIRMATION_TOO_OLD_FOR_LIVE_ENTRY
[06/09] START Volatility 25 Index
[06/09] END   Volatility 25 Index | 0.01s | INSTRUMENTO EN CUARENTENA DE RIESGO
    Motivo: cuarentena temporal por desviación marginal de ejecución
[07/09] START Volatility 5 (1s) Index
[07/09] END   Volatility 5 (1s) Index | 1.63s | NO M5 CONFIRMATION
    Motivo: NO_DIRECTIONAL_M5_CONFIRMATION
    Confirmaciones: 11/13 | 84.6% | calidad=93.00 | decisión=RECHAZADA
    Faltantes: rechazo del precio, desplazamiento
    Críticas faltantes: BOS REQUIRES REJECTION, DISPLACEMENT REQUIRED FOR LIVE ENTRY
    Rechazo técnico: bos rejection not confirmed, desplazamiento no confirmado, rechazo del precio no confirmado, falta una confirmación estructural crítica
[08/09] START Volatility 75 (1s) Index
[08/09] END   Volatility 75 (1s) Index | 0.72s | WAITING M5 AFTER M15
    Motivo: M5_CONFIRMATIONS_EXIST_BUT_ALL_PRECEDE_LATEST_M15_SETUP
[09/09] START VolSwitch High Vol Index
[09/09] END   VolSwitch High Vol Index | 1.10s | WAITING M5 AFTER M15
    Motivo: M5_CONFIRMATIONS_EXIST_BUT_ALL_PRECEDE_LATEST_M15_SETUP
----------------------------------------------------------------------------------------
RESUMEN DEL CICLO #0050
Símbolos analizados: 9
Sin señal: 0
Esperando/otros: 8
Señales rechazadas: 1
Bloqueadas por estado/límites: 0
Validadas DRY RUN: 0
Nuevas órdenes: 0
Operaciones cerradas sincronizadas: 0
Errores: 0
Duración del ciclo: 8.28s
Intervalo objetivo: 30s
Próximo ciclo en: 21.72s
----------------------------------------------------------------------------------------

========================================================================================
CICLO #0051 | 2026-09-03 13:50:39 UTC | símbolos=0
========================================================================================
----------------------------------------------------------------------------------------
RESUMEN DEL CICLO #0051
Símbolos analizados: 0
Sin señal: 0
Esperando/otros: 0
Señales rechazadas: 0
Bloqueadas por estado/límites: 0
Validadas DRY RUN: 0
Nuevas órdenes: 0
Operaciones cerradas sincronizadas: 0
Errores: 0
Duración del ciclo: 0.03s
Intervalo objetivo: 30s
Próximo ciclo en: 29.97s
----------------------------------------------------------------------------------------

========================================================================================
CICLO #0052 | 2026-09-03 13:51:09 UTC | símbolos=0
========================================================================================
----------------------------------------------------------------------------------------
RESUMEN DEL CICLO #0052
Símbolos analizados: 0
Sin señal: 0
Esperando/otros: 0
Señales rechazadas: 0
Bloqueadas por estado/límites: 0
Validadas DRY RUN: 0
Nuevas órdenes: 0
Operaciones cerradas sincronizadas: 0
Errores: 0
Duración del ciclo: 0.03s
Intervalo objetivo: 30s
Próximo ciclo en: 29.97s
----------------------------------------------------------------------------------------

========================================================================================
CICLO #0053 | 2026-09-03 13:51:39 UTC | símbolos=0
========================================================================================
----------------------------------------------------------------------------------------
RESUMEN DEL CICLO #0053
Símbolos analizados: 0
Sin señal: 0
Esperando/otros: 0
Señales rechazadas: 0
Bloqueadas por estado/límites: 0
Validadas DRY RUN: 0
Nuevas órdenes: 0
Operaciones cerradas sincronizadas: 0
Errores: 0
Duración del ciclo: 0.02s
Intervalo objetivo: 30s
Próximo ciclo en: 29.98s
----------------------------------------------------------------------------------------

========================================================================================
CICLO #0054 | 2026-09-03 13:52:09 UTC | símbolos=0
========================================================================================
----------------------------------------------------------------------------------------
RESUMEN DEL CICLO #0054
Símbolos analizados: 0
Sin señal: 0
Esperando/otros: 0
Señales rechazadas: 0
Bloqueadas por estado/límites: 0
Validadas DRY RUN: 0
Nuevas órdenes: 0
Operaciones cerradas sincronizadas: 0
Errores: 0
Duración del ciclo: 0.02s
Intervalo objetivo: 30s
Próximo ciclo en: 29.98s
----------------------------------------------------------------------------------------

========================================================================================
CICLO #0055 | 2026-09-03 13:52:39 UTC | símbolos=0
========================================================================================
----------------------------------------------------------------------------------------
RESUMEN DEL CICLO #0055
Símbolos analizados: 0
Sin señal: 0
Esperando/otros: 0
Señales rechazadas: 0
Bloqueadas por estado/límites: 0
Validadas DRY RUN: 0
Nuevas órdenes: 0
Operaciones cerradas sincronizadas: 0
Errores: 0
Duración del ciclo: 0.03s
Intervalo objetivo: 30s
Próximo ciclo en: 29.97s
----------------------------------------------------------------------------------------

========================================================================================
CICLO #0056 | 2026-09-03 13:53:09 UTC | símbolos=0
========================================================================================
----------------------------------------------------------------------------------------
RESUMEN DEL CICLO #0056
Símbolos analizados: 0
Sin señal: 0
Esperando/otros: 0
Señales rechazadas: 0
Bloqueadas por estado/límites: 0
Validadas DRY RUN: 0
Nuevas órdenes: 0
Operaciones cerradas sincronizadas: 0
Errores: 0
Duración del ciclo: 0.05s
Intervalo objetivo: 30s
Próximo ciclo en: 29.95s
----------------------------------------------------------------------------------------

========================================================================================
CICLO #0057 | 2026-09-03 13:53:39 UTC | símbolos=0
========================================================================================
----------------------------------------------------------------------------------------
RESUMEN DEL CICLO #0057
Símbolos analizados: 0
Sin señal: 0
Esperando/otros: 0
Señales rechazadas: 0
Bloqueadas por estado/límites: 0
Validadas DRY RUN: 0
Nuevas órdenes: 0
Operaciones cerradas sincronizadas: 0
Errores: 0
Duración del ciclo: 0.02s
Intervalo objetivo: 30s
Próximo ciclo en: 29.98s
----------------------------------------------------------------------------------------

========================================================================================
CICLO #0058 | 2026-09-03 13:54:09 UTC | símbolos=0
========================================================================================
----------------------------------------------------------------------------------------
RESUMEN DEL CICLO #0058
Símbolos analizados: 0
Sin señal: 0
Esperando/otros: 0
Señales rechazadas: 0
Bloqueadas por estado/límites: 0
Validadas DRY RUN: 0
Nuevas órdenes: 0
Operaciones cerradas sincronizadas: 0
Errores: 0
Duración del ciclo: 0.02s
Intervalo objetivo: 30s
Próximo ciclo en: 29.98s
----------------------------------------------------------------------------------------

========================================================================================
CICLO #0059 | 2026-09-03 13:54:39 UTC | símbolos=0
========================================================================================
----------------------------------------------------------------------------------------
RESUMEN DEL CICLO #0059
Símbolos analizados: 0
Sin señal: 0
Esperando/otros: 0
Señales rechazadas: 0
Bloqueadas por estado/límites: 0
Validadas DRY RUN: 0
Nuevas órdenes: 0
Operaciones cerradas sincronizadas: 0
Errores: 0
Duración del ciclo: 0.02s
Intervalo objetivo: 30s
Próximo ciclo en: 29.98s
----------------------------------------------------------------------------------------

========================================================================================
CICLO #0060 | 2026-09-03 13:55:09 UTC | símbolos=9
========================================================================================
[01/09] START High Frequency Vol 10 Index
[01/09] END   High Frequency Vol 10 Index | 1.19s | NO M5 CONFIRMATION
    Motivo: NO_DIRECTIONAL_M5_CONFIRMATION
[02/09] START High Frequency Vol 75 Index
[02/09] END   High Frequency Vol 75 Index | 0.42s | NO M5 CONFIRMATION
    Motivo: NO_DIRECTIONAL_M5_CONFIRMATION
[03/09] START Vol over Boom 750
[03/09] END   Vol over Boom 750 | 0.01s | DIRECCIÓN BLOQUEADA POR POLÍTICA DEL INSTRUMENTO
    Motivo: BOOM_BUY_ONLY_REQUIRES_BUY_H1_CONTEXT
[04/09] START Volatility 10 (1s) Index
[04/09] END   Volatility 10 (1s) Index | 0.99s | NO M5 CONFIRMATION
    Motivo: NO_DIRECTIONAL_M5_CONFIRMATION
[05/09] START Volatility 15 (1s) Index
[05/09] END   Volatility 15 (1s) Index | 0.96s | STALE M5 SIGNAL
    Motivo: M5_CONFIRMATION_TOO_OLD_FOR_LIVE_ENTRY
[06/09] START Volatility 25 Index
[06/09] END   Volatility 25 Index | 0.01s | INSTRUMENTO EN CUARENTENA DE RIESGO
    Motivo: cuarentena temporal por desviación marginal de ejecución
[07/09] START Volatility 5 (1s) Index
[07/09] END   Volatility 5 (1s) Index | 1.54s | NO M5 CONFIRMATION
    Motivo: NO_DIRECTIONAL_M5_CONFIRMATION
    Confirmaciones: 11/13 | 84.6% | calidad=93.00 | decisión=RECHAZADA
    Faltantes: rechazo del precio, desplazamiento
    Críticas faltantes: BOS REQUIRES REJECTION, DISPLACEMENT REQUIRED FOR LIVE ENTRY
    Rechazo técnico: bos rejection not confirmed, desplazamiento no confirmado, rechazo del precio no confirmado, falta una confirmación estructural crítica
[08/09] START Volatility 75 (1s) Index
[08/09] END   Volatility 75 (1s) Index | 0.73s | WAITING M5 AFTER M15
    Motivo: M5_CONFIRMATIONS_EXIST_BUT_ALL_PRECEDE_LATEST_M15_SETUP
[09/09] START VolSwitch High Vol Index
[09/09] END   VolSwitch High Vol Index | 1.19s | WAITING M5 AFTER M15
    Motivo: M5_CONFIRMATIONS_EXIST_BUT_ALL_PRECEDE_LATEST_M15_SETUP
----------------------------------------------------------------------------------------
RESUMEN DEL CICLO #0060
Símbolos analizados: 9
Sin señal: 0
Esperando/otros: 8
Señales rechazadas: 1
Bloqueadas por estado/límites: 0
Validadas DRY RUN: 0
Nuevas órdenes: 0
Operaciones cerradas sincronizadas: 0
Errores: 0
Duración del ciclo: 7.14s
Intervalo objetivo: 30s
Próximo ciclo en: 22.86s
----------------------------------------------------------------------------------------

========================================================================================
CICLO #0061 | 2026-09-03 13:55:39 UTC | símbolos=0
========================================================================================
----------------------------------------------------------------------------------------
RESUMEN DEL CICLO #0061
Símbolos analizados: 0
Sin señal: 0
Esperando/otros: 0
Señales rechazadas: 0
Bloqueadas por estado/límites: 0
Validadas DRY RUN: 0
Nuevas órdenes: 0
Operaciones cerradas sincronizadas: 0
Errores: 0
Duración del ciclo: 0.02s
Intervalo objetivo: 30s
Próximo ciclo en: 29.98s
----------------------------------------------------------------------------------------

========================================================================================
CICLO #0062 | 2026-09-03 13:56:09 UTC | símbolos=0
========================================================================================
----------------------------------------------------------------------------------------
RESUMEN DEL CICLO #0062
Símbolos analizados: 0
Sin señal: 0
Esperando/otros: 0
Señales rechazadas: 0
Bloqueadas por estado/límites: 0
Validadas DRY RUN: 0
Nuevas órdenes: 0
Operaciones cerradas sincronizadas: 0
Errores: 0
Duración del ciclo: 0.02s
Intervalo objetivo: 30s
Próximo ciclo en: 29.98s
----------------------------------------------------------------------------------------

========================================================================================
CICLO #0063 | 2026-09-03 13:56:39 UTC | símbolos=0
========================================================================================
----------------------------------------------------------------------------------------
RESUMEN DEL CICLO #0063
Símbolos analizados: 0
Sin señal: 0
Esperando/otros: 0
Señales rechazadas: 0
Bloqueadas por estado/límites: 0
Validadas DRY RUN: 0
Nuevas órdenes: 0
Operaciones cerradas sincronizadas: 0
Errores: 0
Duración del ciclo: 0.03s
Intervalo objetivo: 30s
Próximo ciclo en: 29.97s
----------------------------------------------------------------------------------------

========================================================================================
CICLO #0064 | 2026-09-03 13:57:09 UTC | símbolos=0
========================================================================================
----------------------------------------------------------------------------------------
RESUMEN DEL CICLO #0064
Símbolos analizados: 0
Sin señal: 0
Esperando/otros: 0
Señales rechazadas: 0
Bloqueadas por estado/límites: 0
Validadas DRY RUN: 0
Nuevas órdenes: 0
Operaciones cerradas sincronizadas: 0
Errores: 0
Duración del ciclo: 0.02s
Intervalo objetivo: 30s
Próximo ciclo en: 29.98s
----------------------------------------------------------------------------------------

========================================================================================
CICLO #0065 | 2026-09-03 13:57:39 UTC | símbolos=0
========================================================================================
----------------------------------------------------------------------------------------
RESUMEN DEL CICLO #0065
Símbolos analizados: 0
Sin señal: 0
Esperando/otros: 0
Señales rechazadas: 0
Bloqueadas por estado/límites: 0
Validadas DRY RUN: 0
Nuevas órdenes: 0
Operaciones cerradas sincronizadas: 0
Errores: 0
Duración del ciclo: 0.03s
Intervalo objetivo: 30s
Próximo ciclo en: 29.97s
----------------------------------------------------------------------------------------

========================================================================================
CICLO #0066 | 2026-09-03 13:58:09 UTC | símbolos=0
========================================================================================
----------------------------------------------------------------------------------------
RESUMEN DEL CICLO #0066
Símbolos analizados: 0
Sin señal: 0
Esperando/otros: 0
Señales rechazadas: 0
Bloqueadas por estado/límites: 0
Validadas DRY RUN: 0
Nuevas órdenes: 0
Operaciones cerradas sincronizadas: 0
Errores: 0
Duración del ciclo: 0.02s
Intervalo objetivo: 30s
Próximo ciclo en: 29.98s
----------------------------------------------------------------------------------------

========================================================================================
CICLO #0067 | 2026-09-03 13:58:39 UTC | símbolos=0
========================================================================================
----------------------------------------------------------------------------------------
RESUMEN DEL CICLO #0067
Símbolos analizados: 0
Sin señal: 0
Esperando/otros: 0
Señales rechazadas: 0
Bloqueadas por estado/límites: 0
Validadas DRY RUN: 0
Nuevas órdenes: 0
Operaciones cerradas sincronizadas: 0
Errores: 0
Duración del ciclo: 0.02s
Intervalo objetivo: 30s
Próximo ciclo en: 29.98s
----------------------------------------------------------------------------------------

========================================================================================
CICLO #0068 | 2026-09-03 13:59:09 UTC | símbolos=0
========================================================================================
----------------------------------------------------------------------------------------
RESUMEN DEL CICLO #0068
Símbolos analizados: 0
Sin señal: 0
Esperando/otros: 0
Señales rechazadas: 0
Bloqueadas por estado/límites: 0
Validadas DRY RUN: 0
Nuevas órdenes: 0
Operaciones cerradas sincronizadas: 0
Errores: 0
Duración del ciclo: 0.03s
Intervalo objetivo: 30s
Próximo ciclo en: 29.97s
----------------------------------------------------------------------------------------

========================================================================================
CICLO #0069 | 2026-09-03 13:59:39 UTC | símbolos=0
========================================================================================
----------------------------------------------------------------------------------------
RESUMEN DEL CICLO #0069
Símbolos analizados: 0
Sin señal: 0
Esperando/otros: 0
Señales rechazadas: 0
Bloqueadas por estado/límites: 0
Validadas DRY RUN: 0
Nuevas órdenes: 0
Operaciones cerradas sincronizadas: 0
Errores: 0
Duración del ciclo: 0.02s
Intervalo objetivo: 30s
Próximo ciclo en: 29.98s
----------------------------------------------------------------------------------------

========================================================================================
CICLO #0070 | 2026-09-03 14:00:09 UTC | símbolos=9
========================================================================================
[01/09] START High Frequency Vol 10 Index
[01/09] END   High Frequency Vol 10 Index | 5.46s | NO M5 CONFIRMATION
    Motivo: NO_DIRECTIONAL_M5_CONFIRMATION
[02/09] START High Frequency Vol 75 Index
[02/09] END   High Frequency Vol 75 Index | 3.76s | NO M5 CONFIRMATION
    Motivo: NO_DIRECTIONAL_M5_CONFIRMATION
[03/09] START Vol over Boom 750
[03/09] END   Vol over Boom 750 | 1.02s | DIRECCIÓN BLOQUEADA POR POLÍTICA DEL INSTRUMENTO
    Motivo: BOOM_BUY_ONLY_REQUIRES_BUY_H1_CONTEXT
[04/09] START Volatility 10 (1s) Index
[04/09] END   Volatility 10 (1s) Index | 8.92s | NO M5 CONFIRMATION
    Motivo: NO_DIRECTIONAL_M5_CONFIRMATION
[05/09] START Volatility 15 (1s) Index
[05/09] END   Volatility 15 (1s) Index | 4.36s | STALE M5 SIGNAL
    Motivo: M5_CONFIRMATION_TOO_OLD_FOR_LIVE_ENTRY
[06/09] START Volatility 25 Index
[06/09] END   Volatility 25 Index | 0.01s | INSTRUMENTO EN CUARENTENA DE RIESGO
    Motivo: cuarentena temporal por desviación marginal de ejecución
[07/09] START Volatility 5 (1s) Index
[07/09] END   Volatility 5 (1s) Index | 7.46s | NO M5 CONFIRMATION
    Motivo: NO_DIRECTIONAL_M5_CONFIRMATION
    Confirmaciones: 11/13 | 84.6% | calidad=93.00 | decisión=RECHAZADA
    Faltantes: rechazo del precio, desplazamiento
    Críticas faltantes: BOS REQUIRES REJECTION, DISPLACEMENT REQUIRED FOR LIVE ENTRY
    Rechazo técnico: bos rejection not confirmed, desplazamiento no confirmado, rechazo del precio no confirmado, falta una confirmación estructural crítica
[08/09] START Volatility 75 (1s) Index
[08/09] END   Volatility 75 (1s) Index | 4.26s | NO M5 CONFIRMATION
    Motivo: NO_DIRECTIONAL_M5_CONFIRMATION
[09/09] START VolSwitch High Vol Index
[09/09] END   VolSwitch High Vol Index | 3.77s | WAITING M5 AFTER M15
    Motivo: M5_CONFIRMATIONS_EXIST_BUT_ALL_PRECEDE_LATEST_M15_SETUP
----------------------------------------------------------------------------------------
RESUMEN DEL CICLO #0070
Símbolos analizados: 9
Sin señal: 0
Esperando/otros: 8
Señales rechazadas: 1
Bloqueadas por estado/límites: 0
Validadas DRY RUN: 0
Nuevas órdenes: 0
Operaciones cerradas sincronizadas: 0
Errores: 0
Duración del ciclo: 39.09s
Intervalo objetivo: 30s
Próximo ciclo en: 0.00s
[AVISO] Ciclo excedio el intervalo por: 9.09s
----------------------------------------------------------------------------------------

========================================================================================
CICLO #0071 | 2026-09-03 14:00:48 UTC | símbolos=0
========================================================================================
----------------------------------------------------------------------------------------
RESUMEN DEL CICLO #0071
Símbolos analizados: 0
Sin señal: 0
Esperando/otros: 0
Señales rechazadas: 0
Bloqueadas por estado/límites: 0
Validadas DRY RUN: 0
Nuevas órdenes: 0
Operaciones cerradas sincronizadas: 0
Errores: 0
Duración del ciclo: 0.03s
Intervalo objetivo: 30s
Próximo ciclo en: 29.97s
----------------------------------------------------------------------------------------

========================================================================================
CICLO #0072 | 2026-09-03 14:01:18 UTC | símbolos=0
========================================================================================
----------------------------------------------------------------------------------------
RESUMEN DEL CICLO #0072
Símbolos analizados: 0
Sin señal: 0
Esperando/otros: 0
Señales rechazadas: 0
Bloqueadas por estado/límites: 0
Validadas DRY RUN: 0
Nuevas órdenes: 0
Operaciones cerradas sincronizadas: 0
Errores: 0
Duración del ciclo: 0.02s
Intervalo objetivo: 30s
Próximo ciclo en: 29.98s
----------------------------------------------------------------------------------------

========================================================================================
CICLO #0073 | 2026-09-03 14:01:48 UTC | símbolos=0
========================================================================================
----------------------------------------------------------------------------------------
RESUMEN DEL CICLO #0073
Símbolos analizados: 0
Sin señal: 0
Esperando/otros: 0
Señales rechazadas: 0
Bloqueadas por estado/límites: 0
Validadas DRY RUN: 0
Nuevas órdenes: 0
Operaciones cerradas sincronizadas: 0
Errores: 0
Duración del ciclo: 0.03s
Intervalo objetivo: 30s
Próximo ciclo en: 29.97s
----------------------------------------------------------------------------------------

========================================================================================
CICLO #0074 | 2026-09-03 14:02:18 UTC | símbolos=0
========================================================================================
----------------------------------------------------------------------------------------
RESUMEN DEL CICLO #0074
Símbolos analizados: 0
Sin señal: 0
Esperando/otros: 0
Señales rechazadas: 0
Bloqueadas por estado/límites: 0
Validadas DRY RUN: 0
Nuevas órdenes: 0
Operaciones cerradas sincronizadas: 0
Errores: 0
Duración del ciclo: 0.02s
Intervalo objetivo: 30s
Próximo ciclo en: 29.98s
----------------------------------------------------------------------------------------

========================================================================================
CICLO #0075 | 2026-09-03 14:02:48 UTC | símbolos=0
========================================================================================
----------------------------------------------------------------------------------------
RESUMEN DEL CICLO #0075
Símbolos analizados: 0
Sin señal: 0
Esperando/otros: 0
Señales rechazadas: 0
Bloqueadas por estado/límites: 0
Validadas DRY RUN: 0
Nuevas órdenes: 0
Operaciones cerradas sincronizadas: 0
Errores: 0
Duración del ciclo: 0.04s
Intervalo objetivo: 30s
Próximo ciclo en: 29.96s
----------------------------------------------------------------------------------------

========================================================================================
CICLO #0076 | 2026-09-03 14:03:18 UTC | símbolos=0
========================================================================================
----------------------------------------------------------------------------------------
RESUMEN DEL CICLO #0076
Símbolos analizados: 0
Sin señal: 0
Esperando/otros: 0
Señales rechazadas: 0
Bloqueadas por estado/límites: 0
Validadas DRY RUN: 0
Nuevas órdenes: 0
Operaciones cerradas sincronizadas: 0
Errores: 0
Duración del ciclo: 0.02s
Intervalo objetivo: 30s
Próximo ciclo en: 29.98s
----------------------------------------------------------------------------------------

========================================================================================
CICLO #0077 | 2026-09-03 14:03:48 UTC | símbolos=0
========================================================================================
----------------------------------------------------------------------------------------
RESUMEN DEL CICLO #0077
Símbolos analizados: 0
Sin señal: 0
Esperando/otros: 0
Señales rechazadas: 0
Bloqueadas por estado/límites: 0
Validadas DRY RUN: 0
Nuevas órdenes: 0
Operaciones cerradas sincronizadas: 0
Errores: 0
Duración del ciclo: 0.02s
Intervalo objetivo: 30s
Próximo ciclo en: 29.98s
----------------------------------------------------------------------------------------

========================================================================================
CICLO #0078 | 2026-09-03 14:04:18 UTC | símbolos=0
========================================================================================
----------------------------------------------------------------------------------------
RESUMEN DEL CICLO #0078
Símbolos analizados: 0
Sin señal: 0
Esperando/otros: 0
Señales rechazadas: 0
Bloqueadas por estado/límites: 0
Validadas DRY RUN: 0
Nuevas órdenes: 0
Operaciones cerradas sincronizadas: 0
Errores: 0
Duración del ciclo: 0.02s
Intervalo objetivo: 30s
Próximo ciclo en: 29.98s
----------------------------------------------------------------------------------------

========================================================================================
CICLO #0079 | 2026-09-03 14:04:48 UTC | símbolos=0
========================================================================================
----------------------------------------------------------------------------------------
RESUMEN DEL CICLO #0079
Símbolos analizados: 0
Sin señal: 0
Esperando/otros: 0
Señales rechazadas: 0
Bloqueadas por estado/límites: 0
Validadas DRY RUN: 0
Nuevas órdenes: 0
Operaciones cerradas sincronizadas: 0
Errores: 0
Duración del ciclo: 0.03s
Intervalo objetivo: 30s
Próximo ciclo en: 29.97s
----------------------------------------------------------------------------------------

========================================================================================
CICLO #0080 | 2026-09-03 14:05:18 UTC | símbolos=9
========================================================================================
[01/09] START High Frequency Vol 10 Index
[01/09] END   High Frequency Vol 10 Index | 1.02s | NO M5 CONFIRMATION
    Motivo: NO_DIRECTIONAL_M5_CONFIRMATION
[02/09] START High Frequency Vol 75 Index
[02/09] END   High Frequency Vol 75 Index | 0.45s | NO M5 CONFIRMATION
    Motivo: NO_DIRECTIONAL_M5_CONFIRMATION
[03/09] START Vol over Boom 750
[03/09] END   Vol over Boom 750 | 0.01s | DIRECCIÓN BLOQUEADA POR POLÍTICA DEL INSTRUMENTO
    Motivo: BOOM_BUY_ONLY_REQUIRES_BUY_H1_CONTEXT
[04/09] START Volatility 10 (1s) Index
[04/09] END   Volatility 10 (1s) Index | 0.90s | NO M5 CONFIRMATION
    Motivo: NO_DIRECTIONAL_M5_CONFIRMATION
[05/09] START Volatility 15 (1s) Index
[05/09] END   Volatility 15 (1s) Index | 0.76s | STALE M5 SIGNAL
    Motivo: M5_CONFIRMATION_TOO_OLD_FOR_LIVE_ENTRY
[06/09] START Volatility 25 Index
[06/09] END   Volatility 25 Index | 0.00s | INSTRUMENTO EN CUARENTENA DE RIESGO
    Motivo: cuarentena temporal por desviación marginal de ejecución
[07/09] START Volatility 5 (1s) Index
[07/09] END   Volatility 5 (1s) Index | 1.32s | NO M5 CONFIRMATION
    Motivo: NO_DIRECTIONAL_M5_CONFIRMATION
    Confirmaciones: 11/13 | 84.6% | calidad=93.00 | decisión=RECHAZADA
    Faltantes: rechazo del precio, desplazamiento
    Críticas faltantes: BOS REQUIRES REJECTION, DISPLACEMENT REQUIRED FOR LIVE ENTRY
    Rechazo técnico: bos rejection not confirmed, desplazamiento no confirmado, rechazo del precio no confirmado, falta una confirmación estructural crítica
[08/09] START Volatility 75 (1s) Index
[08/09] END   Volatility 75 (1s) Index | 0.61s | NO M5 CONFIRMATION
    Motivo: NO_DIRECTIONAL_M5_CONFIRMATION
[09/09] START VolSwitch High Vol Index
[09/09] END   VolSwitch High Vol Index | 0.99s | WAITING M5 AFTER M15
    Motivo: M5_CONFIRMATIONS_EXIST_BUT_ALL_PRECEDE_LATEST_M15_SETUP
----------------------------------------------------------------------------------------
RESUMEN DEL CICLO #0080
Símbolos analizados: 9
Sin señal: 0
Esperando/otros: 8
Señales rechazadas: 1
Bloqueadas por estado/límites: 0
Validadas DRY RUN: 0
Nuevas órdenes: 0
Operaciones cerradas sincronizadas: 0
Errores: 0
Duración del ciclo: 6.12s
Intervalo objetivo: 30s
Próximo ciclo en: 23.88s
----------------------------------------------------------------------------------------

========================================================================================
CICLO #0081 | 2026-09-03 14:05:48 UTC | símbolos=0
========================================================================================
----------------------------------------------------------------------------------------
RESUMEN DEL CICLO #0081
Símbolos analizados: 0
Sin señal: 0
Esperando/otros: 0
Señales rechazadas: 0
Bloqueadas por estado/límites: 0
Validadas DRY RUN: 0
Nuevas órdenes: 0
Operaciones cerradas sincronizadas: 0
Errores: 0
Duración del ciclo: 0.02s
Intervalo objetivo: 30s
Próximo ciclo en: 29.98s
----------------------------------------------------------------------------------------

========================================================================================
CICLO #0082 | 2026-09-03 14:06:18 UTC | símbolos=0
========================================================================================
----------------------------------------------------------------------------------------
RESUMEN DEL CICLO #0082
Símbolos analizados: 0
Sin señal: 0
Esperando/otros: 0
Señales rechazadas: 0
Bloqueadas por estado/límites: 0
Validadas DRY RUN: 0
Nuevas órdenes: 0
Operaciones cerradas sincronizadas: 0
Errores: 0
Duración del ciclo: 0.02s
Intervalo objetivo: 30s
Próximo ciclo en: 29.98s
----------------------------------------------------------------------------------------

========================================================================================
CICLO #0083 | 2026-09-03 14:06:48 UTC | símbolos=0
========================================================================================
----------------------------------------------------------------------------------------
RESUMEN DEL CICLO #0083
Símbolos analizados: 0
Sin señal: 0
Esperando/otros: 0
Señales rechazadas: 0
Bloqueadas por estado/límites: 0
Validadas DRY RUN: 0
Nuevas órdenes: 0
Operaciones cerradas sincronizadas: 0
Errores: 0
Duración del ciclo: 0.02s
Intervalo objetivo: 30s
Próximo ciclo en: 29.98s
----------------------------------------------------------------------------------------

========================================================================================
CICLO #0084 | 2026-09-03 14:07:18 UTC | símbolos=0
========================================================================================
----------------------------------------------------------------------------------------
RESUMEN DEL CICLO #0084
Símbolos analizados: 0
Sin señal: 0
Esperando/otros: 0
Señales rechazadas: 0
Bloqueadas por estado/límites: 0
Validadas DRY RUN: 0
Nuevas órdenes: 0
Operaciones cerradas sincronizadas: 0
Errores: 0
Duración del ciclo: 0.03s
Intervalo objetivo: 30s
Próximo ciclo en: 29.97s
----------------------------------------------------------------------------------------

========================================================================================
CICLO #0085 | 2026-09-03 14:07:48 UTC | símbolos=0
========================================================================================
----------------------------------------------------------------------------------------
RESUMEN DEL CICLO #0085
Símbolos analizados: 0
Sin señal: 0
Esperando/otros: 0
Señales rechazadas: 0
Bloqueadas por estado/límites: 0
Validadas DRY RUN: 0
Nuevas órdenes: 0
Operaciones cerradas sincronizadas: 0
Errores: 0
Duración del ciclo: 0.03s
Intervalo objetivo: 30s
Próximo ciclo en: 29.97s
----------------------------------------------------------------------------------------

========================================================================================
CICLO #0086 | 2026-09-03 14:08:18 UTC | símbolos=0
========================================================================================
----------------------------------------------------------------------------------------
RESUMEN DEL CICLO #0086
Símbolos analizados: 0
Sin señal: 0
Esperando/otros: 0
Señales rechazadas: 0
Bloqueadas por estado/límites: 0
Validadas DRY RUN: 0
Nuevas órdenes: 0
Operaciones cerradas sincronizadas: 0
Errores: 0
Duración del ciclo: 0.03s
Intervalo objetivo: 30s
Próximo ciclo en: 29.97s
----------------------------------------------------------------------------------------

========================================================================================
CICLO #0087 | 2026-09-03 14:08:48 UTC | símbolos=0
========================================================================================
----------------------------------------------------------------------------------------
RESUMEN DEL CICLO #0087
Símbolos analizados: 0
Sin señal: 0
Esperando/otros: 0
Señales rechazadas: 0
Bloqueadas por estado/límites: 0
Validadas DRY RUN: 0
Nuevas órdenes: 0
Operaciones cerradas sincronizadas: 0
Errores: 0
Duración del ciclo: 0.03s
Intervalo objetivo: 30s
Próximo ciclo en: 29.97s
----------------------------------------------------------------------------------------

========================================================================================
CICLO #0088 | 2026-09-03 14:09:18 UTC | símbolos=0
========================================================================================
----------------------------------------------------------------------------------------
RESUMEN DEL CICLO #0088
Símbolos analizados: 0
Sin señal: 0
Esperando/otros: 0
Señales rechazadas: 0
Bloqueadas por estado/límites: 0
Validadas DRY RUN: 0
Nuevas órdenes: 0
Operaciones cerradas sincronizadas: 0
Errores: 0
Duración del ciclo: 0.03s
Intervalo objetivo: 30s
Próximo ciclo en: 29.97s
----------------------------------------------------------------------------------------

========================================================================================
CICLO #0089 | 2026-09-03 14:09:48 UTC | símbolos=0
========================================================================================
----------------------------------------------------------------------------------------
RESUMEN DEL CICLO #0089
Símbolos analizados: 0
Sin señal: 0
Esperando/otros: 0
Señales rechazadas: 0
Bloqueadas por estado/límites: 0
Validadas DRY RUN: 0
Nuevas órdenes: 0
Operaciones cerradas sincronizadas: 0
Errores: 0
Duración del ciclo: 0.03s
Intervalo objetivo: 30s
Próximo ciclo en: 29.97s
----------------------------------------------------------------------------------------

========================================================================================
CICLO #0090 | 2026-09-03 14:10:18 UTC | símbolos=9
========================================================================================
[01/09] START High Frequency Vol 10 Index
[01/09] END   High Frequency Vol 10 Index | 1.17s | NO M5 CONFIRMATION
    Motivo: NO_DIRECTIONAL_M5_CONFIRMATION
[02/09] START High Frequency Vol 75 Index
[02/09] END   High Frequency Vol 75 Index | 0.48s | NO M5 CONFIRMATION
    Motivo: NO_DIRECTIONAL_M5_CONFIRMATION
[03/09] START Vol over Boom 750
[03/09] END   Vol over Boom 750 | 0.01s | DIRECCIÓN BLOQUEADA POR POLÍTICA DEL INSTRUMENTO
    Motivo: BOOM_BUY_ONLY_REQUIRES_BUY_H1_CONTEXT
[04/09] START Volatility 10 (1s) Index
[04/09] END   Volatility 10 (1s) Index | 1.08s | NO M5 CONFIRMATION
    Motivo: NO_DIRECTIONAL_M5_CONFIRMATION
[05/09] START Volatility 15 (1s) Index
[05/09] END   Volatility 15 (1s) Index | 0.79s | STALE M5 SIGNAL
    Motivo: M5_CONFIRMATION_TOO_OLD_FOR_LIVE_ENTRY
[06/09] START Volatility 25 Index
[06/09] END   Volatility 25 Index | 0.00s | INSTRUMENTO EN CUARENTENA DE RIESGO
    Motivo: cuarentena temporal por desviación marginal de ejecución
[07/09] START Volatility 5 (1s) Index
[07/09] END   Volatility 5 (1s) Index | 1.52s | NO M5 CONFIRMATION
    Motivo: NO_DIRECTIONAL_M5_CONFIRMATION
    Confirmaciones: 11/13 | 84.6% | calidad=93.00 | decisión=RECHAZADA
    Faltantes: rechazo del precio, desplazamiento
    Críticas faltantes: BOS REQUIRES REJECTION, DISPLACEMENT REQUIRED FOR LIVE ENTRY
    Rechazo técnico: bos rejection not confirmed, desplazamiento no confirmado, rechazo del precio no confirmado, falta una confirmación estructural crítica
[08/09] START Volatility 75 (1s) Index
[08/09] END   Volatility 75 (1s) Index | 0.73s | NO M5 CONFIRMATION
    Motivo: NO_DIRECTIONAL_M5_CONFIRMATION
[09/09] START VolSwitch High Vol Index
[09/09] END   VolSwitch High Vol Index | 1.23s | WAITING M5 AFTER M15
    Motivo: M5_CONFIRMATIONS_EXIST_BUT_ALL_PRECEDE_LATEST_M15_SETUP
----------------------------------------------------------------------------------------
RESUMEN DEL CICLO #0090
Símbolos analizados: 9
Sin señal: 0
Esperando/otros: 8
Señales rechazadas: 1
Bloqueadas por estado/límites: 0
Validadas DRY RUN: 0
Nuevas órdenes: 0
Operaciones cerradas sincronizadas: 0
Errores: 0
Duración del ciclo: 7.99s
Intervalo objetivo: 30s
Próximo ciclo en: 22.01s
----------------------------------------------------------------------------------------

========================================================================================
CICLO #0091 | 2026-09-03 14:10:48 UTC | símbolos=0
========================================================================================
----------------------------------------------------------------------------------------
RESUMEN DEL CICLO #0091
Símbolos analizados: 0
Sin señal: 0
Esperando/otros: 0
Señales rechazadas: 0
Bloqueadas por estado/límites: 0
Validadas DRY RUN: 0
Nuevas órdenes: 0
Operaciones cerradas sincronizadas: 0
Errores: 0
Duración del ciclo: 0.03s
Intervalo objetivo: 30s
Próximo ciclo en: 29.97s
----------------------------------------------------------------------------------------
Bot detenido por el usuario.
========================================================================
DERIV DEMO EXECUTION PREFLIGHT
========================================================================
[OK] MT5_ACCOUNT_INFO {'login': 41108926, 'server': 'Deriv-Demo', 'currency': 'USD', 'balance': 9986.48, 'equity': 9953.55, 'margin': 43.51, 'free_margin': 9910.04, 'profit': -32.93, 'leverage': 1000, 'trade_mode': 0, 'snapshot_time': datetime.datetime(2026, 9, 3, 14, 12, 13, 835060, tzinfo=datetime.timezone.utc), 'broker': 'MT5'}
[OK] MT5_TERMINAL_CONNECTED {'trade_allowed': True, 'tradeapi_disabled': False}
[OK] MT5_AUTOTRADING_ALLOWED {'trade_allowed': True, 'tradeapi_disabled': False}
[OK] DEMO_ACCOUNT {'trade_mode': 0, 'server': 'Deriv-Demo'}
[OK] FREE_MARGIN {'free_margin': 9910.04, 'required': 0.0}
[OK] DATABASE_READY {}
[OK] SYMBOL:High Frequency Vol 10 Index {'visible': True, 'trade_mode': 4, 'volume_min': 0.1, 'volume_step': 0.01, 'point': 0.01, 'stops_level_points': 869}
[OK] SYMBOL:High Frequency Vol 75 Index {'visible': True, 'trade_mode': 4, 'volume_min': 0.05, 'volume_step': 0.01, 'point': 0.01, 'stops_level_points': 6799}
[OK] SYMBOL:Vol over Boom 750 {'visible': True, 'trade_mode': 4, 'volume_min': 0.1, 'volume_step': 0.01, 'point': 0.01, 'stops_level_points': 250}
[OK] SYMBOL:Volatility 10 (1s) Index {'visible': True, 'trade_mode': 4, 'volume_min': 0.5, 'volume_step': 0.01, 'point': 0.01, 'stops_level_points': 106}
[OK] SYMBOL:Volatility 15 (1s) Index {'visible': True, 'trade_mode': 4, 'volume_min': 0.2, 'volume_step': 0.01, 'point': 0.001, 'stops_level_points': 1908}
[OK] SYMBOL:Volatility 25 Index {'visible': True, 'trade_mode': 4, 'volume_min': 0.5, 'volume_step': 0.01, 'point': 0.001, 'stops_level_points': 423}
[OK] SYMBOL:Volatility 5 (1s) Index {'visible': True, 'trade_mode': 4, 'volume_min': 0.05, 'volume_step': 0.01, 'point': 0.01, 'stops_level_points': 420}
[OK] SYMBOL:Volatility 75 (1s) Index {'visible': True, 'trade_mode': 4, 'volume_min': 0.05, 'volume_step': 0.001, 'point': 0.01, 'stops_level_points': 432}
[OK] SYMBOL:VolSwitch High Vol Index {'visible': True, 'trade_mode': 4, 'volume_min': 0.1, 'volume_step': 0.1, 'point': 0.01, 'stops_level_points': 1000}
========================================================================
STATUS: READY FOR DEMO EXECUTION
DAEMONBLACKFX VERSION: v100-entry-quality-recoverable-quarantine-winrate-audit
BOT ACTIVO: VOLATILITY_1 | MAGIC=26082401 | ESTRATEGIA=SMC/ORB | instrumentos=9 | auto_export=False
========================================================================================
BOT SMC MT5 - DERIV DEMO
========================================================================================
Cuenta: 41108926 | Servidor: Deriv-Demo
Balance: 9986.48 USD
Modo: EJECUCIÓN DEMO
Riesgo por trade: 1.00% | R:R mínimo: 1.50
Intervalo: 30s | Símbolos: 9
Reporte XLSX: C:\TradingBoot\smc_synthetic_bot\storage\exports\deriv_demo_trading_report.xlsx
Pipeline: SMC -> TradeLifecycleManager -> MT5TradeExecutor -> SQLite -> XLSX
========================================================================================
Daemon activo: señales=30s | monitor posiciones/BE=2s | símbolos=9
Progreso: se mostrará cada símbolo y su tiempo de análisis.
{'action': 'POSITION_MONITOR_STARTED', 'signal_interval_seconds': 30, 'position_monitor_interval_seconds': 2, 'monitor_mode': 'BACKGROUND_DECOUPLED'}

========================================================================================
CICLO #0001 | 2026-09-03 14:12:23 UTC | símbolos=9
========================================================================================
[01/09] START High Frequency Vol 10 Index
[01/09] END   High Frequency Vol 10 Index | 6.18s | NO M5 CONFIRMATION
    Motivo: NO_DIRECTIONAL_M5_CONFIRMATION
[02/09] START High Frequency Vol 75 Index
[02/09] END   High Frequency Vol 75 Index | 3.70s | NO M5 CONFIRMATION
    Motivo: NO_DIRECTIONAL_M5_CONFIRMATION
[03/09] START Vol over Boom 750
[03/09] END   Vol over Boom 750 | 2.21s | DIRECCIÓN BLOQUEADA POR POLÍTICA DEL INSTRUMENTO
    Motivo: BOOM_BUY_ONLY_REQUIRES_BUY_H1_CONTEXT
[04/09] START Volatility 10 (1s) Index
[04/09] END   Volatility 10 (1s) Index | 8.90s | NO M5 CONFIRMATION
    Motivo: NO_DIRECTIONAL_M5_CONFIRMATION
[05/09] START Volatility 15 (1s) Index
[05/09] END   Volatility 15 (1s) Index | 4.11s | STALE M5 SIGNAL
    Motivo: M5_CONFIRMATION_TOO_OLD_FOR_LIVE_ENTRY
[06/09] START Volatility 25 Index
[06/09] END   Volatility 25 Index | 0.01s | INSTRUMENTO EN CUARENTENA DE RIESGO
    Motivo: cuarentena temporal por desviación marginal de ejecución
[07/09] START Volatility 5 (1s) Index
[07/09] END   Volatility 5 (1s) Index | 7.78s | NO M5 CONFIRMATION
    Motivo: NO_DIRECTIONAL_M5_CONFIRMATION
    Confirmaciones: 11/13 | 84.6% | calidad=93.00 | decisión=RECHAZADA
    Faltantes: rechazo del precio, desplazamiento
    Críticas faltantes: BOS REQUIRES REJECTION, DISPLACEMENT REQUIRED FOR LIVE ENTRY
    Rechazo técnico: bos rejection not confirmed, desplazamiento no confirmado, rechazo del precio no confirmado, falta una confirmación estructural crítica
[08/09] START Volatility 75 (1s) Index
[08/09] END   Volatility 75 (1s) Index | 4.88s | NO M5 CONFIRMATION
    Motivo: NO_DIRECTIONAL_M5_CONFIRMATION
[09/09] START VolSwitch High Vol Index
[09/09] END   VolSwitch High Vol Index | 4.46s | WAITING M5 AFTER M15
    Motivo: M5_CONFIRMATIONS_EXIST_BUT_ALL_PRECEDE_LATEST_M15_SETUP
----------------------------------------------------------------------------------------
RESUMEN DEL CICLO #0001
Símbolos analizados: 9
Sin señal: 0
Esperando/otros: 8
Señales rechazadas: 1
Bloqueadas por estado/límites: 0
Validadas DRY RUN: 0
Nuevas órdenes: 0
Operaciones cerradas sincronizadas: 0
Errores: 0
Duración del ciclo: 45.48s
Intervalo objetivo: 30s
Próximo ciclo en: 0.00s
[AVISO] Ciclo excedio el intervalo por: 15.48s
----------------------------------------------------------------------------------------

========================================================================================
CICLO #0002 | 2026-09-03 14:13:09 UTC | símbolos=0
========================================================================================
----------------------------------------------------------------------------------------
RESUMEN DEL CICLO #0002
Símbolos analizados: 0
Sin señal: 0
Esperando/otros: 0
Señales rechazadas: 0
Bloqueadas por estado/límites: 0
Validadas DRY RUN: 0
Nuevas órdenes: 0
Operaciones cerradas sincronizadas: 0
Errores: 0
Duración del ciclo: 0.03s
Intervalo objetivo: 30s
Próximo ciclo en: 29.97s
----------------------------------------------------------------------------------------

========================================================================================
CICLO #0003 | 2026-09-03 14:13:39 UTC | símbolos=0
========================================================================================
----------------------------------------------------------------------------------------
RESUMEN DEL CICLO #0003
Símbolos analizados: 0
Sin señal: 0
Esperando/otros: 0
Señales rechazadas: 0
Bloqueadas por estado/límites: 0
Validadas DRY RUN: 0
Nuevas órdenes: 0
Operaciones cerradas sincronizadas: 0
Errores: 0
Duración del ciclo: 0.02s
Intervalo objetivo: 30s
Próximo ciclo en: 29.98s
----------------------------------------------------------------------------------------

========================================================================================
CICLO #0004 | 2026-09-03 14:14:09 UTC | símbolos=0
========================================================================================
----------------------------------------------------------------------------------------
RESUMEN DEL CICLO #0004
Símbolos analizados: 0
Sin señal: 0
Esperando/otros: 0
Señales rechazadas: 0
Bloqueadas por estado/límites: 0
Validadas DRY RUN: 0
Nuevas órdenes: 0
Operaciones cerradas sincronizadas: 0
Errores: 0
Duración del ciclo: 0.03s
Intervalo objetivo: 30s
Próximo ciclo en: 29.97s
----------------------------------------------------------------------------------------

========================================================================================
CICLO #0005 | 2026-09-03 14:14:39 UTC | símbolos=0
========================================================================================
----------------------------------------------------------------------------------------
RESUMEN DEL CICLO #0005
Símbolos analizados: 0
Sin señal: 0
Esperando/otros: 0
Señales rechazadas: 0
Bloqueadas por estado/límites: 0
Validadas DRY RUN: 0
Nuevas órdenes: 0
Operaciones cerradas sincronizadas: 0
Errores: 0
Duración del ciclo: 0.03s
Intervalo objetivo: 30s
Próximo ciclo en: 29.97s
----------------------------------------------------------------------------------------

========================================================================================
CICLO #0006 | 2026-09-03 14:15:09 UTC | símbolos=9
========================================================================================
[01/09] START High Frequency Vol 10 Index
[01/09] END   High Frequency Vol 10 Index | 3.78s | NO M5 CONFIRMATION
    Motivo: NO_DIRECTIONAL_M5_CONFIRMATION
[02/09] START High Frequency Vol 75 Index
[02/09] END   High Frequency Vol 75 Index | 1.36s | NO M5 CONFIRMATION
    Motivo: NO_DIRECTIONAL_M5_CONFIRMATION
[03/09] START Vol over Boom 750
[03/09] END   Vol over Boom 750 | 0.01s | DIRECCIÓN BLOQUEADA POR POLÍTICA DEL INSTRUMENTO
    Motivo: BOOM_BUY_ONLY_REQUIRES_BUY_H1_CONTEXT
[04/09] START Volatility 10 (1s) Index
[04/09] END   Volatility 10 (1s) Index | 4.30s | NO M5 CONFIRMATION
    Motivo: NO_DIRECTIONAL_M5_CONFIRMATION
[05/09] START Volatility 15 (1s) Index
[05/09] END   Volatility 15 (1s) Index | 1.95s | STALE M5 SIGNAL
    Motivo: M5_CONFIRMATION_TOO_OLD_FOR_LIVE_ENTRY
[06/09] START Volatility 25 Index
[06/09] END   Volatility 25 Index | 0.01s | INSTRUMENTO EN CUARENTENA DE RIESGO
    Motivo: cuarentena temporal por desviación marginal de ejecución
[07/09] START Volatility 5 (1s) Index
[07/09] END   Volatility 5 (1s) Index | 4.44s | NO M5 CONFIRMATION
    Motivo: NO_DIRECTIONAL_M5_CONFIRMATION
    Confirmaciones: 11/13 | 84.6% | calidad=93.00 | decisión=RECHAZADA
    Faltantes: rechazo del precio, desplazamiento
    Críticas faltantes: BOS REQUIRES REJECTION, DISPLACEMENT REQUIRED FOR LIVE ENTRY
    Rechazo técnico: bos rejection not confirmed, desplazamiento no confirmado, rechazo del precio no confirmado, falta una confirmación estructural crítica
[08/09] START Volatility 75 (1s) Index
[08/09] END   Volatility 75 (1s) Index | 3.18s | NO M5 CONFIRMATION
    Motivo: NO_DIRECTIONAL_M5_CONFIRMATION
[09/09] START VolSwitch High Vol Index
[09/09] END   VolSwitch High Vol Index | 3.68s | WAITING M5 AFTER M15
    Motivo: M5_CONFIRMATIONS_EXIST_BUT_ALL_PRECEDE_LATEST_M15_SETUP
----------------------------------------------------------------------------------------
RESUMEN DEL CICLO #0006
Símbolos analizados: 9
Sin señal: 0
Esperando/otros: 8
Señales rechazadas: 1
Bloqueadas por estado/límites: 0
Validadas DRY RUN: 0
Nuevas órdenes: 0
Operaciones cerradas sincronizadas: 0
Errores: 0
Duración del ciclo: 22.75s
Intervalo objetivo: 30s
Próximo ciclo en: 7.25s
----------------------------------------------------------------------------------------

========================================================================================
CICLO #0007 | 2026-09-03 14:15:39 UTC | símbolos=0
========================================================================================
----------------------------------------------------------------------------------------
RESUMEN DEL CICLO #0007
Símbolos analizados: 0
Sin señal: 0
Esperando/otros: 0
Señales rechazadas: 0
Bloqueadas por estado/límites: 0
Validadas DRY RUN: 0
Nuevas órdenes: 0
Operaciones cerradas sincronizadas: 0
Errores: 0
Duración del ciclo: 0.03s
Intervalo objetivo: 30s
Próximo ciclo en: 29.97s
----------------------------------------------------------------------------------------

========================================================================================
CICLO #0008 | 2026-09-03 14:16:09 UTC | símbolos=0
========================================================================================
----------------------------------------------------------------------------------------
RESUMEN DEL CICLO #0008
Símbolos analizados: 0
Sin señal: 0
Esperando/otros: 0
Señales rechazadas: 0
Bloqueadas por estado/límites: 0
Validadas DRY RUN: 0
Nuevas órdenes: 0
Operaciones cerradas sincronizadas: 0
Errores: 0
Duración del ciclo: 0.02s
Intervalo objetivo: 30s
Próximo ciclo en: 29.98s
----------------------------------------------------------------------------------------

========================================================================================
CICLO #0009 | 2026-09-03 14:16:39 UTC | símbolos=0
========================================================================================
----------------------------------------------------------------------------------------
RESUMEN DEL CICLO #0009
Símbolos analizados: 0
Sin señal: 0
Esperando/otros: 0
Señales rechazadas: 0
Bloqueadas por estado/límites: 0
Validadas DRY RUN: 0
Nuevas órdenes: 0
Operaciones cerradas sincronizadas: 0
Errores: 0
Duración del ciclo: 0.03s
Intervalo objetivo: 30s
Próximo ciclo en: 29.97s
----------------------------------------------------------------------------------------

========================================================================================
CICLO #0010 | 2026-09-03 14:17:09 UTC | símbolos=0
========================================================================================
----------------------------------------------------------------------------------------
RESUMEN DEL CICLO #0010
Símbolos analizados: 0
Sin señal: 0
Esperando/otros: 0
Señales rechazadas: 0
Bloqueadas por estado/límites: 0
Validadas DRY RUN: 0
Nuevas órdenes: 0
Operaciones cerradas sincronizadas: 0
Errores: 0
Duración del ciclo: 0.02s
Intervalo objetivo: 30s
Próximo ciclo en: 29.98s
----------------------------------------------------------------------------------------

========================================================================================
CICLO #0011 | 2026-09-03 14:17:39 UTC | símbolos=0
========================================================================================
----------------------------------------------------------------------------------------
RESUMEN DEL CICLO #0011
Símbolos analizados: 0
Sin señal: 0
Esperando/otros: 0
Señales rechazadas: 0
Bloqueadas por estado/límites: 0
Validadas DRY RUN: 0
Nuevas órdenes: 0
Operaciones cerradas sincronizadas: 0
Errores: 0
Duración del ciclo: 0.03s
Intervalo objetivo: 30s
Próximo ciclo en: 29.97s
----------------------------------------------------------------------------------------

========================================================================================
CICLO #0012 | 2026-09-03 14:18:09 UTC | símbolos=0
========================================================================================
----------------------------------------------------------------------------------------
RESUMEN DEL CICLO #0012
Símbolos analizados: 0
Sin señal: 0
Esperando/otros: 0
Señales rechazadas: 0
Bloqueadas por estado/límites: 0
Validadas DRY RUN: 0
Nuevas órdenes: 0
Operaciones cerradas sincronizadas: 0
Errores: 0
Duración del ciclo: 0.03s
Intervalo objetivo: 30s
Próximo ciclo en: 29.97s
----------------------------------------------------------------------------------------

========================================================================================
CICLO #0013 | 2026-09-03 14:18:39 UTC | símbolos=0
========================================================================================
----------------------------------------------------------------------------------------
RESUMEN DEL CICLO #0013
Símbolos analizados: 0
Sin señal: 0
Esperando/otros: 0
Señales rechazadas: 0
Bloqueadas por estado/límites: 0
Validadas DRY RUN: 0
Nuevas órdenes: 0
Operaciones cerradas sincronizadas: 0
Errores: 0
Duración del ciclo: 0.03s
Intervalo objetivo: 30s
Próximo ciclo en: 29.97s
----------------------------------------------------------------------------------------

========================================================================================
CICLO #0014 | 2026-09-03 14:19:09 UTC | símbolos=0
========================================================================================
----------------------------------------------------------------------------------------
RESUMEN DEL CICLO #0014
Símbolos analizados: 0
Sin señal: 0
Esperando/otros: 0
Señales rechazadas: 0
Bloqueadas por estado/límites: 0
Validadas DRY RUN: 0
Nuevas órdenes: 0
Operaciones cerradas sincronizadas: 0
Errores: 0
Duración del ciclo: 0.03s
Intervalo objetivo: 30s
Próximo ciclo en: 29.97s
----------------------------------------------------------------------------------------

========================================================================================
CICLO #0015 | 2026-09-03 14:19:39 UTC | símbolos=0
========================================================================================
----------------------------------------------------------------------------------------
RESUMEN DEL CICLO #0015
Símbolos analizados: 0
Sin señal: 0
Esperando/otros: 0
Señales rechazadas: 0
Bloqueadas por estado/límites: 0
Validadas DRY RUN: 0
Nuevas órdenes: 0
Operaciones cerradas sincronizadas: 0
Errores: 0
Duración del ciclo: 0.02s
Intervalo objetivo: 30s
Próximo ciclo en: 29.98s
----------------------------------------------------------------------------------------

========================================================================================
CICLO #0016 | 2026-09-03 14:20:09 UTC | símbolos=9
========================================================================================
[01/09] START High Frequency Vol 10 Index
[01/09] END   High Frequency Vol 10 Index | 1.04s | NO M5 CONFIRMATION
    Motivo: NO_DIRECTIONAL_M5_CONFIRMATION
[02/09] START High Frequency Vol 75 Index
[02/09] END   High Frequency Vol 75 Index | 0.53s | NO M5 CONFIRMATION
    Motivo: NO_DIRECTIONAL_M5_CONFIRMATION
[03/09] START Vol over Boom 750
[03/09] END   Vol over Boom 750 | 0.01s | DIRECCIÓN BLOQUEADA POR POLÍTICA DEL INSTRUMENTO
    Motivo: BOOM_BUY_ONLY_REQUIRES_BUY_H1_CONTEXT
[04/09] START Volatility 10 (1s) Index
[04/09] END   Volatility 10 (1s) Index | 1.14s | NO M5 CONFIRMATION
    Motivo: NO_DIRECTIONAL_M5_CONFIRMATION
[05/09] START Volatility 15 (1s) Index
[05/09] END   Volatility 15 (1s) Index | 0.95s | STALE M5 SIGNAL
    Motivo: M5_CONFIRMATION_TOO_OLD_FOR_LIVE_ENTRY
[06/09] START Volatility 25 Index
[06/09] END   Volatility 25 Index | 0.00s | INSTRUMENTO EN CUARENTENA DE RIESGO
    Motivo: cuarentena temporal por desviación marginal de ejecución
[07/09] START Volatility 5 (1s) Index
[07/09] END   Volatility 5 (1s) Index | 1.60s | NO M5 CONFIRMATION
    Motivo: NO_DIRECTIONAL_M5_CONFIRMATION
    Confirmaciones: 11/13 | 84.6% | calidad=93.00 | decisión=RECHAZADA
    Faltantes: rechazo del precio, desplazamiento
    Críticas faltantes: BOS REQUIRES REJECTION, DISPLACEMENT REQUIRED FOR LIVE ENTRY
    Rechazo técnico: bos rejection not confirmed, desplazamiento no confirmado, rechazo del precio no confirmado, falta una confirmación estructural crítica
[08/09] START Volatility 75 (1s) Index
[08/09] END   Volatility 75 (1s) Index | 0.82s | NO M5 CONFIRMATION
    Motivo: NO_DIRECTIONAL_M5_CONFIRMATION
[09/09] START VolSwitch High Vol Index
[09/09] END   VolSwitch High Vol Index | 1.29s | WAITING M5 AFTER M15
    Motivo: M5_CONFIRMATIONS_EXIST_BUT_ALL_PRECEDE_LATEST_M15_SETUP
----------------------------------------------------------------------------------------
RESUMEN DEL CICLO #0016
Símbolos analizados: 9
Sin señal: 0
Esperando/otros: 8
Señales rechazadas: 1
Bloqueadas por estado/límites: 0
Validadas DRY RUN: 0
Nuevas órdenes: 0
Operaciones cerradas sincronizadas: 0
Errores: 0
Duración del ciclo: 7.44s
Intervalo objetivo: 30s
Próximo ciclo en: 22.56s
----------------------------------------------------------------------------------------

========================================================================================
CICLO #0017 | 2026-09-03 14:20:39 UTC | símbolos=0
========================================================================================
----------------------------------------------------------------------------------------
RESUMEN DEL CICLO #0017
Símbolos analizados: 0
Sin señal: 0
Esperando/otros: 0
Señales rechazadas: 0
Bloqueadas por estado/límites: 0
Validadas DRY RUN: 0
Nuevas órdenes: 0
Operaciones cerradas sincronizadas: 0
Errores: 0
Duración del ciclo: 0.02s
Intervalo objetivo: 30s
Próximo ciclo en: 29.98s
----------------------------------------------------------------------------------------

========================================================================================
CICLO #0018 | 2026-09-03 14:21:09 UTC | símbolos=0
========================================================================================
----------------------------------------------------------------------------------------
RESUMEN DEL CICLO #0018
Símbolos analizados: 0
Sin señal: 0
Esperando/otros: 0
Señales rechazadas: 0
Bloqueadas por estado/límites: 0
Validadas DRY RUN: 0
Nuevas órdenes: 0
Operaciones cerradas sincronizadas: 0
Errores: 0
Duración del ciclo: 0.03s
Intervalo objetivo: 30s
Próximo ciclo en: 29.97s
----------------------------------------------------------------------------------------

========================================================================================
CICLO #0019 | 2026-09-03 14:21:39 UTC | símbolos=0
========================================================================================
----------------------------------------------------------------------------------------
RESUMEN DEL CICLO #0019
Símbolos analizados: 0
Sin señal: 0
Esperando/otros: 0
Señales rechazadas: 0
Bloqueadas por estado/límites: 0
Validadas DRY RUN: 0
Nuevas órdenes: 0
Operaciones cerradas sincronizadas: 0
Errores: 0
Duración del ciclo: 0.03s
Intervalo objetivo: 30s
Próximo ciclo en: 29.97s
----------------------------------------------------------------------------------------

========================================================================================
CICLO #0020 | 2026-09-03 14:22:09 UTC | símbolos=0
========================================================================================
----------------------------------------------------------------------------------------
RESUMEN DEL CICLO #0020
Símbolos analizados: 0
Sin señal: 0
Esperando/otros: 0
Señales rechazadas: 0
Bloqueadas por estado/límites: 0
Validadas DRY RUN: 0
Nuevas órdenes: 0
Operaciones cerradas sincronizadas: 0
Errores: 0
Duración del ciclo: 0.02s
Intervalo objetivo: 30s
Próximo ciclo en: 29.98s
----------------------------------------------------------------------------------------

========================================================================================
CICLO #0021 | 2026-09-03 14:22:39 UTC | símbolos=0
========================================================================================
----------------------------------------------------------------------------------------
RESUMEN DEL CICLO #0021
Símbolos analizados: 0
Sin señal: 0
Esperando/otros: 0
Señales rechazadas: 0
Bloqueadas por estado/límites: 0
Validadas DRY RUN: 0
Nuevas órdenes: 0
Operaciones cerradas sincronizadas: 0
Errores: 0
Duración del ciclo: 0.03s
Intervalo objetivo: 30s
Próximo ciclo en: 29.97s
----------------------------------------------------------------------------------------

========================================================================================
CICLO #0022 | 2026-09-03 14:23:09 UTC | símbolos=0
========================================================================================
----------------------------------------------------------------------------------------
RESUMEN DEL CICLO #0022
Símbolos analizados: 0
Sin señal: 0
Esperando/otros: 0
Señales rechazadas: 0
Bloqueadas por estado/límites: 0
Validadas DRY RUN: 0
Nuevas órdenes: 0
Operaciones cerradas sincronizadas: 0
Errores: 0
Duración del ciclo: 0.03s
Intervalo objetivo: 30s
Próximo ciclo en: 29.97s
----------------------------------------------------------------------------------------

========================================================================================
CICLO #0023 | 2026-09-03 14:23:39 UTC | símbolos=0
========================================================================================
----------------------------------------------------------------------------------------
RESUMEN DEL CICLO #0023
Símbolos analizados: 0
Sin señal: 0
Esperando/otros: 0
Señales rechazadas: 0
Bloqueadas por estado/límites: 0
Validadas DRY RUN: 0
Nuevas órdenes: 0
Operaciones cerradas sincronizadas: 0
Errores: 0
Duración del ciclo: 0.03s
Intervalo objetivo: 30s
Próximo ciclo en: 29.97s
----------------------------------------------------------------------------------------

========================================================================================
CICLO #0024 | 2026-09-03 14:24:09 UTC | símbolos=0
========================================================================================
----------------------------------------------------------------------------------------
RESUMEN DEL CICLO #0024
Símbolos analizados: 0
Sin señal: 0
Esperando/otros: 0
Señales rechazadas: 0
Bloqueadas por estado/límites: 0
Validadas DRY RUN: 0
Nuevas órdenes: 0
Operaciones cerradas sincronizadas: 0
Errores: 0
Duración del ciclo: 0.03s
Intervalo objetivo: 30s
Próximo ciclo en: 29.97s
----------------------------------------------------------------------------------------

========================================================================================
CICLO #0025 | 2026-09-03 14:24:39 UTC | símbolos=0
========================================================================================
----------------------------------------------------------------------------------------
RESUMEN DEL CICLO #0025
Símbolos analizados: 0
Sin señal: 0
Esperando/otros: 0
Señales rechazadas: 0
Bloqueadas por estado/límites: 0
Validadas DRY RUN: 0
Nuevas órdenes: 0
Operaciones cerradas sincronizadas: 0
Errores: 0
Duración del ciclo: 0.03s
Intervalo objetivo: 30s
Próximo ciclo en: 29.97s
----------------------------------------------------------------------------------------

========================================================================================
CICLO #0026 | 2026-09-03 14:25:09 UTC | símbolos=9
========================================================================================
[01/09] START High Frequency Vol 10 Index
[01/09] END   High Frequency Vol 10 Index | 1.09s | NO M5 CONFIRMATION
    Motivo: NO_DIRECTIONAL_M5_CONFIRMATION
[02/09] START High Frequency Vol 75 Index
[02/09] END   High Frequency Vol 75 Index | 0.50s | NO M5 CONFIRMATION
    Motivo: NO_DIRECTIONAL_M5_CONFIRMATION
[03/09] START Vol over Boom 750
[03/09] END   Vol over Boom 750 | 0.01s | DIRECCIÓN BLOQUEADA POR POLÍTICA DEL INSTRUMENTO
    Motivo: BOOM_BUY_ONLY_REQUIRES_BUY_H1_CONTEXT
[04/09] START Volatility 10 (1s) Index
[04/09] END   Volatility 10 (1s) Index | 1.11s | NO M5 CONFIRMATION
    Motivo: NO_DIRECTIONAL_M5_CONFIRMATION
[05/09] START Volatility 15 (1s) Index
[05/09] END   Volatility 15 (1s) Index | 0.92s | STALE M5 SIGNAL
    Motivo: M5_CONFIRMATION_TOO_OLD_FOR_LIVE_ENTRY
[06/09] START Volatility 25 Index
[06/09] END   Volatility 25 Index | 0.00s | INSTRUMENTO EN CUARENTENA DE RIESGO
    Motivo: cuarentena temporal por desviación marginal de ejecución
[07/09] START Volatility 5 (1s) Index
[07/09] END   Volatility 5 (1s) Index | 1.47s | NO M5 CONFIRMATION
    Motivo: NO_DIRECTIONAL_M5_CONFIRMATION
    Confirmaciones: 11/13 | 84.6% | calidad=93.00 | decisión=RECHAZADA
    Faltantes: rechazo del precio, desplazamiento
    Críticas faltantes: BOS REQUIRES REJECTION, DISPLACEMENT REQUIRED FOR LIVE ENTRY
    Rechazo técnico: bos rejection not confirmed, desplazamiento no confirmado, rechazo del precio no confirmado, falta una confirmación estructural crítica
[08/09] START Volatility 75 (1s) Index
[08/09] END   Volatility 75 (1s) Index | 0.74s | NO M5 CONFIRMATION
    Motivo: NO_DIRECTIONAL_M5_CONFIRMATION
[09/09] START VolSwitch High Vol Index
[09/09] END   VolSwitch High Vol Index | 1.21s | WAITING M5 AFTER M15
    Motivo: M5_CONFIRMATIONS_EXIST_BUT_ALL_PRECEDE_LATEST_M15_SETUP
----------------------------------------------------------------------------------------
RESUMEN DEL CICLO #0026
Símbolos analizados: 9
Sin señal: 0
Esperando/otros: 8
Señales rechazadas: 1
Bloqueadas por estado/límites: 0
Validadas DRY RUN: 0
Nuevas órdenes: 0
Operaciones cerradas sincronizadas: 0
Errores: 0
Duración del ciclo: 7.11s
Intervalo objetivo: 30s
Próximo ciclo en: 22.89s
----------------------------------------------------------------------------------------

========================================================================================
CICLO #0027 | 2026-09-03 14:25:39 UTC | símbolos=0
========================================================================================
----------------------------------------------------------------------------------------
RESUMEN DEL CICLO #0027
Símbolos analizados: 0
Sin señal: 0
Esperando/otros: 0
Señales rechazadas: 0
Bloqueadas por estado/límites: 0
Validadas DRY RUN: 0
Nuevas órdenes: 0
Operaciones cerradas sincronizadas: 0
Errores: 0
Duración del ciclo: 0.02s
Intervalo objetivo: 30s
Próximo ciclo en: 29.98s
----------------------------------------------------------------------------------------

========================================================================================
CICLO #0028 | 2026-09-03 14:26:09 UTC | símbolos=0
========================================================================================
----------------------------------------------------------------------------------------
RESUMEN DEL CICLO #0028
Símbolos analizados: 0
Sin señal: 0
Esperando/otros: 0
Señales rechazadas: 0
Bloqueadas por estado/límites: 0
Validadas DRY RUN: 0
Nuevas órdenes: 0
Operaciones cerradas sincronizadas: 0
Errores: 0
Duración del ciclo: 0.02s
Intervalo objetivo: 30s
Próximo ciclo en: 29.98s
----------------------------------------------------------------------------------------

========================================================================================
CICLO #0029 | 2026-09-03 14:26:39 UTC | símbolos=0
========================================================================================
----------------------------------------------------------------------------------------
RESUMEN DEL CICLO #0029
Símbolos analizados: 0
Sin señal: 0
Esperando/otros: 0
Señales rechazadas: 0
Bloqueadas por estado/límites: 0
Validadas DRY RUN: 0
Nuevas órdenes: 0
Operaciones cerradas sincronizadas: 0
Errores: 0
Duración del ciclo: 0.02s
Intervalo objetivo: 30s
Próximo ciclo en: 29.98s
----------------------------------------------------------------------------------------

========================================================================================
CICLO #0030 | 2026-09-03 14:27:09 UTC | símbolos=0
========================================================================================
----------------------------------------------------------------------------------------
RESUMEN DEL CICLO #0030
Símbolos analizados: 0
Sin señal: 0
Esperando/otros: 0
Señales rechazadas: 0
Bloqueadas por estado/límites: 0
Validadas DRY RUN: 0
Nuevas órdenes: 0
Operaciones cerradas sincronizadas: 0
Errores: 0
Duración del ciclo: 0.03s
Intervalo objetivo: 30s
Próximo ciclo en: 29.97s
----------------------------------------------------------------------------------------

========================================================================================
CICLO #0031 | 2026-09-03 14:27:39 UTC | símbolos=0
========================================================================================
----------------------------------------------------------------------------------------
RESUMEN DEL CICLO #0031
Símbolos analizados: 0
Sin señal: 0
Esperando/otros: 0
Señales rechazadas: 0
Bloqueadas por estado/límites: 0
Validadas DRY RUN: 0
Nuevas órdenes: 0
Operaciones cerradas sincronizadas: 0
Errores: 0
Duración del ciclo: 0.02s
Intervalo objetivo: 30s
Próximo ciclo en: 29.98s
----------------------------------------------------------------------------------------

========================================================================================
CICLO #0032 | 2026-09-03 14:28:09 UTC | símbolos=0
========================================================================================
----------------------------------------------------------------------------------------
RESUMEN DEL CICLO #0032
Símbolos analizados: 0
Sin señal: 0
Esperando/otros: 0
Señales rechazadas: 0
Bloqueadas por estado/límites: 0
Validadas DRY RUN: 0
Nuevas órdenes: 0
Operaciones cerradas sincronizadas: 0
Errores: 0
Duración del ciclo: 0.03s
Intervalo objetivo: 30s
Próximo ciclo en: 29.97s
----------------------------------------------------------------------------------------

========================================================================================
CICLO #0033 | 2026-09-03 14:28:39 UTC | símbolos=0
========================================================================================
----------------------------------------------------------------------------------------
RESUMEN DEL CICLO #0033
Símbolos analizados: 0
Sin señal: 0
Esperando/otros: 0
Señales rechazadas: 0
Bloqueadas por estado/límites: 0
Validadas DRY RUN: 0
Nuevas órdenes: 0
Operaciones cerradas sincronizadas: 0
Errores: 0
Duración del ciclo: 0.03s
Intervalo objetivo: 30s
Próximo ciclo en: 29.97s
----------------------------------------------------------------------------------------

========================================================================================
CICLO #0034 | 2026-09-03 14:29:09 UTC | símbolos=0
========================================================================================
----------------------------------------------------------------------------------------
RESUMEN DEL CICLO #0034
Símbolos analizados: 0
Sin señal: 0
Esperando/otros: 0
Señales rechazadas: 0
Bloqueadas por estado/límites: 0
Validadas DRY RUN: 0
Nuevas órdenes: 0
Operaciones cerradas sincronizadas: 0
Errores: 0
Duración del ciclo: 0.02s
Intervalo objetivo: 30s
Próximo ciclo en: 29.98s
----------------------------------------------------------------------------------------

========================================================================================
CICLO #0035 | 2026-09-03 14:29:39 UTC | símbolos=0
========================================================================================
----------------------------------------------------------------------------------------
RESUMEN DEL CICLO #0035
Símbolos analizados: 0
Sin señal: 0
Esperando/otros: 0
Señales rechazadas: 0
Bloqueadas por estado/límites: 0
Validadas DRY RUN: 0
Nuevas órdenes: 0
Operaciones cerradas sincronizadas: 0
Errores: 0
Duración del ciclo: 0.02s
Intervalo objetivo: 30s
Próximo ciclo en: 29.98s
----------------------------------------------------------------------------------------

========================================================================================
CICLO #0036 | 2026-09-03 14:30:09 UTC | símbolos=9
========================================================================================
[01/09] START High Frequency Vol 10 Index
[01/09] END   High Frequency Vol 10 Index | 3.62s | NO M5 CONFIRMATION
    Motivo: NO_DIRECTIONAL_M5_CONFIRMATION
[02/09] START High Frequency Vol 75 Index
[02/09] END   High Frequency Vol 75 Index | 1.23s | NO M5 CONFIRMATION
    Motivo: NO_DIRECTIONAL_M5_CONFIRMATION
[03/09] START Vol over Boom 750
[03/09] END   Vol over Boom 750 | 0.01s | DIRECCIÓN BLOQUEADA POR POLÍTICA DEL INSTRUMENTO
    Motivo: BOOM_BUY_ONLY_REQUIRES_BUY_H1_CONTEXT
[04/09] START Volatility 10 (1s) Index
[04/09] END   Volatility 10 (1s) Index | 4.25s | NO M5 CONFIRMATION
    Motivo: NO_DIRECTIONAL_M5_CONFIRMATION
[05/09] START Volatility 15 (1s) Index
[05/09] END   Volatility 15 (1s) Index | 2.24s | STALE M5 SIGNAL
    Motivo: M5_CONFIRMATION_TOO_OLD_FOR_LIVE_ENTRY
[06/09] START Volatility 25 Index
[06/09] END   Volatility 25 Index | 0.01s | INSTRUMENTO EN CUARENTENA DE RIESGO
    Motivo: cuarentena temporal por desviación marginal de ejecución
[07/09] START Volatility 5 (1s) Index
[07/09] END   Volatility 5 (1s) Index | 5.05s | NO M5 CONFIRMATION
    Motivo: NO_DIRECTIONAL_M5_CONFIRMATION
    Confirmaciones: 11/13 | 84.6% | calidad=93.00 | decisión=RECHAZADA
    Faltantes: rechazo del precio, desplazamiento
    Críticas faltantes: BOS REQUIRES REJECTION, DISPLACEMENT REQUIRED FOR LIVE ENTRY
    Rechazo técnico: bos rejection not confirmed, desplazamiento no confirmado, rechazo del precio no confirmado, falta una confirmación estructural crítica
[08/09] START Volatility 75 (1s) Index
[08/09] END   Volatility 75 (1s) Index | 3.40s | NO M5 CONFIRMATION
    Motivo: NO_DIRECTIONAL_M5_CONFIRMATION
[09/09] START VolSwitch High Vol Index
[09/09] END   VolSwitch High Vol Index | 3.77s | WAITING M5 AFTER M15
    Motivo: M5_CONFIRMATIONS_EXIST_BUT_ALL_PRECEDE_LATEST_M15_SETUP
----------------------------------------------------------------------------------------
RESUMEN DEL CICLO #0036
Símbolos analizados: 9
Sin señal: 0
Esperando/otros: 8
Señales rechazadas: 1
Bloqueadas por estado/límites: 0
Validadas DRY RUN: 0
Nuevas órdenes: 0
Operaciones cerradas sincronizadas: 0
Errores: 0
Duración del ciclo: 23.68s
Intervalo objetivo: 30s
Próximo ciclo en: 6.32s
----------------------------------------------------------------------------------------

========================================================================================
CICLO #0037 | 2026-09-03 14:30:39 UTC | símbolos=0
========================================================================================
----------------------------------------------------------------------------------------
RESUMEN DEL CICLO #0037
Símbolos analizados: 0
Sin señal: 0
Esperando/otros: 0
Señales rechazadas: 0
Bloqueadas por estado/límites: 0
Validadas DRY RUN: 0
Nuevas órdenes: 0
Operaciones cerradas sincronizadas: 0
Errores: 0
Duración del ciclo: 0.03s
Intervalo objetivo: 30s
Próximo ciclo en: 29.97s
----------------------------------------------------------------------------------------

========================================================================================
CICLO #0038 | 2026-09-03 14:31:09 UTC | símbolos=0
========================================================================================
----------------------------------------------------------------------------------------
RESUMEN DEL CICLO #0038
Símbolos analizados: 0
Sin señal: 0
Esperando/otros: 0
Señales rechazadas: 0
Bloqueadas por estado/límites: 0
Validadas DRY RUN: 0
Nuevas órdenes: 0
Operaciones cerradas sincronizadas: 0
Errores: 0
Duración del ciclo: 0.03s
Intervalo objetivo: 30s
Próximo ciclo en: 29.97s
----------------------------------------------------------------------------------------

========================================================================================
CICLO #0039 | 2026-09-03 14:31:39 UTC | símbolos=0
========================================================================================
----------------------------------------------------------------------------------------
RESUMEN DEL CICLO #0039
Símbolos analizados: 0
Sin señal: 0
Esperando/otros: 0
Señales rechazadas: 0
Bloqueadas por estado/límites: 0
Validadas DRY RUN: 0
Nuevas órdenes: 0
Operaciones cerradas sincronizadas: 0
Errores: 0
Duración del ciclo: 0.03s
Intervalo objetivo: 30s
Próximo ciclo en: 29.97s
----------------------------------------------------------------------------------------

========================================================================================
CICLO #0040 | 2026-09-03 14:32:09 UTC | símbolos=0
========================================================================================
----------------------------------------------------------------------------------------
RESUMEN DEL CICLO #0040
Símbolos analizados: 0
Sin señal: 0
Esperando/otros: 0
Señales rechazadas: 0
Bloqueadas por estado/límites: 0
Validadas DRY RUN: 0
Nuevas órdenes: 0
Operaciones cerradas sincronizadas: 0
Errores: 0
Duración del ciclo: 0.02s
Intervalo objetivo: 30s
Próximo ciclo en: 29.98s
----------------------------------------------------------------------------------------

========================================================================================
CICLO #0041 | 2026-09-03 14:32:39 UTC | símbolos=0
========================================================================================
----------------------------------------------------------------------------------------
RESUMEN DEL CICLO #0041
Símbolos analizados: 0
Sin señal: 0
Esperando/otros: 0
Señales rechazadas: 0
Bloqueadas por estado/límites: 0
Validadas DRY RUN: 0
Nuevas órdenes: 0
Operaciones cerradas sincronizadas: 0
Errores: 0
Duración del ciclo: 0.03s
Intervalo objetivo: 30s
Próximo ciclo en: 29.97s
----------------------------------------------------------------------------------------

========================================================================================
CICLO #0042 | 2026-09-03 14:33:09 UTC | símbolos=0
========================================================================================
----------------------------------------------------------------------------------------
RESUMEN DEL CICLO #0042
Símbolos analizados: 0
Sin señal: 0
Esperando/otros: 0
Señales rechazadas: 0
Bloqueadas por estado/límites: 0
Validadas DRY RUN: 0
Nuevas órdenes: 0
Operaciones cerradas sincronizadas: 0
Errores: 0
Duración del ciclo: 0.02s
Intervalo objetivo: 30s
Próximo ciclo en: 29.98s
----------------------------------------------------------------------------------------

========================================================================================
CICLO #0043 | 2026-09-03 14:33:39 UTC | símbolos=0
========================================================================================
----------------------------------------------------------------------------------------
RESUMEN DEL CICLO #0043
Símbolos analizados: 0
Sin señal: 0
Esperando/otros: 0
Señales rechazadas: 0
Bloqueadas por estado/límites: 0
Validadas DRY RUN: 0
Nuevas órdenes: 0
Operaciones cerradas sincronizadas: 0
Errores: 0
Duración del ciclo: 0.02s
Intervalo objetivo: 30s
Próximo ciclo en: 29.98s
----------------------------------------------------------------------------------------

========================================================================================
CICLO #0044 | 2026-09-03 14:34:09 UTC | símbolos=0
========================================================================================
----------------------------------------------------------------------------------------
RESUMEN DEL CICLO #0044
Símbolos analizados: 0
Sin señal: 0
Esperando/otros: 0
Señales rechazadas: 0
Bloqueadas por estado/límites: 0
Validadas DRY RUN: 0
Nuevas órdenes: 0
Operaciones cerradas sincronizadas: 0
Errores: 0
Duración del ciclo: 0.02s
Intervalo objetivo: 30s
Próximo ciclo en: 29.98s
----------------------------------------------------------------------------------------

========================================================================================
CICLO #0045 | 2026-09-03 14:34:39 UTC | símbolos=0
========================================================================================
----------------------------------------------------------------------------------------
RESUMEN DEL CICLO #0045
Símbolos analizados: 0
Sin señal: 0
Esperando/otros: 0
Señales rechazadas: 0
Bloqueadas por estado/límites: 0
Validadas DRY RUN: 0
Nuevas órdenes: 0
Operaciones cerradas sincronizadas: 0
Errores: 0
Duración del ciclo: 0.03s
Intervalo objetivo: 30s
Próximo ciclo en: 29.97s
----------------------------------------------------------------------------------------

========================================================================================
CICLO #0046 | 2026-09-03 14:35:09 UTC | símbolos=0
========================================================================================
----------------------------------------------------------------------------------------
RESUMEN DEL CICLO #0046
Símbolos analizados: 0
Sin señal: 0
Esperando/otros: 0
Señales rechazadas: 0
Bloqueadas por estado/límites: 0
Validadas DRY RUN: 0
Nuevas órdenes: 0
Operaciones cerradas sincronizadas: 0
Errores: 0
Duración del ciclo: 0.02s
Intervalo objetivo: 30s
Próximo ciclo en: 29.98s
----------------------------------------------------------------------------------------

========================================================================================
CICLO #0047 | 2026-09-03 14:35:39 UTC | símbolos=9
========================================================================================
[01/09] START High Frequency Vol 10 Index
[01/09] END   High Frequency Vol 10 Index | 1.08s | NO M5 CONFIRMATION
    Motivo: NO_DIRECTIONAL_M5_CONFIRMATION
[02/09] START High Frequency Vol 75 Index
[02/09] END   High Frequency Vol 75 Index | 0.44s | NO M5 CONFIRMATION
    Motivo: NO_DIRECTIONAL_M5_CONFIRMATION
[03/09] START Vol over Boom 750
[03/09] END   Vol over Boom 750 | 0.01s | DIRECCIÓN BLOQUEADA POR POLÍTICA DEL INSTRUMENTO
    Motivo: BOOM_BUY_ONLY_REQUIRES_BUY_H1_CONTEXT
[04/09] START Volatility 10 (1s) Index
[04/09] END   Volatility 10 (1s) Index | 0.97s | NO M5 CONFIRMATION
    Motivo: NO_DIRECTIONAL_M5_CONFIRMATION
[05/09] START Volatility 15 (1s) Index
[05/09] END   Volatility 15 (1s) Index | 0.82s | STALE M5 SIGNAL
    Motivo: M5_CONFIRMATION_TOO_OLD_FOR_LIVE_ENTRY
[06/09] START Volatility 25 Index
[06/09] END   Volatility 25 Index | 0.00s | INSTRUMENTO EN CUARENTENA DE RIESGO
    Motivo: cuarentena temporal por desviación marginal de ejecución
[07/09] START Volatility 5 (1s) Index
[07/09] END   Volatility 5 (1s) Index | 1.44s | NO M5 CONFIRMATION
    Motivo: NO_DIRECTIONAL_M5_CONFIRMATION
    Confirmaciones: 11/13 | 84.6% | calidad=93.00 | decisión=RECHAZADA
    Faltantes: rechazo del precio, desplazamiento
    Críticas faltantes: BOS REQUIRES REJECTION, DISPLACEMENT REQUIRED FOR LIVE ENTRY
    Rechazo técnico: bos rejection not confirmed, desplazamiento no confirmado, rechazo del precio no confirmado, falta una confirmación estructural crítica
[08/09] START Volatility 75 (1s) Index
[08/09] END   Volatility 75 (1s) Index | 0.69s | NO M5 CONFIRMATION
    Motivo: NO_DIRECTIONAL_M5_CONFIRMATION
[09/09] START VolSwitch High Vol Index
[09/09] END   VolSwitch High Vol Index | 1.07s | WAITING M5 AFTER M15
    Motivo: M5_CONFIRMATIONS_EXIST_BUT_ALL_PRECEDE_LATEST_M15_SETUP
----------------------------------------------------------------------------------------
RESUMEN DEL CICLO #0047
Símbolos analizados: 9
Sin señal: 0
Esperando/otros: 8
Señales rechazadas: 1
Bloqueadas por estado/límites: 0
Validadas DRY RUN: 0
Nuevas órdenes: 0
Operaciones cerradas sincronizadas: 0
Errores: 0
Duración del ciclo: 6.60s
Intervalo objetivo: 30s
Próximo ciclo en: 23.40s
----------------------------------------------------------------------------------------

========================================================================================
CICLO #0048 | 2026-09-03 14:36:09 UTC | símbolos=0
========================================================================================
----------------------------------------------------------------------------------------
RESUMEN DEL CICLO #0048
Símbolos analizados: 0
Sin señal: 0
Esperando/otros: 0
Señales rechazadas: 0
Bloqueadas por estado/límites: 0
Validadas DRY RUN: 0
Nuevas órdenes: 0
Operaciones cerradas sincronizadas: 0
Errores: 0
Duración del ciclo: 0.02s
Intervalo objetivo: 30s
Próximo ciclo en: 29.98s
----------------------------------------------------------------------------------------

========================================================================================
CICLO #0049 | 2026-09-03 14:36:39 UTC | símbolos=0
========================================================================================
----------------------------------------------------------------------------------------
RESUMEN DEL CICLO #0049
Símbolos analizados: 0
Sin señal: 0
Esperando/otros: 0
Señales rechazadas: 0
Bloqueadas por estado/límites: 0
Validadas DRY RUN: 0
Nuevas órdenes: 0
Operaciones cerradas sincronizadas: 0
Errores: 0
Duración del ciclo: 0.02s
Intervalo objetivo: 30s
Próximo ciclo en: 29.98s
----------------------------------------------------------------------------------------

========================================================================================
CICLO #0050 | 2026-09-03 14:37:09 UTC | símbolos=0
========================================================================================
----------------------------------------------------------------------------------------
RESUMEN DEL CICLO #0050
Símbolos analizados: 0
Sin señal: 0
Esperando/otros: 0
Señales rechazadas: 0
Bloqueadas por estado/límites: 0
Validadas DRY RUN: 0
Nuevas órdenes: 0
Operaciones cerradas sincronizadas: 0
Errores: 0
Duración del ciclo: 0.02s
Intervalo objetivo: 30s
Próximo ciclo en: 29.98s
----------------------------------------------------------------------------------------

========================================================================================
CICLO #0051 | 2026-09-03 14:37:39 UTC | símbolos=0
========================================================================================
----------------------------------------------------------------------------------------
RESUMEN DEL CICLO #0051
Símbolos analizados: 0
Sin señal: 0
Esperando/otros: 0
Señales rechazadas: 0
Bloqueadas por estado/límites: 0
Validadas DRY RUN: 0
Nuevas órdenes: 0
Operaciones cerradas sincronizadas: 0
Errores: 0
Duración del ciclo: 0.02s
Intervalo objetivo: 30s
Próximo ciclo en: 29.98s
----------------------------------------------------------------------------------------

========================================================================================
CICLO #0052 | 2026-09-03 14:38:09 UTC | símbolos=0
========================================================================================
----------------------------------------------------------------------------------------
RESUMEN DEL CICLO #0052
Símbolos analizados: 0
Sin señal: 0
Esperando/otros: 0
Señales rechazadas: 0
Bloqueadas por estado/límites: 0
Validadas DRY RUN: 0
Nuevas órdenes: 0
Operaciones cerradas sincronizadas: 0
Errores: 0
Duración del ciclo: 0.02s
Intervalo objetivo: 30s
Próximo ciclo en: 29.98s
----------------------------------------------------------------------------------------

========================================================================================
CICLO #0053 | 2026-09-03 14:38:39 UTC | símbolos=0
========================================================================================
----------------------------------------------------------------------------------------
RESUMEN DEL CICLO #0053
Símbolos analizados: 0
Sin señal: 0
Esperando/otros: 0
Señales rechazadas: 0
Bloqueadas por estado/límites: 0
Validadas DRY RUN: 0
Nuevas órdenes: 0
Operaciones cerradas sincronizadas: 0
Errores: 0
Duración del ciclo: 0.02s
Intervalo objetivo: 30s
Próximo ciclo en: 29.98s
----------------------------------------------------------------------------------------

========================================================================================
CICLO #0054 | 2026-09-03 14:39:09 UTC | símbolos=0
========================================================================================
----------------------------------------------------------------------------------------
RESUMEN DEL CICLO #0054
Símbolos analizados: 0
Sin señal: 0
Esperando/otros: 0
Señales rechazadas: 0
Bloqueadas por estado/límites: 0
Validadas DRY RUN: 0
Nuevas órdenes: 0
Operaciones cerradas sincronizadas: 0
Errores: 0
Duración del ciclo: 0.02s
Intervalo objetivo: 30s
Próximo ciclo en: 29.98s
----------------------------------------------------------------------------------------

========================================================================================
CICLO #0055 | 2026-09-03 14:39:39 UTC | símbolos=0
========================================================================================
----------------------------------------------------------------------------------------
RESUMEN DEL CICLO #0055
Símbolos analizados: 0
Sin señal: 0
Esperando/otros: 0
Señales rechazadas: 0
Bloqueadas por estado/límites: 0
Validadas DRY RUN: 0
Nuevas órdenes: 0
Operaciones cerradas sincronizadas: 0
Errores: 0
Duración del ciclo: 0.02s
Intervalo objetivo: 30s
Próximo ciclo en: 29.98s
----------------------------------------------------------------------------------------

========================================================================================
CICLO #0056 | 2026-09-03 14:40:09 UTC | símbolos=9
========================================================================================
[01/09] START High Frequency Vol 10 Index
[01/09] END   High Frequency Vol 10 Index | 1.17s | NO M5 CONFIRMATION
    Motivo: NO_DIRECTIONAL_M5_CONFIRMATION
[02/09] START High Frequency Vol 75 Index
[02/09] END   High Frequency Vol 75 Index | 0.48s | NO M5 CONFIRMATION
    Motivo: NO_DIRECTIONAL_M5_CONFIRMATION
[03/09] START Vol over Boom 750
[03/09] END   Vol over Boom 750 | 0.01s | DIRECCIÓN BLOQUEADA POR POLÍTICA DEL INSTRUMENTO
    Motivo: BOOM_BUY_ONLY_REQUIRES_BUY_H1_CONTEXT
[04/09] START Volatility 10 (1s) Index
[04/09] END   Volatility 10 (1s) Index | 1.08s | NO M5 CONFIRMATION
    Motivo: NO_DIRECTIONAL_M5_CONFIRMATION
[05/09] START Volatility 15 (1s) Index
[05/09] END   Volatility 15 (1s) Index | 0.85s | STALE M5 SIGNAL
    Motivo: M5_CONFIRMATION_TOO_OLD_FOR_LIVE_ENTRY
[06/09] START Volatility 25 Index
[06/09] END   Volatility 25 Index | 0.00s | INSTRUMENTO EN CUARENTENA DE RIESGO
    Motivo: cuarentena temporal por desviación marginal de ejecución
[07/09] START Volatility 5 (1s) Index
[07/09] END   Volatility 5 (1s) Index | 1.43s | NO M5 CONFIRMATION
    Motivo: NO_DIRECTIONAL_M5_CONFIRMATION
    Confirmaciones: 11/13 | 84.6% | calidad=93.00 | decisión=RECHAZADA
    Faltantes: rechazo del precio, desplazamiento
    Críticas faltantes: BOS REQUIRES REJECTION, DISPLACEMENT REQUIRED FOR LIVE ENTRY
    Rechazo técnico: bos rejection not confirmed, desplazamiento no confirmado, rechazo del precio no confirmado, falta una confirmación estructural crítica
[08/09] START Volatility 75 (1s) Index
[08/09] END   Volatility 75 (1s) Index | 0.76s | NO M5 CONFIRMATION
    Motivo: NO_DIRECTIONAL_M5_CONFIRMATION
[09/09] START VolSwitch High Vol Index
[09/09] END   VolSwitch High Vol Index | 1.18s | WAITING M5 AFTER M15
    Motivo: M5_CONFIRMATIONS_EXIST_BUT_ALL_PRECEDE_LATEST_M15_SETUP
----------------------------------------------------------------------------------------
RESUMEN DEL CICLO #0056
Símbolos analizados: 9
Sin señal: 0
Esperando/otros: 8
Señales rechazadas: 1
Bloqueadas por estado/límites: 0
Validadas DRY RUN: 0
Nuevas órdenes: 0
Operaciones cerradas sincronizadas: 0
Errores: 0
Duración del ciclo: 7.01s
Intervalo objetivo: 30s
Próximo ciclo en: 22.99s
----------------------------------------------------------------------------------------

========================================================================================
CICLO #0057 | 2026-09-03 14:40:39 UTC | símbolos=0
========================================================================================
----------------------------------------------------------------------------------------
RESUMEN DEL CICLO #0057
Símbolos analizados: 0
Sin señal: 0
Esperando/otros: 0
Señales rechazadas: 0
Bloqueadas por estado/límites: 0
Validadas DRY RUN: 0
Nuevas órdenes: 0
Operaciones cerradas sincronizadas: 0
Errores: 0
Duración del ciclo: 0.03s
Intervalo objetivo: 30s
Próximo ciclo en: 29.97s
----------------------------------------------------------------------------------------

========================================================================================
CICLO #0058 | 2026-09-03 14:41:09 UTC | símbolos=0
========================================================================================
----------------------------------------------------------------------------------------
RESUMEN DEL CICLO #0058
Símbolos analizados: 0
Sin señal: 0
Esperando/otros: 0
Señales rechazadas: 0
Bloqueadas por estado/límites: 0
Validadas DRY RUN: 0
Nuevas órdenes: 0
Operaciones cerradas sincronizadas: 0
Errores: 0
Duración del ciclo: 0.02s
Intervalo objetivo: 30s
Próximo ciclo en: 29.98s
----------------------------------------------------------------------------------------

========================================================================================
CICLO #0059 | 2026-09-03 14:41:39 UTC | símbolos=0
========================================================================================
----------------------------------------------------------------------------------------
RESUMEN DEL CICLO #0059
Símbolos analizados: 0
Sin señal: 0
Esperando/otros: 0
Señales rechazadas: 0
Bloqueadas por estado/límites: 0
Validadas DRY RUN: 0
Nuevas órdenes: 0
Operaciones cerradas sincronizadas: 0
Errores: 0
Duración del ciclo: 0.02s
Intervalo objetivo: 30s
Próximo ciclo en: 29.98s
----------------------------------------------------------------------------------------

========================================================================================
CICLO #0060 | 2026-09-03 14:42:09 UTC | símbolos=0
========================================================================================
----------------------------------------------------------------------------------------
RESUMEN DEL CICLO #0060
Símbolos analizados: 0
Sin señal: 0
Esperando/otros: 0
Señales rechazadas: 0
Bloqueadas por estado/límites: 0
Validadas DRY RUN: 0
Nuevas órdenes: 0
Operaciones cerradas sincronizadas: 0
Errores: 0
Duración del ciclo: 0.03s
Intervalo objetivo: 30s
Próximo ciclo en: 29.97s
----------------------------------------------------------------------------------------

========================================================================================
CICLO #0061 | 2026-09-03 14:42:39 UTC | símbolos=0
========================================================================================
----------------------------------------------------------------------------------------
RESUMEN DEL CICLO #0061
Símbolos analizados: 0
Sin señal: 0
Esperando/otros: 0
Señales rechazadas: 0
Bloqueadas por estado/límites: 0
Validadas DRY RUN: 0
Nuevas órdenes: 0
Operaciones cerradas sincronizadas: 0
Errores: 0
Duración del ciclo: 0.03s
Intervalo objetivo: 30s
Próximo ciclo en: 29.97s
----------------------------------------------------------------------------------------

========================================================================================
CICLO #0062 | 2026-09-03 14:43:09 UTC | símbolos=0
========================================================================================
----------------------------------------------------------------------------------------
RESUMEN DEL CICLO #0062
Símbolos analizados: 0
Sin señal: 0
Esperando/otros: 0
Señales rechazadas: 0
Bloqueadas por estado/límites: 0
Validadas DRY RUN: 0
Nuevas órdenes: 0
Operaciones cerradas sincronizadas: 0
Errores: 0
Duración del ciclo: 0.03s
Intervalo objetivo: 30s
Próximo ciclo en: 29.97s
----------------------------------------------------------------------------------------

========================================================================================
CICLO #0063 | 2026-09-03 14:43:39 UTC | símbolos=0
========================================================================================
----------------------------------------------------------------------------------------
RESUMEN DEL CICLO #0063
Símbolos analizados: 0
Sin señal: 0
Esperando/otros: 0
Señales rechazadas: 0
Bloqueadas por estado/límites: 0
Validadas DRY RUN: 0
Nuevas órdenes: 0
Operaciones cerradas sincronizadas: 0
Errores: 0
Duración del ciclo: 0.03s
Intervalo objetivo: 30s
Próximo ciclo en: 29.97s
----------------------------------------------------------------------------------------

========================================================================================
CICLO #0064 | 2026-09-03 14:44:09 UTC | símbolos=0
========================================================================================
----------------------------------------------------------------------------------------
RESUMEN DEL CICLO #0064
Símbolos analizados: 0
Sin señal: 0
Esperando/otros: 0
Señales rechazadas: 0
Bloqueadas por estado/límites: 0
Validadas DRY RUN: 0
Nuevas órdenes: 0
Operaciones cerradas sincronizadas: 0
Errores: 0
Duración del ciclo: 0.02s
Intervalo objetivo: 30s
Próximo ciclo en: 29.98s
----------------------------------------------------------------------------------------

========================================================================================
CICLO #0065 | 2026-09-03 14:44:39 UTC | símbolos=0
========================================================================================
----------------------------------------------------------------------------------------
RESUMEN DEL CICLO #0065
Símbolos analizados: 0
Sin señal: 0
Esperando/otros: 0
Señales rechazadas: 0
Bloqueadas por estado/límites: 0
Validadas DRY RUN: 0
Nuevas órdenes: 0
Operaciones cerradas sincronizadas: 0
Errores: 0
Duración del ciclo: 0.02s
Intervalo objetivo: 30s
Próximo ciclo en: 29.98s
----------------------------------------------------------------------------------------

========================================================================================
CICLO #0066 | 2026-09-03 14:45:09 UTC | símbolos=9
========================================================================================
[01/09] START High Frequency Vol 10 Index
[01/09] END   High Frequency Vol 10 Index | 3.62s | NO M5 CONFIRMATION
    Motivo: NO_DIRECTIONAL_M5_CONFIRMATION
[02/09] START High Frequency Vol 75 Index
[02/09] END   High Frequency Vol 75 Index | 1.21s | NO M5 CONFIRMATION
    Motivo: NO_DIRECTIONAL_M5_CONFIRMATION
[03/09] START Vol over Boom 750
[03/09] END   Vol over Boom 750 | 0.01s | DIRECCIÓN BLOQUEADA POR POLÍTICA DEL INSTRUMENTO
    Motivo: BOOM_BUY_ONLY_REQUIRES_BUY_H1_CONTEXT
[04/09] START Volatility 10 (1s) Index
[04/09] END   Volatility 10 (1s) Index | 3.98s | NO M5 CONFIRMATION
    Motivo: NO_DIRECTIONAL_M5_CONFIRMATION
[05/09] START Volatility 15 (1s) Index
[05/09] END   Volatility 15 (1s) Index | 1.83s | STALE M5 SIGNAL
    Motivo: M5_CONFIRMATION_TOO_OLD_FOR_LIVE_ENTRY
[06/09] START Volatility 25 Index
[06/09] END   Volatility 25 Index | 0.00s | INSTRUMENTO EN CUARENTENA DE RIESGO
    Motivo: cuarentena temporal por desviación marginal de ejecución
[07/09] START Volatility 5 (1s) Index
[07/09] END   Volatility 5 (1s) Index | 4.29s | NO M5 CONFIRMATION
    Motivo: NO_DIRECTIONAL_M5_CONFIRMATION
    Confirmaciones: 11/13 | 84.6% | calidad=93.00 | decisión=RECHAZADA
    Faltantes: rechazo del precio, desplazamiento
    Críticas faltantes: BOS REQUIRES REJECTION, DISPLACEMENT REQUIRED FOR LIVE ENTRY
    Rechazo técnico: bos rejection not confirmed, desplazamiento no confirmado, rechazo del precio no confirmado, falta una confirmación estructural crítica
[08/09] START Volatility 75 (1s) Index
[08/09] END   Volatility 75 (1s) Index | 3.33s | NO M5 CONFIRMATION
    Motivo: NO_DIRECTIONAL_M5_CONFIRMATION
[09/09] START VolSwitch High Vol Index
[09/09] END   VolSwitch High Vol Index | 3.34s | WAITING M5 AFTER M15
    Motivo: M5_CONFIRMATIONS_EXIST_BUT_ALL_PRECEDE_LATEST_M15_SETUP
----------------------------------------------------------------------------------------
RESUMEN DEL CICLO #0066
Símbolos analizados: 9
Sin señal: 0
Esperando/otros: 8
Señales rechazadas: 1
Bloqueadas por estado/límites: 0
Validadas DRY RUN: 0
Nuevas órdenes: 0
Operaciones cerradas sincronizadas: 0
Errores: 0
Duración del ciclo: 21.71s
Intervalo objetivo: 30s
Próximo ciclo en: 8.29s
----------------------------------------------------------------------------------------

========================================================================================
CICLO #0067 | 2026-09-03 14:45:39 UTC | símbolos=0
========================================================================================
----------------------------------------------------------------------------------------
RESUMEN DEL CICLO #0067
Símbolos analizados: 0
Sin señal: 0
Esperando/otros: 0
Señales rechazadas: 0
Bloqueadas por estado/límites: 0
Validadas DRY RUN: 0
Nuevas órdenes: 0
Operaciones cerradas sincronizadas: 0
Errores: 0
Duración del ciclo: 0.03s
Intervalo objetivo: 30s
Próximo ciclo en: 29.97s
----------------------------------------------------------------------------------------

========================================================================================
CICLO #0068 | 2026-09-03 14:46:09 UTC | símbolos=0
========================================================================================
----------------------------------------------------------------------------------------
RESUMEN DEL CICLO #0068
Símbolos analizados: 0
Sin señal: 0
Esperando/otros: 0
Señales rechazadas: 0
Bloqueadas por estado/límites: 0
Validadas DRY RUN: 0
Nuevas órdenes: 0
Operaciones cerradas sincronizadas: 0
Errores: 0
Duración del ciclo: 0.02s
Intervalo objetivo: 30s
Próximo ciclo en: 29.98s
----------------------------------------------------------------------------------------

========================================================================================
CICLO #0069 | 2026-09-03 14:46:39 UTC | símbolos=0
========================================================================================
----------------------------------------------------------------------------------------
RESUMEN DEL CICLO #0069
Símbolos analizados: 0
Sin señal: 0
Esperando/otros: 0
Señales rechazadas: 0
Bloqueadas por estado/límites: 0
Validadas DRY RUN: 0
Nuevas órdenes: 0
Operaciones cerradas sincronizadas: 0
Errores: 0
Duración del ciclo: 0.02s
Intervalo objetivo: 30s
Próximo ciclo en: 29.98s
----------------------------------------------------------------------------------------

========================================================================================
CICLO #0070 | 2026-09-03 14:47:09 UTC | símbolos=0
========================================================================================
----------------------------------------------------------------------------------------
RESUMEN DEL CICLO #0070
Símbolos analizados: 0
Sin señal: 0
Esperando/otros: 0
Señales rechazadas: 0
Bloqueadas por estado/límites: 0
Validadas DRY RUN: 0
Nuevas órdenes: 0
Operaciones cerradas sincronizadas: 0
Errores: 0
Duración del ciclo: 0.03s
Intervalo objetivo: 30s
Próximo ciclo en: 29.97s
----------------------------------------------------------------------------------------

========================================================================================
CICLO #0071 | 2026-09-03 14:47:39 UTC | símbolos=0
========================================================================================
----------------------------------------------------------------------------------------
RESUMEN DEL CICLO #0071
Símbolos analizados: 0
Sin señal: 0
Esperando/otros: 0
Señales rechazadas: 0
Bloqueadas por estado/límites: 0
Validadas DRY RUN: 0
Nuevas órdenes: 0
Operaciones cerradas sincronizadas: 0
Errores: 0
Duración del ciclo: 0.03s
Intervalo objetivo: 30s
Próximo ciclo en: 29.97s
----------------------------------------------------------------------------------------

========================================================================================
CICLO #0072 | 2026-09-03 14:48:09 UTC | símbolos=0
========================================================================================
----------------------------------------------------------------------------------------
RESUMEN DEL CICLO #0072
Símbolos analizados: 0
Sin señal: 0
Esperando/otros: 0
Señales rechazadas: 0
Bloqueadas por estado/límites: 0
Validadas DRY RUN: 0
Nuevas órdenes: 0
Operaciones cerradas sincronizadas: 0
Errores: 0
Duración del ciclo: 0.02s
Intervalo objetivo: 30s
Próximo ciclo en: 29.98s
----------------------------------------------------------------------------------------

========================================================================================
CICLO #0073 | 2026-09-03 14:48:39 UTC | símbolos=0
========================================================================================
----------------------------------------------------------------------------------------
RESUMEN DEL CICLO #0073
Símbolos analizados: 0
Sin señal: 0
Esperando/otros: 0
Señales rechazadas: 0
Bloqueadas por estado/límites: 0
Validadas DRY RUN: 0
Nuevas órdenes: 0
Operaciones cerradas sincronizadas: 0
Errores: 0
Duración del ciclo: 0.03s
Intervalo objetivo: 30s
Próximo ciclo en: 29.97s
----------------------------------------------------------------------------------------

========================================================================================
CICLO #0074 | 2026-09-03 14:49:09 UTC | símbolos=0
========================================================================================
----------------------------------------------------------------------------------------
RESUMEN DEL CICLO #0074
Símbolos analizados: 0
Sin señal: 0
Esperando/otros: 0
Señales rechazadas: 0
Bloqueadas por estado/límites: 0
Validadas DRY RUN: 0
Nuevas órdenes: 0
Operaciones cerradas sincronizadas: 0
Errores: 0
Duración del ciclo: 0.03s
Intervalo objetivo: 30s
Próximo ciclo en: 29.97s
----------------------------------------------------------------------------------------

========================================================================================
CICLO #0075 | 2026-09-03 14:49:39 UTC | símbolos=0
========================================================================================
----------------------------------------------------------------------------------------
RESUMEN DEL CICLO #0075
Símbolos analizados: 0
Sin señal: 0
Esperando/otros: 0
Señales rechazadas: 0
Bloqueadas por estado/límites: 0
Validadas DRY RUN: 0
Nuevas órdenes: 0
Operaciones cerradas sincronizadas: 0
Errores: 0
Duración del ciclo: 0.02s
Intervalo objetivo: 30s
Próximo ciclo en: 29.98s
----------------------------------------------------------------------------------------

========================================================================================
CICLO #0076 | 2026-09-03 14:50:09 UTC | símbolos=9
========================================================================================
[01/09] START High Frequency Vol 10 Index
[01/09] END   High Frequency Vol 10 Index | 1.12s | NO M5 CONFIRMATION
    Motivo: NO_DIRECTIONAL_M5_CONFIRMATION
[02/09] START High Frequency Vol 75 Index
[02/09] END   High Frequency Vol 75 Index | 0.42s | NO M5 CONFIRMATION
    Motivo: NO_DIRECTIONAL_M5_CONFIRMATION
[03/09] START Vol over Boom 750
[03/09] END   Vol over Boom 750 | 0.01s | DIRECCIÓN BLOQUEADA POR POLÍTICA DEL INSTRUMENTO
    Motivo: BOOM_BUY_ONLY_REQUIRES_BUY_H1_CONTEXT
[04/09] START Volatility 10 (1s) Index
[04/09] END   Volatility 10 (1s) Index | 1.00s | NO M5 CONFIRMATION
    Motivo: NO_DIRECTIONAL_M5_CONFIRMATION
[05/09] START Volatility 15 (1s) Index
[05/09] END   Volatility 15 (1s) Index | 0.87s | STALE M5 SIGNAL
    Motivo: M5_CONFIRMATION_TOO_OLD_FOR_LIVE_ENTRY
[06/09] START Volatility 25 Index
[06/09] END   Volatility 25 Index | 0.00s | INSTRUMENTO EN CUARENTENA DE RIESGO
    Motivo: cuarentena temporal por desviación marginal de ejecución
[07/09] START Volatility 5 (1s) Index
[07/09] END   Volatility 5 (1s) Index | 1.50s | NO M5 CONFIRMATION
    Motivo: NO_DIRECTIONAL_M5_CONFIRMATION
    Confirmaciones: 11/13 | 84.6% | calidad=93.00 | decisión=RECHAZADA
    Faltantes: rechazo del precio, desplazamiento
    Críticas faltantes: BOS REQUIRES REJECTION, DISPLACEMENT REQUIRED FOR LIVE ENTRY
    Rechazo técnico: bos rejection not confirmed, desplazamiento no confirmado, rechazo del precio no confirmado, falta una confirmación estructural crítica
[08/09] START Volatility 75 (1s) Index
[08/09] END   Volatility 75 (1s) Index | 0.74s | NO M5 CONFIRMATION
    Motivo: NO_DIRECTIONAL_M5_CONFIRMATION
[09/09] START VolSwitch High Vol Index
[09/09] END   VolSwitch High Vol Index | 1.12s | WAITING M5 AFTER M15
    Motivo: M5_CONFIRMATIONS_EXIST_BUT_ALL_PRECEDE_LATEST_M15_SETUP
----------------------------------------------------------------------------------------
RESUMEN DEL CICLO #0076
Símbolos analizados: 9
Sin señal: 0
Esperando/otros: 8
Señales rechazadas: 1
Bloqueadas por estado/límites: 0
Validadas DRY RUN: 0
Nuevas órdenes: 0
Operaciones cerradas sincronizadas: 0
Errores: 0
Duración del ciclo: 6.84s
Intervalo objetivo: 30s
Próximo ciclo en: 23.16s
----------------------------------------------------------------------------------------

========================================================================================
CICLO #0077 | 2026-09-03 14:50:39 UTC | símbolos=0
========================================================================================
----------------------------------------------------------------------------------------
RESUMEN DEL CICLO #0077
Símbolos analizados: 0
Sin señal: 0
Esperando/otros: 0
Señales rechazadas: 0
Bloqueadas por estado/límites: 0
Validadas DRY RUN: 0
Nuevas órdenes: 0
Operaciones cerradas sincronizadas: 0
Errores: 0
Duración del ciclo: 0.02s
Intervalo objetivo: 30s
Próximo ciclo en: 29.98s
----------------------------------------------------------------------------------------

========================================================================================
CICLO #0078 | 2026-09-03 14:51:09 UTC | símbolos=0
========================================================================================
----------------------------------------------------------------------------------------
RESUMEN DEL CICLO #0078
Símbolos analizados: 0
Sin señal: 0
Esperando/otros: 0
Señales rechazadas: 0
Bloqueadas por estado/límites: 0
Validadas DRY RUN: 0
Nuevas órdenes: 0
Operaciones cerradas sincronizadas: 0
Errores: 0
Duración del ciclo: 0.02s
Intervalo objetivo: 30s
Próximo ciclo en: 29.98s
----------------------------------------------------------------------------------------

========================================================================================
CICLO #0079 | 2026-09-03 14:51:39 UTC | símbolos=0
========================================================================================
----------------------------------------------------------------------------------------
RESUMEN DEL CICLO #0079
Símbolos analizados: 0
Sin señal: 0
Esperando/otros: 0
Señales rechazadas: 0
Bloqueadas por estado/límites: 0
Validadas DRY RUN: 0
Nuevas órdenes: 0
Operaciones cerradas sincronizadas: 0
Errores: 0
Duración del ciclo: 0.02s
Intervalo objetivo: 30s
Próximo ciclo en: 29.98s
----------------------------------------------------------------------------------------

========================================================================================
CICLO #0080 | 2026-09-03 14:52:09 UTC | símbolos=0
========================================================================================
----------------------------------------------------------------------------------------
RESUMEN DEL CICLO #0080
Símbolos analizados: 0
Sin señal: 0
Esperando/otros: 0
Señales rechazadas: 0
Bloqueadas por estado/límites: 0
Validadas DRY RUN: 0
Nuevas órdenes: 0
Operaciones cerradas sincronizadas: 0
Errores: 0
Duración del ciclo: 0.03s
Intervalo objetivo: 30s
Próximo ciclo en: 29.97s
----------------------------------------------------------------------------------------

========================================================================================
CICLO #0081 | 2026-09-03 14:52:39 UTC | símbolos=0
========================================================================================
----------------------------------------------------------------------------------------
RESUMEN DEL CICLO #0081
Símbolos analizados: 0
Sin señal: 0
Esperando/otros: 0
Señales rechazadas: 0
Bloqueadas por estado/límites: 0
Validadas DRY RUN: 0
Nuevas órdenes: 0
Operaciones cerradas sincronizadas: 0
Errores: 0
Duración del ciclo: 0.02s
Intervalo objetivo: 30s
Próximo ciclo en: 29.98s
----------------------------------------------------------------------------------------

========================================================================================
CICLO #0082 | 2026-09-03 14:53:09 UTC | símbolos=0
========================================================================================
----------------------------------------------------------------------------------------
RESUMEN DEL CICLO #0082
Símbolos analizados: 0
Sin señal: 0
Esperando/otros: 0
Señales rechazadas: 0
Bloqueadas por estado/límites: 0
Validadas DRY RUN: 0
Nuevas órdenes: 0
Operaciones cerradas sincronizadas: 0
Errores: 0
Duración del ciclo: 0.03s
Intervalo objetivo: 30s
Próximo ciclo en: 29.97s
----------------------------------------------------------------------------------------

========================================================================================
CICLO #0083 | 2026-09-03 14:53:39 UTC | símbolos=0
========================================================================================
----------------------------------------------------------------------------------------
RESUMEN DEL CICLO #0083
Símbolos analizados: 0
Sin señal: 0
Esperando/otros: 0
Señales rechazadas: 0
Bloqueadas por estado/límites: 0
Validadas DRY RUN: 0
Nuevas órdenes: 0
Operaciones cerradas sincronizadas: 0
Errores: 0
Duración del ciclo: 0.02s
Intervalo objetivo: 30s
Próximo ciclo en: 29.98s
----------------------------------------------------------------------------------------

========================================================================================
CICLO #0084 | 2026-09-03 14:54:09 UTC | símbolos=0
========================================================================================
----------------------------------------------------------------------------------------
RESUMEN DEL CICLO #0084
Símbolos analizados: 0
Sin señal: 0
Esperando/otros: 0
Señales rechazadas: 0
Bloqueadas por estado/límites: 0
Validadas DRY RUN: 0
Nuevas órdenes: 0
Operaciones cerradas sincronizadas: 0
Errores: 0
Duración del ciclo: 0.03s
Intervalo objetivo: 30s
Próximo ciclo en: 29.97s
----------------------------------------------------------------------------------------

========================================================================================
CICLO #0085 | 2026-09-03 14:54:39 UTC | símbolos=0
========================================================================================
----------------------------------------------------------------------------------------
RESUMEN DEL CICLO #0085
Símbolos analizados: 0
Sin señal: 0
Esperando/otros: 0
Señales rechazadas: 0
Bloqueadas por estado/límites: 0
Validadas DRY RUN: 0
Nuevas órdenes: 0
Operaciones cerradas sincronizadas: 0
Errores: 0
Duración del ciclo: 0.02s
Intervalo objetivo: 30s
Próximo ciclo en: 29.98s
----------------------------------------------------------------------------------------

========================================================================================
CICLO #0086 | 2026-09-03 14:55:09 UTC | símbolos=9
========================================================================================
[01/09] START High Frequency Vol 10 Index
[01/09] END   High Frequency Vol 10 Index | 1.13s | NO M5 CONFIRMATION
    Motivo: NO_DIRECTIONAL_M5_CONFIRMATION
[02/09] START High Frequency Vol 75 Index
[02/09] END   High Frequency Vol 75 Index | 0.49s | NO M5 CONFIRMATION
    Motivo: NO_DIRECTIONAL_M5_CONFIRMATION
[03/09] START Vol over Boom 750
[03/09] END   Vol over Boom 750 | 0.01s | DIRECCIÓN BLOQUEADA POR POLÍTICA DEL INSTRUMENTO
    Motivo: BOOM_BUY_ONLY_REQUIRES_BUY_H1_CONTEXT
[04/09] START Volatility 10 (1s) Index
[04/09] END   Volatility 10 (1s) Index | 1.05s | NO M5 CONFIRMATION
    Motivo: NO_DIRECTIONAL_M5_CONFIRMATION
[05/09] START Volatility 15 (1s) Index
[05/09] END   Volatility 15 (1s) Index | 0.86s | STALE M5 SIGNAL
    Motivo: M5_CONFIRMATION_TOO_OLD_FOR_LIVE_ENTRY
[06/09] START Volatility 25 Index
[06/09] END   Volatility 25 Index | 0.00s | INSTRUMENTO EN CUARENTENA DE RIESGO
    Motivo: cuarentena temporal por desviación marginal de ejecución
[07/09] START Volatility 5 (1s) Index
[07/09] END   Volatility 5 (1s) Index | 1.46s | NO M5 CONFIRMATION
    Motivo: NO_DIRECTIONAL_M5_CONFIRMATION
    Confirmaciones: 11/13 | 84.6% | calidad=93.00 | decisión=RECHAZADA
    Faltantes: rechazo del precio, desplazamiento
    Críticas faltantes: BOS REQUIRES REJECTION, DISPLACEMENT REQUIRED FOR LIVE ENTRY
    Rechazo técnico: bos rejection not confirmed, desplazamiento no confirmado, rechazo del precio no confirmado, falta una confirmación estructural crítica
[08/09] START Volatility 75 (1s) Index
[08/09] END   Volatility 75 (1s) Index | 0.76s | NO M5 CONFIRMATION
    Motivo: NO_DIRECTIONAL_M5_CONFIRMATION
[09/09] START VolSwitch High Vol Index
[09/09] END   VolSwitch High Vol Index | 1.18s | WAITING M5 AFTER M15
    Motivo: M5_CONFIRMATIONS_EXIST_BUT_ALL_PRECEDE_LATEST_M15_SETUP
----------------------------------------------------------------------------------------
RESUMEN DEL CICLO #0086
Símbolos analizados: 9
Sin señal: 0
Esperando/otros: 8
Señales rechazadas: 1
Bloqueadas por estado/límites: 0
Validadas DRY RUN: 0
Nuevas órdenes: 0
Operaciones cerradas sincronizadas: 0
Errores: 0
Duración del ciclo: 7.01s
Intervalo objetivo: 30s
Próximo ciclo en: 22.99s
----------------------------------------------------------------------------------------

========================================================================================
CICLO #0087 | 2026-09-03 14:55:39 UTC | símbolos=0
========================================================================================
----------------------------------------------------------------------------------------
RESUMEN DEL CICLO #0087
Símbolos analizados: 0
Sin señal: 0
Esperando/otros: 0
Señales rechazadas: 0
Bloqueadas por estado/límites: 0
Validadas DRY RUN: 0
Nuevas órdenes: 0
Operaciones cerradas sincronizadas: 0
Errores: 0
Duración del ciclo: 0.05s
Intervalo objetivo: 30s
Próximo ciclo en: 29.95s
----------------------------------------------------------------------------------------

========================================================================================
CICLO #0088 | 2026-09-03 14:56:09 UTC | símbolos=0
========================================================================================
----------------------------------------------------------------------------------------
RESUMEN DEL CICLO #0088
Símbolos analizados: 0
Sin señal: 0
Esperando/otros: 0
Señales rechazadas: 0
Bloqueadas por estado/límites: 0
Validadas DRY RUN: 0
Nuevas órdenes: 0
Operaciones cerradas sincronizadas: 0
Errores: 0
Duración del ciclo: 0.03s
Intervalo objetivo: 30s
Próximo ciclo en: 29.97s
----------------------------------------------------------------------------------------

========================================================================================
CICLO #0089 | 2026-09-03 14:56:39 UTC | símbolos=0
========================================================================================
----------------------------------------------------------------------------------------
RESUMEN DEL CICLO #0089
Símbolos analizados: 0
Sin señal: 0
Esperando/otros: 0
Señales rechazadas: 0
Bloqueadas por estado/límites: 0
Validadas DRY RUN: 0
Nuevas órdenes: 0
Operaciones cerradas sincronizadas: 0
Errores: 0
Duración del ciclo: 0.02s
Intervalo objetivo: 30s
Próximo ciclo en: 29.98s
----------------------------------------------------------------------------------------

========================================================================================
CICLO #0090 | 2026-09-03 14:57:09 UTC | símbolos=0
========================================================================================
----------------------------------------------------------------------------------------
RESUMEN DEL CICLO #0090
Símbolos analizados: 0
Sin señal: 0
Esperando/otros: 0
Señales rechazadas: 0
Bloqueadas por estado/límites: 0
Validadas DRY RUN: 0
Nuevas órdenes: 0
Operaciones cerradas sincronizadas: 0
Errores: 0
Duración del ciclo: 0.03s
Intervalo objetivo: 30s
Próximo ciclo en: 29.97s
----------------------------------------------------------------------------------------

========================================================================================
CICLO #0091 | 2026-09-03 14:57:39 UTC | símbolos=0
========================================================================================
----------------------------------------------------------------------------------------
RESUMEN DEL CICLO #0091
Símbolos analizados: 0
Sin señal: 0
Esperando/otros: 0
Señales rechazadas: 0
Bloqueadas por estado/límites: 0
Validadas DRY RUN: 0
Nuevas órdenes: 0
Operaciones cerradas sincronizadas: 0
Errores: 0
Duración del ciclo: 0.04s
Intervalo objetivo: 30s
Próximo ciclo en: 29.96s
----------------------------------------------------------------------------------------

========================================================================================
CICLO #0092 | 2026-09-03 14:58:09 UTC | símbolos=0
========================================================================================
----------------------------------------------------------------------------------------
RESUMEN DEL CICLO #0092
Símbolos analizados: 0
Sin señal: 0
Esperando/otros: 0
Señales rechazadas: 0
Bloqueadas por estado/límites: 0
Validadas DRY RUN: 0
Nuevas órdenes: 0
Operaciones cerradas sincronizadas: 0
Errores: 0
Duración del ciclo: 0.03s
Intervalo objetivo: 30s
Próximo ciclo en: 29.97s
----------------------------------------------------------------------------------------

========================================================================================
CICLO #0093 | 2026-09-03 14:58:39 UTC | símbolos=0
========================================================================================
----------------------------------------------------------------------------------------
RESUMEN DEL CICLO #0093
Símbolos analizados: 0
Sin señal: 0
Esperando/otros: 0
Señales rechazadas: 0
Bloqueadas por estado/límites: 0
Validadas DRY RUN: 0
Nuevas órdenes: 0
Operaciones cerradas sincronizadas: 0
Errores: 0
Duración del ciclo: 0.04s
Intervalo objetivo: 30s
Próximo ciclo en: 29.96s
----------------------------------------------------------------------------------------

========================================================================================
CICLO #0094 | 2026-09-03 14:59:09 UTC | símbolos=0
========================================================================================
----------------------------------------------------------------------------------------
RESUMEN DEL CICLO #0094
Símbolos analizados: 0
Sin señal: 0
Esperando/otros: 0
Señales rechazadas: 0
Bloqueadas por estado/límites: 0
Validadas DRY RUN: 0
Nuevas órdenes: 0
Operaciones cerradas sincronizadas: 0
Errores: 0
Duración del ciclo: 0.04s
Intervalo objetivo: 30s
Próximo ciclo en: 29.96s
----------------------------------------------------------------------------------------

========================================================================================
CICLO #0095 | 2026-09-03 14:59:39 UTC | símbolos=0
========================================================================================
----------------------------------------------------------------------------------------
RESUMEN DEL CICLO #0095
Símbolos analizados: 0
Sin señal: 0
Esperando/otros: 0
Señales rechazadas: 0
Bloqueadas por estado/límites: 0
Validadas DRY RUN: 0
Nuevas órdenes: 0
Operaciones cerradas sincronizadas: 0
Errores: 0
Duración del ciclo: 0.07s
Intervalo objetivo: 30s
Próximo ciclo en: 29.93s
----------------------------------------------------------------------------------------

========================================================================================
CICLO #0096 | 2026-09-03 15:00:09 UTC | símbolos=9
========================================================================================
[01/09] START High Frequency Vol 10 Index
[01/09] END   High Frequency Vol 10 Index | 6.23s | NO M5 CONFIRMATION
    Motivo: NO_DIRECTIONAL_M5_CONFIRMATION
[02/09] START High Frequency Vol 75 Index
[02/09] END   High Frequency Vol 75 Index | 3.16s | NO M5 CONFIRMATION
    Motivo: NO_DIRECTIONAL_M5_CONFIRMATION
[03/09] START Vol over Boom 750
[03/09] END   Vol over Boom 750 | 1.09s | DIRECCIÓN BLOQUEADA POR POLÍTICA DEL INSTRUMENTO
    Motivo: BOOM_BUY_ONLY_REQUIRES_BUY_H1_CONTEXT
[04/09] START Volatility 10 (1s) Index
[04/09] END   Volatility 10 (1s) Index | 9.94s | NO M5 CONFIRMATION
    Motivo: NO_DIRECTIONAL_M5_CONFIRMATION
[05/09] START Volatility 15 (1s) Index
[05/09] END   Volatility 15 (1s) Index | 6.09s | STALE M5 SIGNAL
    Motivo: M5_CONFIRMATION_TOO_OLD_FOR_LIVE_ENTRY
[06/09] START Volatility 25 Index
[06/09] END   Volatility 25 Index | 0.01s | INSTRUMENTO EN CUARENTENA DE RIESGO
    Motivo: cuarentena temporal por desviación marginal de ejecución
[07/09] START Volatility 5 (1s) Index
[07/09] END   Volatility 5 (1s) Index | 10.77s | NO M5 CONFIRMATION
    Motivo: NO_DIRECTIONAL_M5_CONFIRMATION
[08/09] START Volatility 75 (1s) Index
[08/09] END   Volatility 75 (1s) Index | 6.54s | NO M5 CONFIRMATION
    Motivo: NO_DIRECTIONAL_M5_CONFIRMATION
[09/09] START VolSwitch High Vol Index
[09/09] END   VolSwitch High Vol Index | 5.40s | WAITING M5 AFTER M15
    Motivo: M5_CONFIRMATIONS_EXIST_BUT_ALL_PRECEDE_LATEST_M15_SETUP
----------------------------------------------------------------------------------------
RESUMEN DEL CICLO #0096
Símbolos analizados: 9
Sin señal: 0
Esperando/otros: 8
Señales rechazadas: 1
Bloqueadas por estado/límites: 0
Validadas DRY RUN: 0
Nuevas órdenes: 0
Operaciones cerradas sincronizadas: 0
Errores: 0
Duración del ciclo: 49.34s
Intervalo objetivo: 30s
Próximo ciclo en: 0.00s
[AVISO] Ciclo excedio el intervalo por: 19.34s
----------------------------------------------------------------------------------------

========================================================================================
CICLO #0097 | 2026-09-03 15:00:58 UTC | símbolos=0
========================================================================================
----------------------------------------------------------------------------------------
RESUMEN DEL CICLO #0097
Símbolos analizados: 0
Sin señal: 0
Esperando/otros: 0
Señales rechazadas: 0
Bloqueadas por estado/límites: 0
Validadas DRY RUN: 0
Nuevas órdenes: 0
Operaciones cerradas sincronizadas: 0
Errores: 0
Duración del ciclo: 0.05s
Intervalo objetivo: 30s
Próximo ciclo en: 29.95s
----------------------------------------------------------------------------------------

========================================================================================
CICLO #0098 | 2026-09-03 15:01:28 UTC | símbolos=0
========================================================================================
----------------------------------------------------------------------------------------
RESUMEN DEL CICLO #0098
Símbolos analizados: 0
Sin señal: 0
Esperando/otros: 0
Señales rechazadas: 0
Bloqueadas por estado/límites: 0
Validadas DRY RUN: 0
Nuevas órdenes: 0
Operaciones cerradas sincronizadas: 0
Errores: 0
Duración del ciclo: 0.05s
Intervalo objetivo: 30s
Próximo ciclo en: 29.95s
----------------------------------------------------------------------------------------

========================================================================================
CICLO #0099 | 2026-09-03 15:01:58 UTC | símbolos=0
========================================================================================
----------------------------------------------------------------------------------------
RESUMEN DEL CICLO #0099
Símbolos analizados: 0
Sin señal: 0
Esperando/otros: 0
Señales rechazadas: 0
Bloqueadas por estado/límites: 0
Validadas DRY RUN: 0
Nuevas órdenes: 0
Operaciones cerradas sincronizadas: 0
Errores: 0
Duración del ciclo: 0.03s
Intervalo objetivo: 30s
Próximo ciclo en: 29.97s
----------------------------------------------------------------------------------------

========================================================================================
CICLO #0100 | 2026-09-03 15:02:28 UTC | símbolos=0
========================================================================================
----------------------------------------------------------------------------------------
RESUMEN DEL CICLO #0100
Símbolos analizados: 0
Sin señal: 0
Esperando/otros: 0
Señales rechazadas: 0
Bloqueadas por estado/límites: 0
Validadas DRY RUN: 0
Nuevas órdenes: 0
Operaciones cerradas sincronizadas: 0
Errores: 0
Duración del ciclo: 0.03s
Intervalo objetivo: 30s
Próximo ciclo en: 29.97s
----------------------------------------------------------------------------------------

========================================================================================
CICLO #0101 | 2026-09-03 15:02:58 UTC | símbolos=0
========================================================================================
----------------------------------------------------------------------------------------
RESUMEN DEL CICLO #0101
Símbolos analizados: 0
Sin señal: 0
Esperando/otros: 0
Señales rechazadas: 0
Bloqueadas por estado/límites: 0
Validadas DRY RUN: 0
Nuevas órdenes: 0
Operaciones cerradas sincronizadas: 0
Errores: 0
Duración del ciclo: 0.05s
Intervalo objetivo: 30s
Próximo ciclo en: 29.95s
----------------------------------------------------------------------------------------

========================================================================================
CICLO #0102 | 2026-09-03 15:03:28 UTC | símbolos=0
========================================================================================
----------------------------------------------------------------------------------------
RESUMEN DEL CICLO #0102
Símbolos analizados: 0
Sin señal: 0
Esperando/otros: 0
Señales rechazadas: 0
Bloqueadas por estado/límites: 0
Validadas DRY RUN: 0
Nuevas órdenes: 0
Operaciones cerradas sincronizadas: 0
Errores: 0
Duración del ciclo: 0.04s
Intervalo objetivo: 30s
Próximo ciclo en: 29.96s
----------------------------------------------------------------------------------------

========================================================================================
CICLO #0103 | 2026-09-03 15:03:58 UTC | símbolos=0
========================================================================================
----------------------------------------------------------------------------------------
RESUMEN DEL CICLO #0103
Símbolos analizados: 0
Sin señal: 0
Esperando/otros: 0
Señales rechazadas: 0
Bloqueadas por estado/límites: 0
Validadas DRY RUN: 0
Nuevas órdenes: 0
Operaciones cerradas sincronizadas: 0
Errores: 0
Duración del ciclo: 0.04s
Intervalo objetivo: 30s
Próximo ciclo en: 29.96s
----------------------------------------------------------------------------------------

========================================================================================
CICLO #0104 | 2026-09-03 15:04:28 UTC | símbolos=0
========================================================================================
----------------------------------------------------------------------------------------
RESUMEN DEL CICLO #0104
Símbolos analizados: 0
Sin señal: 0
Esperando/otros: 0
Señales rechazadas: 0
Bloqueadas por estado/límites: 0
Validadas DRY RUN: 0
Nuevas órdenes: 0
Operaciones cerradas sincronizadas: 0
Errores: 0
Duración del ciclo: 0.03s
Intervalo objetivo: 30s
Próximo ciclo en: 29.97s
----------------------------------------------------------------------------------------

========================================================================================
CICLO #0105 | 2026-09-03 15:04:58 UTC | símbolos=0
========================================================================================
----------------------------------------------------------------------------------------
RESUMEN DEL CICLO #0105
Símbolos analizados: 0
Sin señal: 0
Esperando/otros: 0
Señales rechazadas: 0
Bloqueadas por estado/límites: 0
Validadas DRY RUN: 0
Nuevas órdenes: 0
Operaciones cerradas sincronizadas: 0
Errores: 0
Duración del ciclo: 0.04s
Intervalo objetivo: 30s
Próximo ciclo en: 29.96s
----------------------------------------------------------------------------------------

========================================================================================
CICLO #0106 | 2026-09-03 15:05:28 UTC | símbolos=9
========================================================================================
[01/09] START High Frequency Vol 10 Index
[01/09] END   High Frequency Vol 10 Index | 1.51s | NO M5 CONFIRMATION
    Motivo: NO_DIRECTIONAL_M5_CONFIRMATION
[02/09] START High Frequency Vol 75 Index
[02/09] END   High Frequency Vol 75 Index | 0.49s | NO M5 CONFIRMATION
    Motivo: NO_DIRECTIONAL_M5_CONFIRMATION
[03/09] START Vol over Boom 750
[03/09] END   Vol over Boom 750 | 0.01s | DIRECCIÓN BLOQUEADA POR POLÍTICA DEL INSTRUMENTO
    Motivo: BOOM_BUY_ONLY_REQUIRES_BUY_H1_CONTEXT
[04/09] START Volatility 10 (1s) Index
[04/09] END   Volatility 10 (1s) Index | 1.07s | NO M5 CONFIRMATION
    Motivo: NO_DIRECTIONAL_M5_CONFIRMATION
[05/09] START Volatility 15 (1s) Index
[05/09] END   Volatility 15 (1s) Index | 1.46s | STALE M5 SIGNAL
    Motivo: M5_CONFIRMATION_TOO_OLD_FOR_LIVE_ENTRY
[06/09] START Volatility 25 Index
[06/09] END   Volatility 25 Index | 0.01s | INSTRUMENTO EN CUARENTENA DE RIESGO
    Motivo: cuarentena temporal por desviación marginal de ejecución
[07/09] START Volatility 5 (1s) Index
[07/09] END   Volatility 5 (1s) Index | 1.80s | NO M5 CONFIRMATION
    Motivo: NO_DIRECTIONAL_M5_CONFIRMATION
[08/09] START Volatility 75 (1s) Index
[08/09] END   Volatility 75 (1s) Index | 0.78s | NO M5 CONFIRMATION
    Motivo: NO_DIRECTIONAL_M5_CONFIRMATION
[09/09] START VolSwitch High Vol Index
[09/09] END   VolSwitch High Vol Index | 1.26s | WAITING M5 AFTER M15
    Motivo: M5_CONFIRMATIONS_EXIST_BUT_ALL_PRECEDE_LATEST_M15_SETUP
----------------------------------------------------------------------------------------
RESUMEN DEL CICLO #0106
Símbolos analizados: 9
Sin señal: 0
Esperando/otros: 8
Señales rechazadas: 1
Bloqueadas por estado/límites: 0
Validadas DRY RUN: 0
Nuevas órdenes: 0
Operaciones cerradas sincronizadas: 0
Errores: 0
Duración del ciclo: 9.22s
Intervalo objetivo: 30s
Próximo ciclo en: 20.78s
----------------------------------------------------------------------------------------
Bot detenido por el usuario.
========================================================================
DERIV DEMO EXECUTION PREFLIGHT
========================================================================
[OK] MT5_ACCOUNT_INFO {'login': 41108926, 'server': 'Deriv-Demo', 'currency': 'USD', 'balance': 9780.68, 'equity': 9780.68, 'margin': 0.0, 'free_margin': 9780.68, 'profit': 0.0, 'leverage': 1000, 'trade_mode': 0, 'snapshot_time': datetime.datetime(2026, 9, 3, 15, 6, 46, 756454, tzinfo=datetime.timezone.utc), 'broker': 'MT5'}
[OK] MT5_TERMINAL_CONNECTED {'trade_allowed': True, 'tradeapi_disabled': False}
[OK] MT5_AUTOTRADING_ALLOWED {'trade_allowed': True, 'tradeapi_disabled': False}
[OK] DEMO_ACCOUNT {'trade_mode': 0, 'server': 'Deriv-Demo'}
[OK] FREE_MARGIN {'free_margin': 9780.68, 'required': 0.0}
[OK] DATABASE_READY {}
[OK] SYMBOL:High Frequency Vol 10 Index {'visible': True, 'trade_mode': 4, 'volume_min': 0.1, 'volume_step': 0.01, 'point': 0.01, 'stops_level_points': 869}
[OK] SYMBOL:High Frequency Vol 75 Index {'visible': True, 'trade_mode': 4, 'volume_min': 0.05, 'volume_step': 0.01, 'point': 0.01, 'stops_level_points': 6799}
[OK] SYMBOL:Vol over Boom 750 {'visible': True, 'trade_mode': 4, 'volume_min': 0.1, 'volume_step': 0.01, 'point': 0.01, 'stops_level_points': 250}
[OK] SYMBOL:Volatility 10 (1s) Index {'visible': True, 'trade_mode': 4, 'volume_min': 0.5, 'volume_step': 0.01, 'point': 0.01, 'stops_level_points': 106}
[OK] SYMBOL:Volatility 15 (1s) Index {'visible': True, 'trade_mode': 4, 'volume_min': 0.2, 'volume_step': 0.01, 'point': 0.001, 'stops_level_points': 1908}
[OK] SYMBOL:Volatility 25 Index {'visible': True, 'trade_mode': 4, 'volume_min': 0.5, 'volume_step': 0.01, 'point': 0.001, 'stops_level_points': 423}
[OK] SYMBOL:Volatility 5 (1s) Index {'visible': True, 'trade_mode': 4, 'volume_min': 0.05, 'volume_step': 0.01, 'point': 0.01, 'stops_level_points': 420}
[OK] SYMBOL:Volatility 75 (1s) Index {'visible': True, 'trade_mode': 4, 'volume_min': 0.05, 'volume_step': 0.001, 'point': 0.01, 'stops_level_points': 432}
[OK] SYMBOL:VolSwitch High Vol Index {'visible': True, 'trade_mode': 4, 'volume_min': 0.1, 'volume_step': 0.1, 'point': 0.01, 'stops_level_points': 1000}
========================================================================
STATUS: READY FOR DEMO EXECUTION
DAEMONBLACKFX VERSION: v100-entry-quality-recoverable-quarantine-winrate-audit
BOT ACTIVO: VOLATILITY_1 | MAGIC=26082401 | ESTRATEGIA=SMC/ORB | instrumentos=9 | auto_export=False
========================================================================================
BOT SMC MT5 - DERIV DEMO
========================================================================================
Cuenta: 41108926 | Servidor: Deriv-Demo
Balance: 9780.68 USD
Modo: EJECUCIÓN DEMO
Riesgo por trade: 1.00% | R:R mínimo: 1.50
Intervalo: 30s | Símbolos: 9
Reporte XLSX: C:\TradingBoot\smc_synthetic_bot\storage\exports\deriv_demo_trading_report.xlsx
Pipeline: SMC -> TradeLifecycleManager -> MT5TradeExecutor -> SQLite -> XLSX
========================================================================================
Daemon activo: señales=30s | monitor posiciones/BE=2s | símbolos=9
Progreso: se mostrará cada símbolo y su tiempo de análisis.
{'action': 'POSITION_MONITOR_STARTED', 'signal_interval_seconds': 30, 'position_monitor_interval_seconds': 2, 'monitor_mode': 'BACKGROUND_DECOUPLED'}

========================================================================================
CICLO #0001 | 2026-09-03 15:06:57 UTC | símbolos=9
========================================================================================
[01/09] START High Frequency Vol 10 Index
[01/09] END   High Frequency Vol 10 Index | 6.52s | NO M5 CONFIRMATION
    Motivo: NO_DIRECTIONAL_M5_CONFIRMATION
[02/09] START High Frequency Vol 75 Index
[02/09] END   High Frequency Vol 75 Index | 3.74s | NO M5 CONFIRMATION
    Motivo: NO_DIRECTIONAL_M5_CONFIRMATION
[03/09] START Vol over Boom 750
[03/09] END   Vol over Boom 750 | 1.09s | DIRECCIÓN BLOQUEADA POR POLÍTICA DEL INSTRUMENTO
    Motivo: BOOM_BUY_ONLY_REQUIRES_BUY_H1_CONTEXT
[04/09] START Volatility 10 (1s) Index
[04/09] END   Volatility 10 (1s) Index | 9.79s | NO M5 CONFIRMATION
    Motivo: NO_DIRECTIONAL_M5_CONFIRMATION
[05/09] START Volatility 15 (1s) Index
[05/09] END   Volatility 15 (1s) Index | 5.12s | STALE M5 SIGNAL
    Motivo: M5_CONFIRMATION_TOO_OLD_FOR_LIVE_ENTRY
[06/09] START Volatility 25 Index
[06/09] END   Volatility 25 Index | 0.01s | INSTRUMENTO EN CUARENTENA DE RIESGO
    Motivo: cuarentena temporal por desviación marginal de ejecución
[07/09] START Volatility 5 (1s) Index
[07/09] END   Volatility 5 (1s) Index | 9.27s | NO M5 CONFIRMATION
    Motivo: NO_DIRECTIONAL_M5_CONFIRMATION
[08/09] START Volatility 75 (1s) Index
[08/09] END   Volatility 75 (1s) Index | 5.31s | NO M5 CONFIRMATION
    Motivo: NO_DIRECTIONAL_M5_CONFIRMATION
[09/09] START VolSwitch High Vol Index
[09/09] END   VolSwitch High Vol Index | 5.20s | WAITING M5 AFTER M15
    Motivo: M5_CONFIRMATIONS_EXIST_BUT_ALL_PRECEDE_LATEST_M15_SETUP
----------------------------------------------------------------------------------------
RESUMEN DEL CICLO #0001
Símbolos analizados: 9
Sin señal: 0
Esperando/otros: 8
Señales rechazadas: 1
Bloqueadas por estado/límites: 0
Validadas DRY RUN: 0
Nuevas órdenes: 0
Operaciones cerradas sincronizadas: 0
Errores: 0
Duración del ciclo: 50.34s
Intervalo objetivo: 30s
Próximo ciclo en: 0.00s
[AVISO] Ciclo excedio el intervalo por: 20.34s
----------------------------------------------------------------------------------------

========================================================================================
CICLO #0002 | 2026-09-03 15:07:47 UTC | símbolos=0
========================================================================================
----------------------------------------------------------------------------------------
RESUMEN DEL CICLO #0002
Símbolos analizados: 0
Sin señal: 0
Esperando/otros: 0
Señales rechazadas: 0
Bloqueadas por estado/límites: 0
Validadas DRY RUN: 0
Nuevas órdenes: 0
Operaciones cerradas sincronizadas: 0
Errores: 0
Duración del ciclo: 0.04s
Intervalo objetivo: 30s
Próximo ciclo en: 29.96s
----------------------------------------------------------------------------------------

========================================================================================
CICLO #0003 | 2026-09-03 15:08:17 UTC | símbolos=0
========================================================================================
----------------------------------------------------------------------------------------
RESUMEN DEL CICLO #0003
Símbolos analizados: 0
Sin señal: 0
Esperando/otros: 0
Señales rechazadas: 0
Bloqueadas por estado/límites: 0
Validadas DRY RUN: 0
Nuevas órdenes: 0
Operaciones cerradas sincronizadas: 0
Errores: 0
Duración del ciclo: 0.03s
Intervalo objetivo: 30s
Próximo ciclo en: 29.97s
----------------------------------------------------------------------------------------

========================================================================================
CICLO #0004 | 2026-09-03 15:08:47 UTC | símbolos=0
========================================================================================
----------------------------------------------------------------------------------------
RESUMEN DEL CICLO #0004
Símbolos analizados: 0
Sin señal: 0
Esperando/otros: 0
Señales rechazadas: 0
Bloqueadas por estado/límites: 0
Validadas DRY RUN: 0
Nuevas órdenes: 0
Operaciones cerradas sincronizadas: 0
Errores: 0
Duración del ciclo: 0.03s
Intervalo objetivo: 30s
Próximo ciclo en: 29.97s
----------------------------------------------------------------------------------------

========================================================================================
CICLO #0005 | 2026-09-03 15:09:17 UTC | símbolos=0
========================================================================================
----------------------------------------------------------------------------------------
RESUMEN DEL CICLO #0005
Símbolos analizados: 0
Sin señal: 0
Esperando/otros: 0
Señales rechazadas: 0
Bloqueadas por estado/límites: 0
Validadas DRY RUN: 0
Nuevas órdenes: 0
Operaciones cerradas sincronizadas: 0
Errores: 0
Duración del ciclo: 0.03s
Intervalo objetivo: 30s
Próximo ciclo en: 29.97s
----------------------------------------------------------------------------------------

========================================================================================
CICLO #0006 | 2026-09-03 15:09:47 UTC | símbolos=0
========================================================================================
----------------------------------------------------------------------------------------
RESUMEN DEL CICLO #0006
Símbolos analizados: 0
Sin señal: 0
Esperando/otros: 0
Señales rechazadas: 0
Bloqueadas por estado/límites: 0
Validadas DRY RUN: 0
Nuevas órdenes: 0
Operaciones cerradas sincronizadas: 0
Errores: 0
Duración del ciclo: 0.03s
Intervalo objetivo: 30s
Próximo ciclo en: 29.97s
----------------------------------------------------------------------------------------

========================================================================================
CICLO #0007 | 2026-09-03 15:10:17 UTC | símbolos=9
========================================================================================
[01/09] START High Frequency Vol 10 Index
[01/09] END   High Frequency Vol 10 Index | 0.93s | NO M5 CONFIRMATION
    Motivo: NO_DIRECTIONAL_M5_CONFIRMATION
[02/09] START High Frequency Vol 75 Index
[02/09] END   High Frequency Vol 75 Index | 0.39s | NO M5 CONFIRMATION
    Motivo: NO_DIRECTIONAL_M5_CONFIRMATION
[03/09] START Vol over Boom 750
[03/09] END   Vol over Boom 750 | 0.01s | DIRECCIÓN BLOQUEADA POR POLÍTICA DEL INSTRUMENTO
    Motivo: BOOM_BUY_ONLY_REQUIRES_BUY_H1_CONTEXT
[04/09] START Volatility 10 (1s) Index
[04/09] END   Volatility 10 (1s) Index | 0.89s | NO M5 CONFIRMATION
    Motivo: NO_DIRECTIONAL_M5_CONFIRMATION
[05/09] START Volatility 15 (1s) Index
[05/09] END   Volatility 15 (1s) Index | 0.84s | STALE M5 SIGNAL
    Motivo: M5_CONFIRMATION_TOO_OLD_FOR_LIVE_ENTRY
[06/09] START Volatility 25 Index
[06/09] END   Volatility 25 Index | 0.00s | INSTRUMENTO EN CUARENTENA DE RIESGO
    Motivo: cuarentena temporal por desviación marginal de ejecución
[07/09] START Volatility 5 (1s) Index
[07/09] END   Volatility 5 (1s) Index | 1.56s | NO M5 CONFIRMATION
    Motivo: NO_DIRECTIONAL_M5_CONFIRMATION
[08/09] START Volatility 75 (1s) Index
[08/09] END   Volatility 75 (1s) Index | 0.75s | NO M5 CONFIRMATION
    Motivo: NO_DIRECTIONAL_M5_CONFIRMATION
[09/09] START VolSwitch High Vol Index
[09/09] END   VolSwitch High Vol Index | 1.15s | WAITING M5 AFTER M15
    Motivo: M5_CONFIRMATIONS_EXIST_BUT_ALL_PRECEDE_LATEST_M15_SETUP
----------------------------------------------------------------------------------------
RESUMEN DEL CICLO #0007
Símbolos analizados: 9
Sin señal: 0
Esperando/otros: 8
Señales rechazadas: 1
Bloqueadas por estado/límites: 0
Validadas DRY RUN: 0
Nuevas órdenes: 0
Operaciones cerradas sincronizadas: 0
Errores: 0
Duración del ciclo: 6.60s
Intervalo objetivo: 30s
Próximo ciclo en: 23.40s
----------------------------------------------------------------------------------------

========================================================================================
CICLO #0008 | 2026-09-03 15:10:47 UTC | símbolos=0
========================================================================================
----------------------------------------------------------------------------------------
RESUMEN DEL CICLO #0008
Símbolos analizados: 0
Sin señal: 0
Esperando/otros: 0
Señales rechazadas: 0
Bloqueadas por estado/límites: 0
Validadas DRY RUN: 0
Nuevas órdenes: 0
Operaciones cerradas sincronizadas: 0
Errores: 0
Duración del ciclo: 0.03s
Intervalo objetivo: 30s
Próximo ciclo en: 29.97s
----------------------------------------------------------------------------------------

========================================================================================
CICLO #0009 | 2026-09-03 15:11:17 UTC | símbolos=0
========================================================================================
----------------------------------------------------------------------------------------
RESUMEN DEL CICLO #0009
Símbolos analizados: 0
Sin señal: 0
Esperando/otros: 0
Señales rechazadas: 0
Bloqueadas por estado/límites: 0
Validadas DRY RUN: 0
Nuevas órdenes: 0
Operaciones cerradas sincronizadas: 0
Errores: 0
Duración del ciclo: 0.02s
Intervalo objetivo: 30s
Próximo ciclo en: 29.98s
----------------------------------------------------------------------------------------

========================================================================================
CICLO #0010 | 2026-09-03 15:11:47 UTC | símbolos=0
========================================================================================
----------------------------------------------------------------------------------------
RESUMEN DEL CICLO #0010
Símbolos analizados: 0
Sin señal: 0
Esperando/otros: 0
Señales rechazadas: 0
Bloqueadas por estado/límites: 0
Validadas DRY RUN: 0
Nuevas órdenes: 0
Operaciones cerradas sincronizadas: 0
Errores: 0
Duración del ciclo: 0.03s
Intervalo objetivo: 30s
Próximo ciclo en: 29.97s
----------------------------------------------------------------------------------------

========================================================================================
CICLO #0011 | 2026-09-03 15:12:17 UTC | símbolos=0
========================================================================================
----------------------------------------------------------------------------------------
RESUMEN DEL CICLO #0011
Símbolos analizados: 0
Sin señal: 0
Esperando/otros: 0
Señales rechazadas: 0
Bloqueadas por estado/límites: 0
Validadas DRY RUN: 0
Nuevas órdenes: 0
Operaciones cerradas sincronizadas: 0
Errores: 0
Duración del ciclo: 0.03s
Intervalo objetivo: 30s
Próximo ciclo en: 29.97s
----------------------------------------------------------------------------------------

========================================================================================
CICLO #0012 | 2026-09-03 15:12:47 UTC | símbolos=0
========================================================================================
----------------------------------------------------------------------------------------
RESUMEN DEL CICLO #0012
Símbolos analizados: 0
Sin señal: 0
Esperando/otros: 0
Señales rechazadas: 0
Bloqueadas por estado/límites: 0
Validadas DRY RUN: 0
Nuevas órdenes: 0
Operaciones cerradas sincronizadas: 0
Errores: 0
Duración del ciclo: 0.03s
Intervalo objetivo: 30s
Próximo ciclo en: 29.97s
----------------------------------------------------------------------------------------

========================================================================================
CICLO #0013 | 2026-09-03 15:13:17 UTC | símbolos=0
========================================================================================
----------------------------------------------------------------------------------------
RESUMEN DEL CICLO #0013
Símbolos analizados: 0
Sin señal: 0
Esperando/otros: 0
Señales rechazadas: 0
Bloqueadas por estado/límites: 0
Validadas DRY RUN: 0
Nuevas órdenes: 0
Operaciones cerradas sincronizadas: 0
Errores: 0
Duración del ciclo: 0.03s
Intervalo objetivo: 30s
Próximo ciclo en: 29.97s
----------------------------------------------------------------------------------------

========================================================================================
CICLO #0014 | 2026-09-03 15:13:47 UTC | símbolos=0
========================================================================================
----------------------------------------------------------------------------------------
RESUMEN DEL CICLO #0014
Símbolos analizados: 0
Sin señal: 0
Esperando/otros: 0
Señales rechazadas: 0
Bloqueadas por estado/límites: 0
Validadas DRY RUN: 0
Nuevas órdenes: 0
Operaciones cerradas sincronizadas: 0
Errores: 0
Duración del ciclo: 0.03s
Intervalo objetivo: 30s
Próximo ciclo en: 29.97s
----------------------------------------------------------------------------------------

========================================================================================
CICLO #0015 | 2026-09-03 15:14:17 UTC | símbolos=0
========================================================================================
----------------------------------------------------------------------------------------
RESUMEN DEL CICLO #0015
Símbolos analizados: 0
Sin señal: 0
Esperando/otros: 0
Señales rechazadas: 0
Bloqueadas por estado/límites: 0
Validadas DRY RUN: 0
Nuevas órdenes: 0
Operaciones cerradas sincronizadas: 0
Errores: 0
Duración del ciclo: 0.02s
Intervalo objetivo: 30s
Próximo ciclo en: 29.98s
----------------------------------------------------------------------------------------

========================================================================================
CICLO #0016 | 2026-09-03 15:14:47 UTC | símbolos=0
========================================================================================
----------------------------------------------------------------------------------------
RESUMEN DEL CICLO #0016
Símbolos analizados: 0
Sin señal: 0
Esperando/otros: 0
Señales rechazadas: 0
Bloqueadas por estado/límites: 0
Validadas DRY RUN: 0
Nuevas órdenes: 0
Operaciones cerradas sincronizadas: 0
Errores: 0
Duración del ciclo: 0.03s
Intervalo objetivo: 30s
Próximo ciclo en: 29.97s
----------------------------------------------------------------------------------------

========================================================================================
CICLO #0017 | 2026-09-03 15:15:17 UTC | símbolos=9
========================================================================================
[01/09] START High Frequency Vol 10 Index
[01/09] END   High Frequency Vol 10 Index | 4.93s | NO M5 CONFIRMATION
    Motivo: NO_DIRECTIONAL_M5_CONFIRMATION
[02/09] START High Frequency Vol 75 Index
[02/09] END   High Frequency Vol 75 Index | 1.67s | NO M5 CONFIRMATION
    Motivo: NO_DIRECTIONAL_M5_CONFIRMATION
[03/09] START Vol over Boom 750
[03/09] END   Vol over Boom 750 | 0.01s | DIRECCIÓN BLOQUEADA POR POLÍTICA DEL INSTRUMENTO
    Motivo: BOOM_BUY_ONLY_REQUIRES_BUY_H1_CONTEXT
[04/09] START Volatility 10 (1s) Index
[04/09] END   Volatility 10 (1s) Index | 5.39s | NO M5 CONFIRMATION
    Motivo: NO_DIRECTIONAL_M5_CONFIRMATION
[05/09] START Volatility 15 (1s) Index
[05/09] END   Volatility 15 (1s) Index | 2.31s | STALE M5 SIGNAL
    Motivo: M5_CONFIRMATION_TOO_OLD_FOR_LIVE_ENTRY
[06/09] START Volatility 25 Index
[06/09] END   Volatility 25 Index | 0.01s | INSTRUMENTO EN CUARENTENA DE RIESGO
    Motivo: cuarentena temporal por desviación marginal de ejecución
[07/09] START Volatility 5 (1s) Index
[07/09] END   Volatility 5 (1s) Index | 4.72s | NO M5 CONFIRMATION
    Motivo: NO_DIRECTIONAL_M5_CONFIRMATION
[08/09] START Volatility 75 (1s) Index
[08/09] END   Volatility 75 (1s) Index | 2.89s | NO M5 CONFIRMATION
    Motivo: NO_DIRECTIONAL_M5_CONFIRMATION
[09/09] START VolSwitch High Vol Index
[09/09] END   VolSwitch High Vol Index | 2.91s | WAITING M5 AFTER M15
    Motivo: M5_CONFIRMATIONS_EXIST_BUT_ALL_PRECEDE_LATEST_M15_SETUP
----------------------------------------------------------------------------------------
RESUMEN DEL CICLO #0017
Símbolos analizados: 9
Sin señal: 0
Esperando/otros: 8
Señales rechazadas: 1
Bloqueadas por estado/límites: 0
Validadas DRY RUN: 0
Nuevas órdenes: 0
Operaciones cerradas sincronizadas: 0
Errores: 0
Duración del ciclo: 24.94s
Intervalo objetivo: 30s
Próximo ciclo en: 5.06s
----------------------------------------------------------------------------------------

========================================================================================
CICLO #0018 | 2026-09-03 15:15:47 UTC | símbolos=0
========================================================================================
----------------------------------------------------------------------------------------
RESUMEN DEL CICLO #0018
Símbolos analizados: 0
Sin señal: 0
Esperando/otros: 0
Señales rechazadas: 0
Bloqueadas por estado/límites: 0
Validadas DRY RUN: 0
Nuevas órdenes: 0
Operaciones cerradas sincronizadas: 0
Errores: 0
Duración del ciclo: 0.03s
Intervalo objetivo: 30s
Próximo ciclo en: 29.97s
----------------------------------------------------------------------------------------

========================================================================================
CICLO #0019 | 2026-09-03 15:16:17 UTC | símbolos=0
========================================================================================
----------------------------------------------------------------------------------------
RESUMEN DEL CICLO #0019
Símbolos analizados: 0
Sin señal: 0
Esperando/otros: 0
Señales rechazadas: 0
Bloqueadas por estado/límites: 0
Validadas DRY RUN: 0
Nuevas órdenes: 0
Operaciones cerradas sincronizadas: 0
Errores: 0
Duración del ciclo: 0.02s
Intervalo objetivo: 30s
Próximo ciclo en: 29.98s
----------------------------------------------------------------------------------------

========================================================================================
CICLO #0020 | 2026-09-03 15:16:47 UTC | símbolos=0
========================================================================================
----------------------------------------------------------------------------------------
RESUMEN DEL CICLO #0020
Símbolos analizados: 0
Sin señal: 0
Esperando/otros: 0
Señales rechazadas: 0
Bloqueadas por estado/límites: 0
Validadas DRY RUN: 0
Nuevas órdenes: 0
Operaciones cerradas sincronizadas: 0
Errores: 0
Duración del ciclo: 0.03s
Intervalo objetivo: 30s
Próximo ciclo en: 29.97s
----------------------------------------------------------------------------------------

========================================================================================
CICLO #0021 | 2026-09-03 15:17:17 UTC | símbolos=0
========================================================================================
----------------------------------------------------------------------------------------
RESUMEN DEL CICLO #0021
Símbolos analizados: 0
Sin señal: 0
Esperando/otros: 0
Señales rechazadas: 0
Bloqueadas por estado/límites: 0
Validadas DRY RUN: 0
Nuevas órdenes: 0
Operaciones cerradas sincronizadas: 0
Errores: 0
Duración del ciclo: 0.03s
Intervalo objetivo: 30s
Próximo ciclo en: 29.97s
----------------------------------------------------------------------------------------

========================================================================================
CICLO #0022 | 2026-09-03 15:17:47 UTC | símbolos=0
========================================================================================
----------------------------------------------------------------------------------------
RESUMEN DEL CICLO #0022
Símbolos analizados: 0
Sin señal: 0
Esperando/otros: 0
Señales rechazadas: 0
Bloqueadas por estado/límites: 0
Validadas DRY RUN: 0
Nuevas órdenes: 0
Operaciones cerradas sincronizadas: 0
Errores: 0
Duración del ciclo: 0.03s
Intervalo objetivo: 30s
Próximo ciclo en: 29.97s
----------------------------------------------------------------------------------------

========================================================================================
CICLO #0023 | 2026-09-03 15:18:17 UTC | símbolos=0
========================================================================================
----------------------------------------------------------------------------------------
RESUMEN DEL CICLO #0023
Símbolos analizados: 0
Sin señal: 0
Esperando/otros: 0
Señales rechazadas: 0
Bloqueadas por estado/límites: 0
Validadas DRY RUN: 0
Nuevas órdenes: 0
Operaciones cerradas sincronizadas: 0
Errores: 0
Duración del ciclo: 0.02s
Intervalo objetivo: 30s
Próximo ciclo en: 29.98s
----------------------------------------------------------------------------------------
Bot detenido por el usuario.
========================================================================
DERIV DEMO EXECUTION PREFLIGHT
========================================================================
[OK] MT5_ACCOUNT_INFO {'login': 41108926, 'server': 'Deriv-Demo', 'currency': 'USD', 'balance': 9780.68, 'equity': 9780.68, 'margin': 0.0, 'free_margin': 9780.68, 'profit': 0.0, 'leverage': 1000, 'trade_mode': 0, 'snapshot_time': datetime.datetime(2026, 9, 3, 15, 19, 10, 137620, tzinfo=datetime.timezone.utc), 'broker': 'MT5'}
[OK] MT5_TERMINAL_CONNECTED {'trade_allowed': True, 'tradeapi_disabled': False}
[OK] MT5_AUTOTRADING_ALLOWED {'trade_allowed': True, 'tradeapi_disabled': False}
[OK] DEMO_ACCOUNT {'trade_mode': 0, 'server': 'Deriv-Demo'}
[OK] FREE_MARGIN {'free_margin': 9780.68, 'required': 0.0}
[OK] DATABASE_READY {}
[OK] SYMBOL:High Frequency Vol 10 Index {'visible': True, 'trade_mode': 4, 'volume_min': 0.1, 'volume_step': 0.01, 'point': 0.01, 'stops_level_points': 869}
[OK] SYMBOL:High Frequency Vol 75 Index {'visible': True, 'trade_mode': 4, 'volume_min': 0.05, 'volume_step': 0.01, 'point': 0.01, 'stops_level_points': 6799}
[OK] SYMBOL:Vol over Boom 750 {'visible': True, 'trade_mode': 4, 'volume_min': 0.1, 'volume_step': 0.01, 'point': 0.01, 'stops_level_points': 250}
[OK] SYMBOL:Volatility 10 (1s) Index {'visible': True, 'trade_mode': 4, 'volume_min': 0.5, 'volume_step': 0.01, 'point': 0.01, 'stops_level_points': 106}
[OK] SYMBOL:Volatility 15 (1s) Index {'visible': True, 'trade_mode': 4, 'volume_min': 0.2, 'volume_step': 0.01, 'point': 0.001, 'stops_level_points': 1908}
[OK] SYMBOL:Volatility 25 Index {'visible': True, 'trade_mode': 4, 'volume_min': 0.5, 'volume_step': 0.01, 'point': 0.001, 'stops_level_points': 423}
[OK] SYMBOL:Volatility 5 (1s) Index {'visible': True, 'trade_mode': 4, 'volume_min': 0.05, 'volume_step': 0.01, 'point': 0.01, 'stops_level_points': 420}
[OK] SYMBOL:Volatility 75 (1s) Index {'visible': True, 'trade_mode': 4, 'volume_min': 0.05, 'volume_step': 0.001, 'point': 0.01, 'stops_level_points': 432}
[OK] SYMBOL:VolSwitch High Vol Index {'visible': True, 'trade_mode': 4, 'volume_min': 0.1, 'volume_step': 0.1, 'point': 0.01, 'stops_level_points': 1000}
========================================================================
STATUS: READY FOR DEMO EXECUTION
DAEMONBLACKFX VERSION: v100-entry-quality-recoverable-quarantine-winrate-audit
BOT ACTIVO: VOLATILITY_1 | MAGIC=26082401 | ESTRATEGIA=SMC/ORB | instrumentos=9 | auto_export=False
========================================================================================
BOT SMC MT5 - DERIV DEMO
========================================================================================
Cuenta: 41108926 | Servidor: Deriv-Demo
Balance: 9780.68 USD
Modo: EJECUCIÓN DEMO
Riesgo por trade: 1.00% | R:R mínimo: 1.50
Intervalo: 30s | Símbolos: 9
Reporte XLSX: C:\TradingBoot\smc_synthetic_bot\storage\exports\deriv_demo_trading_report.xlsx
Pipeline: SMC -> TradeLifecycleManager -> MT5TradeExecutor -> SQLite -> XLSX
========================================================================================
Daemon activo: señales=30s | monitor posiciones/BE=2s | símbolos=9
Progreso: se mostrará cada símbolo y su tiempo de análisis.
{'action': 'POSITION_MONITOR_STARTED', 'signal_interval_seconds': 30, 'position_monitor_interval_seconds': 2, 'monitor_mode': 'BACKGROUND_DECOUPLED'}

========================================================================================
CICLO #0001 | 2026-09-03 15:19:18 UTC | símbolos=9
========================================================================================
[01/09] START High Frequency Vol 10 Index
[01/09] END   High Frequency Vol 10 Index | 7.08s | NO M5 CONFIRMATION
    Motivo: NO_DIRECTIONAL_M5_CONFIRMATION
[02/09] START High Frequency Vol 75 Index
[02/09] END   High Frequency Vol 75 Index | 3.48s | NO M5 CONFIRMATION
    Motivo: NO_DIRECTIONAL_M5_CONFIRMATION
[03/09] START Vol over Boom 750
[03/09] END   Vol over Boom 750 | 4.28s | DIRECCIÓN BLOQUEADA POR POLÍTICA DEL INSTRUMENTO
    Motivo: BOOM_BUY_ONLY_REQUIRES_BUY_H1_CONTEXT
[04/09] START Volatility 10 (1s) Index
[04/09] END   Volatility 10 (1s) Index | 9.47s | NO M5 CONFIRMATION
    Motivo: NO_DIRECTIONAL_M5_CONFIRMATION
[05/09] START Volatility 15 (1s) Index
[05/09] END   Volatility 15 (1s) Index | 5.34s | STALE M5 SIGNAL
    Motivo: M5_CONFIRMATION_TOO_OLD_FOR_LIVE_ENTRY
[06/09] START Volatility 25 Index
[06/09] END   Volatility 25 Index | 0.01s | INSTRUMENTO EN CUARENTENA DE RIESGO
    Motivo: cuarentena temporal por desviación marginal de ejecución
[07/09] START Volatility 5 (1s) Index
[07/09] END   Volatility 5 (1s) Index | 9.99s | NO M5 CONFIRMATION
    Motivo: NO_DIRECTIONAL_M5_CONFIRMATION
[08/09] START Volatility 75 (1s) Index
[08/09] END   Volatility 75 (1s) Index | 5.05s | NO M5 CONFIRMATION
    Motivo: NO_DIRECTIONAL_M5_CONFIRMATION
[09/09] START VolSwitch High Vol Index
[09/09] END   VolSwitch High Vol Index | 4.86s | WAITING M5 AFTER M15
    Motivo: M5_CONFIRMATIONS_EXIST_BUT_ALL_PRECEDE_LATEST_M15_SETUP
----------------------------------------------------------------------------------------
RESUMEN DEL CICLO #0001
Símbolos analizados: 9
Sin señal: 0
Esperando/otros: 8
Señales rechazadas: 1
Bloqueadas por estado/límites: 0
Validadas DRY RUN: 0
Nuevas órdenes: 0
Operaciones cerradas sincronizadas: 0
Errores: 0
Duración del ciclo: 52.24s
Intervalo objetivo: 30s
Próximo ciclo en: 0.00s
[AVISO] Ciclo excedio el intervalo por: 22.24s
----------------------------------------------------------------------------------------

========================================================================================
CICLO #0002 | 2026-09-03 15:20:10 UTC | símbolos=9
========================================================================================
[01/09] START High Frequency Vol 10 Index
[01/09] END   High Frequency Vol 10 Index | 1.32s | NO M5 CONFIRMATION
    Motivo: NO_DIRECTIONAL_M5_CONFIRMATION
[02/09] START High Frequency Vol 75 Index
[02/09] END   High Frequency Vol 75 Index | 0.54s | NO M5 CONFIRMATION
    Motivo: NO_DIRECTIONAL_M5_CONFIRMATION
[03/09] START Vol over Boom 750
[03/09] END   Vol over Boom 750 | 0.01s | DIRECCIÓN BLOQUEADA POR POLÍTICA DEL INSTRUMENTO
    Motivo: BOOM_BUY_ONLY_REQUIRES_BUY_H1_CONTEXT
[04/09] START Volatility 10 (1s) Index
[04/09] END   Volatility 10 (1s) Index | 1.19s | NO M5 CONFIRMATION
    Motivo: NO_DIRECTIONAL_M5_CONFIRMATION
[05/09] START Volatility 15 (1s) Index
[05/09] END   Volatility 15 (1s) Index | 1.05s | STALE M5 SIGNAL
    Motivo: M5_CONFIRMATION_TOO_OLD_FOR_LIVE_ENTRY
[06/09] START Volatility 25 Index
[06/09] END   Volatility 25 Index | 0.01s | INSTRUMENTO EN CUARENTENA DE RIESGO
    Motivo: cuarentena temporal por desviación marginal de ejecución
[07/09] START Volatility 5 (1s) Index
[07/09] END   Volatility 5 (1s) Index | 2.01s | NO M5 CONFIRMATION
    Motivo: NO_DIRECTIONAL_M5_CONFIRMATION
[08/09] START Volatility 75 (1s) Index
[08/09] END   Volatility 75 (1s) Index | 0.01s | NO M5 CONFIRMATION
    Motivo: NO_DIRECTIONAL_M5_CONFIRMATION
[09/09] START VolSwitch High Vol Index
[09/09] END   VolSwitch High Vol Index | 0.02s | WAITING M5 AFTER M15
    Motivo: M5_CONFIRMATIONS_EXIST_BUT_ALL_PRECEDE_LATEST_M15_SETUP
----------------------------------------------------------------------------------------
RESUMEN DEL CICLO #0002
Símbolos analizados: 9
Sin señal: 0
Esperando/otros: 8
Señales rechazadas: 1
Bloqueadas por estado/límites: 0
Validadas DRY RUN: 0
Nuevas órdenes: 0
Operaciones cerradas sincronizadas: 0
Errores: 0
Duración del ciclo: 6.23s
Intervalo objetivo: 30s
Próximo ciclo en: 23.77s
----------------------------------------------------------------------------------------

========================================================================================
CICLO #0003 | 2026-09-03 15:20:40 UTC | símbolos=0
========================================================================================
----------------------------------------------------------------------------------------
RESUMEN DEL CICLO #0003
Símbolos analizados: 0
Sin señal: 0
Esperando/otros: 0
Señales rechazadas: 0
Bloqueadas por estado/límites: 0
Validadas DRY RUN: 0
Nuevas órdenes: 0
Operaciones cerradas sincronizadas: 0
Errores: 0
Duración del ciclo: 0.03s
Intervalo objetivo: 30s
Próximo ciclo en: 29.97s
----------------------------------------------------------------------------------------

========================================================================================
CICLO #0004 | 2026-09-03 15:21:10 UTC | símbolos=0
========================================================================================
----------------------------------------------------------------------------------------
RESUMEN DEL CICLO #0004
Símbolos analizados: 0
Sin señal: 0
Esperando/otros: 0
Señales rechazadas: 0
Bloqueadas por estado/límites: 0
Validadas DRY RUN: 0
Nuevas órdenes: 0
Operaciones cerradas sincronizadas: 0
Errores: 0
Duración del ciclo: 0.03s
Intervalo objetivo: 30s
Próximo ciclo en: 29.97s
----------------------------------------------------------------------------------------

========================================================================================
CICLO #0005 | 2026-09-03 15:21:40 UTC | símbolos=0
========================================================================================
----------------------------------------------------------------------------------------
RESUMEN DEL CICLO #0005
Símbolos analizados: 0
Sin señal: 0
Esperando/otros: 0
Señales rechazadas: 0
Bloqueadas por estado/límites: 0
Validadas DRY RUN: 0
Nuevas órdenes: 0
Operaciones cerradas sincronizadas: 0
Errores: 0
Duración del ciclo: 0.03s
Intervalo objetivo: 30s
Próximo ciclo en: 29.97s
----------------------------------------------------------------------------------------

========================================================================================
CICLO #0006 | 2026-09-03 15:22:10 UTC | símbolos=0
========================================================================================
----------------------------------------------------------------------------------------
RESUMEN DEL CICLO #0006
Símbolos analizados: 0
Sin señal: 0
Esperando/otros: 0
Señales rechazadas: 0
Bloqueadas por estado/límites: 0
Validadas DRY RUN: 0
Nuevas órdenes: 0
Operaciones cerradas sincronizadas: 0
Errores: 0
Duración del ciclo: 0.02s
Intervalo objetivo: 30s
Próximo ciclo en: 29.98s
----------------------------------------------------------------------------------------

========================================================================================
CICLO #0007 | 2026-09-03 15:22:40 UTC | símbolos=0
========================================================================================
----------------------------------------------------------------------------------------
RESUMEN DEL CICLO #0007
Símbolos analizados: 0
Sin señal: 0
Esperando/otros: 0
Señales rechazadas: 0
Bloqueadas por estado/límites: 0
Validadas DRY RUN: 0
Nuevas órdenes: 0
Operaciones cerradas sincronizadas: 0
Errores: 0
Duración del ciclo: 0.03s
Intervalo objetivo: 30s
Próximo ciclo en: 29.97s
----------------------------------------------------------------------------------------

========================================================================================
CICLO #0008 | 2026-09-03 15:23:10 UTC | símbolos=0
========================================================================================
----------------------------------------------------------------------------------------
RESUMEN DEL CICLO #0008
Símbolos analizados: 0
Sin señal: 0
Esperando/otros: 0
Señales rechazadas: 0
Bloqueadas por estado/límites: 0
Validadas DRY RUN: 0
Nuevas órdenes: 0
Operaciones cerradas sincronizadas: 0
Errores: 0
Duración del ciclo: 0.03s
Intervalo objetivo: 30s
Próximo ciclo en: 29.97s
----------------------------------------------------------------------------------------

========================================================================================
CICLO #0009 | 2026-09-03 15:23:40 UTC | símbolos=0
========================================================================================
----------------------------------------------------------------------------------------
RESUMEN DEL CICLO #0009
Símbolos analizados: 0
Sin señal: 0
Esperando/otros: 0
Señales rechazadas: 0
Bloqueadas por estado/límites: 0
Validadas DRY RUN: 0
Nuevas órdenes: 0
Operaciones cerradas sincronizadas: 0
Errores: 0
Duración del ciclo: 0.02s
Intervalo objetivo: 30s
Próximo ciclo en: 29.98s
----------------------------------------------------------------------------------------

========================================================================================
CICLO #0010 | 2026-09-03 15:24:10 UTC | símbolos=0
========================================================================================
----------------------------------------------------------------------------------------
RESUMEN DEL CICLO #0010
Símbolos analizados: 0
Sin señal: 0
Esperando/otros: 0
Señales rechazadas: 0
Bloqueadas por estado/límites: 0
Validadas DRY RUN: 0
Nuevas órdenes: 0
Operaciones cerradas sincronizadas: 0
Errores: 0
Duración del ciclo: 0.03s
Intervalo objetivo: 30s
Próximo ciclo en: 29.97s
----------------------------------------------------------------------------------------

========================================================================================
CICLO #0011 | 2026-09-03 15:24:40 UTC | símbolos=0
========================================================================================
----------------------------------------------------------------------------------------
RESUMEN DEL CICLO #0011
Símbolos analizados: 0
Sin señal: 0
Esperando/otros: 0
Señales rechazadas: 0
Bloqueadas por estado/límites: 0
Validadas DRY RUN: 0
Nuevas órdenes: 0
Operaciones cerradas sincronizadas: 0
Errores: 0
Duración del ciclo: 0.03s
Intervalo objetivo: 30s
Próximo ciclo en: 29.97s
----------------------------------------------------------------------------------------

========================================================================================
CICLO #0012 | 2026-09-03 15:25:10 UTC | símbolos=9
========================================================================================
[01/09] START High Frequency Vol 10 Index
[01/09] END   High Frequency Vol 10 Index | 1.08s | NO M5 CONFIRMATION
    Motivo: NO_DIRECTIONAL_M5_CONFIRMATION
[02/09] START High Frequency Vol 75 Index
[02/09] END   High Frequency Vol 75 Index | 0.44s | NO M5 CONFIRMATION
    Motivo: NO_DIRECTIONAL_M5_CONFIRMATION
[03/09] START Vol over Boom 750
[03/09] END   Vol over Boom 750 | 0.01s | DIRECCIÓN BLOQUEADA POR POLÍTICA DEL INSTRUMENTO
    Motivo: BOOM_BUY_ONLY_REQUIRES_BUY_H1_CONTEXT
[04/09] START Volatility 10 (1s) Index
[04/09] END   Volatility 10 (1s) Index | 1.02s | NO M5 CONFIRMATION
    Motivo: NO_DIRECTIONAL_M5_CONFIRMATION
[05/09] START Volatility 15 (1s) Index
[05/09] END   Volatility 15 (1s) Index | 0.98s | STALE M5 SIGNAL
    Motivo: M5_CONFIRMATION_TOO_OLD_FOR_LIVE_ENTRY
[06/09] START Volatility 25 Index
[06/09] END   Volatility 25 Index | 0.00s | INSTRUMENTO EN CUARENTENA DE RIESGO
    Motivo: cuarentena temporal por desviación marginal de ejecución
[07/09] START Volatility 5 (1s) Index
[07/09] END   Volatility 5 (1s) Index | 1.79s | NO M5 CONFIRMATION
    Motivo: NO_DIRECTIONAL_M5_CONFIRMATION
[08/09] START Volatility 75 (1s) Index
[08/09] END   Volatility 75 (1s) Index | 0.46s | NO M5 CONFIRMATION
    Motivo: NO_DIRECTIONAL_M5_CONFIRMATION
[09/09] START VolSwitch High Vol Index
[09/09] END   VolSwitch High Vol Index | 1.26s | WAITING M5 AFTER M15
    Motivo: M5_CONFIRMATIONS_EXIST_BUT_ALL_PRECEDE_LATEST_M15_SETUP
----------------------------------------------------------------------------------------
RESUMEN DEL CICLO #0012
Símbolos analizados: 9
Sin señal: 0
Esperando/otros: 8
Señales rechazadas: 1
Bloqueadas por estado/límites: 0
Validadas DRY RUN: 0
Nuevas órdenes: 0
Operaciones cerradas sincronizadas: 0
Errores: 0
Duración del ciclo: 7.13s
Intervalo objetivo: 30s
Próximo ciclo en: 22.87s
----------------------------------------------------------------------------------------

========================================================================================
CICLO #0013 | 2026-09-03 15:25:40 UTC | símbolos=0
========================================================================================
----------------------------------------------------------------------------------------
RESUMEN DEL CICLO #0013
Símbolos analizados: 0
Sin señal: 0
Esperando/otros: 0
Señales rechazadas: 0
Bloqueadas por estado/límites: 0
Validadas DRY RUN: 0
Nuevas órdenes: 0
Operaciones cerradas sincronizadas: 0
Errores: 0
Duración del ciclo: 0.02s
Intervalo objetivo: 30s
Próximo ciclo en: 29.98s
----------------------------------------------------------------------------------------

========================================================================================
CICLO #0014 | 2026-09-03 15:26:10 UTC | símbolos=0
========================================================================================
----------------------------------------------------------------------------------------
RESUMEN DEL CICLO #0014
Símbolos analizados: 0
Sin señal: 0
Esperando/otros: 0
Señales rechazadas: 0
Bloqueadas por estado/límites: 0
Validadas DRY RUN: 0
Nuevas órdenes: 0
Operaciones cerradas sincronizadas: 0
Errores: 0
Duración del ciclo: 0.03s
Intervalo objetivo: 30s
Próximo ciclo en: 29.97s
----------------------------------------------------------------------------------------

========================================================================================
CICLO #0015 | 2026-09-03 15:26:40 UTC | símbolos=0
========================================================================================
----------------------------------------------------------------------------------------
RESUMEN DEL CICLO #0015
Símbolos analizados: 0
Sin señal: 0
Esperando/otros: 0
Señales rechazadas: 0
Bloqueadas por estado/límites: 0
Validadas DRY RUN: 0
Nuevas órdenes: 0
Operaciones cerradas sincronizadas: 0
Errores: 0
Duración del ciclo: 0.02s
Intervalo objetivo: 30s
Próximo ciclo en: 29.98s
----------------------------------------------------------------------------------------

========================================================================================
CICLO #0016 | 2026-09-03 15:27:10 UTC | símbolos=0
========================================================================================
----------------------------------------------------------------------------------------
RESUMEN DEL CICLO #0016
Símbolos analizados: 0
Sin señal: 0
Esperando/otros: 0
Señales rechazadas: 0
Bloqueadas por estado/límites: 0
Validadas DRY RUN: 0
Nuevas órdenes: 0
Operaciones cerradas sincronizadas: 0
Errores: 0
Duración del ciclo: 0.03s
Intervalo objetivo: 30s
Próximo ciclo en: 29.97s
----------------------------------------------------------------------------------------

========================================================================================
CICLO #0017 | 2026-09-03 15:27:40 UTC | símbolos=0
========================================================================================
----------------------------------------------------------------------------------------
RESUMEN DEL CICLO #0017
Símbolos analizados: 0
Sin señal: 0
Esperando/otros: 0
Señales rechazadas: 0
Bloqueadas por estado/límites: 0
Validadas DRY RUN: 0
Nuevas órdenes: 0
Operaciones cerradas sincronizadas: 0
Errores: 0
Duración del ciclo: 0.02s
Intervalo objetivo: 30s
Próximo ciclo en: 29.98s
----------------------------------------------------------------------------------------

========================================================================================
CICLO #0018 | 2026-09-03 15:28:10 UTC | símbolos=0
========================================================================================
----------------------------------------------------------------------------------------
RESUMEN DEL CICLO #0018
Símbolos analizados: 0
Sin señal: 0
Esperando/otros: 0
Señales rechazadas: 0
Bloqueadas por estado/límites: 0
Validadas DRY RUN: 0
Nuevas órdenes: 0
Operaciones cerradas sincronizadas: 0
Errores: 0
Duración del ciclo: 0.03s
Intervalo objetivo: 30s
Próximo ciclo en: 29.97s
----------------------------------------------------------------------------------------

========================================================================================
CICLO #0019 | 2026-09-03 15:28:40 UTC | símbolos=0
========================================================================================
----------------------------------------------------------------------------------------
RESUMEN DEL CICLO #0019
Símbolos analizados: 0
Sin señal: 0
Esperando/otros: 0
Señales rechazadas: 0
Bloqueadas por estado/límites: 0
Validadas DRY RUN: 0
Nuevas órdenes: 0
Operaciones cerradas sincronizadas: 0
Errores: 0
Duración del ciclo: 0.05s
Intervalo objetivo: 30s
Próximo ciclo en: 29.95s
----------------------------------------------------------------------------------------

========================================================================================
CICLO #0020 | 2026-09-03 15:29:10 UTC | símbolos=0
========================================================================================
----------------------------------------------------------------------------------------
RESUMEN DEL CICLO #0020
Símbolos analizados: 0
Sin señal: 0
Esperando/otros: 0
Señales rechazadas: 0
Bloqueadas por estado/límites: 0
Validadas DRY RUN: 0
Nuevas órdenes: 0
Operaciones cerradas sincronizadas: 0
Errores: 0
Duración del ciclo: 0.03s
Intervalo objetivo: 30s
Próximo ciclo en: 29.97s
----------------------------------------------------------------------------------------
Bot detenido por el usuario.
========================================================================
DERIV DEMO EXECUTION PREFLIGHT
========================================================================
[OK] MT5_ACCOUNT_INFO {'login': 41108926, 'server': 'Deriv-Demo', 'currency': 'USD', 'balance': 10000.0, 'equity': 10000.0, 'margin': 0.0, 'free_margin': 10000.0, 'profit': 0.0, 'leverage': 1000, 'trade_mode': 0, 'snapshot_time': datetime.datetime(2026, 9, 3, 15, 31, 16, 82493, tzinfo=datetime.timezone.utc), 'broker': 'MT5'}
[OK] MT5_TERMINAL_CONNECTED {'trade_allowed': True, 'tradeapi_disabled': False}
[OK] MT5_AUTOTRADING_ALLOWED {'trade_allowed': True, 'tradeapi_disabled': False}
[OK] DEMO_ACCOUNT {'trade_mode': 0, 'server': 'Deriv-Demo'}
[OK] FREE_MARGIN {'free_margin': 10000.0, 'required': 0.0}
[OK] DATABASE_READY {}
[OK] SYMBOL:High Frequency Vol 10 Index {'visible': True, 'trade_mode': 4, 'volume_min': 0.1, 'volume_step': 0.01, 'point': 0.01, 'stops_level_points': 869}
[OK] SYMBOL:High Frequency Vol 75 Index {'visible': True, 'trade_mode': 4, 'volume_min': 0.05, 'volume_step': 0.01, 'point': 0.01, 'stops_level_points': 6799}
[OK] SYMBOL:Vol over Boom 750 {'visible': True, 'trade_mode': 4, 'volume_min': 0.1, 'volume_step': 0.01, 'point': 0.01, 'stops_level_points': 250}
[OK] SYMBOL:Volatility 10 (1s) Index {'visible': True, 'trade_mode': 4, 'volume_min': 0.5, 'volume_step': 0.01, 'point': 0.01, 'stops_level_points': 106}
[OK] SYMBOL:Volatility 15 (1s) Index {'visible': True, 'trade_mode': 4, 'volume_min': 0.2, 'volume_step': 0.01, 'point': 0.001, 'stops_level_points': 1908}
[OK] SYMBOL:Volatility 25 Index {'visible': True, 'trade_mode': 4, 'volume_min': 0.5, 'volume_step': 0.01, 'point': 0.001, 'stops_level_points': 423}
[OK] SYMBOL:Volatility 5 (1s) Index {'visible': True, 'trade_mode': 4, 'volume_min': 0.05, 'volume_step': 0.01, 'point': 0.01, 'stops_level_points': 420}
[OK] SYMBOL:Volatility 75 (1s) Index {'visible': True, 'trade_mode': 4, 'volume_min': 0.05, 'volume_step': 0.001, 'point': 0.01, 'stops_level_points': 432}
[OK] SYMBOL:VolSwitch High Vol Index {'visible': True, 'trade_mode': 4, 'volume_min': 0.1, 'volume_step': 0.1, 'point': 0.01, 'stops_level_points': 1000}
========================================================================
STATUS: READY FOR DEMO EXECUTION
DAEMONBLACKFX VERSION: v100-entry-quality-recoverable-quarantine-winrate-audit
BOT ACTIVO: VOLATILITY_1 | MAGIC=26082401 | ESTRATEGIA=SMC/ORB | instrumentos=9 | auto_export=False
========================================================================================
BOT SMC MT5 - DERIV DEMO
========================================================================================
Cuenta: 41108926 | Servidor: Deriv-Demo
Balance: 10000.00 USD
Modo: EJECUCIÓN DEMO
Riesgo por trade: 1.00% | R:R mínimo: 1.50
Intervalo: 30s | Símbolos: 9
Reporte XLSX: C:\TradingBoot\smc_synthetic_bot\storage\exports\deriv_demo_trading_report.xlsx
Pipeline: SMC -> TradeLifecycleManager -> MT5TradeExecutor -> SQLite -> XLSX
========================================================================================
Daemon activo: señales=30s | monitor posiciones/BE=2s | símbolos=9
Progreso: se mostrará cada símbolo y su tiempo de análisis.
{'action': 'POSITION_MONITOR_STARTED', 'signal_interval_seconds': 30, 'position_monitor_interval_seconds': 2, 'monitor_mode': 'BACKGROUND_DECOUPLED'}

========================================================================================
CICLO #0001 | 2026-09-03 15:31:24 UTC | símbolos=9
========================================================================================
[01/09] START High Frequency Vol 10 Index
[01/09] END   High Frequency Vol 10 Index | 6.57s | NO M5 CONFIRMATION
    Motivo: NO_DIRECTIONAL_M5_CONFIRMATION
[02/09] START High Frequency Vol 75 Index
[02/09] END   High Frequency Vol 75 Index | 3.85s | NO M5 CONFIRMATION
    Motivo: NO_DIRECTIONAL_M5_CONFIRMATION
[03/09] START Vol over Boom 750
[03/09] END   Vol over Boom 750 | 1.42s | DIRECCIÓN BLOQUEADA POR POLÍTICA DEL INSTRUMENTO
    Motivo: BOOM_BUY_ONLY_REQUIRES_BUY_H1_CONTEXT
[04/09] START Volatility 10 (1s) Index
[04/09] END   Volatility 10 (1s) Index | 9.98s | NO M5 CONFIRMATION
    Motivo: NO_DIRECTIONAL_M5_CONFIRMATION
[05/09] START Volatility 15 (1s) Index
[05/09] END   Volatility 15 (1s) Index | 4.84s | STALE M5 SIGNAL
    Motivo: M5_CONFIRMATION_TOO_OLD_FOR_LIVE_ENTRY
[06/09] START Volatility 25 Index
[06/09] END   Volatility 25 Index | 0.01s | INSTRUMENTO EN CUARENTENA DE RIESGO
    Motivo: cuarentena temporal por desviación marginal de ejecución
[07/09] START Volatility 5 (1s) Index
[07/09] END   Volatility 5 (1s) Index | 9.48s | NO M5 CONFIRMATION
    Motivo: NO_DIRECTIONAL_M5_CONFIRMATION
[08/09] START Volatility 75 (1s) Index
[08/09] END   Volatility 75 (1s) Index | 4.96s | NO M5 CONFIRMATION
    Motivo: NO_DIRECTIONAL_M5_CONFIRMATION
[09/09] START VolSwitch High Vol Index
[09/09] END   VolSwitch High Vol Index | 5.46s | WAITING M5 AFTER M15
    Motivo: M5_CONFIRMATIONS_EXIST_BUT_ALL_PRECEDE_LATEST_M15_SETUP
----------------------------------------------------------------------------------------
RESUMEN DEL CICLO #0001
Símbolos analizados: 9
Sin señal: 0
Esperando/otros: 8
Señales rechazadas: 1
Bloqueadas por estado/límites: 0
Validadas DRY RUN: 0
Nuevas órdenes: 0
Operaciones cerradas sincronizadas: 0
Errores: 0
Duración del ciclo: 50.26s
Intervalo objetivo: 30s
Próximo ciclo en: 0.00s
[AVISO] Ciclo excedio el intervalo por: 20.26s
----------------------------------------------------------------------------------------

========================================================================================
CICLO #0002 | 2026-09-03 15:32:14 UTC | símbolos=0
========================================================================================
----------------------------------------------------------------------------------------
RESUMEN DEL CICLO #0002
Símbolos analizados: 0
Sin señal: 0
Esperando/otros: 0
Señales rechazadas: 0
Bloqueadas por estado/límites: 0
Validadas DRY RUN: 0
Nuevas órdenes: 0
Operaciones cerradas sincronizadas: 0
Errores: 0
Duración del ciclo: 0.04s
Intervalo objetivo: 30s
Próximo ciclo en: 29.96s
----------------------------------------------------------------------------------------

========================================================================================
CICLO #0003 | 2026-09-03 15:32:44 UTC | símbolos=0
========================================================================================
----------------------------------------------------------------------------------------
RESUMEN DEL CICLO #0003
Símbolos analizados: 0
Sin señal: 0
Esperando/otros: 0
Señales rechazadas: 0
Bloqueadas por estado/límites: 0
Validadas DRY RUN: 0
Nuevas órdenes: 0
Operaciones cerradas sincronizadas: 0
Errores: 0
Duración del ciclo: 0.03s
Intervalo objetivo: 30s
Próximo ciclo en: 29.97s
----------------------------------------------------------------------------------------

========================================================================================
CICLO #0004 | 2026-09-03 15:33:14 UTC | símbolos=0
========================================================================================
----------------------------------------------------------------------------------------
RESUMEN DEL CICLO #0004
Símbolos analizados: 0
Sin señal: 0
Esperando/otros: 0
Señales rechazadas: 0
Bloqueadas por estado/límites: 0
Validadas DRY RUN: 0
Nuevas órdenes: 0
Operaciones cerradas sincronizadas: 0
Errores: 0
Duración del ciclo: 0.03s
Intervalo objetivo: 30s
Próximo ciclo en: 29.97s
----------------------------------------------------------------------------------------

========================================================================================
CICLO #0005 | 2026-09-03 15:33:44 UTC | símbolos=0
========================================================================================
----------------------------------------------------------------------------------------
RESUMEN DEL CICLO #0005
Símbolos analizados: 0
Sin señal: 0
Esperando/otros: 0
Señales rechazadas: 0
Bloqueadas por estado/límites: 0
Validadas DRY RUN: 0
Nuevas órdenes: 0
Operaciones cerradas sincronizadas: 0
Errores: 0
Duración del ciclo: 0.03s
Intervalo objetivo: 30s
Próximo ciclo en: 29.97s
----------------------------------------------------------------------------------------

========================================================================================
CICLO #0006 | 2026-09-03 15:34:14 UTC | símbolos=0
========================================================================================
----------------------------------------------------------------------------------------
RESUMEN DEL CICLO #0006
Símbolos analizados: 0
Sin señal: 0
Esperando/otros: 0
Señales rechazadas: 0
Bloqueadas por estado/límites: 0
Validadas DRY RUN: 0
Nuevas órdenes: 0
Operaciones cerradas sincronizadas: 0
Errores: 0
Duración del ciclo: 0.03s
Intervalo objetivo: 30s
Próximo ciclo en: 29.97s
----------------------------------------------------------------------------------------

========================================================================================
CICLO #0007 | 2026-09-03 15:34:44 UTC | símbolos=0
========================================================================================
----------------------------------------------------------------------------------------
RESUMEN DEL CICLO #0007
Símbolos analizados: 0
Sin señal: 0
Esperando/otros: 0
Señales rechazadas: 0
Bloqueadas por estado/límites: 0
Validadas DRY RUN: 0
Nuevas órdenes: 0
Operaciones cerradas sincronizadas: 0
Errores: 0
Duración del ciclo: 0.03s
Intervalo objetivo: 30s
Próximo ciclo en: 29.97s
----------------------------------------------------------------------------------------

========================================================================================
CICLO #0008 | 2026-09-03 15:35:14 UTC | símbolos=9
========================================================================================
[01/09] START High Frequency Vol 10 Index
[01/09] END   High Frequency Vol 10 Index | 1.32s | NO M5 CONFIRMATION
    Motivo: NO_DIRECTIONAL_M5_CONFIRMATION
[02/09] START High Frequency Vol 75 Index
[02/09] END   High Frequency Vol 75 Index | 0.51s | NO M5 CONFIRMATION
    Motivo: NO_DIRECTIONAL_M5_CONFIRMATION
[03/09] START Vol over Boom 750
[03/09] END   Vol over Boom 750 | 0.01s | DIRECCIÓN BLOQUEADA POR POLÍTICA DEL INSTRUMENTO
    Motivo: BOOM_BUY_ONLY_REQUIRES_BUY_H1_CONTEXT
[04/09] START Volatility 10 (1s) Index
[04/09] END   Volatility 10 (1s) Index | 1.10s | NO M5 CONFIRMATION
    Motivo: NO_DIRECTIONAL_M5_CONFIRMATION
[05/09] START Volatility 15 (1s) Index
[05/09] END   Volatility 15 (1s) Index | 0.80s | STALE M5 SIGNAL
    Motivo: M5_CONFIRMATION_TOO_OLD_FOR_LIVE_ENTRY
[06/09] START Volatility 25 Index
[06/09] END   Volatility 25 Index | 0.00s | INSTRUMENTO EN CUARENTENA DE RIESGO
    Motivo: cuarentena temporal por desviación marginal de ejecución
[07/09] START Volatility 5 (1s) Index
[07/09] END   Volatility 5 (1s) Index | 1.61s | NO M5 CONFIRMATION
    Motivo: NO_DIRECTIONAL_M5_CONFIRMATION
[08/09] START Volatility 75 (1s) Index
[08/09] END   Volatility 75 (1s) Index | 0.54s | NO M5 CONFIRMATION
    Motivo: NO_DIRECTIONAL_M5_CONFIRMATION
[09/09] START VolSwitch High Vol Index
[09/09] END   VolSwitch High Vol Index | 1.55s | WAITING M5 AFTER M15
    Motivo: M5_CONFIRMATIONS_EXIST_BUT_ALL_PRECEDE_LATEST_M15_SETUP
----------------------------------------------------------------------------------------
RESUMEN DEL CICLO #0008
Símbolos analizados: 9
Sin señal: 0
Esperando/otros: 8
Señales rechazadas: 1
Bloqueadas por estado/límites: 0
Validadas DRY RUN: 0
Nuevas órdenes: 0
Operaciones cerradas sincronizadas: 0
Errores: 0
Duración del ciclo: 7.50s
Intervalo objetivo: 30s
Próximo ciclo en: 22.50s
----------------------------------------------------------------------------------------

========================================================================================
CICLO #0009 | 2026-09-03 15:35:44 UTC | símbolos=0
========================================================================================
----------------------------------------------------------------------------------------
RESUMEN DEL CICLO #0009
Símbolos analizados: 0
Sin señal: 0
Esperando/otros: 0
Señales rechazadas: 0
Bloqueadas por estado/límites: 0
Validadas DRY RUN: 0
Nuevas órdenes: 0
Operaciones cerradas sincronizadas: 0
Errores: 0
Duración del ciclo: 0.03s
Intervalo objetivo: 30s
Próximo ciclo en: 29.97s
----------------------------------------------------------------------------------------

========================================================================================
CICLO #0010 | 2026-09-03 15:36:14 UTC | símbolos=0
========================================================================================
----------------------------------------------------------------------------------------
RESUMEN DEL CICLO #0010
Símbolos analizados: 0
Sin señal: 0
Esperando/otros: 0
Señales rechazadas: 0
Bloqueadas por estado/límites: 0
Validadas DRY RUN: 0
Nuevas órdenes: 0
Operaciones cerradas sincronizadas: 0
Errores: 0
Duración del ciclo: 0.03s
Intervalo objetivo: 30s
Próximo ciclo en: 29.97s
----------------------------------------------------------------------------------------

========================================================================================
CICLO #0011 | 2026-09-03 15:36:44 UTC | símbolos=0
========================================================================================
----------------------------------------------------------------------------------------
RESUMEN DEL CICLO #0011
Símbolos analizados: 0
Sin señal: 0
Esperando/otros: 0
Señales rechazadas: 0
Bloqueadas por estado/límites: 0
Validadas DRY RUN: 0
Nuevas órdenes: 0
Operaciones cerradas sincronizadas: 0
Errores: 0
Duración del ciclo: 0.02s
Intervalo objetivo: 30s
Próximo ciclo en: 29.98s
----------------------------------------------------------------------------------------

========================================================================================
CICLO #0012 | 2026-09-03 15:37:14 UTC | símbolos=0
========================================================================================
----------------------------------------------------------------------------------------
RESUMEN DEL CICLO #0012
Símbolos analizados: 0
Sin señal: 0
Esperando/otros: 0
Señales rechazadas: 0
Bloqueadas por estado/límites: 0
Validadas DRY RUN: 0
Nuevas órdenes: 0
Operaciones cerradas sincronizadas: 0
Errores: 0
Duración del ciclo: 0.03s
Intervalo objetivo: 30s
Próximo ciclo en: 29.97s
----------------------------------------------------------------------------------------

========================================================================================
CICLO #0013 | 2026-09-03 15:37:44 UTC | símbolos=0
========================================================================================
----------------------------------------------------------------------------------------
RESUMEN DEL CICLO #0013
Símbolos analizados: 0
Sin señal: 0
Esperando/otros: 0
Señales rechazadas: 0
Bloqueadas por estado/límites: 0
Validadas DRY RUN: 0
Nuevas órdenes: 0
Operaciones cerradas sincronizadas: 0
Errores: 0
Duración del ciclo: 0.03s
Intervalo objetivo: 30s
Próximo ciclo en: 29.97s
----------------------------------------------------------------------------------------

========================================================================================
CICLO #0014 | 2026-09-03 15:38:14 UTC | símbolos=0
========================================================================================
----------------------------------------------------------------------------------------
RESUMEN DEL CICLO #0014
Símbolos analizados: 0
Sin señal: 0
Esperando/otros: 0
Señales rechazadas: 0
Bloqueadas por estado/límites: 0
Validadas DRY RUN: 0
Nuevas órdenes: 0
Operaciones cerradas sincronizadas: 0
Errores: 0
Duración del ciclo: 0.03s
Intervalo objetivo: 30s
Próximo ciclo en: 29.97s
----------------------------------------------------------------------------------------

========================================================================================
CICLO #0015 | 2026-09-03 15:38:44 UTC | símbolos=0
========================================================================================
----------------------------------------------------------------------------------------
RESUMEN DEL CICLO #0015
Símbolos analizados: 0
Sin señal: 0
Esperando/otros: 0
Señales rechazadas: 0
Bloqueadas por estado/límites: 0
Validadas DRY RUN: 0
Nuevas órdenes: 0
Operaciones cerradas sincronizadas: 0
Errores: 0
Duración del ciclo: 0.03s
Intervalo objetivo: 30s
Próximo ciclo en: 29.97s
----------------------------------------------------------------------------------------

========================================================================================
CICLO #0016 | 2026-09-03 15:39:14 UTC | símbolos=0
========================================================================================
----------------------------------------------------------------------------------------
RESUMEN DEL CICLO #0016
Símbolos analizados: 0
Sin señal: 0
Esperando/otros: 0
Señales rechazadas: 0
Bloqueadas por estado/límites: 0
Validadas DRY RUN: 0
Nuevas órdenes: 0
Operaciones cerradas sincronizadas: 0
Errores: 0
Duración del ciclo: 0.03s
Intervalo objetivo: 30s
Próximo ciclo en: 29.97s
----------------------------------------------------------------------------------------

========================================================================================
CICLO #0017 | 2026-09-03 15:39:44 UTC | símbolos=0
========================================================================================
----------------------------------------------------------------------------------------
RESUMEN DEL CICLO #0017
Símbolos analizados: 0
Sin señal: 0
Esperando/otros: 0
Señales rechazadas: 0
Bloqueadas por estado/límites: 0
Validadas DRY RUN: 0
Nuevas órdenes: 0
Operaciones cerradas sincronizadas: 0
Errores: 0
Duración del ciclo: 0.03s
Intervalo objetivo: 30s
Próximo ciclo en: 29.97s
----------------------------------------------------------------------------------------

========================================================================================
CICLO #0018 | 2026-09-03 15:40:14 UTC | símbolos=9
========================================================================================
[01/09] START High Frequency Vol 10 Index
[01/09] END   High Frequency Vol 10 Index | 1.14s | NO M5 CONFIRMATION
    Motivo: NO_DIRECTIONAL_M5_CONFIRMATION
[02/09] START High Frequency Vol 75 Index
[02/09] END   High Frequency Vol 75 Index | 0.47s | NO M5 CONFIRMATION
    Motivo: NO_DIRECTIONAL_M5_CONFIRMATION
[03/09] START Vol over Boom 750
[03/09] END   Vol over Boom 750 | 0.01s | DIRECCIÓN BLOQUEADA POR POLÍTICA DEL INSTRUMENTO
    Motivo: BOOM_BUY_ONLY_REQUIRES_BUY_H1_CONTEXT
[04/09] START Volatility 10 (1s) Index
[04/09] END   Volatility 10 (1s) Index | 1.05s | NO M5 CONFIRMATION
    Motivo: NO_DIRECTIONAL_M5_CONFIRMATION
[05/09] START Volatility 15 (1s) Index
[05/09] END   Volatility 15 (1s) Index | 0.89s | STALE M5 SIGNAL
    Motivo: M5_CONFIRMATION_TOO_OLD_FOR_LIVE_ENTRY
[06/09] START Volatility 25 Index
[06/09] END   Volatility 25 Index | 4.61s | NO M5 CONFIRMATION
    Motivo: NO_DIRECTIONAL_M5_CONFIRMATION
[07/09] START Volatility 5 (1s) Index
[07/09] END   Volatility 5 (1s) Index | 1.82s | NO M5 CONFIRMATION
    Motivo: NO_DIRECTIONAL_M5_CONFIRMATION
[08/09] START Volatility 75 (1s) Index
[08/09] END   Volatility 75 (1s) Index | 0.49s | NO M5 CONFIRMATION
    Motivo: NO_DIRECTIONAL_M5_CONFIRMATION
[09/09] START VolSwitch High Vol Index
[09/09] END   VolSwitch High Vol Index | 1.19s | WAITING M5 AFTER M15
    Motivo: M5_CONFIRMATIONS_EXIST_BUT_ALL_PRECEDE_LATEST_M15_SETUP
----------------------------------------------------------------------------------------
RESUMEN DEL CICLO #0018
Símbolos analizados: 9
Sin señal: 0
Esperando/otros: 8
Señales rechazadas: 1
Bloqueadas por estado/límites: 0
Validadas DRY RUN: 0
Nuevas órdenes: 0
Operaciones cerradas sincronizadas: 0
Errores: 0
Duración del ciclo: 11.74s
Intervalo objetivo: 30s
Próximo ciclo en: 18.26s
----------------------------------------------------------------------------------------

========================================================================================
CICLO #0019 | 2026-09-03 15:40:44 UTC | símbolos=0
========================================================================================
----------------------------------------------------------------------------------------
RESUMEN DEL CICLO #0019
Símbolos analizados: 0
Sin señal: 0
Esperando/otros: 0
Señales rechazadas: 0
Bloqueadas por estado/límites: 0
Validadas DRY RUN: 0
Nuevas órdenes: 0
Operaciones cerradas sincronizadas: 0
Errores: 0
Duración del ciclo: 0.03s
Intervalo objetivo: 30s
Próximo ciclo en: 29.97s
----------------------------------------------------------------------------------------

========================================================================================
CICLO #0020 | 2026-09-03 15:41:14 UTC | símbolos=0
========================================================================================
----------------------------------------------------------------------------------------
RESUMEN DEL CICLO #0020
Símbolos analizados: 0
Sin señal: 0
Esperando/otros: 0
Señales rechazadas: 0
Bloqueadas por estado/límites: 0
Validadas DRY RUN: 0
Nuevas órdenes: 0
Operaciones cerradas sincronizadas: 0
Errores: 0
Duración del ciclo: 0.02s
Intervalo objetivo: 30s
Próximo ciclo en: 29.98s
----------------------------------------------------------------------------------------

========================================================================================
CICLO #0021 | 2026-09-03 15:41:44 UTC | símbolos=0
========================================================================================
----------------------------------------------------------------------------------------
RESUMEN DEL CICLO #0021
Símbolos analizados: 0
Sin señal: 0
Esperando/otros: 0
Señales rechazadas: 0
Bloqueadas por estado/límites: 0
Validadas DRY RUN: 0
Nuevas órdenes: 0
Operaciones cerradas sincronizadas: 0
Errores: 0
Duración del ciclo: 0.02s
Intervalo objetivo: 30s
Próximo ciclo en: 29.98s
----------------------------------------------------------------------------------------

========================================================================================
CICLO #0022 | 2026-09-03 15:42:14 UTC | símbolos=0
========================================================================================
----------------------------------------------------------------------------------------
RESUMEN DEL CICLO #0022
Símbolos analizados: 0
Sin señal: 0
Esperando/otros: 0
Señales rechazadas: 0
Bloqueadas por estado/límites: 0
Validadas DRY RUN: 0
Nuevas órdenes: 0
Operaciones cerradas sincronizadas: 0
Errores: 0
Duración del ciclo: 0.03s
Intervalo objetivo: 30s
Próximo ciclo en: 29.97s
----------------------------------------------------------------------------------------

========================================================================================
CICLO #0023 | 2026-09-03 15:42:44 UTC | símbolos=0
========================================================================================
----------------------------------------------------------------------------------------
RESUMEN DEL CICLO #0023
Símbolos analizados: 0
Sin señal: 0
Esperando/otros: 0
Señales rechazadas: 0
Bloqueadas por estado/límites: 0
Validadas DRY RUN: 0
Nuevas órdenes: 0
Operaciones cerradas sincronizadas: 0
Errores: 0
Duración del ciclo: 0.02s
Intervalo objetivo: 30s
Próximo ciclo en: 29.98s
----------------------------------------------------------------------------------------

========================================================================================
CICLO #0024 | 2026-09-03 15:43:14 UTC | símbolos=0
========================================================================================
----------------------------------------------------------------------------------------
RESUMEN DEL CICLO #0024
Símbolos analizados: 0
Sin señal: 0
Esperando/otros: 0
Señales rechazadas: 0
Bloqueadas por estado/límites: 0
Validadas DRY RUN: 0
Nuevas órdenes: 0
Operaciones cerradas sincronizadas: 0
Errores: 0
Duración del ciclo: 0.03s
Intervalo objetivo: 30s
Próximo ciclo en: 29.97s
----------------------------------------------------------------------------------------

========================================================================================
CICLO #0025 | 2026-09-03 15:43:44 UTC | símbolos=0
========================================================================================
----------------------------------------------------------------------------------------
RESUMEN DEL CICLO #0025
Símbolos analizados: 0
Sin señal: 0
Esperando/otros: 0
Señales rechazadas: 0
Bloqueadas por estado/límites: 0
Validadas DRY RUN: 0
Nuevas órdenes: 0
Operaciones cerradas sincronizadas: 0
Errores: 0
Duración del ciclo: 0.02s
Intervalo objetivo: 30s
Próximo ciclo en: 29.98s
----------------------------------------------------------------------------------------

========================================================================================
CICLO #0026 | 2026-09-03 15:44:14 UTC | símbolos=0
========================================================================================
----------------------------------------------------------------------------------------
RESUMEN DEL CICLO #0026
Símbolos analizados: 0
Sin señal: 0
Esperando/otros: 0
Señales rechazadas: 0
Bloqueadas por estado/límites: 0
Validadas DRY RUN: 0
Nuevas órdenes: 0
Operaciones cerradas sincronizadas: 0
Errores: 0
Duración del ciclo: 0.02s
Intervalo objetivo: 30s
Próximo ciclo en: 29.98s
----------------------------------------------------------------------------------------

========================================================================================
CICLO #0027 | 2026-09-03 15:44:44 UTC | símbolos=0
========================================================================================
----------------------------------------------------------------------------------------
RESUMEN DEL CICLO #0027
Símbolos analizados: 0
Sin señal: 0
Esperando/otros: 0
Señales rechazadas: 0
Bloqueadas por estado/límites: 0
Validadas DRY RUN: 0
Nuevas órdenes: 0
Operaciones cerradas sincronizadas: 0
Errores: 0
Duración del ciclo: 0.03s
Intervalo objetivo: 30s
Próximo ciclo en: 29.97s
----------------------------------------------------------------------------------------

========================================================================================
CICLO #0028 | 2026-09-03 15:45:14 UTC | símbolos=9
========================================================================================
[01/09] START High Frequency Vol 10 Index
[01/09] END   High Frequency Vol 10 Index | 5.24s | NO M5 CONFIRMATION
    Motivo: NO_DIRECTIONAL_M5_CONFIRMATION
[02/09] START High Frequency Vol 75 Index
[02/09] END   High Frequency Vol 75 Index | 2.03s | NO M5 CONFIRMATION
    Motivo: NO_DIRECTIONAL_M5_CONFIRMATION
[03/09] START Vol over Boom 750
[03/09] END   Vol over Boom 750 | 0.01s | DIRECCIÓN BLOQUEADA POR POLÍTICA DEL INSTRUMENTO
    Motivo: BOOM_BUY_ONLY_REQUIRES_BUY_H1_CONTEXT
[04/09] START Volatility 10 (1s) Index
[04/09] END   Volatility 10 (1s) Index | 5.42s | NO M5 CONFIRMATION
    Motivo: NO_DIRECTIONAL_M5_CONFIRMATION
[05/09] START Volatility 15 (1s) Index
[05/09] END   Volatility 15 (1s) Index | 2.38s | STALE M5 SIGNAL
    Motivo: M5_CONFIRMATION_TOO_OLD_FOR_LIVE_ENTRY
[06/09] START Volatility 25 Index
[06/09] END   Volatility 25 Index | 4.53s | NO M5 CONFIRMATION
    Motivo: NO_DIRECTIONAL_M5_CONFIRMATION
[07/09] START Volatility 5 (1s) Index
[07/09] END   Volatility 5 (1s) Index | 4.59s | NO M5 CONFIRMATION
    Motivo: NO_DIRECTIONAL_M5_CONFIRMATION
[08/09] START Volatility 75 (1s) Index
[08/09] END   Volatility 75 (1s) Index | 2.30s | NO M5 CONFIRMATION
    Motivo: NO_DIRECTIONAL_M5_CONFIRMATION
[09/09] START VolSwitch High Vol Index
[09/09] END   VolSwitch High Vol Index | 3.04s | WAITING M5 AFTER M15
    Motivo: M5_CONFIRMATIONS_EXIST_BUT_ALL_PRECEDE_LATEST_M15_SETUP
----------------------------------------------------------------------------------------
RESUMEN DEL CICLO #0028
Símbolos analizados: 9
Sin señal: 0
Esperando/otros: 8
Señales rechazadas: 1
Bloqueadas por estado/límites: 0
Validadas DRY RUN: 0
Nuevas órdenes: 0
Operaciones cerradas sincronizadas: 0
Errores: 0
Duración del ciclo: 29.64s
Intervalo objetivo: 30s
Próximo ciclo en: 0.36s
----------------------------------------------------------------------------------------

========================================================================================
CICLO #0029 | 2026-09-03 15:45:44 UTC | símbolos=0
========================================================================================
----------------------------------------------------------------------------------------
RESUMEN DEL CICLO #0029
Símbolos analizados: 0
Sin señal: 0
Esperando/otros: 0
Señales rechazadas: 0
Bloqueadas por estado/límites: 0
Validadas DRY RUN: 0
Nuevas órdenes: 0
Operaciones cerradas sincronizadas: 0
Errores: 0
Duración del ciclo: 0.03s
Intervalo objetivo: 30s
Próximo ciclo en: 29.97s
----------------------------------------------------------------------------------------

========================================================================================
CICLO #0030 | 2026-09-03 15:46:14 UTC | símbolos=0
========================================================================================
----------------------------------------------------------------------------------------
RESUMEN DEL CICLO #0030
Símbolos analizados: 0
Sin señal: 0
Esperando/otros: 0
Señales rechazadas: 0
Bloqueadas por estado/límites: 0
Validadas DRY RUN: 0
Nuevas órdenes: 0
Operaciones cerradas sincronizadas: 0
Errores: 0
Duración del ciclo: 0.02s
Intervalo objetivo: 30s
Próximo ciclo en: 29.98s
----------------------------------------------------------------------------------------

========================================================================================
CICLO #0031 | 2026-09-03 15:46:44 UTC | símbolos=0
========================================================================================
----------------------------------------------------------------------------------------
RESUMEN DEL CICLO #0031
Símbolos analizados: 0
Sin señal: 0
Esperando/otros: 0
Señales rechazadas: 0
Bloqueadas por estado/límites: 0
Validadas DRY RUN: 0
Nuevas órdenes: 0
Operaciones cerradas sincronizadas: 0
Errores: 0
Duración del ciclo: 0.02s
Intervalo objetivo: 30s
Próximo ciclo en: 29.98s
----------------------------------------------------------------------------------------

========================================================================================
CICLO #0032 | 2026-09-03 15:47:14 UTC | símbolos=0
========================================================================================
----------------------------------------------------------------------------------------
RESUMEN DEL CICLO #0032
Símbolos analizados: 0
Sin señal: 0
Esperando/otros: 0
Señales rechazadas: 0
Bloqueadas por estado/límites: 0
Validadas DRY RUN: 0
Nuevas órdenes: 0
Operaciones cerradas sincronizadas: 0
Errores: 0
Duración del ciclo: 0.03s
Intervalo objetivo: 30s
Próximo ciclo en: 29.97s
----------------------------------------------------------------------------------------

========================================================================================
CICLO #0033 | 2026-09-03 15:47:44 UTC | símbolos=0
========================================================================================
----------------------------------------------------------------------------------------
RESUMEN DEL CICLO #0033
Símbolos analizados: 0
Sin señal: 0
Esperando/otros: 0
Señales rechazadas: 0
Bloqueadas por estado/límites: 0
Validadas DRY RUN: 0
Nuevas órdenes: 0
Operaciones cerradas sincronizadas: 0
Errores: 0
Duración del ciclo: 0.02s
Intervalo objetivo: 30s
Próximo ciclo en: 29.98s
----------------------------------------------------------------------------------------

========================================================================================
CICLO #0034 | 2026-09-03 15:48:14 UTC | símbolos=0
========================================================================================
----------------------------------------------------------------------------------------
RESUMEN DEL CICLO #0034
Símbolos analizados: 0
Sin señal: 0
Esperando/otros: 0
Señales rechazadas: 0
Bloqueadas por estado/límites: 0
Validadas DRY RUN: 0
Nuevas órdenes: 0
Operaciones cerradas sincronizadas: 0
Errores: 0
Duración del ciclo: 0.03s
Intervalo objetivo: 30s
Próximo ciclo en: 29.97s
----------------------------------------------------------------------------------------

========================================================================================
CICLO #0035 | 2026-09-03 15:48:44 UTC | símbolos=0
========================================================================================
----------------------------------------------------------------------------------------
RESUMEN DEL CICLO #0035
Símbolos analizados: 0
Sin señal: 0
Esperando/otros: 0
Señales rechazadas: 0
Bloqueadas por estado/límites: 0
Validadas DRY RUN: 0
Nuevas órdenes: 0
Operaciones cerradas sincronizadas: 0
Errores: 0
Duración del ciclo: 0.03s
Intervalo objetivo: 30s
Próximo ciclo en: 29.97s
----------------------------------------------------------------------------------------

========================================================================================
CICLO #0036 | 2026-09-03 15:49:14 UTC | símbolos=0
========================================================================================
----------------------------------------------------------------------------------------
RESUMEN DEL CICLO #0036
Símbolos analizados: 0
Sin señal: 0
Esperando/otros: 0
Señales rechazadas: 0
Bloqueadas por estado/límites: 0
Validadas DRY RUN: 0
Nuevas órdenes: 0
Operaciones cerradas sincronizadas: 0
Errores: 0
Duración del ciclo: 0.02s
Intervalo objetivo: 30s
Próximo ciclo en: 29.98s
----------------------------------------------------------------------------------------

========================================================================================
CICLO #0037 | 2026-09-03 15:49:44 UTC | símbolos=0
========================================================================================
----------------------------------------------------------------------------------------
RESUMEN DEL CICLO #0037
Símbolos analizados: 0
Sin señal: 0
Esperando/otros: 0
Señales rechazadas: 0
Bloqueadas por estado/límites: 0
Validadas DRY RUN: 0
Nuevas órdenes: 0
Operaciones cerradas sincronizadas: 0
Errores: 0
Duración del ciclo: 0.02s
Intervalo objetivo: 30s
Próximo ciclo en: 29.98s
----------------------------------------------------------------------------------------

========================================================================================
CICLO #0038 | 2026-09-03 15:50:14 UTC | símbolos=9
========================================================================================
[01/09] START High Frequency Vol 10 Index
[01/09] END   High Frequency Vol 10 Index | 1.00s | NO M5 CONFIRMATION
    Motivo: NO_DIRECTIONAL_M5_CONFIRMATION
[02/09] START High Frequency Vol 75 Index
[02/09] END   High Frequency Vol 75 Index | 0.40s | NO M5 CONFIRMATION
    Motivo: NO_DIRECTIONAL_M5_CONFIRMATION
[03/09] START Vol over Boom 750
[03/09] END   Vol over Boom 750 | 0.01s | DIRECCIÓN BLOQUEADA POR POLÍTICA DEL INSTRUMENTO
    Motivo: BOOM_BUY_ONLY_REQUIRES_BUY_H1_CONTEXT
[04/09] START Volatility 10 (1s) Index
[04/09] END   Volatility 10 (1s) Index | 0.97s | NO M5 CONFIRMATION
    Motivo: NO_DIRECTIONAL_M5_CONFIRMATION
[05/09] START Volatility 15 (1s) Index
[05/09] END   Volatility 15 (1s) Index | 0.75s | STALE M5 SIGNAL
    Motivo: M5_CONFIRMATION_TOO_OLD_FOR_LIVE_ENTRY
[06/09] START Volatility 25 Index
[06/09] END   Volatility 25 Index | 1.06s | NO M5 CONFIRMATION
    Motivo: NO_DIRECTIONAL_M5_CONFIRMATION
[07/09] START Volatility 5 (1s) Index
[07/09] END   Volatility 5 (1s) Index | 1.44s | NO M5 CONFIRMATION
    Motivo: NO_DIRECTIONAL_M5_CONFIRMATION
[08/09] START Volatility 75 (1s) Index
[08/09] END   Volatility 75 (1s) Index | 0.45s | NO M5 CONFIRMATION
    Motivo: NO_DIRECTIONAL_M5_CONFIRMATION
[09/09] START VolSwitch High Vol Index
[09/09] END   VolSwitch High Vol Index | 1.06s | WAITING M5 AFTER M15
    Motivo: M5_CONFIRMATIONS_EXIST_BUT_ALL_PRECEDE_LATEST_M15_SETUP
----------------------------------------------------------------------------------------
RESUMEN DEL CICLO #0038
Símbolos analizados: 9
Sin señal: 0
Esperando/otros: 8
Señales rechazadas: 1
Bloqueadas por estado/límites: 0
Validadas DRY RUN: 0
Nuevas órdenes: 0
Operaciones cerradas sincronizadas: 0
Errores: 0
Duración del ciclo: 7.17s
Intervalo objetivo: 30s
Próximo ciclo en: 22.83s
----------------------------------------------------------------------------------------

========================================================================================
CICLO #0039 | 2026-09-03 15:50:44 UTC | símbolos=0
========================================================================================
----------------------------------------------------------------------------------------
RESUMEN DEL CICLO #0039
Símbolos analizados: 0
Sin señal: 0
Esperando/otros: 0
Señales rechazadas: 0
Bloqueadas por estado/límites: 0
Validadas DRY RUN: 0
Nuevas órdenes: 0
Operaciones cerradas sincronizadas: 0
Errores: 0
Duración del ciclo: 0.02s
Intervalo objetivo: 30s
Próximo ciclo en: 29.98s
----------------------------------------------------------------------------------------

========================================================================================
CICLO #0040 | 2026-09-03 15:51:14 UTC | símbolos=0
========================================================================================
----------------------------------------------------------------------------------------
RESUMEN DEL CICLO #0040
Símbolos analizados: 0
Sin señal: 0
Esperando/otros: 0
Señales rechazadas: 0
Bloqueadas por estado/límites: 0
Validadas DRY RUN: 0
Nuevas órdenes: 0
Operaciones cerradas sincronizadas: 0
Errores: 0
Duración del ciclo: 0.03s
Intervalo objetivo: 30s
Próximo ciclo en: 29.97s
----------------------------------------------------------------------------------------

========================================================================================
CICLO #0041 | 2026-09-03 15:51:44 UTC | símbolos=0
========================================================================================
----------------------------------------------------------------------------------------
RESUMEN DEL CICLO #0041
Símbolos analizados: 0
Sin señal: 0
Esperando/otros: 0
Señales rechazadas: 0
Bloqueadas por estado/límites: 0
Validadas DRY RUN: 0
Nuevas órdenes: 0
Operaciones cerradas sincronizadas: 0
Errores: 0
Duración del ciclo: 0.02s
Intervalo objetivo: 30s
Próximo ciclo en: 29.98s
----------------------------------------------------------------------------------------

========================================================================================
CICLO #0042 | 2026-09-03 15:52:14 UTC | símbolos=0
========================================================================================
----------------------------------------------------------------------------------------
RESUMEN DEL CICLO #0042
Símbolos analizados: 0
Sin señal: 0
Esperando/otros: 0
Señales rechazadas: 0
Bloqueadas por estado/límites: 0
Validadas DRY RUN: 0
Nuevas órdenes: 0
Operaciones cerradas sincronizadas: 0
Errores: 0
Duración del ciclo: 0.02s
Intervalo objetivo: 30s
Próximo ciclo en: 29.98s
----------------------------------------------------------------------------------------

========================================================================================
CICLO #0043 | 2026-09-03 15:52:44 UTC | símbolos=0
========================================================================================
----------------------------------------------------------------------------------------
RESUMEN DEL CICLO #0043
Símbolos analizados: 0
Sin señal: 0
Esperando/otros: 0
Señales rechazadas: 0
Bloqueadas por estado/límites: 0
Validadas DRY RUN: 0
Nuevas órdenes: 0
Operaciones cerradas sincronizadas: 0
Errores: 0
Duración del ciclo: 0.03s
Intervalo objetivo: 30s
Próximo ciclo en: 29.97s
----------------------------------------------------------------------------------------

========================================================================================
CICLO #0044 | 2026-09-03 15:53:15 UTC | símbolos=0
========================================================================================
----------------------------------------------------------------------------------------
RESUMEN DEL CICLO #0044
Símbolos analizados: 0
Sin señal: 0
Esperando/otros: 0
Señales rechazadas: 0
Bloqueadas por estado/límites: 0
Validadas DRY RUN: 0
Nuevas órdenes: 0
Operaciones cerradas sincronizadas: 0
Errores: 0
Duración del ciclo: 0.03s
Intervalo objetivo: 30s
Próximo ciclo en: 29.97s
----------------------------------------------------------------------------------------

========================================================================================
CICLO #0045 | 2026-09-03 15:53:45 UTC | símbolos=0
========================================================================================
----------------------------------------------------------------------------------------
RESUMEN DEL CICLO #0045
Símbolos analizados: 0
Sin señal: 0
Esperando/otros: 0
Señales rechazadas: 0
Bloqueadas por estado/límites: 0
Validadas DRY RUN: 0
Nuevas órdenes: 0
Operaciones cerradas sincronizadas: 0
Errores: 0
Duración del ciclo: 0.03s
Intervalo objetivo: 30s
Próximo ciclo en: 29.97s
----------------------------------------------------------------------------------------

========================================================================================
CICLO #0046 | 2026-09-03 15:54:15 UTC | símbolos=0
========================================================================================
----------------------------------------------------------------------------------------
RESUMEN DEL CICLO #0046
Símbolos analizados: 0
Sin señal: 0
Esperando/otros: 0
Señales rechazadas: 0
Bloqueadas por estado/límites: 0
Validadas DRY RUN: 0
Nuevas órdenes: 0
Operaciones cerradas sincronizadas: 0
Errores: 0
Duración del ciclo: 0.03s
Intervalo objetivo: 30s
Próximo ciclo en: 29.97s
----------------------------------------------------------------------------------------

========================================================================================
CICLO #0047 | 2026-09-03 15:54:45 UTC | símbolos=0
========================================================================================
----------------------------------------------------------------------------------------
RESUMEN DEL CICLO #0047
Símbolos analizados: 0
Sin señal: 0
Esperando/otros: 0
Señales rechazadas: 0
Bloqueadas por estado/límites: 0
Validadas DRY RUN: 0
Nuevas órdenes: 0
Operaciones cerradas sincronizadas: 0
Errores: 0
Duración del ciclo: 0.02s
Intervalo objetivo: 30s
Próximo ciclo en: 29.98s
----------------------------------------------------------------------------------------

========================================================================================
CICLO #0048 | 2026-09-03 15:55:15 UTC | símbolos=9
========================================================================================
[01/09] START High Frequency Vol 10 Index
[01/09] END   High Frequency Vol 10 Index | 1.20s | NO M5 CONFIRMATION
    Motivo: NO_DIRECTIONAL_M5_CONFIRMATION
[02/09] START High Frequency Vol 75 Index
[02/09] END   High Frequency Vol 75 Index | 0.44s | NO M5 CONFIRMATION
    Motivo: NO_DIRECTIONAL_M5_CONFIRMATION
[03/09] START Vol over Boom 750
[03/09] END   Vol over Boom 750 | 0.01s | DIRECCIÓN BLOQUEADA POR POLÍTICA DEL INSTRUMENTO
    Motivo: BOOM_BUY_ONLY_REQUIRES_BUY_H1_CONTEXT
[04/09] START Volatility 10 (1s) Index
[04/09] END   Volatility 10 (1s) Index | 1.02s | NO M5 CONFIRMATION
    Motivo: NO_DIRECTIONAL_M5_CONFIRMATION
[05/09] START Volatility 15 (1s) Index
[05/09] END   Volatility 15 (1s) Index | 0.84s | STALE M5 SIGNAL
    Motivo: M5_CONFIRMATION_TOO_OLD_FOR_LIVE_ENTRY
[06/09] START Volatility 25 Index
[06/09] END   Volatility 25 Index | 1.27s | NO M5 CONFIRMATION
    Motivo: NO_DIRECTIONAL_M5_CONFIRMATION
[07/09] START Volatility 5 (1s) Index
[07/09] END   Volatility 5 (1s) Index | 1.77s | NO M5 CONFIRMATION
    Motivo: NO_DIRECTIONAL_M5_CONFIRMATION
[08/09] START Volatility 75 (1s) Index
[08/09] END   Volatility 75 (1s) Index | 0.46s | NO M5 CONFIRMATION
    Motivo: NO_DIRECTIONAL_M5_CONFIRMATION
[09/09] START VolSwitch High Vol Index
[09/09] END   VolSwitch High Vol Index | 1.29s | WAITING M5 AFTER M15
    Motivo: M5_CONFIRMATIONS_EXIST_BUT_ALL_PRECEDE_LATEST_M15_SETUP
