time,open,high,low,close,tick_volume,spread,real_volume
2026-08-01 00:00:00+00:00,185988.472,186658.231,185725.519,186527.814,150,70154,0
2026-08-01 00:05:00+00:00,186522.88,186800.85,186251.13,186400.708,150,70154,0
2026-08-01 00:10:00+00:00,186406.431,186687.615,185781.56,185986.657,150,70154,0
2026-08-01 00:15:00+00:00,186026.275,186833.246,185922.069,186785.819,150,70154,0
2026-08-01 00:20:00+00:00,186761.895,186843.357,186402.55,186428.619,150,70154,0
2026-08-01 00:25:00+00:00,186392.906,186645.716,186123.905,186473.663,150,70154,0
2026-08-01 00:30:00+00:00,186436.996,187013.932,186239.796,186546.774,150,70154,0
2026-08-01 00:35:00+00:00,186537.07,186699.381,185958.034,186699.381,150,70154,0
2026-08-01 00:40:00+00:00,186716.982,187576.169,186632.692,187291.169,150,70154,0
2026-08-01 00:45:00+00:00,187313.59,187673.985,187028.768,187547.883,150,70154,0
2026-08-01 00:50:00+00:00,187588.685,187588.685,186706.734,187229.711,150,70154,0
2026-08-01 00:55:00+00:00,187198.988,187429.616,186936.367,187097.855,150,70154,0
2026-08-01 01:00:00+00:00,187014.62,187166.41,186282.882,186621.409,150,70154,0
2026-08-01 01:05:00+00:00,186601.424,186792.165,186221.35,186380.666,150,70154,0
2026-08-01 01:10:00+00:00,186404.12,186464.125,185937.211,186278.586,150,70154,0
2026-08-01 01:15:00+00:00,186300.086,186974.234,186233.818,186792.703,150,70154,0
2026-08-01 01:20:00+00:00,186795.58,187066.842,186325.51,186755.659,150,70154,0
2026-08-01 01:25:00+00:00,186805.978,187313.269,186376.74,186392.257,150,70154,0
2026-08-01 01:30:00+00:00,186404.146,187466.382,186404.146,187031.027,150,70154,0
2026-08-01 01:35:00+00:00,187018.572,187030.955,186329.241,186537.755,150,70154,0
2026-08-01 01:40:00+00:00,186535.917,186859.151,185892.811,185903.685,150,70154,0
2026-08-01 01:45:00+00:00,185849.817,186339.432,185534.571,185616.669,150,70154,0
2026-08-01 01:50:00+00:00,185628.036,186266.573,185534.88,185706.945,150,70154,0
2026-08-01 01:55:00+00:00,185739.259,186089.77,185584.497,185781.311,150,70154,0
2026-08-01 02:00:00+00:00,185763.335,186225.156,185560.657,186078.025,150,70154,0
2026-08-01 02:05:00+00:00,186121.011,186908.908,186014.197,186668.453,150,70154,0
2026-08-01 02:10:00+00:00,186719.946,187480.902,186690.169,187406.746,150,70154,0
2026-08-01 02:15:00+00:00,187424.039,188427.58,187360.268,188146.831,150,70154,0
2026-08-01 02:20:00+00:00,188158.617,188966.19,188156.018,188880.684,150,70154,0
2026-08-01 02:25:00+00:00,188837.523,189051.174,188101.171,188348.347,150,70154,0
2026-08-01 02:30:00+00:00,188264.727,188895.299,187970.122,188676.039,150,70154,0
2026-08-01 02:35:00+00:00,188619.179,188677.871,187936.566,187936.566,150,70154,0
2026-08-01 02:40:00+00:00,187907.66,189038.6,187789.629,188709.043,150,70154,0
2026-08-01 02:45:00+00:00,188665.657,188753.855,188263.022,188736.803,150,70154,0
2026-08-01 02:50:00+00:00,188791.545,189161.181,188218.395,188867.872,149,70154,0
2026-08-01 02:55:00+00:00,188837.986,189157.038,188442.224,188444.929,150,70154,0
2026-08-01 03:00:00+00:00,188457.184,189381.275,188367.615,188935.658,150,70154,0
2026-08-01 03:05:00+00:00,188888.384,189350.936,188764.506,188953.087,150,70154,0
2026-08-01 03:10:00+00:00,189042.693,189147.001,188544.308,188707.077,150,70154,0
2026-08-01 03:15:00+00:00,188733.554,189028.145,188404.97,188535.835,150,70154,0
2026-08-01 03:20:00+00:00,188574.67,188912.944,188008.41,188789.755,150,70154,0
2026-08-01 03:25:00+00:00,188804.868,189463.221,188796.724,189072.432,150,70154,0
2026-08-01 03:30:00+00:00,189032.441,189439.917,188892.364,189025.755,150,70154,0
2026-08-01 03:35:00+00:00,189073.404,189773.616,189040.521,189392.008,150,70154,0
2026-08-01 03:40:00+00:00,189369.534,190038.851,189108.745,190038.851,150,70154,0
2026-08-01 03:45:00+00:00,190019.519,190655.184,189684.721,190572.052,150,70154,0
2026-08-01 03:50:00+00:00,190500.775,191055.36,190363.779,190632.608,150,70154,0
2026-08-01 03:55:00+00:00,190647.157,191122.616,190505.748,190549.939,150,70154,0
2026-08-01 04:00:00+00:00,190608.662,191799.741,190514.276,191763.771,150,70154,0
2026-08-01 04:05:00+00:00,191731.687,192651.495,191646.891,192393.708,150,70154,0
2026-08-01 04:10:00+00:00,192322.688,192583.464,191646.952,191850.87,150,70154,0
2026-08-01 04:15:00+00:00,191814.836,192593.273,191814.836,192381.528,150,70154,0
2026-08-01 04:20:00+00:00,192359.958,193077.63,192215.01,192954.861,150,70154,0
2026-08-01 04:25:00+00:00,192985.694,193746.373,192507.214,193700.269,150,70154,0
2026-08-01 04:30:00+00:00,193679.388,194161.193,193350.348,193772.205,150,70154,0
2026-08-01 04:35:00+00:00,193839.026,193986.109,193466.993,193677.588,150,70154,0
2026-08-01 04:40:00+00:00,193671.385,194355.711,193482.326,193589.057,150,70154,0
2026-08-01 04:45:00+00:00,193622.884,194316.341,193477.693,193618.547,150,70154,0
2026-08-01 04:50:00+00:00,193558.611,193558.611,192505.289,192598.156,150,70154,0
2026-08-01 04:55:00+00:00,192625.053,192876.384,192001.486,192010.633,150,70154,0
2026-08-01 05:00:00+00:00,192039.167,192039.167,191499.244,191960.597,150,70154,0
2026-08-01 05:05:00+00:00,192010.267,192224.926,191509.972,191625.378,150,70154,0
2026-08-01 05:10:00+00:00,191647.948,191950.554,191420.567,191924.091,150,70154,0
2026-08-01 05:15:00+00:00,191884.97,193264.135,191856.89,193049.406,150,70154,0
2026-08-01 05:20:00+00:00,192998.731,193398.905,192896.456,193344.126,150,70154,0
2026-08-01 05:25:00+00:00,193358.0,193398.91,192721.845,192832.214,150,70154,0
2026-08-01 05:30:00+00:00,192813.201,193343.452,192715.373,193303.334,150,70154,0
2026-08-01 05:35:00+00:00,193253.873,194196.082,193230.722,194091.791,150,70154,0
2026-08-01 05:40:00+00:00,194003.317,194801.44,193964.806,194659.621,150,70154,0
2026-08-01 05:45:00+00:00,194669.595,194689.843,193215.05,193403.235,150,70154,0
2026-08-01 05:50:00+00:00,193438.61,193438.61,192796.668,192929.053,150,70154,0
2026-08-01 05:55:00+00:00,192900.579,192936.54,192376.682,192677.259,150,70154,0
2026-08-01 06:00:00+00:00,192645.266,193460.526,192545.584,193357.13,150,70154,0
2026-08-01 06:05:00+00:00,193389.052,193552.34,192324.483,192324.483,150,70154,0
2026-08-01 06:10:00+00:00,192302.653,192302.653,190278.154,190278.154,150,70154,0
2026-08-01 06:15:00+00:00,190256.467,190696.141,189813.701,189845.229,150,70154,0
2026-08-01 06:20:00+00:00,189833.408,190011.979,189287.431,189626.329,150,70154,0
2026-08-01 06:25:00+00:00,189641.151,189721.459,189226.03,189306.184,150,70154,0
2026-08-01 06:30:00+00:00,189221.575,190013.151,189221.575,189894.062,150,70154,0
2026-08-01 06:35:00+00:00,189883.145,190044.787,189421.635,189827.307,150,70154,0
2026-08-01 06:40:00+00:00,189821.388,190260.745,189512.144,190260.326,150,70154,0
2026-08-01 06:45:00+00:00,190218.295,191166.853,190090.866,191052.155,150,70154,0
2026-08-01 06:50:00+00:00,191028.532,191363.246,190788.466,191363.246,150,70154,0
2026-08-01 06:55:00+00:00,191354.404,192135.18,191271.097,191644.792,149,70154,0
2026-08-01 07:00:00+00:00,191569.577,191718.568,190767.968,191048.358,150,70154,0
2026-08-01 07:05:00+00:00,191057.805,191285.929,190631.212,190713.51,150,70154,0
2026-08-01 07:10:00+00:00,190626.694,191082.453,190216.852,190226.804,150,70154,0
2026-08-01 07:15:00+00:00,190265.109,190878.711,190147.512,190501.041,150,70154,0
2026-08-01 07:20:00+00:00,190539.377,191470.372,190508.319,191350.488,150,70154,0
2026-08-01 07:25:00+00:00,191377.428,191944.824,191202.23,191425.002,150,70154,0
2026-08-01 07:30:00+00:00,191410.394,191798.649,191208.775,191703.991,150,70154,0
2026-08-01 07:35:00+00:00,191685.776,191754.062,190611.154,190818.337,150,70154,0
2026-08-01 07:40:00+00:00,190824.286,191575.506,190762.263,191418.994,150,70154,0
2026-08-01 07:45:00+00:00,191342.789,192186.838,191047.47,192120.926,150,70154,0
2026-08-01 07:50:00+00:00,192106.203,192499.002,191679.328,192251.0,150,70154,0
2026-08-01 07:55:00+00:00,192284.559,192876.893,192284.559,192417.27,150,70154,0
2026-08-01 08:00:00+00:00,192376.079,193047.544,192345.22,193042.692,150,70154,0
2026-08-01 08:05:00+00:00,193050.724,193170.792,191977.611,192003.17,150,70154,0
2026-08-01 08:10:00+00:00,191972.825,192571.05,191854.962,192458.791,150,70154,0
2026-08-01 08:15:00+00:00,192427.304,193196.533,192363.427,193194.832,150,70154,0
2026-08-01 08:20:00+00:00,193292.14,193356.373,192609.583,192701.287,150,70154,0
2026-08-01 08:25:00+00:00,192668.54,192865.305,192529.035,192625.699,150,70154,0
2026-08-01 08:30:00+00:00,192576.118,193053.218,192572.438,192938.308,150,70154,0
2026-08-01 08:35:00+00:00,193001.05,193326.716,192584.439,192627.705,150,70154,0
2026-08-01 08:40:00+00:00,192690.431,192886.464,192300.739,192428.987,150,70154,0
2026-08-01 08:45:00+00:00,192414.077,192414.077,191480.989,191480.989,150,70154,0
2026-08-01 08:50:00+00:00,191578.414,191976.739,191563.362,191817.048,150,70154,0
2026-08-01 08:55:00+00:00,191833.016,191833.016,191076.612,191168.618,150,70154,0
2026-08-01 09:00:00+00:00,191221.734,191335.2,190280.043,190776.706,150,70154,0
2026-08-01 09:05:00+00:00,190833.76,190921.728,190011.863,190449.352,150,70154,0
2026-08-01 09:10:00+00:00,190367.324,190825.558,189910.176,190701.672,150,70154,0
2026-08-01 09:15:00+00:00,190706.552,190896.262,190216.843,190698.477,150,70154,0
2026-08-01 09:20:00+00:00,190644.831,190864.971,190465.74,190646.562,150,70154,0
2026-08-01 09:25:00+00:00,190633.21,190785.917,190255.24,190436.205,150,70154,0
2026-08-01 09:30:00+00:00,190411.007,190913.956,190350.67,190443.423,150,70154,0
2026-08-01 09:35:00+00:00,190523.701,190753.633,190138.403,190499.032,150,70154,0
2026-08-01 09:40:00+00:00,190545.793,190863.725,190023.291,190840.438,150,70154,0
2026-08-01 09:45:00+00:00,190825.103,191168.706,190711.08,190841.701,150,70154,0
2026-08-01 09:50:00+00:00,190850.215,191088.537,190417.136,190882.705,150,70154,0
2026-08-01 09:55:00+00:00,190843.312,191593.521,190700.112,191230.999,150,70154,0
2026-08-01 10:00:00+00:00,191225.725,191284.017,190776.77,191057.169,150,70154,0
2026-08-01 10:05:00+00:00,190978.0,191163.793,190717.603,190894.539,150,70154,0
2026-08-01 10:10:00+00:00,190824.892,190999.88,190412.163,190993.045,150,70154,0
2026-08-01 10:15:00+00:00,191027.461,191033.04,190306.947,190524.746,150,70154,0
2026-08-01 10:20:00+00:00,190441.527,190441.527,189509.564,189615.693,150,70154,0
2026-08-01 10:25:00+00:00,189590.006,190073.737,189590.006,189904.111,150,70154,0
2026-08-01 10:30:00+00:00,189939.79,190266.756,189761.251,190037.904,150,70154,0
2026-08-01 10:35:00+00:00,190067.076,190387.442,189820.4,189911.495,150,70154,0
2026-08-01 10:40:00+00:00,189894.071,190697.387,189782.711,190355.391,150,70154,0
2026-08-01 10:45:00+00:00,190259.234,190634.94,189827.989,190507.891,150,70154,0
2026-08-01 10:50:00+00:00,190440.097,190772.348,189879.689,190147.827,150,70154,0
2026-08-01 10:55:00+00:00,190173.574,190213.706,189653.145,189899.638,150,70154,0
2026-08-01 11:00:00+00:00,189919.225,190313.668,189729.648,189840.134,150,70154,0
2026-08-01 11:05:00+00:00,189875.185,189931.632,188985.975,189068.367,150,70154,0
2026-08-01 11:10:00+00:00,189016.301,189685.471,189004.563,189464.063,150,70154,0
2026-08-01 11:15:00+00:00,189478.855,189833.429,189399.933,189786.697,150,70154,0
2026-08-01 11:20:00+00:00,189889.141,190546.764,189885.774,190514.927,150,70154,0
2026-08-01 11:25:00+00:00,190573.325,190647.318,189485.75,189632.382,150,70154,0
2026-08-01 11:30:00+00:00,189590.461,190842.414,189557.253,190790.179,150,70154,0
2026-08-01 11:35:00+00:00,190832.962,191006.038,190591.933,190948.19,150,70154,0
2026-08-01 11:40:00+00:00,190922.858,191062.465,190460.242,190681.554,150,70154,0
2026-08-01 11:45:00+00:00,190637.779,190857.019,190265.448,190552.864,150,70154,0
2026-08-01 11:50:00+00:00,190547.37,190966.735,190474.443,190631.965,150,70154,0
2026-08-01 11:55:00+00:00,190612.71,190654.426,190156.513,190462.032,150,70154,0
2026-08-01 12:00:00+00:00,190384.258,190472.094,189475.486,190046.185,150,70154,0
2026-08-01 12:05:00+00:00,190039.032,190408.796,189699.525,189699.525,150,70154,0
2026-08-01 12:10:00+00:00,189697.158,190707.568,189681.663,190559.053,150,70154,0
2026-08-01 12:15:00+00:00,190614.574,190910.013,190411.725,190675.948,150,70154,0
2026-08-01 12:20:00+00:00,190630.636,190750.34,190199.135,190283.63,150,70154,0
2026-08-01 12:25:00+00:00,190236.4,190562.41,189931.068,190503.396,150,70154,0
2026-08-01 12:30:00+00:00,190473.767,190637.107,189912.015,189923.317,150,70154,0
2026-08-01 12:35:00+00:00,189889.27,190609.129,189889.27,190383.66,150,70154,0
2026-08-01 12:40:00+00:00,190417.22,190572.495,189891.751,190290.035,150,70154,0
2026-08-01 12:45:00+00:00,190325.28,190520.523,189296.091,189827.62,150,70154,0
2026-08-01 12:50:00+00:00,189845.282,190004.735,189232.811,189514.251,150,70154,0
2026-08-01 12:55:00+00:00,189517.496,189576.329,189036.341,189036.341,150,70154,0
2026-08-01 13:00:00+00:00,189033.087,189749.246,188883.186,189708.409,150,70154,0
2026-08-01 13:05:00+00:00,189690.096,189764.735,188876.601,189050.191,150,70154,0
2026-08-01 13:10:00+00:00,188949.208,189884.126,188911.153,189853.962,150,70154,0
2026-08-01 13:15:00+00:00,189902.935,189926.286,189211.901,189558.496,150,70154,0
2026-08-01 13:20:00+00:00,189644.35,190010.795,189505.527,189757.066,150,70154,0
2026-08-01 13:25:00+00:00,189691.641,190180.103,189579.16,189814.735,150,70154,0
2026-08-01 13:30:00+00:00,189734.771,190166.445,189496.774,189600.603,150,70154,0
2026-08-01 13:35:00+00:00,189600.212,190223.296,189137.063,190223.296,150,70154,0
2026-08-01 13:40:00+00:00,190210.945,190569.193,190183.046,190216.593,150,70154,0
2026-08-01 13:45:00+00:00,190209.065,190721.963,189924.174,190492.142,150,70154,0
2026-08-01 13:50:00+00:00,190463.644,190722.94,189810.972,189841.468,150,70154,0
2026-08-01 13:55:00+00:00,189896.293,190120.419,189624.706,190080.151,150,70154,0
2026-08-01 14:00:00+00:00,190013.712,190041.018,189626.32,189633.278,150,70154,0
2026-08-01 14:05:00+00:00,189572.853,189790.119,189108.991,189790.119,150,70154,0
2026-08-01 14:10:00+00:00,189754.142,189889.887,189208.591,189209.411,150,70154,0
2026-08-01 14:15:00+00:00,189130.141,190100.535,189052.141,189655.404,150,70154,0
2026-08-01 14:20:00+00:00,189646.33,190199.471,189434.531,189949.602,150,70154,0
2026-08-01 14:25:00+00:00,189891.618,189900.062,188880.516,188898.63,150,70154,0
2026-08-01 14:30:00+00:00,188881.427,189036.806,188189.736,188477.552,150,70154,0
2026-08-01 14:35:00+00:00,188451.1,188647.393,188128.09,188382.12,150,70154,0
2026-08-01 14:40:00+00:00,188386.935,188649.673,187752.943,187805.597,150,70154,0
2026-08-01 14:45:00+00:00,187878.668,187878.668,187232.641,187705.857,150,70154,0
2026-08-01 14:50:00+00:00,187711.9,188330.741,187516.961,187935.732,150,70154,0
2026-08-01 14:55:00+00:00,187951.218,188336.611,187629.793,188197.259,150,70154,0
2026-08-01 15:00:00+00:00,188207.857,188620.806,188019.568,188554.686,150,70154,0
2026-08-01 15:05:00+00:00,188576.545,189115.406,187969.261,188739.047,150,70154,0
2026-08-01 15:10:00+00:00,188746.165,189022.223,188489.335,188738.91,150,70154,0
2026-08-01 15:15:00+00:00,188725.554,189058.588,188198.748,188511.248,149,70154,0
2026-08-01 15:20:00+00:00,188558.616,189165.053,188118.085,189165.053,150,70154,0
2026-08-01 15:25:00+00:00,189149.891,189820.247,188949.166,189354.416,150,70154,0
2026-08-01 15:30:00+00:00,189300.684,189599.298,188985.15,189346.456,150,70154,0
2026-08-01 15:35:00+00:00,189369.159,189830.261,189253.622,189830.261,150,70154,0
2026-08-01 15:40:00+00:00,189852.018,190753.789,189850.703,190545.105,150,70154,0
2026-08-01 15:45:00+00:00,190481.665,190930.826,190290.347,190477.002,150,70154,0
2026-08-01 15:50:00+00:00,190486.173,190541.426,189648.545,189739.654,150,70154,0
2026-08-01 15:55:00+00:00,189714.548,189714.548,188466.072,189003.147,150,70154,0
2026-08-01 16:00:00+00:00,189006.323,189520.737,188921.016,189228.978,150,70154,0
2026-08-01 16:05:00+00:00,189217.512,189973.683,188833.278,189973.683,150,70154,0
2026-08-01 16:10:00+00:00,190012.98,190071.77,189214.338,189553.991,150,70154,0
2026-08-01 16:15:00+00:00,189555.76,189750.403,189196.307,189625.266,150,70154,0
2026-08-01 16:20:00+00:00,189670.12,190473.013,189576.367,190408.439,150,70154,0
2026-08-01 16:25:00+00:00,190356.124,190357.948,189815.405,190174.944,150,70154,0
2026-08-01 16:30:00+00:00,190192.936,190192.936,189536.712,189619.104,150,70154,0
2026-08-01 16:35:00+00:00,189622.266,189785.509,189192.213,189430.875,150,70154,0
2026-08-01 16:40:00+00:00,189493.046,189842.703,188856.734,189151.84,150,70154,0
2026-08-01 16:45:00+00:00,189225.687,189293.084,188610.806,189150.138,150,70154,0
2026-08-01 16:50:00+00:00,189109.961,189109.961,188181.156,188230.204,150,70154,0
2026-08-01 16:55:00+00:00,188217.982,188442.58,187890.542,188030.552,150,70154,0
2026-08-01 17:00:00+00:00,188008.049,188201.588,187788.591,187845.268,150,70154,0
2026-08-01 17:05:00+00:00,187841.549,188396.282,187760.937,188277.628,150,70154,0
2026-08-01 17:10:00+00:00,188329.734,188845.43,187924.98,188831.708,150,70154,0
2026-08-01 17:15:00+00:00,188799.421,189069.134,188371.571,188774.086,150,70154,0
2026-08-01 17:20:00+00:00,188792.113,188989.183,188191.503,188657.749,150,70154,0
2026-08-01 17:25:00+00:00,188634.334,188682.943,187694.741,187920.297,150,70154,0
2026-08-01 17:30:00+00:00,187861.762,188082.575,187604.807,187650.055,150,70154,0
2026-08-01 17:35:00+00:00,187646.691,187964.534,187399.838,187814.6,150,70154,0
2026-08-01 17:40:00+00:00,187862.19,187878.999,186960.265,187467.354,150,70154,0
2026-08-01 17:45:00+00:00,187473.437,187557.416,186522.398,187262.036,150,70154,0
2026-08-01 17:50:00+00:00,187239.627,187367.545,186820.36,187181.63,150,70154,0
2026-08-01 17:55:00+00:00,187178.92,188081.18,187178.92,187430.575,150,70154,0
2026-08-01 18:00:00+00:00,187500.034,188156.411,187400.386,188080.206,150,70154,0
2026-08-01 18:05:00+00:00,188048.069,188937.446,188016.832,188741.499,150,70154,0
2026-08-01 18:10:00+00:00,188738.966,189003.619,188411.097,188625.141,150,70154,0
2026-08-01 18:15:00+00:00,188647.031,188678.136,188006.336,188405.497,150,70154,0
2026-08-01 18:20:00+00:00,188376.674,189047.197,188318.468,188807.797,150,70154,0
2026-08-01 18:25:00+00:00,188811.427,189004.41,187482.841,187695.229,150,70154,0
2026-08-01 18:30:00+00:00,187715.117,187835.047,187310.999,187419.594,150,70154,0
2026-08-01 18:35:00+00:00,187413.695,187604.786,187124.691,187583.561,150,70154,0
2026-08-01 18:40:00+00:00,187619.354,187925.391,187208.73,187915.646,150,70154,0
2026-08-01 18:45:00+00:00,187832.172,187900.795,187295.975,187671.046,150,70154,0
2026-08-01 18:50:00+00:00,187635.172,188168.063,187366.65,187670.03,150,70154,0
2026-08-01 18:55:00+00:00,187621.212,188178.666,187308.299,187969.046,150,70154,0
2026-08-01 19:00:00+00:00,187924.688,188282.651,187562.123,187624.373,150,70154,0
2026-08-01 19:05:00+00:00,187593.153,187995.8,187525.567,187902.092,150,70154,0
2026-08-01 19:10:00+00:00,187893.773,188622.109,187736.312,188622.109,150,70154,0
2026-08-01 19:15:00+00:00,188491.8,188600.59,187332.256,187504.789,150,70154,0
2026-08-01 19:20:00+00:00,187544.662,187997.942,187157.019,187890.331,150,70154,0
2026-08-01 19:25:00+00:00,187859.59,188023.089,187179.214,187258.222,150,70154,0
2026-08-01 19:30:00+00:00,187237.768,187319.048,186716.953,187094.292,150,70154,0
2026-08-01 19:35:00+00:00,187140.16,187599.934,187140.16,187245.192,150,70154,0
2026-08-01 19:40:00+00:00,187270.222,187447.924,186747.447,186783.118,150,70154,0
2026-08-01 19:45:00+00:00,186773.205,186875.366,186395.528,186444.637,150,70154,0
2026-08-01 19:50:00+00:00,186403.543,186589.02,186223.395,186258.006,150,70154,0
2026-08-01 19:55:00+00:00,186278.577,187080.595,186241.397,186670.595,150,70154,0
2026-08-01 20:00:00+00:00,186664.55,187192.016,186338.296,186919.105,150,70154,0
2026-08-01 20:05:00+00:00,186860.022,186965.07,186312.208,186312.48,150,70154,0
2026-08-01 20:10:00+00:00,186282.842,186713.842,186214.846,186351.265,150,70154,0
2026-08-01 20:15:00+00:00,186330.325,186674.632,186134.83,186670.807,150,70154,0
2026-08-01 20:20:00+00:00,186686.549,186944.659,186354.362,186890.915,150,70154,0
2026-08-01 20:25:00+00:00,186967.346,187083.938,186309.77,186436.889,150,70154,0
2026-08-01 20:30:00+00:00,186420.235,186490.26,185810.818,185817.34,150,70154,0
2026-08-01 20:35:00+00:00,185844.319,185883.566,184343.311,184387.413,150,70154,0
2026-08-01 20:40:00+00:00,184574.154,184728.016,184069.197,184164.254,150,70154,0
2026-08-01 20:45:00+00:00,184115.895,184727.048,184085.24,184727.048,150,70154,0
2026-08-01 20:50:00+00:00,184691.901,184926.78,184373.253,184780.441,150,70154,0
2026-08-01 20:55:00+00:00,184722.489,184976.193,183585.706,183746.476,150,70154,0
2026-08-01 21:00:00+00:00,183682.204,184182.518,183651.767,184008.367,150,70154,0
2026-08-01 21:05:00+00:00,183986.483,184192.148,183244.054,183611.408,150,70154,0
2026-08-01 21:10:00+00:00,183628.022,184145.283,183252.352,183314.961,150,70154,0
2026-08-01 21:15:00+00:00,183270.863,183326.609,182920.024,183036.049,150,70154,0
2026-08-01 21:20:00+00:00,183008.409,183323.014,182774.204,183101.168,150,70154,0
2026-08-01 21:25:00+00:00,183119.937,183442.155,182769.193,183173.418,150,70154,0
2026-08-01 21:30:00+00:00,183202.995,183202.995,182199.511,182546.761,150,70154,0
2026-08-01 21:35:00+00:00,182541.023,183361.664,182374.095,183042.71,150,70154,0
2026-08-01 21:40:00+00:00,183083.143,183693.317,183018.107,183541.325,150,70154,0
2026-08-01 21:45:00+00:00,183490.506,183497.601,182597.306,182831.577,150,70154,0
2026-08-01 21:50:00+00:00,182859.654,183342.524,182759.775,183055.584,150,70154,0
2026-08-01 21:55:00+00:00,183124.203,183788.566,183089.818,183468.354,150,70154,0
2026-08-01 22:00:00+00:00,183513.608,183536.092,182793.916,182949.573,150,70154,0
2026-08-01 22:05:00+00:00,183031.424,183577.991,182947.563,183247.51,150,70154,0
2026-08-01 22:10:00+00:00,183262.227,183301.633,182873.657,183013.073,150,70154,0
2026-08-01 22:15:00+00:00,183002.275,183480.626,182783.601,183424.537,150,70154,0
2026-08-01 22:20:00+00:00,183448.876,183468.293,182763.053,182956.239,150,70154,0
2026-08-01 22:25:00+00:00,182958.159,182983.301,182473.332,182617.938,150,70154,0
2026-08-01 22:30:00+00:00,182657.231,183017.103,182522.381,182706.214,150,70154,0
2026-08-01 22:35:00+00:00,182667.882,183725.752,182613.807,183604.475,150,70154,0
2026-08-01 22:40:00+00:00,183577.436,183957.669,183464.443,183847.24,150,70154,0
2026-08-01 22:45:00+00:00,183801.533,184099.558,183200.905,184033.608,150,70154,0
2026-08-01 22:50:00+00:00,184014.566,184726.602,183954.392,184011.119,150,70154,0
2026-08-01 22:55:00+00:00,184001.172,184894.938,183881.301,184744.578,150,70154,0
2026-08-01 23:00:00+00:00,184868.377,185316.157,184765.283,184973.333,150,70154,0
2026-08-01 23:05:00+00:00,184980.645,185198.102,184655.126,185093.367,150,70154,0
2026-08-01 23:10:00+00:00,185028.573,185197.493,184754.538,184926.675,150,70154,0
2026-08-01 23:15:00+00:00,184981.855,185043.452,184540.985,184592.507,150,70154,0
2026-08-01 23:20:00+00:00,184613.21,185435.197,184602.415,185327.214,150,70154,0
2026-08-01 23:25:00+00:00,185334.693,185389.12,184445.856,184649.512,150,70154,0
2026-08-01 23:30:00+00:00,184650.109,184683.13,184037.713,184127.365,150,70154,0
2026-08-01 23:35:00+00:00,184169.532,184405.445,183964.406,184206.816,150,70154,0
2026-08-01 23:40:00+00:00,184198.507,184490.155,183904.756,183934.923,150,70154,0
2026-08-01 23:45:00+00:00,183850.988,183869.751,183322.857,183595.511,150,70154,0
2026-08-01 23:50:00+00:00,183575.292,183593.173,182931.171,183221.04,150,70154,0
2026-08-01 23:55:00+00:00,183199.561,184342.144,183151.105,184320.644,150,70154,0
2026-08-02 00:00:00+00:00,184267.883,184550.969,184041.731,184206.009,150,70154,0
2026-08-02 00:05:00+00:00,184145.735,184255.518,183268.962,183291.007,150,70154,0
2026-08-02 00:10:00+00:00,183310.473,183528.347,183087.418,183282.193,150,70154,0
2026-08-02 00:15:00+00:00,183308.414,183878.176,183214.208,183831.379,150,70154,0
2026-08-02 00:20:00+00:00,183814.726,183830.718,183485.493,183633.405,150,70154,0
2026-08-02 00:25:00+00:00,183684.984,184017.772,183503.016,183706.983,150,70154,0
2026-08-02 00:30:00+00:00,183786.702,184004.156,183112.998,183194.116,150,70154,0
2026-08-02 00:35:00+00:00,183223.228,183438.175,182995.092,183304.093,150,70154,0
2026-08-02 00:40:00+00:00,183297.053,183468.061,182765.555,183000.159,150,70154,0
2026-08-02 00:45:00+00:00,182969.671,182972.061,182312.655,182702.77,150,70154,0
2026-08-02 00:50:00+00:00,182710.971,182712.906,181844.735,182366.964,150,70154,0
2026-08-02 00:55:00+00:00,182358.476,182608.962,182157.614,182403.077,150,70154,0
2026-08-02 01:00:00+00:00,182357.326,182563.807,182184.167,182394.072,150,70154,0
2026-08-02 01:05:00+00:00,182411.593,182868.117,182035.786,182770.852,150,70154,0
2026-08-02 01:10:00+00:00,182799.089,182830.02,181678.381,181806.7,150,70154,0
2026-08-02 01:15:00+00:00,181807.608,181810.831,181341.586,181483.534,150,70154,0
2026-08-02 01:20:00+00:00,181480.967,181725.03,180668.217,181136.566,150,70154,0
2026-08-02 01:25:00+00:00,181103.43,181314.389,180785.972,181237.341,150,70154,0
2026-08-02 01:30:00+00:00,181255.999,181519.855,180990.35,181519.855,150,70154,0
2026-08-02 01:35:00+00:00,181493.815,181852.642,181115.538,181300.86,150,70154,0
2026-08-02 01:40:00+00:00,181313.611,181688.227,180887.713,180997.365,150,70154,0
2026-08-02 01:45:00+00:00,180998.813,181331.364,180872.23,181313.504,150,70154,0
2026-08-02 01:50:00+00:00,181333.236,181571.178,180988.651,180988.651,150,70154,0
2026-08-02 01:55:00+00:00,181002.198,181223.54,180627.042,180662.932,150,70154,0
2026-08-02 02:00:00+00:00,180702.448,180937.873,180381.567,180548.927,150,70154,0
2026-08-02 02:05:00+00:00,180518.512,180927.324,180177.157,180749.072,150,70154,0
2026-08-02 02:10:00+00:00,180735.227,181162.335,180658.862,181047.802,136,70154,0
2026-08-02 02:15:00+00:00,181145.798,181362.907,180584.28,181071.339,150,70154,0
2026-08-02 02:20:00+00:00,180953.113,181333.956,180175.336,180226.001,150,70154,0
2026-08-02 02:25:00+00:00,180249.916,180942.065,180187.855,180436.572,150,70154,0
2026-08-02 02:30:00+00:00,180437.668,181344.991,180437.668,180923.099,150,70154,0
2026-08-02 02:35:00+00:00,180965.321,181383.273,180756.671,181122.82,150,70154,0
2026-08-02 02:40:00+00:00,181047.46,181986.806,180746.29,181839.828,150,70154,0
2026-08-02 02:45:00+00:00,181846.25,181846.25,181271.435,181392.006,150,70154,0
2026-08-02 02:50:00+00:00,181366.85,181494.035,180656.035,181494.035,150,70154,0
2026-08-02 02:55:00+00:00,181548.067,182046.187,181482.571,181608.351,150,70154,0
2026-08-02 03:00:00+00:00,181598.73,181892.525,181090.359,181090.359,150,70154,0
2026-08-02 03:05:00+00:00,181035.139,181035.139,180182.979,180748.393,150,70154,0
2026-08-02 03:10:00+00:00,180802.802,181004.393,180463.368,180711.579,150,70154,0
2026-08-02 03:15:00+00:00,180676.372,180970.331,180125.052,180947.735,150,70154,0
2026-08-02 03:20:00+00:00,180927.909,181246.529,180624.174,181055.74,150,70154,0
2026-08-02 03:25:00+00:00,181105.194,181492.614,180902.344,181157.53,150,70154,0
2026-08-02 03:30:00+00:00,181193.436,181620.072,180869.743,181214.198,150,70154,0
2026-08-02 03:35:00+00:00,181204.825,181289.264,180824.442,180914.079,150,70154,0
2026-08-02 03:40:00+00:00,180904.213,181416.231,180660.287,181275.146,150,70154,0
2026-08-02 03:45:00+00:00,181291.746,181465.871,180811.054,181155.581,150,70154,0
2026-08-02 03:50:00+00:00,181124.037,181205.131,180464.68,180614.846,150,70154,0
2026-08-02 03:55:00+00:00,180554.545,180912.41,180208.909,180526.254,150,70154,0
2026-08-02 04:00:00+00:00,180479.305,180479.305,179660.359,180041.667,150,70154,0
2026-08-02 04:05:00+00:00,179934.53,180863.466,179870.719,180863.362,150,70154,0
2026-08-02 04:10:00+00:00,180853.407,180867.917,179802.698,179884.534,150,70154,0
2026-08-02 04:15:00+00:00,179909.525,181138.422,179901.833,181001.963,150,70154,0
2026-08-02 04:20:00+00:00,180952.602,181396.604,180794.809,181287.749,150,70154,0
2026-08-02 04:25:00+00:00,181317.095,181633.642,181010.647,181190.777,150,70154,0
2026-08-02 04:30:00+00:00,181165.218,182243.539,181165.218,182080.535,150,70154,0
2026-08-02 04:35:00+00:00,182072.877,182246.464,181773.448,181872.896,150,70154,0
2026-08-02 04:40:00+00:00,181867.138,182254.846,181596.812,181850.876,150,70154,0
2026-08-02 04:45:00+00:00,181808.022,181877.048,181177.017,181870.807,150,70154,0
2026-08-02 04:50:00+00:00,181819.699,182350.154,181762.613,182164.253,150,70154,0
2026-08-02 04:55:00+00:00,182179.693,182180.811,181334.37,181468.85,150,70154,0
2026-08-02 05:00:00+00:00,181437.084,181736.522,181231.383,181656.261,150,70154,0
2026-08-02 05:05:00+00:00,181673.344,181721.796,181008.892,181312.61,150,70154,0
2026-08-02 05:10:00+00:00,181259.949,181732.58,181259.949,181446.04,150,70154,0
2026-08-02 05:15:00+00:00,181437.57,181764.68,181299.958,181380.409,150,70154,0
2026-08-02 05:20:00+00:00,181393.898,181934.786,181332.061,181901.035,150,70154,0
2026-08-02 05:25:00+00:00,181808.03,182186.354,181635.188,181825.425,150,70154,0
2026-08-02 05:30:00+00:00,181805.17,182845.319,181694.434,182837.06,150,70154,0
2026-08-02 05:35:00+00:00,182891.71,183113.436,182595.572,182916.334,150,70154,0
2026-08-02 05:40:00+00:00,182989.411,183357.13,182583.544,183263.995,150,70154,0
2026-08-02 05:45:00+00:00,183335.694,183595.03,183237.897,183360.163,150,70154,0
2026-08-02 05:50:00+00:00,183353.285,183632.233,183090.876,183631.363,150,70154,0
2026-08-02 05:55:00+00:00,183561.642,183949.336,183253.239,183497.549,150,70154,0
2026-08-02 06:00:00+00:00,183539.407,183569.247,182982.525,183123.495,150,70154,0
2026-08-02 06:05:00+00:00,183142.564,183512.407,182953.254,182953.254,150,70154,0
2026-08-02 06:10:00+00:00,182886.083,183004.932,182432.079,182466.334,150,70154,0
2026-08-02 06:15:00+00:00,182423.384,183329.473,182400.747,183074.135,150,70154,0
2026-08-02 06:20:00+00:00,183015.296,183323.797,182793.223,182933.649,150,70154,0
2026-08-02 06:25:00+00:00,182926.634,183284.329,182713.116,183099.928,150,70154,0
2026-08-02 06:30:00+00:00,183167.438,183592.524,182521.912,182521.912,150,70154,0
2026-08-02 06:35:00+00:00,182497.695,182497.695,181732.957,182216.227,150,70154,0
2026-08-02 06:40:00+00:00,182211.084,182786.956,182070.498,182269.883,150,70154,0
2026-08-02 06:45:00+00:00,182267.075,182379.653,181854.091,182018.159,150,70154,0
2026-08-02 06:50:00+00:00,182044.923,182359.122,181799.207,181819.969,150,70154,0
2026-08-02 06:55:00+00:00,181774.003,182363.026,181726.607,182090.155,150,70154,0
2026-08-02 07:00:00+00:00,182115.974,182115.974,181327.811,181332.288,150,70154,0
2026-08-02 07:05:00+00:00,181286.153,181892.748,181286.153,181652.751,150,70154,0
2026-08-02 07:10:00+00:00,181704.247,182253.966,181648.768,181922.604,150,70154,0
2026-08-02 07:15:00+00:00,181900.002,182499.703,181900.002,182338.075,150,70154,0
2026-08-02 07:20:00+00:00,182328.124,182853.219,181984.655,182555.798,150,70154,0
2026-08-02 07:25:00+00:00,182571.401,182664.821,181831.516,182417.968,150,70154,0
2026-08-02 07:30:00+00:00,182458.271,182872.076,182045.964,182290.653,150,70154,0
2026-08-02 07:35:00+00:00,182338.795,182529.057,181512.778,181653.429,150,70154,0
2026-08-02 07:40:00+00:00,181636.918,181875.913,181099.102,181437.724,150,70154,0
2026-08-02 07:45:00+00:00,181461.887,181820.828,181354.548,181628.209,150,70154,0
2026-08-02 07:50:00+00:00,181613.097,181676.114,181012.935,181330.296,150,70154,0
2026-08-02 07:55:00+00:00,181368.507,181662.578,181149.168,181169.308,150,70154,0
2026-08-02 08:00:00+00:00,181143.978,181613.021,181143.978,181404.446,150,70154,0
2026-08-02 08:05:00+00:00,181386.603,182449.15,181216.12,182428.388,150,70154,0
2026-08-02 08:10:00+00:00,182449.814,182511.634,181760.777,181916.343,150,70154,0
2026-08-02 08:15:00+00:00,181819.607,182056.844,181044.39,181053.452,150,70154,0
2026-08-02 08:20:00+00:00,181087.669,181536.801,180683.857,181019.555,150,70154,0
2026-08-02 08:25:00+00:00,181033.428,181586.507,180768.501,181586.507,150,70154,0
2026-08-02 08:30:00+00:00,181539.724,181599.74,180770.38,180880.558,150,70154,0
2026-08-02 08:35:00+00:00,180925.51,181230.313,180756.232,180930.686,150,70154,0
2026-08-02 08:40:00+00:00,180966.053,181046.554,180493.649,180664.744,150,70154,0
2026-08-02 08:45:00+00:00,180674.271,180884.555,180294.886,180884.555,150,70154,0
2026-08-02 08:50:00+00:00,180881.944,181350.202,180464.756,180517.142,150,70154,0
2026-08-02 08:55:00+00:00,180553.502,180722.027,180018.521,180211.424,150,70154,0
2026-08-02 09:00:00+00:00,180293.305,180483.499,179800.292,179929.557,150,70154,0
2026-08-02 09:05:00+00:00,179930.197,180495.653,179619.009,179826.946,150,70154,0
2026-08-02 09:10:00+00:00,179830.314,180378.738,179763.629,180378.738,150,70154,0
2026-08-02 09:15:00+00:00,180366.528,181092.618,180354.796,180715.425,150,70154,0
2026-08-02 09:20:00+00:00,180694.521,180782.531,179814.666,180247.023,150,70154,0
2026-08-02 09:25:00+00:00,180249.561,180305.309,179755.726,179893.308,150,70154,0
2026-08-02 09:30:00+00:00,179961.069,180178.179,179386.408,179636.627,150,70154,0
2026-08-02 09:35:00+00:00,179610.25,179890.074,178905.202,178959.884,150,70154,0
2026-08-02 09:40:00+00:00,178979.605,179096.213,178619.052,178997.308,150,70154,0
2026-08-02 09:45:00+00:00,178962.475,179504.571,178801.901,178995.25,150,70154,0
2026-08-02 09:50:00+00:00,179053.91,179813.167,179009.181,179689.594,150,70154,0
2026-08-02 09:55:00+00:00,179679.801,179950.443,179313.736,179827.111,150,70154,0
2026-08-02 10:00:00+00:00,179799.296,180101.32,179409.425,179733.75,150,70154,0
2026-08-02 10:05:00+00:00,179744.112,180380.248,179620.747,180310.482,150,70154,0
2026-08-02 10:10:00+00:00,180304.267,180486.471,179958.443,180132.258,150,70154,0
2026-08-02 10:15:00+00:00,180119.758,181232.307,180009.115,180942.433,150,70154,0
2026-08-02 10:20:00+00:00,180941.047,181107.858,180595.215,180620.257,150,70154,0
2026-08-02 10:25:00+00:00,180639.745,181168.317,180525.966,180901.329,150,70154,0
2026-08-02 10:30:00+00:00,180898.301,181731.145,180891.16,181731.145,150,70154,0
2026-08-02 10:35:00+00:00,181733.956,181795.918,180566.216,180944.908,150,70154,0
2026-08-02 10:40:00+00:00,180942.715,181456.015,180852.712,181335.504,150,70154,0
2026-08-02 10:45:00+00:00,181371.393,181636.357,181157.806,181364.768,150,70154,0
2026-08-02 10:50:00+00:00,181392.651,181702.778,180985.088,181702.778,150,70154,0
2026-08-02 10:55:00+00:00,181730.796,181849.168,181299.98,181622.177,150,70154,0
2026-08-02 11:00:00+00:00,181578.127,181636.266,180687.37,180851.521,150,70154,0
2026-08-02 11:05:00+00:00,180890.195,181177.588,180486.352,180533.124,150,70154,0
2026-08-02 11:10:00+00:00,180488.196,180554.588,179888.498,179983.631,150,70154,0
2026-08-02 11:15:00+00:00,180023.826,180913.564,179963.308,180876.785,150,70154,0
2026-08-02 11:20:00+00:00,180854.589,181446.866,180574.182,181061.077,150,70154,0
2026-08-02 11:25:00+00:00,181018.216,181131.09,180249.921,180344.073,150,70154,0
2026-08-02 11:30:00+00:00,180324.675,180616.231,180122.553,180286.736,150,70154,0
2026-08-02 11:35:00+00:00,180314.117,180920.771,180197.571,180702.582,150,70154,0
2026-08-02 11:40:00+00:00,180725.734,181549.358,180642.78,181549.358,150,70154,0
2026-08-02 11:45:00+00:00,181611.032,182075.874,181513.847,182060.464,150,70154,0
2026-08-02 11:50:00+00:00,182028.496,182357.417,181660.81,181849.907,150,70154,0
2026-08-02 11:55:00+00:00,181862.01,182715.923,181737.069,182586.607,150,70154,0
2026-08-02 12:00:00+00:00,182553.374,182845.327,182414.29,182751.62,150,70154,0
2026-08-02 12:05:00+00:00,182803.049,183025.033,182249.966,182637.067,150,70154,0
2026-08-02 12:10:00+00:00,182636.995,182698.412,182178.138,182187.14,150,70154,0
2026-08-02 12:15:00+00:00,182264.755,182638.758,181956.862,181956.862,150,70154,0
2026-08-02 12:20:00+00:00,181982.483,183008.309,181856.989,182971.313,150,70154,0
2026-08-02 12:25:00+00:00,182954.464,183014.575,181909.448,181909.448,150,70154,0
2026-08-02 12:30:00+00:00,181866.937,182736.749,181788.048,182455.227,150,70154,0
2026-08-02 12:35:00+00:00,182406.116,182650.041,182231.836,182364.127,150,70154,0
2026-08-02 12:40:00+00:00,182357.281,182775.953,182334.081,182334.081,150,70154,0
2026-08-02 12:45:00+00:00,182357.056,183369.306,182183.776,183273.843,150,70154,0
2026-08-02 12:50:00+00:00,183338.807,184271.274,183257.647,183762.764,150,70154,0
2026-08-02 12:55:00+00:00,183753.747,184192.442,183547.995,183616.301,150,70154,0
2026-08-02 13:00:00+00:00,183593.26,183949.326,183446.219,183649.167,150,70154,0
2026-08-02 13:05:00+00:00,183618.618,184283.906,183406.348,184283.906,150,70154,0
2026-08-02 13:10:00+00:00,184275.244,184404.319,183943.082,184241.094,150,70154,0
2026-08-02 13:15:00+00:00,184313.302,185245.594,184225.401,185234.101,150,70154,0
2026-08-02 13:20:00+00:00,185251.322,185372.786,184641.956,184976.633,150,70154,0
2026-08-02 13:25:00+00:00,184957.889,185458.249,184631.09,185384.358,150,70154,0
2026-08-02 13:30:00+00:00,185350.465,185490.178,185079.053,185204.975,150,70154,0
2026-08-02 13:35:00+00:00,185242.037,185257.812,184629.143,184663.076,150,70154,0
2026-08-02 13:40:00+00:00,184615.289,185059.995,184532.438,185059.995,150,70154,0
2026-08-02 13:45:00+00:00,185011.212,185129.495,184330.432,184705.076,150,70154,0
2026-08-02 13:50:00+00:00,184736.926,184782.999,184415.565,184506.616,150,70154,0
2026-08-02 13:55:00+00:00,184474.285,184865.68,183822.373,184000.84,150,70154,0
2026-08-02 14:00:00+00:00,184004.34,184083.088,183563.098,183984.314,150,70154,0
2026-08-02 14:05:00+00:00,183975.367,184333.019,183510.095,183662.372,150,70154,0
2026-08-02 14:10:00+00:00,183687.829,184080.076,183385.2,183553.289,150,70154,0
2026-08-02 14:15:00+00:00,183585.007,183585.007,182825.817,182825.817,150,70154,0
2026-08-02 14:20:00+00:00,182814.729,183144.964,182728.554,182936.6,150,70154,0
2026-08-02 14:25:00+00:00,182956.849,183145.545,182319.625,182319.625,150,70154,0
2026-08-02 14:30:00+00:00,182349.46,182349.46,181745.45,182037.575,150,70154,0
2026-08-02 14:35:00+00:00,181981.753,182208.879,181314.998,181389.403,150,70154,0
2026-08-02 14:40:00+00:00,181329.666,181927.373,181234.042,181331.325,150,70154,0
2026-08-02 14:45:00+00:00,181294.14,181449.947,180804.465,181343.06,150,70154,0
2026-08-02 14:50:00+00:00,181350.668,182423.686,181188.154,182423.686,150,70154,0
2026-08-02 14:55:00+00:00,182491.894,182856.786,182293.505,182293.505,150,70154,0
2026-08-02 15:00:00+00:00,182356.542,182811.123,182144.554,182464.529,150,70154,0
2026-08-02 15:05:00+00:00,182494.729,182949.068,182010.939,182375.065,150,70154,0
2026-08-02 15:10:00+00:00,182422.735,183458.304,182281.737,183290.763,150,70154,0
2026-08-02 15:15:00+00:00,183310.251,184074.248,183232.154,183595.422,150,70154,0
2026-08-02 15:20:00+00:00,183622.262,184228.244,182927.281,184179.644,150,70154,0
2026-08-02 15:25:00+00:00,184188.913,184624.291,183635.429,184475.926,150,70154,0
2026-08-02 15:30:00+00:00,184513.83,184749.615,184142.535,184570.697,150,70154,0
2026-08-02 15:35:00+00:00,184582.389,184691.503,184001.903,184185.805,150,70154,0
2026-08-02 15:40:00+00:00,184215.452,184759.244,184163.348,184491.595,150,70154,0
2026-08-02 15:45:00+00:00,184482.229,184643.137,183910.252,184564.982,150,70154,0
2026-08-02 15:50:00+00:00,184567.625,184838.127,184223.894,184247.006,150,70154,0
2026-08-02 15:55:00+00:00,184282.525,185173.613,184160.381,184988.005,150,70154,0
2026-08-02 16:00:00+00:00,185028.697,185314.82,184928.57,185129.134,150,70154,0
2026-08-02 16:05:00+00:00,185104.085,185801.499,185003.591,185454.241,150,70154,0
2026-08-02 16:10:00+00:00,185447.352,185538.135,184608.131,184896.407,150,70154,0
2026-08-02 16:15:00+00:00,184858.164,185493.538,184728.778,185482.787,150,70154,0
2026-08-02 16:20:00+00:00,185473.084,185552.508,184573.43,184957.927,150,70154,0
2026-08-02 16:25:00+00:00,184979.489,185324.468,184548.427,185279.732,150,70154,0
2026-08-02 16:30:00+00:00,185279.476,185855.634,185210.649,185795.887,150,70154,0
2026-08-02 16:35:00+00:00,185881.977,186114.284,185483.727,185483.727,150,70154,0
2026-08-02 16:40:00+00:00,185422.307,186208.178,185422.307,186208.178,150,70154,0
2026-08-02 16:45:00+00:00,186172.407,186647.858,186047.198,186640.765,150,70154,0
2026-08-02 16:50:00+00:00,186627.7,187089.07,186522.475,186595.723,150,70154,0
2026-08-02 16:55:00+00:00,186638.007,186743.936,186293.791,186471.709,150,70154,0
2026-08-02 17:00:00+00:00,186475.507,186845.099,186262.727,186277.366,150,70154,0
2026-08-02 17:05:00+00:00,186234.368,186611.704,186153.793,186458.053,150,70154,0
2026-08-02 17:10:00+00:00,186409.597,187310.438,186409.597,186869.14,150,70154,0
2026-08-02 17:15:00+00:00,186881.93,187067.064,186119.27,186346.82,150,70154,0
2026-08-02 17:20:00+00:00,186351.193,186543.034,185688.389,185698.331,150,70154,0
2026-08-02 17:25:00+00:00,185685.34,185885.982,185275.798,185431.31,150,70154,0
2026-08-02 17:30:00+00:00,185440.915,185503.4,184959.371,185250.119,150,70154,0
2026-08-02 17:35:00+00:00,185280.317,185468.665,184892.475,185073.16,150,70154,0
2026-08-02 17:40:00+00:00,185061.896,185589.101,184968.506,185215.431,150,70154,0
2026-08-02 17:45:00+00:00,185177.689,185338.937,184791.247,185217.139,150,70154,0
2026-08-02 17:50:00+00:00,185158.963,185473.277,184856.049,185193.509,150,70154,0
2026-08-02 17:55:00+00:00,185217.254,185468.123,185010.396,185265.523,150,70154,0
2026-08-02 18:00:00+00:00,185282.976,185363.073,184882.852,185207.905,150,70154,0
2026-08-02 18:05:00+00:00,185167.315,185167.315,184467.74,185082.146,150,70154,0
2026-08-02 18:10:00+00:00,185102.287,185222.716,184817.848,185187.056,150,70154,0
2026-08-02 18:15:00+00:00,185195.809,186060.709,185099.241,186012.63,150,70154,0
2026-08-02 18:20:00+00:00,186044.456,186456.917,185895.545,186317.061,150,70154,0
2026-08-02 18:25:00+00:00,186231.344,186851.138,185940.13,186756.002,150,70154,0
2026-08-02 18:30:00+00:00,186804.298,187300.183,186185.722,186367.192,150,70154,0
2026-08-02 18:35:00+00:00,186395.171,186562.844,186083.418,186245.011,150,70154,0
2026-08-02 18:40:00+00:00,186320.581,186657.598,186113.589,186430.397,150,70154,0
2026-08-02 18:45:00+00:00,186391.285,186639.09,185914.37,185914.37,150,70154,0
2026-08-02 18:50:00+00:00,185931.399,186851.564,185802.391,186674.961,150,70154,0
2026-08-02 18:55:00+00:00,186634.753,186983.382,186401.089,186885.382,150,70154,0
2026-08-02 19:00:00+00:00,186920.43,187643.701,186824.75,187373.665,150,70154,0
2026-08-02 19:05:00+00:00,187393.727,187465.299,186422.111,186425.471,150,70154,0
2026-08-02 19:10:00+00:00,186442.196,186992.734,186273.394,186914.912,150,70154,0
2026-08-02 19:15:00+00:00,186828.951,187218.166,186440.125,187079.831,150,70154,0
2026-08-02 19:20:00+00:00,187096.777,187362.517,186686.725,186686.725,150,70154,0
2026-08-02 19:25:00+00:00,186743.22,187670.215,186640.23,186822.879,150,70154,0
2026-08-02 19:30:00+00:00,186794.0,186910.547,186318.086,186886.22,150,70154,0
2026-08-02 19:35:00+00:00,186898.964,187091.657,186613.307,186719.18,150,70154,0
2026-08-02 19:40:00+00:00,186750.274,187407.309,186384.986,187407.309,150,70154,0
2026-08-02 19:45:00+00:00,187372.367,187460.413,186039.638,186144.152,150,70154,0
2026-08-02 19:50:00+00:00,186078.728,186953.018,185880.51,186655.44,150,70154,0
2026-08-02 19:55:00+00:00,186637.048,186931.548,186001.604,186172.856,150,70154,0
2026-08-02 20:00:00+00:00,186163.766,186768.741,185759.469,186705.878,150,70154,0
2026-08-02 20:05:00+00:00,186693.709,187473.408,186338.967,187393.776,150,70154,0
2026-08-02 20:10:00+00:00,187373.736,187479.568,186539.665,186573.122,150,70154,0
2026-08-02 20:15:00+00:00,186592.027,186592.027,185901.606,186132.494,150,70154,0
2026-08-02 20:20:00+00:00,186186.222,186186.222,185284.373,185869.399,150,70154,0
2026-08-02 20:25:00+00:00,185894.299,186175.192,185683.687,185844.019,150,70154,0
2026-08-02 20:30:00+00:00,185789.938,186107.585,185351.968,185599.176,150,70154,0
2026-08-02 20:35:00+00:00,185609.438,186304.053,185486.237,186304.053,150,70154,0
2026-08-02 20:40:00+00:00,186348.79,187200.081,186195.272,187135.633,150,70154,0
2026-08-02 20:45:00+00:00,187164.861,187402.358,186804.591,187031.242,150,70154,0
2026-08-02 20:50:00+00:00,187045.514,187834.663,187045.514,187426.125,150,70154,0
2026-08-02 20:55:00+00:00,187387.093,187431.773,186940.85,187431.773,150,70154,0
2026-08-02 21:00:00+00:00,187431.247,188299.374,187431.247,188184.057,150,70154,0
2026-08-02 21:05:00+00:00,188253.263,188521.189,187819.328,188046.353,150,70154,0
2026-08-02 21:10:00+00:00,188057.435,188376.464,187703.926,188253.911,150,70154,0
2026-08-02 21:15:00+00:00,188211.889,188369.573,187186.044,187186.044,150,70154,0
2026-08-02 21:20:00+00:00,187178.026,187326.82,186565.376,186686.115,150,70154,0
2026-08-02 21:25:00+00:00,186685.556,187977.156,186597.714,187958.321,150,70154,0
2026-08-02 21:30:00+00:00,187942.685,188565.961,187895.895,188416.35,150,70154,0
2026-08-02 21:35:00+00:00,188432.413,188587.531,187934.708,188363.364,150,70154,0
2026-08-02 21:40:00+00:00,188379.153,188959.934,188370.866,188728.387,150,70154,0
2026-08-02 21:45:00+00:00,188740.9,189006.62,188458.391,188624.509,150,70154,0
2026-08-02 21:50:00+00:00,188616.267,189344.864,188550.149,189269.85,150,70154,0
2026-08-02 21:55:00+00:00,189286.475,189534.327,187748.64,187748.64,150,70154,0
2026-08-02 22:00:00+00:00,187795.649,188412.749,187166.186,188302.052,150,70154,0
2026-08-02 22:05:00+00:00,188300.079,188665.352,187901.826,188431.239,150,70154,0
2026-08-02 22:10:00+00:00,188372.743,188509.771,187268.253,187305.937,150,70154,0
2026-08-02 22:15:00+00:00,187344.917,187344.917,186641.706,187208.057,150,70154,0
2026-08-02 22:20:00+00:00,187243.611,187536.08,187030.739,187099.544,150,70154,0
2026-08-02 22:25:00+00:00,187132.936,187614.646,187047.026,187126.376,150,70154,0
2026-08-02 22:30:00+00:00,187130.687,187648.019,187085.269,187247.962,150,70154,0
2026-08-02 22:35:00+00:00,187187.253,187422.854,186649.589,186649.589,150,70154,0
2026-08-02 22:40:00+00:00,186623.117,187218.534,186107.421,186465.886,150,70154,0
2026-08-02 22:45:00+00:00,186370.998,187361.515,186324.585,187361.515,150,70154,0
2026-08-02 22:50:00+00:00,187460.608,187989.209,187250.386,187850.918,150,70154,0
2026-08-02 22:55:00+00:00,187885.766,188153.104,187250.937,187330.107,150,70154,0
2026-08-02 23:00:00+00:00,187350.333,188173.479,187274.137,188173.479,150,70154,0
2026-08-02 23:05:00+00:00,188155.861,188452.997,187490.615,187747.95,150,70154,0
2026-08-02 23:10:00+00:00,187766.367,188528.265,187675.624,188099.73,150,70154,0
2026-08-02 23:15:00+00:00,188150.832,188578.059,187810.315,187810.315,150,70154,0
2026-08-02 23:20:00+00:00,187836.884,188434.625,187747.285,188316.461,150,70154,0
2026-08-02 23:25:00+00:00,188322.27,189035.306,188153.646,188977.94,150,70154,0
2026-08-02 23:30:00+00:00,189033.19,189880.147,188905.411,189637.366,150,70154,0
2026-08-02 23:35:00+00:00,189681.474,189866.805,189213.777,189312.414,150,70154,0
2026-08-02 23:40:00+00:00,189272.965,189582.575,188802.506,189020.133,150,70154,0
2026-08-02 23:45:00+00:00,188950.538,189159.652,188691.49,189066.805,150,70154,0
2026-08-02 23:50:00+00:00,189049.742,189402.186,188863.758,189051.725,150,70154,0
2026-08-02 23:55:00+00:00,189070.939,189234.265,188782.84,188914.934,150,70154,0
2026-08-03 00:00:00+00:00,188954.42,189276.881,188631.522,188745.631,150,70154,0
2026-08-03 00:05:00+00:00,188705.29,188797.212,188116.698,188350.68,150,70154,0
2026-08-03 00:10:00+00:00,188292.628,188364.816,187637.057,187986.693,150,70154,0
2026-08-03 00:15:00+00:00,188069.093,188463.216,188011.757,188241.517,150,70154,0
2026-08-03 00:20:00+00:00,188235.215,188441.303,187430.977,187430.977,150,70154,0
2026-08-03 00:25:00+00:00,187407.561,187558.819,186897.372,187187.629,150,70154,0
2026-08-03 00:30:00+00:00,187225.352,187235.488,186196.377,186613.699,150,70154,0
2026-08-03 00:35:00+00:00,186601.387,187044.577,186336.158,186444.371,150,70154,0
2026-08-03 00:40:00+00:00,186402.689,186979.921,186400.277,186555.355,150,70154,0
2026-08-03 00:45:00+00:00,186525.668,186703.054,186038.932,186254.192,150,70154,0
2026-08-03 00:50:00+00:00,186296.288,186385.514,185354.407,185724.191,150,70154,0
2026-08-03 00:55:00+00:00,185701.073,185769.196,185179.58,185755.139,150,70154,0
2026-08-03 01:00:00+00:00,185710.656,185791.711,185227.99,185543.581,150,70154,0
2026-08-03 01:05:00+00:00,185483.894,185678.793,185092.12,185292.122,150,70154,0
2026-08-03 01:10:00+00:00,185304.177,185404.533,184935.202,185060.427,150,70154,0
2026-08-03 01:15:00+00:00,185069.55,185244.301,184792.035,184853.816,150,70154,0
2026-08-03 01:20:00+00:00,184872.78,184921.801,183739.172,183815.604,150,70154,0
2026-08-03 01:25:00+00:00,183815.745,184309.893,183717.551,184055.439,150,70154,0
2026-08-03 01:30:00+00:00,184034.761,184653.583,183924.922,184392.758,150,70154,0
2026-08-03 01:35:00+00:00,184407.959,185167.632,184297.455,184987.982,150,70154,0
2026-08-03 01:40:00+00:00,184990.048,185043.784,184064.367,184247.788,150,70154,0
2026-08-03 01:45:00+00:00,184278.5,184440.429,183433.068,183534.977,150,70154,0
2026-08-03 01:50:00+00:00,183537.974,184092.447,183430.142,183759.175,150,70154,0
2026-08-03 01:55:00+00:00,183772.999,183772.999,183026.709,183324.664,150,70154,0
2026-08-03 02:00:00+00:00,183327.741,183329.718,182428.758,182555.522,150,70154,0
2026-08-03 02:05:00+00:00,182516.099,182698.073,181937.22,182166.212,150,70154,0
2026-08-03 02:10:00+00:00,182153.575,182626.242,182105.214,182626.242,150,70154,0
2026-08-03 02:15:00+00:00,182631.568,182913.024,182354.841,182561.896,150,70154,0
2026-08-03 02:20:00+00:00,182599.456,183303.056,182599.456,183120.788,150,70154,0
2026-08-03 02:25:00+00:00,183110.352,183601.939,183082.618,183270.54,150,70154,0
2026-08-03 02:30:00+00:00,183234.342,183651.951,183123.751,183532.728,150,70154,0
2026-08-03 02:35:00+00:00,183533.934,183740.307,183244.011,183594.466,150,70154,0
2026-08-03 02:40:00+00:00,183628.901,183850.757,183133.796,183428.637,150,70154,0
2026-08-03 02:45:00+00:00,183426.466,184096.032,183292.092,184061.472,150,70154,0
2026-08-03 02:50:00+00:00,184067.272,184365.272,183671.801,183896.333,150,70154,0
2026-08-03 02:55:00+00:00,183912.736,184201.459,183182.685,183197.402,150,70154,0
2026-08-03 03:00:00+00:00,183168.831,183204.004,182446.795,183000.894,150,70154,0
2026-08-03 03:05:00+00:00,182996.39,183163.88,182609.148,182979.638,150,70154,0
2026-08-03 03:10:00+00:00,182983.06,183716.873,182929.678,183598.93,150,70154,0
2026-08-03 03:15:00+00:00,183633.346,184177.27,183506.651,183956.467,150,70154,0
2026-08-03 03:20:00+00:00,183914.296,184160.666,183606.844,183718.845,150,70154,0
2026-08-03 03:25:00+00:00,183690.76,184200.26,183350.409,183397.95,150,70154,0
2026-08-03 03:30:00+00:00,183525.505,184224.324,183281.472,183751.071,150,70154,0
2026-08-03 03:35:00+00:00,183771.564,184628.093,183744.943,184523.19,150,70154,0
2026-08-03 03:40:00+00:00,184491.124,184976.19,184454.464,184555.749,150,70154,0
2026-08-03 03:45:00+00:00,184500.118,185247.842,184395.83,185090.083,150,70154,0
2026-08-03 03:50:00+00:00,185004.182,185724.173,184984.396,185637.801,150,70154,0
2026-08-03 03:55:00+00:00,185667.805,186031.659,185508.858,185794.214,150,70154,0
2026-08-03 04:00:00+00:00,185751.506,185928.738,185220.579,185558.893,150,70154,0
2026-08-03 04:05:00+00:00,185576.397,185594.101,184779.631,185344.204,150,70154,0
2026-08-03 04:10:00+00:00,185387.134,185895.675,184946.759,185099.968,150,70154,0
2026-08-03 04:15:00+00:00,185084.588,185137.825,184539.069,185037.944,150,70154,0
2026-08-03 04:20:00+00:00,184991.959,185314.661,184605.951,184670.196,150,70154,0
2026-08-03 04:25:00+00:00,184662.55,184916.717,184398.076,184916.717,150,70154,0
2026-08-03 04:30:00+00:00,184949.461,185303.791,184811.143,184901.615,150,70154,0
2026-08-03 04:35:00+00:00,184934.599,185081.643,184194.814,184566.017,150,70154,0
2026-08-03 04:40:00+00:00,184528.752,184576.575,183636.96,183649.508,150,70154,0
2026-08-03 04:45:00+00:00,183628.71,183746.687,183136.79,183273.408,150,70154,0
2026-08-03 04:50:00+00:00,183281.787,183531.916,183085.73,183121.87,150,70154,0
2026-08-03 04:55:00+00:00,183122.459,183265.136,182518.431,182529.918,150,70154,0
2026-08-03 05:00:00+00:00,182528.462,183320.535,182320.515,183033.285,150,70154,0
2026-08-03 05:05:00+00:00,183105.371,183973.242,183073.761,183785.966,150,70154,0
2026-08-03 05:10:00+00:00,183847.149,184456.499,183302.737,184078.101,150,70154,0
2026-08-03 05:15:00+00:00,184147.838,184267.39,183488.418,183769.253,150,70154,0
2026-08-03 05:20:00+00:00,183775.807,184321.221,183617.866,183866.716,150,70154,0
2026-08-03 05:25:00+00:00,183896.763,184210.18,183243.147,183343.257,150,70154,0
2026-08-03 05:30:00+00:00,183300.665,183587.523,183071.711,183374.707,150,70154,0
2026-08-03 05:35:00+00:00,183343.491,183991.073,183023.345,183832.945,150,70154,0
2026-08-03 05:40:00+00:00,183814.559,184265.653,183566.664,184057.734,150,70154,0
2026-08-03 05:45:00+00:00,184083.793,184104.196,183334.63,183559.283,150,70154,0
2026-08-03 05:50:00+00:00,183493.194,183780.832,183091.278,183580.868,149,70154,0
2026-08-03 05:55:00+00:00,183545.751,184529.591,183533.056,184519.474,150,70154,0
2026-08-03 06:00:00+00:00,184486.642,184879.133,184449.927,184752.341,150,70154,0
2026-08-03 06:05:00+00:00,184740.47,185486.528,184557.103,185276.787,150,70154,0
2026-08-03 06:10:00+00:00,185352.049,185546.038,184995.135,185054.45,150,70154,0
2026-08-03 06:15:00+00:00,185039.854,185716.53,184957.446,185447.896,150,70154,0
2026-08-03 06:20:00+00:00,185450.952,185786.719,185381.428,185754.353,150,70154,0
2026-08-03 06:25:00+00:00,185752.153,185831.726,185049.1,185300.304,150,70154,0
2026-08-03 06:30:00+00:00,185187.904,185187.904,184418.609,184603.157,150,70154,0
2026-08-03 06:35:00+00:00,184621.233,184964.162,184464.875,184963.667,150,70154,0
2026-08-03 06:40:00+00:00,184899.386,184926.744,183804.819,184007.173,150,70154,0
2026-08-03 06:45:00+00:00,183999.291,184002.591,183227.828,183468.902,150,70154,0
2026-08-03 06:50:00+00:00,183466.069,183718.589,183123.213,183244.357,150,70154,0
2026-08-03 06:55:00+00:00,183249.674,183905.995,183104.9,183774.111,150,70154,0
2026-08-03 07:00:00+00:00,183734.314,184315.961,183384.558,184283.256,150,70154,0
2026-08-03 07:05:00+00:00,184353.891,184959.159,184251.912,184662.384,150,70154,0
2026-08-03 07:10:00+00:00,184728.746,184857.468,183704.026,183909.053,150,70154,0
2026-08-03 07:15:00+00:00,183998.945,184423.617,183576.529,183874.042,150,70154,0
2026-08-03 07:20:00+00:00,183810.628,184143.059,183592.466,183594.501,150,70154,0
2026-08-03 07:25:00+00:00,183538.178,184166.696,183313.62,183837.494,150,70154,0
2026-08-03 07:30:00+00:00,183849.022,184501.922,183819.213,184501.922,150,70154,0
2026-08-03 07:35:00+00:00,184557.483,186039.597,184557.483,186039.597,150,70154,0
2026-08-03 07:40:00+00:00,185972.803,186806.38,185837.23,186728.239,150,70154,0
2026-08-03 07:45:00+00:00,186655.069,186720.883,186171.24,186242.6,150,70154,0
2026-08-03 07:50:00+00:00,186159.657,186159.657,185161.895,185706.783,150,70154,0
2026-08-03 07:55:00+00:00,185692.443,186353.629,185589.08,186300.305,150,70154,0
2026-08-03 08:00:00+00:00,186304.749,187067.69,186074.094,186765.906,150,70154,0
2026-08-03 08:05:00+00:00,186751.603,186751.603,185870.611,185947.036,150,70154,0
2026-08-03 08:10:00+00:00,185892.511,186442.477,185836.013,185957.425,150,70154,0
2026-08-03 08:15:00+00:00,185912.962,186788.795,185847.932,186788.795,150,70154,0
2026-08-03 08:20:00+00:00,186762.628,187274.546,186702.441,187117.345,150,70154,0
2026-08-03 08:25:00+00:00,187159.569,188722.95,187122.1,188705.794,150,70154,0
2026-08-03 08:30:00+00:00,188693.488,188740.007,187683.862,187763.557,150,70154,0
2026-08-03 08:35:00+00:00,187760.269,187815.356,187174.533,187174.533,150,70154,0
2026-08-03 08:40:00+00:00,187227.316,187423.319,186296.43,186363.524,150,70154,0
2026-08-03 08:45:00+00:00,186354.388,187702.459,186312.285,187428.498,150,70154,0
2026-08-03 08:50:00+00:00,187430.494,187862.32,187068.773,187198.862,150,70154,0
2026-08-03 08:55:00+00:00,187221.195,187423.058,187028.804,187391.532,150,70154,0
2026-08-03 09:00:00+00:00,187403.0,187828.219,187051.659,187805.02,150,70154,0
2026-08-03 09:05:00+00:00,187810.294,187883.048,187272.767,187548.941,150,70154,0
2026-08-03 09:10:00+00:00,187525.382,187684.683,186753.264,186828.83,150,70154,0
2026-08-03 09:15:00+00:00,186795.408,188124.951,186788.843,188064.926,150,70154,0
2026-08-03 09:20:00+00:00,188029.613,188043.577,187554.38,187857.565,150,70154,0
2026-08-03 09:25:00+00:00,187804.931,188337.262,187774.861,188114.813,150,70154,0
2026-08-03 09:30:00+00:00,188131.458,188344.792,187956.264,188176.184,150,70154,0
2026-08-03 09:35:00+00:00,188223.273,188886.329,188223.273,188814.567,150,70154,0
2026-08-03 09:40:00+00:00,188830.759,188941.871,187798.263,187819.54,150,70154,0
2026-08-03 09:45:00+00:00,187775.113,187926.89,187204.345,187383.982,150,70154,0
2026-08-03 09:50:00+00:00,187371.477,187681.651,186933.519,187208.918,150,70154,0
2026-08-03 09:55:00+00:00,187219.234,187297.872,186451.39,186614.763,150,70154,0
2026-08-03 10:00:00+00:00,186620.379,186677.156,186001.174,186391.292,150,70154,0
2026-08-03 10:05:00+00:00,186431.473,186725.31,185314.065,185354.687,150,70154,0
2026-08-03 10:10:00+00:00,185367.648,185721.383,184910.491,185412.058,150,70154,0
2026-08-03 10:15:00+00:00,185296.276,186032.287,185296.276,185963.844,150,70154,0
2026-08-03 10:20:00+00:00,185863.33,186831.509,185647.686,186796.729,150,70154,0
2026-08-03 10:25:00+00:00,186797.722,187759.615,186663.638,187676.885,150,70154,0
2026-08-03 10:30:00+00:00,187691.267,188804.955,187579.016,188804.955,150,70154,0
2026-08-03 10:35:00+00:00,188817.978,188904.978,188500.223,188904.978,150,70154,0
2026-08-03 10:40:00+00:00,188918.111,189538.96,188875.733,188875.733,150,70154,0
2026-08-03 10:45:00+00:00,188834.845,189188.212,188632.191,189026.154,150,70154,0
2026-08-03 10:50:00+00:00,189012.339,189110.763,187969.102,188362.077,150,70154,0
2026-08-03 10:55:00+00:00,188360.536,188544.94,187824.267,188343.661,150,70154,0
2026-08-03 11:00:00+00:00,188261.131,188515.847,187799.562,187880.065,150,70154,0
2026-08-03 11:05:00+00:00,187881.24,188565.77,187872.779,188238.76,150,70154,0
2026-08-03 11:10:00+00:00,188214.027,188354.077,187646.504,188063.416,150,70154,0
2026-08-03 11:15:00+00:00,188053.035,188113.79,187436.981,188058.184,150,70154,0
2026-08-03 11:20:00+00:00,188041.175,188509.914,187945.09,188255.391,150,70154,0
2026-08-03 11:25:00+00:00,188270.325,188419.81,187656.591,187765.484,150,70154,0
2026-08-03 11:30:00+00:00,187795.824,188469.411,187795.824,188207.016,150,70154,0
2026-08-03 11:35:00+00:00,188194.607,188263.62,187809.893,187994.742,150,70154,0
2026-08-03 11:40:00+00:00,188028.259,188168.311,187701.084,187935.555,150,70154,0
2026-08-03 11:45:00+00:00,187886.543,188076.897,187487.697,187697.259,150,70154,0
2026-08-03 11:50:00+00:00,187681.252,188165.781,187603.684,187859.02,150,70154,0
2026-08-03 11:55:00+00:00,187896.403,188868.691,187896.403,188800.701,150,70154,0
2026-08-03 12:00:00+00:00,188833.589,189165.269,188439.227,188993.699,150,70154,0
2026-08-03 12:05:00+00:00,189078.118,189651.762,188998.412,189451.485,150,70154,0
2026-08-03 12:10:00+00:00,189362.421,189521.531,188806.104,189029.341,150,70154,0
2026-08-03 12:15:00+00:00,189019.344,189645.621,188873.43,189274.885,150,70154,0
2026-08-03 12:20:00+00:00,189368.085,189830.301,189294.723,189650.164,150,70154,0
2026-08-03 12:25:00+00:00,189626.243,189732.949,188950.429,189371.882,150,70154,0
2026-08-03 12:30:00+00:00,189360.834,189740.701,189142.429,189257.647,150,70154,0
2026-08-03 12:35:00+00:00,189278.481,189384.065,188537.69,188900.926,150,70154,0
2026-08-03 12:40:00+00:00,188922.171,189513.805,188918.76,189491.492,150,70154,0
2026-08-03 12:45:00+00:00,189434.191,189438.936,188824.662,189174.619,150,70154,0
2026-08-03 12:50:00+00:00,189103.782,189224.977,188585.119,189052.452,150,70154,0
2026-08-03 12:55:00+00:00,189066.198,189902.764,189066.198,189203.922,150,70154,0
2026-08-03 13:00:00+00:00,189158.047,189445.509,188983.418,189404.253,150,70154,0
2026-08-03 13:05:00+00:00,189451.799,189546.35,188676.514,189337.983,150,70154,0
2026-08-03 13:10:00+00:00,189367.971,189660.24,188918.282,188918.282,150,70154,0
2026-08-03 13:15:00+00:00,188915.6,189165.602,188550.665,188801.919,150,70154,0
2026-08-03 13:20:00+00:00,188802.81,188840.152,187732.579,187733.569,150,70154,0
2026-08-03 13:25:00+00:00,187703.686,187710.876,186560.498,186882.413,150,70154,0
2026-08-03 13:30:00+00:00,186856.768,187308.038,186709.745,187308.038,150,70154,0
2026-08-03 13:35:00+00:00,187345.887,187472.117,187037.607,187400.627,150,70154,0
2026-08-03 13:40:00+00:00,187461.701,187504.096,186454.064,186781.225,150,70154,0
2026-08-03 13:45:00+00:00,186743.942,187348.664,186563.693,186570.474,150,70154,0
2026-08-03 13:50:00+00:00,186477.009,186825.247,186262.562,186739.632,150,70154,0
2026-08-03 13:55:00+00:00,186702.133,186702.133,185929.119,185929.119,150,70154,0
2026-08-03 14:00:00+00:00,185967.018,186859.766,185967.018,186464.531,150,70154,0
2026-08-03 14:05:00+00:00,186467.74,186532.872,185834.063,185888.085,150,70154,0
2026-08-03 14:10:00+00:00,185831.936,186140.005,185523.89,185579.968,150,70154,0
2026-08-03 14:15:00+00:00,185638.375,186105.137,185297.221,185297.221,150,70154,0
2026-08-03 14:20:00+00:00,185262.335,185280.798,184773.403,185217.149,150,70154,0
2026-08-03 14:25:00+00:00,185233.031,186569.388,185233.031,186537.349,150,70154,0
2026-08-03 14:30:00+00:00,186657.734,187245.506,186643.828,187201.972,150,70154,0
2026-08-03 14:35:00+00:00,187165.099,187318.159,186541.399,186710.986,150,70154,0
2026-08-03 14:40:00+00:00,186737.107,186875.606,185855.626,185855.626,150,70154,0
2026-08-03 14:45:00+00:00,185905.957,186479.065,185833.925,186357.625,150,70154,0
2026-08-03 14:50:00+00:00,186361.051,186806.882,186045.639,186806.882,150,70154,0
2026-08-03 14:55:00+00:00,186795.078,187221.268,186636.332,186653.002,150,70154,0
2026-08-03 15:00:00+00:00,186629.259,186912.571,186389.625,186389.625,150,70154,0
2026-08-03 15:05:00+00:00,186382.99,187091.067,186134.763,187012.776,150,70154,0
2026-08-03 15:10:00+00:00,187060.146,187283.826,186650.802,187218.095,150,70154,0
2026-08-03 15:15:00+00:00,187177.371,187231.915,186584.622,186585.677,150,70154,0
2026-08-03 15:20:00+00:00,186497.188,186655.349,185890.182,186174.169,150,70154,0
2026-08-03 15:25:00+00:00,186172.844,186212.799,185823.415,186018.836,150,70154,0
2026-08-03 15:30:00+00:00,186063.549,186656.324,186019.288,186451.548,150,70154,0
2026-08-03 15:35:00+00:00,186420.031,187144.584,186350.899,186891.981,150,70154,0
2026-08-03 15:40:00+00:00,186898.502,188296.154,186834.042,188226.72,150,70154,0
2026-08-03 15:45:00+00:00,188218.134,188701.321,187946.564,188605.733,150,70154,0
2026-08-03 15:50:00+00:00,188600.533,188688.885,188058.993,188290.632,150,70154,0
2026-08-03 15:55:00+00:00,188340.617,188483.524,187737.293,187901.064,150,70154,0
2026-08-03 16:00:00+00:00,187848.863,188683.088,187848.863,188525.844,150,70154,0
2026-08-03 16:05:00+00:00,188496.212,188782.684,187948.553,188687.092,150,70154,0
2026-08-03 16:10:00+00:00,188670.042,189070.961,188665.181,188942.285,150,70154,0
2026-08-03 16:15:00+00:00,188900.755,189040.848,188195.998,188447.611,150,70154,0
2026-08-03 16:20:00+00:00,188329.77,188591.038,187961.704,188295.993,150,70154,0
2026-08-03 16:25:00+00:00,188293.67,188367.357,187392.089,187392.089,150,70154,0
2026-08-03 16:30:00+00:00,187298.438,187298.438,186104.126,186296.13,150,70154,0
2026-08-03 16:35:00+00:00,186327.389,186593.208,185759.139,186526.108,150,70154,0
2026-08-03 16:40:00+00:00,186545.103,187360.542,186437.495,187267.491,150,70154,0
2026-08-03 16:45:00+00:00,187298.926,187493.342,186905.77,187294.021,150,70154,0
2026-08-03 16:50:00+00:00,187306.207,187785.144,187096.164,187096.164,150,70154,0
2026-08-03 16:55:00+00:00,187151.325,187806.139,187076.647,187531.764,150,70154,0
2026-08-03 17:00:00+00:00,187441.284,187609.49,186760.333,186926.765,150,70154,0
2026-08-03 17:05:00+00:00,186847.767,187514.833,186791.168,187446.808,150,70154,0
2026-08-03 17:10:00+00:00,187361.807,187628.482,187191.255,187433.32,150,70154,0
2026-08-03 17:15:00+00:00,187452.117,187728.041,187329.544,187617.335,150,70154,0
2026-08-03 17:20:00+00:00,187652.619,187952.085,187250.553,187770.753,150,70154,0
2026-08-03 17:25:00+00:00,187846.439,188047.935,187564.798,187989.656,150,70154,0
2026-08-03 17:30:00+00:00,188047.236,188047.236,187399.916,187820.182,150,70154,0
2026-08-03 17:35:00+00:00,187832.696,188183.314,187621.024,187787.682,150,70154,0
2026-08-03 17:40:00+00:00,187742.56,188815.246,187674.72,188815.246,150,70154,0
2026-08-03 17:45:00+00:00,188794.635,190019.933,188644.497,189966.502,150,70154,0
2026-08-03 17:50:00+00:00,189879.759,190647.775,189629.347,190275.469,150,70154,0
2026-08-03 17:55:00+00:00,190243.928,190688.778,190234.457,190387.815,150,70154,0
2026-08-03 18:00:00+00:00,190401.919,190409.081,189600.351,189711.966,150,70154,0
2026-08-03 18:05:00+00:00,189759.104,190108.031,189441.511,189985.194,150,70154,0
2026-08-03 18:10:00+00:00,189976.677,190548.32,189581.099,189751.481,150,70154,0
2026-08-03 18:15:00+00:00,189645.756,190306.108,189587.451,189619.592,150,70154,0
2026-08-03 18:20:00+00:00,189582.507,189646.494,189181.841,189309.967,150,70154,0
2026-08-03 18:25:00+00:00,189323.655,189492.849,188541.265,188656.655,150,70154,0
2026-08-03 18:30:00+00:00,188558.192,188730.581,188299.264,188622.11,150,70154,0
2026-08-03 18:35:00+00:00,188653.497,189042.649,188427.649,188958.048,150,70154,0
2026-08-03 18:40:00+00:00,188960.166,189112.269,188553.471,188553.471,150,70154,0
2026-08-03 18:45:00+00:00,188494.305,188565.188,187794.468,188303.312,150,70154,0
2026-08-03 18:50:00+00:00,188296.989,188640.83,188218.791,188339.466,150,70154,0
2026-08-03 18:55:00+00:00,188369.835,188369.835,187766.717,187916.284,150,70154,0
2026-08-03 19:00:00+00:00,187940.741,188815.027,187907.266,188807.896,150,70154,0
2026-08-03 19:05:00+00:00,188847.532,188982.567,188444.308,188847.328,150,70154,0
2026-08-03 19:10:00+00:00,188786.347,188960.355,188091.302,188168.116,150,70154,0
2026-08-03 19:15:00+00:00,188108.652,188586.595,188009.761,188197.061,150,70154,0
2026-08-03 19:20:00+00:00,188187.332,188518.244,187732.988,188454.737,150,70154,0
2026-08-03 19:25:00+00:00,188460.376,188591.221,188042.081,188381.041,150,70154,0
2026-08-03 19:30:00+00:00,188291.365,188518.764,187797.917,188048.436,150,70154,0
2026-08-03 19:35:00+00:00,188045.624,188058.453,187483.415,187821.464,150,70154,0
2026-08-03 19:40:00+00:00,187813.858,187973.871,187001.823,187001.823,150,70154,0
2026-08-03 19:45:00+00:00,187035.935,187346.705,186723.061,186858.518,150,70154,0
2026-08-03 19:50:00+00:00,186826.529,187875.735,186684.953,187875.735,150,70154,0
2026-08-03 19:55:00+00:00,187844.035,187929.957,186606.159,186606.159,150,70154,0
2026-08-03 20:00:00+00:00,186604.14,186957.589,186474.101,186767.871,150,70154,0
2026-08-03 20:05:00+00:00,186716.931,187575.205,186678.917,187509.669,150,70154,0
2026-08-03 20:10:00+00:00,187472.827,188240.657,187402.207,188234.369,150,70154,0
2026-08-03 20:15:00+00:00,188237.307,188448.754,187859.82,188094.01,150,70154,0
2026-08-03 20:20:00+00:00,188055.471,189024.227,188055.471,189013.003,150,70154,0
2026-08-03 20:25:00+00:00,189049.467,189471.944,188575.747,189130.712,150,70154,0
2026-08-03 20:30:00+00:00,189061.658,190688.22,188971.221,190589.616,150,70154,0
2026-08-03 20:35:00+00:00,190515.376,191063.801,190508.476,190813.186,150,70154,0
2026-08-03 20:40:00+00:00,190852.825,190852.825,189962.394,189990.541,150,70154,0
2026-08-03 20:45:00+00:00,189960.637,190836.518,189640.896,190436.34,150,70154,0
2026-08-03 20:50:00+00:00,190439.835,190641.072,189819.068,189918.71,150,70154,0
2026-08-03 20:55:00+00:00,189824.484,190068.224,189480.937,189892.281,150,70154,0
2026-08-03 21:00:00+00:00,189952.307,190158.834,189557.882,189805.191,150,70154,0
2026-08-03 21:05:00+00:00,189791.349,190302.408,189606.674,190088.425,150,70154,0
2026-08-03 21:10:00+00:00,189983.661,190759.174,189983.661,190706.892,150,70154,0
2026-08-03 21:15:00+00:00,190764.684,190960.486,190413.285,190484.54,150,70154,0
2026-08-03 21:20:00+00:00,190540.5,190592.766,189531.219,189612.427,150,70154,0
2026-08-03 21:25:00+00:00,189603.82,189696.981,189064.764,189227.962,150,70154,0
2026-08-03 21:30:00+00:00,189212.517,189507.836,188806.624,188806.624,150,70154,0
2026-08-03 21:35:00+00:00,188726.498,189007.715,188485.901,188526.008,150,70154,0
2026-08-03 21:40:00+00:00,188481.109,189064.089,188463.035,188560.803,150,70154,0
2026-08-03 21:45:00+00:00,188623.657,189123.24,188033.023,189105.318,150,70154,0
2026-08-03 21:50:00+00:00,189123.085,189479.928,188663.193,189253.89,150,70154,0
2026-08-03 21:55:00+00:00,189267.967,189313.078,188814.084,188858.7,150,70154,0
2026-08-03 22:00:00+00:00,188918.852,189751.81,188852.043,189446.328,150,70154,0
2026-08-03 22:05:00+00:00,189493.543,189730.325,188733.824,189072.728,150,70154,0
2026-08-03 22:10:00+00:00,189050.968,189369.107,188577.724,189369.107,150,70154,0
2026-08-03 22:15:00+00:00,189352.876,189466.993,188466.071,189095.819,150,70154,0
2026-08-03 22:20:00+00:00,189124.496,189601.017,188988.653,189503.757,150,70154,0
2026-08-03 22:25:00+00:00,189499.366,189820.682,188529.089,188687.572,150,70154,0
2026-08-03 22:30:00+00:00,188607.098,188910.406,188049.879,188616.325,150,70154,0
2026-08-03 22:35:00+00:00,188592.773,188676.794,187985.436,188172.213,150,70154,0
2026-08-03 22:40:00+00:00,188221.068,188281.922,187049.5,187366.614,150,70154,0
2026-08-03 22:45:00+00:00,187439.267,188395.203,187240.541,188347.97,150,70154,0
2026-08-03 22:50:00+00:00,188316.41,188744.821,187397.613,187855.964,150,70154,0
2026-08-03 22:55:00+00:00,187927.65,188558.101,187824.343,188268.892,150,70154,0
2026-08-03 23:00:00+00:00,188155.129,189239.478,188037.929,189239.478,150,70154,0
2026-08-03 23:05:00+00:00,189224.101,189346.082,188489.15,188492.527,150,70154,0
2026-08-03 23:10:00+00:00,188533.814,188533.814,187898.095,188211.676,150,70154,0
2026-08-03 23:15:00+00:00,188201.237,188203.854,187109.971,187670.532,150,70154,0
2026-08-03 23:20:00+00:00,187708.054,188292.047,187561.251,187997.906,150,70154,0
2026-08-03 23:25:00+00:00,188031.771,188934.742,188017.991,188637.193,150,70154,0
2026-08-03 23:30:00+00:00,188634.692,189774.517,188610.424,189655.561,150,70154,0
2026-08-03 23:35:00+00:00,189640.915,189853.321,188806.458,188914.098,150,70154,0
2026-08-03 23:40:00+00:00,188990.229,189051.832,188427.938,188622.773,150,70154,0
2026-08-03 23:45:00+00:00,188598.881,189474.761,188467.097,188887.354,150,70154,0
2026-08-03 23:50:00+00:00,188844.81,189357.389,188718.503,188732.096,150,70154,0
2026-08-03 23:55:00+00:00,188729.557,189318.83,188393.501,189211.989,150,70154,0
2026-08-04 00:00:00+00:00,189160.507,189755.23,188884.031,189388.891,150,70154,0
2026-08-04 00:05:00+00:00,189383.034,189682.285,189127.354,189560.515,150,70154,0
2026-08-04 00:10:00+00:00,189602.223,189657.887,188383.945,188508.921,150,70154,0
2026-08-04 00:15:00+00:00,188535.673,188760.333,188164.425,188210.531,150,70154,0
2026-08-04 00:20:00+00:00,188207.381,188300.05,187667.572,187823.473,150,70154,0
2026-08-04 00:25:00+00:00,187751.275,188864.401,187738.426,188834.886,150,70154,0
2026-08-04 00:30:00+00:00,188818.204,188836.068,188141.157,188515.318,150,70154,0
2026-08-04 00:35:00+00:00,188541.781,188743.824,187763.826,187763.826,150,70154,0
2026-08-04 00:40:00+00:00,187792.248,187805.108,187231.337,187350.472,150,70154,0
2026-08-04 00:45:00+00:00,187410.934,188166.875,187382.82,187661.043,150,70154,0
2026-08-04 00:50:00+00:00,187709.6,188467.793,187547.42,188467.793,150,70154,0
2026-08-04 00:55:00+00:00,188536.269,189073.717,188214.313,188341.925,150,70154,0
2026-08-04 01:00:00+00:00,188387.558,188823.176,188211.631,188776.706,150,70154,0
2026-08-04 01:05:00+00:00,188728.908,189309.889,188543.606,189302.841,150,70154,0
2026-08-04 01:10:00+00:00,189288.679,190834.756,189256.844,190810.275,150,70154,0
2026-08-04 01:15:00+00:00,190806.2,192003.132,190508.061,191745.175,150,70154,0
2026-08-04 01:20:00+00:00,191730.665,192508.369,191730.665,192084.056,150,70154,0
2026-08-04 01:25:00+00:00,192030.779,192222.109,191596.351,191633.51,150,70154,0
2026-08-04 01:30:00+00:00,191681.358,191722.949,191106.075,191405.905,150,70154,0
2026-08-04 01:35:00+00:00,191501.402,192412.313,191220.157,192368.098,150,70154,0
2026-08-04 01:40:00+00:00,192401.358,192970.741,192149.097,192776.293,150,70154,0
2026-08-04 01:45:00+00:00,192769.762,193013.524,192218.126,192261.232,150,70154,0
2026-08-04 01:50:00+00:00,192250.401,192302.187,190590.995,190659.484,150,70154,0
2026-08-04 01:55:00+00:00,190631.761,191050.138,190361.917,191000.161,150,70154,0
2026-08-04 02:00:00+00:00,190977.98,191321.067,190816.795,191124.219,150,70154,0
2026-08-04 02:05:00+00:00,191188.203,191691.385,190841.839,191090.177,150,70154,0
2026-08-04 02:10:00+00:00,191100.217,191406.428,191008.277,191063.939,150,70154,0
2026-08-04 02:15:00+00:00,191125.503,191322.608,190619.214,191188.183,150,70154,0
2026-08-04 02:20:00+00:00,191185.932,191439.066,190415.181,190415.181,150,70154,0
2026-08-04 02:25:00+00:00,190473.014,191025.5,190417.369,190741.045,150,70154,0
2026-08-04 02:30:00+00:00,190813.535,191155.429,190468.592,190488.605,150,70154,0
2026-08-04 02:35:00+00:00,190537.88,190537.88,189879.841,189892.973,150,70154,0
2026-08-04 02:40:00+00:00,189893.937,190102.306,189395.843,189429.766,150,70154,0
2026-08-04 02:45:00+00:00,189458.851,189709.935,188344.994,188953.179,150,70154,0
2026-08-04 02:50:00+00:00,189020.912,189370.062,188779.114,188779.114,150,70154,0
2026-08-04 02:55:00+00:00,188735.547,188829.464,188119.564,188392.964,150,70154,0
2026-08-04 03:00:00+00:00,188430.311,189194.58,188430.311,189054.927,150,70154,0
2026-08-04 03:05:00+00:00,189083.968,189556.801,188769.001,189532.4,150,70154,0
2026-08-04 03:10:00+00:00,189489.881,189650.351,188750.562,188805.054,150,70154,0
2026-08-04 03:15:00+00:00,188759.439,189021.048,188151.255,188876.441,150,70154,0
2026-08-04 03:20:00+00:00,188849.916,189552.089,188722.452,189347.635,150,70154,0
2026-08-04 03:25:00+00:00,189357.124,190217.955,189295.094,189876.877,150,70154,0
2026-08-04 03:30:00+00:00,189884.565,190190.746,189460.379,189786.159,150,70154,0
2026-08-04 03:35:00+00:00,189775.01,190518.448,189443.533,190418.299,150,70154,0
2026-08-04 03:40:00+00:00,190392.436,190529.185,189241.557,189277.654,150,70154,0
2026-08-04 03:45:00+00:00,189287.372,189633.016,189196.567,189517.22,150,70154,0
2026-08-04 03:50:00+00:00,189522.978,189694.872,188851.311,188902.86,150,70154,0
2026-08-04 03:55:00+00:00,188989.582,189156.616,188293.589,188315.03,150,70154,0
2026-08-04 04:00:00+00:00,188325.426,188624.423,188063.438,188563.67,150,70154,0
2026-08-04 04:05:00+00:00,188581.677,188581.677,187725.838,187871.625,150,70154,0
2026-08-04 04:10:00+00:00,187928.941,187983.745,186773.429,187066.445,150,70154,0
2026-08-04 04:15:00+00:00,187144.08,188016.44,187144.08,187841.59,150,70154,0
2026-08-04 04:20:00+00:00,187794.915,188272.565,187671.62,188272.565,150,70154,0
2026-08-04 04:25:00+00:00,188211.077,189095.767,188154.247,188540.597,150,70154,0
2026-08-04 04:30:00+00:00,188562.051,188699.278,188036.616,188337.99,150,70154,0
2026-08-04 04:35:00+00:00,188336.95,188734.37,188140.747,188321.054,150,70154,0
2026-08-04 04:40:00+00:00,188335.934,188926.426,188130.162,188803.298,150,70154,0
2026-08-04 04:45:00+00:00,188801.571,188801.571,188179.455,188376.668,150,70154,0
2026-08-04 04:50:00+00:00,188372.929,188532.25,187712.633,188242.551,150,70154,0
2026-08-04 04:55:00+00:00,188141.98,188333.51,187618.224,187711.588,150,70154,0
2026-08-04 05:00:00+00:00,187641.537,188147.747,187374.356,188057.657,150,70154,0
2026-08-04 05:05:00+00:00,188108.487,188108.487,186725.776,186800.673,150,70154,0
2026-08-04 05:10:00+00:00,186867.802,187258.373,186692.802,186880.82,150,70154,0
2026-08-04 05:15:00+00:00,186917.228,187144.133,186319.936,186562.47,150,70154,0
2026-08-04 05:20:00+00:00,186495.069,186564.34,185496.822,185496.822,150,70154,0
2026-08-04 05:25:00+00:00,185464.572,185754.186,185089.767,185169.362,150,70154,0
2026-08-04 05:30:00+00:00,185214.555,186079.179,185154.354,185705.845,150,70154,0
2026-08-04 05:35:00+00:00,185701.643,186364.579,185490.729,186330.695,150,70154,0
2026-08-04 05:40:00+00:00,186353.794,186641.222,186005.673,186641.222,150,70154,0
2026-08-04 05:45:00+00:00,186529.539,186705.343,186122.147,186478.002,150,70154,0
2026-08-04 05:50:00+00:00,186447.423,186597.592,185883.662,185986.779,150,70154,0
2026-08-04 05:55:00+00:00,186035.629,186072.077,184943.29,185078.098,150,70154,0
2026-08-04 06:00:00+00:00,185012.915,185767.691,184879.436,185767.691,150,70154,0
2026-08-04 06:05:00+00:00,185752.369,185917.226,185349.356,185917.226,150,70154,0
2026-08-04 06:10:00+00:00,185836.521,186443.084,185686.78,186134.332,150,70154,0
2026-08-04 06:15:00+00:00,186199.563,186583.391,185978.849,186369.474,150,70154,0
2026-08-04 06:20:00+00:00,186365.741,186714.312,186303.368,186608.435,150,70154,0
2026-08-04 06:25:00+00:00,186584.339,187498.839,186254.75,187498.839,150,70154,0
2026-08-04 06:30:00+00:00,187532.107,188082.817,187494.014,187892.542,150,70154,0
2026-08-04 06:35:00+00:00,187837.152,188489.087,187707.923,188489.087,150,70154,0
2026-08-04 06:40:00+00:00,188469.0,188781.637,188192.966,188257.974,150,70154,0
2026-08-04 06:45:00+00:00,188255.75,188353.842,186961.412,186961.412,150,70154,0
2026-08-04 06:50:00+00:00,186961.351,187366.151,186433.601,186903.903,150,70154,0
2026-08-04 06:55:00+00:00,186864.236,186864.236,186136.706,186464.374,150,70154,0
2026-08-04 07:00:00+00:00,186415.853,187309.422,186369.993,187168.476,150,70154,0
2026-08-04 07:05:00+00:00,187138.787,187303.858,186779.612,186866.268,150,70154,0
2026-08-04 07:10:00+00:00,186929.778,188258.908,186898.63,187921.673,150,70154,0
2026-08-04 07:15:00+00:00,187867.837,187976.241,187488.251,187976.241,150,70154,0
2026-08-04 07:20:00+00:00,187936.004,187936.004,187068.076,187376.174,150,70154,0
2026-08-04 07:25:00+00:00,187371.043,187445.947,186266.442,186266.442,150,70154,0
2026-08-04 07:30:00+00:00,186226.795,186673.522,185947.195,186380.832,150,70154,0
2026-08-04 07:35:00+00:00,186421.758,186624.437,185925.65,186509.949,150,70154,0
2026-08-04 07:40:00+00:00,186517.132,186557.974,186103.954,186251.932,150,70154,0
2026-08-04 07:45:00+00:00,186226.324,186475.964,186008.951,186245.768,150,70154,0
2026-08-04 07:50:00+00:00,186283.695,186871.831,185980.25,186871.831,150,70154,0
2026-08-04 07:55:00+00:00,186910.495,187039.294,186299.69,186795.349,150,70154,0
2026-08-04 08:00:00+00:00,186784.192,186819.682,186016.072,186085.642,150,70154,0
2026-08-04 08:05:00+00:00,186096.41,186124.782,185150.613,185721.0,150,70154,0
2026-08-04 08:10:00+00:00,185736.703,185736.703,184870.282,184870.282,150,70154,0
2026-08-04 08:15:00+00:00,184851.847,185498.385,184851.847,185454.659,150,70154,0
2026-08-04 08:20:00+00:00,185455.978,185524.306,184946.654,185404.465,150,70154,0
2026-08-04 08:25:00+00:00,185437.109,185848.771,185094.167,185468.865,150,70154,0
2026-08-04 08:30:00+00:00,185419.497,185534.183,184964.751,185474.186,150,70154,0
2026-08-04 08:35:00+00:00,185539.687,185561.463,184645.086,185137.725,150,65316,0
2026-08-04 08:40:00+00:00,185175.323,185474.547,184780.407,185165.486,150,65316,0
2026-08-04 08:45:00+00:00,185232.295,185414.066,184566.629,184846.473,150,65316,0
2026-08-04 08:50:00+00:00,184828.805,185042.148,184416.207,184531.066,150,65316,0
2026-08-04 08:55:00+00:00,184514.086,186000.794,184426.825,185786.031,150,65316,0
2026-08-04 09:00:00+00:00,185763.692,186694.802,185682.08,186574.284,150,65316,0
2026-08-04 09:05:00+00:00,186468.455,186836.221,186384.331,186637.844,150,65316,0
2026-08-04 09:10:00+00:00,186640.736,187172.009,186516.434,187120.576,150,65316,0
2026-08-04 09:15:00+00:00,187113.721,187387.08,186871.328,187284.054,150,65316,0
2026-08-04 09:20:00+00:00,187222.474,187430.075,186575.853,186892.818,150,65316,0
2026-08-04 09:25:00+00:00,186929.675,187712.947,186871.328,186933.466,150,65316,0
2026-08-04 09:30:00+00:00,186868.109,187356.724,186676.255,186679.379,150,65316,0
2026-08-04 09:35:00+00:00,186662.422,187171.65,186616.29,187061.09,150,65316,0
2026-08-04 09:40:00+00:00,187052.771,187375.206,186234.79,186389.77,150,65316,0
2026-08-04 09:45:00+00:00,186417.729,186942.855,186162.43,186162.43,150,65316,0
2026-08-04 09:50:00+00:00,186136.996,186477.55,185710.0,186196.973,150,65316,0
2026-08-04 09:55:00+00:00,186224.387,186246.841,185898.905,186048.898,150,65316,0
2026-08-04 10:00:00+00:00,185989.171,186021.235,184545.246,184726.285,150,65316,0
2026-08-04 10:05:00+00:00,184711.325,185489.519,184631.478,185170.273,150,65316,0
2026-08-04 10:10:00+00:00,185171.407,185429.495,184793.975,185354.594,150,65316,0
2026-08-04 10:15:00+00:00,185428.044,185900.632,185222.701,185723.425,150,65316,0
2026-08-04 10:20:00+00:00,185688.857,186048.687,185658.252,185971.997,150,65316,0
2026-08-04 10:25:00+00:00,185958.145,186470.709,185811.933,186216.767,150,65316,0
2026-08-04 10:30:00+00:00,186263.603,186719.734,185731.72,185781.899,150,65316,0
2026-08-04 10:35:00+00:00,185826.195,186118.817,185263.327,185322.563,150,65316,0
2026-08-04 10:40:00+00:00,185336.269,185437.094,184335.725,184677.23,150,65316,0
2026-08-04 10:45:00+00:00,184634.07,184842.626,184316.78,184624.276,150,65316,0
2026-08-04 10:50:00+00:00,184573.169,184804.824,183945.088,184133.752,150,65316,0
2026-08-04 10:55:00+00:00,184133.101,184892.339,184071.304,184505.61,150,65316,0
2026-08-04 11:00:00+00:00,184494.527,184674.347,184065.13,184406.987,150,65316,0
2026-08-04 11:05:00+00:00,184418.432,184499.482,183964.241,183991.793,150,65316,0
2026-08-04 11:10:00+00:00,183998.547,184429.895,183807.565,184270.865,150,65316,0
2026-08-04 11:15:00+00:00,184270.821,184463.597,183933.399,183980.771,150,65316,0
2026-08-04 11:20:00+00:00,183993.995,184506.091,183936.675,184317.306,150,65316,0
2026-08-04 11:25:00+00:00,184285.971,184567.673,183785.82,184567.673,150,65316,0
2026-08-04 11:30:00+00:00,184532.017,184739.941,184183.444,184638.627,150,65316,0
2026-08-04 11:35:00+00:00,184592.847,185443.458,184480.122,184891.769,150,65316,0
2026-08-04 11:40:00+00:00,184948.642,185151.577,184268.723,184345.616,150,65316,0
2026-08-04 11:45:00+00:00,184293.693,184464.874,183968.178,184094.337,150,65316,0
2026-08-04 11:50:00+00:00,184047.478,185011.181,183872.11,184952.591,150,65316,0
2026-08-04 11:55:00+00:00,184893.174,185688.103,184603.609,185472.396,150,65316,0
2026-08-04 12:00:00+00:00,185421.383,185662.384,184941.012,184984.466,150,65316,0
2026-08-04 12:05:00+00:00,185011.477,185853.644,184752.392,185776.211,150,65316,0
2026-08-04 12:10:00+00:00,185796.652,186021.885,185297.717,185943.637,150,65316,0
2026-08-04 12:15:00+00:00,185990.956,186390.75,185720.568,186336.03,150,65316,0
2026-08-04 12:20:00+00:00,186334.379,186468.432,185627.744,185772.431,150,65316,0
2026-08-04 12:25:00+00:00,185777.295,186636.451,185777.295,186575.7,150,65316,0
2026-08-04 12:30:00+00:00,186560.03,187255.737,186347.048,186366.233,150,65316,0
2026-08-04 12:35:00+00:00,186352.798,187175.463,186236.977,187175.463,150,65316,0
2026-08-04 12:40:00+00:00,187148.944,187901.231,186601.68,186886.395,150,65316,0
2026-08-04 12:45:00+00:00,186850.986,187409.475,186508.881,186615.163,150,65316,0
2026-08-04 12:50:00+00:00,186671.466,186685.45,186163.76,186195.524,150,65316,0
2026-08-04 12:55:00+00:00,186182.754,186392.19,185642.536,185642.536,150,65316,0
2026-08-04 13:00:00+00:00,185626.481,186208.006,185379.429,185556.679,150,65316,0
2026-08-04 13:05:00+00:00,185585.946,185795.175,185110.664,185655.07,150,65316,0
2026-08-04 13:10:00+00:00,185748.966,186467.838,185326.473,186228.384,150,65316,0
2026-08-04 13:15:00+00:00,186228.632,187254.16,186141.177,187254.16,150,65316,0
2026-08-04 13:20:00+00:00,187257.917,187814.017,187098.333,187584.126,150,65316,0
2026-08-04 13:25:00+00:00,187592.52,187785.033,187109.176,187146.681,150,65316,0
2026-08-04 13:30:00+00:00,187138.112,187212.809,186424.719,187165.928,150,65316,0
2026-08-04 13:35:00+00:00,187159.191,187595.086,186802.557,187411.732,150,65316,0
2026-08-04 13:40:00+00:00,187415.337,188474.252,187385.931,188028.37,150,65316,0
2026-08-04 13:45:00+00:00,188006.094,188196.49,187775.351,188196.49,150,65316,0
2026-08-04 13:50:00+00:00,188214.389,188841.532,188185.935,188414.026,150,65316,0
2026-08-04 13:55:00+00:00,188393.622,188592.107,187861.84,187943.656,150,65316,0
2026-08-04 14:00:00+00:00,187923.304,188114.5,187342.52,187642.058,150,65316,0
2026-08-04 14:05:00+00:00,187608.087,187659.498,186568.439,186843.749,150,65316,0
2026-08-04 14:10:00+00:00,186837.407,186979.42,185834.579,185927.839,150,65316,0
2026-08-04 14:15:00+00:00,185907.795,186398.026,185907.795,186031.615,150,65316,0
2026-08-04 14:20:00+00:00,186102.057,186727.457,186102.057,186195.771,150,65316,0
2026-08-04 14:25:00+00:00,186152.936,186798.756,186121.684,186627.778,150,65316,0
2026-08-04 14:30:00+00:00,186628.867,187493.432,186537.456,187037.123,150,65316,0
2026-08-04 14:35:00+00:00,186963.434,187314.843,186847.327,186970.371,150,65316,0
2026-08-04 14:40:00+00:00,186986.556,187322.644,186628.516,186643.387,150,65316,0
2026-08-04 14:45:00+00:00,186681.037,187032.485,186611.697,187003.622,150,65316,0
2026-08-04 14:50:00+00:00,187011.629,187366.945,186758.053,186852.066,150,65316,0
2026-08-04 14:55:00+00:00,186822.463,187602.951,186777.484,186861.335,150,65316,0
2026-08-04 15:00:00+00:00,186875.029,187470.896,186794.054,187204.707,150,65316,0
2026-08-04 15:05:00+00:00,187235.672,187643.565,186947.109,187002.677,150,65316,0
2026-08-04 15:10:00+00:00,187020.146,187077.237,185902.664,186119.847,150,65316,0
2026-08-04 15:15:00+00:00,186096.492,186519.546,185537.88,186192.635,150,65316,0
2026-08-04 15:20:00+00:00,186224.89,186422.371,186049.948,186166.55,150,65316,0
2026-08-04 15:25:00+00:00,186205.791,186293.88,185509.487,185791.648,150,65316,0
2026-08-04 15:30:00+00:00,185796.257,185900.781,185239.629,185426.627,150,65316,0
2026-08-04 15:35:00+00:00,185499.794,185630.56,184792.12,184798.758,150,65316,0
2026-08-04 15:40:00+00:00,184824.194,184824.194,183836.371,184308.051,150,65316,0
2026-08-04 15:45:00+00:00,184372.952,184435.418,183758.858,183891.109,150,65316,0
2026-08-04 15:50:00+00:00,183918.883,184150.397,183559.956,184019.051,150,65316,0
2026-08-04 15:55:00+00:00,183998.599,183998.599,182862.081,183234.756,150,65316,0
2026-08-04 16:00:00+00:00,183280.001,183386.297,182758.496,183019.018,150,65316,0
2026-08-04 16:05:00+00:00,183018.586,183088.422,182523.765,182608.788,150,65316,0
2026-08-04 16:10:00+00:00,182571.688,183384.181,182571.688,183320.22,150,65316,0
2026-08-04 16:15:00+00:00,183379.205,183644.657,182354.654,182354.654,150,65316,0
2026-08-04 16:20:00+00:00,182370.809,183179.947,182370.809,183000.725,150,65316,0
2026-08-04 16:25:00+00:00,183067.841,184024.095,183067.841,183924.925,150,65316,0
2026-08-04 16:30:00+00:00,183918.178,184337.977,183792.998,184221.627,150,65316,0
2026-08-04 16:35:00+00:00,184193.294,184193.294,182958.196,183100.283,150,65316,0
2026-08-04 16:40:00+00:00,183050.27,183344.594,182838.059,182838.059,150,65316,0
2026-08-04 16:45:00+00:00,182830.319,182830.319,181514.348,181524.052,150,65316,0
2026-08-04 16:50:00+00:00,181546.102,182904.894,181546.102,182809.181,150,65316,0
2026-08-04 16:55:00+00:00,182821.589,182944.49,181928.099,182302.956,150,65316,0
2026-08-04 17:00:00+00:00,182280.763,182302.956,181717.532,181967.682,150,65316,0
2026-08-04 17:05:00+00:00,181921.197,182776.635,181815.98,182376.645,150,65316,0
2026-08-04 17:10:00+00:00,182359.049,182952.394,182240.456,182931.967,150,65316,0
2026-08-04 17:15:00+00:00,182936.054,183450.276,182920.073,183139.985,150,65316,0
2026-08-04 17:20:00+00:00,183094.734,183477.611,182818.536,183326.55,150,65316,0
2026-08-04 17:25:00+00:00,183328.824,183926.028,183103.512,183822.849,150,65316,0
2026-08-04 17:30:00+00:00,183802.403,183988.003,183595.426,183933.371,150,65316,0
2026-08-04 17:35:00+00:00,183949.854,184650.974,183896.801,184293.386,150,65316,0
2026-08-04 17:40:00+00:00,184346.075,184713.607,183925.401,184015.147,150,65316,0
2026-08-04 17:45:00+00:00,183985.68,184022.902,182784.32,183092.073,150,65316,0
2026-08-04 17:50:00+00:00,183090.361,183103.479,182390.391,182589.81,150,65316,0
2026-08-04 17:55:00+00:00,182633.773,182712.735,181900.795,181924.658,150,65316,0
2026-08-04 18:00:00+00:00,181887.781,181960.155,181052.111,181052.111,150,65316,0
2026-08-04 18:05:00+00:00,181113.348,181167.712,179586.809,179586.809,150,65316,0
2026-08-04 18:10:00+00:00,179544.072,179617.754,178335.575,178435.951,150,65316,0
2026-08-04 18:15:00+00:00,178474.958,178564.809,177462.753,177779.977,150,65316,0
2026-08-04 18:20:00+00:00,177722.033,177722.033,176794.289,177270.407,150,65316,0
2026-08-04 18:25:00+00:00,177261.945,177344.332,176790.595,177128.86,150,65316,0
2026-08-04 18:30:00+00:00,177126.757,178783.709,177077.961,178783.709,150,65316,0
2026-08-04 18:35:00+00:00,178776.489,178977.319,178286.874,178448.974,150,65316,0
2026-08-04 18:40:00+00:00,178389.228,179130.158,178155.648,178729.056,150,65316,0
2026-08-04 18:45:00+00:00,178719.265,178903.734,178254.022,178277.076,150,65316,0
2026-08-04 18:50:00+00:00,178223.676,178889.74,178118.89,178413.585,150,65316,0
2026-08-04 18:55:00+00:00,178376.151,178575.19,178115.308,178241.826,150,65316,0
2026-08-04 19:00:00+00:00,178281.708,178433.682,177467.627,177517.943,150,65316,0
2026-08-04 19:05:00+00:00,177510.665,177569.893,176893.524,176968.129,150,65316,0
2026-08-04 19:10:00+00:00,176948.024,177168.457,176573.709,177016.856,150,65316,0
2026-08-04 19:15:00+00:00,176995.456,177057.888,176144.792,176660.577,150,65316,0
2026-08-04 19:20:00+00:00,176599.974,176935.203,176046.248,176046.248,150,65316,0
2026-08-04 19:25:00+00:00,175985.381,176775.971,175941.79,176644.061,150,65316,0
2026-08-04 19:30:00+00:00,176682.302,177112.132,176460.098,176699.42,150,65316,0
2026-08-04 19:35:00+00:00,176756.766,176999.946,176356.498,176645.888,150,65316,0
2026-08-04 19:40:00+00:00,176674.084,177531.572,176474.19,177409.779,150,65316,0
2026-08-04 19:45:00+00:00,177446.086,177675.221,177044.36,177675.221,150,65316,0
2026-08-04 19:50:00+00:00,177653.385,177842.223,177455.812,177711.561,150,65316,0
2026-08-04 19:55:00+00:00,177741.482,177829.034,177303.899,177465.173,150,65316,0
2026-08-04 20:00:00+00:00,177465.226,177710.424,177101.021,177595.868,150,65316,0
2026-08-04 20:05:00+00:00,177586.814,177657.224,176723.647,176798.109,150,65316,0
2026-08-04 20:10:00+00:00,176828.678,176872.434,176175.781,176260.936,150,65316,0
2026-08-04 20:15:00+00:00,176297.843,176841.005,176173.68,176795.354,150,65316,0
2026-08-04 20:20:00+00:00,176680.791,176795.975,175751.421,176307.542,150,65316,0
2026-08-04 20:25:00+00:00,176188.215,176499.224,175625.737,175706.6,150,65316,0
2026-08-04 20:30:00+00:00,175653.849,175737.238,175278.055,175471.493,150,65316,0
2026-08-04 20:35:00+00:00,175451.91,175634.213,175021.149,175025.068,150,65316,0
2026-08-04 20:40:00+00:00,174993.37,175078.721,174428.275,174649.889,150,65316,0
2026-08-04 20:45:00+00:00,174693.585,175053.358,174593.58,174594.493,150,65316,0
2026-08-04 20:50:00+00:00,174568.595,175167.709,174538.949,175131.12,150,65316,0
2026-08-04 20:55:00+00:00,175112.114,176003.859,175036.211,175767.844,150,65316,0
2026-08-04 21:00:00+00:00,175848.422,176812.86,175848.422,175884.296,150,65316,0
2026-08-04 21:05:00+00:00,175904.137,176112.124,174969.749,175249.856,150,65316,0
2026-08-04 21:10:00+00:00,175275.982,176128.249,175093.856,175881.805,150,65316,0
2026-08-04 21:15:00+00:00,175820.522,176198.171,175239.507,175314.856,150,65316,0
2026-08-04 21:20:00+00:00,175366.885,176215.522,175366.885,176048.214,150,65316,0
2026-08-04 21:25:00+00:00,176123.492,176480.145,176016.293,176253.339,150,65316,0
2026-08-04 21:30:00+00:00,176263.747,176573.194,176064.276,176449.904,150,65316,0
2026-08-04 21:35:00+00:00,176430.182,177147.513,176312.655,177108.629,150,65316,0
2026-08-04 21:40:00+00:00,177151.852,177192.159,176719.566,176920.185,150,65316,0
2026-08-04 21:45:00+00:00,176903.755,176999.023,176271.365,176551.497,150,65316,0
2026-08-04 21:50:00+00:00,176582.399,176939.581,176157.373,176886.615,150,65316,0
2026-08-04 21:55:00+00:00,176928.269,176945.049,176046.091,176076.296,150,65316,0
2026-08-04 22:00:00+00:00,176101.819,176377.724,175486.283,175725.987,150,65316,0
2026-08-04 22:05:00+00:00,175769.721,175820.087,175071.468,175166.043,150,65316,0
2026-08-04 22:10:00+00:00,175149.227,175841.099,174754.466,175757.47,150,65316,0
2026-08-04 22:15:00+00:00,175719.533,176397.124,175650.674,176397.124,150,65316,0
2026-08-04 22:20:00+00:00,176385.052,176394.903,175586.336,175731.258,150,65316,0
2026-08-04 22:25:00+00:00,175739.435,175996.152,175615.173,175635.955,150,65316,0
2026-08-04 22:30:00+00:00,175593.203,175724.778,175183.389,175240.792,150,65316,0
2026-08-04 22:35:00+00:00,175234.668,175251.853,174765.663,175024.545,150,65316,0
2026-08-04 22:40:00+00:00,175001.139,175459.659,174473.786,174900.355,150,65316,0
2026-08-04 22:45:00+00:00,174870.746,175165.215,174790.245,174864.729,150,65316,0
2026-08-04 22:50:00+00:00,174900.619,175456.776,174785.469,175456.776,150,65316,0
2026-08-04 22:55:00+00:00,175468.136,176161.275,175326.884,175939.474,150,65316,0
2026-08-04 23:00:00+00:00,175952.471,176658.027,175730.607,176464.915,150,65316,0
2026-08-04 23:05:00+00:00,176472.313,177481.163,176431.184,177335.106,150,65316,0
2026-08-04 23:10:00+00:00,177375.519,177814.65,177276.193,177331.151,150,65316,0
2026-08-04 23:15:00+00:00,177384.943,177701.924,177119.157,177539.552,150,65316,0
2026-08-04 23:20:00+00:00,177559.35,177836.032,177297.922,177836.032,150,65316,0
2026-08-04 23:25:00+00:00,177845.872,178373.886,177733.024,178331.211,150,65316,0
2026-08-04 23:30:00+00:00,178344.85,178895.434,178344.85,178895.434,150,65316,0
2026-08-04 23:35:00+00:00,178895.936,179323.36,178504.224,179283.258,150,65316,0
2026-08-04 23:40:00+00:00,179298.111,179547.522,178920.888,179343.104,150,65316,0
2026-08-04 23:45:00+00:00,179433.579,179472.325,178537.172,178588.122,150,65316,0
2026-08-04 23:50:00+00:00,178547.578,178746.779,178263.812,178685.596,150,65316,0
2026-08-04 23:55:00+00:00,178703.565,178731.036,178076.153,178128.341,150,65316,0
2026-08-05 00:00:00+00:00,178178.935,178552.707,177833.791,178276.547,150,65316,0
2026-08-05 00:05:00+00:00,178211.816,178211.816,177110.319,177110.319,150,65316,0
2026-08-05 00:10:00+00:00,177054.678,177491.687,176937.866,177240.121,150,65316,0
2026-08-05 00:15:00+00:00,177223.458,177252.246,175901.468,176243.725,150,65316,0
2026-08-05 00:20:00+00:00,176273.812,176356.467,175425.575,175513.579,150,65316,0
2026-08-05 00:25:00+00:00,175438.561,176571.055,175438.561,176528.859,150,65316,0
2026-08-05 00:30:00+00:00,176541.795,176926.701,176414.448,176689.723,150,65316,0
2026-08-05 00:35:00+00:00,176687.275,177052.522,176562.782,176837.569,150,65316,0
2026-08-05 00:40:00+00:00,176868.961,177641.67,176833.838,177641.67,150,65316,0
2026-08-05 00:45:00+00:00,177631.781,178764.398,177561.984,178705.422,150,65316,0
2026-08-05 00:50:00+00:00,178756.461,179342.799,178609.38,179192.723,150,65316,0
2026-08-05 00:55:00+00:00,179190.637,179583.825,178887.521,179382.687,150,65316,0
2026-08-05 01:00:00+00:00,179337.58,179523.395,178891.478,178993.699,150,65316,0
2026-08-05 01:05:00+00:00,179113.583,179127.752,178391.737,178843.18,150,65316,0
2026-08-05 01:10:00+00:00,178852.671,178937.315,178150.406,178219.86,150,65316,0
2026-08-05 01:15:00+00:00,178299.661,178830.911,177898.758,178568.288,150,65316,0
2026-08-05 01:20:00+00:00,178566.641,178951.291,178543.986,178663.958,150,65316,0
2026-08-05 01:25:00+00:00,178635.308,178798.44,178154.129,178752.848,150,65316,0
2026-08-05 01:30:00+00:00,178810.241,179551.575,178749.287,179321.788,150,65316,0
2026-08-05 01:35:00+00:00,179218.32,179397.702,178429.993,178498.077,150,65316,0
2026-08-05 01:40:00+00:00,178451.722,178451.722,177826.163,178096.457,150,65316,0
2026-08-05 01:45:00+00:00,178105.966,178250.795,177814.709,177926.778,150,65316,0
2026-08-05 01:50:00+00:00,177908.137,178068.986,177486.308,177486.308,150,65316,0
2026-08-05 01:55:00+00:00,177510.393,177634.402,176792.294,176811.06,150,65316,0
2026-08-05 02:00:00+00:00,176845.952,177102.595,176503.648,176574.329,150,65316,0
2026-08-05 02:05:00+00:00,176541.593,176932.902,176397.476,176556.87,150,65316,0
2026-08-05 02:10:00+00:00,176631.863,177468.714,176631.863,176856.484,150,65316,0
2026-08-05 02:15:00+00:00,176799.016,176891.996,176277.665,176325.239,150,65316,0
2026-08-05 02:20:00+00:00,176392.589,176468.918,175715.851,175881.212,150,65316,0
2026-08-05 02:25:00+00:00,175879.168,177215.117,175694.442,177215.117,150,65316,0
2026-08-05 02:30:00+00:00,177183.838,177577.191,177025.809,177294.214,150,65316,0
2026-08-05 02:35:00+00:00,177272.658,177691.186,176751.807,177023.217,150,65316,0
2026-08-05 02:40:00+00:00,177017.131,177624.346,176947.786,177405.689,150,65316,0
2026-08-05 02:45:00+00:00,177322.264,177751.835,176818.589,177049.52,150,65316,0
2026-08-05 02:50:00+00:00,177039.303,177690.958,176830.404,177690.958,150,65316,0
2026-08-05 02:55:00+00:00,177631.244,177956.637,177422.382,177449.497,150,65316,0
2026-08-05 03:00:00+00:00,177472.553,177625.051,177165.692,177625.051,150,65316,0
2026-08-05 03:05:00+00:00,177636.754,178397.431,177601.328,177936.729,150,65316,0
2026-08-05 03:10:00+00:00,177958.017,178122.825,177314.633,178089.125,150,65316,0
2026-08-05 03:15:00+00:00,178124.14,178638.398,178124.14,178495.562,149,65316,0
2026-08-05 03:20:00+00:00,178436.364,178491.402,177156.248,177166.236,150,65316,0
2026-08-05 03:25:00+00:00,177177.943,177828.387,176958.369,177531.055,150,65316,0
2026-08-05 03:30:00+00:00,177521.728,177651.776,177253.487,177452.211,150,65316,0
2026-08-05 03:35:00+00:00,177537.76,177943.158,176402.872,176415.16,150,65316,0
2026-08-05 03:40:00+00:00,176406.079,176874.159,176140.132,176792.717,150,65316,0
2026-08-05 03:45:00+00:00,176797.92,177535.922,176734.505,177471.282,150,65316,0
2026-08-05 03:50:00+00:00,177431.125,177678.242,177072.254,177293.579,150,65316,0
2026-08-05 03:55:00+00:00,177344.872,177696.653,176968.182,177065.166,150,65316,0
2026-08-05 04:00:00+00:00,177030.154,177787.807,177028.331,177530.858,150,65316,0
2026-08-05 04:05:00+00:00,177497.853,177784.344,177259.496,177612.585,150,65316,0
2026-08-05 04:10:00+00:00,177567.756,178108.914,177226.353,177913.113,150,65316,0
2026-08-05 04:15:00+00:00,177929.575,178549.599,177906.006,178358.389,150,65316,0
2026-08-05 04:20:00+00:00,178384.704,178753.098,177714.809,177745.988,150,65316,0
2026-08-05 04:25:00+00:00,177717.662,177803.192,177189.658,177592.161,150,65316,0
2026-08-05 04:30:00+00:00,177582.323,177773.476,177167.346,177342.603,150,65316,0
2026-08-05 04:35:00+00:00,177347.762,177428.496,176373.895,176525.536,150,65316,0
2026-08-05 04:40:00+00:00,176530.461,177410.895,176443.787,177072.807,150,65316,0
2026-08-05 04:45:00+00:00,177005.976,177522.88,176940.724,177334.455,150,65316,0
2026-08-05 04:50:00+00:00,177280.96,177582.287,176791.995,176832.206,150,65316,0
2026-08-05 04:55:00+00:00,176854.315,177597.672,176854.315,177515.623,150,65316,0
2026-08-05 05:00:00+00:00,177526.172,178730.954,177265.592,178730.954,150,65316,0
2026-08-05 05:05:00+00:00,178678.199,178888.952,178242.689,178811.478,150,65316,0
2026-08-05 05:10:00+00:00,178823.579,178823.579,178369.321,178520.267,150,65316,0
2026-08-05 05:15:00+00:00,178514.505,179605.147,178488.643,179571.871,150,65316,0
2026-08-05 05:20:00+00:00,179589.821,180151.056,179589.821,179683.613,150,65316,0
2026-08-05 05:25:00+00:00,179633.514,180071.898,179246.93,179847.969,150,65316,0
2026-08-05 05:30:00+00:00,179836.228,180299.76,179745.556,180166.147,150,65316,0
2026-08-05 05:35:00+00:00,180138.339,180731.865,179609.36,179682.969,150,65316,0
2026-08-05 05:40:00+00:00,179701.052,180004.861,179513.097,179664.865,150,65316,0
2026-08-05 05:45:00+00:00,179619.962,179785.011,178821.514,178985.471,150,65316,0
2026-08-05 05:50:00+00:00,178928.784,179028.432,178078.152,178216.945,150,65316,0
2026-08-05 05:55:00+00:00,178260.774,178398.537,177557.505,177987.65,150,65316,0
2026-08-05 06:00:00+00:00,178041.108,178670.357,177721.007,178670.357,150,65316,0
2026-08-05 06:05:00+00:00,178663.196,178911.633,178126.779,178238.322,150,65316,0
2026-08-05 06:10:00+00:00,178248.419,178261.498,177290.896,177290.896,150,65316,0
2026-08-05 06:15:00+00:00,177312.899,177334.875,175933.248,175977.101,150,65316,0
2026-08-05 06:20:00+00:00,176001.516,176815.328,175936.422,176579.664,150,65316,0
2026-08-05 06:25:00+00:00,176653.307,176934.483,176152.916,176232.707,150,65316,0
2026-08-05 06:30:00+00:00,176242.581,176805.434,176233.792,176602.565,150,65316,0
2026-08-05 06:35:00+00:00,176624.293,177146.975,176473.13,176673.037,150,65316,0
2026-08-05 06:40:00+00:00,176660.421,177164.064,176590.237,177156.359,150,65316,0
2026-08-05 06:45:00+00:00,177057.839,177799.478,177057.839,177511.226,150,65316,0
2026-08-05 06:50:00+00:00,177542.5,178131.168,177515.06,177932.028,150,65316,0
2026-08-05 06:55:00+00:00,177993.951,178267.378,177790.593,177983.059,150,65316,0
2026-08-05 07:00:00+00:00,177997.308,178303.236,177832.646,178202.688,150,65316,0
2026-08-05 07:05:00+00:00,178177.329,178759.209,177912.918,177912.918,150,65316,0
2026-08-05 07:10:00+00:00,177925.37,178731.039,177695.715,178684.529,150,65316,0
2026-08-05 07:15:00+00:00,178669.281,178753.112,177561.86,177664.234,150,65316,0
2026-08-05 07:20:00+00:00,177691.712,177806.224,177203.88,177768.175,150,65316,0
2026-08-05 07:25:00+00:00,177747.734,178297.499,177476.184,178085.825,150,65316,0
2026-08-05 07:30:00+00:00,178123.807,178375.558,177276.125,178375.558,150,65316,0
2026-08-05 07:35:00+00:00,178351.884,178380.869,177341.935,177374.118,150,65316,0
2026-08-05 07:40:00+00:00,177383.174,177614.057,176536.295,176958.536,150,65316,0
2026-08-05 07:45:00+00:00,176942.176,177243.754,176808.854,177033.381,150,65316,0
2026-08-05 07:50:00+00:00,177032.795,177487.466,176810.82,177466.654,150,65316,0
2026-08-05 07:55:00+00:00,177544.382,178779.98,177543.452,178766.5,150,65316,0
2026-08-05 08:00:00+00:00,178821.915,179344.425,178715.829,179151.259,150,65316,0
2026-08-05 08:05:00+00:00,179076.899,179163.452,178678.316,179067.831,150,65316,0
2026-08-05 08:10:00+00:00,179094.622,179122.047,178714.817,179044.97,150,65316,0
2026-08-05 08:15:00+00:00,179046.369,179798.759,179046.369,179334.133,150,65316,0
2026-08-05 08:20:00+00:00,179322.113,180149.895,179322.113,180092.215,150,65316,0
2026-08-05 08:25:00+00:00,180065.507,180155.62,179390.183,179922.116,150,65316,0
2026-08-05 08:30:00+00:00,179964.957,180902.23,179846.606,180868.592,150,65316,0
2026-08-05 08:35:00+00:00,180896.34,181011.698,180535.22,180654.593,150,65316,0
2026-08-05 08:40:00+00:00,180638.72,181067.458,180446.045,180866.091,150,65316,0
2026-08-05 08:45:00+00:00,180897.356,181603.624,180717.596,181492.029,150,65316,0
2026-08-05 08:50:00+00:00,181429.779,181540.895,180786.076,180902.671,150,65316,0
2026-08-05 08:55:00+00:00,180967.725,181235.056,180236.292,180299.564,150,65316,0
2026-08-05 09:00:00+00:00,180348.314,180530.5,180105.749,180105.749,150,65316,0
2026-08-05 09:05:00+00:00,180131.582,180131.582,179291.642,179383.08,150,65316,0
2026-08-05 09:10:00+00:00,179368.802,179964.145,179352.192,179518.729,150,65316,0
2026-08-05 09:15:00+00:00,179503.542,180136.643,179462.665,180106.732,150,65316,0
2026-08-05 09:20:00+00:00,180114.336,180497.002,179745.893,180497.002,150,65316,0
2026-08-05 09:25:00+00:00,180499.777,180582.799,179806.491,180066.215,150,65316,0
2026-08-05 09:30:00+00:00,180046.748,180098.882,179303.073,179303.073,150,65316,0
2026-08-05 09:35:00+00:00,179227.1,179415.267,178540.449,178984.784,150,65316,0
2026-08-05 09:40:00+00:00,179040.383,179121.732,178454.947,178792.409,150,65316,0
2026-08-05 09:45:00+00:00,178769.946,178892.582,177997.439,178072.195,150,65316,0
2026-08-05 09:50:00+00:00,178107.512,178713.472,177751.794,178270.174,150,65316,0
2026-08-05 09:55:00+00:00,178256.68,178308.186,177456.51,177498.982,150,65316,0
2026-08-05 10:00:00+00:00,177497.211,177522.43,176415.044,176777.482,150,65316,0
2026-08-05 10:05:00+00:00,176757.504,177021.26,176567.989,176792.591,150,65316,0
2026-08-05 10:10:00+00:00,176782.808,177373.748,176782.808,177160.963,150,65316,0
2026-08-05 10:15:00+00:00,177182.154,177460.297,176787.414,177413.218,150,65316,0
2026-08-05 10:20:00+00:00,177444.943,178223.149,177349.017,178134.612,150,65316,0
2026-08-05 10:25:00+00:00,178164.503,178444.225,177921.301,178118.559,150,65316,0
2026-08-05 10:30:00+00:00,178133.126,178532.402,177962.391,178029.63,150,65316,0
2026-08-05 10:35:00+00:00,178036.87,179163.717,177994.328,178745.362,150,65316,0
2026-08-05 10:40:00+00:00,178707.082,178812.537,178129.028,178130.425,150,65316,0
2026-08-05 10:45:00+00:00,178157.579,178334.234,177931.982,178139.308,150,65316,0
2026-08-05 10:50:00+00:00,178123.909,178370.514,177814.002,177852.468,150,65316,0
2026-08-05 10:55:00+00:00,177911.366,178120.608,177716.196,177915.141,150,65316,0
2026-08-05 11:00:00+00:00,177905.267,177938.264,177086.882,177354.213,150,65316,0
2026-08-05 11:05:00+00:00,177342.547,177644.119,177158.96,177469.649,150,65316,0
2026-08-05 11:10:00+00:00,177479.178,177549.998,176934.093,177179.501,150,65316,0
2026-08-05 11:15:00+00:00,177166.726,177692.581,177166.726,177514.018,150,65316,0
2026-08-05 11:20:00+00:00,177553.006,177717.735,177059.828,177362.327,150,65316,0
2026-08-05 11:25:00+00:00,177326.818,177631.132,176618.807,176618.807,150,65316,0
2026-08-05 11:30:00+00:00,176605.342,177388.622,176605.342,177098.473,150,65316,0
2026-08-05 11:35:00+00:00,177118.092,177438.893,176736.67,176751.301,150,65316,0
2026-08-05 11:40:00+00:00,176711.804,176799.102,176348.261,176549.653,150,65316,0
2026-08-05 11:45:00+00:00,176548.877,176695.899,176030.332,176345.378,150,65316,0
2026-08-05 11:50:00+00:00,176425.184,176994.015,176147.998,176713.385,150,65316,0
2026-08-05 11:55:00+00:00,176641.556,177504.865,176482.171,177460.264,150,65316,0
2026-08-05 12:00:00+00:00,177455.565,177679.848,176807.614,177014.977,150,65316,0
2026-08-05 12:05:00+00:00,177030.148,177760.081,176871.756,177747.348,150,65316,0
2026-08-05 12:10:00+00:00,177774.351,178363.174,177452.816,177599.974,150,65316,0
2026-08-05 12:15:00+00:00,177636.279,178416.486,177636.279,177728.021,150,65316,0
2026-08-05 12:20:00+00:00,177692.98,177903.368,177173.649,177473.726,150,65316,0
2026-08-05 12:25:00+00:00,177408.037,177486.863,176687.755,176893.333,150,65316,0
2026-08-05 12:30:00+00:00,176885.901,177347.475,176733.731,176891.855,150,65316,0
2026-08-05 12:35:00+00:00,176888.298,177833.24,176664.08,177767.542,150,65316,0
2026-08-05 12:40:00+00:00,177822.205,178381.96,177564.041,178096.479,150,65316,0
2026-08-05 12:45:00+00:00,178129.683,178588.958,177844.911,177867.988,150,65316,0
2026-08-05 12:50:00+00:00,177814.416,178234.893,177774.228,178186.61,150,65316,0
2026-08-05 12:55:00+00:00,178199.409,178296.27,177576.499,178034.977,150,65316,0
2026-08-05 13:00:00+00:00,178075.039,178075.039,177073.314,177158.676,150,65316,0
2026-08-05 13:05:00+00:00,177159.411,177296.675,176844.022,176878.804,150,65316,0
2026-08-05 13:10:00+00:00,176888.301,177805.228,176464.915,177526.025,150,65316,0
2026-08-05 13:15:00+00:00,177602.368,178462.86,177365.176,178385.095,150,65316,0
2026-08-05 13:20:00+00:00,178360.681,178360.681,177531.841,177564.191,150,65316,0
2026-08-05 13:25:00+00:00,177655.102,178782.007,177382.265,178129.375,150,65316,0
2026-08-05 13:30:00+00:00,178108.938,178890.689,177752.492,178852.348,150,65316,0
2026-08-05 13:35:00+00:00,178896.815,178896.815,178177.179,178389.918,150,65316,0
2026-08-05 13:40:00+00:00,178401.295,178643.397,178152.975,178183.474,150,65316,0
2026-08-05 13:45:00+00:00,178161.947,178422.67,178061.239,178380.661,150,65316,0
2026-08-05 13:50:00+00:00,178335.033,179037.511,178271.224,178771.444,150,65316,0
2026-08-05 13:55:00+00:00,178775.943,179606.578,178752.017,179237.323,150,65316,0
2026-08-05 14:00:00+00:00,179223.501,179571.223,178387.46,179495.019,150,65316,0
2026-08-05 14:05:00+00:00,179502.941,179821.292,179293.578,179556.629,150,65316,0
2026-08-05 14:10:00+00:00,179551.478,179551.478,178437.872,178595.313,150,65316,0
2026-08-05 14:15:00+00:00,178591.177,178909.454,178457.307,178471.668,150,65316,0
2026-08-05 14:20:00+00:00,178492.519,178760.265,178262.271,178417.239,150,65316,0
2026-08-05 14:25:00+00:00,178453.313,178776.802,178211.029,178364.458,150,65316,0
2026-08-05 14:30:00+00:00,178414.591,178465.497,177651.587,177971.619,150,65316,0
2026-08-05 14:35:00+00:00,178008.965,178546.379,178008.965,178425.033,150,65316,0
2026-08-05 14:40:00+00:00,178403.163,178686.235,178008.246,178317.619,150,65316,0
2026-08-05 14:45:00+00:00,178361.628,178567.736,177486.785,177552.053,150,65316,0
2026-08-05 14:50:00+00:00,177584.589,178419.985,177506.804,178330.952,150,65316,0
2026-08-05 14:55:00+00:00,178375.121,178892.013,178106.084,178863.169,150,65316,0
2026-08-05 15:00:00+00:00,178901.123,179488.385,178725.061,179313.688,150,65316,0
2026-08-05 15:05:00+00:00,179292.727,179433.067,178753.009,178769.157,150,65316,0
2026-08-05 15:10:00+00:00,178797.785,179129.671,178315.44,178430.321,150,65316,0
2026-08-05 15:15:00+00:00,178435.989,178926.76,178310.796,178753.052,150,65316,0
2026-08-05 15:20:00+00:00,178778.469,178854.689,178294.528,178332.302,150,65316,0
2026-08-05 15:25:00+00:00,178297.21,178501.242,178066.465,178177.028,150,65316,0
2026-08-05 15:30:00+00:00,178194.85,178383.993,177761.165,178189.896,150,65316,0
2026-08-05 15:35:00+00:00,178183.407,178613.477,178062.667,178290.095,150,65316,0
2026-08-05 15:40:00+00:00,178282.298,179116.607,178205.186,179057.568,150,65316,0
2026-08-05 15:45:00+00:00,179071.49,179162.778,178099.042,178375.312,150,65316,0
2026-08-05 15:50:00+00:00,178359.983,178575.433,177572.182,177610.654,150,65316,0
2026-08-05 15:55:00+00:00,177557.595,177557.595,176579.149,176991.5,150,65316,0
2026-08-05 16:00:00+00:00,176967.216,177704.434,176694.725,177592.761,150,65316,0
2026-08-05 16:05:00+00:00,177559.423,177771.509,177023.369,177289.025,150,65316,0
2026-08-05 16:10:00+00:00,177262.9,177486.993,177108.647,177434.654,150,65316,0
2026-08-05 16:15:00+00:00,177418.127,178007.345,177179.404,178007.345,150,65316,0
2026-08-05 16:20:00+00:00,177992.133,178254.499,177735.134,178004.699,150,65316,0
2026-08-05 16:25:00+00:00,177980.435,178009.227,176970.864,176988.861,150,65316,0
2026-08-05 16:30:00+00:00,176959.217,177185.536,176695.32,176695.32,150,65316,0
2026-08-05 16:35:00+00:00,176773.157,177018.364,176320.705,176347.491,150,65316,0
2026-08-05 16:40:00+00:00,176324.916,177075.917,176324.916,176843.938,150,65316,0
2026-08-05 16:45:00+00:00,176858.031,177098.59,176620.218,176930.919,150,65316,0
2026-08-05 16:50:00+00:00,176926.681,177022.857,176485.21,176627.715,150,65316,0
2026-08-05 16:55:00+00:00,176639.824,176837.061,176149.228,176372.848,150,65316,0
2026-08-05 17:00:00+00:00,176402.288,176444.546,175624.467,176059.175,150,65316,0
2026-08-05 17:05:00+00:00,176086.901,176542.144,175929.406,176542.144,150,65316,0
2026-08-05 17:10:00+00:00,176560.701,177015.022,176413.365,176986.636,150,65316,0
2026-08-05 17:15:00+00:00,177044.94,177705.94,176908.671,177586.585,150,65316,0
2026-08-05 17:20:00+00:00,177566.643,178431.794,177446.367,178103.957,150,65316,0
2026-08-05 17:25:00+00:00,178059.329,178197.743,177539.886,178061.417,150,65316,0
2026-08-05 17:30:00+00:00,178057.281,178147.765,177612.255,177777.977,150,65316,0
2026-08-05 17:35:00+00:00,177765.1,178156.039,177582.821,177991.478,150,65316,0
2026-08-05 17:40:00+00:00,178018.413,178264.175,177876.743,178204.384,150,65316,0
2026-08-05 17:45:00+00:00,178144.0,178706.672,178016.785,178214.22,150,65316,0
2026-08-05 17:50:00+00:00,178225.842,178636.663,177888.828,177910.04,150,65316,0
2026-08-05 17:55:00+00:00,177909.135,178227.314,177745.452,177745.452,150,65316,0
2026-08-05 18:00:00+00:00,177752.954,178046.702,177426.866,177621.761,150,65316,0
2026-08-05 18:05:00+00:00,177551.798,177628.536,176867.623,177135.012,150,65316,0
2026-08-05 18:10:00+00:00,177119.575,177423.245,176787.339,176787.339,150,65316,0
2026-08-05 18:15:00+00:00,176802.372,176852.293,176383.119,176741.75,150,65316,0
2026-08-05 18:20:00+00:00,176733.123,177254.456,176450.836,176456.823,150,65316,0
2026-08-05 18:25:00+00:00,176447.721,176908.898,176152.563,176166.505,150,65316,0
2026-08-05 18:30:00+00:00,176222.856,176222.856,174823.597,174953.326,150,65316,0
2026-08-05 18:35:00+00:00,174916.503,175572.677,174916.503,175057.009,150,65316,0
2026-08-05 18:40:00+00:00,175086.751,175324.26,174669.835,174950.273,150,65316,0
2026-08-05 18:45:00+00:00,174958.226,175112.867,174554.274,174671.844,150,65316,0
2026-08-05 18:50:00+00:00,174664.093,174832.974,174050.145,174285.228,150,65316,0
2026-08-05 18:55:00+00:00,174260.644,174343.445,173243.282,173267.28,150,65316,0
2026-08-05 19:00:00+00:00,173288.382,174200.596,173208.552,173304.184,150,65316,0
2026-08-05 19:05:00+00:00,173283.756,173629.811,173118.582,173414.643,150,65316,0
2026-08-05 19:10:00+00:00,173440.059,174243.139,173363.326,173941.052,150,65316,0
2026-08-05 19:15:00+00:00,173933.599,174415.229,173588.469,173915.023,150,65316,0
2026-08-05 19:20:00+00:00,173909.521,174218.164,173678.74,173840.753,150,65316,0
2026-08-05 19:25:00+00:00,173772.17,174101.621,173678.773,174086.043,150,65316,0
2026-08-05 19:30:00+00:00,174032.798,174104.905,173483.211,173485.092,150,65316,0
2026-08-05 19:35:00+00:00,173525.358,173752.634,173203.687,173518.528,150,65316,0
2026-08-05 19:40:00+00:00,173552.757,174074.997,173492.466,173799.19,150,65316,0
2026-08-05 19:45:00+00:00,173823.456,174721.639,173823.456,174536.829,150,65316,0
2026-08-05 19:50:00+00:00,174533.392,174647.439,174314.718,174339.111,150,65316,0
2026-08-05 19:55:00+00:00,174271.605,174411.145,173526.867,173815.865,150,65316,0
2026-08-05 20:00:00+00:00,173809.129,173993.681,173526.61,173526.61,150,65316,0
2026-08-05 20:05:00+00:00,173504.348,174177.009,173504.348,174084.308,150,65316,0
2026-08-05 20:10:00+00:00,174122.189,174397.343,173879.528,174259.382,150,65316,0
2026-08-05 20:15:00+00:00,174285.936,174285.936,173541.029,173698.041,150,65316,0
2026-08-05 20:20:00+00:00,173669.338,174255.419,173514.484,174042.173,150,65316,0
2026-08-05 20:25:00+00:00,174014.321,174407.509,173340.247,174213.725,150,65316,0
2026-08-05 20:30:00+00:00,174204.641,174946.679,174204.641,174784.928,150,65316,0
2026-08-05 20:35:00+00:00,174773.786,174929.352,174189.392,174759.246,150,65316,0
2026-08-05 20:40:00+00:00,174737.075,175695.406,174659.099,175695.406,150,65316,0
2026-08-05 20:45:00+00:00,175723.007,175723.007,174976.139,175305.173,150,65316,0
2026-08-05 20:50:00+00:00,175324.876,175398.092,174508.922,175179.259,150,65316,0
2026-08-05 20:55:00+00:00,175200.023,175306.243,174809.215,174891.769,150,65316,0
2026-08-05 21:00:00+00:00,174914.429,175922.757,174914.429,175792.079,150,65316,0
2026-08-05 21:05:00+00:00,175879.668,176363.764,175844.174,176285.818,150,65316,0
2026-08-05 21:10:00+00:00,176310.659,176518.443,176068.233,176377.646,150,65316,0
2026-08-05 21:15:00+00:00,176273.814,176471.648,175994.424,176387.532,150,65316,0
2026-08-05 21:20:00+00:00,176383.754,176963.309,176276.471,176945.511,150,65316,0
2026-08-05 21:25:00+00:00,177016.298,177017.412,176263.16,176263.16,150,65316,0
2026-08-05 21:30:00+00:00,176215.835,177401.43,176215.835,177319.866,150,65316,0
2026-08-05 21:35:00+00:00,177305.608,177852.258,176969.676,177852.258,150,65316,0
2026-08-05 21:40:00+00:00,177926.285,178375.992,177876.352,177939.288,150,65316,0
2026-08-05 21:45:00+00:00,177902.639,177997.022,177592.689,177738.639,150,65316,0
2026-08-05 21:50:00+00:00,177774.924,178706.585,177685.701,178706.585,150,65316,0
2026-08-05 21:55:00+00:00,178713.585,179846.124,178713.585,179596.127,150,65316,0
2026-08-05 22:00:00+00:00,179554.053,180277.384,179459.395,179840.839,150,65316,0
2026-08-05 22:05:00+00:00,179864.652,180111.391,179668.373,179958.901,150,65316,0
2026-08-05 22:10:00+00:00,179987.848,179987.848,179216.091,179373.171,150,65316,0
2026-08-05 22:15:00+00:00,179353.011,179366.16,178180.071,178810.354,150,65316,0
2026-08-05 22:20:00+00:00,178838.292,178924.76,178379.575,178765.715,150,65316,0
2026-08-05 22:25:00+00:00,178774.315,179210.433,178598.908,178675.947,150,65316,0
2026-08-05 22:30:00+00:00,178732.469,179697.523,178604.368,179409.861,150,65316,0
2026-08-05 22:35:00+00:00,179269.274,179363.187,178748.233,179147.03,150,65316,0
2026-08-05 22:40:00+00:00,179175.718,180067.07,179142.356,179755.576,150,65316,0
2026-08-05 22:45:00+00:00,179792.724,180129.129,179716.425,179840.684,150,65316,0
2026-08-05 22:50:00+00:00,179826.588,180562.947,179826.588,180225.474,150,65316,0
2026-08-05 22:55:00+00:00,180252.943,180996.859,179923.929,180863.172,150,65316,0
2026-08-05 23:00:00+00:00,180852.125,181777.614,180520.427,181777.614,150,65316,0
2026-08-05 23:05:00+00:00,181771.821,182089.904,181442.901,181581.912,150,65316,0
2026-08-05 23:10:00+00:00,181472.648,181493.415,180721.165,180754.974,150,65316,0
2026-08-05 23:15:00+00:00,180758.328,181199.0,180417.974,180874.693,150,65316,0
2026-08-05 23:20:00+00:00,180904.393,181660.842,180557.494,181660.842,150,65316,0
2026-08-05 23:25:00+00:00,181651.998,181958.622,181272.449,181430.311,150,65316,0
2026-08-05 23:30:00+00:00,181346.618,181960.773,181218.033,181912.31,150,65316,0
2026-08-05 23:35:00+00:00,181955.427,182088.318,181511.827,181511.827,150,65316,0
2026-08-05 23:40:00+00:00,181524.217,181859.765,181328.855,181402.389,150,65316,0
2026-08-05 23:45:00+00:00,181475.461,181835.975,181364.457,181814.371,150,65316,0
2026-08-05 23:50:00+00:00,181890.581,182390.423,181862.514,182038.017,150,65316,0
2026-08-05 23:55:00+00:00,182055.953,182670.985,182055.953,182176.995,150,65316,0
2026-08-06 00:00:00+00:00,182161.659,182769.044,182002.84,182345.27,150,65316,0
2026-08-06 00:05:00+00:00,182293.095,182787.118,181811.333,181937.548,150,65316,0
2026-08-06 00:10:00+00:00,181964.594,182420.693,181687.014,182219.931,150,65316,0
2026-08-06 00:15:00+00:00,182219.915,182752.061,182214.517,182424.173,150,65316,0
2026-08-06 00:20:00+00:00,182490.595,182490.595,180943.523,180945.839,150,65316,0
2026-08-06 00:25:00+00:00,180965.021,181052.446,180179.173,180640.265,150,65316,0
2026-08-06 00:30:00+00:00,180725.323,181615.112,180724.684,181451.142,150,65316,0
2026-08-06 00:35:00+00:00,181496.591,181754.582,181232.991,181379.171,150,65316,0
2026-08-06 00:40:00+00:00,181433.823,181433.823,180690.059,180905.15,150,65316,0
2026-08-06 00:45:00+00:00,180944.368,181750.001,180751.01,181750.001,150,65316,0
2026-08-06 00:50:00+00:00,181795.511,182216.324,181621.613,182100.809,150,65316,0
2026-08-06 00:55:00+00:00,182123.551,182429.864,181811.707,182028.974,150,65316,0
2026-08-06 01:00:00+00:00,181994.678,182276.106,181739.056,181761.37,150,65316,0
2026-08-06 01:05:00+00:00,181795.578,181911.572,181204.536,181332.041,150,65316,0
2026-08-06 01:10:00+00:00,181353.154,181658.432,181220.253,181423.719,150,65316,0
2026-08-06 01:15:00+00:00,181479.998,181832.814,181339.187,181449.49,150,65316,0
2026-08-06 01:20:00+00:00,181386.652,181651.524,181205.578,181283.132,150,65316,0
2026-08-06 01:25:00+00:00,181336.887,181647.205,181163.196,181325.414,150,65316,0
2026-08-06 01:30:00+00:00,181313.495,181814.421,181171.911,181653.131,150,65316,0
2026-08-06 01:35:00+00:00,181611.572,181676.853,181148.675,181407.522,150,65316,0
2026-08-06 01:40:00+00:00,181437.488,182608.756,181380.572,182605.522,150,65316,0
2026-08-06 01:45:00+00:00,182575.44,182664.389,182068.825,182171.712,150,65316,0
2026-08-06 01:50:00+00:00,182104.762,182576.793,181712.883,181848.273,150,65316,0
2026-08-06 01:55:00+00:00,181857.523,181859.341,181256.261,181554.681,150,65316,0
2026-08-06 02:00:00+00:00,181541.942,181583.348,180560.619,180932.433,150,65316,0
2026-08-06 02:05:00+00:00,180839.212,181088.332,180594.598,181068.304,150,65316,0
2026-08-06 02:10:00+00:00,181007.991,181692.941,180792.963,181318.527,150,65316,0
2026-08-06 02:15:00+00:00,181340.324,181663.127,180928.468,181005.606,150,65316,0
2026-08-06 02:20:00+00:00,181062.559,181356.927,180603.635,180666.173,150,65316,0
2026-08-06 02:25:00+00:00,180576.221,181107.71,180462.863,180534.758,150,65316,0
2026-08-06 02:30:00+00:00,180590.009,181291.08,180365.319,180469.146,150,65316,0
2026-08-06 02:35:00+00:00,180433.612,180759.641,180170.29,180601.612,150,65316,0
2026-08-06 02:40:00+00:00,180562.426,181177.621,180559.765,181081.13,150,65316,0
2026-08-06 02:45:00+00:00,181028.682,181208.041,180360.567,180618.669,150,65316,0
2026-08-06 02:50:00+00:00,180580.711,180976.866,180467.078,180839.79,150,65316,0
2026-08-06 02:55:00+00:00,180805.22,181339.127,180233.52,181339.127,150,65316,0
2026-08-06 03:00:00+00:00,181307.68,181470.759,180426.923,180426.923,150,65316,0
2026-08-06 03:05:00+00:00,180438.65,180532.943,179820.847,179900.296,149,65316,0
2026-08-06 03:10:00+00:00,179892.673,179953.409,179313.878,179373.477,150,65316,0
2026-08-06 03:15:00+00:00,179364.284,180868.283,179364.284,180868.283,150,65316,0
2026-08-06 03:20:00+00:00,180834.248,181184.025,180466.665,180529.267,150,65316,0
2026-08-06 03:25:00+00:00,180579.306,181097.496,180579.306,180881.897,150,65316,0
2026-08-06 03:30:00+00:00,180905.247,181420.797,180733.163,181308.578,150,65316,0
2026-08-06 03:35:00+00:00,181435.459,181435.459,180636.353,181059.325,150,65316,0
2026-08-06 03:40:00+00:00,181115.226,181642.92,180862.458,180885.348,150,65316,0
2026-08-06 03:45:00+00:00,180873.211,181006.742,180665.982,180881.826,150,65316,0
2026-08-06 03:50:00+00:00,180900.12,181517.079,180710.385,181463.041,150,65316,0
2026-08-06 03:55:00+00:00,181405.202,181555.997,181011.272,181475.262,150,65316,0
2026-08-06 04:00:00+00:00,181496.943,181878.476,181057.392,181535.832,150,65316,0
2026-08-06 04:05:00+00:00,181535.603,181706.81,181312.949,181420.005,150,65316,0
2026-08-06 04:10:00+00:00,181416.561,182028.68,181368.637,181966.121,150,65316,0
2026-08-06 04:15:00+00:00,181920.257,181989.463,181191.597,181874.796,150,65316,0
2026-08-06 04:20:00+00:00,181866.362,183166.129,181866.362,182830.225,150,65316,0
2026-08-06 04:25:00+00:00,182743.745,183460.646,182674.835,183207.323,150,65316,0
2026-08-06 04:30:00+00:00,183262.122,183534.646,183080.723,183243.395,150,65316,0
2026-08-06 04:35:00+00:00,183283.938,183864.748,183226.685,183641.296,150,65316,0
2026-08-06 04:40:00+00:00,183639.892,183870.278,183376.922,183861.915,150,65316,0
2026-08-06 04:45:00+00:00,183895.299,184560.097,183895.299,184408.415,150,65316,0
2026-08-06 04:50:00+00:00,184373.187,184584.404,184131.865,184261.289,150,65316,0
2026-08-06 04:55:00+00:00,184267.913,184267.913,183769.776,183915.083,150,65316,0
2026-08-06 05:00:00+00:00,183937.599,183970.715,182834.4,182888.972,150,65316,0
2026-08-06 05:05:00+00:00,182837.378,183442.038,182656.084,182869.817,150,65316,0
2026-08-06 05:10:00+00:00,182888.193,183256.524,182836.946,182979.849,150,65316,0
2026-08-06 05:15:00+00:00,183004.399,183656.237,182699.074,183610.266,150,65316,0
2026-08-06 05:20:00+00:00,183620.547,183861.516,183358.135,183777.171,150,65316,0
2026-08-06 05:25:00+00:00,183786.003,183793.639,183081.598,183341.306,150,65316,0
2026-08-06 05:30:00+00:00,183323.814,183882.684,183064.556,183786.853,150,65316,0
2026-08-06 05:35:00+00:00,183794.027,184314.845,183699.804,184301.785,150,65316,0
2026-08-06 05:40:00+00:00,184320.19,184699.061,184141.345,184445.409,150,65316,0
2026-08-06 05:45:00+00:00,184439.89,184963.956,184385.125,184963.172,150,65316,0
2026-08-06 05:50:00+00:00,184888.237,184938.565,184018.645,184091.531,150,65316,0
2026-08-06 05:55:00+00:00,184022.98,184950.195,184022.98,184703.495,150,65316,0
2026-08-06 06:00:00+00:00,184641.579,185286.685,184550.052,185215.106,150,65316,0
2026-08-06 06:05:00+00:00,185182.28,185543.362,184813.409,185025.556,150,65316,0
2026-08-06 06:10:00+00:00,185036.046,185420.049,185030.105,185316.398,150,65316,0
2026-08-06 06:15:00+00:00,185329.663,186385.605,185025.382,186280.623,150,65316,0
2026-08-06 06:20:00+00:00,186337.341,186415.654,185705.752,185705.752,150,65316,0
2026-08-06 06:25:00+00:00,185702.013,186085.633,185387.488,185518.491,150,65316,0
2026-08-06 06:30:00+00:00,185487.184,186075.862,185316.234,185747.259,150,65316,0
2026-08-06 06:35:00+00:00,185687.241,185687.241,184802.932,185111.727,150,65316,0
2026-08-06 06:40:00+00:00,185098.014,186253.1,185013.553,186233.788,150,65316,0
2026-08-06 06:45:00+00:00,186189.294,186355.413,185888.917,186053.139,150,65316,0
2026-08-06 06:50:00+00:00,186056.391,186093.288,185515.099,185552.437,150,65316,0
2026-08-06 06:55:00+00:00,185508.249,186040.171,185479.632,185893.49,150,65316,0
2026-08-06 07:00:00+00:00,185851.75,186027.427,185463.949,185779.377,150,65316,0
2026-08-06 07:05:00+00:00,185784.024,186314.749,185496.324,185931.304,150,65316,0
2026-08-06 07:10:00+00:00,185949.77,186205.501,185636.643,185636.643,150,65316,0
2026-08-06 07:15:00+00:00,185641.455,185698.894,185258.444,185451.91,150,65316,0
2026-08-06 07:20:00+00:00,185512.932,186155.515,185418.347,186035.026,150,65316,0
2026-08-06 07:25:00+00:00,186057.719,186577.418,185726.135,186536.452,150,65316,0
2026-08-06 07:30:00+00:00,186618.822,186828.608,185608.249,185742.646,150,65316,0
2026-08-06 07:35:00+00:00,185730.139,186288.554,185567.344,186047.84,150,65316,0
2026-08-06 07:40:00+00:00,186069.707,186651.044,186011.781,186455.601,150,65316,0
2026-08-06 07:45:00+00:00,186491.374,187026.791,186440.827,186961.247,150,65316,0
2026-08-06 07:50:00+00:00,186902.105,187649.49,186762.41,186870.73,150,65316,0
2026-08-06 07:55:00+00:00,186850.835,187423.115,186433.381,186690.938,150,65316,0
2026-08-06 08:00:00+00:00,186750.783,187100.085,186590.53,186971.575,150,65316,0
2026-08-06 08:05:00+00:00,187027.97,187173.574,186345.942,186361.206,150,65316,0
2026-08-06 08:10:00+00:00,186388.084,186605.913,186131.771,186319.332,150,65316,0
2026-08-06 08:15:00+00:00,186329.573,186396.046,186009.301,186396.046,150,65316,0
2026-08-06 08:20:00+00:00,186358.783,187550.946,186358.783,187383.199,150,65316,0
2026-08-06 08:25:00+00:00,187390.36,188039.034,187283.237,187784.375,150,65316,0
2026-08-06 08:30:00+00:00,187750.222,188231.486,187618.246,187816.37,150,65316,0
2026-08-06 08:35:00+00:00,187888.611,188062.494,187510.006,187770.958,150,65316,0
2026-08-06 08:40:00+00:00,187770.491,188575.013,187770.491,188070.379,150,65316,0
2026-08-06 08:45:00+00:00,188107.436,189286.782,187943.525,189139.227,150,65316,0
2026-08-06 08:50:00+00:00,189088.58,189302.934,188426.51,188426.51,150,65316,0
2026-08-06 08:55:00+00:00,188414.999,189394.049,188414.999,189262.418,150,65316,0
2026-08-06 09:00:00+00:00,189280.14,189948.652,189026.681,189916.549,150,65316,0
2026-08-06 09:05:00+00:00,189900.104,190613.16,189849.449,190254.834,150,65316,0
2026-08-06 09:10:00+00:00,190214.347,190332.481,189317.951,189317.951,150,65316,0
2026-08-06 09:15:00+00:00,189331.582,189631.049,188882.374,189119.975,150,65316,0
2026-08-06 09:20:00+00:00,189167.126,189893.478,188971.015,189515.912,150,65316,0
2026-08-06 09:25:00+00:00,189558.498,189839.258,189080.705,189267.699,150,65316,0
2026-08-06 09:30:00+00:00,189255.864,189302.417,188476.745,189150.336,150,65316,0
2026-08-06 09:35:00+00:00,189166.97,189716.345,189062.151,189145.112,150,65316,0
2026-08-06 09:40:00+00:00,189095.21,189361.516,188519.591,188626.716,150,65316,0
2026-08-06 09:45:00+00:00,188617.683,188966.402,188274.242,188578.422,150,65316,0
2026-08-06 09:50:00+00:00,188506.7,189225.803,188367.528,188986.621,150,65316,0
2026-08-06 09:55:00+00:00,188953.195,189362.388,188471.075,189166.105,150,65316,0
2026-08-06 10:00:00+00:00,189137.345,189298.07,188706.369,188863.544,150,65316,0
2026-08-06 10:05:00+00:00,188879.852,189568.201,188758.277,188806.532,150,65316,0
2026-08-06 10:10:00+00:00,188870.673,189110.09,188605.307,189108.366,150,65316,0
2026-08-06 10:15:00+00:00,188972.064,189682.612,188694.059,188723.105,150,65316,0
2026-08-06 10:20:00+00:00,188750.775,188992.331,188657.032,188700.572,150,65316,0
2026-08-06 10:25:00+00:00,188771.042,189416.857,188746.173,189092.469,150,65316,0
2026-08-06 10:30:00+00:00,189087.394,189374.227,188510.642,189171.805,150,65316,0
2026-08-06 10:35:00+00:00,189122.518,189235.042,188430.055,188773.414,150,65316,0
2026-08-06 10:40:00+00:00,188751.257,188751.257,187144.843,187386.036,150,65316,0
2026-08-06 10:45:00+00:00,187402.461,187554.294,186779.634,187554.294,150,65316,0
2026-08-06 10:50:00+00:00,187458.56,188100.694,187129.9,187944.337,150,65316,0
2026-08-06 10:55:00+00:00,187942.778,188176.812,187601.046,187924.882,150,65316,0
2026-08-06 11:00:00+00:00,187878.11,189138.72,187878.11,188811.58,150,65316,0
2026-08-06 11:05:00+00:00,188879.264,188888.68,188292.763,188687.04,150,65316,0
2026-08-06 11:10:00+00:00,188695.476,188713.803,187955.961,188335.998,150,65316,0
2026-08-06 11:15:00+00:00,188318.78,188449.923,187635.433,187932.343,150,65316,0
2026-08-06 11:20:00+00:00,187980.127,188475.079,187809.336,188084.99,150,65316,0
2026-08-06 11:25:00+00:00,188015.088,188404.604,187801.207,187801.207,150,65316,0
2026-08-06 11:30:00+00:00,187730.939,188553.572,187320.119,188536.746,150,65316,0
2026-08-06 11:35:00+00:00,188596.018,189105.947,188380.294,188898.541,150,65316,0
2026-08-06 11:40:00+00:00,188971.511,189306.293,188643.225,189037.266,150,65316,0
2026-08-06 11:45:00+00:00,189065.753,189748.432,189065.753,189315.207,150,65316,0
2026-08-06 11:50:00+00:00,189327.774,189420.409,188770.242,188903.878,150,65316,0
2026-08-06 11:55:00+00:00,188903.319,188975.731,188390.315,188744.643,150,65316,0
2026-08-06 12:00:00+00:00,188735.697,188823.848,187978.522,188276.624,150,65316,0
2026-08-06 12:05:00+00:00,188306.423,188976.8,188027.104,188715.079,150,65316,0
2026-08-06 12:10:00+00:00,188666.677,189176.506,188204.424,189044.402,150,65316,0
2026-08-06 12:15:00+00:00,189090.412,190212.974,188894.313,190212.974,150,65316,0
2026-08-06 12:20:00+00:00,190268.26,190731.813,189808.241,189808.241,150,65316,0
2026-08-06 12:25:00+00:00,189892.215,190555.763,189892.215,190511.842,149,65316,0
2026-08-06 12:30:00+00:00,190451.409,191449.416,190392.711,191180.74,150,65316,0
2026-08-06 12:35:00+00:00,191209.11,191420.001,190827.531,191420.001,150,65316,0
2026-08-06 12:40:00+00:00,191494.002,192261.766,191476.462,192145.557,150,65316,0
2026-08-06 12:45:00+00:00,192126.824,192344.594,190978.065,191046.224,150,65316,0
2026-08-06 12:50:00+00:00,191027.118,191089.058,190143.511,190751.827,150,65316,0
2026-08-06 12:55:00+00:00,190744.589,191184.882,190620.71,190939.491,150,65316,0
2026-08-06 13:00:00+00:00,191033.781,191617.407,190965.414,191465.759,150,65316,0
2026-08-06 13:05:00+00:00,191549.951,191724.106,190848.218,191211.138,150,65316,0
2026-08-06 13:10:00+00:00,191188.857,191188.857,190311.616,190374.227,150,65316,0
2026-08-06 13:15:00+00:00,190414.588,190414.588,189255.839,189255.839,150,65316,0
2026-08-06 13:20:00+00:00,189242.259,189542.376,188808.619,188903.387,150,65316,0
2026-08-06 13:25:00+00:00,188843.094,189716.38,188613.852,189547.502,150,65316,0
2026-08-06 13:30:00+00:00,189499.963,189809.144,188686.366,189062.651,150,65316,0
2026-08-06 13:35:00+00:00,189113.793,189673.176,189002.502,189332.217,150,65316,0
2026-08-06 13:40:00+00:00,189298.184,189701.11,189202.205,189586.234,150,65316,0
2026-08-06 13:45:00+00:00,189559.033,189815.037,189197.234,189294.61,150,65316,0
2026-08-06 13:50:00+00:00,189284.163,189753.767,189009.244,189633.884,150,65316,0
2026-08-06 13:55:00+00:00,189661.889,190158.246,189624.15,189987.589,150,65316,0
2026-08-06 14:00:00+00:00,190020.743,190345.936,189909.629,190010.799,150,65316,0
2026-08-06 14:05:00+00:00,190008.47,190168.162,189774.544,190142.391,150,65316,0
2026-08-06 14:10:00+00:00,190016.098,190363.472,189877.069,190359.565,150,65316,0
2026-08-06 14:15:00+00:00,190342.275,191216.424,190104.851,191110.985,150,65316,0
2026-08-06 14:20:00+00:00,191254.726,191846.537,190898.202,191050.546,150,65316,0
2026-08-06 14:25:00+00:00,191049.734,191506.954,190971.736,191265.885,150,65316,0
2026-08-06 14:30:00+00:00,191259.319,191581.426,190470.483,190561.726,150,65316,0
2026-08-06 14:35:00+00:00,190620.918,191328.158,190426.831,190962.852,150,65316,0
2026-08-06 14:40:00+00:00,190999.898,191759.48,190945.191,191587.701,150,65316,0
2026-08-06 14:45:00+00:00,191565.833,192048.047,191303.803,191921.186,150,65316,0
2026-08-06 14:50:00+00:00,191935.056,192123.442,190801.473,190931.409,150,65316,0
2026-08-06 14:55:00+00:00,190961.697,191081.279,190334.676,190587.872,150,65316,0
2026-08-06 15:00:00+00:00,190571.768,190972.867,190488.008,190797.262,150,65316,0
2026-08-06 15:05:00+00:00,190774.969,191525.229,190629.485,191141.026,150,65316,0
2026-08-06 15:10:00+00:00,191099.682,191911.927,190941.122,191576.389,150,65316,0
2026-08-06 15:15:00+00:00,191589.22,192412.655,191518.553,192281.036,150,65316,0
2026-08-06 15:20:00+00:00,192295.64,192477.094,191869.604,192195.031,150,65316,0
2026-08-06 15:25:00+00:00,192212.05,192488.525,191448.18,191579.857,150,65316,0
2026-08-06 15:30:00+00:00,191557.283,191964.119,191365.76,191383.132,150,65316,0
2026-08-06 15:35:00+00:00,191382.356,192277.052,191254.807,192080.018,150,65316,0
2026-08-06 15:40:00+00:00,192033.087,192666.909,191980.587,192517.569,150,65316,0
2026-08-06 15:45:00+00:00,192485.755,193221.437,192391.216,192779.117,150,65316,0
2026-08-06 15:50:00+00:00,192812.106,192854.67,191913.113,192109.933,150,65316,0
2026-08-06 15:55:00+00:00,192096.264,192606.845,192035.122,192319.748,150,65316,0
2026-08-06 16:00:00+00:00,192343.99,192347.508,191729.884,191980.725,150,65316,0
2026-08-06 16:05:00+00:00,191946.893,192008.548,191372.259,191459.122,150,65316,0
2026-08-06 16:10:00+00:00,191386.362,191556.006,190913.358,191395.942,150,65316,0
2026-08-06 16:15:00+00:00,191351.096,191417.929,190685.668,190685.668,150,65316,0
2026-08-06 16:20:00+00:00,190690.792,192213.377,190682.735,191879.492,150,65316,0
2026-08-06 16:25:00+00:00,191869.647,192073.152,191417.475,191841.72,150,65316,0
2026-08-06 16:30:00+00:00,191798.029,192780.329,191632.316,192551.427,150,65316,0
2026-08-06 16:35:00+00:00,192550.381,193413.546,192389.03,193106.913,150,65316,0
2026-08-06 16:40:00+00:00,193114.342,194170.946,193075.647,193596.038,150,65316,0
2026-08-06 16:45:00+00:00,193588.655,193899.31,193189.811,193663.764,150,65316,0
2026-08-06 16:50:00+00:00,193674.328,193742.645,192501.52,192627.249,150,65316,0
2026-08-06 16:55:00+00:00,192594.928,192765.908,192005.992,192192.67,150,65316,0
2026-08-06 17:00:00+00:00,192136.983,193504.301,192041.191,193325.807,150,65316,0
2026-08-06 17:05:00+00:00,193334.646,194090.776,193334.646,193450.444,150,65316,0
2026-08-06 17:10:00+00:00,193483.361,193687.826,192939.948,193283.679,150,65316,0
2026-08-06 17:15:00+00:00,193210.133,193210.133,192453.398,192739.812,150,65316,0
2026-08-06 17:20:00+00:00,192716.418,192881.78,191787.706,191885.754,150,65316,0
2026-08-06 17:25:00+00:00,191879.658,192320.12,191542.146,192320.12,150,65316,0
2026-08-06 17:30:00+00:00,192275.94,192676.195,192034.783,192451.94,150,65316,0
2026-08-06 17:35:00+00:00,192465.33,193664.336,192465.33,193274.231,150,65316,0
2026-08-06 17:40:00+00:00,193280.651,193571.165,193080.905,193127.643,150,65316,0
2026-08-06 17:45:00+00:00,193186.904,193537.214,192909.927,193537.214,150,65316,0
2026-08-06 17:50:00+00:00,193527.32,193902.907,193409.265,193638.992,150,65316,0
2026-08-06 17:55:00+00:00,193662.279,194584.76,193632.16,194314.875,150,65316,0
2026-08-06 18:00:00+00:00,194303.058,194873.846,194229.87,194676.113,150,65316,0
2026-08-06 18:05:00+00:00,194697.653,195046.652,194385.257,194975.007,150,65316,0
2026-08-06 18:10:00+00:00,194900.538,195449.794,194900.538,195155.703,150,65316,0
2026-08-06 18:15:00+00:00,195125.553,195125.553,194292.469,194554.686,150,65316,0
2026-08-06 18:20:00+00:00,194540.097,194643.658,194029.075,194239.115,150,65316,0
2026-08-06 18:25:00+00:00,194287.627,194383.947,193723.734,194254.829,150,65316,0
2026-08-06 18:30:00+00:00,194255.04,194315.091,193802.717,194249.081,150,65316,0
2026-08-06 18:35:00+00:00,194266.245,194804.028,193920.593,194804.028,150,65316,0
2026-08-06 18:40:00+00:00,194868.95,195910.9,194754.965,195751.649,150,65316,0
2026-08-06 18:45:00+00:00,195699.279,195855.011,195154.279,195576.871,150,65316,0
2026-08-06 18:50:00+00:00,195600.623,195893.101,195265.185,195631.238,150,65316,0
2026-08-06 18:55:00+00:00,195664.025,195784.326,194274.334,194274.334,150,65316,0
2026-08-06 19:00:00+00:00,194204.266,194862.319,194156.961,194862.319,150,65316,0
2026-08-06 19:05:00+00:00,194790.457,195279.598,194631.446,194918.602,150,65316,0
2026-08-06 19:10:00+00:00,194882.875,195994.565,194795.496,195467.381,150,65316,0
2026-08-06 19:15:00+00:00,195519.119,195895.073,195472.238,195629.276,150,65316,0
2026-08-06 19:20:00+00:00,195630.152,196357.143,195406.448,195868.339,150,65316,0
2026-08-06 19:25:00+00:00,195864.584,196284.192,195710.456,195969.825,150,65316,0
2026-08-06 19:30:00+00:00,195971.817,196238.468,195603.315,195985.833,150,65316,0
2026-08-06 19:35:00+00:00,195911.028,196370.38,195566.823,195690.882,150,65316,0
2026-08-06 19:40:00+00:00,195684.166,195885.543,194903.919,195192.935,150,65316,0
2026-08-06 19:45:00+00:00,195192.454,195563.911,194578.806,194578.806,150,65316,0
2026-08-06 19:50:00+00:00,194590.11,195226.469,194080.769,194175.135,150,65316,0
2026-08-06 19:55:00+00:00,194138.698,194597.748,193894.845,194597.748,150,65316,0
2026-08-06 20:00:00+00:00,194615.304,195432.785,194471.717,195399.125,150,65316,0
2026-08-06 20:05:00+00:00,195375.506,195401.913,194101.843,194212.053,150,65316,0
2026-08-06 20:10:00+00:00,194171.36,194208.037,193736.945,193893.845,150,65316,0
2026-08-06 20:15:00+00:00,193918.427,194135.977,193182.561,193355.256,150,65316,0
2026-08-06 20:20:00+00:00,193424.894,193489.089,192582.637,193038.796,150,65316,0
2026-08-06 20:25:00+00:00,193122.596,193717.992,192733.878,193501.461,150,65316,0
2026-08-06 20:30:00+00:00,193458.722,193660.504,193163.442,193163.442,150,65316,0
2026-08-06 20:35:00+00:00,193201.974,193239.174,192687.703,192856.412,150,65316,0
2026-08-06 20:40:00+00:00,192860.389,193000.519,192520.328,192642.19,150,65316,0
2026-08-06 20:45:00+00:00,192664.892,192724.075,191588.942,191588.942,150,65316,0
2026-08-06 20:50:00+00:00,191563.634,191870.735,191361.105,191870.735,150,65316,0
2026-08-06 20:55:00+00:00,191872.043,192207.349,191662.019,191924.111,150,65316,0
2026-08-06 21:00:00+00:00,191890.806,192732.114,191604.793,192535.626,150,65316,0
2026-08-06 21:05:00+00:00,192499.861,193477.175,192354.776,193431.984,150,65316,0
2026-08-06 21:10:00+00:00,193418.945,194174.786,193253.198,194126.86,150,65316,0
2026-08-06 21:15:00+00:00,194104.908,194674.531,193781.981,194599.686,150,65316,0
2026-08-06 21:20:00+00:00,194658.261,195363.304,194557.822,195231.985,150,65316,0
2026-08-06 21:25:00+00:00,195173.869,195385.283,194663.43,194686.682,150,65316,0
2026-08-06 21:30:00+00:00,194704.764,194738.658,194206.037,194246.33,150,65316,0
2026-08-06 21:35:00+00:00,194181.741,194682.162,193958.98,194310.072,150,65316,0
2026-08-06 21:40:00+00:00,194361.472,195374.069,194138.942,195138.994,150,65316,0
2026-08-06 21:45:00+00:00,195202.545,195312.539,194750.626,195004.09,150,65316,0
2026-08-06 21:50:00+00:00,195010.149,195083.256,193418.601,193418.601,150,65316,0
2026-08-06 21:55:00+00:00,193497.128,193883.699,193300.4,193637.512,150,65316,0
2026-08-06 22:00:00+00:00,193607.103,194043.044,193540.6,193913.799,150,65316,0
2026-08-06 22:05:00+00:00,193933.639,194637.949,193797.055,194187.268,150,65316,0
2026-08-06 22:10:00+00:00,194238.701,194320.85,193126.62,193311.151,150,65316,0
2026-08-06 22:15:00+00:00,193376.615,193604.976,192662.294,193441.761,150,65316,0
2026-08-06 22:20:00+00:00,193418.362,193594.681,193069.457,193244.617,150,65316,0
2026-08-06 22:25:00+00:00,193271.195,193763.214,192906.788,193406.966,150,65316,0
2026-08-06 22:30:00+00:00,193406.203,194622.659,193284.014,194605.136,150,65316,0
2026-08-06 22:35:00+00:00,194604.136,194848.239,193947.972,194036.959,150,65316,0
2026-08-06 22:40:00+00:00,194009.338,194390.213,193673.245,194004.007,150,65316,0
2026-08-06 22:45:00+00:00,193965.496,194318.64,193340.102,193487.897,150,65316,0
2026-08-06 22:50:00+00:00,193421.798,193543.361,193021.081,193450.575,150,65316,0
2026-08-06 22:55:00+00:00,193534.023,193534.023,192394.941,192608.528,150,65316,0
2026-08-06 23:00:00+00:00,192642.192,192923.729,191897.825,192007.661,150,65316,0
2026-08-06 23:05:00+00:00,192017.997,192618.225,191875.515,192503.24,150,65316,0
2026-08-06 23:10:00+00:00,192580.987,193391.348,192179.706,193372.824,150,65316,0
2026-08-06 23:15:00+00:00,193424.073,194042.765,193412.296,193857.873,150,65316,0
2026-08-06 23:20:00+00:00,193963.756,194590.709,193641.813,193667.803,150,65316,0
2026-08-06 23:25:00+00:00,193754.865,194248.448,193526.214,194181.064,150,65316,0
2026-08-06 23:30:00+00:00,194208.812,194752.03,194047.211,194595.658,150,65316,0
2026-08-06 23:35:00+00:00,194651.628,195012.486,194349.214,194659.275,149,65316,0
2026-08-06 23:40:00+00:00,194604.454,194640.574,193976.129,194149.573,150,65316,0
2026-08-06 23:45:00+00:00,194126.175,195171.447,194047.95,195050.645,150,65316,0
2026-08-06 23:50:00+00:00,195032.003,195929.788,194985.944,195916.29,150,65316,0
2026-08-06 23:55:00+00:00,195929.984,196151.757,195344.681,195650.121,150,65316,0
2026-08-07 00:00:00+00:00,195663.489,196124.341,195307.121,196048.088,150,65316,0
2026-08-07 00:05:00+00:00,196033.624,196801.989,196032.741,196444.99,150,65316,0
2026-08-07 00:10:00+00:00,196490.58,196552.837,195283.577,195343.586,150,65316,0
2026-08-07 00:15:00+00:00,195365.014,195947.138,195212.463,195735.471,150,65316,0
2026-08-07 00:20:00+00:00,195757.788,196063.168,195237.153,195326.378,150,65316,0
2026-08-07 00:25:00+00:00,195331.468,195774.442,194971.39,195069.62,150,65316,0
2026-08-07 00:30:00+00:00,195044.404,195302.665,194206.058,194518.814,150,65316,0
2026-08-07 00:35:00+00:00,194441.692,194562.994,193138.078,193193.256,150,65316,0
2026-08-07 00:40:00+00:00,193169.317,194125.838,193169.317,194124.979,150,65316,0
2026-08-07 00:45:00+00:00,194198.572,195231.248,194198.572,194567.487,150,65316,0
2026-08-07 00:50:00+00:00,194592.546,195092.142,194407.408,194907.855,150,65316,0
2026-08-07 00:55:00+00:00,194935.463,195532.522,194935.463,195394.046,150,65316,0
2026-08-07 01:00:00+00:00,195410.944,196379.673,195386.142,196216.251,150,65316,0
2026-08-07 01:05:00+00:00,196336.07,196399.784,195882.2,196107.53,150,65316,0
2026-08-07 01:10:00+00:00,196054.77,196054.77,195292.822,195441.283,150,65316,0
2026-08-07 01:15:00+00:00,195381.549,196653.018,195131.976,196653.018,150,65316,0
2026-08-07 01:20:00+00:00,196634.805,197388.519,196634.805,197290.091,150,65316,0
2026-08-07 01:25:00+00:00,197268.618,197384.937,196806.859,197029.704,150,65316,0
2026-08-07 01:30:00+00:00,197077.909,197416.219,196787.291,196903.442,150,65316,0
2026-08-07 01:35:00+00:00,196912.357,197082.78,196358.214,196397.966,150,65316,0
2026-08-07 01:40:00+00:00,196452.336,196647.751,195259.966,195259.966,150,65316,0
2026-08-07 01:45:00+00:00,195307.141,195406.027,194477.516,194967.531,150,65316,0
2026-08-07 01:50:00+00:00,194953.944,195048.566,194028.498,194059.352,150,65316,0
2026-08-07 01:55:00+00:00,194035.093,194035.093,193028.581,193141.171,150,65316,0
2026-08-07 02:00:00+00:00,193181.49,193555.991,193061.729,193325.568,150,65316,0
2026-08-07 02:05:00+00:00,193291.954,193307.64,192339.297,192819.151,150,65316,0
2026-08-07 02:10:00+00:00,192842.435,193807.364,192842.435,193586.038,150,65316,0
2026-08-07 02:15:00+00:00,193590.548,194561.407,193556.036,194168.344,150,65316,0
2026-08-07 02:20:00+00:00,194254.168,194778.361,194218.496,194699.09,150,65316,0
2026-08-07 02:25:00+00:00,194746.677,196434.262,194655.73,196405.485,150,65316,0
2026-08-07 02:30:00+00:00,196438.793,196516.619,195209.542,195293.918,150,65316,0
2026-08-07 02:35:00+00:00,195234.529,195288.659,194557.662,194721.27,150,65316,0
2026-08-07 02:40:00+00:00,194734.19,194991.448,194283.242,194768.365,150,65316,0
2026-08-07 02:45:00+00:00,194804.214,194989.425,194566.895,194945.065,150,65316,0
2026-08-07 02:50:00+00:00,194939.941,194939.941,194355.143,194549.621,150,65316,0
2026-08-07 02:55:00+00:00,194573.377,195288.225,194573.377,195247.712,150,65316,0
2026-08-07 03:00:00+00:00,195225.361,195464.477,194573.852,194777.491,150,65316,0
2026-08-07 03:05:00+00:00,194852.393,195193.39,193939.662,193939.662,150,65316,0
2026-08-07 03:10:00+00:00,193865.606,194205.951,193608.228,193946.267,150,65316,0
2026-08-07 03:15:00+00:00,193986.38,194292.973,193818.558,194082.76,150,65316,0
2026-08-07 03:20:00+00:00,194033.057,194397.845,193995.656,194217.736,150,65316,0
2026-08-07 03:25:00+00:00,194138.79,194332.876,193163.325,193394.43,150,65316,0
2026-08-07 03:30:00+00:00,193458.174,193774.047,193196.462,193514.409,150,65316,0
2026-08-07 03:35:00+00:00,193566.548,194420.992,193303.595,194420.992,150,65316,0
2026-08-07 03:40:00+00:00,194340.468,194353.387,193527.927,193690.316,150,65316,0
2026-08-07 03:45:00+00:00,193697.005,193854.654,193241.707,193507.697,150,65316,0
2026-08-07 03:50:00+00:00,193526.514,194082.342,193228.931,194067.949,150,65316,0
2026-08-07 03:55:00+00:00,194048.317,195270.807,193825.738,195251.793,150,65316,0
2026-08-07 04:00:00+00:00,195194.181,195729.139,194939.103,195517.602,150,65316,0
2026-08-07 04:05:00+00:00,195487.519,196121.061,195412.685,195934.996,150,65316,0
2026-08-07 04:10:00+00:00,195969.823,195969.823,195411.183,195941.501,150,65316,0
2026-08-07 04:15:00+00:00,195894.116,195924.339,195129.101,195218.79,150,65316,0
2026-08-07 04:20:00+00:00,195248.398,195425.941,194700.619,194887.514,150,65316,0
2026-08-07 04:25:00+00:00,194870.261,195416.728,194861.791,194985.209,150,65316,0
2026-08-07 04:30:00+00:00,194939.3,195320.155,194548.6,195300.766,150,65316,0
2026-08-07 04:35:00+00:00,195268.345,195427.293,194574.702,194739.366,150,65316,0
2026-08-07 04:40:00+00:00,194819.909,195181.45,194439.204,194659.439,150,65316,0
2026-08-07 04:45:00+00:00,194705.363,195699.823,194633.596,195209.109,150,65316,0
2026-08-07 04:50:00+00:00,195232.763,195402.639,194745.051,195067.92,150,65316,0
2026-08-07 04:55:00+00:00,195025.73,195562.426,194957.06,195435.566,150,65316,0
2026-08-07 05:00:00+00:00,195359.207,196346.27,195359.207,196172.545,150,65316,0
2026-08-07 05:05:00+00:00,196215.013,196245.482,195601.16,195695.797,150,65316,0
2026-08-07 05:10:00+00:00,195637.282,196384.825,195614.867,196034.414,150,65316,0
2026-08-07 05:15:00+00:00,195974.306,197559.245,195974.306,197408.396,150,65316,0
2026-08-07 05:20:00+00:00,197402.715,198169.613,197371.084,197845.454,150,65316,0
2026-08-07 05:25:00+00:00,197907.069,198322.227,197443.087,198264.716,150,65316,0
2026-08-07 05:30:00+00:00,198355.447,198800.148,198165.21,198640.352,150,65316,0
2026-08-07 05:35:00+00:00,198634.81,198870.083,198178.17,198634.118,150,65316,0
2026-08-07 05:40:00+00:00,198592.784,198592.784,197983.454,198042.837,150,65316,0
2026-08-07 05:45:00+00:00,198035.607,198197.882,197794.564,198005.72,150,65316,0
2026-08-07 05:50:00+00:00,197978.02,197978.02,197245.978,197584.479,150,65316,0
2026-08-07 05:55:00+00:00,197609.818,198436.591,197579.299,198122.555,150,65316,0
2026-08-07 06:00:00+00:00,198177.145,198292.449,197566.433,197650.429,150,65316,0
2026-08-07 06:05:00+00:00,197675.885,197866.083,197242.724,197532.89,150,65316,0
2026-08-07 06:10:00+00:00,197527.644,197544.812,196712.491,196773.432,150,65316,0
2026-08-07 06:15:00+00:00,196719.667,196743.627,195517.815,195564.682,150,65316,0
2026-08-07 06:20:00+00:00,195585.143,196323.986,195585.143,196128.512,150,65316,0
2026-08-07 06:25:00+00:00,196101.917,196187.295,195687.066,195813.013,150,65316,0
2026-08-07 06:30:00+00:00,195805.738,196465.459,195753.154,195966.297,150,65316,0
2026-08-07 06:35:00+00:00,195980.135,196260.697,195834.18,196071.05,150,65316,0
2026-08-07 06:40:00+00:00,196088.711,196441.182,195885.041,195933.875,150,65316,0
2026-08-07 06:45:00+00:00,195925.762,196383.826,195719.32,195958.769,150,65316,0
2026-08-07 06:50:00+00:00,195986.143,196095.307,195497.404,196012.991,150,65316,0
2026-08-07 06:55:00+00:00,196081.313,196243.048,195409.51,195516.408,150,65316,0
2026-08-07 07:00:00+00:00,195503.849,195555.305,194879.128,194879.128,150,65316,0
2026-08-07 07:05:00+00:00,194908.545,195246.173,194317.598,194382.843,150,65316,0
2026-08-07 07:10:00+00:00,194332.218,194692.951,194153.896,194293.233,150,65316,0
2026-08-07 07:15:00+00:00,194362.455,194706.768,194248.404,194612.245,150,65316,0
2026-08-07 07:20:00+00:00,194594.156,196048.078,194326.785,195998.106,150,65316,0
2026-08-07 07:25:00+00:00,196016.615,196086.606,195545.472,195701.173,150,65316,0
2026-08-07 07:30:00+00:00,195746.386,195927.147,195160.664,195264.643,150,65316,0
2026-08-07 07:35:00+00:00,195248.298,195336.006,194554.088,194813.164,150,65316,0
2026-08-07 07:40:00+00:00,194861.619,194911.2,194176.929,194211.73,150,65316,0
2026-08-07 07:45:00+00:00,194135.0,194562.029,193736.861,194192.849,150,65316,0
2026-08-07 07:50:00+00:00,194153.134,194303.811,193345.917,194303.811,150,65316,0
2026-08-07 07:55:00+00:00,194242.795,194979.87,194206.224,194551.759,150,65316,0
2026-08-07 08:00:00+00:00,194546.296,194580.586,193998.364,194434.51,150,65316,0
2026-08-07 08:05:00+00:00,194417.787,195622.231,194329.882,195226.114,150,65316,0
2026-08-07 08:10:00+00:00,195199.146,195299.622,194775.432,195035.702,150,65316,0
2026-08-07 08:15:00+00:00,195064.844,195527.595,194877.283,195216.832,150,65316,0
2026-08-07 08:20:00+00:00,195259.998,195701.735,194918.714,195542.383,150,65316,0
2026-08-07 08:25:00+00:00,195591.62,195591.62,194185.504,194724.682,150,65316,0
2026-08-07 08:30:00+00:00,194773.621,195276.89,194417.8,194801.01,150,65316,0
2026-08-07 08:35:00+00:00,194783.45,194783.45,193740.251,193917.576,150,65316,0
2026-08-07 08:40:00+00:00,193936.289,194936.275,193860.439,194513.867,150,65316,0
2026-08-07 08:45:00+00:00,194515.973,194849.993,193389.144,193689.063,150,65316,0
2026-08-07 08:50:00+00:00,193705.592,194773.618,193642.144,194346.566,150,65316,0
2026-08-07 08:55:00+00:00,194370.112,195302.976,194370.112,195302.976,150,65316,0
2026-08-07 09:00:00+00:00,195341.421,196245.606,195341.421,195618.884,150,65316,0
2026-08-07 09:05:00+00:00,195601.95,195725.761,194824.461,194866.929,150,65316,0
2026-08-07 09:10:00+00:00,194909.693,195476.659,194804.69,195383.828,150,65316,0
2026-08-07 09:15:00+00:00,195356.875,196079.889,195311.03,196079.889,150,65316,0
2026-08-07 09:20:00+00:00,196093.646,196428.713,195526.163,195637.48,150,65316,0
2026-08-07 09:25:00+00:00,195644.199,196343.023,195551.572,195986.677,150,65316,0
2026-08-07 09:30:00+00:00,195966.176,196124.435,195436.129,195614.733,150,65316,0
2026-08-07 09:35:00+00:00,195594.476,195932.519,195465.011,195628.805,150,65316,0
2026-08-07 09:40:00+00:00,195637.148,195778.387,195153.388,195294.963,150,65316,0
2026-08-07 09:45:00+00:00,195274.009,195514.734,195010.173,195036.377,150,65316,0
2026-08-07 09:50:00+00:00,195017.797,195552.715,194880.262,194941.348,150,65316,0
2026-08-07 09:55:00+00:00,194989.893,195164.083,194463.854,194790.565,150,65316,0
2026-08-07 10:00:00+00:00,194832.308,195415.871,194508.898,195300.638,150,65316,0
2026-08-07 10:05:00+00:00,195339.766,195830.995,195264.857,195626.003,150,65316,0
2026-08-07 10:10:00+00:00,195636.085,196361.298,195343.299,196012.346,150,65316,0
2026-08-07 10:15:00+00:00,195981.533,196826.297,195981.533,196527.924,150,65316,0
2026-08-07 10:20:00+00:00,196578.776,197005.898,196453.853,196909.659,150,65316,0
2026-08-07 10:25:00+00:00,196942.252,197424.922,196890.881,197086.923,150,65316,0
2026-08-07 10:30:00+00:00,197050.045,197222.668,196280.987,196596.107,150,65316,0
2026-08-07 10:35:00+00:00,196583.485,196892.602,196286.341,196432.608,150,65316,0
2026-08-07 10:40:00+00:00,196419.266,196857.434,196210.155,196709.403,150,65316,0
2026-08-07 10:45:00+00:00,196691.436,197584.665,196691.436,197480.053,150,65316,0
2026-08-07 10:50:00+00:00,197500.77,197567.907,196964.265,197280.663,150,65316,0
2026-08-07 10:55:00+00:00,197300.612,198189.631,197018.746,198189.631,150,65316,0
2026-08-07 11:00:00+00:00,198169.954,198412.666,197616.05,197616.05,150,65316,0
2026-08-07 11:05:00+00:00,197571.302,198034.03,197397.979,197755.665,150,65316,0
2026-08-07 11:10:00+00:00,197797.064,198709.047,197619.328,197619.328,150,65316,0
2026-08-07 11:15:00+00:00,197622.138,197951.578,197236.699,197424.352,150,65316,0
2026-08-07 11:20:00+00:00,197419.988,197470.859,196559.275,196744.554,150,65316,0
2026-08-07 11:25:00+00:00,196696.168,196983.347,196343.039,196894.37,150,65316,0
2026-08-07 11:30:00+00:00,196845.319,197263.977,196467.276,196474.656,150,65316,0
2026-08-07 11:35:00+00:00,196543.849,196823.126,196132.469,196320.733,150,65316,0
2026-08-07 11:40:00+00:00,196264.303,196496.645,196010.256,196293.514,150,65316,0
2026-08-07 11:45:00+00:00,196268.355,196925.274,196268.355,196788.675,150,65316,0
2026-08-07 11:50:00+00:00,196759.1,197487.65,196681.931,197072.134,150,65316,0
2026-08-07 11:55:00+00:00,196983.141,197025.614,196439.98,196592.971,150,65316,0
2026-08-07 12:00:00+00:00,196637.137,197559.167,196306.661,197465.976,150,65316,0
2026-08-07 12:05:00+00:00,197444.067,198020.923,197358.223,197564.244,150,65316,0
2026-08-07 12:10:00+00:00,197507.721,197611.892,196906.875,197365.547,150,65316,0
2026-08-07 12:15:00+00:00,197338.678,197647.693,196902.766,197047.645,150,65316,0
2026-08-07 12:20:00+00:00,197060.336,197546.331,196810.698,197376.964,150,65316,0
2026-08-07 12:25:00+00:00,197340.36,197433.322,196773.666,196912.185,150,65316,0
2026-08-07 12:30:00+00:00,196926.212,197703.076,196749.496,197646.526,150,65316,0
2026-08-07 12:35:00+00:00,197662.303,199111.275,197394.197,199080.012,150,65316,0
2026-08-07 12:40:00+00:00,199024.682,199245.877,198757.612,199214.141,150,65316,0
2026-08-07 12:45:00+00:00,199158.055,199538.126,199073.81,199260.09,150,65316,0
2026-08-07 12:50:00+00:00,199266.378,200050.245,199185.618,199957.499,150,65316,0
2026-08-07 12:55:00+00:00,199976.723,200268.699,199424.681,199507.783,150,65316,0
2026-08-07 13:00:00+00:00,199544.362,199708.243,199308.752,199366.094,150,65316,0
2026-08-07 13:05:00+00:00,199355.937,199620.575,198481.504,198653.591,150,65316,0
2026-08-07 13:10:00+00:00,198618.015,199708.944,198596.854,199102.948,150,65316,0
2026-08-07 13:15:00+00:00,199166.399,200015.91,198831.816,199859.622,150,65316,0
2026-08-07 13:20:00+00:00,199905.607,199979.241,199177.483,199959.978,150,65316,0
2026-08-07 13:25:00+00:00,199857.671,200001.038,198964.432,199040.598,150,65316,0
2026-08-07 13:30:00+00:00,198992.486,199848.022,198904.618,199579.26,150,65316,0
2026-08-07 13:35:00+00:00,199654.82,199754.354,198842.452,199218.371,150,65316,0
2026-08-07 13:40:00+00:00,199124.951,199473.89,198634.977,199401.909,150,65316,0
2026-08-07 13:45:00+00:00,199430.375,199832.334,199247.948,199705.852,150,65316,0
2026-08-07 13:50:00+00:00,199671.614,200279.602,199329.034,199797.996,150,65316,0
2026-08-07 13:55:00+00:00,199780.936,200085.202,199503.963,199941.607,150,65316,0
2026-08-07 14:00:00+00:00,199921.614,200521.154,199855.6,200264.701,150,65316,0
2026-08-07 14:05:00+00:00,200231.042,200865.681,200100.067,200301.178,150,65316,0
2026-08-07 14:10:00+00:00,200272.296,200585.054,199980.23,200307.474,150,65316,0
2026-08-07 14:15:00+00:00,200333.646,201182.178,200333.646,201118.682,150,65316,0
2026-08-07 14:20:00+00:00,201057.381,201132.688,200221.57,200335.095,150,65316,0
2026-08-07 14:25:00+00:00,200326.439,200858.019,200062.904,200784.849,150,65316,0
2026-08-07 14:30:00+00:00,200807.627,200809.331,200088.107,200088.107,150,65316,0
2026-08-07 14:35:00+00:00,200048.285,200840.787,200036.359,200733.516,150,65316,0
2026-08-07 14:40:00+00:00,200649.933,200817.777,200205.594,200740.764,150,65316,0
2026-08-07 14:45:00+00:00,200782.895,200782.895,199896.882,200178.945,150,65316,0
2026-08-07 14:50:00+00:00,200283.295,200338.421,199781.465,199872.043,150,65316,0
2026-08-07 14:55:00+00:00,199793.216,200318.041,199791.496,200182.34,150,65316,0
2026-08-07 15:00:00+00:00,200190.385,200534.143,200029.996,200215.141,150,65316,0
2026-08-07 15:05:00+00:00,200200.179,200443.258,200009.626,200239.308,150,65316,0
2026-08-07 15:10:00+00:00,200284.736,200474.915,199875.009,200051.409,150,65316,0
2026-08-07 15:15:00+00:00,200079.606,200124.284,199396.786,199674.033,150,65316,0
2026-08-07 15:20:00+00:00,199614.906,199721.693,198541.801,198587.155,150,65316,0
2026-08-07 15:25:00+00:00,198501.903,199115.376,198232.388,199067.279,150,65316,0
2026-08-07 15:30:00+00:00,199069.721,200216.051,199069.721,200012.536,150,65316,0
2026-08-07 15:35:00+00:00,199997.109,200249.263,199736.375,199915.416,150,65316,0
2026-08-07 15:40:00+00:00,199858.87,200450.055,199511.251,199980.904,150,65316,0
2026-08-07 15:45:00+00:00,199959.625,200706.295,199959.625,200481.546,150,65316,0
2026-08-07 15:50:00+00:00,200479.852,200658.799,199892.264,200267.824,150,65316,0
2026-08-07 15:55:00+00:00,200274.331,200995.438,200212.855,200606.477,150,65316,0
2026-08-07 16:00:00+00:00,200608.341,200975.377,200452.325,200639.34,150,65316,0
2026-08-07 16:05:00+00:00,200639.592,200711.283,199601.256,199636.171,150,65316,0
2026-08-07 16:10:00+00:00,199573.776,199926.454,199396.665,199482.39,150,65316,0
2026-08-07 16:15:00+00:00,199493.387,199908.811,199114.773,199305.401,150,65316,0
2026-08-07 16:20:00+00:00,199269.361,199509.552,198915.512,198989.129,150,65316,0
2026-08-07 16:25:00+00:00,199058.608,200165.84,198767.417,199552.333,150,65316,0
2026-08-07 16:30:00+00:00,199586.523,199858.642,199180.895,199396.874,150,65316,0
2026-08-07 16:35:00+00:00,199389.394,199522.261,198897.654,199518.689,150,65316,0
2026-08-07 16:40:00+00:00,199556.048,200953.451,199556.048,200953.451,150,65316,0
2026-08-07 16:45:00+00:00,200919.974,201601.56,200872.362,201138.837,150,65316,0
2026-08-07 16:50:00+00:00,201206.678,201319.134,200770.984,200965.793,150,65316,0
2026-08-07 16:55:00+00:00,200980.281,202052.913,200698.918,201924.133,150,65316,0
2026-08-07 17:00:00+00:00,201870.783,202181.313,201343.054,201744.028,150,65316,0
2026-08-07 17:05:00+00:00,201783.272,202058.18,201571.211,201818.266,150,65316,0
2026-08-07 17:10:00+00:00,201821.698,201945.462,200991.196,201015.408,150,65316,0
2026-08-07 17:15:00+00:00,200974.573,201559.092,200913.369,201203.371,150,65316,0
2026-08-07 17:20:00+00:00,201239.095,201556.249,200918.275,201252.598,150,65316,0
2026-08-07 17:25:00+00:00,201149.694,201643.747,201025.474,201478.16,150,65316,0
2026-08-07 17:30:00+00:00,201436.636,202076.27,201106.147,202053.437,150,65316,0
2026-08-07 17:35:00+00:00,202061.772,202096.164,201254.163,201730.333,150,65316,0
2026-08-07 17:40:00+00:00,201755.194,202091.968,201172.136,201405.757,150,65316,0
2026-08-07 17:45:00+00:00,201375.371,202067.145,201344.328,201724.202,150,65316,0
2026-08-07 17:50:00+00:00,201662.114,202627.364,201532.559,202583.49,150,65316,0
2026-08-07 17:55:00+00:00,202539.031,203198.339,202454.279,202648.526,150,65316,0
2026-08-07 18:00:00+00:00,202669.439,203048.563,202044.686,203034.572,150,65316,0
2026-08-07 18:05:00+00:00,203047.066,203056.916,202054.249,202282.052,150,65316,0
2026-08-07 18:10:00+00:00,202303.49,202310.656,201133.165,201634.539,150,65316,0
2026-08-07 18:15:00+00:00,201646.918,202259.745,201528.958,202203.896,150,65316,0
2026-08-07 18:20:00+00:00,202171.38,202276.587,201808.025,202180.037,150,65316,0
2026-08-07 18:25:00+00:00,202147.546,202227.101,201644.876,201644.876,150,65316,0
2026-08-07 18:30:00+00:00,201658.249,201866.631,201141.891,201281.563,150,65316,0
2026-08-07 18:35:00+00:00,201258.606,201343.434,200811.66,201208.839,150,65316,0
2026-08-07 18:40:00+00:00,201244.122,201755.286,200896.762,201021.227,150,65316,0
2026-08-07 18:45:00+00:00,201013.137,202009.155,200828.929,201528.83,150,65316,0
2026-08-07 18:50:00+00:00,201501.274,202103.063,201394.339,201953.295,150,65316,0
2026-08-07 18:55:00+00:00,201920.323,201934.835,201218.285,201730.304,150,65316,0
2026-08-07 19:00:00+00:00,201698.595,202283.669,201560.692,201835.456,150,65316,0
2026-08-07 19:05:00+00:00,201836.261,201836.261,200980.57,201234.248,150,65316,0
2026-08-07 19:10:00+00:00,201203.659,201585.644,200713.402,201509.824,150,65316,0
2026-08-07 19:15:00+00:00,201528.148,202516.512,201528.148,202476.432,150,65316,0
2026-08-07 19:20:00+00:00,202449.82,203181.284,202446.967,202974.957,150,65316,0
2026-08-07 19:25:00+00:00,202971.016,203317.951,202576.317,202576.317,150,65316,0
2026-08-07 19:30:00+00:00,202602.452,202670.002,201693.172,201742.748,150,65316,0
2026-08-07 19:35:00+00:00,201703.616,201775.13,200456.177,200527.887,150,65316,0
2026-08-07 19:40:00+00:00,200593.413,200845.213,199757.843,200088.94,150,65316,0
2026-08-07 19:45:00+00:00,200071.777,200569.369,199750.6,199771.537,150,65316,0
2026-08-07 19:50:00+00:00,199743.639,200834.309,199674.157,200813.816,150,65316,0
2026-08-07 19:55:00+00:00,200847.17,201125.174,200666.794,200774.364,150,65316,0
2026-08-07 20:00:00+00:00,200731.12,201079.006,200442.65,200583.963,150,65316,0
2026-08-07 20:05:00+00:00,200630.39,200730.908,199870.327,200049.069,150,65316,0
2026-08-07 20:10:00+00:00,200049.975,200264.797,199568.225,200209.725,150,65316,0
2026-08-07 20:15:00+00:00,200222.954,200825.365,199978.973,200825.365,150,65316,0
2026-08-07 20:20:00+00:00,200786.613,200935.539,200288.975,200772.829,150,65316,0
2026-08-07 20:25:00+00:00,200839.401,200859.969,199649.152,200106.444,150,65316,0
2026-08-07 20:30:00+00:00,200048.886,200382.68,199443.782,199443.782,150,65316,0
2026-08-07 20:35:00+00:00,199367.964,200579.365,199293.853,200500.908,150,65316,0
2026-08-07 20:40:00+00:00,200479.321,200926.567,200479.321,200549.119,150,65316,0
2026-08-07 20:45:00+00:00,200563.199,201019.47,200448.92,200640.881,150,65316,0
2026-08-07 20:50:00+00:00,200619.316,200721.172,200337.253,200601.871,150,65316,0
2026-08-07 20:55:00+00:00,200577.887,200849.058,200130.741,200162.283,150,65316,0
2026-08-07 21:00:00+00:00,200078.519,200078.519,199271.088,199359.427,150,65316,0
2026-08-07 21:05:00+00:00,199267.642,199602.055,199088.474,199451.758,150,65316,0
2026-08-07 21:10:00+00:00,199450.874,199890.942,199066.12,199804.058,150,65316,0
2026-08-07 21:15:00+00:00,199840.203,200132.107,199254.325,200077.858,150,65316,0
2026-08-07 21:20:00+00:00,200110.385,200337.03,199914.613,200147.837,150,65316,0
2026-08-07 21:25:00+00:00,200253.503,200517.472,199578.658,200104.323,150,65316,0
2026-08-07 21:30:00+00:00,200068.581,200412.599,199706.586,200038.761,150,65316,0
2026-08-07 21:35:00+00:00,200027.426,200115.91,199353.3,199369.454,150,65316,0
2026-08-07 21:40:00+00:00,199372.89,200342.315,199216.629,200342.315,150,65316,0
2026-08-07 21:45:00+00:00,200292.144,200396.404,199754.396,199810.95,150,65316,0
2026-08-07 21:50:00+00:00,199824.04,200319.648,199711.857,200090.825,150,65316,0
2026-08-07 21:55:00+00:00,200192.191,200432.536,199656.722,199857.467,150,65316,0
2026-08-07 22:00:00+00:00,199876.609,199945.312,199141.614,199387.252,150,65316,0
2026-08-07 22:05:00+00:00,199362.374,199978.875,198917.771,199806.026,150,65316,0
2026-08-07 22:10:00+00:00,199737.351,200090.187,199220.31,199333.854,150,65316,0
2026-08-07 22:15:00+00:00,199380.36,199735.005,198952.635,199709.962,150,65316,0
2026-08-07 22:20:00+00:00,199642.997,199837.493,198973.018,199501.584,150,65316,0
2026-08-07 22:25:00+00:00,199495.841,199541.737,198626.622,198664.004,150,65316,0
2026-08-07 22:30:00+00:00,198832.69,199792.15,198737.214,199641.124,150,65316,0
2026-08-07 22:35:00+00:00,199681.863,201401.806,199392.093,201394.743,150,65316,0
2026-08-07 22:40:00+00:00,201337.091,201705.91,201154.263,201582.954,150,65316,0
2026-08-07 22:45:00+00:00,201590.563,201916.193,201417.266,201679.336,150,65316,0
2026-08-07 22:50:00+00:00,201709.886,202368.283,201709.886,202186.502,150,65316,0
2026-08-07 22:55:00+00:00,202195.552,202714.549,201859.516,202420.595,150,65316,0
2026-08-07 23:00:00+00:00,202371.563,202665.097,201614.835,201614.835,150,65316,0
2026-08-07 23:05:00+00:00,201611.939,201708.739,200984.284,201625.895,150,65316,0
2026-08-07 23:10:00+00:00,201702.037,202040.134,201596.855,201612.686,150,65316,0
2026-08-07 23:15:00+00:00,201602.166,201602.166,200732.47,200867.645,150,65316,0
2026-08-07 23:20:00+00:00,200845.518,201204.335,200341.698,201118.521,150,65316,0
2026-08-07 23:25:00+00:00,201119.955,201668.987,200888.43,200888.43,150,65316,0
2026-08-07 23:30:00+00:00,200898.29,201316.466,200477.955,201032.981,150,65316,0
2026-08-07 23:35:00+00:00,201017.136,201105.77,199921.321,199991.115,150,65316,0
2026-08-07 23:40:00+00:00,200016.097,200315.1,199847.469,200120.527,150,65316,0
2026-08-07 23:45:00+00:00,200134.534,201048.268,200134.534,200897.769,150,65316,0
2026-08-07 23:50:00+00:00,200847.103,200962.142,200399.926,200721.154,150,65316,0
2026-08-07 23:55:00+00:00,200715.369,201123.049,200325.574,201032.177,150,65316,0
2026-08-08 00:00:00+00:00,201014.137,201365.973,200438.516,201294.892,150,65316,0
2026-08-08 00:05:00+00:00,201219.55,201219.55,200354.527,201040.047,150,65316,0
2026-08-08 00:10:00+00:00,201065.638,201285.091,200623.395,200690.15,150,65316,0
2026-08-08 00:15:00+00:00,200648.743,200800.206,199323.802,199575.106,150,65316,0
2026-08-08 00:20:00+00:00,199533.886,200020.851,199221.402,199589.562,150,65316,0
2026-08-08 00:25:00+00:00,199675.318,199727.632,198661.578,198868.358,150,65316,0
2026-08-08 00:30:00+00:00,198848.271,199017.128,197918.995,197990.083,150,65316,0
2026-08-08 00:35:00+00:00,197987.495,198788.238,197774.985,197864.124,150,65316,0
2026-08-08 00:40:00+00:00,197790.886,197935.53,197053.834,197156.483,150,65316,0
2026-08-08 00:45:00+00:00,197153.19,197179.237,196458.561,196523.6,150,65316,0
2026-08-08 00:50:00+00:00,196507.693,196651.165,195806.024,196180.849,150,65316,0
2026-08-08 00:55:00+00:00,196171.231,197119.256,196148.706,196678.092,150,65316,0
2026-08-08 01:00:00+00:00,196647.618,196826.652,195834.614,196101.475,150,65316,0
2026-08-08 01:05:00+00:00,196131.963,196176.818,195338.058,195357.689,150,65316,0
2026-08-08 01:10:00+00:00,195389.31,195463.359,194590.464,194770.468,150,65316,0
2026-08-08 01:15:00+00:00,194848.402,194961.526,194474.213,194657.324,150,65316,0
2026-08-08 01:20:00+00:00,194697.7,195173.694,194423.981,194909.025,150,65316,0
2026-08-08 01:25:00+00:00,194912.873,195030.966,194223.86,194223.86,150,65316,0
2026-08-08 01:30:00+00:00,194195.797,196118.939,194132.948,196107.448,150,65316,0
2026-08-08 01:35:00+00:00,196086.025,196423.581,195729.01,195731.014,150,65316,0
2026-08-08 01:40:00+00:00,195732.547,196619.336,195672.797,196462.826,150,65316,0
2026-08-08 01:45:00+00:00,196476.74,197027.216,196258.056,196852.882,150,65316,0
2026-08-08 01:50:00+00:00,196855.485,197586.195,196839.707,197137.42,150,65316,0
2026-08-08 01:55:00+00:00,197095.885,197522.195,196711.867,196747.382,150,65316,0
2026-08-08 02:00:00+00:00,196747.121,197025.809,196479.154,196574.265,150,65316,0
2026-08-08 02:05:00+00:00,196541.992,196978.152,196383.5,196781.896,150,65316,0
2026-08-08 02:10:00+00:00,196837.674,197166.223,196571.38,197080.323,150,65316,0
2026-08-08 02:15:00+00:00,197045.961,197703.32,197038.673,197251.627,150,65316,0
2026-08-08 02:20:00+00:00,197224.847,197288.927,196362.241,196629.502,150,65316,0
2026-08-08 02:25:00+00:00,196654.887,196933.247,196376.609,196386.543,150,65316,0
2026-08-08 02:30:00+00:00,196356.329,196376.541,195282.333,195679.497,150,65316,0
2026-08-08 02:35:00+00:00,195646.41,195830.025,195347.753,195386.715,150,65316,0
2026-08-08 02:40:00+00:00,195441.923,195613.719,194910.733,194948.573,150,65316,0
2026-08-08 02:45:00+00:00,194983.203,195099.368,194100.007,194494.133,150,65316,0
2026-08-08 02:50:00+00:00,194546.812,194946.568,194385.892,194779.767,150,65316,0
2026-08-08 02:55:00+00:00,194752.342,194831.729,194005.804,194211.231,150,65316,0
2026-08-08 03:00:00+00:00,194274.913,194625.308,193784.01,194185.497,150,65316,0
2026-08-08 03:05:00+00:00,194222.818,195278.801,194209.53,194633.597,150,65316,0
2026-08-08 03:10:00+00:00,194611.721,194704.302,193876.971,194039.266,150,65316,0
2026-08-08 03:15:00+00:00,193983.587,194251.172,193437.136,193476.251,150,65316,0
2026-08-08 03:20:00+00:00,193401.915,193824.67,193190.009,193786.293,150,65316,0
2026-08-08 03:25:00+00:00,193758.927,194168.702,193652.294,193855.463,150,65316,0
2026-08-08 03:30:00+00:00,193835.496,194387.501,193835.496,194005.47,150,65316,0
2026-08-08 03:35:00+00:00,194026.843,194316.242,193608.551,193975.277,150,65316,0
2026-08-08 03:40:00+00:00,193938.71,194614.709,193910.292,194614.709,150,65316,0
2026-08-08 03:45:00+00:00,194610.476,195082.068,194433.847,194875.669,150,65316,0
2026-08-08 03:50:00+00:00,194937.212,195182.954,194617.869,194617.869,150,65316,0
2026-08-08 03:55:00+00:00,194540.873,194809.741,193585.424,193585.424,150,65316,0
2026-08-08 04:00:00+00:00,193602.75,194303.014,193386.678,194044.746,150,65316,0
2026-08-08 04:05:00+00:00,194007.504,194795.688,193976.4,194678.242,150,65316,0
2026-08-08 04:10:00+00:00,194685.536,194945.121,193689.935,194173.37,150,65316,0
2026-08-08 04:15:00+00:00,194184.085,194841.702,193860.231,194809.508,150,65316,0
2026-08-08 04:20:00+00:00,194823.866,195988.947,194811.854,195818.67,150,65316,0
2026-08-08 04:25:00+00:00,195777.096,196302.668,195600.445,196214.636,150,65316,0
2026-08-08 04:30:00+00:00,196168.805,196339.484,195582.355,195710.038,150,65316,0
2026-08-08 04:35:00+00:00,195684.116,196071.001,195405.001,195920.326,150,65316,0
2026-08-08 04:40:00+00:00,195966.138,196241.634,195525.601,196065.191,150,65316,0
2026-08-08 04:45:00+00:00,196097.933,196804.124,195935.452,196533.407,150,65316,0
2026-08-08 04:50:00+00:00,196546.579,196606.953,195418.064,195461.037,150,65316,0
2026-08-08 04:55:00+00:00,195488.804,195711.172,195205.651,195619.692,150,65316,0
2026-08-08 05:00:00+00:00,195672.71,196235.848,195435.307,196235.848,150,65316,0
2026-08-08 05:05:00+00:00,196248.552,197017.352,196200.77,196849.742,150,65316,0
2026-08-08 05:10:00+00:00,196839.768,197161.004,196432.462,196671.526,150,65316,0
2026-08-08 05:15:00+00:00,196684.476,196787.057,195888.199,196021.892,150,65316,0
2026-08-08 05:20:00+00:00,196073.542,196073.542,195363.369,195529.001,150,65316,0
2026-08-08 05:25:00+00:00,195525.88,195590.615,194703.128,194794.184,150,65316,0
2026-08-08 05:30:00+00:00,194787.06,194859.567,194421.177,194564.644,150,65316,0
2026-08-08 05:35:00+00:00,194566.098,195049.108,194083.484,194150.063,150,65316,0
2026-08-08 05:40:00+00:00,194151.83,194306.099,193663.257,194156.546,150,65316,0
2026-08-08 05:45:00+00:00,194144.048,194266.302,193431.611,193494.004,150,65316,0
2026-08-08 05:50:00+00:00,193498.625,193527.214,193098.802,193284.262,150,65316,0
2026-08-08 05:55:00+00:00,193268.417,193480.854,192451.929,192767.117,150,65316,0
2026-08-08 06:00:00+00:00,192819.316,194095.61,192788.652,193886.675,150,65316,0
2026-08-08 06:05:00+00:00,193896.253,194530.274,193667.6,194503.611,150,65316,0
2026-08-08 06:10:00+00:00,194444.875,194748.584,193941.13,194222.615,150,65316,0
2026-08-08 06:15:00+00:00,194254.156,194498.8,193982.09,194442.271,150,65316,0
2026-08-08 06:20:00+00:00,194468.166,194634.762,193706.561,193905.176,150,65316,0
2026-08-08 06:25:00+00:00,193868.312,194226.359,193640.54,193694.301,150,65316,0
2026-08-08 06:30:00+00:00,193713.516,194369.123,193416.708,194253.743,150,65316,0
2026-08-08 06:35:00+00:00,194208.565,194732.717,193802.607,193960.797,150,65316,0
2026-08-08 06:40:00+00:00,193871.641,194187.884,193690.713,193811.547,150,65316,0
2026-08-08 06:45:00+00:00,193797.91,193941.316,192744.931,192744.931,150,65316,0
2026-08-08 06:50:00+00:00,192761.941,192948.119,192348.916,192649.715,150,65316,0
2026-08-08 06:55:00+00:00,192712.511,193112.5,192376.53,193039.607,150,65316,0
2026-08-08 07:00:00+00:00,192999.903,193099.283,192460.448,192543.652,150,65316,0
2026-08-08 07:05:00+00:00,192560.872,192689.854,191926.429,191959.789,150,65316,0
2026-08-08 07:10:00+00:00,191993.496,192501.343,191834.418,192499.279,150,65316,0
2026-08-08 07:15:00+00:00,192499.954,192866.843,192108.381,192504.182,150,65316,0
2026-08-08 07:20:00+00:00,192522.99,192877.46,192132.125,192859.943,150,65316,0
2026-08-08 07:25:00+00:00,192812.379,192958.094,192350.788,192746.929,150,65316,0
2026-08-08 07:30:00+00:00,192768.899,192863.998,192293.801,192382.387,150,65316,0
2026-08-08 07:35:00+00:00,192346.289,192697.899,191535.242,191952.919,150,65316,0
2026-08-08 07:40:00+00:00,191955.85,193193.807,191955.85,192892.865,150,65316,0
2026-08-08 07:45:00+00:00,192830.632,193611.949,192689.259,193370.87,150,65316,0
2026-08-08 07:50:00+00:00,193379.389,193668.576,193170.936,193424.509,150,65316,0
2026-08-08 07:55:00+00:00,193407.041,193667.625,193243.188,193564.357,150,65316,0
2026-08-08 08:00:00+00:00,193599.543,193628.921,192920.305,193112.348,150,65316,0
2026-08-08 08:05:00+00:00,193104.755,193638.649,192521.292,193638.649,150,65316,0
2026-08-08 08:10:00+00:00,193572.824,194135.934,193542.729,194135.934,150,65316,0
2026-08-08 08:15:00+00:00,194124.775,194301.339,193379.803,193484.362,150,65316,0
2026-08-08 08:20:00+00:00,193467.18,193726.167,193056.48,193621.973,150,65316,0
2026-08-08 08:25:00+00:00,193631.349,194635.71,193631.349,194269.431,150,65316,0
2026-08-08 08:30:00+00:00,194324.844,194514.388,193751.162,193905.993,150,65316,0
2026-08-08 08:35:00+00:00,193935.91,194053.538,193394.148,193932.903,150,65316,0
2026-08-08 08:40:00+00:00,193942.585,194292.408,193652.784,193862.059,150,65316,0
2026-08-08 08:45:00+00:00,193788.716,194138.236,193294.352,194081.084,150,65316,0
2026-08-08 08:50:00+00:00,194159.753,194762.437,193829.826,194392.128,150,65316,0
2026-08-08 08:55:00+00:00,194392.871,194660.906,193373.669,193410.527,150,65316,0
2026-08-08 09:00:00+00:00,193468.927,193854.917,193016.004,193426.223,150,65316,0
2026-08-08 09:05:00+00:00,193388.591,193433.309,192707.0,192752.638,150,65316,0
2026-08-08 09:10:00+00:00,192758.135,192936.632,192395.75,192592.269,150,65316,0
2026-08-08 09:15:00+00:00,192592.345,193192.307,192308.84,193140.74,150,65316,0
2026-08-08 09:20:00+00:00,193125.931,193146.143,191968.984,192180.502,150,65316,0
2026-08-08 09:25:00+00:00,192175.018,192456.047,191486.142,192391.934,150,65316,0
2026-08-08 09:30:00+00:00,192443.889,193170.394,192260.609,193031.549,150,65316,0
2026-08-08 09:35:00+00:00,193063.026,193168.058,192721.548,192919.165,150,65316,0
2026-08-08 09:40:00+00:00,192846.657,193082.975,192579.676,192995.062,150,65316,0
2026-08-08 09:45:00+00:00,193061.427,193736.872,192791.19,193016.521,150,65316,0
2026-08-08 09:50:00+00:00,193055.613,193497.766,192754.484,193249.78,150,65316,0
2026-08-08 09:55:00+00:00,193308.514,193716.345,193131.645,193550.079,150,65316,0
2026-08-08 10:00:00+00:00,193555.437,193873.408,193441.933,193690.773,150,65316,0
2026-08-08 10:05:00+00:00,193763.713,193971.395,193074.108,193126.212,150,65316,0
2026-08-08 10:10:00+00:00,193191.451,193417.687,192656.539,193028.554,150,65316,0
2026-08-08 10:15:00+00:00,193054.107,193138.258,192395.804,192479.373,150,65316,0
2026-08-08 10:20:00+00:00,192506.281,192784.235,192186.951,192499.924,150,65316,0
2026-08-08 10:25:00+00:00,192524.024,193282.584,192318.247,192882.871,150,65316,0
2026-08-08 10:30:00+00:00,192914.881,193614.542,192625.765,193399.899,150,65316,0
2026-08-08 10:35:00+00:00,193438.204,193607.232,192427.477,192792.818,150,65316,0
2026-08-08 10:40:00+00:00,192802.713,193238.643,192648.083,193092.54,150,65316,0
2026-08-08 10:45:00+00:00,193100.446,193231.204,192077.391,192091.549,150,65316,0
2026-08-08 10:50:00+00:00,192108.145,192701.053,191829.542,192528.512,150,65316,0
2026-08-08 10:55:00+00:00,192564.435,193066.238,192564.435,192880.819,150,65316,0
2026-08-08 11:00:00+00:00,192809.56,193433.169,192809.56,193262.964,150,65316,0
2026-08-08 11:05:00+00:00,193262.764,193296.202,192649.656,192863.304,150,65316,0
2026-08-08 11:10:00+00:00,192842.593,193542.965,192612.934,192883.806,150,65316,0
2026-08-08 11:15:00+00:00,192866.141,193494.948,192704.964,193041.319,150,65316,0
2026-08-08 11:20:00+00:00,192948.37,193366.403,192930.663,193366.403,150,65316,0
2026-08-08 11:25:00+00:00,193332.975,193920.352,193139.482,193239.946,150,65316,0
2026-08-08 11:30:00+00:00,193229.588,193282.589,192950.02,193067.087,150,65316,0
2026-08-08 11:35:00+00:00,193093.259,193839.249,192881.978,193692.076,150,65316,0
2026-08-08 11:40:00+00:00,193709.542,194034.17,193007.73,193084.006,150,65316,0
2026-08-08 11:45:00+00:00,193057.233,193264.648,192465.747,192534.378,150,65316,0
2026-08-08 11:50:00+00:00,192546.027,192649.152,192168.18,192184.067,150,65316,0
2026-08-08 11:55:00+00:00,192198.892,192478.088,191846.923,192193.485,150,65316,0
2026-08-08 12:00:00+00:00,192204.396,192318.078,191599.906,192309.332,150,65316,0
2026-08-08 12:05:00+00:00,192340.587,193017.909,192247.393,192962.84,150,65316,0
2026-08-08 12:10:00+00:00,192967.059,193433.346,192643.304,193430.417,150,65316,0
2026-08-08 12:15:00+00:00,193391.658,193528.388,193035.257,193356.727,150,65316,0
2026-08-08 12:20:00+00:00,193316.788,194358.716,193263.092,193990.017,150,65316,0
2026-08-08 12:25:00+00:00,193957.073,194039.801,193178.16,193212.513,150,65316,0
2026-08-08 12:30:00+00:00,193210.046,193352.572,192856.706,193241.537,150,65316,0
2026-08-08 12:35:00+00:00,193246.513,194233.593,193026.019,194010.816,150,65316,0
2026-08-08 12:40:00+00:00,194100.61,194743.838,193999.444,194653.767,150,65316,0
2026-08-08 12:45:00+00:00,194649.999,195050.09,194172.169,194847.668,150,65316,0
2026-08-08 12:50:00+00:00,194864.279,194981.637,194509.795,194856.139,150,65316,0
2026-08-08 12:55:00+00:00,194844.059,195638.503,194647.357,195513.588,150,65316,0
2026-08-08 13:00:00+00:00,195527.399,196024.491,195416.096,195423.499,150,65316,0
2026-08-08 13:05:00+00:00,195349.348,195419.352,194395.274,194405.512,150,65316,0
2026-08-08 13:10:00+00:00,194359.973,194481.425,193670.904,193685.188,150,65316,0
2026-08-08 13:15:00+00:00,193709.76,194407.059,193522.602,194100.668,150,65316,0
2026-08-08 13:20:00+00:00,194155.262,194405.881,193909.615,193983.508,150,65316,0
2026-08-08 13:25:00+00:00,193960.298,194628.541,193862.356,194577.652,150,65316,0
2026-08-08 13:30:00+00:00,194634.671,194651.554,194018.183,194238.186,150,65316,0
2026-08-08 13:35:00+00:00,194258.936,194453.303,193755.618,193936.047,150,65316,0
2026-08-08 13:40:00+00:00,193920.79,194737.276,193724.089,194547.912,150,65316,0
2026-08-08 13:45:00+00:00,194553.758,194668.249,194111.402,194449.86,150,65316,0
2026-08-08 13:50:00+00:00,194418.008,194582.857,193924.4,194462.392,150,65316,0
2026-08-08 13:55:00+00:00,194472.717,195403.806,194472.717,195293.195,150,65316,0
2026-08-08 14:00:00+00:00,195237.851,195513.683,194896.596,195429.106,150,65316,0
2026-08-08 14:05:00+00:00,195483.074,195552.319,194602.507,194631.078,150,65316,0
2026-08-08 14:10:00+00:00,194649.687,195068.693,194191.046,195026.311,150,65316,0
2026-08-08 14:15:00+00:00,194943.972,195351.947,194679.495,195351.947,150,65316,0
2026-08-08 14:20:00+00:00,195398.882,195749.141,195131.896,195681.205,150,65316,0
2026-08-08 14:25:00+00:00,195667.823,196389.8,195667.823,196076.896,150,65316,0
2026-08-08 14:30:00+00:00,196156.488,196783.135,195921.767,196690.903,150,65316,0
2026-08-08 14:35:00+00:00,196708.16,196841.083,195767.828,195767.828,150,65316,0
2026-08-08 14:40:00+00:00,195836.203,196087.58,195334.435,195563.547,150,65316,0
2026-08-08 14:45:00+00:00,195545.81,195874.639,195320.112,195754.571,150,65316,0
2026-08-08 14:50:00+00:00,195776.336,196192.43,195689.35,195792.398,150,65316,0
2026-08-08 14:55:00+00:00,195819.915,196383.513,195669.965,196066.203,150,65316,0
2026-08-08 15:00:00+00:00,196050.512,196231.677,195390.842,196042.833,150,65316,0
2026-08-08 15:05:00+00:00,196098.789,196617.968,195929.517,196281.851,150,65316,0
2026-08-08 15:10:00+00:00,196289.653,196919.0,196289.653,196460.922,150,65316,0
2026-08-08 15:15:00+00:00,196428.582,196881.503,196147.367,196881.503,150,65316,0
2026-08-08 15:20:00+00:00,196838.346,197292.595,196524.359,197187.799,150,65316,0
2026-08-08 15:25:00+00:00,197142.018,197425.306,196865.411,197071.386,150,65316,0
2026-08-08 15:30:00+00:00,197096.863,197135.732,196011.798,196030.415,150,65316,0
2026-08-08 15:35:00+00:00,196021.518,196599.803,195930.773,196043.516,150,65316,0
2026-08-08 15:40:00+00:00,196109.01,196109.01,195582.019,195645.75,150,65316,0
2026-08-08 15:45:00+00:00,195617.763,195640.316,194697.798,194697.798,150,65316,0
2026-08-08 15:50:00+00:00,194653.825,194918.7,193924.624,193950.479,150,65316,0
2026-08-08 15:55:00+00:00,193925.274,194193.89,193286.206,193719.848,150,65316,0
2026-08-08 16:00:00+00:00,193771.612,193877.6,193155.468,193843.702,150,65316,0
2026-08-08 16:05:00+00:00,193854.244,194260.521,193722.523,194260.521,150,65316,0
2026-08-08 16:10:00+00:00,194276.215,194700.707,193817.675,193834.662,150,65316,0
2026-08-08 16:15:00+00:00,193802.901,194144.953,193612.598,194039.228,150,65316,0
2026-08-08 16:20:00+00:00,193993.774,194478.553,193808.684,194351.326,150,65316,0
2026-08-08 16:25:00+00:00,194333.596,194744.246,194113.868,194528.733,150,65316,0
2026-08-08 16:30:00+00:00,194507.465,195491.545,194468.874,195481.298,150,65316,0
2026-08-08 16:35:00+00:00,195499.829,195627.762,194420.26,194689.464,150,65316,0
2026-08-08 16:40:00+00:00,194674.081,194674.081,193567.613,193676.782,150,65316,0
2026-08-08 16:45:00+00:00,193742.932,194009.888,193520.259,193772.833,150,65316,0
2026-08-08 16:50:00+00:00,193785.799,194683.524,193771.044,194321.947,150,65316,0
2026-08-08 16:55:00+00:00,194332.477,194618.033,193954.662,193954.662,150,65316,0
2026-08-08 17:00:00+00:00,193930.447,194641.747,193904.637,194329.143,150,65316,0
2026-08-08 17:05:00+00:00,194347.295,195094.95,194184.591,194929.83,150,65316,0
2026-08-08 17:10:00+00:00,194875.969,196007.325,194780.588,196000.406,150,65316,0
2026-08-08 17:15:00+00:00,196020.338,197374.693,195986.938,197374.693,150,65316,0
2026-08-08 17:20:00+00:00,197417.294,197556.891,196993.115,197206.752,150,65316,0
2026-08-08 17:25:00+00:00,197139.699,197414.859,196709.533,196739.805,150,65316,0
2026-08-08 17:30:00+00:00,196720.946,196877.63,196270.394,196468.068,150,65316,0
2026-08-08 17:35:00+00:00,196474.966,196688.728,195925.152,196275.225,150,65316,0
2026-08-08 17:40:00+00:00,196265.914,196265.914,195609.6,196093.967,150,65316,0
2026-08-08 17:45:00+00:00,196119.508,196176.745,195554.999,195901.518,150,65316,0
2026-08-08 17:50:00+00:00,195899.717,196427.35,195529.195,195529.195,150,65316,0
2026-08-08 17:55:00+00:00,195509.991,195842.789,194979.26,195390.029,150,65316,0
2026-08-08 18:00:00+00:00,195465.39,195710.787,195258.743,195389.916,150,65316,0
2026-08-08 18:05:00+00:00,195364.191,195772.073,195189.249,195670.631,150,65316,0
2026-08-08 18:10:00+00:00,195604.757,196092.621,195132.931,195242.037,150,65316,0
2026-08-08 18:15:00+00:00,195255.11,195775.621,195203.764,195330.796,150,65316,0
2026-08-08 18:20:00+00:00,195255.667,195557.516,194656.458,195557.516,150,65316,0
2026-08-08 18:25:00+00:00,195582.224,195802.819,195280.964,195447.741,150,65316,0
2026-08-08 18:30:00+00:00,195521.347,196156.961,195296.242,195980.534,150,65316,0
2026-08-08 18:35:00+00:00,196008.181,196056.754,194941.557,195075.332,150,65316,0
2026-08-08 18:40:00+00:00,195131.431,195131.431,194027.53,194133.616,150,65316,0
2026-08-08 18:45:00+00:00,194134.228,194209.63,193310.475,193310.475,150,65316,0
2026-08-08 18:50:00+00:00,193290.932,194464.938,193253.088,194177.765,150,65316,0
2026-08-08 18:55:00+00:00,194229.808,194330.814,193201.649,193259.163,150,65316,0
2026-08-08 19:00:00+00:00,193233.456,193558.084,193054.841,193293.815,150,65316,0
2026-08-08 19:05:00+00:00,193261.549,193625.699,192965.521,192965.521,150,65316,0
2026-08-08 19:10:00+00:00,193005.294,193005.294,192495.35,192706.345,150,65316,0
2026-08-08 19:15:00+00:00,192657.312,192890.082,191787.096,191880.351,150,65316,0
2026-08-08 19:20:00+00:00,191894.535,192202.238,191274.433,191395.495,150,65316,0
2026-08-08 19:25:00+00:00,191416.635,192023.811,191373.596,191608.631,150,65316,0
2026-08-08 19:30:00+00:00,191538.113,191538.113,190408.449,190526.667,150,65316,0
2026-08-08 19:35:00+00:00,190569.964,191007.008,190321.135,190575.792,150,65316,0
2026-08-08 19:40:00+00:00,190531.413,191155.107,190452.26,190848.302,150,65316,0
2026-08-08 19:45:00+00:00,190864.464,190864.464,189629.014,189743.789,150,65316,0
2026-08-08 19:50:00+00:00,189726.556,191149.056,189717.598,191149.056,150,65316,0
2026-08-08 19:55:00+00:00,191141.823,191345.086,190741.03,190877.78,150,65316,0
2026-08-08 20:00:00+00:00,190867.6,191403.617,190753.516,191179.697,150,65316,0
2026-08-08 20:05:00+00:00,191137.291,191565.465,190987.88,191346.266,150,65316,0
2026-08-08 20:10:00+00:00,191358.956,191648.945,190959.412,191407.26,150,65316,0
2026-08-08 20:15:00+00:00,191400.318,191725.899,191005.963,191221.237,150,65316,0
2026-08-08 20:20:00+00:00,191199.853,191249.629,190722.195,191220.365,150,65316,0
2026-08-08 20:25:00+00:00,191235.039,191617.629,190817.203,191107.488,150,65316,0
2026-08-08 20:30:00+00:00,191119.901,191933.279,190939.135,191266.502,150,65316,0
2026-08-08 20:35:00+00:00,191274.548,191853.69,190811.795,191550.027,150,65316,0
2026-08-08 20:40:00+00:00,191500.708,192283.88,191448.657,191966.415,150,65316,0
2026-08-08 20:45:00+00:00,191933.124,193130.906,191774.098,193015.904,150,65316,0
2026-08-08 20:50:00+00:00,192996.223,193233.392,192636.105,192810.521,150,65316,0
2026-08-08 20:55:00+00:00,192861.449,192891.565,191579.408,191688.497,150,65316,0
2026-08-08 21:00:00+00:00,191708.108,192193.035,191055.855,191766.674,150,65316,0
2026-08-08 21:05:00+00:00,191796.156,191965.573,191350.836,191430.271,150,65316,0
2026-08-08 21:10:00+00:00,191455.364,191749.29,191352.512,191696.216,150,65316,0
2026-08-08 21:15:00+00:00,191708.102,191758.562,191088.357,191448.47,150,65316,0
2026-08-08 21:20:00+00:00,191429.201,191510.318,190741.001,190850.652,150,65316,0
2026-08-08 21:25:00+00:00,190799.168,190821.736,190050.454,190163.659,150,65316,0
2026-08-08 21:30:00+00:00,190131.041,190166.694,189297.247,189312.894,150,65316,0
2026-08-08 21:35:00+00:00,189294.856,189860.751,188745.312,189796.114,150,65316,0
2026-08-08 21:40:00+00:00,189740.605,189808.597,189202.852,189743.317,150,65316,0
2026-08-08 21:45:00+00:00,189746.738,189765.218,189121.219,189172.057,150,65316,0
2026-08-08 21:50:00+00:00,189195.293,189532.201,189005.161,189532.201,150,65316,0
2026-08-08 21:55:00+00:00,189575.732,189847.219,189026.129,189414.208,150,65316,0
2026-08-08 22:00:00+00:00,189501.704,189501.704,188557.771,188633.527,150,65316,0
2026-08-08 22:05:00+00:00,188619.067,188843.704,188305.286,188790.818,150,65316,0
2026-08-08 22:10:00+00:00,188705.512,188907.252,187925.591,188074.368,150,65316,0
2026-08-08 22:15:00+00:00,188059.506,188362.863,187946.356,188101.717,150,65316,0
2026-08-08 22:20:00+00:00,188065.322,188139.551,187360.066,187678.827,150,65316,0
2026-08-08 22:25:00+00:00,187694.912,187705.103,186459.682,186681.023,150,65316,0
2026-08-08 22:30:00+00:00,186673.116,187512.749,186383.213,186992.468,150,65316,0
2026-08-08 22:35:00+00:00,186957.725,187477.292,186541.492,187196.542,150,65316,0
2026-08-08 22:40:00+00:00,187186.859,187768.612,187065.141,187239.319,150,65316,0
2026-08-08 22:45:00+00:00,187273.027,187410.487,186768.435,187018.919,150,65316,0
2026-08-08 22:50:00+00:00,187073.838,187544.586,186934.691,187241.931,150,65316,0
2026-08-08 22:55:00+00:00,187267.616,187509.141,186661.688,187027.115,150,65316,0
2026-08-08 23:00:00+00:00,186991.855,187077.251,186649.669,186830.241,150,65316,0
2026-08-08 23:05:00+00:00,186888.52,187126.142,186563.465,187006.362,150,65316,0
2026-08-08 23:10:00+00:00,186995.43,187209.396,186589.495,186715.015,150,65316,0
2026-08-08 23:15:00+00:00,186705.667,186767.467,186239.401,186467.252,150,65316,0
2026-08-08 23:20:00+00:00,186447.635,187043.226,186219.145,186588.975,150,65316,0
2026-08-08 23:25:00+00:00,186619.108,187373.346,186555.58,187251.866,150,65316,0
2026-08-08 23:30:00+00:00,187231.056,187352.969,186975.23,187200.073,148,65316,0
2026-08-08 23:35:00+00:00,187181.954,187712.143,186881.013,187155.062,150,65316,0
2026-08-08 23:40:00+00:00,187135.64,187584.663,186606.13,186765.154,150,65316,0
2026-08-08 23:45:00+00:00,186805.111,187158.875,186717.273,187020.267,150,65316,0
2026-08-08 23:50:00+00:00,186991.062,186991.062,186301.031,186581.438,150,65316,0
2026-08-08 23:55:00+00:00,186671.198,187302.589,186574.239,187027.775,150,65316,0
2026-08-09 00:00:00+00:00,187048.202,187363.273,186783.219,187176.361,150,65316,0
2026-08-09 00:05:00+00:00,187188.085,187742.166,186867.251,187315.926,150,65316,0
2026-08-09 00:10:00+00:00,187316.888,187728.948,187181.112,187221.99,150,65316,0
2026-08-09 00:15:00+00:00,187210.797,187647.991,187210.797,187497.964,150,65316,0
2026-08-09 00:20:00+00:00,187485.335,187818.278,186892.344,187818.278,150,65316,0
2026-08-09 00:25:00+00:00,187857.471,187880.785,187116.302,187191.473,150,65316,0
2026-08-09 00:30:00+00:00,187230.103,187311.543,186640.488,186768.873,150,65316,0
2026-08-09 00:35:00+00:00,186835.505,186974.123,186335.341,186688.746,150,65316,0
2026-08-09 00:40:00+00:00,186695.978,186791.626,185851.93,186442.872,150,65316,0
2026-08-09 00:45:00+00:00,186422.145,187394.984,186386.127,187376.994,150,65316,0
2026-08-09 00:50:00+00:00,187425.261,188015.677,187204.154,187959.465,150,65316,0
2026-08-09 00:55:00+00:00,187847.727,188490.64,187601.362,188173.804,150,65316,0
2026-08-09 01:00:00+00:00,188193.815,188193.815,187204.37,187258.483,150,65316,0
2026-08-09 01:05:00+00:00,187373.698,187500.602,186778.415,187113.094,150,65316,0
2026-08-09 01:10:00+00:00,187090.345,187220.332,186854.113,187043.392,150,65316,0
2026-08-09 01:15:00+00:00,186927.203,187828.762,186927.203,187644.568,150,65316,0
2026-08-09 01:20:00+00:00,187627.882,187942.495,187222.901,187504.637,150,65316,0
2026-08-09 01:25:00+00:00,187543.22,187800.87,186497.273,186651.355,150,65316,0
2026-08-09 01:30:00+00:00,186644.684,186948.685,186397.341,186835.023,150,65316,0
2026-08-09 01:35:00+00:00,186883.438,187025.425,185981.786,185981.786,150,65316,0
2026-08-09 01:40:00+00:00,185945.177,186492.299,185849.686,186436.242,150,65316,0
2026-08-09 01:45:00+00:00,186386.027,186433.523,185810.304,185978.437,150,65316,0
2026-08-09 01:50:00+00:00,185936.442,186865.164,185816.537,186549.155,150,65316,0
2026-08-09 01:55:00+00:00,186491.016,186663.764,185980.797,186171.979,150,65316,0
2026-08-09 02:00:00+00:00,186186.962,186334.101,185438.791,185927.415,150,65316,0
2026-08-09 02:05:00+00:00,185972.581,186115.807,184972.637,184972.637,150,65316,0
2026-08-09 02:10:00+00:00,184948.831,185211.164,184610.293,184865.918,150,65316,0
2026-08-09 02:15:00+00:00,184880.607,185538.819,184694.363,185415.993,150,65316,0
2026-08-09 02:20:00+00:00,185408.189,185408.189,184415.921,184513.46,150,65316,0
2026-08-09 02:25:00+00:00,184489.555,184954.377,184175.56,184408.93,150,65316,0
2026-08-09 02:30:00+00:00,184323.882,184520.351,183489.708,183620.413,150,65316,0
2026-08-09 02:35:00+00:00,183665.583,184265.643,183642.154,184108.389,150,65316,0
2026-08-09 02:40:00+00:00,184127.254,184899.121,183978.516,184560.387,150,65316,0
2026-08-09 02:45:00+00:00,184522.591,184845.845,184247.339,184625.068,150,65316,0
2026-08-09 02:50:00+00:00,184686.726,185164.719,184496.865,185155.7,150,65316,0
2026-08-09 02:55:00+00:00,185087.138,185778.671,185060.735,185489.598,150,65316,0
2026-08-09 03:00:00+00:00,185520.848,186226.066,185498.379,185707.108,150,65316,0
2026-08-09 03:05:00+00:00,185715.596,186109.652,185110.777,185439.765,150,65316,0
2026-08-09 03:10:00+00:00,185434.176,186157.503,185055.877,185153.864,150,65316,0
2026-08-09 03:15:00+00:00,185118.408,185118.408,184340.464,184431.574,150,65316,0
2026-08-09 03:20:00+00:00,184451.32,184464.293,183796.281,184146.064,150,65316,0
2026-08-09 03:25:00+00:00,184143.037,184660.334,184100.56,184311.675,150,65316,0
2026-08-09 03:30:00+00:00,184242.769,184417.329,183818.698,184233.952,150,65316,0
2026-08-09 03:35:00+00:00,184241.097,184241.097,183389.854,183442.904,150,65316,0
2026-08-09 03:40:00+00:00,183410.249,183836.593,183069.087,183781.367,150,65316,0
2026-08-09 03:45:00+00:00,183771.162,184999.534,183491.384,184641.44,150,65316,0
2026-08-09 03:50:00+00:00,184617.084,185290.869,184617.084,184850.028,150,65316,0
2026-08-09 03:55:00+00:00,184875.6,186159.61,184807.047,186159.61,150,65316,0
2026-08-09 04:00:00+00:00,186201.394,186318.051,185644.546,185666.928,150,65316,0
2026-08-09 04:05:00+00:00,185630.957,185637.41,184982.36,185014.47,150,65316,0
2026-08-09 04:10:00+00:00,185056.117,185703.185,185056.117,185703.185,150,65316,0
2026-08-09 04:15:00+00:00,185691.433,186165.797,185528.196,186020.396,150,65316,0
2026-08-09 04:20:00+00:00,186085.521,186765.395,186031.585,186714.646,150,65316,0
2026-08-09 04:25:00+00:00,186726.949,187414.411,186636.253,187114.819,150,65316,0
2026-08-09 04:30:00+00:00,187134.765,187134.765,186547.701,187025.379,150,65316,0
2026-08-09 04:35:00+00:00,186982.938,187253.893,186492.47,186730.915,150,65316,0
2026-08-09 04:40:00+00:00,186749.059,186808.235,185703.123,185773.109,150,65316,0
2026-08-09 04:45:00+00:00,185772.558,186406.697,185730.656,186231.433,150,65316,0
2026-08-09 04:50:00+00:00,186220.829,186838.846,185805.03,186802.455,150,65316,0
2026-08-09 04:55:00+00:00,186841.807,187128.715,186578.715,187094.816,150,65316,0
2026-08-09 05:00:00+00:00,187108.889,188251.149,186992.852,188251.149,150,65316,0
2026-08-09 05:05:00+00:00,188315.493,188784.138,187855.787,187947.473,150,65316,0
2026-08-09 05:10:00+00:00,187968.331,188213.217,187537.767,187773.285,150,65316,0
2026-08-09 05:15:00+00:00,187830.108,187925.667,186528.633,186544.484,150,65316,0
2026-08-09 05:20:00+00:00,186551.382,186956.765,186036.61,186826.386,150,65316,0
2026-08-09 05:25:00+00:00,186807.035,187209.221,185776.213,185776.213,150,65316,0
2026-08-09 05:30:00+00:00,185788.406,185852.273,185271.958,185815.62,150,65316,0
2026-08-09 05:35:00+00:00,185890.987,186160.546,185309.966,185554.115,150,65316,0
2026-08-09 05:40:00+00:00,185550.036,185550.036,184890.499,185058.138,150,65316,0
2026-08-09 05:45:00+00:00,185005.949,185082.543,184530.008,184720.638,150,65316,0
2026-08-09 05:50:00+00:00,184715.899,185266.087,184642.228,184743.812,150,65316,0
2026-08-09 05:55:00+00:00,184775.459,185245.283,184629.712,185114.522,150,65316,0
2026-08-09 06:00:00+00:00,185098.432,185254.126,184482.183,185254.126,150,65316,0
2026-08-09 06:05:00+00:00,185291.273,185869.831,185259.82,185563.487,150,65316,0
2026-08-09 06:10:00+00:00,185561.857,186545.391,185553.709,186315.053,150,65316,0
2026-08-09 06:15:00+00:00,186304.156,186851.206,186183.209,186206.515,150,65316,0
2026-08-09 06:20:00+00:00,186222.899,186433.609,184935.311,185109.24,150,65316,0
2026-08-09 06:25:00+00:00,185063.437,185100.263,184463.154,184516.703,150,65316,0
2026-08-09 06:30:00+00:00,184472.608,184472.608,183889.352,184216.187,150,65316,0
2026-08-09 06:35:00+00:00,184218.992,185159.144,184153.004,184834.038,150,65316,0
2026-08-09 06:40:00+00:00,184869.087,185036.917,184153.845,184153.845,150,65316,0
2026-08-09 06:45:00+00:00,184157.376,184841.227,184128.374,184441.23,150,65316,0
2026-08-09 06:50:00+00:00,184424.439,184781.785,184160.311,184781.785,150,65316,0
2026-08-09 06:55:00+00:00,184735.306,184822.249,184339.802,184597.974,150,65316,0
2026-08-09 07:00:00+00:00,184564.83,184924.008,184208.95,184388.191,150,65316,0
2026-08-09 07:05:00+00:00,184362.449,185181.798,183934.454,185181.798,150,65316,0
2026-08-09 07:10:00+00:00,185134.673,185946.471,184908.28,184988.377,150,65316,0
2026-08-09 07:15:00+00:00,184932.241,185421.402,184803.274,184969.196,150,65316,0
2026-08-09 07:20:00+00:00,184916.503,185353.517,184916.503,185216.046,150,65316,0
2026-08-09 07:25:00+00:00,185263.41,185699.659,184977.685,185217.952,150,65316,0
2026-08-09 07:30:00+00:00,185258.496,185325.371,184574.315,184588.777,150,65316,0
2026-08-09 07:35:00+00:00,184586.972,184941.448,184354.455,184836.892,150,65316,0
2026-08-09 07:40:00+00:00,184824.484,184836.556,183769.808,183789.728,150,65316,0
2026-08-09 07:45:00+00:00,183738.342,184493.145,183669.504,184287.193,150,65316,0
2026-08-09 07:50:00+00:00,184296.785,184571.165,184123.189,184520.484,150,65316,0
2026-08-09 07:55:00+00:00,184484.996,185145.353,184295.012,185077.345,150,65316,0
2026-08-09 08:00:00+00:00,185038.253,185499.744,184682.118,184722.061,150,65316,0
2026-08-09 08:05:00+00:00,184803.613,184957.425,184185.041,184400.189,150,65316,0
2026-08-09 08:10:00+00:00,184336.957,185426.083,184336.957,185340.432,150,65316,0
2026-08-09 08:15:00+00:00,185363.702,185425.339,184591.434,184810.792,150,65316,0
2026-08-09 08:20:00+00:00,184866.056,185074.042,184416.61,184669.617,150,65316,0
2026-08-09 08:25:00+00:00,184638.238,184722.886,183758.156,183867.634,150,65316,0
2026-08-09 08:30:00+00:00,183870.139,183952.69,182693.279,182717.192,150,65316,0
2026-08-09 08:35:00+00:00,182704.069,183139.632,182643.53,182918.153,150,65316,0
2026-08-09 08:40:00+00:00,182853.687,183540.906,182750.081,183367.261,150,65316,0
2026-08-09 08:45:00+00:00,183367.497,183766.214,183216.23,183301.967,150,65316,0
2026-08-09 08:50:00+00:00,183268.114,183465.936,182753.177,183145.458,150,65316,0
2026-08-09 08:55:00+00:00,183185.952,183842.928,183101.284,183567.367,150,65316,0
2026-08-09 09:00:00+00:00,183630.753,184080.598,183331.919,183365.973,150,65316,0
2026-08-09 09:05:00+00:00,183343.653,183343.653,182342.568,182417.199,150,65316,0
2026-08-09 09:10:00+00:00,182394.241,182526.111,181873.871,181873.871,150,65316,0
2026-08-09 09:15:00+00:00,181885.673,181928.691,181212.326,181224.801,150,65316,0
2026-08-09 09:20:00+00:00,181206.352,181531.166,180504.601,180677.646,150,65316,0
2026-08-09 09:25:00+00:00,180730.332,180854.21,180062.167,180076.819,150,65316,0
2026-08-09 09:30:00+00:00,180066.24,181431.349,180055.171,181431.349,150,65316,0
2026-08-09 09:35:00+00:00,181412.633,181456.028,180085.599,180221.065,150,65316,0
2026-08-09 09:40:00+00:00,180180.889,180420.017,179984.181,180307.214,150,65316,0
2026-08-09 09:45:00+00:00,180311.157,181217.424,180100.9,181217.424,150,65316,0
2026-08-09 09:50:00+00:00,181168.037,181361.858,180881.753,181119.377,150,65316,0
2026-08-09 09:55:00+00:00,181099.734,181739.973,180877.164,181713.08,150,65316,0
2026-08-09 10:00:00+00:00,181762.641,181945.164,181471.875,181564.985,150,65316,0
2026-08-09 10:05:00+00:00,181633.132,182133.789,181333.831,181496.703,150,65316,0
2026-08-09 10:10:00+00:00,181496.101,181797.61,181290.445,181439.91,150,65316,0
2026-08-09 10:15:00+00:00,181411.844,182165.479,181375.321,182165.479,150,65316,0
2026-08-09 10:20:00+00:00,182120.281,182396.981,181849.22,181959.521,150,65316,0
2026-08-09 10:25:00+00:00,182053.681,182267.48,181537.674,181985.202,150,65316,0
2026-08-09 10:30:00+00:00,181989.2,182309.546,181328.859,181519.181,150,65316,0
2026-08-09 10:35:00+00:00,181530.378,181887.273,181349.608,181550.781,150,65316,0
2026-08-09 10:40:00+00:00,181522.854,181666.722,181064.951,181154.34,150,65316,0
2026-08-09 10:45:00+00:00,181191.82,181313.011,180571.357,180798.459,150,65316,0
2026-08-09 10:50:00+00:00,180766.929,180766.929,179632.601,179947.589,150,65316,0
2026-08-09 10:55:00+00:00,179942.444,180510.413,179810.002,180510.413,150,65316,0
2026-08-09 11:00:00+00:00,180499.194,181149.972,180349.576,180799.459,150,65316,0
2026-08-09 11:05:00+00:00,180852.419,180912.764,180070.886,180291.54,150,65316,0
2026-08-09 11:10:00+00:00,180298.418,180567.227,179862.513,180400.194,150,65316,0
2026-08-09 11:15:00+00:00,180433.456,180438.762,179861.396,179896.618,150,65316,0
2026-08-09 11:20:00+00:00,179876.628,180047.825,179125.266,179336.936,150,65316,0
2026-08-09 11:25:00+00:00,179311.493,179766.701,179311.493,179653.025,150,65316,0
2026-08-09 11:30:00+00:00,179647.676,180231.632,179546.982,180098.244,150,65316,0
2026-08-09 11:35:00+00:00,180105.553,180230.474,179429.912,179803.474,150,65316,0
2026-08-09 11:40:00+00:00,179787.393,180227.041,179531.146,179964.151,150,65316,0
2026-08-09 11:45:00+00:00,179936.1,180876.948,179908.882,180827.436,150,65316,0
2026-08-09 11:50:00+00:00,180880.541,182016.385,180863.666,181850.362,150,65316,0
2026-08-09 11:55:00+00:00,181796.408,182128.141,181304.893,181521.725,150,65316,0
2026-08-09 12:00:00+00:00,181551.957,182387.43,181307.514,182343.947,150,65316,0
2026-08-09 12:05:00+00:00,182319.702,182532.887,181947.238,182520.675,150,65316,0
2026-08-09 12:10:00+00:00,182475.289,182602.689,181316.503,181407.967,150,65316,0
2026-08-09 12:15:00+00:00,181434.865,181734.951,181254.218,181254.218,150,65316,0
2026-08-09 12:20:00+00:00,181164.167,181721.217,180816.739,181163.529,150,65316,0
2026-08-09 12:25:00+00:00,181162.241,181222.81,180938.555,181159.784,150,65316,0
2026-08-09 12:30:00+00:00,181147.284,181349.297,180451.771,180463.722,150,65316,0
2026-08-09 12:35:00+00:00,180498.821,181073.669,180498.821,180855.358,150,65316,0
2026-08-09 12:40:00+00:00,180856.681,181058.594,180274.112,180274.112,150,65316,0
2026-08-09 12:45:00+00:00,180344.6,180434.395,179826.32,179995.188,150,65316,0
2026-08-09 12:50:00+00:00,179952.35,180005.326,178956.013,179011.269,150,65316,0
2026-08-09 12:55:00+00:00,179001.892,179865.859,178998.376,179862.374,150,65316,0
2026-08-09 13:00:00+00:00,179786.517,180144.209,179597.695,179760.338,150,65316,0
2026-08-09 13:05:00+00:00,179794.693,179794.693,179135.443,179254.468,150,65316,0
2026-08-09 13:10:00+00:00,179218.763,179723.897,179084.91,179565.339,150,65316,0
2026-08-09 13:15:00+00:00,179492.725,179492.725,178889.624,179160.438,150,65316,0
2026-08-09 13:20:00+00:00,179162.974,179707.858,178730.911,178831.864,150,65316,0
2026-08-09 13:25:00+00:00,178732.827,179062.335,178715.725,178793.029,150,65316,0
2026-08-09 13:30:00+00:00,178809.84,179051.708,177957.888,178617.328,150,65316,0
2026-08-09 13:35:00+00:00,178541.61,178987.404,178305.143,178768.049,150,65316,0
2026-08-09 13:40:00+00:00,178808.937,179466.77,178640.974,179003.878,150,65316,0
2026-08-09 13:45:00+00:00,178950.664,179534.98,178766.105,179188.798,150,65316,0
2026-08-09 13:50:00+00:00,179212.145,179314.505,178630.356,179314.505,150,65316,0
2026-08-09 13:55:00+00:00,179215.479,179638.646,179170.238,179407.367,150,65316,0
2026-08-09 14:00:00+00:00,179415.352,180498.475,179365.633,180431.848,150,65316,0
2026-08-09 14:05:00+00:00,180410.765,180488.274,179858.117,180400.339,150,65316,0
2026-08-09 14:10:00+00:00,180405.54,180740.713,180223.162,180724.739,150,65316,0
2026-08-09 14:15:00+00:00,180755.276,180934.274,180150.351,180150.351,150,65316,0
2026-08-09 14:20:00+00:00,180170.762,180404.901,179702.09,179832.154,150,65316,0
2026-08-09 14:25:00+00:00,179861.363,179961.498,179309.258,179393.162,150,65316,0
2026-08-09 14:30:00+00:00,179409.357,180012.628,179361.155,179705.386,150,65316,0
2026-08-09 14:35:00+00:00,179799.483,179980.53,179393.299,179980.53,150,65316,0
2026-08-09 14:40:00+00:00,179961.471,180078.549,179490.885,179675.236,150,65316,0
2026-08-09 14:45:00+00:00,179665.147,180215.113,179541.569,180215.113,150,65316,0
2026-08-09 14:50:00+00:00,180195.666,180552.562,180155.634,180434.154,150,65316,0
2026-08-09 14:55:00+00:00,180399.764,180469.289,179953.134,180206.854,150,65316,0
2026-08-09 15:00:00+00:00,180192.31,180440.163,178835.052,178956.422,150,65316,0
2026-08-09 15:05:00+00:00,178947.614,179038.981,178084.662,178120.774,150,65316,0
2026-08-09 15:10:00+00:00,178174.005,178614.915,177863.601,178219.987,150,65316,0
2026-08-09 15:15:00+00:00,178181.028,178697.07,177962.627,178675.701,150,65316,0
2026-08-09 15:20:00+00:00,178688.738,179077.352,178574.085,178856.48,150,65316,0
2026-08-09 15:25:00+00:00,178766.935,179125.719,178448.85,178832.226,150,65316,0
2026-08-09 15:30:00+00:00,178829.014,178829.014,177578.411,177647.151,150,65316,0
2026-08-09 15:35:00+00:00,177683.935,178287.735,177598.417,178048.429,150,65316,0
2026-08-09 15:40:00+00:00,178022.379,178631.451,177937.649,178597.375,150,65316,0
2026-08-09 15:45:00+00:00,178534.954,178736.389,178113.468,178132.961,150,65316,0
2026-08-09 15:50:00+00:00,178095.096,178247.314,177262.394,177451.79,150,65316,0
2026-08-09 15:55:00+00:00,177422.1,177939.434,177315.42,177514.265,150,65316,0
2026-08-09 16:00:00+00:00,177475.777,178220.721,177276.18,177853.221,150,65316,0
2026-08-09 16:05:00+00:00,177814.046,178119.887,177116.183,177116.183,150,65316,0
2026-08-09 16:10:00+00:00,177098.041,177354.561,176929.809,177270.318,150,65316,0
2026-08-09 16:15:00+00:00,177311.021,177559.623,176871.941,176871.941,150,65316,0
2026-08-09 16:20:00+00:00,176917.946,177115.309,176384.747,176901.09,150,65316,0
2026-08-09 16:25:00+00:00,176921.512,177117.283,176473.408,176809.672,150,65316,0
2026-08-09 16:30:00+00:00,176784.084,177914.481,176467.877,177881.751,150,65316,0
2026-08-09 16:35:00+00:00,177808.759,178240.1,177808.759,178147.512,150,65316,0
2026-08-09 16:40:00+00:00,178163.756,178340.775,177758.243,178105.486,150,65316,0
2026-08-09 16:45:00+00:00,178137.187,178260.53,177685.255,178055.374,150,65316,0
2026-08-09 16:50:00+00:00,178068.085,178091.301,177488.918,177704.933,150,65316,0
2026-08-09 16:55:00+00:00,177675.831,177832.029,176578.241,176825.118,150,65316,0
2026-08-09 17:00:00+00:00,176806.067,176906.107,176057.131,176136.062,150,65316,0
2026-08-09 17:05:00+00:00,176140.937,177030.741,176120.404,176606.702,150,65316,0
2026-08-09 17:10:00+00:00,176644.848,176725.989,175519.617,175609.434,150,65316,0
2026-08-09 17:15:00+00:00,175652.714,176824.85,175652.714,176748.203,150,65316,0
2026-08-09 17:20:00+00:00,176763.394,176763.394,176129.956,176649.597,150,65316,0
2026-08-09 17:25:00+00:00,176696.621,176751.046,176233.158,176504.91,150,65316,0
2026-08-09 17:30:00+00:00,176526.852,177871.897,176443.208,177632.676,150,65316,0
2026-08-09 17:35:00+00:00,177615.17,178903.164,177586.5,178747.663,150,65316,0
2026-08-09 17:40:00+00:00,178755.904,178918.341,178461.034,178671.967,150,65316,0
2026-08-09 17:45:00+00:00,178672.41,178949.583,178514.709,178631.486,150,65316,0
2026-08-09 17:50:00+00:00,178646.598,178646.598,177695.868,177695.868,150,65316,0
2026-08-09 17:55:00+00:00,177738.768,178196.715,177254.692,178196.715,150,65316,0
2026-08-09 18:00:00+00:00,178216.594,178356.878,177598.61,177742.204,150,65316,0
2026-08-09 18:05:00+00:00,177744.943,178190.58,177149.717,177149.717,150,65316,0
2026-08-09 18:10:00+00:00,177127.573,177310.278,176587.386,176659.814,150,65316,0
2026-08-09 18:15:00+00:00,176696.87,176902.808,175975.397,176231.66,150,65316,0
2026-08-09 18:20:00+00:00,176230.607,176591.677,176043.189,176193.42,150,65316,0
2026-08-09 18:25:00+00:00,176178.573,176208.482,175373.748,175585.425,150,65316,0
2026-08-09 18:30:00+00:00,175498.027,175909.851,175223.967,175581.961,150,65316,0
2026-08-09 18:35:00+00:00,175551.49,175782.889,175447.279,175653.879,150,65316,0
2026-08-09 18:40:00+00:00,175711.624,175741.412,175004.313,175050.789,150,65316,0
2026-08-09 18:45:00+00:00,175069.519,175159.167,174640.717,174640.717,150,65316,0
2026-08-09 18:50:00+00:00,174657.409,175525.337,174638.575,175488.824,150,65316,0
2026-08-09 18:55:00+00:00,175492.421,175492.421,174661.793,175109.921,150,65316,0
2026-08-09 19:00:00+00:00,175094.452,175315.662,174968.385,175315.662,150,65316,0
2026-08-09 19:05:00+00:00,175321.943,175521.95,174985.621,175151.067,150,65316,0
2026-08-09 19:10:00+00:00,175188.212,175685.034,175039.8,175397.703,150,65316,0
2026-08-09 19:15:00+00:00,175374.16,175445.859,174895.316,175363.815,150,65316,0
2026-08-09 19:20:00+00:00,175389.702,175979.89,175187.608,175525.103,150,65316,0
2026-08-09 19:25:00+00:00,175519.883,175849.296,175056.097,175346.729,150,65316,0
2026-08-09 19:30:00+00:00,175325.494,175845.904,175314.669,175786.484,150,65316,0
2026-08-09 19:35:00+00:00,175760.683,177086.09,175760.683,177058.73,150,65316,0
2026-08-09 19:40:00+00:00,177033.396,177433.375,176682.027,176692.666,150,65316,0
2026-08-09 19:45:00+00:00,176726.9,177498.214,176637.279,177188.337,150,65316,0
2026-08-09 19:50:00+00:00,177183.301,177477.368,176866.63,177431.906,150,65316,0
2026-08-09 19:55:00+00:00,177464.292,177911.554,177182.386,177911.554,150,65316,0
2026-08-09 20:00:00+00:00,177925.708,178431.991,177845.653,178138.918,150,65316,0
2026-08-09 20:05:00+00:00,178170.785,178444.825,177783.54,178127.263,150,65316,0
2026-08-09 20:10:00+00:00,178181.952,179088.257,178012.612,178545.665,150,65316,0
2026-08-09 20:15:00+00:00,178537.514,178762.253,177721.009,177721.009,150,65316,0
2026-08-09 20:20:00+00:00,177689.994,177878.18,177301.978,177733.987,150,65316,0
2026-08-09 20:25:00+00:00,177654.521,178470.516,177415.395,178373.309,150,65316,0
2026-08-09 20:30:00+00:00,178423.409,178552.411,178128.033,178173.239,150,65316,0
2026-08-09 20:35:00+00:00,178156.724,178976.223,177955.905,178352.435,150,65316,0
2026-08-09 20:40:00+00:00,178305.63,178366.065,176819.345,176949.739,150,65316,0
2026-08-09 20:45:00+00:00,176976.221,177885.38,176856.612,177524.502,150,65316,0
2026-08-09 20:50:00+00:00,177534.472,177545.108,176837.408,177279.389,150,65316,0
2026-08-09 20:55:00+00:00,177258.033,178111.586,177255.753,178072.195,150,65316,0
2026-08-09 21:00:00+00:00,178109.608,178418.623,177977.804,178276.819,150,65316,0
2026-08-09 21:05:00+00:00,178285.469,178469.521,177936.439,178326.371,150,65316,0
2026-08-09 21:10:00+00:00,178317.207,178614.012,178106.149,178319.956,150,65316,0
2026-08-09 21:15:00+00:00,178289.427,178754.617,177803.45,178736.727,150,65316,0
2026-08-09 21:20:00+00:00,178706.748,179596.777,178671.123,179223.879,150,65316,0
2026-08-09 21:25:00+00:00,179233.328,179847.356,179143.698,179702.949,150,65316,0
2026-08-09 21:30:00+00:00,179700.651,179907.52,179467.834,179793.275,150,65316,0
2026-08-09 21:35:00+00:00,179835.456,180136.785,179650.052,179959.951,150,65316,0
2026-08-09 21:40:00+00:00,179882.996,180217.502,179505.609,179568.017,150,65316,0
2026-08-09 21:45:00+00:00,179551.487,179987.508,179464.053,179655.374,150,65316,0
2026-08-09 21:50:00+00:00,179667.367,179847.14,178932.01,179037.43,150,65316,0
2026-08-09 21:55:00+00:00,178996.785,179315.864,178869.489,178916.83,150,65316,0
2026-08-09 22:00:00+00:00,178914.419,179705.945,178792.963,179705.945,150,65316,0
2026-08-09 22:05:00+00:00,179743.572,179808.253,179131.341,179217.214,150,65316,0
2026-08-09 22:10:00+00:00,179179.485,179366.656,178881.649,179330.347,150,65316,0
2026-08-09 22:15:00+00:00,179387.842,180103.885,179372.414,179965.668,150,65316,0
2026-08-09 22:20:00+00:00,179987.32,180951.68,179936.627,180678.668,150,65316,0
2026-08-09 22:25:00+00:00,180683.147,181155.7,180482.655,180667.471,150,65316,0
2026-08-09 22:30:00+00:00,180657.039,181203.844,180618.484,180969.998,150,65316,0
2026-08-09 22:35:00+00:00,181034.75,181185.33,180417.616,180451.509,150,65316,0
2026-08-09 22:40:00+00:00,180385.508,181367.807,180385.508,181229.52,150,65316,0
2026-08-09 22:45:00+00:00,181195.818,181870.838,181195.818,181768.955,150,65316,0
2026-08-09 22:50:00+00:00,181717.319,181750.085,181171.733,181171.733,150,65316,0
2026-08-09 22:55:00+00:00,181221.649,181295.173,180721.255,180835.501,150,65316,0
2026-08-09 23:00:00+00:00,180816.255,181127.257,180497.223,180569.803,150,65316,0
2026-08-09 23:05:00+00:00,180574.161,180897.68,180032.54,180572.353,150,65316,0
2026-08-09 23:10:00+00:00,180491.582,181126.436,180491.582,180782.295,150,65316,0
2026-08-09 23:15:00+00:00,180792.102,181562.46,180758.817,180791.07,150,65316,0
2026-08-09 23:20:00+00:00,180821.95,181180.127,180677.302,181074.566,150,65316,0
2026-08-09 23:25:00+00:00,181067.342,181469.015,180843.496,181245.1,150,65316,0
2026-08-09 23:30:00+00:00,181153.334,181590.247,180700.958,180811.039,150,65316,0
2026-08-09 23:35:00+00:00,180784.529,181149.477,180285.846,180776.984,150,65316,0
2026-08-09 23:40:00+00:00,180798.337,181168.31,180560.915,180909.394,150,65316,0
2026-08-09 23:45:00+00:00,180883.401,181070.456,179500.323,179747.588,150,65316,0
2026-08-09 23:50:00+00:00,179811.704,179931.275,179289.045,179631.494,150,65316,0
2026-08-09 23:55:00+00:00,179648.879,179693.549,179102.834,179352.908,150,65316,0
2026-08-10 00:00:00+00:00,179477.927,179477.927,177869.219,178000.894,150,65316,0
2026-08-10 00:05:00+00:00,177974.796,178171.467,177748.056,178047.337,150,65316,0
2026-08-10 00:10:00+00:00,178033.22,178193.954,177645.937,177713.509,150,65316,0
2026-08-10 00:15:00+00:00,177659.716,177922.217,177218.38,177910.635,150,65316,0
2026-08-10 00:20:00+00:00,177958.557,178099.349,176803.909,176950.54,150,65316,0
2026-08-10 00:25:00+00:00,176937.502,177781.918,176674.883,177781.918,150,65316,0
2026-08-10 00:30:00+00:00,177790.976,179072.189,177753.273,179072.189,150,65316,0
2026-08-10 00:35:00+00:00,179032.37,179844.067,178787.463,179844.067,150,65316,0
2026-08-10 00:40:00+00:00,179844.663,180298.314,179518.618,179976.174,150,65316,0
2026-08-10 00:45:00+00:00,179974.255,180097.801,179524.151,179612.899,150,65316,0
2026-08-10 00:50:00+00:00,179615.169,179861.971,179440.363,179834.291,150,65316,0
2026-08-10 00:55:00+00:00,179894.723,180080.714,179485.853,179676.326,150,65316,0
2026-08-10 01:00:00+00:00,179721.89,179840.491,179003.638,179049.315,150,65316,0
2026-08-10 01:05:00+00:00,179111.117,179652.014,179071.312,179390.083,150,65316,0
2026-08-10 01:10:00+00:00,179376.676,179865.823,179376.676,179445.534,150,65316,0
2026-08-10 01:15:00+00:00,179500.428,179550.934,178977.842,179186.415,150,65316,0
2026-08-10 01:20:00+00:00,179230.715,179831.144,179208.118,179470.836,150,65316,0
2026-08-10 01:25:00+00:00,179428.596,179428.596,178499.203,179355.078,150,65316,0
2026-08-10 01:30:00+00:00,179387.991,179578.008,178714.136,178938.147,150,65316,0
2026-08-10 01:35:00+00:00,178896.156,178934.165,178100.885,178281.044,150,65316,0
2026-08-10 01:40:00+00:00,178243.578,178757.849,178243.578,178753.765,150,65316,0
2026-08-10 01:45:00+00:00,178745.901,179233.096,178745.901,179176.161,150,65316,0
2026-08-10 01:50:00+00:00,179099.173,179442.423,178975.634,179267.794,150,65316,0
2026-08-10 01:55:00+00:00,179294.245,179425.452,178304.422,178736.899,150,65316,0
2026-08-10 02:00:00+00:00,178755.747,178929.05,178295.728,178295.728,150,65316,0
2026-08-10 02:05:00+00:00,178331.894,178600.667,177883.891,177961.396,150,65316,0
2026-08-10 02:10:00+00:00,177956.769,177956.769,176714.2,176814.004,150,65316,0
2026-08-10 02:15:00+00:00,176797.29,176854.562,176105.309,176485.057,150,65316,0
2026-08-10 02:20:00+00:00,176514.118,176710.597,176087.214,176402.73,150,65316,0
2026-08-10 02:25:00+00:00,176387.86,176984.842,176337.812,176841.612,150,65316,0
2026-08-10 02:30:00+00:00,176868.907,177101.519,176589.752,177029.676,150,65316,0
2026-08-10 02:35:00+00:00,177032.294,177320.632,176686.326,176910.503,150,65316,0
2026-08-10 02:40:00+00:00,176934.288,177144.286,176646.384,176952.937,150,65316,0
2026-08-10 02:45:00+00:00,176944.643,177249.1,176760.533,177157.256,150,65316,0
2026-08-10 02:50:00+00:00,177138.084,177494.022,177083.604,177487.155,150,65316,0
2026-08-10 02:55:00+00:00,177564.506,178430.556,177433.57,178347.584,150,65316,0
2026-08-10 03:00:00+00:00,178348.507,178450.642,178093.826,178277.218,150,65316,0
2026-08-10 03:05:00+00:00,178228.341,178512.732,178186.482,178187.451,150,65316,0
2026-08-10 03:10:00+00:00,178204.639,178665.305,178204.639,178481.802,150,65316,0
2026-08-10 03:15:00+00:00,178484.015,178625.695,178166.565,178620.366,150,65316,0
2026-08-10 03:20:00+00:00,178602.113,179677.844,178583.011,179517.003,150,65316,0
2026-08-10 03:25:00+00:00,179454.034,179577.512,178709.73,179314.321,150,65316,0
2026-08-10 03:30:00+00:00,179338.324,179526.491,179026.452,179285.938,150,65316,0
2026-08-10 03:35:00+00:00,179264.293,179454.397,178300.713,178386.095,150,65316,0
2026-08-10 03:40:00+00:00,178369.701,179099.319,178330.633,179072.848,150,65316,0
2026-08-10 03:45:00+00:00,179072.616,179696.025,179015.951,179056.819,150,65316,0
2026-08-10 03:50:00+00:00,179049.067,179241.892,178521.055,178651.286,150,65316,0
2026-08-10 03:55:00+00:00,178633.688,178825.306,177951.481,178219.689,150,65316,0
2026-08-10 04:00:00+00:00,178169.835,178272.032,177436.393,177566.358,150,65316,0
2026-08-10 04:05:00+00:00,177531.905,177781.662,177161.9,177404.34,150,65316,0
2026-08-10 04:10:00+00:00,177457.757,177653.661,176949.254,176949.254,150,65316,0
2026-08-10 04:15:00+00:00,176954.73,176954.73,176142.426,176500.868,150,65316,0
2026-08-10 04:20:00+00:00,176557.802,177671.361,176552.585,177627.046,150,65316,0
2026-08-10 04:25:00+00:00,177681.444,178416.571,177581.502,177581.502,150,65316,0
2026-08-10 04:30:00+00:00,177588.824,177616.91,176793.73,177131.196,150,65316,0
2026-08-10 04:35:00+00:00,177155.761,177279.921,176556.713,177180.835,150,65316,0
2026-08-10 04:40:00+00:00,177195.828,177660.75,177050.484,177296.404,150,65316,0
2026-08-10 04:45:00+00:00,177283.249,177493.205,177020.103,177372.611,150,65316,0
2026-08-10 04:50:00+00:00,177450.578,177800.496,177274.059,177728.667,150,65316,0
2026-08-10 04:55:00+00:00,177701.014,178242.074,177701.014,177919.521,150,65316,0
2026-08-10 05:00:00+00:00,177964.13,178537.188,177887.766,178354.659,150,65316,0
2026-08-10 05:05:00+00:00,178318.161,178345.569,177896.432,177896.432,150,65316,0
2026-08-10 05:10:00+00:00,177934.121,178339.447,177785.346,178014.931,150,65316,0
2026-08-10 05:15:00+00:00,177974.937,178601.77,177974.937,178567.671,150,65316,0
2026-08-10 05:20:00+00:00,178553.982,178737.57,178310.266,178539.653,150,65316,0
2026-08-10 05:25:00+00:00,178525.705,179169.981,178261.595,179054.9,150,65316,0
2026-08-10 05:30:00+00:00,179093.968,179109.424,178390.897,178587.499,150,65316,0
2026-08-10 05:35:00+00:00,178643.465,178696.788,178328.245,178495.863,150,65316,0
2026-08-10 05:40:00+00:00,178464.748,178596.25,178019.488,178487.354,150,65316,0
2026-08-10 05:45:00+00:00,178476.023,178628.383,177983.589,178119.297,150,65316,0
2026-08-10 05:50:00+00:00,178139.681,178750.554,178099.528,178404.412,150,65316,0
2026-08-10 05:55:00+00:00,178362.724,178571.778,177987.786,178344.156,150,65316,0
2026-08-10 06:00:00+00:00,178321.471,178710.531,178148.355,178592.258,150,65316,0
2026-08-10 06:05:00+00:00,178620.737,178860.669,178387.738,178402.727,150,62150,0
2026-08-10 06:10:00+00:00,178363.732,178904.988,178234.687,178759.828,150,62150,0
2026-08-10 06:15:00+00:00,178824.027,179078.749,178361.848,178361.848,150,62150,0
2026-08-10 06:20:00+00:00,178335.081,178366.712,177696.351,177965.721,150,62150,0
2026-08-10 06:25:00+00:00,177972.039,178412.177,177861.502,178075.324,150,62150,0
2026-08-10 06:30:00+00:00,178018.592,178173.474,177666.47,178046.703,150,62150,0
2026-08-10 06:35:00+00:00,178049.219,178930.337,177989.442,178930.337,150,62150,0
2026-08-10 06:40:00+00:00,178884.677,178956.002,177797.833,177869.483,150,62150,0
2026-08-10 06:45:00+00:00,177815.979,178176.882,177471.063,177925.151,150,62150,0
2026-08-10 06:50:00+00:00,177967.05,178539.849,177818.521,178539.849,150,62150,0
2026-08-10 06:55:00+00:00,178561.725,178870.792,178161.562,178671.094,150,62150,0
2026-08-10 07:00:00+00:00,178701.654,179888.714,178699.139,179851.478,150,62150,0
2026-08-10 07:05:00+00:00,179872.048,180408.412,179838.467,180254.334,150,62150,0
2026-08-10 07:10:00+00:00,180310.627,180657.722,180022.705,180657.722,150,62150,0
2026-08-10 07:15:00+00:00,180640.482,180671.783,180123.854,180244.113,150,62150,0
2026-08-10 07:20:00+00:00,180264.452,180312.694,179655.852,180115.61,150,62150,0
2026-08-10 07:25:00+00:00,180165.102,180740.021,179885.332,180624.306,150,62150,0
2026-08-10 07:30:00+00:00,180637.322,180755.953,179963.823,180447.476,150,62150,0
2026-08-10 07:35:00+00:00,180539.086,181198.451,180323.593,181078.492,150,62150,0
2026-08-10 07:40:00+00:00,181004.599,181311.112,180656.231,180973.849,150,62150,0
2026-08-10 07:45:00+00:00,180955.676,180955.676,180291.37,180450.479,150,62150,0
2026-08-10 07:50:00+00:00,180459.2,180649.921,180101.735,180346.294,150,62150,0
2026-08-10 07:55:00+00:00,180385.099,180385.099,179664.781,179865.984,150,62150,0
2026-08-10 08:00:00+00:00,179822.175,180136.741,179582.322,179982.949,150,62150,0
2026-08-10 08:05:00+00:00,179920.752,180145.401,179137.772,179356.705,150,62150,0
2026-08-10 08:10:00+00:00,179373.696,179759.611,179147.664,179579.169,150,62150,0
2026-08-10 08:15:00+00:00,179583.578,180271.783,179417.709,179938.245,150,62150,0
2026-08-10 08:20:00+00:00,179948.355,180245.155,179847.804,180208.477,150,62150,0
2026-08-10 08:25:00+00:00,180168.873,180484.049,179719.79,179826.845,150,62150,0
2026-08-10 08:30:00+00:00,179860.071,180288.893,179556.684,180037.269,150,62150,0
2026-08-10 08:35:00+00:00,180063.702,180759.27,179848.768,180434.675,150,62150,0
2026-08-10 08:40:00+00:00,180387.476,181046.206,180364.218,180843.299,150,62150,0
2026-08-10 08:45:00+00:00,180794.165,181073.008,180504.825,180660.395,150,62150,0
2026-08-10 08:50:00+00:00,180649.806,181106.069,180350.212,181026.036,150,62150,0
2026-08-10 08:55:00+00:00,181011.005,181335.236,180396.196,180396.196,150,62150,0
2026-08-10 09:00:00+00:00,180430.678,180567.972,179505.118,179640.447,150,62150,0
2026-08-10 09:05:00+00:00,179629.993,179880.339,179095.248,179095.248,150,62150,0
2026-08-10 09:10:00+00:00,179093.697,179685.59,179054.317,179093.949,150,62150,0
2026-08-10 09:15:00+00:00,179132.874,179361.382,178377.863,178493.451,150,62150,0
2026-08-10 09:20:00+00:00,178488.231,178944.378,178311.37,178819.706,150,62150,0
2026-08-10 09:25:00+00:00,178795.777,179035.7,178590.654,178875.308,150,62150,0
2026-08-10 09:30:00+00:00,178882.403,178882.403,177909.445,178329.783,150,62150,0
2026-08-10 09:35:00+00:00,178386.341,178492.433,177424.972,177521.733,150,62150,0
2026-08-10 09:40:00+00:00,177496.014,177786.919,177341.325,177564.358,150,62150,0
2026-08-10 09:45:00+00:00,177583.268,178622.469,177480.245,178121.697,150,62150,0
2026-08-10 09:50:00+00:00,178172.428,178494.865,177982.737,178231.872,150,62150,0
2026-08-10 09:55:00+00:00,178196.201,178668.587,177888.334,178166.706,150,62150,0
2026-08-10 10:00:00+00:00,178125.091,178624.271,178058.04,178166.861,150,62150,0
2026-08-10 10:05:00+00:00,178171.293,178684.091,177721.416,178650.513,150,62150,0
2026-08-10 10:10:00+00:00,178672.555,179613.879,178466.839,179533.504,150,62150,0
2026-08-10 10:15:00+00:00,179504.382,179752.257,179490.269,179569.267,150,62150,0
2026-08-10 10:20:00+00:00,179549.594,180478.063,179549.594,180372.257,150,62150,0
2026-08-10 10:25:00+00:00,180332.845,180471.217,179945.986,180471.217,150,62150,0
2026-08-10 10:30:00+00:00,180530.117,181353.247,180432.818,181318.896,150,62150,0
2026-08-10 10:35:00+00:00,181313.363,181844.894,181169.112,181306.352,150,62150,0
2026-08-10 10:40:00+00:00,181254.836,181254.836,180173.646,180244.918,150,62150,0
2026-08-10 10:45:00+00:00,180307.882,180636.031,180116.364,180369.966,150,62150,0
2026-08-10 10:50:00+00:00,180323.047,180916.648,180183.876,180916.648,150,62150,0
2026-08-10 10:55:00+00:00,180950.099,181889.137,180811.576,181692.028,150,62150,0
2026-08-10 11:00:00+00:00,181707.304,181831.86,180920.287,180920.287,150,62150,0
2026-08-10 11:05:00+00:00,180913.285,181332.146,180635.327,181168.248,150,62150,0
2026-08-10 11:10:00+00:00,181146.142,181497.361,181096.035,181448.328,150,62150,0
2026-08-10 11:15:00+00:00,181432.41,181587.047,180620.421,180620.421,150,62150,0
2026-08-10 11:20:00+00:00,180606.404,181108.355,180403.061,181076.407,150,62150,0
2026-08-10 11:25:00+00:00,181047.011,181510.879,180998.011,181154.41,150,62150,0
2026-08-10 11:30:00+00:00,181079.975,181784.935,181032.375,181773.96,150,62150,0
2026-08-10 11:35:00+00:00,181767.315,182926.106,181676.3,182654.394,150,62150,0
2026-08-10 11:40:00+00:00,182688.197,182755.439,182114.012,182313.274,150,62150,0
2026-08-10 11:45:00+00:00,182300.583,182324.155,181826.805,181913.883,150,62150,0
2026-08-10 11:50:00+00:00,181848.069,182226.163,181596.391,182105.265,150,62150,0
2026-08-10 11:55:00+00:00,182138.138,182596.49,181852.005,182374.774,150,62150,0
2026-08-10 12:00:00+00:00,182300.005,182914.04,182271.318,182577.137,150,62150,0
2026-08-10 12:05:00+00:00,182592.215,182705.514,181880.521,181880.521,150,62150,0
2026-08-10 12:10:00+00:00,181923.469,182006.861,180303.123,180398.024,150,62150,0
2026-08-10 12:15:00+00:00,180438.306,180922.426,180030.391,180922.426,150,62150,0
2026-08-10 12:20:00+00:00,180955.675,180955.675,179639.714,179639.714,150,62150,0
2026-08-10 12:25:00+00:00,179633.315,179635.454,178887.782,178898.261,150,62150,0
2026-08-10 12:30:00+00:00,178868.294,179407.146,178489.009,179189.957,150,62150,0
2026-08-10 12:35:00+00:00,179223.398,179696.146,179114.484,179581.956,150,62150,0
2026-08-10 12:40:00+00:00,179564.966,179623.518,178631.232,178840.793,150,62150,0
2026-08-10 12:45:00+00:00,178802.107,179251.542,178725.517,179185.788,150,62150,0
2026-08-10 12:50:00+00:00,179181.116,179408.046,178837.419,179149.737,150,62150,0
2026-08-10 12:55:00+00:00,179111.953,179693.533,179054.304,179096.411,150,62150,0
2026-08-10 13:00:00+00:00,179082.345,179142.599,178651.188,178943.842,150,62150,0
2026-08-10 13:05:00+00:00,179004.283,179385.403,178654.438,179113.945,150,62150,0
2026-08-10 13:10:00+00:00,179155.049,179178.975,178427.38,178590.509,150,62150,0
2026-08-10 13:15:00+00:00,178586.498,179336.702,178329.987,178882.474,150,62150,0
2026-08-10 13:20:00+00:00,178888.696,179281.315,178548.361,179240.642,150,62150,0
2026-08-10 13:25:00+00:00,179280.02,179446.284,179009.702,179009.702,150,62150,0
2026-08-10 13:30:00+00:00,179012.091,179712.27,179012.091,179527.281,150,62150,0
2026-08-10 13:35:00+00:00,179557.513,179987.902,178655.551,178655.551,150,62150,0
2026-08-10 13:40:00+00:00,178672.372,179319.083,178565.826,178942.179,150,62150,0
2026-08-10 13:45:00+00:00,179051.205,179527.083,178902.119,179527.083,150,62150,0
2026-08-10 13:50:00+00:00,179517.297,180532.034,179517.297,180401.841,150,62150,0
2026-08-10 13:55:00+00:00,180259.212,180539.73,180002.171,180337.451,150,62150,0
2026-08-10 14:00:00+00:00,180316.546,180530.253,180030.73,180193.94,150,62150,0
2026-08-10 14:05:00+00:00,180199.068,180578.038,180069.909,180261.036,150,62150,0
2026-08-10 14:10:00+00:00,180293.36,180599.562,179999.217,180151.569,150,62150,0
2026-08-10 14:15:00+00:00,180151.136,180547.001,179958.146,180388.032,150,62150,0
2026-08-10 14:20:00+00:00,180399.728,180614.932,180034.617,180514.914,150,62150,0
2026-08-10 14:25:00+00:00,180470.073,180932.271,180298.465,180614.017,150,62150,0
2026-08-10 14:30:00+00:00,180568.311,181576.287,180438.39,181401.478,150,62150,0
2026-08-10 14:35:00+00:00,181457.713,181645.237,180795.096,180956.283,150,62150,0
2026-08-10 14:40:00+00:00,180917.577,181087.052,180512.388,180954.511,150,62150,0
2026-08-10 14:45:00+00:00,181013.039,181416.101,180930.003,181287.105,150,62150,0
2026-08-10 14:50:00+00:00,181230.071,181913.028,180945.208,181704.997,150,62150,0
2026-08-10 14:55:00+00:00,181741.587,182312.352,181690.76,182300.543,150,62150,0
2026-08-10 15:00:00+00:00,182306.03,182807.921,181951.397,181951.397,150,62150,0
2026-08-10 15:05:00+00:00,181932.036,182322.154,181491.73,181590.157,150,62150,0
2026-08-10 15:10:00+00:00,181522.415,181744.873,180494.795,180494.795,150,62150,0
2026-08-10 15:15:00+00:00,180447.006,180822.058,180379.656,180504.73,150,62150,0
2026-08-10 15:20:00+00:00,180519.918,180519.918,179290.719,179863.503,150,62150,0
2026-08-10 15:25:00+00:00,179860.336,180094.517,179311.913,179312.089,150,62150,0
2026-08-10 15:30:00+00:00,179275.153,179595.973,179022.513,179179.578,150,62150,0
2026-08-10 15:35:00+00:00,179178.666,179419.581,178997.447,179071.537,150,62150,0
2026-08-10 15:40:00+00:00,179110.887,179164.737,178272.739,178560.207,150,62150,0
2026-08-10 15:45:00+00:00,178608.97,178684.4,177527.884,177652.124,150,62150,0
2026-08-10 15:50:00+00:00,177606.138,177869.065,176832.336,176934.573,150,62150,0
2026-08-10 15:55:00+00:00,176950.321,177083.59,176493.616,177076.604,150,62150,0
2026-08-10 16:00:00+00:00,177125.322,177503.448,177096.933,177503.448,150,62150,0
2026-08-10 16:05:00+00:00,177408.518,177608.197,176959.334,177526.779,150,62150,0
2026-08-10 16:10:00+00:00,177551.589,178011.904,177302.268,177777.823,150,62150,0
2026-08-10 16:15:00+00:00,177712.461,178500.076,177661.086,178436.376,150,62150,0
2026-08-10 16:20:00+00:00,178433.861,178679.92,177964.585,178575.414,150,62150,0
2026-08-10 16:25:00+00:00,178574.382,178606.436,177006.831,177006.831,150,62150,0
2026-08-10 16:30:00+00:00,176972.886,177929.506,176915.652,177896.941,150,62150,0
2026-08-10 16:35:00+00:00,177854.594,177874.875,177226.91,177639.023,150,62150,0
2026-08-10 16:40:00+00:00,177642.832,177953.579,177066.679,177086.329,150,62150,0
2026-08-10 16:45:00+00:00,177029.078,177700.977,176860.593,177521.795,150,62150,0
2026-08-10 16:50:00+00:00,177481.404,178238.75,177433.196,178119.233,150,62150,0
2026-08-10 16:55:00+00:00,178037.464,179135.587,177853.935,178892.276,150,62150,0
2026-08-10 17:00:00+00:00,178904.938,179524.287,178774.776,179524.287,150,62150,0
2026-08-10 17:05:00+00:00,179573.623,180277.882,179235.266,179903.104,150,62150,0
2026-08-10 17:10:00+00:00,179950.64,180856.596,179873.999,180279.959,150,62150,0
2026-08-10 17:15:00+00:00,180345.063,180745.742,179829.747,179829.747,150,62150,0
2026-08-10 17:20:00+00:00,179865.245,180042.271,179517.806,179984.471,150,62150,0
2026-08-10 17:25:00+00:00,179992.421,180286.763,179776.23,179776.23,150,62150,0
2026-08-10 17:30:00+00:00,179758.772,180470.026,179617.754,180207.757,150,62150,0
2026-08-10 17:35:00+00:00,180234.407,180316.723,179125.06,179168.738,150,62150,0
2026-08-10 17:40:00+00:00,179193.131,179871.878,179065.076,179772.158,150,62150,0
2026-08-10 17:45:00+00:00,179806.887,180686.625,179793.347,179847.256,150,62150,0
2026-08-10 17:50:00+00:00,179838.545,180180.791,179627.834,180000.433,150,62150,0
2026-08-10 17:55:00+00:00,180013.919,180095.344,179622.294,179712.002,150,62150,0
2026-08-10 18:00:00+00:00,179737.833,180348.182,179705.944,180063.284,150,62150,0
2026-08-10 18:05:00+00:00,180050.149,180410.614,179769.809,180398.234,150,62150,0
2026-08-10 18:10:00+00:00,180436.087,180690.271,179564.783,179768.302,150,62150,0
2026-08-10 18:15:00+00:00,179799.522,180235.665,179310.892,179929.031,150,62150,0
2026-08-10 18:20:00+00:00,179911.879,180775.28,179793.462,180592.283,150,62150,0
2026-08-10 18:25:00+00:00,180585.362,181678.049,180565.564,181391.961,150,62150,0
2026-08-10 18:30:00+00:00,181338.666,182385.914,181304.501,181888.337,150,62150,0
2026-08-10 18:35:00+00:00,181894.881,182058.105,181149.31,181307.481,150,62150,0
2026-08-10 18:40:00+00:00,181340.395,181523.11,181127.804,181139.257,150,62150,0
2026-08-10 18:45:00+00:00,181067.244,181067.244,180419.633,180742.097,150,62150,0
2026-08-10 18:50:00+00:00,180679.014,180981.022,180290.283,180672.804,150,62150,0
2026-08-10 18:55:00+00:00,180676.608,180813.903,180382.875,180737.617,150,62150,0
2026-08-10 19:00:00+00:00,180748.814,181467.751,180708.336,180945.064,150,62150,0
2026-08-10 19:05:00+00:00,180905.637,180986.135,180150.426,180678.072,150,62150,0
2026-08-10 19:10:00+00:00,180722.01,180790.358,179563.071,179869.956,150,62150,0
2026-08-10 19:15:00+00:00,179851.679,180242.546,179627.226,179906.362,150,62150,0
2026-08-10 19:20:00+00:00,179902.985,180522.271,179008.085,179055.228,150,62150,0
2026-08-10 19:25:00+00:00,179084.318,179084.318,178546.983,178633.284,150,62150,0
2026-08-10 19:30:00+00:00,178619.186,179369.985,178536.132,179254.166,150,62150,0
2026-08-10 19:35:00+00:00,179206.37,179315.728,178813.559,178997.438,150,62150,0
2026-08-10 19:40:00+00:00,178961.653,179774.636,178920.526,179263.377,150,62150,0
2026-08-10 19:45:00+00:00,179255.519,179755.825,179170.144,179619.544,150,62150,0
2026-08-10 19:50:00+00:00,179602.414,179829.11,179226.124,179272.47,150,62150,0
2026-08-10 19:55:00+00:00,179217.649,179433.681,178532.274,178544.23,150,62150,0
2026-08-10 20:00:00+00:00,178535.726,178671.157,177319.697,177385.305,150,62150,0
2026-08-10 20:05:00+00:00,177426.75,178158.948,177240.171,178158.948,150,62150,0
2026-08-10 20:10:00+00:00,178146.258,178653.517,178146.258,178601.763,150,62150,0
2026-08-10 20:15:00+00:00,178623.25,178873.505,178426.975,178864.993,150,62150,0
2026-08-10 20:20:00+00:00,178855.268,179650.472,178843.179,179625.452,150,62150,0
2026-08-10 20:25:00+00:00,179612.856,179786.472,179280.804,179342.901,150,62150,0
2026-08-10 20:30:00+00:00,179393.228,179578.444,178458.255,178980.579,150,62150,0
2026-08-10 20:35:00+00:00,179046.356,179085.725,178443.693,178833.965,150,62150,0
2026-08-10 20:40:00+00:00,178802.875,179027.019,178078.567,178139.125,150,62150,0
2026-08-10 20:45:00+00:00,178138.979,178710.227,178004.818,178462.587,150,62150,0
2026-08-10 20:50:00+00:00,178446.716,178449.276,177791.838,177791.838,150,62150,0
2026-08-10 20:55:00+00:00,177737.15,177993.608,177125.212,177277.457,150,62150,0
2026-08-10 21:00:00+00:00,177267.649,177680.808,177136.968,177315.089,150,62150,0
2026-08-10 21:05:00+00:00,177364.427,177981.47,177059.395,177234.754,150,62150,0
2026-08-10 21:10:00+00:00,177200.925,178049.208,177200.925,177766.895,150,62150,0
2026-08-10 21:15:00+00:00,177785.679,178021.886,177573.0,177858.866,150,62150,0
2026-08-10 21:20:00+00:00,177812.494,178520.346,177778.812,178101.465,150,62150,0
2026-08-10 21:25:00+00:00,178080.157,178465.066,178021.175,178242.803,150,62150,0
2026-08-10 21:30:00+00:00,178243.04,178340.346,177841.751,177993.286,150,62150,0
2026-08-10 21:35:00+00:00,177908.549,178310.066,177423.738,177423.738,150,62150,0
2026-08-10 21:40:00+00:00,177366.428,177716.44,177017.193,177716.44,150,62150,0
2026-08-10 21:45:00+00:00,177719.784,177992.584,177335.476,177783.027,150,62150,0
2026-08-10 21:50:00+00:00,177867.892,178039.491,177309.994,177842.713,150,62150,0
2026-08-10 21:55:00+00:00,177852.197,178437.144,177662.842,178109.374,150,62150,0
2026-08-10 22:00:00+00:00,178114.101,178670.236,178062.361,178062.361,150,62150,0
2026-08-10 22:05:00+00:00,178110.769,178415.633,177935.551,178013.554,150,62150,0
2026-08-10 22:10:00+00:00,178015.475,178801.22,178005.326,178549.179,150,62150,0
2026-08-10 22:15:00+00:00,178548.637,178999.306,178298.018,178373.193,150,62150,0
2026-08-10 22:20:00+00:00,178433.853,178980.574,178219.697,178959.751,150,62150,0
2026-08-10 22:25:00+00:00,178884.435,179328.256,178751.008,179104.979,150,62150,0
2026-08-10 22:30:00+00:00,179120.07,179244.181,178452.713,179015.413,150,62150,0
2026-08-10 22:35:00+00:00,178997.94,179211.415,178679.512,179155.422,150,62150,0
2026-08-10 22:40:00+00:00,179188.341,179304.014,178906.978,179304.014,150,62150,0
2026-08-10 22:45:00+00:00,179248.961,179559.951,178916.755,179166.716,150,62150,0
2026-08-10 22:50:00+00:00,179150.707,179488.809,178660.805,179284.731,150,62150,0
2026-08-10 22:55:00+00:00,179236.809,179948.521,179095.007,179543.184,150,62150,0
2026-08-10 23:00:00+00:00,179565.94,180285.868,179550.843,180226.349,150,62150,0
2026-08-10 23:05:00+00:00,180243.591,181126.917,180175.651,181034.877,150,62150,0
2026-08-10 23:10:00+00:00,181091.69,181333.335,180807.116,181066.542,150,62150,0
2026-08-10 23:15:00+00:00,181113.121,181327.982,180755.18,181141.938,150,62150,0
2026-08-10 23:20:00+00:00,181132.176,181651.031,181104.691,181473.887,150,62150,0
2026-08-10 23:25:00+00:00,181476.876,181489.845,180821.568,180821.568,150,62150,0
2026-08-10 23:30:00+00:00,180800.412,181087.235,180729.748,181084.412,150,62150,0
2026-08-10 23:35:00+00:00,181085.746,181509.894,180669.656,180861.878,150,62150,0
2026-08-10 23:40:00+00:00,180861.458,181322.735,180769.787,181158.852,150,62150,0
2026-08-10 23:45:00+00:00,181138.979,181398.408,180442.892,180506.541,150,62150,0
2026-08-10 23:50:00+00:00,180477.394,180486.714,179728.992,179920.38,150,62150,0
2026-08-10 23:55:00+00:00,179938.021,179974.097,179019.938,179026.4,150,62150,0
2026-08-11 00:00:00+00:00,179096.38,179150.031,178256.414,178467.807,150,62150,0
2026-08-11 00:05:00+00:00,178464.212,178884.452,178230.084,178875.358,150,62150,0
2026-08-11 00:10:00+00:00,178896.178,179179.588,178480.055,179179.588,150,62150,0
2026-08-11 00:15:00+00:00,179198.543,179875.012,178953.409,179723.194,150,62150,0
2026-08-11 00:20:00+00:00,179743.679,179750.757,179064.816,179235.647,150,62150,0
2026-08-11 00:25:00+00:00,179304.496,180380.801,179304.496,180324.115,150,62150,0
2026-08-11 00:30:00+00:00,180309.953,180464.641,179643.712,180298.605,150,62150,0
2026-08-11 00:35:00+00:00,180303.371,180806.637,180248.271,180587.921,150,62150,0
2026-08-11 00:40:00+00:00,180554.841,180876.025,180400.055,180515.531,150,62150,0
2026-08-11 00:45:00+00:00,180485.542,180862.684,180193.727,180536.191,150,62150,0
2026-08-11 00:50:00+00:00,180504.983,180957.053,180387.511,180957.053,150,62150,0
2026-08-11 00:55:00+00:00,181020.505,181386.221,180847.715,181386.221,150,62150,0
2026-08-11 01:00:00+00:00,181376.067,181618.076,181016.61,181257.352,150,62150,0
2026-08-11 01:05:00+00:00,181269.191,181979.34,181006.432,181954.627,150,62150,0
2026-08-11 01:10:00+00:00,181959.513,183138.974,181890.956,183029.108,150,62150,0
2026-08-11 01:15:00+00:00,183046.435,183046.435,182624.542,182801.416,150,62150,0
2026-08-11 01:20:00+00:00,182841.304,182886.794,182399.418,182615.447,150,62150,0
2026-08-11 01:25:00+00:00,182608.933,182984.916,182479.44,182876.242,150,62150,0
2026-08-11 01:30:00+00:00,182881.202,183056.369,181590.793,181716.343,150,62150,0
2026-08-11 01:35:00+00:00,181694.384,182595.589,181560.219,182476.167,150,62150,0
2026-08-11 01:40:00+00:00,182510.913,183363.214,182322.543,183071.326,150,62150,0
2026-08-11 01:45:00+00:00,183078.993,183349.524,182636.927,182801.641,150,62150,0
2026-08-11 01:50:00+00:00,182848.488,183402.593,182836.843,183254.269,150,62150,0
2026-08-11 01:55:00+00:00,183266.858,183386.336,182755.188,183167.943,150,62150,0
2026-08-11 02:00:00+00:00,183154.161,183727.942,183064.978,183603.25,150,62150,0
2026-08-11 02:05:00+00:00,183623.53,184118.029,183562.244,183930.346,150,62150,0
2026-08-11 02:10:00+00:00,183907.174,184033.108,182989.346,183233.301,150,62150,0
2026-08-11 02:15:00+00:00,183265.417,184618.503,183265.417,184582.175,150,62150,0
2026-08-11 02:20:00+00:00,184615.893,184980.542,184007.94,184009.618,150,62150,0
2026-08-11 02:25:00+00:00,184061.244,184801.819,183774.09,184209.765,150,62150,0
2026-08-11 02:30:00+00:00,184224.273,184224.273,183203.657,183383.129,150,62150,0
2026-08-11 02:35:00+00:00,183426.454,183724.673,183167.231,183642.615,150,62150,0
2026-08-11 02:40:00+00:00,183572.919,183781.436,182997.274,183440.205,150,62150,0
2026-08-11 02:45:00+00:00,183471.976,183752.886,183032.617,183712.951,150,62150,0
2026-08-11 02:50:00+00:00,183708.201,183730.29,183146.786,183190.712,150,62150,0
2026-08-11 02:55:00+00:00,183202.796,183667.566,182802.821,183081.777,150,62150,0
2026-08-11 03:00:00+00:00,183041.091,183283.794,182837.327,183173.855,150,62150,0
2026-08-11 03:05:00+00:00,183180.078,183654.121,183107.521,183224.538,150,62150,0
2026-08-11 03:10:00+00:00,183222.613,183944.588,183129.326,183857.08,150,62150,0
2026-08-11 03:15:00+00:00,183832.764,184419.744,183646.343,184328.234,150,62150,0
2026-08-11 03:20:00+00:00,184311.547,185059.952,184283.046,184777.481,150,62150,0
2026-08-11 03:25:00+00:00,184727.348,185027.069,184628.065,184850.814,150,62150,0
2026-08-11 03:30:00+00:00,184941.259,185251.827,184779.346,185181.08,150,62150,0
2026-08-11 03:35:00+00:00,185141.56,185622.633,185099.338,185501.975,150,62150,0
2026-08-11 03:40:00+00:00,185482.441,185709.231,185063.677,185216.792,150,62150,0
2026-08-11 03:45:00+00:00,185202.117,185348.323,184769.076,185342.836,150,62150,0
2026-08-11 03:50:00+00:00,185366.994,185399.686,184491.479,184549.023,150,62150,0
2026-08-11 03:55:00+00:00,184511.803,185307.609,184447.975,184990.964,150,62150,0
2026-08-11 04:00:00+00:00,185002.45,185491.793,184844.705,185231.785,150,62150,0
2026-08-11 04:05:00+00:00,185210.56,185513.187,184761.922,185041.654,150,62150,0
2026-08-11 04:10:00+00:00,184967.331,184995.572,184093.488,184624.598,150,62150,0
2026-08-11 04:15:00+00:00,184653.836,185076.891,184452.03,184784.179,150,62150,0
2026-08-11 04:20:00+00:00,184815.539,185342.078,184718.572,185213.044,150,62150,0
2026-08-11 04:25:00+00:00,185220.358,186141.539,185073.837,186141.539,150,62150,0
2026-08-11 04:30:00+00:00,186151.258,186151.258,185219.358,185822.066,150,62150,0
2026-08-11 04:35:00+00:00,185792.318,186052.764,185497.367,185516.289,150,62150,0
2026-08-11 04:40:00+00:00,185557.333,186235.672,185326.657,185692.992,150,62150,0
2026-08-11 04:45:00+00:00,185653.367,186266.118,185598.96,185971.283,150,62150,0
2026-08-11 04:50:00+00:00,185970.331,186065.603,185342.417,185423.234,150,62150,0
2026-08-11 04:55:00+00:00,185384.053,185581.945,185099.504,185204.191,150,62150,0
2026-08-11 05:00:00+00:00,185244.443,185592.611,185052.694,185488.709,150,62150,0
2026-08-11 05:05:00+00:00,185412.461,185657.451,184844.918,184867.1,150,62150,0
2026-08-11 05:10:00+00:00,184870.368,185615.715,184802.23,185614.488,150,62150,0
2026-08-11 05:15:00+00:00,185650.458,186703.176,185641.677,186560.213,150,62150,0
2026-08-11 05:20:00+00:00,186571.517,186693.844,186309.961,186581.106,150,62150,0
2026-08-11 05:25:00+00:00,186561.254,187458.517,186357.759,187298.644,150,62150,0
2026-08-11 05:30:00+00:00,187311.745,187918.232,187311.745,187346.531,150,62150,0
2026-08-11 05:35:00+00:00,187329.863,187450.372,187076.022,187153.662,150,62150,0
2026-08-11 05:40:00+00:00,187187.06,187980.243,187113.771,187634.722,150,62150,0
2026-08-11 05:45:00+00:00,187690.902,188127.591,187046.788,187046.788,150,62150,0
2026-08-11 05:50:00+00:00,187013.894,187543.138,186912.748,186912.748,150,62150,0
2026-08-11 05:55:00+00:00,186890.89,187597.624,186848.854,187144.935,150,62150,0
2026-08-11 06:00:00+00:00,187164.58,188109.699,187048.212,187934.319,150,62150,0
2026-08-11 06:05:00+00:00,187871.807,188221.47,187642.797,188061.55,150,62150,0
2026-08-11 06:10:00+00:00,188086.825,188319.52,187649.955,187773.748,150,62150,0
2026-08-11 06:15:00+00:00,187802.24,188118.766,187713.932,187751.663,150,62150,0
2026-08-11 06:20:00+00:00,187732.132,188260.633,187592.036,187886.312,150,62150,0
2026-08-11 06:25:00+00:00,187970.285,188429.7,187728.446,188043.226,150,62150,0
2026-08-11 06:30:00+00:00,188018.203,188042.256,187244.364,187382.407,150,62150,0
2026-08-11 06:35:00+00:00,187345.301,187507.615,186912.298,187253.155,150,62150,0
2026-08-11 06:40:00+00:00,187278.843,187973.291,187261.206,187453.299,150,62150,0
2026-08-11 06:45:00+00:00,187498.436,187962.678,187145.609,187962.678,150,62150,0
2026-08-11 06:50:00+00:00,187930.849,188007.074,187345.212,187679.498,150,62150,0
2026-08-11 06:55:00+00:00,187760.198,187844.456,187274.847,187277.735,150,62150,0
2026-08-11 07:00:00+00:00,187304.533,187471.758,186769.874,187393.208,150,62150,0
2026-08-11 07:05:00+00:00,187413.815,187669.681,186680.469,186846.906,160,62150,0
2026-08-11 07:10:00+00:00,186808.926,187216.013,186581.342,187041.073,150,62150,0
2026-08-11 07:15:00+00:00,187051.939,187158.511,186328.355,186966.357,150,62150,0
2026-08-11 07:20:00+00:00,186902.574,187070.921,186662.066,186825.148,150,62150,0
2026-08-11 07:25:00+00:00,186799.459,187795.99,186722.253,187795.99,150,62150,0
2026-08-11 07:30:00+00:00,187831.082,189076.221,187492.973,188997.697,150,62150,0
2026-08-11 07:35:00+00:00,188987.48,189910.368,188913.482,189823.669,150,62150,0
2026-08-11 07:40:00+00:00,189857.53,189907.818,189227.131,189716.429,150,62150,0
2026-08-11 07:45:00+00:00,189730.55,190384.939,189489.23,190125.787,150,62150,0
2026-08-11 07:50:00+00:00,190161.529,190195.706,189478.694,189781.922,150,62150,0
2026-08-11 07:55:00+00:00,189791.069,190186.341,189744.346,190127.649,150,62150,0
2026-08-11 08:00:00+00:00,190051.236,191246.524,189988.06,190843.067,150,62150,0
2026-08-11 08:05:00+00:00,190867.444,191022.333,190303.404,190409.077,150,62150,0
2026-08-11 08:10:00+00:00,190421.127,190880.234,189987.488,190859.215,150,62150,0
2026-08-11 08:15:00+00:00,190932.595,191332.151,190821.303,191130.462,150,62150,0
2026-08-11 08:20:00+00:00,191182.051,192041.757,191078.487,191978.811,150,62150,0
2026-08-11 08:25:00+00:00,192060.306,192707.073,192035.116,192452.702,150,62150,0
2026-08-11 08:30:00+00:00,192413.046,193290.276,192323.803,193024.597,150,62150,0
2026-08-11 08:35:00+00:00,193011.081,193644.425,192894.328,193248.575,150,62150,0
2026-08-11 08:40:00+00:00,193230.323,193672.83,192657.351,192657.351,150,62150,0
2026-08-11 08:45:00+00:00,192657.972,192942.149,191785.659,192200.144,150,62150,0
2026-08-11 08:50:00+00:00,192194.089,192543.061,192095.297,192543.061,150,62150,0
2026-08-11 08:55:00+00:00,192552.877,192649.413,191478.15,191538.971,150,62150,0
2026-08-11 09:00:00+00:00,191488.225,192427.488,191411.893,191842.668,150,62150,0
2026-08-11 09:05:00+00:00,191851.328,191975.922,191508.321,191789.758,150,62150,0
2026-08-11 09:10:00+00:00,191821.642,192887.897,191734.302,192777.131,150,62150,0
2026-08-11 09:15:00+00:00,192784.948,193168.232,192469.491,193033.658,150,62150,0
2026-08-11 09:20:00+00:00,193055.416,193181.302,192592.022,192890.085,150,62150,0
2026-08-11 09:25:00+00:00,192848.395,193430.703,192576.153,192695.076,150,62150,0
2026-08-11 09:30:00+00:00,192717.208,193323.11,192631.523,193089.237,150,62150,0
2026-08-11 09:35:00+00:00,193025.708,193336.923,192643.861,192735.65,150,62150,0
2026-08-11 09:40:00+00:00,192666.797,193035.335,192207.582,192365.742,150,62150,0
2026-08-11 09:45:00+00:00,192393.522,193067.732,192092.786,192923.989,150,62150,0
2026-08-11 09:50:00+00:00,192922.079,192922.079,192111.428,192111.428,150,62150,0
2026-08-11 09:55:00+00:00,192061.742,192061.742,191367.925,191446.592,150,62150,0
2026-08-11 10:00:00+00:00,191452.104,191493.451,190814.38,190907.306,150,62150,0
2026-08-11 10:05:00+00:00,190843.46,190843.46,189913.657,190282.611,150,62150,0
2026-08-11 10:10:00+00:00,190261.537,190434.474,189706.932,190079.839,150,62150,0
2026-08-11 10:15:00+00:00,190049.3,190076.798,188791.374,188993.164,150,62150,0
2026-08-11 10:20:00+00:00,188932.499,188932.533,188340.529,188448.114,150,62150,0
2026-08-11 10:25:00+00:00,188470.08,188739.461,188058.099,188058.099,150,62150,0
2026-08-11 10:30:00+00:00,188033.961,188642.525,187931.073,188567.183,150,62150,0
2026-08-11 10:35:00+00:00,188542.926,188703.769,188263.792,188643.745,150,62150,0
2026-08-11 10:40:00+00:00,188638.721,188858.675,188337.67,188495.031,150,62150,0
2026-08-11 10:45:00+00:00,188488.401,189247.792,188488.401,188854.124,150,62150,0
2026-08-11 10:50:00+00:00,188918.094,189290.307,188407.052,188596.881,150,62150,0
2026-08-11 10:55:00+00:00,188656.196,189155.894,188626.04,188718.406,150,62150,0
2026-08-11 11:00:00+00:00,188692.771,188809.829,187862.806,188147.655,150,62150,0
2026-08-11 11:05:00+00:00,188110.803,188568.441,187759.164,187828.124,150,62150,0
2026-08-11 11:10:00+00:00,187843.148,188528.074,187682.181,188433.669,150,62150,0
2026-08-11 11:15:00+00:00,188423.748,188545.091,187575.284,187603.615,150,62150,0
2026-08-11 11:20:00+00:00,187580.39,187654.184,186348.048,186407.092,150,62150,0
2026-08-11 11:25:00+00:00,186498.005,186728.387,186247.5,186483.27,150,62150,0
2026-08-11 11:30:00+00:00,186530.931,186809.707,185912.951,186133.392,150,62150,0
2026-08-11 11:35:00+00:00,186107.52,186847.027,186026.508,186517.381,150,62150,0
2026-08-11 11:40:00+00:00,186500.213,186705.592,185835.738,186098.789,150,62150,0
2026-08-11 11:45:00+00:00,186136.029,186720.171,186053.874,186519.739,150,62150,0
2026-08-11 11:50:00+00:00,186528.528,186571.345,185535.383,185706.479,150,62150,0
2026-08-11 11:55:00+00:00,185585.155,185792.064,185301.387,185658.196,150,62150,0
2026-08-11 12:00:00+00:00,185610.827,186069.75,185496.275,185497.495,150,62150,0
2026-08-11 12:05:00+00:00,185521.449,185756.431,184744.342,184789.721,150,62150,0
2026-08-11 12:10:00+00:00,184839.872,185224.394,184581.467,185159.797,150,62150,0
2026-08-11 12:15:00+00:00,185103.198,185103.198,183507.828,183742.415,150,62150,0
2026-08-11 12:20:00+00:00,183775.819,183927.904,183334.184,183449.002,150,62150,0
2026-08-11 12:25:00+00:00,183444.698,183479.309,182369.599,182854.197,150,62150,0
2026-08-11 12:30:00+00:00,182792.11,183470.609,182677.802,183151.666,150,62150,0
2026-08-11 12:35:00+00:00,183147.718,183572.975,182926.66,183572.975,150,62150,0
2026-08-11 12:40:00+00:00,183658.006,184466.583,183561.513,184114.358,150,62150,0
2026-08-11 12:45:00+00:00,184152.231,184719.7,184050.157,184590.314,150,62150,0
2026-08-11 12:50:00+00:00,184534.22,185082.869,184302.614,184520.788,150,62150,0
2026-08-11 12:55:00+00:00,184517.612,184885.301,184441.196,184486.931,150,62150,0
2026-08-11 13:00:00+00:00,184443.096,184703.17,183888.071,184448.949,150,62150,0
2026-08-11 13:05:00+00:00,184498.206,184647.454,184190.541,184460.393,150,62150,0
2026-08-11 13:10:00+00:00,184409.002,184758.704,184141.429,184262.873,150,62150,0
2026-08-11 13:15:00+00:00,184224.302,184513.947,183842.805,183842.805,150,62150,0
2026-08-11 13:20:00+00:00,183888.577,184178.841,183443.225,184163.728,150,62150,0
2026-08-11 13:25:00+00:00,184106.104,184374.465,183869.966,184216.216,150,62150,0
2026-08-11 13:30:00+00:00,184300.227,184471.924,183916.661,183926.415,150,62150,0
2026-08-11 13:35:00+00:00,183909.356,184379.956,183736.544,184320.929,150,62150,0
2026-08-11 13:40:00+00:00,184303.729,184303.729,183517.828,183676.153,150,62150,0
2026-08-11 13:45:00+00:00,183727.597,184210.739,183452.295,183574.995,150,62150,0
2026-08-11 13:50:00+00:00,183526.214,183819.607,182998.07,183042.974,150,62150,0
2026-08-11 13:55:00+00:00,183094.597,183828.462,182869.44,183828.462,150,62150,0
2026-08-11 14:00:00+00:00,183858.382,184104.915,183701.419,183757.107,150,62150,0
2026-08-11 14:05:00+00:00,183823.338,183842.346,183001.953,183455.47,150,62150,0
2026-08-11 14:10:00+00:00,183466.415,183996.556,183431.661,183657.514,150,62150,0
2026-08-11 14:15:00+00:00,183669.189,183973.39,183023.072,183067.506,150,62150,0
2026-08-11 14:20:00+00:00,183036.851,183424.002,183028.396,183277.041,150,62150,0
2026-08-11 14:25:00+00:00,183183.811,183752.582,183179.773,183744.523,150,62150,0
2026-08-11 14:30:00+00:00,183706.937,183861.537,183413.991,183573.92,150,62150,0
2026-08-11 14:35:00+00:00,183615.059,183629.146,183114.796,183353.305,150,62150,0
2026-08-11 14:40:00+00:00,183333.036,183333.036,182749.568,183043.256,150,62150,0
2026-08-11 14:45:00+00:00,182947.528,184382.48,182843.674,184135.215,150,62150,0
2026-08-11 14:50:00+00:00,184144.509,184206.562,183732.28,184070.269,150,62150,0
2026-08-11 14:55:00+00:00,184002.72,184321.645,183841.45,184001.312,150,62150,0
2026-08-11 15:00:00+00:00,183994.379,184276.618,183616.208,183616.208,150,62150,0
2026-08-11 15:05:00+00:00,183656.766,183920.157,183498.813,183835.24,150,62150,0
2026-08-11 15:10:00+00:00,183827.728,183935.685,183284.458,183602.53,150,62150,0
2026-08-11 15:15:00+00:00,183600.663,183838.387,183030.365,183030.365,149,62150,0
2026-08-11 15:20:00+00:00,182993.195,183252.936,182450.698,182565.583,150,62150,0
2026-08-11 15:25:00+00:00,182595.072,183823.498,182595.072,182961.757,150,62150,0
2026-08-11 15:30:00+00:00,183012.345,183465.328,182781.058,182781.058,150,62150,0
2026-08-11 15:35:00+00:00,182783.746,183580.098,182727.563,183399.496,150,62150,0
2026-08-11 15:40:00+00:00,183336.624,183598.501,183064.231,183064.231,150,62150,0
2026-08-11 15:45:00+00:00,183071.797,183122.262,182340.724,182633.819,150,62150,0
2026-08-11 15:50:00+00:00,182627.337,182666.831,182064.704,182543.154,150,62150,0
2026-08-11 15:55:00+00:00,182532.542,182554.188,181749.627,182187.998,150,62150,0
2026-08-11 16:00:00+00:00,182260.756,182468.658,181750.025,181923.44,150,68633,0
2026-08-11 16:05:00+00:00,181867.847,182177.44,181701.489,182123.11,150,68633,0
2026-08-11 16:10:00+00:00,182152.391,182309.213,181461.716,181732.137,150,68633,0
2026-08-11 16:15:00+00:00,181803.331,182444.571,181803.331,181905.385,150,68633,0
2026-08-11 16:20:00+00:00,181982.015,182129.232,181717.006,181753.306,150,68633,0
2026-08-11 16:25:00+00:00,181772.491,182290.032,181772.491,182242.13,150,68633,0
2026-08-11 16:30:00+00:00,182179.116,182537.526,182115.986,182509.163,150,68633,0
2026-08-11 16:35:00+00:00,182551.662,182798.64,182194.886,182225.95,150,68633,0
2026-08-11 16:40:00+00:00,182230.591,182963.408,181784.202,182728.655,150,68633,0
2026-08-11 16:45:00+00:00,182770.294,183368.512,182505.779,183060.876,150,68633,0
2026-08-11 16:50:00+00:00,183027.265,184418.04,182879.874,184418.04,150,68633,0
2026-08-11 16:55:00+00:00,184467.477,184862.161,183976.884,184050.583,150,68633,0
2026-08-11 17:00:00+00:00,184060.235,184396.679,183514.381,183647.071,150,68633,0
2026-08-11 17:05:00+00:00,183638.98,183904.938,183353.646,183687.969,150,68633,0
2026-08-11 17:10:00+00:00,183603.201,183684.037,182850.37,182918.491,150,68633,0
2026-08-11 17:15:00+00:00,182902.291,183209.263,182660.15,182660.15,150,68633,0
2026-08-11 17:20:00+00:00,182688.865,182707.434,182205.369,182437.626,150,68633,0
2026-08-11 17:25:00+00:00,182451.39,182543.982,181831.346,181845.729,150,68633,0
2026-08-11 17:30:00+00:00,181782.317,181984.095,181535.069,181566.023,150,68633,0
2026-08-11 17:35:00+00:00,181567.438,181689.121,181242.318,181380.749,150,68633,0
2026-08-11 17:40:00+00:00,181411.336,181989.288,181393.355,181561.082,150,68633,0
2026-08-11 17:45:00+00:00,181572.169,181811.999,181326.029,181447.478,150,68633,0
2026-08-11 17:50:00+00:00,181423.02,181546.91,180479.188,180661.318,150,68633,0
2026-08-11 17:55:00+00:00,180649.181,181026.02,180459.619,180565.379,150,68633,0
2026-08-11 18:00:00+00:00,180537.056,180620.131,180055.045,180273.281,150,68633,0
2026-08-11 18:05:00+00:00,180381.81,180465.113,179739.975,179811.602,150,68633,0
2026-08-11 18:10:00+00:00,179771.066,179978.108,178970.926,179056.23,150,68633,0
2026-08-11 18:15:00+00:00,179097.068,179117.099,178508.239,178566.013,150,68633,0
2026-08-11 18:20:00+00:00,178581.06,179058.391,177955.507,178970.378,150,68633,0
2026-08-11 18:25:00+00:00,178960.716,179823.21,178914.764,179612.624,150,68633,0
2026-08-11 18:30:00+00:00,179665.429,180394.244,179595.554,180394.244,150,68633,0
2026-08-11 18:35:00+00:00,180364.841,180716.209,180056.072,180304.705,150,68633,0
2026-08-11 18:40:00+00:00,180260.045,180267.05,179497.648,179645.423,149,68633,0
2026-08-11 18:45:00+00:00,179618.099,180332.034,179548.288,180184.078,150,68633,0
2026-08-11 18:50:00+00:00,180192.791,180192.791,179421.094,179781.295,150,68633,0
2026-08-11 18:55:00+00:00,179776.103,179776.103,179074.022,179127.493,150,68633,0
2026-08-11 19:00:00+00:00,179168.824,179195.82,178305.235,178510.3,150,68633,0
2026-08-11 19:05:00+00:00,178515.181,179285.167,178483.735,179120.335,150,68633,0
2026-08-11 19:10:00+00:00,179159.134,179287.372,178479.133,178558.192,150,68633,0
2026-08-11 19:15:00+00:00,178525.4,178811.238,178398.391,178547.164,150,68633,0
2026-08-11 19:20:00+00:00,178549.941,179187.17,178531.871,179187.17,150,68633,0
2026-08-11 19:25:00+00:00,179186.274,179638.703,179159.369,179370.463,150,68633,0
2026-08-11 19:30:00+00:00,179313.575,179754.021,179053.742,179489.559,150,68633,0
2026-08-11 19:35:00+00:00,179492.285,179691.154,179192.384,179490.817,150,68633,0
2026-08-11 19:40:00+00:00,179446.31,180274.514,179446.31,180213.458,150,68633,0
2026-08-11 19:45:00+00:00,180221.257,180662.844,180145.455,180571.56,150,68633,0
2026-08-11 19:50:00+00:00,180562.249,181049.968,180058.235,180861.607,150,68633,0
2026-08-11 19:55:00+00:00,180850.258,180909.383,180416.439,180627.084,150,68633,0
2026-08-11 20:00:00+00:00,180649.203,181474.171,180546.022,181474.171,150,68633,0
2026-08-11 20:05:00+00:00,181428.022,181665.68,181217.407,181275.284,150,68633,0
2026-08-11 20:10:00+00:00,181292.198,181422.21,180516.974,181388.371,150,68633,0
2026-08-11 20:15:00+00:00,181334.09,181879.577,181039.182,181664.941,150,68633,0
2026-08-11 20:20:00+00:00,181558.397,181952.555,180996.378,181009.862,150,68633,0
2026-08-11 20:25:00+00:00,181027.054,181115.328,179743.398,180195.712,150,68633,0
2026-08-11 20:30:00+00:00,180141.066,180479.371,179761.102,180023.05,150,68633,0
2026-08-11 20:35:00+00:00,180049.55,180295.952,179635.704,180295.952,150,68633,0
2026-08-11 20:40:00+00:00,180233.819,181044.012,180233.819,180835.03,150,68633,0
2026-08-11 20:45:00+00:00,180857.031,181066.876,180487.236,181066.075,150,68633,0
2026-08-11 20:50:00+00:00,181080.33,181455.122,180938.024,181025.824,150,68633,0
2026-08-11 20:55:00+00:00,181017.594,181235.083,180368.39,180417.147,150,68633,0
2026-08-11 21:00:00+00:00,180444.366,181458.589,180304.183,181458.589,150,68633,0
2026-08-11 21:05:00+00:00,181539.246,181539.246,180917.839,181170.11,150,68633,0
2026-08-11 21:10:00+00:00,181202.187,181413.201,180864.502,181098.13,150,68633,0
2026-08-11 21:15:00+00:00,181098.021,181505.724,180909.037,181076.598,150,68633,0
2026-08-11 21:20:00+00:00,181096.208,181447.33,180799.609,181447.33,150,68633,0
2026-08-11 21:25:00+00:00,181357.843,181898.445,181222.729,181647.804,150,68633,0
2026-08-11 21:30:00+00:00,181588.703,181653.535,180745.457,180973.515,150,68633,0
2026-08-11 21:35:00+00:00,180963.313,181388.018,180769.636,180855.235,150,68633,0
2026-08-11 21:40:00+00:00,180822.893,181003.956,180247.502,180309.763,150,68633,0
2026-08-11 21:45:00+00:00,180296.656,180296.656,179189.083,179726.685,150,68633,0
2026-08-11 21:50:00+00:00,179743.314,179783.933,178380.612,178547.911,150,68633,0
2026-08-11 21:55:00+00:00,178550.12,178691.876,177574.441,177574.441,150,68633,0
2026-08-11 22:00:00+00:00,177522.002,177552.836,176708.592,176929.343,150,68633,0
2026-08-11 22:05:00+00:00,176912.133,177150.093,176148.71,176165.958,150,68633,0
2026-08-11 22:10:00+00:00,176189.84,177112.554,176034.892,176698.638,150,68633,0
2026-08-11 22:15:00+00:00,176692.502,176969.354,176278.394,176278.394,150,68633,0
2026-08-11 22:20:00+00:00,176261.633,176364.417,175743.885,175909.823,150,68633,0
2026-08-11 22:25:00+00:00,175901.601,176087.027,175519.424,175793.895,150,68633,0
2026-08-11 22:30:00+00:00,175840.711,175840.711,174840.495,175286.401,150,68633,0
2026-08-11 22:35:00+00:00,175269.509,176128.668,175269.509,175860.607,150,68633,0
2026-08-11 22:40:00+00:00,175872.722,176087.236,175665.287,175841.383,150,68633,0
2026-08-11 22:45:00+00:00,175828.362,176461.183,175510.413,176454.844,150,68633,0
2026-08-11 22:50:00+00:00,176465.74,176493.79,175796.744,176007.527,150,68633,0
2026-08-11 22:55:00+00:00,176050.165,176237.272,175138.105,175266.459,150,68633,0
2026-08-11 23:00:00+00:00,175217.089,175929.498,175171.825,175855.868,150,68633,0
2026-08-11 23:05:00+00:00,175806.01,176121.217,175446.061,175713.844,150,68633,0
2026-08-11 23:10:00+00:00,175725.748,175832.677,174744.412,175036.987,150,68633,0
2026-08-11 23:15:00+00:00,175042.021,175160.359,174255.307,174643.4,150,68633,0
2026-08-11 23:20:00+00:00,174547.244,174737.483,173617.345,173617.345,150,68633,0
2026-08-11 23:25:00+00:00,173551.931,174223.635,173365.151,174187.41,150,68633,0
2026-08-11 23:30:00+00:00,174186.112,174212.236,173820.664,174054.33,150,68633,0
2026-08-11 23:35:00+00:00,174091.905,174826.719,174091.905,174397.749,150,68633,0
2026-08-11 23:40:00+00:00,174443.126,175054.409,174242.111,175033.912,150,68633,0
2026-08-11 23:45:00+00:00,174996.929,175200.497,174700.214,175145.303,150,68633,0
2026-08-11 23:50:00+00:00,175185.149,175936.497,175185.149,175738.978,150,68633,0
2026-08-11 23:55:00+00:00,175751.173,175867.35,174983.447,175154.198,150,68633,0
2026-08-12 00:00:00+00:00,175222.343,175836.173,174999.668,175836.173,150,68633,0
2026-08-12 00:05:00+00:00,175815.592,175865.914,175503.548,175524.148,150,68633,0
2026-08-12 00:10:00+00:00,175507.858,175639.522,174769.295,175051.297,150,68633,0
2026-08-12 00:15:00+00:00,175098.451,175903.955,175098.451,175681.677,150,68633,0
2026-08-12 00:20:00+00:00,175653.726,175913.683,175447.207,175824.609,150,68633,0
2026-08-12 00:25:00+00:00,175860.451,176189.449,175189.686,175253.618,150,68633,0
2026-08-12 00:30:00+00:00,175284.11,176354.5,175249.037,176264.592,150,68633,0
2026-08-12 00:35:00+00:00,176139.992,176371.111,175708.13,175828.587,150,68633,0
2026-08-12 00:40:00+00:00,175881.695,176156.219,175517.201,175774.888,150,68633,0
2026-08-12 00:45:00+00:00,175812.874,176355.876,175679.521,175948.583,150,68633,0
2026-08-12 00:50:00+00:00,175942.076,176254.189,175471.552,176254.189,150,68633,0
2026-08-12 00:55:00+00:00,176293.12,176691.341,176161.614,176691.341,149,68633,0
2026-08-12 01:00:00+00:00,176653.759,176924.937,176244.675,176441.448,150,68633,0
2026-08-12 01:05:00+00:00,176459.782,176832.811,176057.527,176703.406,150,68633,0
2026-08-12 01:10:00+00:00,176659.28,176924.18,176443.885,176452.14,150,68633,0
2026-08-12 01:15:00+00:00,176468.645,176556.635,175775.75,176351.213,150,68633,0
2026-08-12 01:20:00+00:00,176395.885,176754.187,176244.829,176490.662,150,68633,0
2026-08-12 01:25:00+00:00,176480.069,177129.382,176463.118,177110.381,150,68633,0
2026-08-12 01:30:00+00:00,177066.395,177192.63,175920.326,176117.001,150,68633,0
2026-08-12 01:35:00+00:00,176139.015,176311.075,175857.899,175970.371,150,68633,0
2026-08-12 01:40:00+00:00,175955.917,176426.664,175770.703,175807.07,150,68633,0
2026-08-12 01:45:00+00:00,175800.725,175998.646,175525.837,175541.965,150,68633,0
2026-08-12 01:50:00+00:00,175577.461,175937.181,175106.098,175891.685,150,68633,0
2026-08-12 01:55:00+00:00,175848.114,176880.377,175848.114,176723.26,150,68633,0
2026-08-12 02:00:00+00:00,176717.77,177204.622,176613.805,177204.622,150,68633,0
2026-08-12 02:05:00+00:00,177161.212,178535.111,177003.722,178535.111,150,68633,0
2026-08-12 02:10:00+00:00,178564.582,178661.457,177761.494,177819.337,150,68633,0
2026-08-12 02:15:00+00:00,177878.667,177996.842,176990.364,177060.713,150,68633,0
2026-08-12 02:20:00+00:00,177074.201,177194.043,176277.875,176298.587,150,68633,0
2026-08-12 02:25:00+00:00,176257.197,176779.796,175961.022,176577.845,150,68633,0
2026-08-12 02:30:00+00:00,176592.888,177137.729,176522.477,177077.814,150,68633,0
2026-08-12 02:35:00+00:00,177133.804,177424.743,176858.857,176896.965,150,68633,0
2026-08-12 02:40:00+00:00,176974.671,177467.244,176856.67,177174.114,150,68633,0
2026-08-12 02:45:00+00:00,177231.232,177808.269,177063.387,177444.35,150,68633,0
2026-08-12 02:50:00+00:00,177458.947,177930.049,177415.724,177580.105,149,68633,0
2026-08-12 02:55:00+00:00,177551.259,177711.431,177362.311,177550.083,150,68633,0
2026-08-12 03:00:00+00:00,177597.454,177849.659,177183.274,177728.563,150,68633,0
2026-08-12 03:05:00+00:00,177725.488,177742.01,177229.63,177264.837,150,68633,0
2026-08-12 03:10:00+00:00,177289.655,177711.138,177289.655,177393.241,150,68633,0
2026-08-12 03:15:00+00:00,177409.4,177409.4,176648.668,176883.129,150,68633,0
2026-08-12 03:20:00+00:00,176928.687,177050.891,176668.369,176854.973,150,68633,0
2026-08-12 03:25:00+00:00,176805.609,177110.965,176618.751,176735.039,150,68633,0
2026-08-12 03:30:00+00:00,176785.774,176848.393,176048.83,176179.35,150,68633,0
2026-08-12 03:35:00+00:00,176183.993,176592.338,175609.205,175626.594,150,68633,0
2026-08-12 03:40:00+00:00,175683.709,176015.298,175551.026,175641.672,150,68633,0
2026-08-12 03:45:00+00:00,175623.47,175870.549,174940.158,175185.105,150,68633,0
2026-08-12 03:50:00+00:00,175230.49,175976.638,175055.058,175928.044,150,68633,0
2026-08-12 03:55:00+00:00,175851.615,176431.855,175851.615,176226.693,150,68633,0
2026-08-12 04:00:00+00:00,176160.689,176828.305,176060.073,176792.556,150,68633,0
2026-08-12 04:05:00+00:00,176702.753,177848.368,176702.753,177779.051,150,68633,0
2026-08-12 04:10:00+00:00,177810.416,178056.468,177477.618,177622.17,150,68633,0
2026-08-12 04:15:00+00:00,177665.172,178541.883,177528.232,178541.883,150,68633,0
2026-08-12 04:20:00+00:00,178508.603,178508.603,177607.295,177808.835,150,68633,0
2026-08-12 04:25:00+00:00,177874.42,178549.648,177672.251,178180.419,150,68633,0
2026-08-12 04:30:00+00:00,178170.4,178296.551,177962.516,178213.672,150,68633,0
2026-08-12 04:35:00+00:00,178151.169,178456.581,177799.651,178002.056,150,68633,0
2026-08-12 04:40:00+00:00,178047.403,178424.679,177944.621,178276.151,150,68633,0
2026-08-12 04:45:00+00:00,178237.785,178577.694,177851.383,178355.441,150,68633,0
2026-08-12 04:50:00+00:00,178403.061,178566.73,177483.651,177862.521,150,68633,0
2026-08-12 04:55:00+00:00,177856.407,178475.479,177745.31,178413.988,150,68633,0
2026-08-12 05:00:00+00:00,178407.0,178575.461,177849.79,177985.536,150,68633,0
2026-08-12 05:05:00+00:00,177979.1,178571.714,177903.036,178054.751,150,68633,0
2026-08-12 05:10:00+00:00,178097.288,178373.12,177804.577,178323.009,150,68633,0
2026-08-12 05:15:00+00:00,178360.824,179436.81,178120.282,179418.489,150,68633,0
2026-08-12 05:20:00+00:00,179397.965,179938.624,179289.013,179796.992,150,68633,0
2026-08-12 05:25:00+00:00,179776.039,180295.989,179547.789,180268.753,150,68633,0
2026-08-12 05:30:00+00:00,180301.919,181154.897,180216.562,181062.512,150,68633,0
2026-08-12 05:35:00+00:00,181027.431,181953.79,181027.431,181897.844,150,68633,0
2026-08-12 05:40:00+00:00,181897.574,181931.484,181285.559,181423.073,150,68633,0
2026-08-12 05:45:00+00:00,181392.98,181600.23,180984.792,181051.198,150,68633,0
2026-08-12 05:50:00+00:00,181092.121,181608.763,180643.172,181448.771,150,68633,0
2026-08-12 05:55:00+00:00,181452.913,182173.257,181442.197,182143.363,150,68633,0
2026-08-12 06:00:00+00:00,182099.761,182124.676,181245.899,181433.269,150,68633,0
2026-08-12 06:05:00+00:00,181415.865,181415.865,180920.784,181017.665,150,68633,0
2026-08-12 06:10:00+00:00,180991.661,181044.927,180372.411,180443.0,150,68633,0
2026-08-12 06:15:00+00:00,180423.921,180496.021,179507.213,179658.509,150,68633,0
2026-08-12 06:20:00+00:00,179647.726,179742.977,179055.462,179524.47,150,68633,0
2026-08-12 06:25:00+00:00,179572.074,180146.642,179515.408,179547.148,150,68633,0
2026-08-12 06:30:00+00:00,179561.052,179735.791,179324.64,179556.628,150,68633,0
2026-08-12 06:35:00+00:00,179522.881,179728.733,178996.459,179165.951,150,68633,0
2026-08-12 06:40:00+00:00,179195.02,179948.851,178883.218,179839.911,150,68633,0
2026-08-12 06:45:00+00:00,179782.51,180129.73,179631.864,179799.525,150,68633,0
2026-08-12 06:50:00+00:00,179746.072,179989.224,179408.189,179669.766,150,68633,0
2026-08-12 06:55:00+00:00,179724.722,179733.052,178815.171,178857.002,150,68633,0
2026-08-12 07:00:00+00:00,178861.13,178959.37,178023.418,178023.418,150,68633,0
2026-08-12 07:05:00+00:00,177983.796,178038.371,177416.714,177720.003,150,68633,0
2026-08-12 07:10:00+00:00,177752.435,178174.576,177333.082,177580.448,150,68633,0
2026-08-12 07:15:00+00:00,177585.506,177779.827,176906.434,176906.434,150,68633,0
2026-08-12 07:20:00+00:00,176834.595,177290.106,176810.765,176977.844,150,68633,0
2026-08-12 07:25:00+00:00,176961.206,177148.591,176481.389,176827.047,150,68633,0
2026-08-12 07:30:00+00:00,176828.433,176942.886,176156.638,176414.511,150,68633,0
2026-08-12 07:35:00+00:00,176432.238,176824.904,175685.969,176742.45,150,68633,0
2026-08-12 07:40:00+00:00,176791.247,176829.288,175349.707,175596.719,150,68633,0
2026-08-12 07:45:00+00:00,175596.442,176222.932,175480.337,175908.4,150,68633,0
2026-08-12 07:50:00+00:00,175893.852,176399.535,175775.807,176083.219,150,68633,0
2026-08-12 07:55:00+00:00,176083.512,176164.153,175655.848,175681.285,150,68633,0
2026-08-12 08:00:00+00:00,175744.165,176670.905,175608.35,176519.006,150,68633,0
2026-08-12 08:05:00+00:00,176538.274,176965.337,176444.343,176702.446,150,68633,0
2026-08-12 08:10:00+00:00,176720.115,176868.863,176280.295,176448.138,150,68633,0
2026-08-12 08:15:00+00:00,176469.484,176716.993,176321.47,176566.809,150,68633,0
2026-08-12 08:20:00+00:00,176513.579,176882.815,176236.668,176405.66,150,68633,0
2026-08-12 08:25:00+00:00,176349.681,176501.345,175993.313,176099.298,150,68633,0
2026-08-12 08:30:00+00:00,176019.238,176911.152,176008.765,176824.366,150,68633,0
2026-08-12 08:35:00+00:00,176793.447,176813.998,176078.753,176359.696,150,68633,0
2026-08-12 08:40:00+00:00,176392.934,176466.423,175852.355,176288.845,150,68633,0
2026-08-12 08:45:00+00:00,176340.615,176889.741,176191.85,176695.683,150,68633,0
2026-08-12 08:50:00+00:00,176739.175,177140.62,176212.561,176587.908,150,68633,0
2026-08-12 08:55:00+00:00,176645.948,176999.684,176482.603,176600.064,150,68633,0
2026-08-12 09:00:00+00:00,176580.941,177055.455,176242.06,176441.603,150,68633,0
2026-08-12 09:05:00+00:00,176456.135,176781.439,176076.213,176217.011,150,68633,0
2026-08-12 09:10:00+00:00,176220.136,176633.607,175959.149,176633.607,150,68633,0
2026-08-12 09:15:00+00:00,176650.358,176815.849,176067.109,176380.794,150,68633,0
2026-08-12 09:20:00+00:00,176352.418,176675.766,176040.048,176574.861,150,68633,0
2026-08-12 09:25:00+00:00,176601.331,177115.156,176452.143,176564.681,150,68633,0
2026-08-12 09:30:00+00:00,176542.247,177614.082,176356.657,177613.379,150,68633,0
2026-08-12 09:35:00+00:00,177610.06,178011.817,177514.338,177676.934,150,68633,0
2026-08-12 09:40:00+00:00,177661.807,178324.729,177516.035,178215.407,150,68633,0
2026-08-12 09:45:00+00:00,178226.956,178345.864,177547.947,177795.21,150,68633,0
2026-08-12 09:50:00+00:00,177709.546,177877.351,176944.079,177118.426,150,68633,0
2026-08-12 09:55:00+00:00,177116.82,177147.354,176257.589,176721.318,150,68633,0
2026-08-12 10:00:00+00:00,176702.189,176831.593,176366.176,176405.142,150,68633,0
2026-08-12 10:05:00+00:00,176389.428,176389.428,174978.075,175076.254,150,68633,0
2026-08-12 10:10:00+00:00,175080.11,175623.106,175064.551,175245.633,150,68633,0
2026-08-12 10:15:00+00:00,175292.299,175798.532,174995.218,175202.092,150,68633,0
2026-08-12 10:20:00+00:00,175221.399,175313.207,174476.645,174977.444,150,68633,0
2026-08-12 10:25:00+00:00,175019.226,175523.317,174852.075,175357.667,150,68633,0
2026-08-12 10:30:00+00:00,175353.967,175922.949,175259.652,175815.097,150,68633,0
2026-08-12 10:35:00+00:00,175727.14,176479.676,175565.91,176127.921,150,68633,0
2026-08-12 10:40:00+00:00,176179.249,176505.872,175945.473,175986.194,150,68633,0
2026-08-12 10:45:00+00:00,176015.967,176713.72,175866.619,176713.72,150,68633,0
2026-08-12 10:50:00+00:00,176722.359,176783.299,176210.788,176351.898,150,68633,0
2026-08-12 10:55:00+00:00,176317.939,176744.661,175968.128,176667.192,150,68633,0
2026-08-12 11:00:00+00:00,176649.354,177019.417,176287.954,176856.828,150,68633,0
2026-08-12 11:05:00+00:00,176766.275,177233.674,176607.529,177005.3,150,68633,0
2026-08-12 11:10:00+00:00,176976.6,177515.736,176581.642,176581.642,150,68633,0
2026-08-12 11:15:00+00:00,176554.799,176792.342,176050.467,176450.308,150,68633,0
2026-08-12 11:20:00+00:00,176426.273,176426.273,175344.857,175344.857,150,68633,0
2026-08-12 11:25:00+00:00,175367.911,175749.187,175204.487,175512.011,150,68633,0
2026-08-12 11:30:00+00:00,175523.744,176250.409,175448.307,175892.062,150,68633,0
2026-08-12 11:35:00+00:00,175921.746,176594.717,175728.176,176389.663,150,68633,0
2026-08-12 11:40:00+00:00,176387.961,177255.387,176207.369,176890.338,150,68633,0
2026-08-12 11:45:00+00:00,176936.96,177219.41,176455.31,177219.41,150,68633,0
2026-08-12 11:50:00+00:00,177159.169,177230.96,176360.246,176659.883,150,68633,0
2026-08-12 11:55:00+00:00,176697.4,176703.656,176190.794,176515.303,150,68633,0
2026-08-12 12:00:00+00:00,176496.236,176496.236,175083.182,175219.257,150,68633,0
2026-08-12 12:05:00+00:00,175195.82,175200.82,174235.628,174419.381,150,68633,0
2026-08-12 12:10:00+00:00,174393.251,174688.521,174280.721,174305.51,150,68633,0
2026-08-12 12:15:00+00:00,174301.066,174679.033,174040.73,174557.956,150,68633,0
2026-08-12 12:20:00+00:00,174591.68,174797.734,174184.194,174654.38,150,68633,0
2026-08-12 12:25:00+00:00,174671.929,174769.502,174195.345,174400.007,150,68633,0
2026-08-12 12:30:00+00:00,174356.323,174366.559,173907.027,174284.723,150,68633,0
2026-08-12 12:35:00+00:00,174331.9,174365.793,173180.408,173462.661,150,68633,0
2026-08-12 12:40:00+00:00,173460.363,174295.759,173366.098,174295.759,150,68633,0
2026-08-12 12:45:00+00:00,174390.536,174683.694,174181.909,174669.813,150,68633,0
2026-08-12 12:50:00+00:00,174679.04,175170.855,174544.021,175156.946,150,68633,0
2026-08-12 12:55:00+00:00,175129.45,175392.659,174775.058,175089.749,150,68633,0
2026-08-12 13:00:00+00:00,175023.219,175045.907,174258.68,174605.509,150,68633,0
2026-08-12 13:05:00+00:00,174565.792,174709.836,173967.83,174354.465,150,68633,0
2026-08-12 13:10:00+00:00,174355.398,174650.858,174112.191,174374.236,150,68633,0
2026-08-12 13:15:00+00:00,174348.696,175127.373,174104.212,174733.597,150,68633,0
2026-08-12 13:20:00+00:00,174763.429,174951.344,174281.316,174951.344,150,68633,0
2026-08-12 13:25:00+00:00,175049.439,175147.58,174216.612,174247.785,150,68633,0
2026-08-12 13:30:00+00:00,174292.227,174377.102,173884.955,174236.586,150,68633,0
2026-08-12 13:35:00+00:00,174284.007,174340.822,173748.316,174003.363,150,68633,0
2026-08-12 13:40:00+00:00,173982.671,174143.365,173595.905,174006.05,150,68633,0
2026-08-12 13:45:00+00:00,174022.734,174385.231,173874.972,174175.469,150,68633,0
2026-08-12 13:50:00+00:00,174185.786,174706.639,173970.84,174706.639,150,68633,0
2026-08-12 13:55:00+00:00,174698.45,174869.823,174548.811,174579.464,150,68633,0
2026-08-12 14:00:00+00:00,174626.426,174915.649,174127.129,174414.161,150,68633,0
2026-08-12 14:05:00+00:00,174420.923,174698.694,174239.568,174239.568,150,68633,0
2026-08-12 14:10:00+00:00,174249.03,174615.563,174019.013,174241.911,150,68633,0
2026-08-12 14:15:00+00:00,174253.692,174269.946,173577.247,173755.598,150,68633,0
2026-08-12 14:20:00+00:00,173773.446,174217.275,173459.998,173914.928,150,68633,0
2026-08-12 14:25:00+00:00,173952.286,174687.52,173915.735,174476.542,150,68633,0
2026-08-12 14:30:00+00:00,174508.943,174519.496,173677.809,173762.791,150,68633,0
2026-08-12 14:35:00+00:00,173809.359,173869.277,173373.239,173466.445,150,68633,0
2026-08-12 14:40:00+00:00,173505.427,173551.893,172501.967,172538.158,150,68633,0
2026-08-12 14:45:00+00:00,172570.726,173711.271,172570.726,173435.698,150,68633,0
2026-08-12 14:50:00+00:00,173441.29,173850.179,173387.132,173789.252,150,68633,0
2026-08-12 14:55:00+00:00,173826.684,173838.172,172882.507,172882.507,150,68633,0
2026-08-12 15:00:00+00:00,172914.829,172914.829,172379.742,172447.037,150,68633,0
2026-08-12 15:05:00+00:00,172468.428,172507.941,172153.326,172289.129,150,68633,0
2026-08-12 15:10:00+00:00,172302.571,173409.634,172256.244,173291.054,150,68633,0
2026-08-12 15:15:00+00:00,173280.744,173356.296,172994.3,173240.374,150,68633,0
2026-08-12 15:20:00+00:00,173170.099,173845.971,173142.202,173486.039,150,68633,0
2026-08-12 15:25:00+00:00,173509.997,173813.691,173220.649,173777.583,150,68633,0
2026-08-12 15:30:00+00:00,173759.545,174472.521,173603.489,174343.118,150,68633,0
2026-08-12 15:35:00+00:00,174386.487,174469.344,173690.821,173690.821,150,68633,0
2026-08-12 15:40:00+00:00,173675.161,173887.7,173300.527,173320.663,150,68633,0
2026-08-12 15:45:00+00:00,173304.389,173390.637,172360.824,172673.369,150,68633,0
2026-08-12 15:50:00+00:00,172618.49,172744.98,172403.755,172639.933,150,68633,0
2026-08-12 15:55:00+00:00,172596.86,172964.848,172493.511,172705.508,150,68633,0
2026-08-12 16:00:00+00:00,172665.503,173020.016,172382.545,172811.353,150,68633,0
2026-08-12 16:05:00+00:00,172859.606,172885.436,172227.126,172793.746,150,68633,0
2026-08-12 16:10:00+00:00,172799.264,172897.774,172213.962,172704.945,150,68633,0
2026-08-12 16:15:00+00:00,172703.073,173157.503,172586.198,172769.051,150,68633,0
2026-08-12 16:20:00+00:00,172839.251,173023.582,172122.232,172275.583,150,68633,0
2026-08-12 16:25:00+00:00,172213.475,173264.14,172195.027,173094.751,150,68633,0
2026-08-12 16:30:00+00:00,173105.599,173758.402,172855.813,173625.74,150,68633,0
2026-08-12 16:35:00+00:00,173623.228,174148.638,173542.276,173604.823,150,68633,0
2026-08-12 16:40:00+00:00,173599.012,173698.496,172763.425,172883.828,150,68633,0
2026-08-12 16:45:00+00:00,172955.378,173165.832,172578.581,172893.976,150,68633,0
2026-08-12 16:50:00+00:00,172928.848,172969.148,171671.739,171683.818,150,68633,0
2026-08-12 16:55:00+00:00,171658.557,172526.701,171658.557,171811.896,150,68633,0
2026-08-12 17:00:00+00:00,171795.551,171862.459,170945.719,170945.719,150,68633,0
2026-08-12 17:05:00+00:00,170902.458,170987.356,170107.671,170107.671,150,68633,0
2026-08-12 17:10:00+00:00,170152.228,170333.343,169739.071,170210.064,150,68633,0
2026-08-12 17:15:00+00:00,170210.609,171540.452,170210.609,171430.988,150,68633,0
2026-08-12 17:20:00+00:00,171454.438,171586.541,170276.205,170406.996,150,68633,0
2026-08-12 17:25:00+00:00,170460.046,170932.409,170460.046,170740.678,150,68633,0
2026-08-12 17:30:00+00:00,170763.318,170763.318,169979.404,170046.447,150,68633,0
2026-08-12 17:35:00+00:00,170055.572,170753.144,169848.946,170356.311,150,68633,0
2026-08-12 17:40:00+00:00,170355.703,170355.703,169588.336,169947.44,150,68633,0
2026-08-12 17:45:00+00:00,169897.678,169970.732,169600.766,169877.343,150,68633,0
2026-08-12 17:50:00+00:00,169915.401,169946.608,169301.895,169314.417,150,68633,0
2026-08-12 17:55:00+00:00,169326.689,169693.445,168693.233,168693.233,150,68633,0
2026-08-12 18:00:00+00:00,168681.786,168713.512,167875.159,167979.563,150,68633,0
2026-08-12 18:05:00+00:00,168024.86,168636.534,167931.638,168548.962,150,68633,0
2026-08-12 18:10:00+00:00,168533.206,168901.044,168410.437,168726.936,150,68633,0
2026-08-12 18:15:00+00:00,168734.572,169064.041,168602.973,168908.877,150,68633,0
2026-08-12 18:20:00+00:00,168922.298,168999.523,168462.316,168742.819,150,68633,0
2026-08-12 18:25:00+00:00,168765.392,169079.833,168607.067,168646.711,150,68633,0
2026-08-12 18:30:00+00:00,168594.52,168795.037,168257.121,168282.854,150,68633,0
2026-08-12 18:35:00+00:00,168227.601,168693.263,168227.601,168270.588,150,68633,0
2026-08-12 18:40:00+00:00,168239.49,168587.17,168140.784,168483.695,150,68633,0
2026-08-12 18:45:00+00:00,168479.153,168994.364,168279.572,168803.989,150,68633,0
2026-08-12 18:50:00+00:00,168783.455,169246.364,168724.658,169000.946,150,68633,0
2026-08-12 18:55:00+00:00,169015.244,170125.629,168886.4,170079.93,150,68633,0
2026-08-12 19:00:00+00:00,170072.423,171072.497,169949.727,170858.534,150,68633,0
2026-08-12 19:05:00+00:00,170826.882,171521.262,170665.442,171503.526,150,68633,0
2026-08-12 19:10:00+00:00,171426.665,171920.595,171233.141,171426.394,150,68633,0
2026-08-12 19:15:00+00:00,171474.587,171617.747,170922.646,171156.676,150,68633,0
2026-08-12 19:20:00+00:00,171136.793,171424.453,171000.982,171387.502,150,68633,0
2026-08-12 19:25:00+00:00,171336.632,171340.62,170695.329,170805.369,150,68633,0
2026-08-12 19:30:00+00:00,170762.372,171899.64,170611.407,171615.571,150,68633,0
2026-08-12 19:35:00+00:00,171644.391,172317.551,171475.707,172305.781,150,68633,0
2026-08-12 19:40:00+00:00,172344.738,172866.725,172126.748,172756.393,150,68633,0
2026-08-12 19:45:00+00:00,172763.182,172976.421,172172.763,172483.749,150,68633,0
2026-08-12 19:50:00+00:00,172496.712,172639.219,172064.318,172287.949,150,68633,0
2026-08-12 19:55:00+00:00,172266.668,172711.655,171849.18,172022.928,150,68633,0
2026-08-12 20:00:00+00:00,172054.729,172690.568,172054.729,172469.588,150,68633,0
2026-08-12 20:05:00+00:00,172488.548,173033.553,172423.566,172524.249,150,68633,0
2026-08-12 20:10:00+00:00,172561.746,173944.375,172492.446,173885.359,150,68633,0
2026-08-12 20:15:00+00:00,173847.927,174238.791,173456.962,174051.544,150,68633,0
2026-08-12 20:20:00+00:00,174041.13,174994.189,174041.13,174895.701,150,68633,0
2026-08-12 20:25:00+00:00,174868.07,174868.07,174441.997,174570.732,150,68633,0
2026-08-12 20:30:00+00:00,174504.37,174695.771,173855.399,173855.399,150,68633,0
2026-08-12 20:35:00+00:00,173796.215,173796.215,172011.871,172088.34,150,68633,0
2026-08-12 20:40:00+00:00,172085.192,172085.192,171278.909,171741.146,150,68633,0
2026-08-12 20:45:00+00:00,171731.353,172344.462,171603.26,172148.34,150,68633,0
2026-08-12 20:50:00+00:00,172184.94,172374.689,172044.506,172115.791,150,68633,0
2026-08-12 20:55:00+00:00,172088.021,173009.437,172070.594,172983.463,150,68633,0
2026-08-12 21:00:00+00:00,173010.406,174296.561,172833.979,174124.167,150,68633,0
2026-08-12 21:05:00+00:00,174144.394,174810.247,174144.394,174625.628,150,68633,0
2026-08-12 21:10:00+00:00,174625.294,175119.286,174523.96,174885.747,150,68633,0
2026-08-12 21:15:00+00:00,174923.649,175022.452,174261.372,174683.737,150,68633,0
2026-08-12 21:20:00+00:00,174653.437,175098.569,174313.747,174372.718,150,68633,0
2026-08-12 21:25:00+00:00,174312.843,174669.052,174167.507,174410.17,150,68633,0
2026-08-12 21:30:00+00:00,174470.664,174586.627,173988.936,174136.117,150,68633,0
2026-08-12 21:35:00+00:00,174126.673,174518.142,173936.451,173985.689,150,68633,0
2026-08-12 21:40:00+00:00,173963.188,174471.166,173779.327,174383.932,150,68633,0
2026-08-12 21:45:00+00:00,174487.33,174567.089,173839.307,174170.25,150,68633,0
2026-08-12 21:50:00+00:00,174138.674,174663.03,174046.269,174523.934,150,68633,0
2026-08-12 21:55:00+00:00,174517.572,175344.401,174459.62,175254.155,150,68633,0
2026-08-12 22:00:00+00:00,175232.829,175967.738,175139.942,175749.28,150,68633,0
2026-08-12 22:05:00+00:00,175785.641,176727.492,175690.404,176557.02,150,68633,0
2026-08-12 22:10:00+00:00,176612.759,176667.367,176103.731,176654.089,150,68633,0
2026-08-12 22:15:00+00:00,176619.802,177353.463,176529.223,177157.18,150,68633,0
2026-08-12 22:20:00+00:00,177282.932,178268.384,177248.008,177964.209,150,68633,0
2026-08-12 22:25:00+00:00,178017.4,178843.382,178017.4,178633.823,150,68633,0
2026-08-12 22:30:00+00:00,178648.219,178876.153,178505.726,178622.812,150,68633,0
2026-08-12 22:35:00+00:00,178568.071,179320.431,178568.071,179320.431,150,68633,0
2026-08-12 22:40:00+00:00,179250.685,179846.863,179105.126,179639.608,150,68633,0
2026-08-12 22:45:00+00:00,179607.176,180032.418,179394.978,179988.676,150,68633,0
2026-08-12 22:50:00+00:00,179957.514,179957.514,179312.717,179528.686,150,68633,0
2026-08-12 22:55:00+00:00,179525.522,179866.266,179125.248,179557.144,150,68633,0
2026-08-12 23:00:00+00:00,179557.369,179834.561,179246.515,179685.02,150,68633,0
2026-08-12 23:05:00+00:00,179659.375,180012.101,179188.74,179210.616,150,68633,0
2026-08-12 23:10:00+00:00,179240.121,179762.011,179048.615,179291.475,150,68633,0
2026-08-12 23:15:00+00:00,179265.831,179505.433,178444.69,178565.588,150,68633,0
2026-08-12 23:20:00+00:00,178579.544,179107.138,178371.274,178398.684,150,68633,0
2026-08-12 23:25:00+00:00,178373.169,178908.224,178278.109,178872.158,150,68633,0
2026-08-12 23:30:00+00:00,178914.781,178987.646,178365.15,178784.28,150,68633,0
2026-08-12 23:35:00+00:00,178789.429,179200.852,178582.075,178943.495,150,68633,0
2026-08-12 23:40:00+00:00,178938.473,179553.161,178729.677,179384.578,150,68633,0
2026-08-12 23:45:00+00:00,179371.851,180095.413,179306.396,179831.444,150,68633,0
2026-08-12 23:50:00+00:00,179794.077,180768.019,179791.423,180572.75,150,68633,0
2026-08-12 23:55:00+00:00,180576.165,181266.188,180459.024,180827.22,150,68633,0
2026-08-13 00:00:00+00:00,180819.518,180856.688,179934.264,179936.805,150,68633,0
2026-08-13 00:05:00+00:00,179882.945,180529.501,179858.686,180451.565,150,68633,0
2026-08-13 00:10:00+00:00,180392.765,180773.479,180281.008,180341.972,150,68633,0
2026-08-13 00:15:00+00:00,180296.137,180396.917,179323.539,179441.791,150,68633,0
2026-08-13 00:20:00+00:00,179419.961,179559.512,179119.987,179537.607,150,68633,0
2026-08-13 00:25:00+00:00,179556.686,179761.514,179017.791,179044.304,150,68633,0
2026-08-13 00:30:00+00:00,178981.027,179102.071,178632.33,179007.613,150,68633,0
2026-08-13 00:35:00+00:00,179001.952,179165.818,178624.184,178956.402,150,68633,0
2026-08-13 00:40:00+00:00,178985.179,179246.312,178891.592,179219.586,150,68633,0
2026-08-13 00:45:00+00:00,179241.439,179241.439,178194.661,178194.661,150,68633,0
2026-08-13 00:50:00+00:00,178109.885,178207.046,177387.243,177848.095,150,68633,0
2026-08-13 00:55:00+00:00,177780.797,179378.729,177637.633,179072.723,150,68633,0
2026-08-13 01:00:00+00:00,179124.985,179150.928,178141.677,178365.428,150,68633,0
2026-08-13 01:05:00+00:00,178362.161,178773.845,178189.562,178254.14,150,68633,0
2026-08-13 01:10:00+00:00,178210.267,178634.478,177810.076,177849.155,150,68633,0
2026-08-13 01:15:00+00:00,177862.383,178556.424,177828.687,178462.583,150,68633,0
2026-08-13 01:20:00+00:00,178454.117,178836.424,178302.186,178677.537,150,68633,0
2026-08-13 01:25:00+00:00,178717.521,178965.727,178101.477,178133.544,150,68633,0
2026-08-13 01:30:00+00:00,178131.246,178271.555,177814.572,178195.351,150,68633,0
2026-08-13 01:35:00+00:00,178214.227,178432.456,177980.866,178190.49,150,68633,0
2026-08-13 01:40:00+00:00,178156.849,178156.849,177514.634,177645.227,150,68633,0
2026-08-13 01:45:00+00:00,177668.348,177723.988,177329.029,177593.676,150,68633,0
2026-08-13 01:50:00+00:00,177644.911,177669.28,176932.582,176977.188,150,68633,0
2026-08-13 01:55:00+00:00,177032.569,177032.569,176439.896,176749.462,150,68633,0
2026-08-13 02:00:00+00:00,176740.415,176811.277,176288.499,176477.61,150,68633,0
2026-08-13 02:05:00+00:00,176495.828,177548.526,176483.03,177324.385,150,68633,0
2026-08-13 02:10:00+00:00,177351.382,177351.382,176816.67,177245.745,150,68633,0
2026-08-13 02:15:00+00:00,177206.891,177488.275,176946.916,177035.271,150,68633,0
2026-08-13 02:20:00+00:00,177020.49,177428.639,176732.896,177229.046,150,68633,0
2026-08-13 02:25:00+00:00,177239.217,177579.621,176995.606,177179.239,150,68633,0
2026-08-13 02:30:00+00:00,177220.717,177754.63,177152.731,177482.448,150,68633,0
2026-08-13 02:35:00+00:00,177474.653,177783.696,177175.125,177471.09,150,68633,0
2026-08-13 02:40:00+00:00,177438.035,177469.718,177013.638,177469.718,150,68633,0
2026-08-13 02:45:00+00:00,177499.035,177671.269,177126.935,177328.63,150,68633,0
2026-08-13 02:50:00+00:00,177331.263,178028.956,177331.263,177957.261,150,68633,0
2026-08-13 02:55:00+00:00,177990.115,178700.581,177928.309,178700.581,150,68633,0
2026-08-13 03:00:00+00:00,178737.212,178902.828,178187.484,178635.899,150,68633,0
2026-08-13 03:05:00+00:00,178526.316,179702.184,178508.356,179091.897,150,68633,0
2026-08-13 03:10:00+00:00,179049.766,179123.921,178515.856,179066.648,150,68633,0
2026-08-13 03:15:00+00:00,179094.34,179389.272,178826.282,179155.229,150,68633,0
2026-08-13 03:20:00+00:00,179121.805,179500.222,178923.805,179280.255,150,68633,0
2026-08-13 03:25:00+00:00,179193.317,179314.594,178408.384,178803.017,150,68633,0
2026-08-13 03:30:00+00:00,178812.776,179111.937,178476.931,178659.9,150,68633,0
2026-08-13 03:35:00+00:00,178667.624,179293.719,178240.86,179212.033,150,68633,0
2026-08-13 03:40:00+00:00,179178.113,179409.491,178630.404,178737.239,150,68633,0
2026-08-13 03:45:00+00:00,178676.175,179365.856,178655.074,179038.74,150,68633,0
2026-08-13 03:50:00+00:00,179077.015,180084.978,179026.951,180026.424,150,68633,0
2026-08-13 03:55:00+00:00,180096.309,180120.168,179345.495,179796.87,150,68633,0
2026-08-13 04:00:00+00:00,179786.901,180383.06,179736.641,180320.857,150,68633,0
2026-08-13 04:05:00+00:00,180300.791,180667.955,180183.316,180427.661,150,68633,0
2026-08-13 04:10:00+00:00,180476.838,180682.658,180165.42,180386.349,150,68633,0
2026-08-13 04:15:00+00:00,180405.398,180458.608,179870.097,180211.702,150,68633,0
2026-08-13 04:20:00+00:00,180242.519,180423.962,179751.689,180242.013,150,68633,0
2026-08-13 04:25:00+00:00,180223.514,180310.892,179728.053,179728.053,150,68633,0
2026-08-13 04:30:00+00:00,179760.181,179942.261,179517.99,179714.264,150,68633,0
2026-08-13 04:35:00+00:00,179657.912,179842.054,179243.393,179738.092,150,68633,0
2026-08-13 04:40:00+00:00,179703.02,179703.02,178944.271,178968.16,150,68633,0
2026-08-13 04:45:00+00:00,179011.766,179966.53,178853.084,179782.883,150,68633,0
2026-08-13 04:50:00+00:00,179747.514,180107.64,179466.396,179512.814,150,68633,0
2026-08-13 04:55:00+00:00,179536.406,179737.987,179055.504,179082.432,150,68633,0
2026-08-13 05:00:00+00:00,179087.303,179371.154,178909.217,179185.803,149,68633,0
2026-08-13 05:05:00+00:00,179134.481,179969.153,179069.991,179881.033,150,68633,0
2026-08-13 05:10:00+00:00,179958.637,180042.361,179583.223,179584.138,150,68633,0
2026-08-13 05:15:00+00:00,179598.487,179672.726,178727.079,178742.178,150,68633,0
2026-08-13 05:20:00+00:00,178750.467,179337.961,178750.467,179150.552,150,68633,0
2026-08-13 05:25:00+00:00,179125.997,180003.132,179110.955,179939.523,150,68633,0
2026-08-13 05:30:00+00:00,179927.655,180237.129,179640.539,179989.343,150,68633,0
2026-08-13 05:35:00+00:00,179976.578,180279.355,179490.087,180263.655,150,68633,0
2026-08-13 05:40:00+00:00,180256.447,180264.304,179392.369,179966.349,150,68633,0
2026-08-13 05:45:00+00:00,179992.755,180672.085,179836.841,180672.085,150,68633,0
2026-08-13 05:50:00+00:00,180801.968,180975.293,180236.112,180352.812,150,68633,0
2026-08-13 05:55:00+00:00,180362.725,180744.251,180155.175,180669.153,150,68633,0
2026-08-13 06:00:00+00:00,180680.742,181022.478,180368.993,181002.303,150,68633,0
2026-08-13 06:05:00+00:00,181027.306,181387.969,180481.248,180803.609,150,68633,0
2026-08-13 06:10:00+00:00,180799.485,180974.572,180468.815,180772.417,150,68633,0
2026-08-13 06:15:00+00:00,180792.231,180792.231,180195.535,180398.424,150,68633,0
2026-08-13 06:20:00+00:00,180361.033,181008.828,180239.484,180967.095,150,68633,0
2026-08-13 06:25:00+00:00,180958.42,181152.831,180766.977,180849.551,150,68633,0
2026-08-13 06:30:00+00:00,180762.95,181193.371,180603.517,180892.384,150,68633,0
2026-08-13 06:35:00+00:00,180796.702,181647.568,180626.605,181528.935,150,68633,0
2026-08-13 06:40:00+00:00,181566.573,181987.293,181181.03,181338.783,150,68633,0
2026-08-13 06:45:00+00:00,181317.845,181751.115,181225.334,181565.326,150,68633,0
2026-08-13 06:50:00+00:00,181554.568,181936.122,181468.81,181542.106,150,68633,0
2026-08-13 06:55:00+00:00,181595.363,182683.665,181451.445,182535.599,150,68633,0
2026-08-13 07:00:00+00:00,182485.118,182973.642,182203.38,182973.642,150,68633,0
2026-08-13 07:05:00+00:00,182937.161,183138.923,182253.366,182290.746,150,68633,0
2026-08-13 07:10:00+00:00,182209.285,182611.997,181990.868,182401.612,150,68633,0
2026-08-13 07:15:00+00:00,182442.099,182859.781,182292.179,182292.179,150,68633,0
2026-08-13 07:20:00+00:00,182299.141,182342.118,181011.785,181011.785,150,68633,0
2026-08-13 07:25:00+00:00,181069.806,181222.326,180605.042,180864.224,150,68633,0
2026-08-13 07:30:00+00:00,180846.983,180973.859,180558.561,180655.772,150,68633,0
2026-08-13 07:35:00+00:00,180714.535,180964.741,180354.469,180387.718,150,68633,0
2026-08-13 07:40:00+00:00,180308.183,181057.466,180128.49,180904.768,150,68633,0
2026-08-13 07:45:00+00:00,180933.547,182313.653,180888.885,181982.768,150,68633,0
2026-08-13 07:50:00+00:00,181953.779,182507.508,181953.779,182167.155,150,68633,0
2026-08-13 07:55:00+00:00,182133.916,182905.396,182045.159,182581.821,150,68633,0
2026-08-13 08:00:00+00:00,182577.344,182750.737,182161.362,182495.957,150,68633,0
2026-08-13 08:05:00+00:00,182481.926,182605.173,181930.044,182358.673,150,68633,0
2026-08-13 08:10:00+00:00,182366.15,183169.0,182329.901,182461.733,150,68633,0
2026-08-13 08:15:00+00:00,182442.23,182914.298,182304.636,182446.483,150,68633,0
2026-08-13 08:20:00+00:00,182456.922,182681.321,181647.17,181676.992,150,68633,0
2026-08-13 08:25:00+00:00,181702.628,182251.472,181542.79,182180.142,150,68633,0
2026-08-13 08:30:00+00:00,182187.03,183268.214,182187.03,183142.468,150,68633,0
2026-08-13 08:35:00+00:00,183230.948,183742.891,183046.041,183742.891,150,68633,0
2026-08-13 08:40:00+00:00,183771.265,183944.093,183310.923,183399.124,150,68633,0
2026-08-13 08:45:00+00:00,183407.78,183913.454,183401.256,183570.012,150,68633,0
2026-08-13 08:50:00+00:00,183591.295,184220.277,183325.601,183975.791,150,68633,0
2026-08-13 08:55:00+00:00,184024.027,184360.156,183392.429,183448.893,150,68633,0
2026-08-13 09:00:00+00:00,183371.781,183648.8,183051.961,183242.794,150,68633,0
2026-08-13 09:05:00+00:00,183333.372,183569.535,182979.588,183384.255,150,68633,0
2026-08-13 09:10:00+00:00,183424.681,183519.853,182900.014,183161.694,150,68633,0
2026-08-13 09:15:00+00:00,183185.823,183443.624,183122.616,183338.756,150,68633,0
2026-08-13 09:20:00+00:00,183351.616,183351.616,182712.921,182712.921,150,68633,0
2026-08-13 09:25:00+00:00,182800.835,183479.714,182776.105,183346.923,150,68633,0
2026-08-13 09:30:00+00:00,183370.005,183611.757,183142.25,183366.669,150,68633,0
2026-08-13 09:35:00+00:00,183390.582,183516.329,182752.187,182914.39,150,68633,0
2026-08-13 09:40:00+00:00,182978.914,183105.58,182547.819,182878.99,150,68633,0
2026-08-13 09:45:00+00:00,182954.189,183333.58,182703.041,182990.159,150,68633,0
2026-08-13 09:50:00+00:00,182919.991,182944.587,182357.441,182626.528,150,68633,0
2026-08-13 09:55:00+00:00,182662.966,183073.929,182553.08,182873.065,150,68633,0
2026-08-13 10:00:00+00:00,182890.278,183047.743,182517.144,182977.847,150,68633,0
2026-08-13 10:05:00+00:00,183030.569,183269.241,182779.945,183014.147,150,68633,0
2026-08-13 10:10:00+00:00,183045.717,183603.628,182992.674,183343.191,150,68633,0
2026-08-13 10:15:00+00:00,183356.456,183688.333,182978.644,182978.644,150,68633,0
2026-08-13 10:20:00+00:00,183016.299,183135.292,182656.367,182677.227,150,68633,0
2026-08-13 10:25:00+00:00,182737.644,182853.195,182239.972,182441.549,150,68633,0
2026-08-13 10:30:00+00:00,182402.504,182603.918,182134.843,182541.054,150,68633,0
2026-08-13 10:35:00+00:00,182561.474,183272.978,182324.377,183083.751,150,68633,0
2026-08-13 10:40:00+00:00,183125.991,183469.255,182809.387,183389.814,150,68633,0
2026-08-13 10:45:00+00:00,183357.554,183357.554,182680.013,183178.81,150,68633,0
2026-08-13 10:50:00+00:00,183105.244,183365.349,182942.649,183223.449,150,68633,0
2026-08-13 10:55:00+00:00,183236.53,183405.438,183068.315,183263.135,150,68633,0
2026-08-13 11:00:00+00:00,183229.122,183807.253,183227.827,183548.542,150,68633,0
2026-08-13 11:05:00+00:00,183594.427,184475.309,183420.846,183954.376,150,68633,0
2026-08-13 11:10:00+00:00,183887.146,183905.647,183232.21,183715.616,150,68633,0
2026-08-13 11:15:00+00:00,183731.085,184007.681,183540.386,183692.276,150,68633,0
2026-08-13 11:20:00+00:00,183689.18,183794.556,183264.938,183442.621,150,68633,0
2026-08-13 11:25:00+00:00,183544.512,183594.657,183243.716,183330.203,150,68633,0
2026-08-13 11:30:00+00:00,183363.276,183693.491,182903.24,183232.891,150,68633,0
2026-08-13 11:35:00+00:00,183270.064,183335.862,182673.526,182877.327,150,68633,0
2026-08-13 11:40:00+00:00,182863.508,183424.85,182744.714,182744.714,150,68633,0
2026-08-13 11:45:00+00:00,182627.015,182799.971,182079.921,182459.847,150,68633,0
2026-08-13 11:50:00+00:00,182519.41,182879.633,182331.784,182510.312,150,68633,0
2026-08-13 11:55:00+00:00,182498.517,182498.517,181661.701,181796.107,150,68633,0
2026-08-13 12:00:00+00:00,181760.226,182047.438,181597.456,181824.775,150,68633,0
2026-08-13 12:05:00+00:00,181846.652,182512.83,181606.007,182401.821,150,68633,0
2026-08-13 12:10:00+00:00,182336.129,182866.228,181871.875,182612.352,150,68633,0
2026-08-13 12:15:00+00:00,182563.25,182845.715,181922.886,182018.834,150,68633,0
2026-08-13 12:20:00+00:00,182062.006,182201.179,181287.131,181329.131,150,68633,0
2026-08-13 12:25:00+00:00,181325.978,181383.135,180915.37,180969.484,150,68633,0
2026-08-13 12:30:00+00:00,180986.658,181078.108,179866.183,180252.872,150,68633,0
2026-08-13 12:35:00+00:00,180266.441,180602.877,180087.959,180087.959,150,68633,0
2026-08-13 12:40:00+00:00,180111.933,181036.049,180091.175,180930.262,150,68633,0
2026-08-13 12:45:00+00:00,180944.435,181089.087,180573.769,181044.31,150,68633,0
2026-08-13 12:50:00+00:00,181147.145,181414.049,179884.599,180038.665,150,68633,0
2026-08-13 12:55:00+00:00,180070.698,180637.273,179412.633,179502.896,150,68633,0
2026-08-13 13:00:00+00:00,179502.624,179749.642,178363.246,178448.603,150,68633,0
2026-08-13 13:05:00+00:00,178398.276,178398.276,177686.697,177717.495,150,68633,0
2026-08-13 13:10:00+00:00,177743.729,178114.106,177406.687,178114.106,150,68633,0
2026-08-13 13:15:00+00:00,178081.564,178143.878,177519.127,177918.961,150,68633,0
2026-08-13 13:20:00+00:00,177954.562,178218.633,177511.13,177543.357,150,68633,0
2026-08-13 13:25:00+00:00,177628.551,177823.915,177232.128,177762.13,150,68633,0
2026-08-13 13:30:00+00:00,177798.97,178279.833,177798.97,178147.954,150,68633,0
2026-08-13 13:35:00+00:00,178096.105,178168.034,177027.313,177080.957,150,68633,0
2026-08-13 13:40:00+00:00,177085.674,177318.012,176534.831,176602.911,150,68633,0
2026-08-13 13:45:00+00:00,176571.83,177229.351,176402.057,177179.034,150,68633,0
2026-08-13 13:50:00+00:00,177156.334,177652.72,177092.099,177636.334,150,68633,0
2026-08-13 13:55:00+00:00,177667.087,177950.676,177365.961,177607.42,150,68633,0
2026-08-13 14:00:00+00:00,177649.53,177844.461,177489.834,177740.412,150,68633,0
2026-08-13 14:05:00+00:00,177698.019,178144.416,177282.489,177475.195,150,68633,0
2026-08-13 14:10:00+00:00,177483.669,179037.954,177483.669,178979.212,150,68633,0
2026-08-13 14:15:00+00:00,178916.875,179075.469,178654.161,179026.961,150,68633,0
2026-08-13 14:20:00+00:00,179067.245,179388.532,178626.062,179248.102,150,68633,0
2026-08-13 14:25:00+00:00,179305.345,179516.339,179056.735,179251.669,150,68633,0
2026-08-13 14:30:00+00:00,179261.447,180351.777,179261.447,180156.964,150,68633,0
2026-08-13 14:35:00+00:00,180146.147,180645.156,179824.126,180472.439,150,68633,0
2026-08-13 14:40:00+00:00,180451.947,180867.191,180332.181,180383.404,150,68633,0
2026-08-13 14:45:00+00:00,180428.96,181053.904,180070.058,180890.161,150,68633,0
2026-08-13 14:50:00+00:00,180897.367,181367.614,180897.367,181310.861,150,68633,0
2026-08-13 14:55:00+00:00,181298.131,181396.509,180873.73,181071.649,150,68633,0
2026-08-13 15:00:00+00:00,181021.18,181626.607,180543.394,180654.761,150,68633,0
2026-08-13 15:05:00+00:00,180638.668,180678.618,180206.058,180678.618,150,68633,0
2026-08-13 15:10:00+00:00,180729.798,181046.31,180534.741,181027.808,150,68633,0
2026-08-13 15:15:00+00:00,180930.405,181078.606,179848.354,180020.729,150,68633,0
2026-08-13 15:20:00+00:00,179972.546,180515.838,179814.795,179955.636,150,68633,0
2026-08-13 15:25:00+00:00,179953.937,180677.864,179934.745,180196.224,150,68633,0
2026-08-13 15:30:00+00:00,180192.351,181099.849,180037.093,181099.849,150,68633,0
2026-08-13 15:35:00+00:00,181130.902,181635.831,181087.609,181594.533,150,68633,0
2026-08-13 15:40:00+00:00,181566.399,181566.399,180650.543,180687.481,150,68633,0
2026-08-13 15:45:00+00:00,180742.31,180991.51,180471.528,180669.604,150,68633,0
2026-08-13 15:50:00+00:00,180713.766,181053.855,180230.564,181053.855,150,68633,0
2026-08-13 15:55:00+00:00,181025.074,181125.242,180638.916,180987.429,150,68633,0
2026-08-13 16:00:00+00:00,180976.453,181018.529,180426.248,180508.962,150,68633,0
2026-08-13 16:05:00+00:00,180552.393,181145.816,180460.911,180870.98,150,68633,0
2026-08-13 16:10:00+00:00,180875.425,181096.01,180442.675,180474.573,150,68633,0
2026-08-13 16:15:00+00:00,180494.157,180564.155,179462.007,179668.452,150,68633,0
2026-08-13 16:20:00+00:00,179693.934,179705.49,179245.461,179515.51,150,68633,0
2026-08-13 16:25:00+00:00,179482.738,179931.64,179337.335,179931.64,150,68633,0
2026-08-13 16:30:00+00:00,179843.809,180114.936,179501.379,179703.383,150,68633,0
2026-08-13 16:35:00+00:00,179710.11,179962.078,179437.155,179437.155,150,68633,0
2026-08-13 16:40:00+00:00,179498.633,179872.434,179191.451,179587.524,150,68633,0
2026-08-13 16:45:00+00:00,179538.202,179550.659,178926.326,179312.696,150,68633,0
2026-08-13 16:50:00+00:00,179271.468,179586.582,178412.666,178688.377,150,68633,0
2026-08-13 16:55:00+00:00,178705.493,179278.775,178705.493,179047.842,150,68633,0
2026-08-13 17:00:00+00:00,179088.488,179258.044,178823.827,178986.806,150,68633,0
2026-08-13 17:05:00+00:00,178969.269,179245.328,178879.15,178985.621,150,68633,0
2026-08-13 17:10:00+00:00,178925.713,179357.193,178725.118,179270.685,150,68633,0
2026-08-13 17:15:00+00:00,179272.848,180121.825,179272.848,179884.208,150,68633,0
2026-08-13 17:20:00+00:00,179901.182,180283.557,179417.122,179452.649,150,68633,0
2026-08-13 17:25:00+00:00,179506.529,179690.413,178677.178,178909.321,150,68633,0
2026-08-13 17:30:00+00:00,178965.209,178965.209,177988.675,178057.94,150,68633,0
2026-08-13 17:35:00+00:00,178062.084,178235.541,177882.114,178154.595,150,68633,0
2026-08-13 17:40:00+00:00,178083.452,178165.419,176861.652,177271.208,150,68633,0
2026-08-13 17:45:00+00:00,177203.396,177275.542,176826.506,177024.212,150,68633,0
2026-08-13 17:50:00+00:00,177065.112,177167.344,176566.654,176750.553,150,68633,0
2026-08-13 17:55:00+00:00,176721.808,177056.976,176518.628,176621.803,150,68633,0
2026-08-13 18:00:00+00:00,176627.258,176720.669,175866.727,175883.392,150,68633,0
2026-08-13 18:05:00+00:00,175924.751,177044.198,175862.646,176971.873,150,68633,0
2026-08-13 18:10:00+00:00,177027.235,177331.564,176786.661,177081.049,150,68633,0
2026-08-13 18:15:00+00:00,177031.648,177394.281,176733.753,177156.824,150,68633,0
2026-08-13 18:20:00+00:00,177181.338,178012.464,176925.093,177814.492,150,68633,0
2026-08-13 18:25:00+00:00,177887.466,178106.632,177299.822,178080.686,150,68633,0
2026-08-13 18:30:00+00:00,178130.79,178450.104,177822.008,177944.63,150,68633,0
2026-08-13 18:35:00+00:00,177998.593,178211.898,177540.687,177991.458,150,68633,0
2026-08-13 18:40:00+00:00,178053.69,178082.469,177508.261,177810.339,150,68633,0
2026-08-13 18:45:00+00:00,177790.951,177790.951,177187.54,177431.818,150,68633,0
2026-08-13 18:50:00+00:00,177466.011,178248.398,177379.813,178218.998,150,68633,0
2026-08-13 18:55:00+00:00,178221.634,178464.616,178031.731,178369.385,150,68633,0
2026-08-13 19:00:00+00:00,178429.253,178429.253,177812.207,177964.648,150,68633,0
2026-08-13 19:05:00+00:00,177836.055,177975.676,177455.975,177689.266,150,68633,0
2026-08-13 19:10:00+00:00,177688.739,177826.414,177427.453,177543.312,150,68633,0
2026-08-13 19:15:00+00:00,177488.947,177519.607,176416.289,176416.289,150,68633,0
2026-08-13 19:20:00+00:00,176469.164,177329.207,176463.363,177233.459,150,68633,0
2026-08-13 19:25:00+00:00,177269.927,177589.369,176936.139,177473.461,150,68633,0
2026-08-13 19:30:00+00:00,177422.493,177470.358,176998.617,177187.953,150,68633,0
2026-08-13 19:35:00+00:00,177220.989,177262.938,176408.151,176604.6,150,68633,0
2026-08-13 19:40:00+00:00,176547.827,176699.535,176099.605,176528.059,150,68633,0
2026-08-13 19:45:00+00:00,176605.423,176679.679,175869.414,176394.754,150,68633,0
2026-08-13 19:50:00+00:00,176366.377,176395.895,175710.146,175879.076,150,68633,0
2026-08-13 19:55:00+00:00,175897.189,175897.189,174923.314,174951.138,150,68633,0
2026-08-13 20:00:00+00:00,174956.455,175276.757,174861.504,174937.359,150,68633,0
2026-08-13 20:05:00+00:00,174946.098,175630.234,174891.836,175298.38,150,68633,0
2026-08-13 20:10:00+00:00,175289.193,175527.029,174454.477,174866.202,150,68633,0
2026-08-13 20:15:00+00:00,174839.461,175195.292,174736.43,174837.218,150,68633,0
2026-08-13 20:20:00+00:00,174872.643,175081.2,174665.228,174756.079,150,68633,0
2026-08-13 20:25:00+00:00,174691.685,175145.099,174433.241,175138.568,150,68633,0
2026-08-13 20:30:00+00:00,175127.625,175456.157,175036.683,175155.566,150,68633,0
2026-08-13 20:35:00+00:00,175107.886,175455.313,174668.418,175292.619,150,68633,0
2026-08-13 20:40:00+00:00,175259.245,175259.245,174794.722,175011.385,150,68633,0
2026-08-13 20:45:00+00:00,175066.227,175303.972,174771.325,175052.796,150,68633,0
2026-08-13 20:50:00+00:00,175037.619,175123.8,174388.868,175123.8,150,68633,0
2026-08-13 20:55:00+00:00,175131.69,175349.731,174930.953,175054.28,150,68633,0
2026-08-13 21:00:00+00:00,175053.886,175486.317,174827.211,174994.516,150,68633,0
2026-08-13 21:05:00+00:00,175002.876,175045.18,174299.544,174302.129,150,68633,0
2026-08-13 21:10:00+00:00,174270.792,174497.289,173976.007,174463.724,150,68633,0
2026-08-13 21:15:00+00:00,174326.241,174951.327,174318.061,174951.327,150,68633,0
2026-08-13 21:20:00+00:00,175003.467,175428.639,174874.543,175403.993,150,68633,0
2026-08-13 21:25:00+00:00,175452.565,175863.754,175288.898,175765.93,150,68633,0
2026-08-13 21:30:00+00:00,175738.429,175842.682,174803.375,174803.375,150,68633,0
2026-08-13 21:35:00+00:00,174831.633,174882.511,174515.876,174670.016,150,68633,0
2026-08-13 21:40:00+00:00,174684.516,175463.348,174520.485,175328.688,150,68633,0
2026-08-13 21:45:00+00:00,175292.405,175707.82,175081.459,175642.33,150,68633,0
2026-08-13 21:50:00+00:00,175600.656,175678.811,175392.629,175578.503,150,68633,0
2026-08-13 21:55:00+00:00,175629.559,175859.18,175157.038,175339.111,150,68633,0
2026-08-13 22:00:00+00:00,175355.192,175427.939,174559.229,174651.073,150,68633,0
2026-08-13 22:05:00+00:00,174609.779,175256.445,174609.779,175117.71,150,68633,0
2026-08-13 22:10:00+00:00,175078.803,175313.047,174460.522,174460.522,150,68633,0
2026-08-13 22:15:00+00:00,174459.695,174459.695,174082.773,174116.524,150,68633,0
2026-08-13 22:20:00+00:00,174094.693,174094.693,173227.38,173283.8,150,68633,0
2026-08-13 22:25:00+00:00,173288.594,174345.671,173288.594,173619.372,150,68633,0
2026-08-13 22:30:00+00:00,173582.364,174042.894,173418.019,173824.58,150,68633,0
2026-08-13 22:35:00+00:00,173818.088,173934.277,173178.256,173553.985,150,68633,0
2026-08-13 22:40:00+00:00,173602.747,173813.826,173352.801,173382.85,150,68633,0
2026-08-13 22:45:00+00:00,173308.17,173693.834,173238.809,173469.335,150,68633,0
2026-08-13 22:50:00+00:00,173435.073,173741.92,173346.359,173637.89,150,68633,0
2026-08-13 22:55:00+00:00,173609.87,173920.866,172990.118,173088.532,150,68633,0
2026-08-13 23:00:00+00:00,173077.864,173127.868,172231.843,172406.215,150,68633,0
2026-08-13 23:05:00+00:00,172406.541,172430.955,171412.594,171440.696,150,68633,0
2026-08-13 23:10:00+00:00,171395.13,171880.095,171308.184,171445.949,150,68633,0
2026-08-13 23:15:00+00:00,171480.598,171621.601,170900.349,171553.672,150,68633,0
2026-08-13 23:20:00+00:00,171540.384,172250.317,171431.011,171668.535,150,68633,0
2026-08-13 23:25:00+00:00,171629.654,171689.66,170941.986,171034.138,150,68633,0
2026-08-13 23:30:00+00:00,171093.098,171426.03,170898.822,171069.232,150,68633,0
2026-08-13 23:35:00+00:00,171014.573,171584.082,170728.922,171584.082,150,68633,0
2026-08-13 23:40:00+00:00,171576.829,171576.829,171113.169,171436.929,150,68633,0
2026-08-13 23:45:00+00:00,171403.364,171552.784,170970.145,171419.224,150,68633,0
2026-08-13 23:50:00+00:00,171417.321,171809.74,171311.902,171438.201,150,68633,0
2026-08-13 23:55:00+00:00,171431.63,171446.397,170847.855,171176.678,150,68633,0
2026-08-14 00:00:00+00:00,171128.665,171569.576,170934.762,171440.492,150,68633,0
2026-08-14 00:05:00+00:00,171419.688,171508.162,170907.94,170965.06,150,68633,0
2026-08-14 00:10:00+00:00,170940.137,171699.376,170827.231,171060.153,150,68633,0
2026-08-14 00:15:00+00:00,171103.172,171654.638,170868.576,171654.638,150,68633,0
2026-08-14 00:20:00+00:00,171637.92,171793.568,171075.113,171723.996,150,68633,0
2026-08-14 00:25:00+00:00,171657.912,171657.912,170831.38,171290.173,150,68633,0
2026-08-14 00:30:00+00:00,171273.74,171296.44,170961.28,171188.243,150,68633,0
2026-08-14 00:35:00+00:00,171222.038,171431.885,170864.58,171142.13,150,68633,0
2026-08-14 00:40:00+00:00,171210.451,171954.111,171010.647,171954.111,150,68633,0
2026-08-14 00:45:00+00:00,171914.177,172263.609,171663.465,171953.804,150,68633,0
2026-08-14 00:50:00+00:00,171992.314,172354.17,171714.792,171945.153,150,68633,0
2026-08-14 00:55:00+00:00,171948.741,172106.705,171345.212,171463.79,150,68633,0
2026-08-14 01:00:00+00:00,171509.807,172299.876,171509.807,172247.723,150,68633,0
2026-08-14 01:05:00+00:00,172227.136,172229.36,171608.677,171747.052,150,68633,0
2026-08-14 01:10:00+00:00,171740.093,172042.058,171591.113,171783.392,150,68633,0
2026-08-14 01:15:00+00:00,171817.276,172518.059,171773.44,171773.44,150,68633,0
2026-08-14 01:20:00+00:00,171732.249,172026.76,171591.74,171591.74,150,68633,0
2026-08-14 01:25:00+00:00,171524.748,171956.49,171398.487,171857.594,150,68633,0
2026-08-14 01:30:00+00:00,171874.138,172332.814,171518.464,172039.808,150,68633,0
2026-08-14 01:35:00+00:00,172078.48,172427.493,171769.379,172318.503,150,68633,0
2026-08-14 01:40:00+00:00,172408.914,172832.628,172061.166,172832.628,150,68633,0
2026-08-14 01:45:00+00:00,172737.259,172889.779,172375.33,172413.936,150,68633,0
2026-08-14 01:50:00+00:00,172392.347,173682.672,172316.617,173564.393,150,68633,0
2026-08-14 01:55:00+00:00,173547.69,174918.382,173435.557,174918.382,150,68633,0
2026-08-14 02:00:00+00:00,174849.82,174885.113,173728.736,173786.233,150,68633,0
2026-08-14 02:05:00+00:00,173754.408,174112.92,173603.204,174112.92,150,68633,0
2026-08-14 02:10:00+00:00,174118.838,174571.787,173566.688,174546.458,150,68633,0
2026-08-14 02:15:00+00:00,174603.014,174854.183,174099.385,174400.815,150,68633,0
2026-08-14 02:20:00+00:00,174381.728,174598.483,174173.317,174388.989,150,68633,0
2026-08-14 02:25:00+00:00,174430.62,174430.62,173548.65,173597.85,150,68633,0
2026-08-14 02:30:00+00:00,173567.92,173765.823,172746.668,172947.987,150,68633,0
2026-08-14 02:35:00+00:00,172965.648,173509.49,172929.981,173173.542,150,68633,0
2026-08-14 02:40:00+00:00,173207.618,173600.433,172989.942,173068.232,150,68633,0
2026-08-14 02:45:00+00:00,173063.692,173154.799,172682.105,173077.502,150,68633,0
2026-08-14 02:50:00+00:00,173083.386,173544.773,172599.327,172834.884,150,68633,0
2026-08-14 02:55:00+00:00,172805.273,172849.774,172598.272,172650.843,150,68633,0
2026-08-14 03:00:00+00:00,172591.89,172723.396,172382.588,172561.857,150,68633,0
2026-08-14 03:05:00+00:00,172504.438,173272.443,172488.169,172919.641,150,68633,0
2026-08-14 03:10:00+00:00,172947.925,173047.537,172222.351,172582.516,150,68633,0
2026-08-14 03:15:00+00:00,172630.135,172651.38,171575.62,171700.098,150,68633,0
2026-08-14 03:20:00+00:00,171710.972,171728.107,170978.094,171168.375,150,68633,0
2026-08-14 03:25:00+00:00,171153.056,171408.019,170800.07,171271.039,150,68633,0
2026-08-14 03:30:00+00:00,171300.298,171560.238,171066.832,171491.153,150,68633,0
2026-08-14 03:35:00+00:00,171527.788,171941.508,171456.621,171563.555,150,68633,0
2026-08-14 03:40:00+00:00,171568.865,171900.158,171488.865,171822.875,150,68633,0
2026-08-14 03:45:00+00:00,171829.064,172146.875,171464.084,172021.51,150,68633,0
2026-08-14 03:50:00+00:00,171970.148,172324.617,171738.54,172127.231,150,68633,0
2026-08-14 03:55:00+00:00,172115.288,172535.492,171986.157,172443.852,150,68633,0
2026-08-14 04:00:00+00:00,172376.578,172702.107,172149.734,172343.894,150,68633,0
2026-08-14 04:05:00+00:00,172266.342,173109.237,172228.288,172835.633,150,68633,0
2026-08-14 04:10:00+00:00,172835.055,173375.599,172716.799,173155.114,150,68633,0
2026-08-14 04:15:00+00:00,173124.127,173307.308,172581.61,172603.255,150,68633,0
2026-08-14 04:20:00+00:00,172553.967,172945.445,172512.038,172819.564,150,68633,0
2026-08-14 04:25:00+00:00,172820.039,172989.718,172540.115,172653.753,150,68633,0
2026-08-14 04:30:00+00:00,172592.958,173188.939,172106.982,172926.991,150,68633,0
2026-08-14 04:35:00+00:00,172915.178,173661.779,172809.797,173496.302,150,68633,0
2026-08-14 04:40:00+00:00,173434.695,173685.01,172992.902,173371.81,150,68633,0
2026-08-14 04:45:00+00:00,173460.048,173462.527,172580.094,172580.094,150,68633,0
2026-08-14 04:50:00+00:00,172579.69,172831.05,172339.186,172551.789,150,68633,0
2026-08-14 04:55:00+00:00,172638.667,172965.616,172457.948,172767.336,150,68633,0
2026-08-14 05:00:00+00:00,172773.399,172854.409,172397.94,172440.535,150,68633,0
2026-08-14 05:05:00+00:00,172540.95,172809.847,172096.384,172177.837,150,68633,0
2026-08-14 05:10:00+00:00,172105.975,173092.328,172105.975,172625.473,150,68633,0
2026-08-14 05:15:00+00:00,172666.837,172928.643,172177.459,172776.035,150,68633,0
2026-08-14 05:20:00+00:00,172833.701,173070.783,172557.662,172925.38,150,68633,0
2026-08-14 05:25:00+00:00,172927.014,173780.498,172612.436,173541.37,150,68633,0
2026-08-14 05:30:00+00:00,173502.357,173769.948,173253.657,173443.171,150,68633,0
2026-08-14 05:35:00+00:00,173437.046,173711.917,172568.802,172896.384,150,68633,0
2026-08-14 05:40:00+00:00,172930.32,173062.817,172684.455,172954.56,150,68633,0
2026-08-14 05:45:00+00:00,172937.279,172992.026,172567.472,172653.001,150,68633,0
2026-08-14 05:50:00+00:00,172635.873,172905.649,171939.994,172145.063,150,68633,0
2026-08-14 05:55:00+00:00,172172.932,172520.841,172078.99,172261.96,150,68633,0
2026-08-14 06:00:00+00:00,172220.963,172431.833,171618.663,171928.422,150,68633,0
2026-08-14 06:05:00+00:00,171937.649,172262.919,171611.463,172069.327,150,68633,0
2026-08-14 06:10:00+00:00,172043.462,172279.655,171277.649,171476.88,150,68633,0
2026-08-14 06:15:00+00:00,171537.315,171998.369,171537.315,171928.294,150,68633,0
2026-08-14 06:20:00+00:00,171961.755,172086.739,171700.37,171914.563,150,68633,0
2026-08-14 06:25:00+00:00,171907.67,172298.093,171754.581,171898.613,150,68633,0
2026-08-14 06:30:00+00:00,171925.193,172555.52,171878.755,172248.922,150,68633,0
2026-08-14 06:35:00+00:00,172210.576,173211.509,171957.588,173044.551,150,68633,0
2026-08-14 06:40:00+00:00,173035.019,173120.292,172210.403,172210.403,150,68633,0
2026-08-14 06:45:00+00:00,172172.094,172258.246,171591.698,171876.553,150,68633,0
2026-08-14 06:50:00+00:00,171824.031,172082.98,171516.557,171673.543,150,68633,0
2026-08-14 06:55:00+00:00,171699.961,171975.983,171567.942,171877.647,150,68633,0
2026-08-14 07:00:00+00:00,171910.348,172304.207,171790.083,171790.083,150,68633,0
2026-08-14 07:05:00+00:00,171784.927,171905.164,171343.769,171624.011,150,68633,0
2026-08-14 07:10:00+00:00,171656.738,172271.509,171605.083,172164.641,150,68633,0
2026-08-14 07:15:00+00:00,172147.665,172147.665,171697.423,171890.551,150,68633,0
2026-08-14 07:20:00+00:00,171927.12,172482.053,171844.049,172476.914,150,68633,0
2026-08-14 07:25:00+00:00,172468.05,172987.794,172305.408,172987.794,150,68633,0
2026-08-14 07:30:00+00:00,173055.285,173635.481,172885.269,173507.541,150,68633,0
2026-08-14 07:35:00+00:00,173403.941,173931.963,173366.54,173848.987,150,68633,0
2026-08-14 07:40:00+00:00,173872.825,173903.978,173361.864,173462.741,150,68633,0
2026-08-14 07:45:00+00:00,173449.644,173453.042,172778.066,172833.433,150,68633,0
2026-08-14 07:50:00+00:00,172878.054,173159.702,172489.364,172831.374,150,68633,0
2026-08-14 07:55:00+00:00,172905.709,173204.643,172714.239,172845.158,150,68633,0
2026-08-14 08:00:00+00:00,172873.819,173422.774,172692.14,173118.171,150,68633,0
2026-08-14 08:05:00+00:00,173139.305,173139.305,172352.475,172508.205,150,68633,0
2026-08-14 08:10:00+00:00,172489.741,172900.465,172489.741,172765.165,150,68633,0
2026-08-14 08:15:00+00:00,172716.452,172876.014,172559.382,172787.867,150,68633,0
2026-08-14 08:20:00+00:00,172806.611,173002.862,172240.988,172458.426,150,68633,0
2026-08-14 08:25:00+00:00,172455.711,172532.491,171778.618,172138.654,150,68633,0
2026-08-14 08:30:00+00:00,172165.808,172366.646,171881.676,172017.83,150,68633,0
2026-08-14 08:35:00+00:00,172046.134,172103.713,171338.705,171338.705,150,68633,0
2026-08-14 08:40:00+00:00,171297.002,171340.585,170402.586,170487.347,150,68633,0
2026-08-14 08:45:00+00:00,170480.531,170747.593,170422.811,170677.701,150,68633,0
2026-08-14 08:50:00+00:00,170719.783,170748.172,170255.639,170457.853,150,68633,0
2026-08-14 08:55:00+00:00,170513.001,170513.001,169888.088,169956.197,150,68633,0
2026-08-14 09:00:00+00:00,169983.605,170442.682,169684.623,170232.057,150,68633,0
2026-08-14 09:05:00+00:00,170247.005,170247.005,169134.609,169562.934,150,68633,0
2026-08-14 09:10:00+00:00,169587.236,169730.983,168899.817,169676.783,150,68633,0
2026-08-14 09:15:00+00:00,169740.055,169837.004,169262.51,169262.51,150,68633,0
2026-08-14 09:20:00+00:00,169234.151,170054.83,169109.662,169889.788,150,68633,0
2026-08-14 09:25:00+00:00,169851.181,170087.389,169150.697,169278.356,150,68633,0
2026-08-14 09:30:00+00:00,169257.924,169392.192,168741.332,169015.402,150,68633,0
2026-08-14 09:35:00+00:00,169017.282,169481.909,168881.501,168953.664,150,68633,0
2026-08-14 09:40:00+00:00,168988.366,169488.886,168667.593,169032.999,150,68633,0
2026-08-14 09:45:00+00:00,169082.369,169792.866,168931.081,169144.742,150,68633,0
2026-08-14 09:50:00+00:00,169114.619,169916.42,169061.463,169584.94,150,68633,0
2026-08-14 09:55:00+00:00,169546.995,170118.72,169238.958,170118.72,150,68633,0
2026-08-14 10:00:00+00:00,170039.235,170694.097,170039.235,170436.881,150,68633,0
2026-08-14 10:05:00+00:00,170425.688,170776.476,170142.951,170316.322,150,68633,0
2026-08-14 10:10:00+00:00,170323.276,170484.776,169933.342,170473.906,150,68633,0
2026-08-14 10:15:00+00:00,170441.184,170923.41,170208.298,170208.298,150,68633,0
2026-08-14 10:20:00+00:00,170203.556,170353.954,169709.51,169737.162,150,68633,0
2026-08-14 10:25:00+00:00,169707.071,170384.604,169654.854,170118.775,150,68633,0
2026-08-14 10:30:00+00:00,170177.13,170636.667,169966.27,170417.112,150,68633,0
2026-08-14 10:35:00+00:00,170411.387,170430.867,169498.066,169620.626,150,68633,0
2026-08-14 10:40:00+00:00,169630.739,169849.752,169252.134,169538.669,150,68633,0
2026-08-14 10:45:00+00:00,169509.484,170055.295,169202.921,170002.536,150,68633,0
2026-08-14 10:50:00+00:00,170073.026,170158.757,169668.774,170146.884,150,68633,0
2026-08-14 10:55:00+00:00,170129.912,170399.22,169427.846,170257.035,150,68633,0
2026-08-14 11:00:00+00:00,170267.979,171086.328,170267.979,170860.933,150,68633,0
2026-08-14 11:05:00+00:00,170857.258,171188.423,170649.907,171009.52,150,68633,0
2026-08-14 11:10:00+00:00,170986.953,171117.817,169984.038,170152.422,150,68633,0
2026-08-14 11:15:00+00:00,170112.219,170864.121,169922.219,170219.186,150,68633,0
2026-08-14 11:20:00+00:00,170187.437,170570.365,169776.173,169860.041,150,68633,0
2026-08-14 11:25:00+00:00,169861.042,170380.863,169858.4,170185.119,150,68633,0
2026-08-14 11:30:00+00:00,170098.279,170471.993,170077.517,170314.04,150,68633,0
2026-08-14 11:35:00+00:00,170309.559,170889.528,169980.27,170485.849,150,68633,0
2026-08-14 11:40:00+00:00,170485.194,170584.785,170073.525,170520.814,150,68633,0
2026-08-14 11:45:00+00:00,170587.094,171307.249,170172.506,171280.06,150,68633,0
2026-08-14 11:50:00+00:00,171257.379,171941.123,171141.93,171551.647,150,68633,0
2026-08-14 11:55:00+00:00,171533.532,171836.485,171235.187,171562.526,150,68633,0
2026-08-14 12:00:00+00:00,171564.032,172111.462,171376.857,171859.398,150,68633,0
2026-08-14 12:05:00+00:00,171903.503,172692.73,171903.503,172692.73,150,68633,0
2026-08-14 12:10:00+00:00,172691.937,173050.844,172507.086,172507.086,150,68633,0
2026-08-14 12:15:00+00:00,172516.579,172869.082,172434.621,172697.533,150,68633,0
2026-08-14 12:20:00+00:00,172726.898,172726.898,172196.982,172305.951,150,68633,0
2026-08-14 12:25:00+00:00,172318.156,172535.027,171907.999,172437.121,150,68633,0
2026-08-14 12:30:00+00:00,172411.943,172797.595,172145.715,172709.742,150,68633,0
2026-08-14 12:35:00+00:00,172660.663,172931.718,172281.25,172326.806,150,68633,0
2026-08-14 12:40:00+00:00,172360.522,172648.265,172036.614,172470.011,150,68633,0
2026-08-14 12:45:00+00:00,172437.156,172661.174,172064.114,172383.916,150,68633,0
2026-08-14 12:50:00+00:00,172391.46,172549.37,171437.304,171446.274,150,68633,0
2026-08-14 12:55:00+00:00,171418.475,171878.699,171418.475,171735.206,150,68633,0
2026-08-14 13:00:00+00:00,171773.284,171780.047,171265.577,171448.14,150,68633,0
2026-08-14 13:05:00+00:00,171468.526,171468.526,170750.271,171179.064,150,68633,0
2026-08-14 13:10:00+00:00,171172.244,171387.082,170980.491,171146.093,150,68633,0
2026-08-14 13:15:00+00:00,171132.572,171132.572,170386.615,170727.313,150,68633,0
2026-08-14 13:20:00+00:00,170760.074,171442.941,170688.308,170688.308,150,68633,0
2026-08-14 13:25:00+00:00,170645.68,170919.114,170244.508,170244.508,150,68633,0
2026-08-14 13:30:00+00:00,170212.24,170308.697,169911.652,170187.17,150,68633,0
2026-08-14 13:35:00+00:00,170176.524,170859.602,169990.77,170839.56,150,68633,0
2026-08-14 13:40:00+00:00,170911.766,171732.012,170676.029,171586.316,150,68633,0
2026-08-14 13:45:00+00:00,171581.214,171923.298,171013.558,171907.147,150,68633,0
2026-08-14 13:50:00+00:00,171849.699,172213.466,171673.253,171956.252,150,68633,0
2026-08-14 13:55:00+00:00,171952.586,172602.904,171895.482,172478.966,150,68633,0
2026-08-14 14:00:00+00:00,172468.021,172860.388,171547.695,171547.695,150,68633,0
2026-08-14 14:05:00+00:00,171522.038,172058.321,171185.197,171654.219,150,68633,0
2026-08-14 14:10:00+00:00,171626.469,172055.149,171509.101,171698.936,150,68633,0
2026-08-14 14:15:00+00:00,171727.981,171972.006,171532.606,171930.426,150,68633,0
2026-08-14 14:20:00+00:00,171939.426,172202.207,171760.165,171896.226,150,68633,0
2026-08-14 14:25:00+00:00,171829.702,172282.72,171505.892,172153.641,150,68633,0
2026-08-14 14:30:00+00:00,172179.317,172566.95,171762.898,171897.391,150,68633,0
2026-08-14 14:35:00+00:00,171882.972,172026.112,171110.273,171491.786,150,68633,0
2026-08-14 14:40:00+00:00,171495.137,172993.197,171305.263,172993.197,150,68633,0
2026-08-14 14:45:00+00:00,173002.895,173798.001,172966.969,173675.372,150,68633,0
2026-08-14 14:50:00+00:00,173697.81,174185.697,173670.37,173947.321,150,68633,0
2026-08-14 14:55:00+00:00,173910.62,174336.745,173783.162,173909.557,150,68633,0
2026-08-14 15:00:00+00:00,173857.057,174010.605,173458.936,174003.253,150,68633,0
2026-08-14 15:05:00+00:00,173956.515,174537.85,173867.767,174040.836,150,68633,0
2026-08-14 15:10:00+00:00,174015.455,174547.499,173725.601,174547.499,150,68633,0
2026-08-14 15:15:00+00:00,174553.484,174914.3,174405.278,174620.259,150,68633,0
2026-08-14 15:20:00+00:00,174665.112,175400.897,174508.141,174798.927,150,68633,0
2026-08-14 15:25:00+00:00,174769.721,175080.759,174583.36,174744.873,150,68633,0
2026-08-14 15:30:00+00:00,174767.032,175269.996,174756.954,174967.883,150,68633,0
2026-08-14 15:35:00+00:00,174979.127,175293.109,174963.114,175105.959,150,68633,0
2026-08-14 15:40:00+00:00,175100.595,175777.752,175036.869,175167.442,150,68633,0
2026-08-14 15:45:00+00:00,175183.933,175462.32,174929.031,175046.987,150,68633,0
2026-08-14 15:50:00+00:00,175112.284,175661.835,174957.875,175647.177,150,68633,0
2026-08-14 15:55:00+00:00,175666.847,176184.521,175483.55,176028.423,150,68633,0
2026-08-14 16:00:00+00:00,176072.885,176208.771,175558.631,175559.46,150,68633,0
2026-08-14 16:05:00+00:00,175579.328,175680.09,174886.235,175554.837,150,68633,0
2026-08-14 16:10:00+00:00,175553.31,176086.497,175460.1,175785.198,150,68633,0
2026-08-14 16:15:00+00:00,175773.027,175914.343,174722.058,174971.839,150,68633,0
2026-08-14 16:20:00+00:00,174963.702,175574.142,174852.635,175554.937,150,68633,0
2026-08-14 16:25:00+00:00,175581.91,176003.077,175581.91,175789.672,150,68633,0
2026-08-14 16:30:00+00:00,175759.834,176625.429,175759.834,176538.226,150,68633,0
2026-08-14 16:35:00+00:00,176550.167,176687.583,176146.606,176583.453,150,68633,0
2026-08-14 16:40:00+00:00,176604.276,177418.156,176498.665,177306.032,150,68633,0
2026-08-14 16:45:00+00:00,177298.664,177597.23,177000.798,177251.396,150,68633,0
2026-08-14 16:50:00+00:00,177243.932,177784.941,177234.344,177379.452,150,68633,0
2026-08-14 16:55:00+00:00,177327.18,177656.649,177138.636,177511.122,150,68633,0
2026-08-14 17:00:00+00:00,177579.524,178166.027,177422.171,177979.214,150,68633,0
2026-08-14 17:05:00+00:00,178049.567,178458.307,177893.595,178011.957,150,68633,0
2026-08-14 17:10:00+00:00,177972.617,178844.391,177907.844,178793.425,150,68633,0
2026-08-14 17:15:00+00:00,178814.609,179133.914,178586.961,178731.22,150,68633,0
2026-08-14 17:20:00+00:00,178642.665,178869.675,178444.045,178689.981,150,68633,0
2026-08-14 17:25:00+00:00,178705.737,179054.723,178501.679,179006.798,150,68633,0
2026-08-14 17:30:00+00:00,179044.191,179314.858,178757.559,178885.066,150,68633,0
2026-08-14 17:35:00+00:00,178897.773,179267.567,178497.711,178505.865,150,68633,0
2026-08-14 17:40:00+00:00,178528.769,178682.204,178328.911,178511.391,150,68633,0
2026-08-14 17:45:00+00:00,178434.694,179499.589,178351.577,179289.533,150,68633,0
2026-08-14 17:50:00+00:00,179270.324,179348.267,178529.776,179048.682,150,68633,0
2026-08-14 17:55:00+00:00,179072.64,179278.741,178824.067,179131.239,150,68633,0
2026-08-14 18:00:00+00:00,179147.33,179504.564,178682.048,179409.923,150,68633,0
2026-08-14 18:05:00+00:00,179403.576,179740.152,179003.098,179196.335,150,68633,0
2026-08-14 18:10:00+00:00,179206.719,179351.05,178789.18,178878.586,150,68633,0
2026-08-14 18:15:00+00:00,178839.955,179435.363,178581.894,178904.849,150,68633,0
2026-08-14 18:20:00+00:00,178816.353,179018.931,178419.776,178424.223,150,68633,0
2026-08-14 18:25:00+00:00,178378.654,178514.099,177776.371,177995.096,150,68633,0
2026-08-14 18:30:00+00:00,178080.144,178586.788,177833.383,178543.515,150,68633,0
2026-08-14 18:35:00+00:00,178585.852,179456.278,178400.12,179284.95,150,68633,0
2026-08-14 18:40:00+00:00,179312.78,180014.357,179312.78,179824.675,150,68633,0
2026-08-14 18:45:00+00:00,179787.7,180507.291,179770.798,179998.996,150,68633,0
2026-08-14 18:50:00+00:00,180031.219,180085.208,179365.909,179593.276,150,68633,0
2026-08-14 18:55:00+00:00,179582.248,179752.615,179296.765,179336.851,150,68633,0
2026-08-14 19:00:00+00:00,179326.514,179642.691,179000.79,179089.321,150,68633,0
2026-08-14 19:05:00+00:00,179083.54,179743.792,178913.15,179618.181,150,68633,0
2026-08-14 19:10:00+00:00,179556.935,180088.815,179294.269,179505.062,150,68633,0
2026-08-14 19:15:00+00:00,179455.619,179922.751,179285.996,179642.709,150,68633,0
2026-08-14 19:20:00+00:00,179623.922,179650.341,178981.741,179588.325,150,68633,0
2026-08-14 19:25:00+00:00,179600.202,180322.171,179427.704,179995.365,150,68633,0
2026-08-14 19:30:00+00:00,179976.441,180196.958,179485.666,179824.786,150,68633,0
2026-08-14 19:35:00+00:00,179824.636,180190.553,179639.829,179858.47,150,68633,0
2026-08-14 19:40:00+00:00,179827.419,179963.486,179297.25,179556.549,150,68633,0
2026-08-14 19:45:00+00:00,179582.232,179975.466,179545.524,179781.776,150,68633,0
2026-08-14 19:50:00+00:00,179764.074,180400.244,179524.607,180212.979,150,68633,0
2026-08-14 19:55:00+00:00,180248.964,180649.17,180117.128,180117.128,150,68633,0
2026-08-14 20:00:00+00:00,180117.69,180255.355,179582.998,179582.998,150,68633,0
2026-08-14 20:05:00+00:00,179592.567,180054.383,179385.85,179779.74,150,68633,0
2026-08-14 20:10:00+00:00,179774.407,180093.282,179352.676,179506.67,150,68633,0
2026-08-14 20:15:00+00:00,179477.393,179477.393,178507.658,178710.557,150,68633,0
2026-08-14 20:20:00+00:00,178724.372,180101.817,178631.175,180073.832,150,68633,0
2026-08-14 20:25:00+00:00,180082.919,180673.115,179737.819,180673.115,150,68633,0
2026-08-14 20:30:00+00:00,180660.56,180773.88,180278.782,180397.314,150,68633,0
2026-08-14 20:35:00+00:00,180420.163,181617.012,180300.549,181369.224,150,68633,0
2026-08-14 20:40:00+00:00,181366.962,182885.386,181302.186,182634.063,150,68633,0
2026-08-14 20:45:00+00:00,182646.487,182935.488,182450.866,182630.894,150,68633,0
2026-08-14 20:50:00+00:00,182550.257,182896.652,182223.616,182850.444,150,68633,0
2026-08-14 20:55:00+00:00,182861.278,182958.527,182087.581,182188.223,150,68633,0
2026-08-14 21:00:00+00:00,182185.158,182185.158,181156.195,181440.865,150,68633,0
2026-08-14 21:05:00+00:00,181465.687,182095.979,180990.967,182048.919,150,68633,0
2026-08-14 21:10:00+00:00,182062.458,182378.792,181609.567,181639.163,150,68633,0
2026-08-14 21:15:00+00:00,181642.373,182961.295,181620.29,182932.659,150,68633,0
2026-08-14 21:20:00+00:00,182946.494,183003.705,182229.048,182459.577,150,68633,0
2026-08-14 21:25:00+00:00,182569.937,182885.652,182382.878,182439.591,150,68633,0
2026-08-14 21:30:00+00:00,182406.022,182481.793,182087.733,182258.27,150,68633,0
2026-08-14 21:35:00+00:00,182260.324,182729.545,182129.503,182222.232,150,68633,0
2026-08-14 21:40:00+00:00,182246.565,183103.525,182184.667,182926.677,150,68633,0
2026-08-14 21:45:00+00:00,182921.691,182921.691,182026.273,182118.218,150,68633,0
2026-08-14 21:50:00+00:00,182081.52,182371.13,181737.571,182212.846,150,68633,0
2026-08-14 21:55:00+00:00,182240.001,182358.01,181758.754,182117.038,150,68633,0
2026-08-14 22:00:00+00:00,182185.464,182332.43,181714.27,181895.003,150,68633,0
2026-08-14 22:05:00+00:00,181943.863,182643.827,181679.287,182612.063,150,68633,0
2026-08-14 22:10:00+00:00,182553.492,182704.177,181786.601,182232.968,150,68633,0
2026-08-14 22:15:00+00:00,182220.569,182894.007,181821.511,182845.522,150,68633,0
2026-08-14 22:20:00+00:00,182855.09,183214.617,182722.829,182999.727,150,68633,0
2026-08-14 22:25:00+00:00,183037.205,183281.555,182675.051,183060.047,150,68633,0
2026-08-14 22:30:00+00:00,183077.374,184341.344,183069.426,184258.941,150,68633,0
2026-08-14 22:35:00+00:00,184233.348,184250.394,183863.932,184027.716,150,68633,0
2026-08-14 22:40:00+00:00,184057.179,184236.231,183308.827,183505.668,150,68633,0
2026-08-14 22:45:00+00:00,183493.815,183964.267,183149.469,183172.777,150,68633,0
2026-08-14 22:50:00+00:00,183201.533,183739.339,182813.921,183739.339,150,68633,0
2026-08-14 22:55:00+00:00,183691.0,184409.197,183582.245,183723.513,150,68633,0
2026-08-14 23:00:00+00:00,183697.003,183868.114,183161.758,183378.358,150,68633,0
2026-08-14 23:05:00+00:00,183339.989,183838.575,183155.467,183208.438,150,68633,0
2026-08-14 23:10:00+00:00,183211.492,184143.036,183211.492,183927.248,150,68633,0
2026-08-14 23:15:00+00:00,183972.265,184445.927,183821.411,184272.975,150,68633,0
2026-08-14 23:20:00+00:00,184263.437,184803.909,184263.437,184496.467,150,68633,0
2026-08-14 23:25:00+00:00,184472.528,185334.847,184296.255,184902.843,150,68633,0
2026-08-14 23:30:00+00:00,184870.719,185094.205,184264.15,184619.252,150,68633,0
2026-08-14 23:35:00+00:00,184617.173,185572.053,184587.041,185496.27,150,68633,0
2026-08-14 23:40:00+00:00,185415.597,185753.282,185284.373,185459.401,150,68633,0
2026-08-14 23:45:00+00:00,185458.221,185596.203,185134.971,185596.203,150,68633,0
2026-08-14 23:50:00+00:00,185548.889,185603.733,184227.03,184422.294,150,68633,0
2026-08-14 23:55:00+00:00,184394.104,184992.46,184218.272,184839.516,150,68633,0
2026-08-15 00:00:00+00:00,184900.101,185172.98,184243.861,184786.5,150,68633,0
2026-08-15 00:05:00+00:00,184770.107,186188.255,184721.505,186000.633,150,68633,0
2026-08-15 00:10:00+00:00,185933.121,186564.385,185565.253,186414.396,150,68633,0
2026-08-15 00:15:00+00:00,186445.073,187116.461,186169.117,187043.609,150,68633,0
2026-08-15 00:20:00+00:00,187055.691,187160.099,186650.89,186894.685,150,68633,0
2026-08-15 00:25:00+00:00,186835.819,186976.395,186371.24,186669.469,150,68633,0
2026-08-15 00:30:00+00:00,186694.177,188018.089,186611.832,187527.78,150,68633,0
2026-08-15 00:35:00+00:00,187545.509,187545.509,186750.864,186998.658,150,68633,0
2026-08-15 00:40:00+00:00,187011.024,187011.024,186063.058,186098.98,150,68633,0
2026-08-15 00:45:00+00:00,186132.401,186543.229,186047.052,186508.434,150,68633,0
2026-08-15 00:50:00+00:00,186570.5,186633.275,185886.317,186074.57,150,68633,0
2026-08-15 00:55:00+00:00,186041.743,186102.012,185261.348,185412.609,150,68633,0
2026-08-15 01:00:00+00:00,185416.475,185432.347,184834.333,185278.22,150,68633,0
2026-08-15 01:05:00+00:00,185241.143,185295.597,183977.379,184022.883,150,68633,0
2026-08-15 01:10:00+00:00,184001.193,184111.107,183122.563,183122.563,150,68633,0
2026-08-15 01:15:00+00:00,183158.311,183650.794,183106.84,183362.545,150,68633,0
2026-08-15 01:20:00+00:00,183334.747,183542.03,182367.471,182913.214,150,68633,0
2026-08-15 01:25:00+00:00,182932.857,183036.571,182546.425,182973.47,150,68633,0
2026-08-15 01:30:00+00:00,182948.446,182986.095,182264.686,182695.083,150,68633,0
2026-08-15 01:35:00+00:00,182767.386,182992.208,182526.117,182835.327,150,68633,0
2026-08-15 01:40:00+00:00,182848.737,182957.8,181993.631,182085.093,150,68633,0
2026-08-15 01:45:00+00:00,182087.214,182092.548,181152.831,181602.026,150,68633,0
2026-08-15 01:50:00+00:00,181631.816,181972.648,181071.91,181899.514,150,68633,0
2026-08-15 01:55:00+00:00,181882.827,182030.349,181138.141,181394.414,150,68633,0
2026-08-15 02:00:00+00:00,181365.745,182581.428,181269.964,182542.321,150,68633,0
2026-08-15 02:05:00+00:00,182602.48,182845.365,182243.926,182278.817,150,68633,0
2026-08-15 02:10:00+00:00,182272.679,182361.368,181925.024,182311.267,150,68633,0
2026-08-15 02:15:00+00:00,182305.179,182326.284,181915.35,182073.31,150,68633,0
2026-08-15 02:20:00+00:00,182088.689,182732.734,181849.143,181967.93,150,68633,0
2026-08-15 02:25:00+00:00,181978.0,182029.74,181187.094,181370.987,150,68633,0
2026-08-15 02:30:00+00:00,181341.339,181418.086,180384.295,180445.142,150,68633,0
2026-08-15 02:35:00+00:00,180420.191,180573.99,180035.82,180255.453,150,68633,0
2026-08-15 02:40:00+00:00,180280.859,180832.595,179656.592,179701.146,150,68633,0
2026-08-15 02:45:00+00:00,179698.655,180085.932,179573.021,179786.273,150,68633,0
2026-08-15 02:50:00+00:00,179799.839,180175.411,179419.546,180175.411,150,68633,0
2026-08-15 02:55:00+00:00,180196.368,180305.245,179892.465,180064.677,150,68633,0
2026-08-15 03:00:00+00:00,180053.548,180323.624,179430.231,179513.15,150,68633,0
2026-08-15 03:05:00+00:00,179599.139,179867.363,179451.101,179660.665,150,68633,0
2026-08-15 03:10:00+00:00,179647.48,180472.672,179593.342,180217.682,150,68633,0
2026-08-15 03:15:00+00:00,180297.194,180958.809,180121.883,180884.445,150,68633,0
2026-08-15 03:20:00+00:00,180861.342,181119.746,180452.941,180519.463,150,68633,0
2026-08-15 03:25:00+00:00,180519.759,180838.271,180049.306,180054.031,150,68633,0
2026-08-15 03:30:00+00:00,180054.466,180190.57,179364.958,179421.104,150,68633,0
2026-08-15 03:35:00+00:00,179367.076,179600.906,179045.043,179460.49,150,68633,0
2026-08-15 03:40:00+00:00,179441.427,179537.821,179024.082,179360.552,150,68633,0
2026-08-15 03:45:00+00:00,179394.542,179486.12,179026.339,179108.795,150,68633,0
2026-08-15 03:50:00+00:00,179160.998,180195.142,179084.899,179856.374,150,68633,0
2026-08-15 03:55:00+00:00,179814.103,180343.997,179806.108,180068.973,150,68633,0
2026-08-15 04:00:00+00:00,180054.441,180106.707,179221.258,179221.835,150,68633,0
2026-08-15 04:05:00+00:00,179273.248,180139.044,179273.248,179681.415,150,68633,0
2026-08-15 04:10:00+00:00,179632.127,180071.24,179225.762,179878.507,150,68633,0
2026-08-15 04:15:00+00:00,179919.968,180062.366,179536.05,179762.509,150,68633,0
2026-08-15 04:20:00+00:00,179751.156,180291.533,179558.706,180221.652,150,68633,0
2026-08-15 04:25:00+00:00,180234.533,180746.572,179936.16,180746.572,150,68633,0
2026-08-15 04:30:00+00:00,180846.376,180846.376,179948.872,179948.872,150,68633,0
2026-08-15 04:35:00+00:00,179967.805,180559.352,179712.003,180217.894,150,68633,0
2026-08-15 04:40:00+00:00,180221.1,180506.31,179901.138,180424.622,150,68633,0
2026-08-15 04:45:00+00:00,180464.717,180773.434,180375.979,180666.985,150,68633,0
2026-08-15 04:50:00+00:00,180709.297,181012.049,179711.563,179854.534,150,68633,0
2026-08-15 04:55:00+00:00,179877.1,180032.159,178656.799,178656.799,150,68633,0
2026-08-15 05:00:00+00:00,178602.205,179239.97,178317.756,179239.97,150,68633,0
2026-08-15 05:05:00+00:00,179181.073,179553.883,179144.306,179227.411,150,68633,0
2026-08-15 05:10:00+00:00,179241.677,179281.327,178274.34,178923.846,150,68633,0
2026-08-15 05:15:00+00:00,178954.646,179128.429,178619.317,178788.417,150,68633,0
2026-08-15 05:20:00+00:00,178755.4,178918.636,177996.44,178106.033,150,68633,0
2026-08-15 05:25:00+00:00,178102.192,178133.025,177125.612,177260.209,150,68633,0
2026-08-15 05:30:00+00:00,177320.792,177350.522,176824.702,176844.639,150,68633,0
2026-08-15 05:35:00+00:00,176860.307,177056.853,176261.309,176376.098,150,68633,0
2026-08-15 05:40:00+00:00,176426.878,177197.671,176420.728,177076.094,150,68633,0
2026-08-15 05:45:00+00:00,177027.616,177252.747,176606.479,176938.938,150,68633,0
2026-08-15 05:50:00+00:00,176980.487,177339.457,176772.527,176910.087,150,68633,0
2026-08-15 05:55:00+00:00,176932.659,177429.639,176744.903,177376.165,150,68633,0
2026-08-15 06:00:00+00:00,177406.354,177530.779,177062.048,177529.33,150,68633,0
2026-08-15 06:05:00+00:00,177571.384,178148.69,177438.268,178133.826,150,68633,0
2026-08-15 06:10:00+00:00,178152.48,178415.44,177800.459,178369.932,150,68633,0
2026-08-15 06:15:00+00:00,178353.814,178595.341,178247.864,178330.942,150,68633,0
2026-08-15 06:20:00+00:00,178350.42,178732.692,177963.986,178732.692,150,68633,0
2026-08-15 06:25:00+00:00,178773.077,179154.342,178669.78,178780.11,150,68633,0
2026-08-15 06:30:00+00:00,178736.643,178907.656,178291.043,178907.656,150,68633,0
2026-08-15 06:35:00+00:00,178967.968,179139.786,178694.064,178886.463,150,68633,0
2026-08-15 06:40:00+00:00,178857.578,178857.578,178230.988,178379.313,150,68633,0
2026-08-15 06:45:00+00:00,178419.749,178979.329,178111.445,178943.783,150,68633,0
2026-08-15 06:50:00+00:00,178959.812,179320.134,178395.776,178859.301,150,68633,0
2026-08-15 06:55:00+00:00,178868.351,178974.737,178015.173,178082.053,150,68633,0
2026-08-15 07:00:00+00:00,178072.559,178498.831,177787.61,178278.752,150,68633,0
2026-08-15 07:05:00+00:00,178287.703,178403.221,177527.516,178062.831,150,68633,0
2026-08-15 07:10:00+00:00,178156.65,178191.479,177607.417,177740.24,150,68633,0
2026-08-15 07:15:00+00:00,177679.386,178017.46,177369.644,177369.644,150,68633,0
2026-08-15 07:20:00+00:00,177365.936,177773.63,177149.713,177423.29,150,68633,0
2026-08-15 07:25:00+00:00,177418.614,177819.046,177087.847,177155.882,150,68633,0
2026-08-15 07:30:00+00:00,177180.271,177809.662,177136.811,177400.586,150,68633,0
2026-08-15 07:35:00+00:00,177345.998,178291.112,177162.006,178229.883,150,68633,0
2026-08-15 07:40:00+00:00,178214.1,178566.155,177888.09,177959.669,150,68633,0
2026-08-15 07:45:00+00:00,177938.924,178084.24,177565.377,177644.539,150,68633,0
2026-08-15 07:50:00+00:00,177710.558,178185.824,177679.139,178140.737,150,68633,0
2026-08-15 07:55:00+00:00,178175.352,178381.798,177939.782,178148.07,150,68633,0
2026-08-15 08:00:00+00:00,178135.824,178135.824,177636.526,177841.582,150,68633,0
2026-08-15 08:05:00+00:00,177782.45,178013.915,176653.491,176653.491,150,68633,0
2026-08-15 08:10:00+00:00,176563.596,177256.067,176474.323,177160.175,150,68633,0
2026-08-15 08:15:00+00:00,177193.384,177253.362,176551.108,177038.006,150,68633,0
2026-08-15 08:20:00+00:00,177050.239,177571.965,176895.93,177571.965,150,68633,0
2026-08-15 08:25:00+00:00,177591.444,177680.101,177285.335,177305.121,150,68633,0
2026-08-15 08:30:00+00:00,177262.534,177546.65,176931.602,176960.703,150,68633,0
2026-08-15 08:35:00+00:00,176928.146,177094.106,176656.136,176674.839,150,68633,0
2026-08-15 08:40:00+00:00,176662.402,177272.31,176460.509,177061.383,150,68633,0
2026-08-15 08:45:00+00:00,177074.136,177312.41,176728.904,177144.106,150,68633,0
2026-08-15 08:50:00+00:00,177227.612,178128.445,177007.711,177891.205,150,68633,0
2026-08-15 08:55:00+00:00,177820.79,178150.873,177463.786,178143.787,150,68633,0
2026-08-15 09:00:00+00:00,178142.74,178599.881,178049.248,178530.524,150,68633,0
2026-08-15 09:05:00+00:00,178504.576,178651.141,178060.864,178383.893,150,68633,0
2026-08-15 09:10:00+00:00,178353.502,178497.693,177974.619,178133.23,150,68633,0
2026-08-15 09:15:00+00:00,178101.939,178101.939,177296.34,177944.809,150,68633,0
2026-08-15 09:20:00+00:00,177925.014,178179.086,177313.491,177808.114,150,68633,0
2026-08-15 09:25:00+00:00,177893.403,177978.214,177316.548,177612.556,150,68633,0
2026-08-15 09:30:00+00:00,177606.786,178334.955,177446.811,178168.172,150,68633,0
2026-08-15 09:35:00+00:00,178154.287,178308.333,177822.085,178221.386,150,68633,0
2026-08-15 09:40:00+00:00,178255.832,178486.042,178144.416,178199.056,150,68633,0
2026-08-15 09:45:00+00:00,178154.738,178154.738,177239.074,177239.074,150,68633,0
2026-08-15 09:50:00+00:00,177243.778,177243.778,176401.103,176500.954,150,68633,0
2026-08-15 09:55:00+00:00,176445.857,176996.024,176128.621,176996.024,150,68633,0
2026-08-15 10:00:00+00:00,176975.297,177828.657,176567.396,177445.545,150,68633,0
2026-08-15 10:05:00+00:00,177386.368,177546.702,176378.492,176724.331,150,68633,0
2026-08-15 10:10:00+00:00,176700.909,176700.909,176363.631,176491.259,150,68633,0
2026-08-15 10:15:00+00:00,176446.095,176532.479,175743.259,176000.058,150,68633,0
2026-08-15 10:20:00+00:00,175984.331,175984.331,175141.779,175530.852,150,68633,0
2026-08-15 10:25:00+00:00,175544.556,176966.032,175544.556,176600.255,150,68633,0
2026-08-15 10:30:00+00:00,176582.441,177211.235,176582.441,177023.86,150,68633,0
2026-08-15 10:35:00+00:00,176968.571,177433.391,176919.992,177425.495,150,68633,0
2026-08-15 10:40:00+00:00,177395.613,178478.181,177362.358,177996.37,150,68633,0
2026-08-15 10:45:00+00:00,178068.134,178412.121,177668.666,177820.941,150,68633,0
2026-08-15 10:50:00+00:00,177873.603,178247.198,177837.372,178162.118,150,68633,0
2026-08-15 10:55:00+00:00,178138.71,178337.215,177857.14,177969.3,150,68633,0
2026-08-15 11:00:00+00:00,178012.604,178300.687,177599.198,177654.614,150,68633,0
2026-08-15 11:05:00+00:00,177665.043,178175.753,177532.286,177682.322,150,68633,0
2026-08-15 11:10:00+00:00,177658.465,177865.867,177361.081,177865.867,150,68633,0
2026-08-15 11:15:00+00:00,177778.541,178500.063,177761.907,178318.944,150,68633,0
2026-08-15 11:20:00+00:00,178303.562,178922.799,178207.795,178922.799,150,68633,0
2026-08-15 11:25:00+00:00,178910.375,178931.417,178474.751,178474.751,150,68633,0
2026-08-15 11:30:00+00:00,178469.326,178855.692,178321.253,178714.448,150,68633,0
2026-08-15 11:35:00+00:00,178712.829,178896.873,178321.205,178896.873,150,68633,0
2026-08-15 11:40:00+00:00,178949.956,179495.893,178867.052,179428.049,150,68633,0
2026-08-15 11:45:00+00:00,179368.063,179673.467,178861.432,179567.962,150,68633,0
2026-08-15 11:50:00+00:00,179482.893,180970.136,179482.893,180937.84,150,68633,0
2026-08-15 11:55:00+00:00,180924.981,181354.722,180716.279,181043.156,150,68633,0
2026-08-15 12:00:00+00:00,181103.947,181645.824,180900.504,181539.098,150,68633,0
2026-08-15 12:05:00+00:00,181456.123,181498.206,181002.998,181119.029,150,68633,0
2026-08-15 12:10:00+00:00,181124.823,181328.255,180935.938,181167.67,150,68633,0
2026-08-15 12:15:00+00:00,181169.694,181265.097,180842.101,181242.519,150,68633,0
2026-08-15 12:20:00+00:00,181236.529,181696.779,180577.26,181690.463,150,68633,0
2026-08-15 12:25:00+00:00,181719.679,182008.462,180891.659,180907.945,150,68633,0
2026-08-15 12:30:00+00:00,180884.561,180888.265,179950.443,180189.289,150,68633,0
2026-08-15 12:35:00+00:00,180202.585,180982.708,180090.434,180804.6,150,68633,0
2026-08-15 12:40:00+00:00,180775.226,181178.932,180533.744,181028.047,150,68633,0
2026-08-15 12:45:00+00:00,181059.227,181498.425,180691.718,180740.523,150,68633,0
2026-08-15 12:50:00+00:00,180769.691,180819.91,180267.746,180576.157,150,68633,0
2026-08-15 12:55:00+00:00,180594.651,181027.459,180502.248,180943.798,150,68633,0
2026-08-15 13:00:00+00:00,180842.776,181233.416,180456.33,180633.309,150,68633,0
2026-08-15 13:05:00+00:00,180594.325,181150.099,180530.229,180715.254,150,68633,0
2026-08-15 13:10:00+00:00,180714.304,180810.928,180213.824,180746.566,150,68633,0
2026-08-15 13:15:00+00:00,180747.444,180834.139,180133.098,180133.098,150,68633,0
2026-08-15 13:20:00+00:00,180151.6,180511.106,179715.235,180511.106,150,68633,0
2026-08-15 13:25:00+00:00,180588.706,181008.152,180306.832,180538.004,150,68633,0
2026-08-15 13:30:00+00:00,180528.004,181349.183,180296.5,181349.183,150,68633,0
2026-08-15 13:35:00+00:00,181369.881,181622.924,180977.688,180977.688,150,68633,0
2026-08-15 13:40:00+00:00,181020.972,181066.008,180212.904,180300.934,150,68633,0
2026-08-15 13:45:00+00:00,180327.865,180689.336,180194.439,180465.033,150,68633,0
2026-08-15 13:50:00+00:00,180433.071,181067.425,180429.485,180894.006,150,68633,0
2026-08-15 13:55:00+00:00,181027.278,182043.534,180942.244,181954.407,150,68633,0
2026-08-15 14:00:00+00:00,181959.078,182105.211,181434.442,181586.752,150,68633,0
2026-08-15 14:05:00+00:00,181570.773,182710.214,181556.248,182565.026,150,68633,0
2026-08-15 14:10:00+00:00,182569.179,182751.039,182159.727,182465.448,150,68633,0
2026-08-15 14:15:00+00:00,182449.958,182733.1,182297.459,182711.707,150,68633,0
2026-08-15 14:20:00+00:00,182757.687,183074.621,182307.297,182664.607,150,68633,0
2026-08-15 14:25:00+00:00,182701.083,182983.423,182190.578,182402.481,150,68633,0
2026-08-15 14:30:00+00:00,182426.235,182813.282,182066.78,182215.247,150,68633,0
2026-08-15 14:35:00+00:00,182247.604,183155.346,181816.729,183068.689,150,68633,0
2026-08-15 14:40:00+00:00,183040.779,183340.395,182802.369,183263.147,150,68633,0
2026-08-15 14:45:00+00:00,183317.689,183374.089,182550.381,183015.469,150,68633,0
2026-08-15 14:50:00+00:00,183042.745,183901.455,182719.524,183848.724,150,68633,0
2026-08-15 14:55:00+00:00,183791.31,184341.076,183719.407,183793.321,150,68633,0
2026-08-15 15:00:00+00:00,183800.38,184375.432,183683.814,184279.957,150,68633,0
2026-08-15 15:05:00+00:00,184262.891,185106.071,184173.224,184623.709,150,68633,0
2026-08-15 15:10:00+00:00,184618.659,185019.38,184455.628,184830.226,150,68633,0
2026-08-15 15:15:00+00:00,184864.29,184936.366,183848.431,183927.138,150,68633,0
2026-08-15 15:20:00+00:00,183881.609,184411.572,183647.425,183861.229,150,68633,0
2026-08-15 15:25:00+00:00,183923.444,183923.444,182994.885,183100.69,150,68633,0
2026-08-15 15:30:00+00:00,183039.082,183750.825,182873.633,183098.386,150,68633,0
2026-08-15 15:35:00+00:00,183093.172,183959.991,183024.435,183941.815,150,68633,0
2026-08-15 15:40:00+00:00,183894.972,184750.518,183832.47,184646.721,150,68633,0
2026-08-15 15:45:00+00:00,184620.924,185652.847,184620.924,185474.636,150,68633,0
2026-08-15 15:50:00+00:00,185474.074,185490.606,184741.431,184835.651,150,68633,0
2026-08-15 15:55:00+00:00,184836.363,184944.482,184521.604,184837.533,150,68633,0
2026-08-15 16:00:00+00:00,184828.917,184828.917,184042.713,184342.97,150,68633,0
2026-08-15 16:05:00+00:00,184349.754,184612.294,183993.918,184469.02,150,68633,0
2026-08-15 16:10:00+00:00,184415.862,185030.396,184415.862,184620.026,150,68633,0
2026-08-15 16:15:00+00:00,184649.542,184788.556,184085.236,184651.503,150,68633,0
2026-08-15 16:20:00+00:00,184643.338,185123.179,184332.11,185090.217,150,68633,0
2026-08-15 16:25:00+00:00,185118.887,186185.363,185118.887,185899.124,150,68633,0
2026-08-15 16:30:00+00:00,185933.82,186557.095,185887.846,186235.902,150,68633,0
2026-08-15 16:35:00+00:00,186170.417,186694.052,185795.472,186552.642,150,68633,0
2026-08-15 16:40:00+00:00,186536.767,186664.704,185730.348,186201.591,150,68633,0
2026-08-15 16:45:00+00:00,186149.396,186971.165,185937.795,186869.955,150,68633,0
2026-08-15 16:50:00+00:00,186869.11,187124.858,186273.29,186739.006,150,68633,0
2026-08-15 16:55:00+00:00,186731.707,186875.593,186155.473,186179.087,150,68633,0
2026-08-15 17:00:00+00:00,186198.524,186637.412,185810.263,185861.402,150,68633,0
2026-08-15 17:05:00+00:00,185899.723,185899.723,185233.061,185413.553,150,68633,0
2026-08-15 17:10:00+00:00,185464.4,186078.929,184891.803,185973.165,150,68633,0
2026-08-15 17:15:00+00:00,185857.258,186868.801,185714.392,186715.397,150,68633,0
2026-08-15 17:20:00+00:00,186701.643,186712.015,185667.794,186017.324,150,68633,0
2026-08-15 17:25:00+00:00,186022.337,186159.418,185171.227,185711.974,150,68633,0
2026-08-15 17:30:00+00:00,185712.401,186696.922,185543.091,186331.479,150,68633,0
2026-08-15 17:35:00+00:00,186360.913,186398.765,185605.39,185681.192,150,68633,0
2026-08-15 17:40:00+00:00,185705.105,186170.726,184984.916,185048.7,150,68633,0
2026-08-15 17:45:00+00:00,185094.708,185295.474,184468.24,184994.118,150,68633,0
2026-08-15 17:50:00+00:00,184953.572,185202.079,184697.878,184783.239,150,68633,0
2026-08-15 17:55:00+00:00,184801.559,185108.118,184623.869,184813.583,150,68633,0
2026-08-15 18:00:00+00:00,184786.753,185107.382,183535.507,183712.485,150,68633,0
2026-08-15 18:05:00+00:00,183747.942,183899.501,183392.785,183822.174,150,68633,0
2026-08-15 18:10:00+00:00,183827.31,184019.477,183459.679,183537.897,150,68633,0
2026-08-15 18:15:00+00:00,183519.916,183929.086,183356.684,183841.115,150,68633,0
2026-08-15 18:20:00+00:00,183912.4,184686.849,183811.551,184246.933,150,68633,0
2026-08-15 18:25:00+00:00,184183.713,184267.797,183617.747,184023.893,150,68633,0
2026-08-15 18:30:00+00:00,184018.152,184083.058,183569.865,184083.058,150,68633,0
2026-08-15 18:35:00+00:00,184091.938,184091.938,183387.085,183710.317,150,68633,0
2026-08-15 18:40:00+00:00,183779.099,184191.214,183529.968,183769.12,150,68633,0
2026-08-15 18:45:00+00:00,183790.792,184813.629,183790.792,184463.556,150,68633,0
2026-08-15 18:50:00+00:00,184452.336,184452.336,183387.392,183651.721,150,68633,0
2026-08-15 18:55:00+00:00,183725.972,184321.536,183389.354,184138.695,150,68633,0
2026-08-15 19:00:00+00:00,184129.131,184461.546,183751.598,183984.009,150,68633,0
2026-08-15 19:05:00+00:00,183993.745,184101.727,183026.752,183026.752,150,68633,0
2026-08-15 19:10:00+00:00,182942.553,183549.878,182553.481,183474.413,150,68633,0
2026-08-15 19:15:00+00:00,183417.753,183417.753,182634.908,182875.838,150,68633,0
2026-08-15 19:20:00+00:00,182903.964,183231.375,182740.958,182913.744,150,68633,0
2026-08-15 19:25:00+00:00,182903.111,182996.828,182216.399,182692.12,150,68633,0
2026-08-15 19:30:00+00:00,182697.398,183213.881,182678.015,182717.342,150,68633,0
2026-08-15 19:35:00+00:00,182700.629,182702.524,182125.094,182154.233,150,68633,0
2026-08-15 19:40:00+00:00,182126.414,183050.701,182126.414,182608.279,150,68633,0
2026-08-15 19:45:00+00:00,182655.389,183170.633,182240.32,182526.373,150,68633,0
2026-08-15 19:50:00+00:00,182557.905,182763.406,182299.502,182441.9,150,68633,0
2026-08-15 19:55:00+00:00,182449.489,183343.707,182415.724,183125.775,150,68633,0
2026-08-15 20:00:00+00:00,183116.425,183447.552,182713.987,183082.432,150,68633,0
2026-08-15 20:05:00+00:00,183077.763,183090.772,182336.282,182599.484,150,68633,0
2026-08-15 20:10:00+00:00,182600.492,183157.965,182511.4,182877.294,150,68633,0
2026-08-15 20:15:00+00:00,182864.853,183032.065,182122.252,182122.252,150,68633,0
2026-08-15 20:20:00+00:00,182122.236,183238.453,182122.236,183055.936,150,68633,0
2026-08-15 20:25:00+00:00,183167.624,183375.391,182500.817,182566.107,150,68633,0
2026-08-15 20:30:00+00:00,182583.972,183098.103,182399.026,182729.925,150,68633,0
2026-08-15 20:35:00+00:00,182745.327,183119.516,182543.854,182914.161,150,68633,0
2026-08-15 20:40:00+00:00,182960.173,182960.173,182246.494,182353.779,150,68633,0
2026-08-15 20:45:00+00:00,182449.552,183039.003,182167.15,182927.064,150,68633,0
2026-08-15 20:50:00+00:00,182953.075,183634.889,182799.567,182900.513,150,68633,0
2026-08-15 20:55:00+00:00,182899.057,183410.805,182899.057,183085.109,150,68633,0
2026-08-15 21:00:00+00:00,183058.746,183234.705,182733.804,182960.56,150,68633,0
2026-08-15 21:05:00+00:00,183005.045,183418.425,182384.602,182384.602,150,68633,0
2026-08-15 21:10:00+00:00,182399.39,182942.556,182369.145,182760.463,150,68633,0
2026-08-15 21:15:00+00:00,182718.574,183065.31,182286.677,182991.303,150,68633,0
2026-08-15 21:20:00+00:00,182968.449,183245.14,182681.479,183177.971,150,68633,0
2026-08-15 21:25:00+00:00,183208.003,183387.628,182071.147,182071.147,150,68633,0
2026-08-15 21:30:00+00:00,182075.092,182340.924,181428.599,181508.274,150,68633,0
2026-08-15 21:35:00+00:00,181530.305,181542.455,180497.677,180497.677,150,68633,0
2026-08-15 21:40:00+00:00,180486.157,181396.558,180486.157,180829.671,150,68633,0
2026-08-15 21:45:00+00:00,180806.261,181000.271,180385.99,180635.084,150,68633,0
2026-08-15 21:50:00+00:00,180680.265,180988.462,180220.254,180220.254,150,68633,0
2026-08-15 21:55:00+00:00,180156.521,180559.395,180071.763,180170.642,150,68633,0
2026-08-15 22:00:00+00:00,180145.142,180353.506,179406.959,179826.645,150,68633,0
2026-08-15 22:05:00+00:00,179773.253,179846.703,179314.426,179448.062,150,68633,0
2026-08-15 22:10:00+00:00,179541.81,179839.397,179137.98,179245.757,150,68633,0
2026-08-15 22:15:00+00:00,179252.181,179695.249,179007.131,179457.256,150,68633,0
2026-08-15 22:20:00+00:00,179464.256,180065.907,179380.424,179725.924,150,68633,0
2026-08-15 22:25:00+00:00,179743.991,180368.137,179724.083,180276.347,150,68633,0
2026-08-15 22:30:00+00:00,180264.48,181074.674,180060.682,181005.244,150,68633,0
2026-08-15 22:35:00+00:00,180991.813,181579.071,180911.435,181411.189,150,68633,0
2026-08-15 22:40:00+00:00,181438.934,181864.46,181121.578,181764.371,150,68633,0
2026-08-15 22:45:00+00:00,181759.576,181841.05,181110.525,181145.701,150,68633,0
2026-08-15 22:50:00+00:00,181186.22,181695.24,181005.507,181005.507,150,68633,0
2026-08-15 22:55:00+00:00,181025.447,181495.779,180853.277,180874.08,150,68633,0
2026-08-15 23:00:00+00:00,180885.445,181683.7,180856.778,181620.381,150,68633,0
2026-08-15 23:05:00+00:00,181669.523,182626.971,181532.059,182621.968,150,68633,0
2026-08-15 23:10:00+00:00,182590.522,182738.249,182250.273,182738.249,150,68633,0
2026-08-15 23:15:00+00:00,182865.07,183074.708,182382.487,182742.732,150,68633,0
2026-08-15 23:20:00+00:00,182713.51,183314.949,182713.51,183128.383,150,68633,0
2026-08-15 23:25:00+00:00,183224.616,183569.587,182986.122,183303.953,150,68633,0
2026-08-15 23:30:00+00:00,183245.502,183377.822,182782.833,183250.685,150,68633,0
2026-08-15 23:35:00+00:00,183190.697,183350.687,182860.14,183251.373,150,68633,0
2026-08-15 23:40:00+00:00,183240.475,183971.969,183201.195,183950.224,150,68633,0
2026-08-15 23:45:00+00:00,184019.315,184375.324,183511.564,183525.549,150,68633,0
2026-08-15 23:50:00+00:00,183519.688,183704.903,182922.029,183532.477,150,68633,0
2026-08-15 23:55:00+00:00,183515.259,183669.137,183138.761,183622.17,150,68633,0
2026-08-16 00:00:00+00:00,183687.029,183946.65,182732.375,182732.375,150,68633,0
2026-08-16 00:05:00+00:00,182781.203,182856.737,182237.795,182243.099,150,68633,0
2026-08-16 00:10:00+00:00,182242.153,182555.46,181892.578,182323.287,150,68633,0
2026-08-16 00:15:00+00:00,182384.93,182530.755,181534.661,182282.714,150,68633,0
2026-08-16 00:20:00+00:00,182305.236,183322.933,182269.663,183119.365,150,68633,0
2026-08-16 00:25:00+00:00,183074.827,183163.717,181999.59,182334.056,150,68633,0
2026-08-16 00:30:00+00:00,182358.512,182536.388,181561.343,181769.01,150,68633,0
2026-08-16 00:35:00+00:00,181841.009,182435.17,181768.317,182100.415,150,68633,0
2026-08-16 00:40:00+00:00,182039.061,182175.837,181012.298,181168.634,150,68633,0
2026-08-16 00:45:00+00:00,181136.999,181829.176,180908.884,181546.951,150,68633,0
2026-08-16 00:50:00+00:00,181530.933,181649.842,181198.014,181366.178,150,68633,0
2026-08-16 00:55:00+00:00,181344.425,181583.549,181010.634,181485.475,150,68633,0
2026-08-16 01:00:00+00:00,181402.074,181900.015,181174.445,181747.103,150,68633,0
2026-08-16 01:05:00+00:00,181780.2,182355.834,181768.829,182006.561,150,68633,0
2026-08-16 01:10:00+00:00,181984.794,182329.98,181803.291,182329.98,150,68633,0
2026-08-16 01:15:00+00:00,182369.09,182722.221,182027.273,182027.273,150,68633,0
2026-08-16 01:20:00+00:00,182043.863,182274.653,181902.951,181907.852,107,68633,0
2026-08-16 01:25:00+00:00,181312.98,181677.315,181296.51,181494.759,70,68633,0
2026-08-16 01:30:00+00:00,181512.905,182009.412,181300.679,181314.586,150,68633,0
2026-08-16 01:35:00+00:00,181306.469,181934.181,181259.739,181637.1,150,68633,0
2026-08-16 01:40:00+00:00,181621.705,181789.665,181171.758,181218.778,149,68633,0
2026-08-16 01:45:00+00:00,181190.958,181239.742,180310.066,180310.066,150,68633,0
2026-08-16 01:50:00+00:00,180328.37,180462.437,179553.097,179640.893,150,68633,0
2026-08-16 01:55:00+00:00,179650.129,179977.363,178886.155,178909.12,150,68633,0
2026-08-16 02:00:00+00:00,178919.174,179225.209,178422.298,178474.525,150,68633,0
2026-08-16 02:05:00+00:00,178424.396,178544.335,178180.833,178544.335,150,68633,0
2026-08-16 02:10:00+00:00,178486.49,178853.345,178423.81,178535.603,150,68633,0
2026-08-16 02:15:00+00:00,178514.625,178844.407,178222.345,178473.768,150,68633,0
2026-08-16 02:20:00+00:00,178518.743,179162.948,178266.72,178958.365,150,68633,0
2026-08-16 02:25:00+00:00,178969.488,179524.562,178388.522,178452.261,150,68633,0
2026-08-16 02:30:00+00:00,178456.788,178657.734,177903.412,177903.412,150,68633,0
2026-08-16 02:35:00+00:00,177872.001,177872.001,177034.581,177096.674,150,68633,0
2026-08-16 02:40:00+00:00,177131.053,177499.066,177002.492,177415.983,150,68633,0
2026-08-16 02:45:00+00:00,177371.7,177453.106,176723.745,176741.823,150,68633,0
2026-08-16 02:50:00+00:00,176762.01,177183.509,176449.346,176479.076,150,68633,0
2026-08-16 02:55:00+00:00,176405.824,176844.698,176065.201,176186.942,150,68633,0
2026-08-16 03:00:00+00:00,176117.727,176117.727,175510.58,176010.243,150,68633,0
2026-08-16 03:05:00+00:00,175968.36,176355.401,175968.36,176118.386,150,68633,0
2026-08-16 03:10:00+00:00,176089.219,176115.985,175587.351,175895.827,150,68633,0
2026-08-16 03:15:00+00:00,175943.138,176534.26,175661.569,176250.617,150,68633,0
2026-08-16 03:20:00+00:00,176222.016,176400.867,175474.075,175735.306,150,68633,0
2026-08-16 03:25:00+00:00,175742.518,175742.518,175040.204,175348.017,150,68633,0
2026-08-16 03:30:00+00:00,175264.687,175860.546,175263.648,175749.451,150,68633,0
2026-08-16 03:35:00+00:00,175796.77,176496.348,175796.77,176480.849,150,68633,0
2026-08-16 03:40:00+00:00,176525.475,177234.775,176306.376,177137.079,150,68633,0
2026-08-16 03:45:00+00:00,177142.811,177300.035,176657.397,177214.722,150,68633,0
2026-08-16 03:50:00+00:00,177272.445,177800.5,176882.548,177649.238,150,68633,0
2026-08-16 03:55:00+00:00,177669.343,177714.449,177007.514,177007.514,150,68633,0
2026-08-16 04:00:00+00:00,177047.263,177282.699,176685.607,177066.559,150,68633,0
2026-08-16 04:05:00+00:00,177133.756,178038.988,177095.65,177851.749,150,68633,0
2026-08-16 04:10:00+00:00,177844.748,178382.692,177617.433,178335.544,150,68633,0
2026-08-16 04:15:00+00:00,178290.075,178713.431,178093.606,178362.116,150,68633,0
2026-08-16 04:20:00+00:00,178365.861,178773.235,178269.72,178703.269,150,68633,0
2026-08-16 04:25:00+00:00,178770.438,179287.633,178770.438,178958.311,150,68633,0
2026-08-16 04:30:00+00:00,178939.714,179562.06,178916.731,179474.031,150,68633,0
2026-08-16 04:35:00+00:00,179416.982,179594.991,179156.951,179381.889,150,68633,0
2026-08-16 04:40:00+00:00,179376.072,179432.129,178480.176,178691.106,150,68633,0
2026-08-16 04:45:00+00:00,178730.179,179271.449,178385.717,178385.717,150,68633,0
2026-08-16 04:50:00+00:00,178427.712,178881.733,178223.471,178505.469,150,68633,0
2026-08-16 04:55:00+00:00,178535.445,178742.855,177842.263,178718.148,150,68633,0
2026-08-16 05:00:00+00:00,178721.66,179017.683,178308.096,178471.755,150,68633,0
2026-08-16 05:05:00+00:00,178499.509,178499.509,177643.262,177926.568,150,68633,0
2026-08-16 05:10:00+00:00,177934.232,178191.367,177671.196,177783.619,150,68633,0
2026-08-16 05:15:00+00:00,177794.715,178332.66,177640.025,178243.656,150,68633,0
2026-08-16 05:20:00+00:00,178243.764,178344.639,177905.478,178065.932,150,68633,0
2026-08-16 05:25:00+00:00,178059.734,178059.734,177241.445,177771.529,150,68633,0
2026-08-16 05:30:00+00:00,177793.147,178338.809,177552.932,178199.278,150,68633,0
2026-08-16 05:35:00+00:00,178188.591,178241.074,177793.26,178241.074,150,68633,0
2026-08-16 05:40:00+00:00,178223.583,178981.727,178113.809,178981.727,150,68633,0
2026-08-16 05:45:00+00:00,178968.342,179052.0,178274.794,178397.857,150,68633,0
2026-08-16 05:50:00+00:00,178399.619,178518.965,177820.583,177820.583,150,68633,0
2026-08-16 05:55:00+00:00,177761.011,178005.593,177431.996,177794.707,150,68633,0
2026-08-16 06:00:00+00:00,177809.734,178550.771,177708.855,178168.188,150,68633,0
2026-08-16 06:05:00+00:00,178228.013,178372.958,177765.708,177788.941,150,68633,0
2026-08-16 06:10:00+00:00,177844.494,178622.997,177844.494,178549.753,150,68633,0
2026-08-16 06:15:00+00:00,178526.693,178789.71,178090.948,178248.291,150,68633,0
2026-08-16 06:20:00+00:00,178284.37,179420.504,178284.326,179341.01,150,68633,0
2026-08-16 06:25:00+00:00,179317.995,179584.988,178565.72,179131.562,150,68633,0
2026-08-16 06:30:00+00:00,179066.252,179425.649,178638.489,178831.961,150,68633,0
2026-08-16 06:35:00+00:00,178874.335,179113.824,177971.372,178329.549,150,68633,0
2026-08-16 06:40:00+00:00,178330.359,178807.48,178174.03,178705.869,150,68633,0
2026-08-16 06:45:00+00:00,178759.793,179399.756,178663.135,179202.34,150,68633,0
2026-08-16 06:50:00+00:00,179171.091,179265.679,178761.275,178899.952,150,68633,0
2026-08-16 06:55:00+00:00,178877.906,179348.464,178751.053,179099.354,150,68633,0
2026-08-16 07:00:00+00:00,179087.929,179164.741,178458.254,178683.989,150,68633,0
2026-08-16 07:05:00+00:00,178647.583,179366.583,178625.864,179118.279,150,68633,0
2026-08-16 07:10:00+00:00,179100.359,179388.701,178752.597,178799.254,150,68633,0
2026-08-16 07:15:00+00:00,178781.587,179281.663,178573.428,179231.12,150,68633,0
2026-08-16 07:20:00+00:00,179222.108,179450.766,178520.935,178817.587,150,68633,0
2026-08-16 07:25:00+00:00,178764.708,179119.341,178627.318,178703.323,150,68633,0
2026-08-16 07:30:00+00:00,178681.745,178864.151,178336.258,178402.191,150,68633,0
2026-08-16 07:35:00+00:00,178379.585,178379.585,177680.899,177811.75,150,68633,0
2026-08-16 07:40:00+00:00,177757.967,177757.967,176854.531,176971.752,150,68633,0
2026-08-16 07:45:00+00:00,176958.517,177259.635,176731.276,177044.979,150,68633,0
2026-08-16 07:50:00+00:00,177089.762,177675.108,176914.243,177178.791,150,68633,0
2026-08-16 07:55:00+00:00,177147.576,177400.241,176791.01,176840.212,150,68633,0
2026-08-16 08:00:00+00:00,176844.968,177153.165,176761.677,176993.619,150,68633,0
2026-08-16 08:05:00+00:00,176997.105,177920.095,176900.706,177872.85,150,68633,0
2026-08-16 08:10:00+00:00,177880.552,178107.212,177611.068,177954.723,150,68633,0
2026-08-16 08:15:00+00:00,177891.148,178463.528,177883.839,178045.151,150,68633,0
2026-08-16 08:20:00+00:00,178039.123,178039.123,177213.96,177966.846,150,68633,0
2026-08-16 08:25:00+00:00,177904.508,178047.947,177300.006,177895.646,150,68633,0
2026-08-16 08:30:00+00:00,177906.091,178218.387,177703.675,177733.142,150,68633,0
2026-08-16 08:35:00+00:00,177776.226,178071.46,177568.057,177966.704,150,68633,0
2026-08-16 08:40:00+00:00,177987.496,178382.332,177629.274,177699.949,150,68633,0
2026-08-16 08:45:00+00:00,177669.771,177817.198,176780.329,176871.573,149,68633,0
2026-08-16 08:50:00+00:00,176924.506,177262.104,176682.579,177156.483,150,68633,0
2026-08-16 08:55:00+00:00,177094.02,177413.866,177063.207,177144.661,150,68633,0
2026-08-16 09:00:00+00:00,177151.06,177503.684,176830.636,176849.616,150,68633,0
2026-08-16 09:05:00+00:00,176794.432,177302.081,176590.239,177184.932,150,68633,0
2026-08-16 09:10:00+00:00,177199.628,177738.158,176888.63,177584.183,150,68633,0
2026-08-16 09:15:00+00:00,177538.052,178712.034,177538.052,178633.546,150,68633,0
2026-08-16 09:20:00+00:00,178629.672,179388.278,178492.472,179345.811,150,68633,0
2026-08-16 09:25:00+00:00,179321.297,179737.879,179164.613,179690.271,150,68633,0
2026-08-16 09:30:00+00:00,179676.226,180174.309,179574.313,179684.716,150,68633,0
2026-08-16 09:35:00+00:00,179715.711,180477.216,179631.434,180477.216,150,68633,0
2026-08-16 09:40:00+00:00,180511.087,180596.769,180083.288,180405.533,150,68633,0
2026-08-16 09:45:00+00:00,180356.276,180458.79,179928.668,180092.076,150,68633,0
2026-08-16 09:50:00+00:00,180018.924,180183.459,179707.759,179725.363,150,68633,0
2026-08-16 09:55:00+00:00,179684.157,180196.705,179599.482,179599.482,150,68633,0
2026-08-16 10:00:00+00:00,179633.553,179764.203,179176.462,179348.953,150,68633,0
2026-08-16 10:05:00+00:00,179316.597,179622.924,179102.617,179450.65,150,68633,0
2026-08-16 10:10:00+00:00,179439.813,180142.092,179340.195,180091.981,150,68633,0
2026-08-16 10:15:00+00:00,180094.216,180759.419,180078.533,180565.7,150,68633,0
2026-08-16 10:20:00+00:00,180513.274,181062.912,180380.578,180920.882,150,68633,0
2026-08-16 10:25:00+00:00,180936.97,181121.956,180565.987,180781.432,149,68633,0
2026-08-16 10:30:00+00:00,180723.437,181372.71,180568.568,180884.61,150,68633,0
2026-08-16 10:35:00+00:00,180922.658,181103.477,180232.664,180232.664,150,68633,0
2026-08-16 10:40:00+00:00,180248.308,181101.323,180220.715,180977.603,150,68633,0
2026-08-16 10:45:00+00:00,180998.931,181194.961,180759.479,180917.078,150,68633,0
2026-08-16 10:50:00+00:00,180849.85,180946.468,179845.418,180349.049,150,68633,0
2026-08-16 10:55:00+00:00,180347.161,181095.002,180085.073,180440.771,150,68633,0
2026-08-16 11:00:00+00:00,180453.797,180962.544,180307.438,180336.673,150,68633,0
2026-08-16 11:05:00+00:00,180318.822,181141.173,180236.377,180664.622,150,68633,0
2026-08-16 11:10:00+00:00,180671.345,181321.203,180457.899,180457.899,150,68633,0
2026-08-16 11:15:00+00:00,180411.944,180639.039,179878.85,180022.72,150,68633,0
2026-08-16 11:20:00+00:00,179947.523,181268.769,179751.776,181245.319,150,68633,0
2026-08-16 11:25:00+00:00,181162.45,181777.336,181137.317,181221.814,150,68633,0
2026-08-16 11:30:00+00:00,181170.939,181561.204,181079.486,181224.406,150,68633,0
2026-08-16 11:35:00+00:00,181234.251,181495.008,180951.86,180996.765,150,68633,0
2026-08-16 11:40:00+00:00,180998.539,181193.782,180805.46,180921.188,150,68633,0
2026-08-16 11:45:00+00:00,180889.398,181548.492,180854.021,181395.708,150,68633,0
2026-08-16 11:50:00+00:00,181451.681,181451.681,180730.936,181067.014,150,68633,0
2026-08-16 11:55:00+00:00,181020.009,181539.053,180347.118,181438.78,150,68633,0
2026-08-16 12:00:00+00:00,181468.702,181716.376,180946.497,181545.13,150,68633,0
2026-08-16 12:05:00+00:00,181588.739,181640.756,180885.557,181008.021,150,68633,0
2026-08-16 12:10:00+00:00,181013.819,181288.942,180784.428,181189.036,150,68633,0
2026-08-16 12:15:00+00:00,181220.031,181901.709,180914.375,181564.991,150,68633,0
2026-08-16 12:20:00+00:00,181606.552,182504.098,181602.21,182504.098,150,68633,0
2026-08-16 12:25:00+00:00,182544.726,182892.765,182109.755,182417.556,150,68633,0
2026-08-16 12:30:00+00:00,182380.054,182721.655,182128.147,182624.118,150,68633,0
2026-08-16 12:35:00+00:00,182584.617,182704.725,181966.534,182276.3,150,68633,0
2026-08-16 12:40:00+00:00,182340.941,182593.979,181637.236,181878.313,150,68633,0
2026-08-16 12:45:00+00:00,181811.631,182705.579,181772.208,182565.076,150,68633,0
2026-08-16 12:50:00+00:00,182597.036,182895.076,182274.265,182831.411,150,68633,0
2026-08-16 12:55:00+00:00,182843.65,183258.019,182351.696,183067.101,150,68633,0
2026-08-16 13:00:00+00:00,183166.605,183928.547,183020.953,183792.197,150,68633,0
2026-08-16 13:05:00+00:00,183766.836,184461.592,183653.915,184430.449,150,68633,0
2026-08-16 13:10:00+00:00,184405.089,185101.601,184364.015,184772.785,150,68633,0
2026-08-16 13:15:00+00:00,184807.014,185044.053,184625.387,184651.025,150,68633,0
2026-08-16 13:20:00+00:00,184688.097,184898.803,184422.147,184770.479,150,68633,0
2026-08-16 13:25:00+00:00,184838.431,185168.826,184409.417,184990.074,150,68633,0
2026-08-16 13:30:00+00:00,185024.278,185565.326,184851.294,185565.326,150,68633,0
2026-08-16 13:35:00+00:00,185573.131,186297.251,185433.012,186234.02,150,68633,0
2026-08-16 13:40:00+00:00,186249.479,186334.526,185523.104,185866.396,150,68633,0
2026-08-16 13:45:00+00:00,185805.697,186407.691,185732.878,186305.417,150,68633,0
2026-08-16 13:50:00+00:00,186322.061,188020.423,186312.946,188020.423,150,68633,0
2026-08-16 13:55:00+00:00,187994.382,188333.893,187656.224,188159.705,150,68633,0
2026-08-16 14:00:00+00:00,188118.084,188819.252,188047.3,188755.317,150,68633,0
2026-08-16 14:05:00+00:00,188768.827,189105.19,188381.94,188486.165,150,68633,0
2026-08-16 14:10:00+00:00,188476.932,188578.986,186923.033,186931.644,150,68633,0
2026-08-16 14:15:00+00:00,186927.65,187000.711,186537.223,187000.711,150,68633,0
2026-08-16 14:20:00+00:00,187020.787,187156.629,186728.96,187012.426,150,68633,0
2026-08-16 14:25:00+00:00,186968.945,187679.978,186880.343,187679.978,150,68633,0
2026-08-16 14:30:00+00:00,187688.159,188270.992,187412.559,187412.559,150,68633,0
2026-08-16 14:35:00+00:00,187382.072,188425.387,187382.072,188422.057,150,68633,0
2026-08-16 14:40:00+00:00,188409.948,188986.003,188339.472,188367.319,150,68633,0
2026-08-16 14:45:00+00:00,188359.19,188764.644,188007.525,188615.68,150,68633,0
2026-08-16 14:50:00+00:00,188631.072,189089.278,188466.931,188929.837,150,68633,0
2026-08-16 14:55:00+00:00,188916.921,189100.319,188750.944,188874.287,150,68633,0
2026-08-16 15:00:00+00:00,188816.064,189262.094,188342.488,188991.595,150,68633,0
2026-08-16 15:05:00+00:00,189042.308,189422.83,188867.469,189334.929,150,68633,0
2026-08-16 15:10:00+00:00,189346.186,190023.207,189219.813,189817.004,150,68633,0
2026-08-16 15:15:00+00:00,189861.421,190004.425,188307.043,188433.297,150,68633,0
2026-08-16 15:20:00+00:00,188466.9,189000.057,188271.541,188994.971,150,68633,0
2026-08-16 15:25:00+00:00,188962.219,188962.219,188323.654,188518.934,150,68633,0
2026-08-16 15:30:00+00:00,188566.388,189161.997,188489.754,188741.914,150,68633,0
2026-08-16 15:35:00+00:00,188722.727,188845.774,187856.239,188055.245,150,68633,0
2026-08-16 15:40:00+00:00,188044.661,188109.636,187527.11,187673.962,150,68633,0
2026-08-16 15:45:00+00:00,187675.457,187675.457,187087.285,187156.381,150,68633,0
2026-08-16 15:50:00+00:00,187158.686,187294.247,186411.56,186526.487,150,68633,0
2026-08-16 15:55:00+00:00,186547.035,186875.211,186456.51,186560.386,150,68633,0
2026-08-16 16:00:00+00:00,186590.523,186763.422,186379.379,186517.568,150,68633,0
2026-08-16 16:05:00+00:00,186541.533,186723.668,185522.804,185814.075,150,68633,0
2026-08-16 16:10:00+00:00,185843.921,186306.583,185638.969,185734.81,150,68633,0
2026-08-16 16:15:00+00:00,185723.5,185832.03,185351.106,185628.109,150,68633,0
2026-08-16 16:20:00+00:00,185653.089,186066.562,185069.749,185440.787,150,68633,0
2026-08-16 16:25:00+00:00,185413.204,186153.22,185379.878,186135.248,150,68633,0
2026-08-16 16:30:00+00:00,186122.322,186669.852,186038.773,186644.348,150,68633,0
2026-08-16 16:35:00+00:00,186623.203,186623.203,186083.86,186169.109,150,68633,0
2026-08-16 16:40:00+00:00,186178.66,186178.66,185615.873,185958.586,150,68633,0
2026-08-16 16:45:00+00:00,185931.682,186853.176,185835.391,186794.31,150,68633,0
2026-08-16 16:50:00+00:00,186800.88,187137.16,186459.313,187107.917,150,68633,0
2026-08-16 16:55:00+00:00,187042.51,187571.034,186890.59,187118.019,150,68633,0
2026-08-16 17:00:00+00:00,187079.723,187115.045,186189.11,186381.608,150,68633,0
2026-08-16 17:05:00+00:00,186421.324,186454.652,185262.725,185381.27,150,68633,0
2026-08-16 17:10:00+00:00,185307.588,185693.559,184823.027,185539.951,150,68633,0
2026-08-16 17:15:00+00:00,185576.141,186519.243,185516.521,186395.268,150,68633,0
2026-08-16 17:20:00+00:00,186333.791,186962.485,186333.791,186675.406,150,68633,0
2026-08-16 17:25:00+00:00,186718.587,186718.587,185386.344,185499.959,150,68633,0
2026-08-16 17:30:00+00:00,185437.052,185987.338,185437.052,185493.787,150,68633,0
2026-08-16 17:35:00+00:00,185532.462,185923.045,185248.47,185248.47,150,68633,0
2026-08-16 17:40:00+00:00,185210.914,185383.085,184511.151,184635.332,150,68633,0
2026-08-16 17:45:00+00:00,184638.578,185375.338,184635.453,185152.483,150,68633,0
2026-08-16 17:50:00+00:00,185165.93,185559.555,184992.964,185340.132,150,68633,0
2026-08-16 17:55:00+00:00,185353.646,185751.773,185025.24,185355.505,150,68633,0
2026-08-16 18:00:00+00:00,185431.395,185819.3,185156.406,185732.613,150,68633,0
2026-08-16 18:05:00+00:00,185701.475,186228.295,185529.483,185665.184,150,68633,0
2026-08-16 18:10:00+00:00,185731.587,185954.961,184958.675,185116.46,150,68633,0
2026-08-16 18:15:00+00:00,185069.457,185273.732,184416.413,184438.677,150,68633,0
2026-08-16 18:20:00+00:00,184493.351,184700.043,184150.108,184638.152,150,68633,0
2026-08-16 18:25:00+00:00,184685.721,185337.762,184592.882,184592.882,150,68633,0
2026-08-16 18:30:00+00:00,184564.927,185222.49,184431.75,184577.206,150,68633,0
2026-08-16 18:35:00+00:00,184597.99,185088.521,184216.926,184811.152,150,68633,0
2026-08-16 18:40:00+00:00,184750.705,184798.796,184016.421,184540.506,150,68633,0
2026-08-16 18:45:00+00:00,184532.933,184593.709,183648.449,184044.612,150,68633,0
2026-08-16 18:50:00+00:00,183986.201,184076.864,183430.656,183510.063,150,68633,0
2026-08-16 18:55:00+00:00,183486.763,183547.307,182839.237,183388.617,150,68633,0
2026-08-16 19:00:00+00:00,183335.239,184282.301,183325.168,184238.15,150,68633,0
2026-08-16 19:05:00+00:00,184296.225,184877.384,184057.505,184362.212,150,68633,0
2026-08-16 19:10:00+00:00,184345.556,184649.381,183856.721,184357.725,150,68633,0
2026-08-16 19:15:00+00:00,184315.692,184434.402,183882.101,184186.35,150,68633,0
2026-08-16 19:20:00+00:00,184131.67,184211.351,183893.634,183903.209,150,68633,0
2026-08-16 19:25:00+00:00,183968.244,185486.992,183882.302,185463.814,150,68633,0
2026-08-16 19:30:00+00:00,185457.514,185720.163,185005.971,185678.768,150,68633,0
2026-08-16 19:35:00+00:00,185577.852,186585.037,185546.403,186071.219,150,68633,0
2026-08-16 19:40:00+00:00,186061.956,186653.734,185838.497,185910.12,150,68633,0
2026-08-16 19:45:00+00:00,185865.198,186055.645,185238.031,185691.28,150,68633,0
2026-08-16 19:50:00+00:00,185744.777,185772.484,185161.77,185293.683,150,68633,0
2026-08-16 19:55:00+00:00,185335.817,185711.274,185275.17,185327.969,150,68633,0
2026-08-16 20:00:00+00:00,185271.599,185513.3,184948.769,185110.68,150,68633,0
2026-08-16 20:05:00+00:00,185057.201,185239.448,184582.895,184582.895,150,68633,0
2026-08-16 20:10:00+00:00,184620.503,185080.76,184384.09,185068.754,150,68633,0
2026-08-16 20:15:00+00:00,185054.285,185092.138,184054.917,184253.851,150,68633,0
2026-08-16 20:20:00+00:00,184268.972,184390.786,183676.178,183748.002,150,68633,0
2026-08-16 20:25:00+00:00,183753.07,184038.114,183308.499,184038.114,150,68633,0
2026-08-16 20:30:00+00:00,183989.551,183989.551,183296.458,183703.174,150,68633,0
2026-08-16 20:35:00+00:00,183695.731,183695.731,183114.471,183460.383,150,68633,0
2026-08-16 20:40:00+00:00,183460.61,183795.368,183342.359,183342.359,150,68633,0
2026-08-16 20:45:00+00:00,183341.642,183645.556,182969.182,183517.56,150,68633,0
2026-08-16 20:50:00+00:00,183541.848,183722.395,183244.655,183461.651,150,68633,0
2026-08-16 20:55:00+00:00,183419.277,183952.664,183214.114,183727.349,150,68633,0
2026-08-16 21:00:00+00:00,183692.784,184197.722,183573.824,183743.29,150,68633,0
2026-08-16 21:05:00+00:00,183743.57,183952.825,183130.894,183427.764,150,68633,0
2026-08-16 21:10:00+00:00,183457.243,184569.31,183457.243,184158.099,150,68633,0
2026-08-16 21:15:00+00:00,184191.122,184212.572,183672.614,183904.629,150,68633,0
2026-08-16 21:20:00+00:00,183847.556,183864.53,183495.384,183564.847,150,68633,0
2026-08-16 21:25:00+00:00,183549.917,184043.671,183430.947,183896.584,150,68633,0
2026-08-16 21:30:00+00:00,183883.486,183904.15,183294.918,183390.338,150,68633,0
2026-08-16 21:35:00+00:00,183413.995,184188.404,183197.714,184097.654,150,68633,0
2026-08-16 21:40:00+00:00,184037.878,184150.393,183563.724,183563.724,150,68633,0
2026-08-16 21:45:00+00:00,183539.739,183761.154,183341.714,183519.985,150,68633,0
2026-08-16 21:50:00+00:00,183494.247,183588.813,182618.397,182719.582,150,68633,0
2026-08-16 21:55:00+00:00,182765.018,183920.472,182765.018,183860.799,150,68633,0
2026-08-16 22:00:00+00:00,183873.373,184259.86,183475.427,183865.495,150,68633,0
2026-08-16 22:05:00+00:00,183934.904,184323.743,183670.935,183726.684,150,68633,0
2026-08-16 22:10:00+00:00,183710.364,183960.038,183497.708,183824.911,150,68633,0
2026-08-16 22:15:00+00:00,183854.757,183974.243,183458.913,183919.879,150,68633,0
2026-08-16 22:20:00+00:00,183885.6,184123.95,183264.639,184067.947,150,68633,0
2026-08-16 22:25:00+00:00,184071.003,184795.533,184008.634,184561.77,150,68633,0
2026-08-16 22:30:00+00:00,184527.612,184951.376,184327.829,184849.246,150,68633,0
2026-08-16 22:35:00+00:00,184794.08,184845.662,183804.756,184021.4,150,68633,0
2026-08-16 22:40:00+00:00,184050.84,184355.684,183606.241,184154.312,150,68633,0
2026-08-16 22:45:00+00:00,184067.528,184067.528,183531.316,183592.617,150,68633,0
2026-08-16 22:50:00+00:00,183548.827,183736.447,182816.031,182985.299,150,68633,0
2026-08-16 22:55:00+00:00,182890.721,183013.699,182561.469,182675.997,150,68633,0
2026-08-16 23:00:00+00:00,182656.289,183374.251,182434.364,183366.71,150,68633,0
2026-08-16 23:05:00+00:00,183380.7,183769.128,182792.096,183769.128,150,68633,0
2026-08-16 23:10:00+00:00,183770.557,183801.738,183176.248,183492.127,150,68633,0
2026-08-16 23:15:00+00:00,183457.752,184225.064,183172.074,184114.649,150,68633,0
2026-08-16 23:20:00+00:00,184122.651,184453.31,184018.421,184108.191,150,68633,0
2026-08-16 23:25:00+00:00,184143.15,184791.362,184143.15,184714.617,150,68633,0
2026-08-16 23:30:00+00:00,184680.719,185780.569,184605.738,185651.087,150,68633,0
2026-08-16 23:35:00+00:00,185668.715,185915.005,185249.879,185291.058,150,68633,0
2026-08-16 23:40:00+00:00,185343.673,186035.751,185292.81,185870.758,150,68633,0
2026-08-16 23:45:00+00:00,185818.634,185950.991,185465.845,185598.025,150,68633,0
2026-08-16 23:50:00+00:00,185579.783,186223.128,185337.806,185975.359,150,68633,0
2026-08-16 23:55:00+00:00,186001.108,186490.96,185922.871,186302.191,150,68633,0
2026-08-17 00:00:00+00:00,186301.398,186800.278,186117.211,186380.552,150,68633,0
2026-08-17 00:05:00+00:00,186451.508,186872.386,186161.977,186490.033,150,68633,0
2026-08-17 00:10:00+00:00,186508.014,186651.464,186086.721,186436.409,150,68633,0
2026-08-17 00:15:00+00:00,186466.252,186466.252,185827.365,185925.134,150,68633,0
2026-08-17 00:20:00+00:00,185981.276,186277.098,185772.375,186062.019,150,68633,0
2026-08-17 00:25:00+00:00,186094.269,186899.613,186094.269,186679.027,150,68633,0
2026-08-17 00:30:00+00:00,186717.838,186811.558,185904.982,185984.092,150,68633,0
2026-08-17 00:35:00+00:00,186047.131,186761.781,186047.131,186740.127,150,68633,0
2026-08-17 00:40:00+00:00,186724.354,187301.452,186378.662,187138.139,150,68633,0
2026-08-17 00:45:00+00:00,187083.041,187961.306,186901.359,187961.306,150,68633,0
2026-08-17 00:50:00+00:00,187941.109,187941.644,187217.62,187357.965,150,68633,0
2026-08-17 00:55:00+00:00,187318.776,187591.924,187087.497,187419.315,150,68633,0
2026-08-17 01:00:00+00:00,187411.173,187666.258,187105.897,187666.258,150,68633,0
2026-08-17 01:05:00+00:00,187628.259,188292.516,187467.469,188268.994,150,68633,0
2026-08-17 01:10:00+00:00,188295.114,188747.13,187837.377,188089.276,150,68633,0
2026-08-17 01:15:00+00:00,188137.986,188137.986,187539.058,187689.473,150,68633,0
2026-08-17 01:20:00+00:00,187666.976,188017.77,187449.624,187449.624,150,68633,0
2026-08-17 01:25:00+00:00,187461.277,187590.674,187119.354,187361.124,150,68633,0
2026-08-17 01:30:00+00:00,187359.247,187704.355,187080.025,187421.785,150,68633,0
2026-08-17 01:35:00+00:00,187454.365,188201.019,187285.519,187736.767,150,68633,0
2026-08-17 01:40:00+00:00,187694.797,188034.649,187503.237,187695.874,150,68633,0
2026-08-17 01:45:00+00:00,187726.96,188603.594,187697.314,188256.208,150,68633,0
2026-08-17 01:50:00+00:00,188303.437,188997.179,188148.859,188865.14,150,68633,0
2026-08-17 01:55:00+00:00,188867.661,189378.934,188694.643,189174.568,150,68633,0
2026-08-17 02:00:00+00:00,189154.436,189154.436,188429.108,188429.108,150,68633,0
2026-08-17 02:05:00+00:00,188400.193,188524.813,187934.207,188108.626,150,68633,0
2026-08-17 02:10:00+00:00,188107.343,188144.266,187429.132,187600.27,150,68633,0
2026-08-17 02:15:00+00:00,187570.15,187599.367,186677.464,186677.464,150,68633,0
2026-08-17 02:20:00+00:00,186669.74,186863.764,186450.887,186658.915,150,68633,0
2026-08-17 02:25:00+00:00,186658.861,186886.714,186271.835,186409.842,150,68633,0
2026-08-17 02:30:00+00:00,186392.776,187002.661,185721.879,185721.879,150,68633,0
2026-08-17 02:35:00+00:00,185737.131,186484.138,185527.665,186345.73,150,68633,0
2026-08-17 02:40:00+00:00,186357.447,186604.741,186030.739,186063.246,150,68633,0
2026-08-17 02:45:00+00:00,186061.405,187150.56,185855.496,186752.895,150,68633,0
2026-08-17 02:50:00+00:00,186797.888,187027.807,185925.234,186217.915,150,68633,0
2026-08-17 02:55:00+00:00,186205.532,186312.413,185517.055,185566.887,150,68633,0
2026-08-17 03:00:00+00:00,185525.513,185837.272,185402.159,185558.738,150,68633,0
2026-08-17 03:05:00+00:00,185465.091,185884.766,185392.603,185741.038,150,68633,0
2026-08-17 03:10:00+00:00,185717.439,185774.385,185198.888,185443.745,150,68633,0
2026-08-17 03:15:00+00:00,185376.794,186201.552,185137.092,185845.403,150,68633,0
2026-08-17 03:20:00+00:00,185865.063,186732.395,185677.34,185924.384,150,68633,0
2026-08-17 03:25:00+00:00,185952.264,186881.846,185884.512,186709.275,150,68633,0
2026-08-17 03:30:00+00:00,186736.979,186895.924,186404.267,186766.426,150,68633,0
2026-08-17 03:35:00+00:00,186827.646,187594.906,186664.153,187417.375,150,68633,0
2026-08-17 03:40:00+00:00,187414.212,187527.189,186981.812,187122.777,150,68633,0
2026-08-17 03:45:00+00:00,187122.687,187933.549,186885.511,187823.319,150,68633,0
2026-08-17 03:50:00+00:00,187806.945,188378.024,187454.42,188081.26,150,68633,0
2026-08-17 03:55:00+00:00,188166.861,189115.509,188161.466,188650.624,150,68633,0
2026-08-17 04:00:00+00:00,188671.834,188894.504,188478.2,188704.117,150,68633,0
2026-08-17 04:05:00+00:00,188768.865,188922.09,187322.82,187443.526,150,68633,0
2026-08-17 04:10:00+00:00,187434.371,187684.492,186610.394,187145.007,150,68633,0
2026-08-17 04:15:00+00:00,187201.204,187219.154,185806.703,185808.214,150,68633,0
2026-08-17 04:20:00+00:00,185794.211,186104.359,185608.251,185839.712,150,68633,0
2026-08-17 04:25:00+00:00,185825.971,186384.242,185635.378,186298.642,150,68633,0
2026-08-17 04:30:00+00:00,186229.597,186807.114,186030.654,186534.537,150,68633,0
2026-08-17 04:35:00+00:00,186499.149,187102.216,186182.613,186350.239,150,68633,0
2026-08-17 04:40:00+00:00,186251.602,186432.183,185880.282,185984.822,150,68633,0
2026-08-17 04:45:00+00:00,185977.095,186045.126,185433.728,185651.892,150,68633,0
2026-08-17 04:50:00+00:00,185626.422,186129.596,185472.41,185663.731,150,68633,0
2026-08-17 04:55:00+00:00,185685.665,186181.725,185516.028,185701.974,150,68633,0
2026-08-17 05:00:00+00:00,185655.013,185711.239,185076.675,185095.846,150,68633,0
2026-08-17 05:05:00+00:00,185142.049,185208.25,184538.122,185062.264,150,68633,0
2026-08-17 05:10:00+00:00,184986.745,185489.753,184877.412,185438.799,150,68633,0
2026-08-17 05:15:00+00:00,185456.321,185541.998,185146.31,185355.068,150,68633,0
2026-08-17 05:20:00+00:00,185395.399,186305.147,185094.334,186178.616,150,68633,0
2026-08-17 05:25:00+00:00,186100.119,186532.461,185972.563,186462.629,150,68633,0
2026-08-17 05:30:00+00:00,186455.539,186555.151,185659.625,186555.151,150,68633,0
2026-08-17 05:35:00+00:00,186573.677,186942.696,186277.467,186719.554,150,68633,0
2026-08-17 05:40:00+00:00,186716.469,187559.464,186598.072,187508.255,150,68633,0
2026-08-17 05:45:00+00:00,187517.16,188838.857,187517.16,188838.857,150,68633,0
2026-08-17 05:50:00+00:00,188848.224,188882.686,187954.463,187969.134,150,68633,0
2026-08-17 05:55:00+00:00,188024.588,188632.388,188018.624,188069.691,150,68633,0
2026-08-17 06:00:00+00:00,187940.893,188322.713,187619.602,188100.622,150,68633,0
2026-08-17 06:05:00+00:00,188067.062,189048.939,187961.008,189013.818,150,68633,0
2026-08-17 06:10:00+00:00,189047.393,189360.952,188747.081,189308.547,150,68633,0
2026-08-17 06:15:00+00:00,189321.364,189906.451,189321.364,189865.277,150,68633,0
2026-08-17 06:20:00+00:00,189913.081,190062.696,189503.024,189982.68,150,68633,0
2026-08-17 06:25:00+00:00,190008.946,190230.37,189827.166,190082.932,150,68633,0
2026-08-17 06:30:00+00:00,190097.49,190097.49,188948.797,188960.791,150,68633,0
2026-08-17 06:35:00+00:00,188986.803,189032.563,188637.616,188800.453,150,68633,0
2026-08-17 06:40:00+00:00,188831.764,189335.741,188398.682,188951.785,150,68633,0
2026-08-17 06:45:00+00:00,188969.706,189151.752,188640.81,188813.338,150,68633,0
2026-08-17 06:50:00+00:00,188796.813,189402.675,188732.1,189254.191,150,68633,0
2026-08-17 06:55:00+00:00,189302.078,189574.437,188471.159,188622.954,150,68633,0
2026-08-17 07:00:00+00:00,188629.235,188936.939,188203.745,188831.613,150,68633,0
2026-08-17 07:05:00+00:00,188838.003,188838.003,188236.896,188254.268,150,68633,0
2026-08-17 07:10:00+00:00,188212.141,188837.608,188052.293,188592.544,150,68633,0
2026-08-17 07:15:00+00:00,188564.745,188675.426,187877.278,187959.944,150,68633,0
2026-08-17 07:20:00+00:00,187844.047,187973.496,186567.069,186838.613,150,68633,0
2026-08-17 07:25:00+00:00,186797.845,186884.183,186003.752,186028.762,150,68633,0
2026-08-17 07:30:00+00:00,185989.483,186063.226,185719.084,186059.774,150,68633,0
2026-08-17 07:35:00+00:00,186022.044,186819.596,186022.044,186473.531,150,68633,0
2026-08-17 07:40:00+00:00,186462.211,186545.127,185593.658,185739.577,150,68633,0
2026-08-17 07:45:00+00:00,185733.194,185792.063,185349.724,185681.979,150,68633,0
2026-08-17 07:50:00+00:00,185704.153,186451.588,185603.179,186451.588,150,68633,0
2026-08-17 07:55:00+00:00,186416.001,186846.303,186243.234,186646.715,150,68633,0
2026-08-17 08:00:00+00:00,186605.594,187001.852,186369.777,186534.882,150,68633,0
2026-08-17 08:05:00+00:00,186607.478,187035.638,186329.072,186493.751,150,68633,0
2026-08-17 08:10:00+00:00,186525.212,186746.05,186075.162,186374.313,150,68633,0
2026-08-17 08:15:00+00:00,186385.603,186703.673,186121.703,186433.741,150,68633,0
2026-08-17 08:20:00+00:00,186364.258,186847.477,186066.629,186768.699,150,68633,0
2026-08-17 08:25:00+00:00,186745.993,187295.026,186559.984,187273.708,150,68633,0
2026-08-17 08:30:00+00:00,187284.825,187794.856,187136.738,187168.222,150,68633,0
2026-08-17 08:35:00+00:00,187173.081,187906.979,186942.211,187008.407,150,68633,0
2026-08-17 08:40:00+00:00,187021.533,188315.466,186766.314,187899.81,150,68633,0
2026-08-17 08:45:00+00:00,187874.208,188406.899,187746.797,188010.072,150,70328,0
2026-08-17 08:50:00+00:00,188074.942,188312.862,187447.298,188240.908,150,70328,0
2026-08-17 08:55:00+00:00,188277.361,188976.353,187843.193,188732.387,150,70328,0
2026-08-17 09:00:00+00:00,188722.522,189243.02,188297.266,189157.788,150,70328,0
2026-08-17 09:05:00+00:00,189158.447,189456.77,188859.784,189161.779,150,70328,0
2026-08-17 09:10:00+00:00,189119.606,189334.284,188336.077,188364.926,150,70328,0
2026-08-17 09:15:00+00:00,188387.603,188673.817,188003.165,188656.083,150,70328,0
2026-08-17 09:20:00+00:00,188706.848,188983.033,188310.04,188657.19,150,70328,0
2026-08-17 09:25:00+00:00,188717.81,189307.41,188692.721,189174.779,150,70328,0
2026-08-17 09:30:00+00:00,189163.939,189496.87,188508.164,189337.469,150,70328,0
2026-08-17 09:35:00+00:00,189245.436,189441.716,189001.889,189170.65,150,70328,0
2026-08-17 09:40:00+00:00,189149.336,189601.864,189047.24,189112.237,150,70328,0
2026-08-17 09:45:00+00:00,189178.509,189848.994,189022.128,189722.36,150,70328,0
2026-08-17 09:50:00+00:00,189767.607,189805.359,189206.892,189416.42,150,70328,0
2026-08-17 09:55:00+00:00,189436.074,189640.093,189065.547,189429.487,150,70328,0
2026-08-17 10:00:00+00:00,189320.69,189428.597,188652.186,189206.976,150,70328,0
2026-08-17 10:05:00+00:00,189245.335,190287.583,189200.527,189900.571,150,70328,0
2026-08-17 10:10:00+00:00,189933.56,190492.232,189933.56,190373.755,150,70328,0
2026-08-17 10:15:00+00:00,190401.071,190966.566,190303.317,190884.498,150,70328,0
2026-08-17 10:20:00+00:00,190894.727,190894.727,189917.117,189917.117,150,70328,0
2026-08-17 10:25:00+00:00,189914.186,189958.821,188962.228,189228.141,150,70328,0
2026-08-17 10:30:00+00:00,189352.963,189352.963,188244.618,188365.639,150,70328,0
2026-08-17 10:35:00+00:00,188397.258,188503.558,187686.983,188146.874,150,70328,0
2026-08-17 10:40:00+00:00,188127.943,188731.616,187895.548,188005.438,150,70328,0
2026-08-17 10:45:00+00:00,188012.895,188117.228,187586.698,187690.112,150,70328,0
2026-08-17 10:50:00+00:00,187669.952,188085.767,187276.228,187765.918,150,70328,0
2026-08-17 10:55:00+00:00,187746.961,187903.814,187028.679,187385.28,150,70328,0
2026-08-17 11:00:00+00:00,187352.663,188917.554,187194.194,188852.157,150,70328,0
2026-08-17 11:05:00+00:00,188810.397,189361.601,188802.335,189225.92,150,70328,0
2026-08-17 11:10:00+00:00,189114.439,189114.439,188171.92,188563.848,150,70328,0
2026-08-17 11:15:00+00:00,188507.96,189141.42,188397.044,188972.789,150,70328,0
2026-08-17 11:20:00+00:00,189014.244,189550.737,188395.197,188737.747,150,70328,0
2026-08-17 11:25:00+00:00,188777.821,188844.906,188123.778,188744.433,150,70328,0
2026-08-17 11:30:00+00:00,188735.304,189294.592,188064.543,189294.592,150,70328,0
2026-08-17 11:35:00+00:00,189252.859,190087.236,189162.68,189761.369,150,70328,0
2026-08-17 11:40:00+00:00,189748.989,189891.798,189254.21,189545.945,150,70328,0
2026-08-17 11:45:00+00:00,189608.516,190418.098,189605.88,190140.289,150,70328,0
2026-08-17 11:50:00+00:00,190090.547,190186.96,189209.211,189388.703,150,70328,0
2026-08-17 11:55:00+00:00,189460.323,189787.566,189295.273,189608.058,150,70328,0
2026-08-17 12:00:00+00:00,189600.898,190052.296,189424.63,189939.012,150,70328,0
2026-08-17 12:05:00+00:00,189964.941,190590.294,189849.078,190540.029,150,70328,0
2026-08-17 12:10:00+00:00,190546.279,191190.007,190546.279,191022.627,150,70328,0
2026-08-17 12:15:00+00:00,191069.452,191268.896,190170.307,190640.569,150,70328,0
2026-08-17 12:20:00+00:00,190668.901,191239.824,190532.205,190965.002,150,70328,0
2026-08-17 12:25:00+00:00,190980.435,191303.396,190205.938,190563.018,150,70328,0
2026-08-17 12:30:00+00:00,190597.324,190597.324,189739.236,190195.508,150,70328,0
2026-08-17 12:35:00+00:00,190202.172,190897.848,189897.781,190887.228,150,70328,0
2026-08-17 12:40:00+00:00,190808.417,191033.473,190485.652,190616.168,150,70328,0
2026-08-17 12:45:00+00:00,190605.217,191381.51,190364.16,191201.456,150,70328,0
2026-08-17 12:50:00+00:00,191279.888,191279.888,189727.065,189909.673,150,70328,0
2026-08-17 12:55:00+00:00,189839.797,190011.271,189470.246,189695.126,150,70328,0
2026-08-17 13:00:00+00:00,189703.935,189810.104,188765.386,188765.386,150,70328,0
2026-08-17 13:05:00+00:00,188710.091,188927.822,188165.453,188470.506,150,70328,0
2026-08-17 13:10:00+00:00,188457.448,189058.021,188390.727,188854.587,150,70328,0
2026-08-17 13:15:00+00:00,188827.735,188996.413,188026.512,188126.939,150,70328,0
2026-08-17 13:20:00+00:00,188087.854,188087.854,187612.947,187802.272,150,70328,0
2026-08-17 13:25:00+00:00,187819.47,188684.243,187815.364,188587.971,150,70328,0
2026-08-17 13:30:00+00:00,188548.042,188709.364,188250.938,188566.499,150,70328,0
2026-08-17 13:35:00+00:00,188593.899,188808.425,187852.18,187886.419,150,70328,0
2026-08-17 13:40:00+00:00,187810.746,188496.637,187810.746,188058.041,150,70328,0
2026-08-17 13:45:00+00:00,188046.702,188160.57,187448.467,187577.852,150,70328,0
2026-08-17 13:50:00+00:00,187515.253,188173.012,187477.204,187655.18,150,70328,0
2026-08-17 13:55:00+00:00,187673.097,187790.016,187259.427,187295.34,150,70328,0
2026-08-17 14:00:00+00:00,187344.898,188009.755,187175.782,187752.322,150,70328,0
2026-08-17 14:05:00+00:00,187744.482,188136.176,187428.444,187610.397,150,70328,0
2026-08-17 14:10:00+00:00,187662.155,187753.988,186852.353,186933.337,150,70328,0
2026-08-17 14:15:00+00:00,186920.974,187447.75,186835.49,187034.095,150,70328,0
2026-08-17 14:20:00+00:00,187064.754,187923.826,187064.754,187225.548,150,70328,0
2026-08-17 14:25:00+00:00,187247.465,187388.236,186640.328,186671.37,150,70328,0
2026-08-17 14:30:00+00:00,186665.526,187089.981,186434.273,186692.126,150,70328,0
2026-08-17 14:35:00+00:00,186695.826,186695.826,185777.686,185935.304,150,70328,0
2026-08-17 14:40:00+00:00,185926.934,186750.435,185926.934,186345.383,150,70328,0
2026-08-17 14:45:00+00:00,186346.255,186409.426,185773.498,185816.149,150,70328,0
2026-08-17 14:50:00+00:00,185829.034,186090.12,185291.073,185291.073,150,70328,0
2026-08-17 14:55:00+00:00,185279.602,186343.852,185255.575,186172.325,150,70328,0
2026-08-17 15:00:00+00:00,186122.577,187010.989,185881.205,186677.455,150,70328,0
2026-08-17 15:05:00+00:00,186703.213,187855.805,186702.188,187330.202,150,70328,0
2026-08-17 15:10:00+00:00,187290.836,188402.45,187220.839,188372.467,150,70328,0
2026-08-17 15:15:00+00:00,188409.016,189493.775,188409.016,189202.121,150,70328,0
2026-08-17 15:20:00+00:00,189196.654,190068.254,189140.523,189888.652,150,70328,0
2026-08-17 15:25:00+00:00,189838.173,190809.216,189755.096,190380.799,150,70328,0
2026-08-17 15:30:00+00:00,190455.392,190969.205,190299.433,190801.445,150,70328,0
2026-08-17 15:35:00+00:00,190796.352,190871.501,190280.78,190524.345,150,70328,0
2026-08-17 15:40:00+00:00,190493.791,190982.394,190287.343,190508.216,150,70328,0
2026-08-17 15:45:00+00:00,190556.453,190905.594,190004.008,190905.594,150,70328,0
2026-08-17 15:50:00+00:00,190857.936,191060.556,190521.345,190746.229,150,70328,0
2026-08-17 15:55:00+00:00,190773.176,190773.176,189952.436,190538.385,150,70328,0
2026-08-17 16:00:00+00:00,190523.764,191203.656,190485.218,190751.114,150,70328,0
2026-08-17 16:05:00+00:00,190857.158,191083.719,190650.414,190674.773,150,70328,0
2026-08-17 16:10:00+00:00,190641.913,190641.913,189603.485,189820.984,150,70328,0
2026-08-17 16:15:00+00:00,189813.328,190172.743,189732.845,190044.376,150,70328,0
2026-08-17 16:20:00+00:00,190049.889,190055.279,189270.315,189272.775,150,70328,0
2026-08-17 16:25:00+00:00,189330.596,189486.812,188755.849,188870.797,150,70328,0
2026-08-17 16:30:00+00:00,188825.627,189791.865,188724.373,189521.419,150,70328,0
2026-08-17 16:35:00+00:00,189543.898,189819.712,189145.749,189412.382,150,70328,0
2026-08-17 16:40:00+00:00,189405.73,190574.69,189405.73,190365.987,150,70328,0
2026-08-17 16:45:00+00:00,190321.892,190460.355,189803.066,189804.257,150,70328,0
2026-08-17 16:50:00+00:00,189883.86,189954.534,189184.839,189360.241,150,70328,0
2026-08-17 16:55:00+00:00,189344.311,189378.627,188692.623,189219.406,150,70328,0
2026-08-17 17:00:00+00:00,189228.626,189944.206,189221.871,189880.417,150,70328,0
2026-08-17 17:05:00+00:00,189856.381,190114.677,189481.378,189803.848,150,70328,0
2026-08-17 17:10:00+00:00,189775.699,190590.572,189676.985,190465.847,150,70328,0
2026-08-17 17:15:00+00:00,190511.406,191193.295,190511.406,191155.323,150,70328,0
2026-08-17 17:20:00+00:00,191160.559,192394.306,191160.559,192355.576,150,70328,0
2026-08-17 17:25:00+00:00,192452.084,192507.115,191611.001,191801.06,150,70328,0
2026-08-17 17:30:00+00:00,191828.336,192745.583,191798.513,192638.73,150,70328,0
2026-08-17 17:35:00+00:00,192634.739,193503.692,192182.545,193356.449,150,70328,0
2026-08-17 17:40:00+00:00,193319.233,194051.588,193204.221,193461.669,150,70328,0
2026-08-17 17:45:00+00:00,193455.531,194710.111,193396.138,194516.831,150,70328,0
2026-08-17 17:50:00+00:00,194492.35,194844.769,194068.133,194078.041,150,70328,0
2026-08-17 17:55:00+00:00,194092.375,194898.112,194092.375,194506.499,150,70328,0
2026-08-17 18:00:00+00:00,194486.26,194580.555,194128.99,194540.56,150,70328,0
2026-08-17 18:05:00+00:00,194554.568,194717.923,193851.161,194018.873,150,70328,0
2026-08-17 18:10:00+00:00,194006.147,194109.931,193611.398,193662.934,150,70328,0
2026-08-17 18:15:00+00:00,193711.083,194060.046,193545.426,193859.495,150,70328,0
2026-08-17 18:20:00+00:00,193819.717,194499.942,193819.717,194301.224,150,70328,0
2026-08-17 18:25:00+00:00,194290.625,194882.398,194138.651,194518.338,150,70328,0
2026-08-17 18:30:00+00:00,194563.975,195554.469,194554.945,195315.259,150,70328,0
2026-08-17 18:35:00+00:00,195237.613,195611.455,195043.471,195143.027,150,70328,0
2026-08-17 18:40:00+00:00,195182.193,195514.061,195116.693,195157.186,150,70328,0
2026-08-17 18:45:00+00:00,195195.403,195728.201,194908.812,195448.57,150,70328,0
2026-08-17 18:50:00+00:00,195448.777,195717.506,195050.449,195050.449,150,70328,0
2026-08-17 18:55:00+00:00,195061.029,195249.901,193869.192,193936.853,150,70328,0
2026-08-17 19:00:00+00:00,194005.937,194060.399,193480.127,193642.687,150,70328,0
2026-08-17 19:05:00+00:00,193649.353,193856.205,192913.055,193186.861,150,70328,0
2026-08-17 19:10:00+00:00,193260.369,193733.923,192743.468,192798.652,150,70328,0
2026-08-17 19:15:00+00:00,192768.31,193051.082,192440.436,192492.616,150,70328,0
2026-08-17 19:20:00+00:00,192473.597,192532.803,191899.418,192022.45,150,70328,0
2026-08-17 19:25:00+00:00,192052.988,192090.296,191047.339,191047.339,150,70328,0
2026-08-17 19:30:00+00:00,191048.162,191078.107,189773.975,190048.535,150,70328,0
2026-08-17 19:35:00+00:00,190082.988,190108.831,189533.287,189918.34,149,70328,0
2026-08-17 19:40:00+00:00,190024.746,190262.183,189642.809,189805.705,150,70328,0
2026-08-17 19:45:00+00:00,189710.135,189743.265,188765.79,188765.79,150,70328,0
2026-08-17 19:50:00+00:00,188886.267,189020.02,188399.957,188867.857,150,70328,0
2026-08-17 19:55:00+00:00,188852.742,189109.855,188628.776,188678.923,150,70328,0
2026-08-17 20:00:00+00:00,188750.978,189089.909,188584.587,188719.752,150,70328,0
2026-08-17 20:05:00+00:00,188722.356,189960.367,188651.896,189815.138,150,70328,0
2026-08-17 20:10:00+00:00,189828.005,189828.005,188847.844,189452.059,150,70328,0
2026-08-17 20:15:00+00:00,189461.49,189489.209,189020.187,189224.877,150,70328,0
2026-08-17 20:20:00+00:00,189229.291,189282.881,188445.455,188552.324,150,70328,0
2026-08-17 20:25:00+00:00,188513.309,188698.56,188183.392,188287.463,150,70328,0
2026-08-17 20:30:00+00:00,188291.311,188636.189,188076.728,188396.788,150,70328,0
2026-08-17 20:35:00+00:00,188430.293,188748.833,188199.572,188528.051,150,70328,0
2026-08-17 20:40:00+00:00,188592.644,189267.752,188463.101,188464.709,150,70328,0
2026-08-17 20:45:00+00:00,188510.903,188566.685,187570.809,187622.479,150,70328,0
2026-08-17 20:50:00+00:00,187620.878,188503.162,187405.133,188296.742,150,70328,0
2026-08-17 20:55:00+00:00,188275.737,188700.047,188013.554,188580.189,150,70328,0
2026-08-17 21:00:00+00:00,188602.728,189569.089,188522.702,189358.219,150,70328,0
2026-08-17 21:05:00+00:00,189350.97,189709.242,189098.655,189709.242,150,70328,0
2026-08-17 21:10:00+00:00,189728.344,190437.816,189704.839,190387.968,150,70328,0
2026-08-17 21:15:00+00:00,190369.459,191087.021,190129.697,191072.244,150,70328,0
2026-08-17 21:20:00+00:00,191108.389,192110.128,191042.881,192110.128,150,70328,0
2026-08-17 21:25:00+00:00,192057.012,192764.104,192046.321,192063.472,150,70328,0
2026-08-17 21:30:00+00:00,192062.143,192082.036,191304.403,191864.575,150,70328,0
2026-08-17 21:35:00+00:00,191928.681,192137.021,191355.934,191673.936,150,70328,0
2026-08-17 21:40:00+00:00,191674.557,192093.234,191533.365,191582.805,150,70328,0
2026-08-17 21:45:00+00:00,191598.112,192067.729,191344.08,191585.941,150,70328,0
2026-08-17 21:50:00+00:00,191583.352,191851.672,191093.294,191609.4,150,70328,0
2026-08-17 21:55:00+00:00,191693.15,191920.058,190928.823,190928.823,150,70328,0
2026-08-17 22:00:00+00:00,190885.835,191439.501,190867.372,191439.501,150,70328,0
2026-08-17 22:05:00+00:00,191386.527,191440.374,190955.934,191287.184,150,70328,0
2026-08-17 22:10:00+00:00,191286.693,191538.82,190720.052,191418.804,150,70328,0
2026-08-17 22:15:00+00:00,191484.284,192789.106,191484.284,192569.769,150,70328,0
2026-08-17 22:20:00+00:00,192565.874,193136.264,192370.218,192583.711,150,70328,0
2026-08-17 22:25:00+00:00,192468.758,193106.629,192298.642,192896.677,150,70328,0
2026-08-17 22:30:00+00:00,192990.945,193512.035,192895.626,193154.54,150,70328,0
2026-08-17 22:35:00+00:00,193181.61,193485.18,192875.349,193047.324,150,70328,0
2026-08-17 22:40:00+00:00,193021.22,193095.335,192222.705,192286.086,150,70328,0
2026-08-17 22:45:00+00:00,192341.562,192648.595,192018.756,192123.575,150,70328,0
2026-08-17 22:50:00+00:00,192165.983,192599.163,192031.567,192280.339,150,70328,0
2026-08-17 22:55:00+00:00,192271.218,192509.394,191624.419,191798.527,150,70328,0
2026-08-17 23:00:00+00:00,191850.169,192246.967,191683.706,191866.182,150,70328,0
2026-08-17 23:05:00+00:00,191907.299,192368.224,191769.272,192286.53,150,70328,0
2026-08-17 23:10:00+00:00,192312.447,192480.067,191660.862,191795.061,150,70328,0
2026-08-17 23:15:00+00:00,191783.809,192317.477,191713.94,192273.984,150,70328,0
2026-08-17 23:20:00+00:00,192228.715,192935.615,192104.454,192170.425,150,70328,0
2026-08-17 23:25:00+00:00,192125.095,192576.324,191963.166,192325.727,150,70328,0
2026-08-17 23:30:00+00:00,192314.804,193275.648,192301.682,192871.118,150,70328,0
2026-08-17 23:35:00+00:00,192850.322,193319.003,192548.925,193314.638,150,70328,0
2026-08-17 23:40:00+00:00,193336.532,193472.009,192500.831,192500.831,150,70328,0
2026-08-17 23:45:00+00:00,192451.403,192882.204,192214.981,192426.726,150,70328,0
2026-08-17 23:50:00+00:00,192414.496,193505.315,192414.496,193253.708,150,70328,0
2026-08-17 23:55:00+00:00,193324.791,193964.082,193307.861,193807.605,150,70328,0
2026-08-18 00:00:00+00:00,193763.153,194000.81,193247.951,193563.988,150,70328,0
2026-08-18 00:05:00+00:00,193705.716,194420.181,193646.705,194382.766,150,70328,0
2026-08-18 00:10:00+00:00,194413.429,194693.486,193987.607,193987.607,150,70328,0
2026-08-18 00:15:00+00:00,193928.382,194736.454,193898.739,194736.454,150,70328,0
2026-08-18 00:20:00+00:00,194716.895,195249.087,194435.349,195032.502,150,70328,0
2026-08-18 00:25:00+00:00,195094.654,195793.009,195094.654,195184.217,150,70328,0
2026-08-18 00:30:00+00:00,195200.273,196058.869,195129.75,195980.541,150,70328,0
2026-08-18 00:35:00+00:00,196004.158,196049.083,195356.755,195782.232,150,70328,0
2026-08-18 00:40:00+00:00,195814.824,196340.464,195813.4,195919.674,150,70328,0
2026-08-18 00:45:00+00:00,195916.864,195969.731,194874.189,195189.59,150,70328,0
2026-08-18 00:50:00+00:00,195202.53,196327.333,195137.661,196270.813,150,70328,0
2026-08-18 00:55:00+00:00,196186.338,196451.611,195738.068,196332.819,150,70328,0
2026-08-18 01:00:00+00:00,196430.302,196926.042,196293.372,196705.56,150,70328,0
2026-08-18 01:05:00+00:00,196689.069,196689.069,195802.206,196208.843,150,70328,0
2026-08-18 01:10:00+00:00,196216.016,196873.896,196208.207,196500.437,150,70328,0
2026-08-18 01:15:00+00:00,196491.282,196545.533,195654.565,195677.385,150,70328,0
2026-08-18 01:20:00+00:00,195693.229,196116.791,195225.605,196003.275,150,70328,0
2026-08-18 01:25:00+00:00,196034.481,196681.781,195681.489,196451.219,150,70328,0
2026-08-18 01:30:00+00:00,196493.741,196559.715,195658.763,195668.495,150,70328,0
2026-08-18 01:35:00+00:00,195617.866,196214.442,195320.474,196090.915,150,70328,0
2026-08-18 01:40:00+00:00,196034.621,197023.565,196034.621,196688.684,150,70328,0
2026-08-18 01:45:00+00:00,196659.75,196722.729,195632.241,195646.377,150,70328,0
2026-08-18 01:50:00+00:00,195717.089,195830.326,194295.995,194341.709,150,70328,0
2026-08-18 01:55:00+00:00,194340.407,195083.252,194340.407,194663.659,150,70328,0
2026-08-18 02:00:00+00:00,194745.311,195281.112,194486.351,194486.351,150,70328,0
2026-08-18 02:05:00+00:00,194490.771,194891.423,194379.85,194409.264,150,70328,0
2026-08-18 02:10:00+00:00,194394.072,195132.846,194320.77,194933.86,150,70328,0
2026-08-18 02:15:00+00:00,194909.842,195244.129,194680.066,194785.721,150,70328,0
2026-08-18 02:20:00+00:00,194700.545,194954.779,194370.832,194578.363,150,70328,0
2026-08-18 02:25:00+00:00,194513.149,194547.816,193942.63,194021.147,150,70328,0
2026-08-18 02:30:00+00:00,194099.67,194925.916,194099.67,194731.875,150,70328,0
2026-08-18 02:35:00+00:00,194728.001,194749.982,193450.036,193559.14,150,70328,0
2026-08-18 02:40:00+00:00,193514.764,193975.686,193209.764,193414.285,150,70328,0
2026-08-18 02:45:00+00:00,193467.51,194192.723,193395.345,194020.9,150,70328,0
2026-08-18 02:50:00+00:00,194100.141,194170.867,193608.294,193745.88,150,70328,0
2026-08-18 02:55:00+00:00,193647.68,194201.961,193304.122,193817.113,150,70328,0
2026-08-18 03:00:00+00:00,193808.993,194364.074,193808.993,194069.248,150,70328,0
2026-08-18 03:05:00+00:00,194039.019,194398.964,193961.807,194214.85,150,70328,0
2026-08-18 03:10:00+00:00,194186.383,195244.483,194048.04,195043.177,150,70328,0
2026-08-18 03:15:00+00:00,194999.432,195122.867,194562.95,194956.78,150,70328,0
2026-08-18 03:20:00+00:00,194959.267,195089.583,194524.04,194915.32,150,70328,0
2026-08-18 03:25:00+00:00,194908.067,195510.184,194523.487,195453.259,150,70328,0
2026-08-18 03:30:00+00:00,195487.816,196303.46,195406.847,196263.766,150,70328,0
2026-08-18 03:35:00+00:00,196336.935,197574.389,196284.925,197483.095,150,70328,0
2026-08-18 03:40:00+00:00,197457.99,197674.252,196894.998,197634.122,150,70328,0
2026-08-18 03:45:00+00:00,197680.637,198126.358,197475.061,197578.025,150,70328,0
2026-08-18 03:50:00+00:00,197621.304,197621.304,196531.587,196531.587,150,70328,0
2026-08-18 03:55:00+00:00,196633.203,196973.475,196306.089,196477.856,150,70328,0
2026-08-18 04:00:00+00:00,196518.925,196818.08,196165.521,196744.441,150,70328,0
2026-08-18 04:05:00+00:00,196659.471,196829.223,195964.298,196406.751,150,70328,0
2026-08-18 04:10:00+00:00,196449.351,196449.351,195200.397,195487.395,150,70328,0
2026-08-18 04:15:00+00:00,195479.977,195479.977,194859.71,195083.15,150,70328,0
2026-08-18 04:20:00+00:00,195086.47,196335.073,195019.202,196236.4,150,70328,0
2026-08-18 04:25:00+00:00,196256.903,197178.623,196171.298,196885.359,150,70328,0
2026-08-18 04:30:00+00:00,196875.064,197051.995,196307.324,196509.716,150,70328,0
2026-08-18 04:35:00+00:00,196455.512,196563.843,195293.332,195321.049,150,70328,0
2026-08-18 04:40:00+00:00,195336.001,195537.879,195017.427,195319.493,150,70328,0
2026-08-18 04:45:00+00:00,195390.609,195390.609,193740.602,193740.602,150,70328,0
2026-08-18 04:50:00+00:00,193765.551,193858.786,193441.725,193610.4,150,70328,0
2026-08-18 04:55:00+00:00,193674.818,194370.866,193651.892,193942.352,150,70328,0
2026-08-18 05:00:00+00:00,194008.385,194293.917,193311.666,193578.032,150,70328,0
2026-08-18 05:05:00+00:00,193639.817,193987.841,192673.71,192716.044,150,70328,0
2026-08-18 05:10:00+00:00,192583.238,192635.8,191846.65,192364.122,150,70328,0
2026-08-18 05:15:00+00:00,192427.954,193052.037,192291.202,192583.32,150,70328,0
2026-08-18 05:20:00+00:00,192638.049,192808.931,192248.507,192375.921,150,70328,0
2026-08-18 05:25:00+00:00,192373.812,193466.759,192373.812,192688.513,150,70328,0
2026-08-18 05:30:00+00:00,192642.304,193322.745,192642.304,193322.745,150,70328,0
2026-08-18 05:35:00+00:00,193360.452,193598.405,192740.008,192853.865,150,70328,0
2026-08-18 05:40:00+00:00,192780.465,192905.781,191799.889,191851.252,150,70328,0
2026-08-18 05:45:00+00:00,191881.933,192750.087,191881.933,192167.379,150,70328,0
2026-08-18 05:50:00+00:00,192106.826,193186.52,192106.826,193070.998,150,70328,0
2026-08-18 05:55:00+00:00,193090.538,193234.847,192672.06,193149.838,150,70328,0
2026-08-18 06:00:00+00:00,193215.611,193819.712,192976.319,193732.499,150,70328,0
2026-08-18 06:05:00+00:00,193758.722,193758.722,192410.833,192549.987,150,70328,0
2026-08-18 06:10:00+00:00,192554.018,193123.871,192338.651,192350.693,150,70328,0
2026-08-18 06:15:00+00:00,192365.154,192477.493,191793.187,191944.778,150,70328,0
2026-08-18 06:20:00+00:00,191884.014,192795.29,191809.706,192795.29,150,70328,0
2026-08-18 06:25:00+00:00,192786.426,192831.17,191706.151,191745.475,150,70328,0
2026-08-18 06:30:00+00:00,191751.442,192075.841,191384.394,191481.235,150,70328,0
2026-08-18 06:35:00+00:00,191444.085,191540.852,190927.16,191292.872,150,70328,0
2026-08-18 06:40:00+00:00,191285.718,191974.968,191285.718,191634.105,150,70328,0
2026-08-18 06:45:00+00:00,191720.937,192835.73,191720.937,192687.587,150,70328,0
2026-08-18 06:50:00+00:00,192641.45,192742.528,191624.578,191766.344,150,70328,0
2026-08-18 06:55:00+00:00,191789.203,192433.923,191555.96,192313.176,150,70328,0
2026-08-18 07:00:00+00:00,192299.392,192554.434,191837.038,192489.752,150,70328,0
2026-08-18 07:05:00+00:00,192538.799,193155.464,192471.573,192647.311,150,70328,0
2026-08-18 07:10:00+00:00,192628.338,193232.091,192356.4,192617.29,150,70328,0
2026-08-18 07:15:00+00:00,192609.223,192784.525,192358.699,192358.699,150,70328,0
2026-08-18 07:20:00+00:00,192317.837,192317.837,191583.898,192001.698,150,70328,0
2026-08-18 07:25:00+00:00,191995.454,192194.692,191757.738,191910.519,150,70328,0
2026-08-18 07:30:00+00:00,191859.717,191859.717,191081.162,191242.005,150,70328,0
2026-08-18 07:35:00+00:00,191220.633,191615.755,190937.706,191570.549,150,70328,0
2026-08-18 07:40:00+00:00,191572.432,191659.779,190732.972,191018.49,150,70328,0
2026-08-18 07:45:00+00:00,191056.482,191105.306,190361.743,190448.725,150,70328,0
2026-08-18 07:50:00+00:00,190481.199,191062.45,190390.693,190923.479,150,70328,0
2026-08-18 07:55:00+00:00,190981.9,191455.0,190927.542,191375.986,150,70328,0
2026-08-18 08:00:00+00:00,191344.357,191677.064,190914.493,191016.185,150,70328,0
2026-08-18 08:05:00+00:00,191028.8,191489.219,190671.2,191464.991,150,70328,0
2026-08-18 08:10:00+00:00,191420.108,192373.956,191395.565,192373.956,150,70328,0
2026-08-18 08:15:00+00:00,192379.972,192389.947,191801.173,191841.298,150,70328,0
2026-08-18 08:20:00+00:00,191830.729,191832.052,191318.888,191688.844,150,70328,0
2026-08-18 08:25:00+00:00,191648.699,191648.699,190749.298,190838.734,150,70328,0
2026-08-18 08:30:00+00:00,190857.253,191418.296,190740.124,190899.132,150,70328,0
2026-08-18 08:35:00+00:00,190892.338,191850.186,190854.913,191561.224,150,70328,0
2026-08-18 08:40:00+00:00,191596.452,191693.814,190745.753,190875.169,150,70328,0
2026-08-18 08:45:00+00:00,190869.202,191232.426,190732.105,190903.014,150,70328,0
2026-08-18 08:50:00+00:00,190923.533,191214.771,190401.21,190939.96,150,70328,0
2026-08-18 08:55:00+00:00,190949.489,191204.219,190304.938,190340.477,150,70328,0
2026-08-18 09:00:00+00:00,190394.692,190480.68,189809.098,189915.774,150,70328,0
2026-08-18 09:05:00+00:00,189966.547,190424.847,189650.47,190230.535,150,70328,0
2026-08-18 09:10:00+00:00,190176.288,191111.73,190076.751,190871.171,150,70328,0
2026-08-18 09:15:00+00:00,190913.266,191946.168,190681.298,191877.585,150,70328,0
2026-08-18 09:20:00+00:00,191809.804,191830.959,190554.056,190619.035,150,70328,0
2026-08-18 09:25:00+00:00,190599.608,190933.131,189585.689,189640.104,150,70328,0
2026-08-18 09:30:00+00:00,189683.43,190010.542,189507.316,189903.437,150,70328,0
2026-08-18 09:35:00+00:00,189942.198,189982.58,189539.275,189752.864,150,70328,0
2026-08-18 09:40:00+00:00,189692.162,190055.902,189326.314,189749.029,150,70328,0
2026-08-18 09:45:00+00:00,189814.11,190275.592,189720.378,189966.764,150,70328,0
2026-08-18 09:50:00+00:00,190016.788,190194.417,189367.34,189512.974,150,70328,0
2026-08-18 09:55:00+00:00,189495.748,189875.616,189495.748,189678.256,150,70328,0
2026-08-18 10:00:00+00:00,189706.827,190900.978,189612.134,190705.461,150,70328,0
2026-08-18 10:05:00+00:00,190687.94,190829.859,190172.869,190588.772,150,70328,0
2026-08-18 10:10:00+00:00,190604.495,190818.759,190381.101,190576.541,150,70328,0
2026-08-18 10:15:00+00:00,190534.928,190802.376,190214.287,190712.705,150,70328,0
2026-08-18 10:20:00+00:00,190683.444,190913.261,190113.507,190469.156,150,70328,0
2026-08-18 10:25:00+00:00,190538.063,190992.442,190467.116,190907.815,150,70328,0
2026-08-18 10:30:00+00:00,190984.739,192191.907,190957.967,191912.657,150,70328,0
2026-08-18 10:35:00+00:00,191924.37,192350.119,191468.012,191536.902,150,70328,0
2026-08-18 10:40:00+00:00,191532.733,191811.651,191320.041,191700.794,150,70328,0
2026-08-18 10:45:00+00:00,191766.455,193295.141,191766.455,193247.911,150,70328,0
2026-08-18 10:50:00+00:00,193252.112,193464.651,192576.606,192749.453,150,70328,0
2026-08-18 10:55:00+00:00,192763.655,192792.16,192123.621,192606.993,150,70328,0
2026-08-18 11:00:00+00:00,192679.465,193109.832,192105.318,192407.03,150,70328,0
2026-08-18 11:05:00+00:00,192344.971,192425.055,191702.949,191814.834,150,70328,0
2026-08-18 11:10:00+00:00,191884.409,192166.585,191748.519,191868.091,150,70328,0
2026-08-18 11:15:00+00:00,191876.364,192237.514,191620.359,191652.651,150,70328,0
2026-08-18 11:20:00+00:00,191624.047,191675.895,190645.193,190668.443,150,70328,0
2026-08-18 11:25:00+00:00,190707.654,191013.438,190341.605,190804.915,150,70328,0
2026-08-18 11:30:00+00:00,190755.805,191311.594,190751.668,191112.538,150,70328,0
2026-08-18 11:35:00+00:00,191032.326,191470.395,190723.205,190852.445,150,70328,0
2026-08-18 11:40:00+00:00,190876.528,191268.247,190567.926,190766.059,150,70328,0
2026-08-18 11:45:00+00:00,190782.812,190854.551,190348.567,190659.148,150,70328,0
2026-08-18 11:50:00+00:00,190707.941,190876.12,189696.189,189722.156,150,70328,0
2026-08-18 11:55:00+00:00,189764.593,189839.488,189253.639,189619.117,150,70328,0
2026-08-18 12:00:00+00:00,189653.68,190266.488,189587.529,189857.348,150,70328,0
2026-08-18 12:05:00+00:00,189865.754,190178.309,189566.815,190178.309,150,70328,0
2026-08-18 12:10:00+00:00,190169.701,191038.729,190047.606,191015.926,150,70328,0
2026-08-18 12:15:00+00:00,190972.824,191081.043,190610.573,190942.016,150,70328,0
2026-08-18 12:20:00+00:00,190982.315,191025.904,189653.833,189653.833,150,70328,0
2026-08-18 12:25:00+00:00,189646.265,189667.449,188967.409,189044.476,150,70328,0
2026-08-18 12:30:00+00:00,189015.878,189362.873,188718.094,188726.105,150,70328,0
2026-08-18 12:35:00+00:00,188766.537,189364.636,188733.853,189051.654,150,70328,0
2026-08-18 12:40:00+00:00,189050.041,189050.041,188360.525,188916.375,150,70328,0
2026-08-18 12:45:00+00:00,188886.35,189174.172,188195.201,188262.048,150,70328,0
2026-08-18 12:50:00+00:00,188279.436,188279.436,186999.489,187074.795,150,70328,0
2026-08-18 12:55:00+00:00,187049.766,187539.603,186843.145,187471.562,150,70328,0
2026-08-18 13:00:00+00:00,187390.65,187611.27,186955.242,187123.907,150,70328,0
2026-08-18 13:05:00+00:00,187163.476,187163.476,186319.803,186765.018,150,70328,0
2026-08-18 13:10:00+00:00,186806.738,186973.487,186197.22,186381.343,150,70328,0
2026-08-18 13:15:00+00:00,186377.639,186534.337,185310.258,185343.851,150,70328,0
2026-08-18 13:20:00+00:00,185303.205,186277.574,185066.052,186183.011,150,70328,0
2026-08-18 13:25:00+00:00,186200.184,187115.756,185973.678,186839.292,150,70328,0
2026-08-18 13:30:00+00:00,186864.993,187487.858,186543.209,187287.201,150,70328,0
2026-08-18 13:35:00+00:00,187202.87,187957.359,187121.745,187843.143,150,70328,0
2026-08-18 13:40:00+00:00,187859.314,187874.263,187389.699,187536.143,150,70328,0
2026-08-18 13:45:00+00:00,187528.185,187602.095,186824.22,187161.589,150,70328,0
2026-08-18 13:50:00+00:00,187245.567,187308.352,186277.487,186277.487,150,70328,0
2026-08-18 13:55:00+00:00,186292.165,186347.377,185407.081,185764.236,150,70328,0
2026-08-18 14:00:00+00:00,185822.86,186388.409,185720.151,186064.342,150,70328,0
2026-08-18 14:05:00+00:00,185972.997,186089.808,185601.188,185872.141,150,70328,0
2026-08-18 14:10:00+00:00,185874.248,186150.589,185438.392,185992.962,150,70328,0
2026-08-18 14:15:00+00:00,185993.488,186524.596,185687.787,185935.86,150,70328,0
2026-08-18 14:20:00+00:00,185995.058,186422.21,185843.871,186422.21,150,70328,0
2026-08-18 14:25:00+00:00,186492.27,186492.27,185554.306,185751.785,150,70328,0
2026-08-18 14:30:00+00:00,185787.094,186390.567,185725.451,186313.585,150,70328,0
2026-08-18 14:35:00+00:00,186275.44,186999.283,186163.92,186814.112,150,70328,0
2026-08-18 14:40:00+00:00,186808.705,187398.462,186685.997,187398.462,150,70328,0
2026-08-18 14:45:00+00:00,187427.845,187528.281,186793.149,186803.218,150,70328,0
2026-08-18 14:50:00+00:00,186819.957,187330.263,186157.2,187138.231,150,70328,0
2026-08-18 14:55:00+00:00,187199.98,187849.567,187059.843,187849.567,150,70328,0
2026-08-18 15:00:00+00:00,187881.2,188499.414,187871.93,188433.148,150,70328,0
2026-08-18 15:05:00+00:00,188420.365,188603.585,187723.036,187877.862,150,70328,0
2026-08-18 15:10:00+00:00,187872.155,188227.883,187504.929,188143.371,150,70328,0
2026-08-18 15:15:00+00:00,188146.846,188219.998,187658.484,187937.115,150,70328,0
2026-08-18 15:20:00+00:00,187899.661,188146.311,187489.449,187999.482,150,70328,0
2026-08-18 15:25:00+00:00,187975.879,188270.386,187871.989,187915.836,150,70328,0
2026-08-18 15:30:00+00:00,187982.749,189079.928,187982.749,188771.678,150,70328,0
2026-08-18 15:35:00+00:00,188763.393,188865.806,187751.48,187938.589,150,70328,0
2026-08-18 15:40:00+00:00,188023.71,188703.676,187803.517,188431.529,150,70328,0
2026-08-18 15:45:00+00:00,188458.132,189754.176,188422.121,189754.176,150,70328,0
2026-08-18 15:50:00+00:00,189716.581,189716.581,188811.716,188925.242,150,70328,0
2026-08-18 15:55:00+00:00,188957.657,189489.522,188673.963,188890.719,150,70328,0
2026-08-18 16:00:00+00:00,188852.825,189670.22,188632.392,189420.756,150,70328,0
2026-08-18 16:05:00+00:00,189424.952,189734.626,189263.254,189661.792,150,70328,0
2026-08-18 16:10:00+00:00,189642.98,189842.332,189491.546,189612.749,150,70328,0
2026-08-18 16:15:00+00:00,189692.649,191435.704,189692.649,191390.376,150,70328,0
2026-08-18 16:20:00+00:00,191386.958,191968.21,191330.267,191752.221,150,70328,0
2026-08-18 16:25:00+00:00,191728.288,191871.043,191046.225,191132.422,150,70328,0
2026-08-18 16:30:00+00:00,191103.991,191103.991,190628.489,190808.922,150,70328,0
2026-08-18 16:35:00+00:00,190836.819,191509.718,190836.819,191041.327,150,70328,0
2026-08-18 16:40:00+00:00,191012.208,191648.11,190995.114,191191.766,150,70328,0
2026-08-18 16:45:00+00:00,191167.152,191436.012,190878.833,190991.143,150,70328,0
2026-08-18 16:50:00+00:00,190982.001,192005.568,190981.537,191933.932,150,70328,0
2026-08-18 16:55:00+00:00,191964.526,192218.848,191445.573,191691.43,150,70328,0
2026-08-18 17:00:00+00:00,191761.199,192029.677,191182.178,191402.516,150,70328,0
2026-08-18 17:05:00+00:00,191414.264,191452.524,190739.265,191452.524,150,70328,0
2026-08-18 17:10:00+00:00,191469.505,192160.722,191265.822,191997.368,150,70328,0
2026-08-18 17:15:00+00:00,192049.056,192098.319,191340.446,191740.556,150,70328,0
2026-08-18 17:20:00+00:00,191757.962,192719.619,191608.901,192702.222,150,70328,0
2026-08-18 17:25:00+00:00,192779.066,193260.464,192510.476,193074.477,150,70328,0
2026-08-18 17:30:00+00:00,193187.457,193243.113,192318.925,192387.002,150,70328,0
2026-08-18 17:35:00+00:00,192362.58,192502.442,191851.054,191856.741,150,70328,0
2026-08-18 17:40:00+00:00,191882.391,192243.174,191252.805,191918.203,150,70328,0
2026-08-18 17:45:00+00:00,191942.662,192128.222,191539.302,192094.749,150,70328,0
2026-08-18 17:50:00+00:00,192071.816,193489.548,191996.571,193301.511,150,70328,0
2026-08-18 17:55:00+00:00,193288.039,194090.333,193257.809,193679.43,150,70328,0
2026-08-18 18:00:00+00:00,193645.985,193661.693,192856.536,193299.535,150,70328,0
2026-08-18 18:05:00+00:00,193342.805,193735.156,193296.655,193463.564,150,70328,0
2026-08-18 18:10:00+00:00,193466.755,193472.489,192981.926,193292.527,150,70328,0
2026-08-18 18:15:00+00:00,193272.418,193272.418,192476.234,193027.939,150,70328,0
2026-08-18 18:20:00+00:00,193011.059,193892.692,192982.311,193662.093,150,70328,0
2026-08-18 18:25:00+00:00,193635.45,193699.813,193030.72,193331.456,150,70328,0
2026-08-18 18:30:00+00:00,193366.689,193554.913,192751.682,192765.557,150,70328,0
2026-08-18 18:35:00+00:00,192795.111,192967.962,192511.361,192836.063,150,70328,0
2026-08-18 18:40:00+00:00,192890.324,193941.709,192645.319,193910.972,150,70328,0
2026-08-18 18:45:00+00:00,193848.933,194162.114,193579.511,194012.567,150,70328,0
2026-08-18 18:50:00+00:00,194075.77,194394.852,193586.509,194001.789,150,70328,0
2026-08-18 18:55:00+00:00,194001.796,194021.689,193528.61,193710.645,150,70328,0
2026-08-18 19:00:00+00:00,193642.487,193910.777,193095.202,193137.653,150,70328,0
2026-08-18 19:05:00+00:00,193176.465,193285.922,192547.536,193190.757,150,70328,0
2026-08-18 19:10:00+00:00,193185.777,193510.879,192806.782,192860.701,150,70328,0
2026-08-18 19:15:00+00:00,192909.204,193264.984,192758.774,192830.274,150,70328,0
2026-08-18 19:20:00+00:00,192836.053,193994.931,192722.07,193961.309,150,70328,0
2026-08-18 19:25:00+00:00,193934.671,194565.896,193906.314,194362.67,150,70328,0
2026-08-18 19:30:00+00:00,194326.731,194326.731,193245.439,193331.023,150,70328,0
2026-08-18 19:35:00+00:00,193384.671,193738.325,193205.248,193327.54,150,70328,0
2026-08-18 19:40:00+00:00,193339.445,193989.193,193092.954,193947.989,150,70328,0
2026-08-18 19:45:00+00:00,193920.797,194369.007,193715.961,193941.315,150,70328,0
2026-08-18 19:50:00+00:00,193971.698,194342.245,193861.146,193873.005,150,70328,0
2026-08-18 19:55:00+00:00,193995.859,194379.484,193995.859,194137.241,150,70328,0
2026-08-18 20:00:00+00:00,194171.587,194521.65,193969.268,194521.65,150,70328,0
2026-08-18 20:05:00+00:00,194550.936,194702.376,194184.523,194371.841,150,70328,0
2026-08-18 20:10:00+00:00,194429.246,195239.783,194369.082,195094.656,150,70328,0
2026-08-18 20:15:00+00:00,195104.761,195372.475,194547.934,195012.479,150,70328,0
2026-08-18 20:20:00+00:00,195048.228,195405.783,194918.539,195405.783,150,70328,0
2026-08-18 20:25:00+00:00,195453.665,195761.659,195066.988,195383.686,150,70328,0
2026-08-18 20:30:00+00:00,195428.34,196089.964,195280.112,195881.566,150,70328,0
2026-08-18 20:35:00+00:00,195784.474,196133.893,195354.848,195386.721,150,70328,0
2026-08-18 20:40:00+00:00,195383.654,195466.586,194651.175,194842.65,150,70328,0
2026-08-18 20:45:00+00:00,194838.308,194859.135,194322.41,194666.254,150,70328,0
2026-08-18 20:50:00+00:00,194732.1,194797.287,194120.751,194270.397,150,70328,0
2026-08-18 20:55:00+00:00,194295.348,194486.103,192841.768,192841.768,150,70328,0
2026-08-18 21:00:00+00:00,192847.403,193570.409,192822.492,193298.208,150,70328,0
2026-08-18 21:05:00+00:00,193316.288,193609.944,192852.712,192900.925,150,70328,0
2026-08-18 21:10:00+00:00,192953.201,193574.154,192914.72,193438.175,150,70328,0
2026-08-18 21:15:00+00:00,193486.656,194192.983,193363.022,194153.428,150,70328,0
2026-08-18 21:20:00+00:00,194104.437,194412.424,193582.391,193606.208,150,70328,0
2026-08-18 21:25:00+00:00,193661.107,193786.898,193130.775,193143.193,150,70328,0
2026-08-18 21:30:00+00:00,193167.795,193266.972,192565.254,192648.19,150,70328,0
2026-08-18 21:35:00+00:00,192568.552,192839.668,192166.117,192436.384,150,70328,0
2026-08-18 21:40:00+00:00,192477.674,192794.593,192143.694,192398.937,150,70328,0
2026-08-18 21:45:00+00:00,192362.172,192973.067,192190.092,192739.872,150,70328,0
2026-08-18 21:50:00+00:00,192701.785,193308.159,192515.213,193308.159,150,70328,0
2026-08-18 21:55:00+00:00,193379.043,194266.4,193345.33,194260.182,150,70328,0
2026-08-18 22:00:00+00:00,194197.699,195744.39,194172.163,195431.757,150,70328,0
2026-08-18 22:05:00+00:00,195496.11,196105.86,195346.506,195677.597,150,70328,0
2026-08-18 22:10:00+00:00,195560.908,195925.145,195420.273,195695.177,150,70328,0
2026-08-18 22:15:00+00:00,195686.999,196475.419,195634.063,196295.974,150,70328,0
2026-08-18 22:20:00+00:00,196276.578,196276.578,195339.199,195339.199,150,70328,0
2026-08-18 22:25:00+00:00,195345.269,195857.565,195141.139,195623.044,150,70328,0
2026-08-18 22:30:00+00:00,195629.893,196484.317,195383.084,196448.754,150,70328,0
2026-08-18 22:35:00+00:00,196475.951,196616.565,195907.103,196033.993,150,70328,0
2026-08-18 22:40:00+00:00,196042.678,196377.52,195127.038,195233.573,150,70328,0
2026-08-18 22:45:00+00:00,195283.075,195506.497,194871.281,195299.347,150,70328,0
2026-08-18 22:50:00+00:00,195335.238,195499.902,194751.497,195260.279,150,70328,0
2026-08-18 22:55:00+00:00,195262.932,195394.695,194811.023,195394.695,150,70328,0
2026-08-18 23:00:00+00:00,195366.57,196271.429,195303.506,195869.209,150,70328,0
2026-08-18 23:05:00+00:00,195876.812,195913.879,195203.015,195225.745,150,70328,0
2026-08-18 23:10:00+00:00,195175.731,195251.715,194342.156,194847.326,150,70328,0
2026-08-18 23:15:00+00:00,194943.913,195668.818,194657.412,195447.524,150,70328,0
2026-08-18 23:20:00+00:00,195577.167,195656.748,194895.74,195164.976,150,70328,0
2026-08-18 23:25:00+00:00,195107.733,196089.307,194771.149,196020.829,150,70328,0
2026-08-18 23:30:00+00:00,195956.78,196234.518,195109.938,196082.915,150,70328,0
2026-08-18 23:35:00+00:00,196172.363,196588.303,195938.985,196348.668,150,70328,0
2026-08-18 23:40:00+00:00,196433.862,197178.405,196275.391,196746.975,150,70328,0
2026-08-18 23:45:00+00:00,196695.306,197760.793,196528.719,197598.053,150,70328,0
2026-08-18 23:50:00+00:00,197621.011,197816.783,197018.19,197302.784,150,70328,0
2026-08-18 23:55:00+00:00,197245.174,199036.158,197245.174,198962.836,150,70328,0
2026-08-19 00:00:00+00:00,198913.151,198913.151,197370.62,197425.574,150,70328,0
2026-08-19 00:05:00+00:00,197426.036,197663.125,196844.567,197306.321,150,70328,0
2026-08-19 00:10:00+00:00,197308.112,197791.647,196712.035,196898.124,150,70328,0
2026-08-19 00:15:00+00:00,196877.205,197281.316,196563.689,197134.5,150,70328,0
2026-08-19 00:20:00+00:00,197130.524,197567.317,196752.663,197478.814,150,70328,0
2026-08-19 00:25:00+00:00,197518.316,197906.844,196765.195,197738.31,150,70328,0
2026-08-19 00:30:00+00:00,197793.772,197810.62,197282.935,197468.46,150,70328,0
2026-08-19 00:35:00+00:00,197472.029,198246.735,197461.886,197792.827,150,70328,0
2026-08-19 00:40:00+00:00,197788.126,198077.968,197314.933,198065.081,150,70328,0
2026-08-19 00:45:00+00:00,198083.451,198590.636,197760.395,198348.006,150,70328,0
2026-08-19 00:50:00+00:00,198329.675,198691.961,197831.92,198387.497,150,70328,0
2026-08-19 00:55:00+00:00,198428.916,198825.017,197562.899,197667.428,150,70328,0
2026-08-19 01:00:00+00:00,197694.104,197768.591,197185.478,197368.385,150,70328,0
2026-08-19 01:05:00+00:00,197311.016,197412.837,196551.719,197101.546,150,70328,0
2026-08-19 01:10:00+00:00,197131.942,198384.462,196956.111,198310.62,150,70328,0
2026-08-19 01:15:00+00:00,198360.268,199280.874,198281.54,199280.874,150,70328,0
2026-08-19 01:20:00+00:00,199259.888,199294.803,198790.225,198802.619,150,70328,0
2026-08-19 01:25:00+00:00,198739.709,198765.059,198030.946,198202.871,150,70328,0
2026-08-19 01:30:00+00:00,198194.179,198550.284,197956.239,198276.1,150,70328,0
2026-08-19 01:35:00+00:00,198309.597,198959.751,197999.041,198959.751,150,70328,0
2026-08-19 01:40:00+00:00,198966.719,200089.642,198846.278,199940.774,150,70328,0
2026-08-19 01:45:00+00:00,199936.674,200111.309,199601.952,199926.972,150,70328,0
2026-08-19 01:50:00+00:00,199991.609,200873.098,199874.547,200812.528,150,70328,0
2026-08-19 01:55:00+00:00,200862.18,200941.364,200176.636,200605.443,150,70328,0
2026-08-19 02:00:00+00:00,200586.624,201656.405,200498.895,201474.35,150,70328,0
2026-08-19 02:05:00+00:00,201446.516,201745.784,200971.174,201523.167,150,70328,0
2026-08-19 02:10:00+00:00,201531.947,202461.345,201492.277,202461.345,150,70328,0
2026-08-19 02:15:00+00:00,202373.101,202389.756,201570.791,201712.184,150,70328,0
2026-08-19 02:20:00+00:00,201716.307,201996.456,201343.423,201404.643,150,70328,0
2026-08-19 02:25:00+00:00,201361.0,202000.725,201263.809,201585.362,150,70328,0
2026-08-19 02:30:00+00:00,201627.372,202733.922,201507.482,202391.949,150,70328,0
2026-08-19 02:35:00+00:00,202301.981,203214.627,202164.704,203064.509,150,70328,0
2026-08-19 02:40:00+00:00,203059.183,203403.398,202877.481,202877.481,150,70328,0
2026-08-19 02:45:00+00:00,202890.51,203788.792,202731.347,203272.631,150,70328,0
2026-08-19 02:50:00+00:00,203294.355,203378.083,202778.763,202956.21,150,70328,0
2026-08-19 02:55:00+00:00,202919.825,203859.671,202919.825,203245.964,150,70328,0
2026-08-19 03:00:00+00:00,203211.528,203731.816,203114.061,203506.003,150,70328,0
2026-08-19 03:05:00+00:00,203407.662,204372.842,203407.662,204086.801,150,70328,0
2026-08-19 03:10:00+00:00,204105.134,204140.291,203354.341,203623.981,150,70328,0
2026-08-19 03:15:00+00:00,203702.925,204152.831,203516.783,203528.595,150,70328,0
2026-08-19 03:20:00+00:00,203497.698,203834.242,203072.989,203233.683,150,70328,0
2026-08-19 03:25:00+00:00,203252.709,204000.609,203194.583,203941.751,150,70328,0
2026-08-19 03:30:00+00:00,203897.834,204641.372,203767.253,204079.963,150,70328,0
2026-08-19 03:35:00+00:00,204120.551,204267.48,203708.002,204070.981,150,70328,0
2026-08-19 03:40:00+00:00,204083.123,204397.307,202829.377,203087.492,150,70328,0
2026-08-19 03:45:00+00:00,203137.86,203960.088,202743.636,203950.563,150,70328,0
2026-08-19 03:50:00+00:00,203901.733,205017.862,203901.733,204603.236,150,70328,0
2026-08-19 03:55:00+00:00,204556.438,204876.143,204260.604,204627.612,150,70328,0
2026-08-19 04:00:00+00:00,204684.062,204803.362,204135.14,204340.881,150,70328,0
2026-08-19 04:05:00+00:00,204332.812,204428.534,203975.498,204080.982,150,70328,0
2026-08-19 04:10:00+00:00,204120.15,204783.773,204074.068,204352.701,150,70328,0
2026-08-19 04:15:00+00:00,204371.097,205297.826,204238.372,204885.957,150,70328,0
2026-08-19 04:20:00+00:00,204891.192,205442.319,204891.192,204924.011,150,70328,0
2026-08-19 04:25:00+00:00,204870.889,205289.785,203978.44,204305.669,150,70328,0
2026-08-19 04:30:00+00:00,204319.68,204426.613,203575.558,203949.306,150,70328,0
2026-08-19 04:35:00+00:00,203961.597,204256.305,203259.435,203443.227,150,70328,0
2026-08-19 04:40:00+00:00,203501.959,203678.331,202676.773,202772.936,150,70328,0
2026-08-19 04:45:00+00:00,202783.254,203057.178,202260.138,202260.138,150,70328,0
2026-08-19 04:50:00+00:00,202210.27,202363.225,201832.544,201951.742,150,70328,0
2026-08-19 04:55:00+00:00,201973.292,202593.002,201320.429,202287.188,150,70328,0
2026-08-19 05:00:00+00:00,202313.871,203026.887,202156.792,202171.591,150,70328,0
2026-08-19 05:05:00+00:00,202173.742,202395.437,201915.359,202150.745,150,70328,0
2026-08-19 05:10:00+00:00,202209.444,202209.444,201479.262,201530.506,150,70328,0
2026-08-19 05:15:00+00:00,201480.274,201714.79,200845.277,200973.001,150,70328,0
2026-08-19 05:20:00+00:00,201049.587,201406.59,200777.068,201347.358,150,70328,0
2026-08-19 05:25:00+00:00,201421.336,201730.897,201136.861,201542.19,150,70328,0
2026-08-19 05:30:00+00:00,201546.834,202096.47,201414.103,201602.673,150,70328,0
2026-08-19 05:35:00+00:00,201617.937,201696.594,201177.205,201223.588,150,70328,0
2026-08-19 05:40:00+00:00,201216.5,201281.401,200752.996,200925.056,150,70328,0
2026-08-19 05:45:00+00:00,200859.167,200859.167,200270.18,200403.953,150,70328,0
2026-08-19 05:50:00+00:00,200379.232,200767.065,200027.968,200149.554,150,70328,0
2026-08-19 05:55:00+00:00,200133.448,200997.185,200133.448,200901.248,150,70328,0
2026-08-19 06:00:00+00:00,200869.56,200982.13,200365.519,200929.503,150,70328,0
2026-08-19 06:05:00+00:00,200884.975,200994.904,200315.88,200439.897,150,70328,0
2026-08-19 06:10:00+00:00,200518.876,200898.983,199967.648,200856.924,150,70328,0
2026-08-19 06:15:00+00:00,200823.749,200938.57,199606.411,200189.115,150,70328,0
2026-08-19 06:20:00+00:00,200181.71,200733.613,199881.269,200716.474,150,70328,0
2026-08-19 06:25:00+00:00,200744.519,200969.663,200330.001,200558.412,150,70328,0
2026-08-19 06:30:00+00:00,200542.402,201636.711,200539.334,201636.711,150,70328,0
2026-08-19 06:35:00+00:00,201615.297,201834.666,201088.481,201574.946,150,70328,0
2026-08-19 06:40:00+00:00,201573.691,201855.372,201441.951,201609.958,150,70328,0
2026-08-19 06:45:00+00:00,201649.661,202185.107,201193.421,201353.348,150,70328,0
2026-08-19 06:50:00+00:00,201369.069,201414.451,200603.2,200905.501,150,70328,0
2026-08-19 06:55:00+00:00,200879.893,201626.076,200833.91,201538.391,150,70328,0
2026-08-19 07:00:00+00:00,201544.309,202332.25,201544.309,202300.086,150,70328,0
2026-08-19 07:05:00+00:00,202286.939,202737.966,202031.509,202562.322,150,70328,0
2026-08-19 07:10:00+00:00,202522.4,202900.343,202228.002,202423.882,150,70328,0
2026-08-19 07:15:00+00:00,202426.894,202587.309,201076.591,201239.381,150,70328,0
2026-08-19 07:20:00+00:00,201205.597,201361.575,200943.402,201352.224,150,70328,0
2026-08-19 07:25:00+00:00,201363.102,201576.358,200654.265,200821.631,150,70328,0
2026-08-19 07:30:00+00:00,200785.048,201067.162,200546.4,200719.442,150,70328,0
2026-08-19 07:35:00+00:00,200797.9,201119.628,200581.263,200969.564,150,70328,0
2026-08-19 07:40:00+00:00,201004.583,201151.582,200463.971,200474.035,150,70328,0
2026-08-19 07:45:00+00:00,200499.019,200576.77,199787.596,200046.115,150,70328,0
2026-08-19 07:50:00+00:00,200103.715,200536.18,199912.249,200063.366,150,70328,0
2026-08-19 07:55:00+00:00,200046.407,200096.303,199354.067,199883.261,150,70328,0
2026-08-19 08:00:00+00:00,199889.427,200357.301,199676.101,200323.806,150,70328,0
2026-08-19 08:05:00+00:00,200297.656,200400.203,199426.721,199426.721,150,70328,0
2026-08-19 08:10:00+00:00,199460.79,199679.018,199188.068,199453.984,150,70328,0
2026-08-19 08:15:00+00:00,199393.293,199746.619,198963.336,198967.79,150,70328,0
2026-08-19 08:20:00+00:00,198924.097,199614.941,198756.005,199342.434,150,70328,0
2026-08-19 08:25:00+00:00,199260.513,199295.955,198518.292,198696.351,150,70328,0
2026-08-19 08:30:00+00:00,198741.036,198867.83,198127.236,198391.684,150,70328,0
2026-08-19 08:35:00+00:00,198367.877,198576.255,197500.424,197671.516,150,70328,0
2026-08-19 08:40:00+00:00,197712.276,197763.057,197123.373,197302.033,150,70328,0
2026-08-19 08:45:00+00:00,197292.058,197292.058,196232.73,196322.972,150,70328,0
2026-08-19 08:50:00+00:00,196373.142,196536.497,195659.293,196221.051,150,70328,0
2026-08-19 08:55:00+00:00,196283.981,196768.357,196225.264,196337.029,150,70328,0
2026-08-19 09:00:00+00:00,196375.209,197814.57,196375.209,197696.843,150,70328,0
2026-08-19 09:05:00+00:00,197610.064,198084.967,197406.492,197915.582,150,70328,0
2026-08-19 09:10:00+00:00,197889.476,198489.359,197467.52,197467.52,150,70328,0
2026-08-19 09:15:00+00:00,197497.677,197761.845,197055.457,197163.998,150,70328,0
2026-08-19 09:20:00+00:00,197181.634,197209.363,196344.293,196471.253,150,70328,0
2026-08-19 09:25:00+00:00,196407.285,197036.075,196244.073,196926.856,150,70328,0
2026-08-19 09:30:00+00:00,196941.091,197709.639,196941.091,197265.484,150,70328,0
2026-08-19 09:35:00+00:00,197270.836,197293.423,196542.361,197144.631,150,70328,0
2026-08-19 09:40:00+00:00,197051.095,197051.095,195931.62,196040.238,150,70328,0
2026-08-19 09:45:00+00:00,196061.891,196847.117,196061.891,196311.823,150,70328,0
2026-08-19 09:50:00+00:00,196406.292,196587.061,195636.684,195636.684,150,70328,0
2026-08-19 09:55:00+00:00,195613.185,195613.185,194770.346,195119.569,150,70328,0
2026-08-19 10:00:00+00:00,195090.513,195219.11,194492.366,194492.366,150,70328,0
2026-08-19 10:05:00+00:00,194493.696,195486.801,194493.696,195486.801,150,70328,0
2026-08-19 10:10:00+00:00,195480.207,195712.509,195217.78,195489.223,150,70328,0
2026-08-19 10:15:00+00:00,195479.841,195576.473,194596.905,194852.446,150,70328,0
2026-08-19 10:20:00+00:00,194919.401,195843.355,194725.279,195504.419,150,70328,0
2026-08-19 10:25:00+00:00,195497.724,196023.213,195184.793,195699.596,150,70328,0
2026-08-19 10:30:00+00:00,195745.624,197530.518,195672.075,197523.326,150,70328,0
2026-08-19 10:35:00+00:00,197536.117,197723.278,196773.811,196855.789,150,70328,0
2026-08-19 10:40:00+00:00,196898.013,197454.26,196592.711,197394.036,150,70328,0
2026-08-19 10:45:00+00:00,197393.639,197767.282,196951.414,196951.414,150,70328,0
2026-08-19 10:50:00+00:00,196953.611,197182.147,196692.596,196889.0,150,70328,0
2026-08-19 10:55:00+00:00,196893.069,196961.33,196170.759,196255.631,150,70328,0
2026-08-19 11:00:00+00:00,196309.445,196648.312,195631.326,195768.03,150,70328,0
2026-08-19 11:05:00+00:00,195772.856,196127.06,195533.237,195841.593,150,70328,0
2026-08-19 11:10:00+00:00,195983.071,196718.931,195821.175,196569.086,150,70328,0
2026-08-19 11:15:00+00:00,196642.617,197004.308,196340.451,196999.053,150,70328,0
2026-08-19 11:20:00+00:00,197069.091,197069.091,196154.943,196270.188,150,70328,0
2026-08-19 11:25:00+00:00,196259.841,196393.807,195314.84,195314.84,150,70328,0
2026-08-19 11:30:00+00:00,195370.616,195469.147,194565.423,194863.699,150,70328,0
2026-08-19 11:35:00+00:00,194903.729,195816.267,194684.19,195782.16,150,70328,0
2026-08-19 11:40:00+00:00,195719.571,196102.36,195531.619,196037.87,150,70328,0
2026-08-19 11:45:00+00:00,195987.271,195992.077,194740.699,195020.048,150,70328,0
2026-08-19 11:50:00+00:00,195100.548,195651.083,194977.211,195500.074,150,70328,0
2026-08-19 11:55:00+00:00,195582.547,196187.327,195362.383,195961.329,150,70328,0
2026-08-19 12:00:00+00:00,196005.978,197002.315,195778.732,196890.15,150,70328,0
2026-08-19 12:05:00+00:00,196938.054,198009.459,196768.074,197987.363,150,70328,0
2026-08-19 12:10:00+00:00,197902.166,198285.9,197655.063,197982.029,150,70328,0
2026-08-19 12:15:00+00:00,198039.846,198494.188,197383.623,198470.741,150,70328,0
2026-08-19 12:20:00+00:00,198539.345,198857.435,198405.207,198614.237,150,70328,0
2026-08-19 12:25:00+00:00,198631.305,199293.121,198549.703,199079.907,150,70328,0
2026-08-19 12:30:00+00:00,199119.967,199412.558,198475.021,199412.558,150,70328,0
2026-08-19 12:35:00+00:00,199446.463,199571.998,198408.058,198512.539,150,70328,0
2026-08-19 12:40:00+00:00,198533.187,198949.281,198092.612,198092.612,150,70328,0
2026-08-19 12:45:00+00:00,198062.334,198268.67,197114.628,197351.65,150,70328,0
2026-08-19 12:50:00+00:00,197362.866,197737.41,196663.549,197089.368,150,70328,0
2026-08-19 12:55:00+00:00,197044.971,197120.854,196313.194,196346.994,150,70328,0
2026-08-19 13:00:00+00:00,196329.388,197082.472,196285.112,196879.449,150,70328,0
2026-08-19 13:05:00+00:00,196941.174,197219.407,196437.171,197090.004,150,70328,0
2026-08-19 13:10:00+00:00,197069.525,197069.525,196345.059,196616.617,150,70328,0
2026-08-19 13:15:00+00:00,196562.296,197437.105,196372.183,197437.105,150,70328,0
2026-08-19 13:20:00+00:00,197426.165,197427.18,196688.485,196688.485,150,70328,0
2026-08-19 13:25:00+00:00,196725.777,196765.64,196193.203,196346.295,150,70328,0
2026-08-19 13:30:00+00:00,196385.114,196424.103,195986.195,196309.51,150,70328,0
2026-08-19 13:35:00+00:00,196310.369,196356.086,195450.229,195545.333,150,70328,0
2026-08-19 13:40:00+00:00,195552.65,195709.949,195192.144,195458.934,150,70328,0
2026-08-19 13:45:00+00:00,195451.725,195522.974,194909.985,194982.905,150,70328,0
2026-08-19 13:50:00+00:00,195005.514,196026.109,194863.192,195862.26,150,70328,0
2026-08-19 13:55:00+00:00,195850.255,196126.804,195221.769,195317.965,150,70328,0
2026-08-19 14:00:00+00:00,195297.213,195594.025,194770.773,194770.773,150,70328,0
2026-08-19 14:05:00+00:00,194759.493,195085.001,194628.917,194713.468,150,70328,0
2026-08-19 14:10:00+00:00,194689.022,195547.862,194689.022,195547.862,150,70328,0
2026-08-19 14:15:00+00:00,195551.819,195901.496,195264.383,195307.328,150,70328,0
2026-08-19 14:20:00+00:00,195203.618,195401.542,194985.54,195167.256,150,70328,0
2026-08-19 14:25:00+00:00,195150.729,196399.946,195093.854,196231.374,150,70328,0
2026-08-19 14:30:00+00:00,196257.08,196257.08,195370.826,195953.417,150,70328,0
2026-08-19 14:35:00+00:00,195949.964,196620.559,195684.535,196360.154,150,70328,0
2026-08-19 14:40:00+00:00,196362.368,196402.6,195768.876,196113.174,150,70328,0
2026-08-19 14:45:00+00:00,196159.179,197489.956,195952.699,197416.843,150,70328,0
2026-08-19 14:50:00+00:00,197420.095,197902.041,197420.095,197765.36,150,70328,0
2026-08-19 14:55:00+00:00,197869.487,198069.977,197615.321,197849.683,150,70328,0
2026-08-19 15:00:00+00:00,197842.252,198067.703,197434.228,197660.134,150,70328,0
2026-08-19 15:05:00+00:00,197671.598,198975.948,197641.619,198975.948,150,70328,0
2026-08-19 15:10:00+00:00,198997.956,199531.528,198995.147,199464.181,150,70328,0
2026-08-19 15:15:00+00:00,199515.845,200403.244,199485.384,200247.941,150,70328,0
2026-08-19 15:20:00+00:00,200331.955,200498.728,199860.441,200076.397,150,70328,0
2026-08-19 15:25:00+00:00,200107.509,200814.746,200091.242,200774.05,150,70328,0
2026-08-19 15:30:00+00:00,200804.901,201499.592,200747.676,201459.853,150,70328,0
2026-08-19 15:35:00+00:00,201531.713,202227.821,201199.309,202170.75,150,70328,0
2026-08-19 15:40:00+00:00,202194.753,202874.724,202194.753,202579.663,150,70328,0
2026-08-19 15:45:00+00:00,202585.225,202585.225,201604.163,201694.337,150,70328,0
2026-08-19 15:50:00+00:00,201756.225,202028.817,201428.084,201875.728,150,70328,0
2026-08-19 15:55:00+00:00,201917.084,202511.987,201752.898,201862.645,150,70328,0
2026-08-19 16:00:00+00:00,201834.769,202416.69,201595.092,202332.509,150,70328,0
2026-08-19 16:05:00+00:00,202352.11,203133.521,202276.242,203133.521,150,70328,0
2026-08-19 16:10:00+00:00,203133.542,203926.675,202838.707,203655.926,150,70328,0
2026-08-19 16:15:00+00:00,203750.226,203834.634,203082.6,203380.675,150,70328,0
2026-08-19 16:20:00+00:00,203401.872,203711.47,202961.921,203177.374,150,70328,0
2026-08-19 16:25:00+00:00,203186.16,203523.094,203046.935,203259.815,150,70328,0
2026-08-19 16:30:00+00:00,203263.579,203451.968,202824.851,202977.201,150,70328,0
2026-08-19 16:35:00+00:00,203007.635,203370.28,202686.262,202702.848,150,70328,0
2026-08-19 16:40:00+00:00,202834.106,202993.597,202203.38,202865.367,150,70328,0
2026-08-19 16:45:00+00:00,202868.06,203310.559,202322.609,203310.559,150,70328,0
2026-08-19 16:50:00+00:00,203334.547,203684.014,203148.949,203288.39,150,70328,0
2026-08-19 16:55:00+00:00,203243.916,203304.348,202405.897,202828.466,150,70328,0
2026-08-19 17:00:00+00:00,202800.392,203268.431,202577.334,203108.116,150,70328,0
2026-08-19 17:05:00+00:00,203081.324,203705.5,202959.228,203513.738,150,70328,0
2026-08-19 17:10:00+00:00,203551.206,203894.446,203349.869,203382.43,150,70328,0
2026-08-19 17:15:00+00:00,203340.496,204072.874,203088.421,204028.289,150,70328,0
2026-08-19 17:20:00+00:00,204052.397,204431.527,203676.596,204379.626,150,70328,0
2026-08-19 17:25:00+00:00,204321.57,205348.082,204084.188,205313.828,150,70328,0
2026-08-19 17:30:00+00:00,205327.321,205655.008,204645.674,204909.663,150,70328,0
2026-08-19 17:35:00+00:00,204883.193,204899.0,204504.333,204714.127,150,70328,0
2026-08-19 17:40:00+00:00,204726.462,205374.631,204640.081,205093.825,150,70328,0
2026-08-19 17:45:00+00:00,205140.339,205448.106,204505.685,204656.521,150,70328,0
2026-08-19 17:50:00+00:00,204683.64,204742.792,203411.74,203515.656,150,70328,0
2026-08-19 17:55:00+00:00,203462.568,203691.054,202548.987,202793.031,150,70328,0
2026-08-19 18:00:00+00:00,202789.795,203494.069,202527.265,203212.561,150,70328,0
2026-08-19 18:05:00+00:00,203170.495,203670.179,202871.48,202907.234,150,70328,0
2026-08-19 18:10:00+00:00,202933.967,203335.001,202357.038,203335.001,150,70328,0
2026-08-19 18:15:00+00:00,203408.679,203846.127,203243.63,203243.63,150,70328,0
2026-08-19 18:20:00+00:00,203162.561,203214.905,202173.55,202870.8,150,70328,0
2026-08-19 18:25:00+00:00,202956.973,203584.166,202789.733,203467.466,150,70328,0
2026-08-19 18:30:00+00:00,203457.219,203776.008,202328.06,202328.06,150,70328,0
2026-08-19 18:35:00+00:00,202288.116,202293.954,201344.683,201815.95,150,70328,0
2026-08-19 18:40:00+00:00,201744.899,202022.807,201417.586,201900.547,150,70328,0
2026-08-19 18:45:00+00:00,201934.704,202061.094,201465.469,201521.086,150,70328,0
2026-08-19 18:50:00+00:00,201504.089,201541.858,200849.232,200928.678,150,70328,0
2026-08-19 18:55:00+00:00,200959.49,202101.221,200953.636,201671.175,150,70328,0
2026-08-19 19:00:00+00:00,201620.609,201863.935,201088.55,201172.199,150,70328,0
2026-08-19 19:05:00+00:00,201144.249,202097.104,201090.749,202047.936,150,70328,0
2026-08-19 19:10:00+00:00,202023.818,202500.454,201846.855,202153.65,150,70328,0
2026-08-19 19:15:00+00:00,202113.286,202227.565,201353.96,201424.383,150,70328,0
2026-08-19 19:20:00+00:00,201472.475,201820.123,200886.179,200893.911,150,70328,0
2026-08-19 19:25:00+00:00,200893.029,201321.865,200771.658,201238.487,150,70328,0
2026-08-19 19:30:00+00:00,201181.353,201590.96,200563.897,200586.448,150,70328,0
2026-08-19 19:35:00+00:00,200519.437,200649.265,199644.186,199669.516,150,70328,0
2026-08-19 19:40:00+00:00,199651.196,200617.077,199651.196,200205.151,150,70328,0
2026-08-19 19:45:00+00:00,200318.88,200750.334,200073.363,200495.321,150,70328,0
2026-08-19 19:50:00+00:00,200555.17,200612.65,199555.734,199725.473,150,70328,0
2026-08-19 19:55:00+00:00,199689.277,200043.716,199059.723,199189.165,150,70328,0
2026-08-19 20:00:00+00:00,199164.747,199539.457,198918.537,199474.297,150,70328,0
2026-08-19 20:05:00+00:00,199503.773,199503.773,198770.048,199445.422,150,70328,0
2026-08-19 20:10:00+00:00,199502.886,199502.886,198651.908,198873.87,150,70328,0
2026-08-19 20:15:00+00:00,198902.897,199802.963,198685.432,199450.441,150,70328,0
2026-08-19 20:20:00+00:00,199456.372,199459.074,198636.859,199006.494,150,70328,0
2026-08-19 20:25:00+00:00,198923.698,199017.786,198466.078,198486.507,150,70328,0
2026-08-19 20:30:00+00:00,198510.829,198991.441,197857.033,198114.819,150,70328,0
2026-08-19 20:35:00+00:00,198244.723,198473.123,197855.412,198016.549,150,70328,0
2026-08-19 20:40:00+00:00,198065.233,199033.739,197770.687,198628.92,150,70328,0
2026-08-19 20:45:00+00:00,198605.494,198637.395,197900.681,198023.677,150,70328,0
2026-08-19 20:50:00+00:00,197894.904,198048.884,197441.703,197559.376,150,70328,0
2026-08-19 20:55:00+00:00,197525.426,197810.971,196933.921,196958.537,150,70328,0
2026-08-19 21:00:00+00:00,196976.494,197535.611,196803.029,197101.942,150,70328,0
2026-08-19 21:05:00+00:00,197035.641,197043.22,195978.531,196152.044,150,70328,0
2026-08-19 21:10:00+00:00,196175.889,196459.721,196007.12,196306.535,150,70328,0
2026-08-19 21:15:00+00:00,196302.237,197225.203,196200.034,197225.203,150,70328,0
2026-08-19 21:20:00+00:00,197228.178,198216.442,197228.178,198070.636,150,70328,0
2026-08-19 21:25:00+00:00,197998.332,198157.962,197317.779,197931.555,150,70328,0
2026-08-19 21:30:00+00:00,197969.749,198553.315,197969.749,198496.051,150,70328,0
2026-08-19 21:35:00+00:00,198532.39,198803.376,198142.189,198615.729,150,70328,0
2026-08-19 21:40:00+00:00,198648.778,198758.347,197992.112,198562.908,150,70328,0
2026-08-19 21:45:00+00:00,198593.081,199437.188,198538.732,198831.443,150,70328,0
2026-08-19 21:50:00+00:00,198845.784,199234.449,198690.319,198834.387,150,70328,0
2026-08-19 21:55:00+00:00,198808.728,199710.747,198446.964,199258.95,150,70328,0
2026-08-19 22:00:00+00:00,199238.035,200295.908,199172.949,199988.523,150,70328,0
2026-08-19 22:05:00+00:00,199879.269,200322.568,199195.132,200300.046,150,70328,0
2026-08-19 22:10:00+00:00,200287.311,200827.432,200168.96,200484.602,150,70328,0
2026-08-19 22:15:00+00:00,200509.461,201364.558,200257.797,201364.558,150,70328,0
2026-08-19 22:20:00+00:00,201348.894,201948.093,201300.448,201862.82,150,70328,0
2026-08-19 22:25:00+00:00,201820.523,202137.932,201282.914,202091.924,150,70328,0
2026-08-19 22:30:00+00:00,202161.488,203242.318,201986.118,202871.181,150,70328,0
2026-08-19 22:35:00+00:00,202871.302,203983.562,202862.28,203721.467,150,70328,0
2026-08-19 22:40:00+00:00,203732.158,204658.083,203655.048,204593.401,150,70328,0
2026-08-19 22:45:00+00:00,204660.819,204824.187,204122.436,204370.51,150,70328,0
2026-08-19 22:50:00+00:00,204324.785,204838.605,204030.331,204754.011,150,70328,0
2026-08-19 22:55:00+00:00,204724.92,205560.475,204724.92,205263.96,150,70328,0
2026-08-19 23:00:00+00:00,205278.767,205538.264,204206.8,204448.239,150,70328,0
2026-08-19 23:05:00+00:00,204471.536,205023.401,204091.023,204940.883,150,70328,0
2026-08-19 23:10:00+00:00,204862.704,204862.704,203470.506,203525.877,150,70328,0
2026-08-19 23:15:00+00:00,203492.115,203858.936,203324.762,203367.086,150,70328,0
2026-08-19 23:20:00+00:00,203347.931,203385.384,202747.651,202989.908,150,70328,0
2026-08-19 23:25:00+00:00,202980.102,203368.499,202656.01,202803.973,150,70328,0
2026-08-19 23:30:00+00:00,202832.178,202859.211,202221.144,202383.131,150,70328,0
2026-08-19 23:35:00+00:00,202379.463,203334.818,202261.425,202921.802,150,70328,0
2026-08-19 23:40:00+00:00,202921.846,203017.486,202578.155,202969.546,150,70328,0
2026-08-19 23:45:00+00:00,202900.7,203745.06,202900.7,203541.277,150,70328,0
2026-08-19 23:50:00+00:00,203538.522,204804.799,203364.523,204804.799,150,70328,0
2026-08-19 23:55:00+00:00,204856.893,204908.408,204053.179,204306.754,150,70328,0
2026-08-20 00:00:00+00:00,204293.775,205007.51,204066.676,204581.16,150,70328,0
2026-08-20 00:05:00+00:00,204576.293,205062.688,204286.362,204869.284,150,70328,0
2026-08-20 00:10:00+00:00,204830.327,205256.026,204716.347,205119.73,150,70328,0
2026-08-20 00:15:00+00:00,205052.762,205907.688,204701.557,205080.819,150,70328,0
2026-08-20 00:20:00+00:00,205021.096,205181.902,204602.125,204657.514,150,70328,0
2026-08-20 00:25:00+00:00,204632.685,205007.068,204276.474,204585.233,150,70328,0
2026-08-20 00:30:00+00:00,204589.795,205617.815,204589.795,205617.815,150,70328,0
2026-08-20 00:35:00+00:00,205611.328,205974.763,205363.437,205708.771,150,70328,0
2026-08-20 00:40:00+00:00,205730.909,206017.742,205595.819,206017.742,150,70328,0
2026-08-20 00:45:00+00:00,205924.499,206066.241,205468.854,205607.565,150,70328,0
2026-08-20 00:50:00+00:00,205627.487,206378.711,205571.839,206244.941,150,70328,0
2026-08-20 00:55:00+00:00,206197.92,207094.162,206143.525,206939.465,150,70328,0
2026-08-20 01:00:00+00:00,206967.486,206967.486,206005.457,206609.527,150,70328,0
2026-08-20 01:05:00+00:00,206524.935,206702.815,205541.648,205590.468,150,70328,0
2026-08-20 01:10:00+00:00,205592.419,206171.196,205418.816,206050.24,150,70328,0
2026-08-20 01:15:00+00:00,206038.953,206495.224,205239.913,206449.611,150,70328,0
2026-08-20 01:20:00+00:00,206456.162,207055.058,206294.43,206335.543,150,70328,0
2026-08-20 01:25:00+00:00,206350.971,206951.152,206084.651,206940.383,150,70328,0
2026-08-20 01:30:00+00:00,206870.945,207168.969,206144.54,206144.54,150,70328,0
2026-08-20 01:35:00+00:00,206149.16,206533.743,206042.747,206394.671,150,70328,0
2026-08-20 01:40:00+00:00,206454.825,206610.665,206074.14,206322.651,150,70328,0
2026-08-20 01:45:00+00:00,206329.029,206479.605,205756.755,206439.972,150,70328,0
2026-08-20 01:50:00+00:00,206430.447,206451.145,205662.241,205819.991,150,70328,0
2026-08-20 01:55:00+00:00,205797.801,205901.983,204905.786,204994.316,150,70328,0
2026-08-20 02:00:00+00:00,205070.834,205205.673,204352.492,205118.347,150,70328,0
2026-08-20 02:05:00+00:00,205095.569,205656.904,204807.29,205104.054,150,70328,0
2026-08-20 02:10:00+00:00,205110.105,205259.378,203801.856,203969.828,150,70328,0
2026-08-20 02:15:00+00:00,204052.073,204427.408,203806.923,204144.618,150,70328,0
2026-08-20 02:20:00+00:00,204143.238,204927.457,203904.443,204311.569,150,70328,0
2026-08-20 02:25:00+00:00,204277.751,204648.371,204122.882,204254.955,150,70328,0
2026-08-20 02:30:00+00:00,204243.671,204538.737,203619.712,204356.159,150,70328,0
2026-08-20 02:35:00+00:00,204352.285,204386.438,203855.409,204386.438,150,70328,0
2026-08-20 02:40:00+00:00,204414.41,204572.972,203849.252,203877.052,150,70328,0
2026-08-20 02:45:00+00:00,203863.645,203919.656,203015.549,203052.784,150,70328,0
2026-08-20 02:50:00+00:00,203017.263,203356.121,202895.011,203086.782,150,70328,0
2026-08-20 02:55:00+00:00,203031.811,203347.706,202595.835,203279.47,150,70328,0
2026-08-20 03:00:00+00:00,203331.764,203622.895,203137.306,203359.795,150,70328,0
2026-08-20 03:05:00+00:00,203300.244,203382.101,202816.871,203102.682,150,70328,0
2026-08-20 03:10:00+00:00,203019.319,203399.073,202120.04,202120.04,150,70328,0
2026-08-20 03:15:00+00:00,202130.435,202538.549,201714.035,202538.549,150,70328,0
2026-08-20 03:20:00+00:00,202413.668,202940.03,202287.622,202467.317,150,70328,0
2026-08-20 03:25:00+00:00,202453.401,202453.401,201473.869,202057.836,150,70328,0
2026-08-20 03:30:00+00:00,202026.081,202163.263,201533.654,201870.918,150,70328,0
2026-08-20 03:35:00+00:00,201892.417,201982.229,201123.358,201894.959,150,70328,0
2026-08-20 03:40:00+00:00,201894.011,201945.87,201257.641,201768.046,150,70328,0
2026-08-20 03:45:00+00:00,201798.619,202037.881,201492.43,202037.881,150,70328,0
2026-08-20 03:50:00+00:00,202147.454,202188.522,201460.554,201839.159,150,70328,0
2026-08-20 03:55:00+00:00,201768.466,201884.871,201414.016,201596.571,150,70328,0
2026-08-20 04:00:00+00:00,201600.744,202618.003,201600.744,202145.331,150,70328,0
2026-08-20 04:05:00+00:00,202038.141,202476.579,201759.551,202474.709,150,70328,0
2026-08-20 04:10:00+00:00,202459.874,203714.786,202277.855,203706.225,150,70328,0
2026-08-20 04:15:00+00:00,203741.713,204147.668,203570.647,203852.479,150,70328,0
2026-08-20 04:20:00+00:00,203781.391,204622.468,203602.102,204531.603,150,70328,0
2026-08-20 04:25:00+00:00,204518.679,204611.715,203300.16,203743.229,150,70328,0
2026-08-20 04:30:00+00:00,203782.536,204527.776,203773.014,204526.168,150,70328,0
2026-08-20 04:35:00+00:00,204556.959,204604.275,204009.711,204185.922,150,70328,0
2026-08-20 04:40:00+00:00,204197.064,204293.989,203375.216,203375.216,150,70328,0
2026-08-20 04:45:00+00:00,203432.77,203469.542,202830.656,203214.064,150,70328,0
2026-08-20 04:50:00+00:00,203153.393,204075.523,203153.393,203475.064,150,70328,0
2026-08-20 04:55:00+00:00,203525.772,204033.27,203422.629,203902.791,150,70328,0
2026-08-20 05:00:00+00:00,203867.188,204670.03,203690.257,204315.813,150,70328,0
2026-08-20 05:05:00+00:00,204227.523,204435.724,203474.658,203474.658,150,70328,0
2026-08-20 05:10:00+00:00,203410.333,203833.959,203198.989,203777.518,150,70328,0
2026-08-20 05:15:00+00:00,203708.855,204270.226,203126.887,203305.968,150,70328,0
2026-08-20 05:20:00+00:00,203340.224,203681.365,203202.659,203221.335,150,70328,0
2026-08-20 05:25:00+00:00,203142.455,203404.639,202813.943,202823.246,150,70328,0
2026-08-20 05:30:00+00:00,202772.361,203112.343,202286.332,202498.54,150,70328,0
2026-08-20 05:35:00+00:00,202563.595,202624.232,201239.547,201398.191,150,70328,0
2026-08-20 05:40:00+00:00,201426.851,202552.524,201293.193,202254.479,150,70328,0
2026-08-20 05:45:00+00:00,202295.09,202984.696,202054.527,202615.153,150,70328,0
2026-08-20 05:50:00+00:00,202639.863,203142.315,202470.468,203051.335,150,70328,0
2026-08-20 05:55:00+00:00,203110.038,204252.895,203082.799,204041.877,150,70328,0
2026-08-20 06:00:00+00:00,204038.015,204098.154,203257.334,203402.427,150,70328,0
2026-08-20 06:05:00+00:00,203320.19,204016.256,203108.843,203868.385,150,70328,0
2026-08-20 06:10:00+00:00,203896.03,204156.371,203608.71,203668.886,150,70328,0
2026-08-20 06:15:00+00:00,203673.964,204297.846,203595.073,204025.148,150,70328,0
2026-08-20 06:20:00+00:00,204013.492,205174.356,203912.069,204972.387,150,70328,0
2026-08-20 06:25:00+00:00,204960.357,205298.627,204558.702,205037.985,150,70328,0
2026-08-20 06:30:00+00:00,205020.033,205020.033,203939.832,204683.72,150,70328,0
2026-08-20 06:35:00+00:00,204733.747,205008.613,204142.782,204597.12,150,70328,0
2026-08-20 06:40:00+00:00,204593.043,204693.818,203909.963,203951.757,150,70328,0
2026-08-20 06:45:00+00:00,203888.582,204161.425,202713.324,203078.808,150,70328,0
2026-08-20 06:50:00+00:00,203107.902,203437.819,202760.643,202790.229,150,70328,0
2026-08-20 06:55:00+00:00,202773.69,203408.449,202770.638,202979.617,150,70328,0
2026-08-20 07:00:00+00:00,203010.714,203815.411,202720.317,203781.899,150,70328,0
2026-08-20 07:05:00+00:00,203728.903,204103.103,203481.689,203854.679,150,70328,0
2026-08-20 07:10:00+00:00,203846.752,204153.305,203613.312,204063.099,150,70328,0
2026-08-20 07:15:00+00:00,204083.76,204233.034,203064.56,203353.269,150,70328,0
2026-08-20 07:20:00+00:00,203292.283,203394.202,202502.107,202733.278,150,70328,0
2026-08-20 07:25:00+00:00,202783.382,203022.57,202339.471,202704.217,150,70328,0
2026-08-20 07:30:00+00:00,202761.046,203268.521,202696.641,202912.756,150,70328,0
2026-08-20 07:35:00+00:00,202920.389,203296.032,202810.615,203212.968,150,70328,0
2026-08-20 07:40:00+00:00,203162.821,203344.396,202944.911,202988.308,150,70328,0
2026-08-20 07:45:00+00:00,202996.252,203204.238,202414.496,202523.105,150,70328,0
2026-08-20 07:50:00+00:00,202512.419,203815.489,202512.419,203722.938,150,70328,0
2026-08-20 07:55:00+00:00,203699.662,204556.554,203589.602,204526.291,150,70328,0
2026-08-20 08:00:00+00:00,204504.388,205045.781,204409.712,204631.004,150,70328,0
2026-08-20 08:05:00+00:00,204581.804,205073.088,204581.804,204887.631,150,70328,0
2026-08-20 08:10:00+00:00,204836.536,206014.249,204509.381,206014.249,150,70328,0
2026-08-20 08:15:00+00:00,205988.203,206870.101,205757.685,206711.6,150,70328,0
2026-08-20 08:20:00+00:00,206652.815,207330.606,206488.131,206958.914,150,70328,0
2026-08-20 08:25:00+00:00,206968.941,208118.091,206968.941,208052.9,150,70328,0
2026-08-20 08:30:00+00:00,208132.86,208250.077,207388.599,207809.645,150,70328,0
2026-08-20 08:35:00+00:00,207866.174,209352.796,207831.323,209210.016,150,70328,0
2026-08-20 08:40:00+00:00,209249.478,209310.068,208286.624,208491.721,150,70328,0
2026-08-20 08:45:00+00:00,208415.306,208655.882,208030.704,208506.959,150,70328,0
2026-08-20 08:50:00+00:00,208497.511,209045.367,208226.547,208226.547,150,70328,0
2026-08-20 08:55:00+00:00,208239.881,209102.706,208148.808,208847.875,150,70328,0
2026-08-20 09:00:00+00:00,208787.713,209539.188,208614.304,209166.944,150,70328,0
2026-08-20 09:05:00+00:00,209169.446,209277.28,208305.682,208505.543,150,70328,0
2026-08-20 09:10:00+00:00,208478.629,208684.036,207511.493,207578.974,150,70328,0
2026-08-20 09:15:00+00:00,207620.804,207859.778,206904.173,207088.763,150,70328,0
2026-08-20 09:20:00+00:00,207182.155,207670.934,206797.014,206882.092,150,70328,0
2026-08-20 09:25:00+00:00,206877.349,207208.803,206419.91,206850.763,150,70328,0
2026-08-20 09:30:00+00:00,206821.751,207544.484,206519.932,207299.431,150,70328,0
2026-08-20 09:35:00+00:00,207313.872,207851.095,207263.381,207697.388,150,70328,0
2026-08-20 09:40:00+00:00,207639.007,208335.156,207514.804,208319.259,150,70328,0
2026-08-20 09:45:00+00:00,208280.566,208593.802,207969.871,208467.381,150,70328,0
2026-08-20 09:50:00+00:00,208418.364,208982.75,208039.819,208576.027,150,70328,0
2026-08-20 09:55:00+00:00,208662.34,208686.597,208075.244,208442.01,150,70328,0
2026-08-20 10:00:00+00:00,208402.458,208602.061,207356.072,207439.03,150,70328,0
2026-08-20 10:05:00+00:00,207436.635,208439.351,207237.695,208190.103,150,70328,0
2026-08-20 10:10:00+00:00,208202.201,208842.802,208174.571,208842.802,150,70328,0
2026-08-20 10:15:00+00:00,208746.672,209263.765,208225.712,209263.765,150,70328,0
2026-08-20 10:20:00+00:00,209292.327,209454.31,208758.384,209185.644,150,70328,0
2026-08-20 10:25:00+00:00,209194.576,209413.696,208872.803,209018.618,150,70328,0
2026-08-20 10:30:00+00:00,208989.504,209348.208,208668.163,209345.892,150,70328,0
2026-08-20 10:35:00+00:00,209380.724,209522.196,208499.268,208744.405,150,70328,0
2026-08-20 10:40:00+00:00,208759.907,208857.916,207669.637,207797.026,150,70328,0
2026-08-20 10:45:00+00:00,207864.956,208385.058,207771.074,207962.328,150,70328,0
2026-08-20 10:50:00+00:00,207972.626,208016.801,206507.955,206973.528,150,70328,0
2026-08-20 10:55:00+00:00,207034.333,207532.758,206920.132,207219.987,150,70328,0
2026-08-20 11:00:00+00:00,207212.282,207735.042,207108.339,207186.209,150,70328,0
2026-08-20 11:05:00+00:00,207197.704,207505.185,206902.753,207115.293,150,70328,0
2026-08-20 11:10:00+00:00,207134.234,207792.284,207028.979,207552.681,150,70328,0
2026-08-20 11:15:00+00:00,207557.021,208200.337,207379.889,208125.297,150,70328,0
2026-08-20 11:20:00+00:00,208184.935,208805.839,208020.507,208161.626,150,70328,0
2026-08-20 11:25:00+00:00,208183.749,208662.157,207210.168,207314.274,150,70328,0
2026-08-20 11:30:00+00:00,207357.608,207855.92,207083.761,207250.209,150,70328,0
2026-08-20 11:35:00+00:00,207293.964,207864.251,207109.746,207109.746,150,70328,0
2026-08-20 11:40:00+00:00,207161.725,207310.189,206696.522,206874.835,150,70328,0
2026-08-20 11:45:00+00:00,206859.412,207753.254,206761.538,206968.9,150,70328,0
2026-08-20 11:50:00+00:00,206918.533,206988.124,206243.401,206829.643,150,70328,0
2026-08-20 11:55:00+00:00,206786.945,207281.531,206112.774,206336.539,150,70328,0
2026-08-20 12:00:00+00:00,206333.847,206490.992,205961.913,206184.491,150,70328,0
2026-08-20 12:05:00+00:00,206192.621,206488.425,205932.092,206294.845,150,70328,0
2026-08-20 12:10:00+00:00,206306.837,206669.486,205993.185,206336.878,150,70328,0
2026-08-20 12:15:00+00:00,206287.95,206855.039,206066.755,206268.031,150,70328,0
2026-08-20 12:20:00+00:00,206247.416,206843.053,205918.561,206514.387,150,70328,0
2026-08-20 12:25:00+00:00,206556.947,207174.974,206220.278,206911.749,150,70328,0
2026-08-20 12:30:00+00:00,206883.403,206999.125,206260.083,206356.637,150,70328,0
2026-08-20 12:35:00+00:00,206353.958,206828.848,206013.917,206828.848,150,70328,0
2026-08-20 12:40:00+00:00,206855.3,206948.399,205777.969,205825.111,150,70328,0
2026-08-20 12:45:00+00:00,205832.851,206102.201,205437.698,205454.241,150,70328,0
2026-08-20 12:50:00+00:00,205419.13,206428.146,205315.902,206428.146,150,70328,0
2026-08-20 12:55:00+00:00,206469.923,206630.281,205624.117,205846.737,150,70328,0
2026-08-20 13:00:00+00:00,205934.951,206152.56,205422.276,206140.993,150,70328,0
2026-08-20 13:05:00+00:00,206093.4,206671.216,205766.154,206615.209,150,70328,0
2026-08-20 13:10:00+00:00,206597.478,207124.676,206381.493,206994.572,150,70328,0
2026-08-20 13:15:00+00:00,206976.882,208302.535,206793.101,208180.165,150,70328,0
2026-08-20 13:20:00+00:00,208182.854,208607.022,207567.574,208202.221,150,70328,0
2026-08-20 13:25:00+00:00,208168.426,208457.437,207707.585,208363.276,150,70328,0
2026-08-20 13:30:00+00:00,208370.177,208666.875,207761.203,207832.571,150,70328,0
2026-08-20 13:35:00+00:00,207907.933,208116.999,207162.963,207266.739,150,70328,0
2026-08-20 13:40:00+00:00,207336.701,207336.701,206389.81,207045.092,150,70328,0
2026-08-20 13:45:00+00:00,207027.828,208077.955,207027.828,207945.555,150,70328,0
2026-08-20 13:50:00+00:00,207944.357,208112.392,207498.568,207656.49,150,70328,0
2026-08-20 13:55:00+00:00,207641.841,208370.943,207142.499,208091.302,150,70328,0
2026-08-20 14:00:00+00:00,208079.83,208385.565,207806.949,207988.51,150,70328,0
2026-08-20 14:05:00+00:00,208045.011,208054.822,207208.761,207946.853,150,70328,0
2026-08-20 14:10:00+00:00,207946.495,207946.495,207169.94,207331.24,150,70328,0
2026-08-20 14:15:00+00:00,207246.011,207563.039,206484.14,206915.776,150,70328,0
2026-08-20 14:20:00+00:00,206904.029,207592.762,206739.605,206937.442,150,70328,0
2026-08-20 14:25:00+00:00,206947.506,206947.906,205835.231,205859.07,150,70328,0
2026-08-20 14:30:00+00:00,205852.338,206066.128,205552.755,205992.654,150,70328,0
2026-08-20 14:35:00+00:00,205983.538,206179.596,205455.086,205455.086,150,70328,0
2026-08-20 14:40:00+00:00,205506.694,205790.766,205104.912,205708.973,150,70328,0
2026-08-20 14:45:00+00:00,205670.444,205882.458,205379.123,205795.946,150,70328,0
2026-08-20 14:50:00+00:00,205713.567,206304.88,205584.11,206272.21,150,70328,0
2026-08-20 14:55:00+00:00,206282.898,206754.958,206120.781,206224.287,150,70328,0
2026-08-20 15:00:00+00:00,206247.761,206866.588,206113.268,206866.588,150,70328,0
2026-08-20 15:05:00+00:00,206833.635,207052.937,206074.72,206232.465,150,70328,0
2026-08-20 15:10:00+00:00,206209.255,207219.483,206209.255,206605.656,150,70328,0
2026-08-20 15:15:00+00:00,206621.687,207420.287,206500.896,207365.582,150,70328,0
2026-08-20 15:20:00+00:00,207359.994,207359.994,206623.551,206724.7,150,70328,0
2026-08-20 15:25:00+00:00,206772.651,207563.609,206772.651,207117.981,150,70328,0
2026-08-20 15:30:00+00:00,207131.824,207878.133,206863.337,207630.773,150,70328,0
2026-08-20 15:35:00+00:00,207617.474,208037.218,207047.524,207248.575,150,70328,0
2026-08-20 15:40:00+00:00,207269.426,207987.052,207160.296,207884.808,150,70328,0
2026-08-20 15:45:00+00:00,207852.642,208539.594,207358.238,207489.624,150,70328,0
2026-08-20 15:50:00+00:00,207425.688,207691.989,207202.005,207641.495,150,70328,0
2026-08-20 15:55:00+00:00,207632.262,208019.579,207355.971,207764.568,150,70328,0
2026-08-20 16:00:00+00:00,207721.536,208596.345,207721.536,208596.345,150,70328,0
2026-08-20 16:05:00+00:00,208553.4,208872.172,208016.077,208016.077,150,70328,0
2026-08-20 16:10:00+00:00,208069.51,208677.291,207224.767,207425.717,150,70328,0
2026-08-20 16:15:00+00:00,207419.088,208185.198,207400.458,207619.428,150,70328,0
2026-08-20 16:20:00+00:00,207604.57,207604.57,207026.156,207342.252,150,70328,0
2026-08-20 16:25:00+00:00,207395.217,207974.64,207046.801,207695.353,150,70328,0
2026-08-20 16:30:00+00:00,207719.901,207972.653,207349.09,207495.682,150,70328,0
2026-08-20 16:35:00+00:00,207584.372,208246.943,207388.016,208242.426,150,70328,0
2026-08-20 16:40:00+00:00,208170.829,209419.639,208170.829,209112.654,150,70328,0
2026-08-20 16:45:00+00:00,209133.046,209762.196,209024.831,209433.178,150,70328,0
2026-08-20 16:50:00+00:00,209456.751,209941.682,209084.543,209367.565,150,70328,0
2026-08-20 16:55:00+00:00,209369.707,209417.606,208732.205,208756.709,150,70328,0
2026-08-20 17:00:00+00:00,208676.628,209244.125,208555.565,208580.299,150,70328,0
2026-08-20 17:05:00+00:00,208557.335,209041.329,208277.156,208647.137,150,70328,0
2026-08-20 17:10:00+00:00,208595.182,208762.308,206685.007,206749.628,150,70328,0
2026-08-20 17:15:00+00:00,206669.284,206831.651,206232.901,206277.385,150,70328,0
2026-08-20 17:20:00+00:00,206193.393,206335.597,205616.608,206137.998,150,70328,0
2026-08-20 17:25:00+00:00,206115.566,206573.676,205803.138,205877.72,150,70328,0
2026-08-20 17:30:00+00:00,205881.332,205951.813,205054.985,205429.567,150,70328,0
2026-08-20 17:35:00+00:00,205368.443,205948.792,205265.602,205703.292,150,70328,0
2026-08-20 17:40:00+00:00,205669.541,205971.276,205136.158,205136.158,150,70328,0
2026-08-20 17:45:00+00:00,205087.544,205212.148,204294.677,204362.491,150,70328,0
2026-08-20 17:50:00+00:00,204374.01,204374.01,203272.604,203398.438,150,70328,0
2026-08-20 17:55:00+00:00,203384.778,204380.682,203189.026,204052.733,150,70328,0
2026-08-20 18:00:00+00:00,204032.889,204308.899,203826.984,203944.636,150,70328,0
2026-08-20 18:05:00+00:00,203962.937,204053.399,202934.376,202976.04,150,70328,0
2026-08-20 18:10:00+00:00,203101.447,203102.301,202515.396,202876.09,150,70328,0
2026-08-20 18:15:00+00:00,202864.9,203090.616,202503.645,202503.645,150,70328,0
2026-08-20 18:20:00+00:00,202519.228,203192.119,202285.713,203150.276,150,70328,0
2026-08-20 18:25:00+00:00,203200.168,203627.858,202890.281,203583.678,150,70328,0
2026-08-20 18:30:00+00:00,203622.403,204366.453,203352.077,204349.933,150,70328,0
2026-08-20 18:35:00+00:00,204338.034,204751.833,203989.852,203998.752,150,70328,0
2026-08-20 18:40:00+00:00,203992.902,204249.296,203645.64,204113.255,150,70328,0
2026-08-20 18:45:00+00:00,204073.699,204581.466,203743.051,204273.563,150,70328,0
2026-08-20 18:50:00+00:00,204233.752,204319.656,203728.977,203892.928,150,70328,0
2026-08-20 18:55:00+00:00,203898.611,205531.548,203829.108,205382.78,150,70328,0
2026-08-20 19:00:00+00:00,205450.653,206030.934,205033.214,205315.11,150,70328,0
2026-08-20 19:05:00+00:00,205429.348,205556.524,205048.622,205556.524,150,70328,0
2026-08-20 19:10:00+00:00,205528.991,206739.416,205528.991,206420.63,150,70328,0
2026-08-20 19:15:00+00:00,206537.365,206953.801,206165.99,206721.449,150,70328,0
2026-08-20 19:20:00+00:00,206726.48,206853.953,206322.49,206608.407,150,70328,0
2026-08-20 19:25:00+00:00,206665.251,207048.38,206029.684,206029.684,150,70328,0
2026-08-20 19:30:00+00:00,206034.372,206675.248,205687.466,206675.248,150,70328,0
2026-08-20 19:35:00+00:00,206688.292,206972.808,206047.901,206309.065,150,70328,0
2026-08-20 19:40:00+00:00,206328.959,206437.398,205418.703,206023.059,150,70328,0
2026-08-20 19:45:00+00:00,205987.641,206533.919,205318.147,206533.919,150,70328,0
2026-08-20 19:50:00+00:00,206531.373,206921.96,206282.605,206839.217,150,70328,0
2026-08-20 19:55:00+00:00,206781.556,207530.974,206475.706,207221.16,150,70328,0
2026-08-20 20:00:00+00:00,207192.992,207534.14,207060.393,207176.675,150,70328,0
2026-08-20 20:05:00+00:00,207197.987,207338.157,206631.1,206631.1,150,70328,0
2026-08-20 20:10:00+00:00,206676.744,207160.24,206409.342,207068.792,150,70328,0
2026-08-20 20:15:00+00:00,207142.924,208263.22,206831.146,207957.002,150,70328,0
2026-08-20 20:20:00+00:00,208020.154,208150.118,207232.234,207502.757,150,70328,0
2026-08-20 20:25:00+00:00,207453.708,208007.096,207085.834,207952.01,150,70328,0
2026-08-20 20:30:00+00:00,207941.578,208291.62,207661.286,208058.963,150,70328,0
2026-08-20 20:35:00+00:00,208070.075,208176.839,206784.794,207163.355,150,70328,0
2026-08-20 20:40:00+00:00,207050.506,207126.121,206217.265,207013.025,150,70328,0
2026-08-20 20:45:00+00:00,206906.352,207174.346,206671.513,207128.71,150,70328,0
2026-08-20 20:50:00+00:00,207225.404,207275.843,206300.425,206443.32,150,70328,0
2026-08-20 20:55:00+00:00,206339.796,206485.455,205758.703,205758.703,150,70328,0
2026-08-20 21:00:00+00:00,205739.443,206336.57,205700.235,205849.409,150,70328,0
2026-08-20 21:05:00+00:00,205864.157,206032.206,205248.81,205537.167,150,70328,0
2026-08-20 21:10:00+00:00,205583.747,207025.008,205580.433,207025.008,150,70328,0
2026-08-20 21:15:00+00:00,207079.948,207693.85,206911.043,207693.85,150,70328,0
2026-08-20 21:20:00+00:00,207732.584,207955.501,206986.745,207003.472,150,70328,0
2026-08-20 21:25:00+00:00,207024.618,207198.284,206348.56,206710.605,150,70328,0
2026-08-20 21:30:00+00:00,206705.107,206981.765,206387.435,206598.756,150,70328,0
2026-08-20 21:35:00+00:00,206658.028,207305.96,206497.71,207305.96,150,70328,0
2026-08-20 21:40:00+00:00,207254.711,207722.536,206765.869,206783.75,150,70328,0
2026-08-20 21:45:00+00:00,206744.009,207811.115,206233.391,207633.121,150,70328,0
2026-08-20 21:50:00+00:00,207572.531,207752.385,207256.961,207431.88,150,70328,0
2026-08-20 21:55:00+00:00,207406.427,207616.541,206657.049,207207.518,150,70328,0
2026-08-20 22:00:00+00:00,207177.063,207526.759,206979.001,207058.603,150,70328,0
2026-08-20 22:05:00+00:00,206992.503,207405.391,206810.15,207079.159,150,70328,0
2026-08-20 22:10:00+00:00,207112.088,207801.754,207112.088,207217.727,150,70328,0
2026-08-20 22:15:00+00:00,207251.821,207312.144,206896.147,207159.294,150,70328,0
2026-08-20 22:20:00+00:00,207137.03,207231.777,206537.487,206705.673,150,70328,0
2026-08-20 22:25:00+00:00,206724.094,206877.515,206318.881,206662.276,150,70328,0
2026-08-20 22:30:00+00:00,206724.151,206724.151,205794.639,206401.253,150,70328,0
2026-08-20 22:35:00+00:00,206453.476,206461.357,205879.745,205949.853,150,70328,0
2026-08-20 22:40:00+00:00,205921.539,206286.424,205694.003,205956.357,150,70328,0
2026-08-20 22:45:00+00:00,206056.924,206992.572,205543.617,206927.007,150,70328,0
2026-08-20 22:50:00+00:00,206905.402,207659.268,206454.035,207659.268,150,70328,0
2026-08-20 22:55:00+00:00,207663.163,207792.44,206867.107,207165.604,150,70328,0
2026-08-20 23:00:00+00:00,207160.481,207297.447,206528.66,206528.66,150,70328,0
2026-08-20 23:05:00+00:00,206464.056,206464.056,205055.153,205318.108,150,70328,0
2026-08-20 23:10:00+00:00,205349.692,205865.205,205017.956,205450.0,150,70328,0
2026-08-20 23:15:00+00:00,205490.316,206253.864,205331.703,206163.712,150,70328,0
2026-08-20 23:20:00+00:00,206197.241,206197.241,205469.253,205916.76,150,70328,0
2026-08-20 23:25:00+00:00,205878.352,206005.297,205429.151,205469.942,150,70328,0
2026-08-20 23:30:00+00:00,205486.514,205799.727,205025.503,205487.793,150,70328,0
2026-08-20 23:35:00+00:00,205500.327,205778.458,204900.477,204946.944,150,70328,0
2026-08-20 23:40:00+00:00,204921.789,205775.065,204802.883,205384.76,150,70328,0
2026-08-20 23:45:00+00:00,205319.391,205319.391,204479.64,204966.212,150,70328,0
2026-08-20 23:50:00+00:00,204968.143,205864.795,204870.248,205388.028,150,70328,0
2026-08-20 23:55:00+00:00,205394.026,205419.057,204558.404,205334.586,150,70328,0
2026-08-21 00:00:00+00:00,205309.542,205444.312,204710.601,205054.067,150,70328,0
2026-08-21 00:05:00+00:00,205012.729,205931.769,204862.337,205235.576,150,70328,0
2026-08-21 00:10:00+00:00,205265.986,206789.207,205243.586,206301.487,150,70328,0
2026-08-21 00:15:00+00:00,206237.767,206350.55,205537.839,205583.577,150,70328,0
2026-08-21 00:20:00+00:00,205528.725,205883.235,205285.164,205802.275,150,70328,0
2026-08-21 00:25:00+00:00,205763.756,206673.976,205763.756,206435.181,150,70328,0
2026-08-21 00:30:00+00:00,206391.077,206979.656,206356.562,206749.727,150,70328,0
2026-08-21 00:35:00+00:00,206781.293,206862.784,206094.262,206216.804,150,70328,0
2026-08-21 00:40:00+00:00,206216.918,206265.87,205333.409,205950.767,150,70328,0
2026-08-21 00:45:00+00:00,205914.139,206592.369,205817.863,206531.779,150,70328,0
2026-08-21 00:50:00+00:00,206518.133,206771.49,206288.734,206598.647,150,70328,0
2026-08-21 00:55:00+00:00,206580.224,206580.224,205307.844,205307.844,150,70328,0
2026-08-21 01:00:00+00:00,205306.692,205884.975,205247.516,205660.77,150,70328,0
2026-08-21 01:05:00+00:00,205741.181,206718.128,205741.181,206633.715,150,70328,0
2026-08-21 01:10:00+00:00,206701.7,206801.162,205715.963,206347.498,150,70328,0
2026-08-21 01:15:00+00:00,206343.125,207195.467,206306.31,207195.467,150,70328,0
2026-08-21 01:20:00+00:00,207148.366,207749.563,206671.28,207719.552,150,70328,0
2026-08-21 01:25:00+00:00,207765.441,208243.135,207522.817,207522.817,150,70328,0
2026-08-21 01:30:00+00:00,207575.41,208224.77,207468.363,207988.212,150,70328,0
2026-08-21 01:35:00+00:00,207948.432,208085.928,206985.327,207348.381,150,70328,0
2026-08-21 01:40:00+00:00,207341.379,207934.066,207300.17,207699.885,150,70328,0
2026-08-21 01:45:00+00:00,207658.851,207756.151,207238.855,207405.477,150,70328,0
2026-08-21 01:50:00+00:00,207430.276,207496.861,206593.349,206893.662,150,70328,0
2026-08-21 01:55:00+00:00,206907.745,207472.848,206874.521,207205.881,150,70328,0
2026-08-21 02:00:00+00:00,207229.889,208085.97,207103.595,207917.278,150,70328,0
2026-08-21 02:05:00+00:00,207934.597,208154.537,207712.918,207801.973,150,70328,0
2026-08-21 02:10:00+00:00,207817.491,208389.814,207246.359,207535.273,150,70328,0
2026-08-21 02:15:00+00:00,207510.732,208450.588,207385.36,208318.399,150,70328,0
2026-08-21 02:20:00+00:00,208269.21,209454.021,208269.21,209383.032,150,70328,0
2026-08-21 02:25:00+00:00,209407.518,210156.546,209352.084,209982.434,150,70328,0
2026-08-21 02:30:00+00:00,209956.395,210321.626,209510.014,209807.597,150,70328,0
2026-08-21 02:35:00+00:00,209819.884,211190.323,209785.805,210944.361,150,70328,0
2026-08-21 02:40:00+00:00,210978.634,211008.179,210516.161,210622.889,150,70328,0
2026-08-21 02:45:00+00:00,210622.86,211515.126,210622.86,211359.673,150,70328,0
2026-08-21 02:50:00+00:00,211364.46,211829.665,210993.671,211270.089,150,70328,0
2026-08-21 02:55:00+00:00,211207.109,212124.237,210991.855,212089.692,150,70328,0
2026-08-21 03:00:00+00:00,212058.812,212604.022,211785.015,212372.2,150,70328,0
2026-08-21 03:05:00+00:00,212353.382,212795.316,212353.382,212795.316,150,70328,0
2026-08-21 03:10:00+00:00,212824.986,213114.302,212509.139,213044.862,150,70328,0
2026-08-21 03:15:00+00:00,213016.499,213665.195,213016.499,213111.396,150,70328,0
2026-08-21 03:20:00+00:00,213098.022,213479.432,212736.824,213069.439,150,70328,0
2026-08-21 03:25:00+00:00,213011.926,213771.948,212479.207,213771.948,150,70328,0
2026-08-21 03:30:00+00:00,213743.881,213766.667,212662.582,212678.33,150,70328,0
2026-08-21 03:35:00+00:00,212635.531,213557.83,212318.586,213540.789,150,70328,0
2026-08-21 03:40:00+00:00,213518.97,213899.677,213262.107,213420.804,150,70328,0
2026-08-21 03:45:00+00:00,213389.916,214225.746,213248.209,214194.902,150,70328,0
2026-08-21 03:50:00+00:00,214201.249,214201.251,213043.759,213054.734,150,70328,0
2026-08-21 03:55:00+00:00,213135.348,213438.964,212695.298,212721.583,150,70328,0
2026-08-21 04:00:00+00:00,212688.424,212688.424,211817.721,211860.757,150,70328,0
2026-08-21 04:05:00+00:00,211810.959,211898.885,211091.796,211303.907,150,70328,0
2026-08-21 04:10:00+00:00,211323.27,211520.368,210739.084,211408.308,150,70328,0
2026-08-21 04:15:00+00:00,211370.482,211705.3,211101.554,211237.327,150,70328,0
2026-08-21 04:20:00+00:00,211266.022,211980.17,211226.888,211863.77,150,70328,0
2026-08-21 04:25:00+00:00,211784.134,212497.081,211709.301,212115.624,150,70328,0
2026-08-21 04:30:00+00:00,212130.251,212277.495,211737.963,212048.82,150,70328,0
2026-08-21 04:35:00+00:00,212052.547,212586.561,211805.814,212170.325,150,70328,0
2026-08-21 04:40:00+00:00,212308.954,213288.502,212176.914,213288.502,150,70328,0
2026-08-21 04:45:00+00:00,213291.258,215247.731,213158.274,215186.031,150,70328,0
2026-08-21 04:50:00+00:00,215149.163,215149.163,214465.829,214495.911,150,70328,0
2026-08-21 04:55:00+00:00,214596.447,215305.177,214397.795,215150.095,150,70328,0
2026-08-21 05:00:00+00:00,215234.509,215893.258,215199.877,215720.68,150,70328,0
2026-08-21 05:05:00+00:00,215777.818,216326.237,215107.556,215326.4,150,70328,0
2026-08-21 05:10:00+00:00,215321.386,215385.63,214161.062,214338.254,150,70328,0
2026-08-21 05:15:00+00:00,214381.755,215114.348,213967.608,214429.261,150,70328,0
2026-08-21 05:20:00+00:00,214398.953,215310.218,214273.812,215089.484,150,70328,0
2026-08-21 05:25:00+00:00,215145.729,216614.693,214777.852,216569.4,150,70328,0
2026-08-21 05:30:00+00:00,216631.156,217318.441,216579.647,217081.101,150,70328,0
2026-08-21 05:35:00+00:00,217007.065,217636.161,216493.726,217244.057,150,70328,0
2026-08-21 05:40:00+00:00,217143.584,217692.007,216313.721,217364.558,150,70328,0
2026-08-21 05:45:00+00:00,217382.837,217437.474,216933.958,217374.254,150,70328,0
2026-08-21 05:50:00+00:00,217390.602,217528.782,216292.161,216923.431,150,70328,0
2026-08-21 05:55:00+00:00,217052.623,217052.623,216043.375,216434.164,150,70328,0
2026-08-21 06:00:00+00:00,216397.4,216791.538,216143.912,216605.538,150,70328,0
2026-08-21 06:05:00+00:00,216613.355,216613.355,215751.497,215838.616,150,70328,0
2026-08-21 06:10:00+00:00,215938.984,215949.73,215254.568,215488.451,150,70328,0
2026-08-21 06:15:00+00:00,215443.19,216427.969,215443.19,216037.293,150,70328,0
2026-08-21 06:20:00+00:00,216115.159,217024.089,216115.159,216401.811,150,70328,0
2026-08-21 06:25:00+00:00,216405.156,216842.995,216385.516,216749.804,150,70328,0
2026-08-21 06:30:00+00:00,216683.178,216996.153,216031.682,216950.122,150,70328,0
2026-08-21 06:35:00+00:00,216980.257,217553.051,216750.755,217161.127,150,70328,0
2026-08-21 06:40:00+00:00,217225.506,217343.539,216485.659,217035.851,150,70328,0
2026-08-21 06:45:00+00:00,216998.946,217116.282,216176.069,216556.828,150,70328,0
2026-08-21 06:50:00+00:00,216609.891,217293.877,216356.981,216386.031,150,70328,0
2026-08-21 06:55:00+00:00,216380.955,217121.318,216380.955,216469.946,150,70328,0
2026-08-21 07:00:00+00:00,216458.894,217642.947,216332.847,217414.059,150,70328,0
2026-08-21 07:05:00+00:00,217487.605,217854.233,217230.222,217546.72,150,70328,0
2026-08-21 07:10:00+00:00,217520.685,217613.616,216650.26,216741.298,150,70328,0
2026-08-21 07:15:00+00:00,216816.73,216973.218,215827.229,215849.304,150,70328,0
2026-08-21 07:20:00+00:00,215800.279,216199.083,215102.739,215161.086,150,70328,0
2026-08-21 07:25:00+00:00,215095.047,215159.755,213502.174,213687.67,150,70328,0
2026-08-21 07:30:00+00:00,213675.988,213759.805,212786.559,212786.559,150,70328,0
2026-08-21 07:35:00+00:00,212899.963,213342.922,212714.938,212744.832,150,70328,0
2026-08-21 07:40:00+00:00,212767.899,213434.122,212578.251,212894.889,150,70328,0
2026-08-21 07:45:00+00:00,212874.632,213756.108,212722.65,213700.069,150,70328,0
2026-08-21 07:50:00+00:00,213712.183,213796.865,212713.103,212906.382,150,70328,0
2026-08-21 07:55:00+00:00,212870.967,213774.679,212777.333,213759.958,150,70328,0
2026-08-21 08:00:00+00:00,213774.655,214906.969,213693.895,214529.699,150,70328,0
2026-08-21 08:05:00+00:00,214518.12,215299.111,214507.82,215147.771,150,70328,0
2026-08-21 08:10:00+00:00,215073.137,215731.125,214700.348,215731.125,150,70328,0
2026-08-21 08:15:00+00:00,215684.389,215728.59,215231.295,215669.86,150,70328,0
2026-08-21 08:20:00+00:00,215710.482,215852.878,215265.188,215795.723,150,70328,0
2026-08-21 08:25:00+00:00,215800.87,216937.907,215694.046,216777.803,150,70328,0
2026-08-21 08:30:00+00:00,216804.02,217029.962,216355.486,216961.835,150,70328,0
2026-08-21 08:35:00+00:00,216925.423,217154.213,216534.713,216914.284,150,70328,0
2026-08-21 08:40:00+00:00,216955.497,217667.768,216955.497,217659.347,150,70328,0
2026-08-21 08:45:00+00:00,217657.337,219252.923,217647.479,219159.008,150,70328,0
2026-08-21 08:50:00+00:00,219250.517,219351.988,218660.472,218973.169,150,70328,0
2026-08-21 08:55:00+00:00,218904.788,218948.022,217883.292,218155.115,150,70328,0
2026-08-21 09:00:00+00:00,218162.35,218532.235,217867.111,218531.102,145,70328,0
2026-08-21 09:05:00+00:00,218417.156,219016.876,218037.26,218727.394,150,70328,0
2026-08-21 09:10:00+00:00,218749.229,219617.843,218660.956,219525.141,150,70328,0
2026-08-21 09:15:00+00:00,219474.485,219781.954,218258.487,218258.487,150,70328,0
2026-08-21 09:20:00+00:00,218293.651,218606.316,218122.492,218322.45,150,70328,0
2026-08-21 09:25:00+00:00,218262.453,218422.434,217603.48,218417.488,150,70328,0
2026-08-21 09:30:00+00:00,218370.635,219016.075,218138.998,218936.468,150,70328,0
2026-08-21 09:35:00+00:00,218826.5,218879.232,217930.875,218197.677,150,70328,0
2026-08-21 09:40:00+00:00,218179.768,219052.454,217879.946,218953.511,150,70328,0
2026-08-21 09:45:00+00:00,218941.933,219382.518,218807.962,218929.454,150,70328,0
2026-08-21 09:50:00+00:00,218953.323,219273.072,218525.258,218525.258,150,70328,0
2026-08-21 09:55:00+00:00,218483.351,218690.932,217995.731,218161.506,150,70328,0
2026-08-21 10:00:00+00:00,218201.699,218402.339,216725.851,216805.435,150,70328,0
2026-08-21 10:05:00+00:00,216862.817,216979.047,215490.808,216046.734,150,70328,0
2026-08-21 10:10:00+00:00,215975.388,216073.887,215451.362,215490.428,150,70328,0
2026-08-21 10:15:00+00:00,215575.971,216190.539,215239.543,215881.374,150,70328,0
2026-08-21 10:20:00+00:00,215907.919,216101.908,215003.053,215429.923,150,70328,0
2026-08-21 10:25:00+00:00,215495.278,216423.343,215187.925,216332.879,150,70328,0
2026-08-21 10:30:00+00:00,216282.188,216293.1,215387.337,216076.79,150,70328,0
2026-08-21 10:35:00+00:00,216027.954,216426.487,215479.619,216294.118,150,70328,0
2026-08-21 10:40:00+00:00,216300.542,216474.637,215940.15,216049.388,150,70328,0
2026-08-21 10:45:00+00:00,215994.942,216298.78,215462.916,215499.104,150,70328,0
2026-08-21 10:50:00+00:00,215508.1,215566.936,214736.999,214983.572,150,70328,0
2026-08-21 10:55:00+00:00,214993.296,214993.296,214352.773,214538.961,150,70328,0
2026-08-21 11:00:00+00:00,214502.81,214735.657,212850.842,213038.627,150,70328,0
2026-08-21 11:05:00+00:00,213037.54,213468.08,212727.02,212848.043,150,70328,0
2026-08-21 11:10:00+00:00,212816.149,213361.764,212471.651,213174.112,150,70328,0
2026-08-21 11:15:00+00:00,213178.543,213578.91,213036.52,213199.617,150,70328,0
2026-08-21 11:20:00+00:00,213249.659,213259.685,212171.552,212383.311,150,70328,0
2026-08-21 11:25:00+00:00,212303.269,212488.671,211766.722,211864.796,150,70328,0
2026-08-21 11:30:00+00:00,211883.901,211940.335,211331.896,211852.625,150,70328,0
2026-08-21 11:35:00+00:00,211867.703,212095.465,211322.825,211455.811,150,70328,0
2026-08-21 11:40:00+00:00,211465.106,211533.785,210830.877,210980.766,150,70328,0
2026-08-21 11:45:00+00:00,210999.114,211015.448,209534.294,209534.294,150,70328,0
2026-08-21 11:50:00+00:00,209553.951,209905.443,208836.94,209157.865,150,70328,0
2026-08-21 11:55:00+00:00,209191.646,209245.631,208166.597,208559.7,150,70328,0
2026-08-21 12:00:00+00:00,208511.935,208700.73,207876.472,207876.472,150,70328,0
2026-08-21 12:05:00+00:00,207833.495,208163.647,207489.1,207622.353,150,70328,0
2026-08-21 12:10:00+00:00,207602.239,207745.624,206771.354,206918.917,150,70328,0
2026-08-21 12:15:00+00:00,206890.092,207107.136,206674.017,206911.358,150,70328,0
2026-08-21 12:20:00+00:00,206941.38,207657.135,206866.077,207618.196,150,70328,0
2026-08-21 12:25:00+00:00,207589.921,207981.205,207286.461,207417.886,150,70328,0
2026-08-21 12:30:00+00:00,207339.022,207947.153,207298.835,207874.965,150,70328,0
2026-08-21 12:35:00+00:00,207957.175,208052.772,207128.142,207330.893,150,70328,0
2026-08-21 12:40:00+00:00,207374.777,208038.454,207180.27,207395.992,150,70328,0
2026-08-21 12:45:00+00:00,207329.722,207667.524,207121.246,207207.734,150,70328,0
2026-08-21 12:50:00+00:00,207190.081,207404.746,206602.79,206958.768,150,70328,0
2026-08-21 12:55:00+00:00,206894.795,207163.184,206680.234,207030.647,150,70328,0
2026-08-21 13:00:00+00:00,207013.004,207203.335,205866.694,206026.38,150,70328,0
2026-08-21 13:05:00+00:00,205942.048,206740.198,205855.816,206603.752,150,70328,0
2026-08-21 13:10:00+00:00,206549.741,206776.101,206339.686,206533.579,150,70328,0
2026-08-21 13:15:00+00:00,206540.904,206743.484,205837.675,205839.27,150,70328,0
2026-08-21 13:20:00+00:00,205804.996,205894.24,205112.737,205112.737,150,70328,0
2026-08-21 13:25:00+00:00,205054.703,205751.332,205033.67,205507.504,150,70328,0
2026-08-21 13:30:00+00:00,205478.417,206477.348,205478.417,206302.955,150,70328,0
2026-08-21 13:35:00+00:00,206307.626,206604.469,205868.243,206261.653,150,70328,0
2026-08-21 13:40:00+00:00,206168.303,206362.747,205626.299,205734.208,150,70328,0
2026-08-21 13:45:00+00:00,205858.526,206585.715,205705.813,206232.882,150,70328,0
2026-08-21 13:50:00+00:00,206213.049,206213.049,205222.75,205476.838,150,70328,0
2026-08-21 13:55:00+00:00,205435.528,205441.723,204686.225,204686.225,150,70328,0
2026-08-21 14:00:00+00:00,204706.369,205372.344,204701.956,205372.344,150,70328,0
2026-08-21 14:05:00+00:00,205425.12,205998.942,205231.933,205231.933,150,70328,0
2026-08-21 14:10:00+00:00,205206.285,206499.583,205206.285,206312.748,150,70328,0
2026-08-21 14:15:00+00:00,206312.624,206445.623,205479.844,205981.6,150,70328,0
2026-08-21 14:20:00+00:00,205997.623,206485.881,205754.435,205864.167,150,70328,0
2026-08-21 14:25:00+00:00,205846.718,206109.831,205481.095,205968.981,150,70328,0
2026-08-21 14:30:00+00:00,205962.404,206196.539,205408.683,206005.775,150,70328,0
2026-08-21 14:35:00+00:00,206033.454,206512.622,205656.411,206494.51,150,70328,0
2026-08-21 14:40:00+00:00,206501.254,206767.569,205790.605,206059.686,150,70328,0
2026-08-21 14:45:00+00:00,205996.194,206199.284,205660.595,205728.481,150,70328,0
2026-08-21 14:50:00+00:00,205779.799,205976.816,205448.268,205598.803,150,70328,0
2026-08-21 14:55:00+00:00,205573.19,205838.359,205303.235,205525.279,150,70328,0
2026-08-21 15:00:00+00:00,205574.893,205745.951,204079.093,204093.726,150,70328,0
2026-08-21 15:05:00+00:00,204067.9,204236.128,203400.375,203484.677,150,70328,0
2026-08-21 15:10:00+00:00,203490.494,203575.448,202961.039,203314.851,150,70328,0
2026-08-21 15:15:00+00:00,203270.63,203503.101,202847.357,203451.468,150,70328,0
2026-08-21 15:20:00+00:00,203420.807,203742.98,202989.195,203253.619,150,70328,0
2026-08-21 15:25:00+00:00,203218.905,203635.024,202772.07,202776.681,150,70328,0
2026-08-21 15:30:00+00:00,202761.198,202821.334,202137.125,202189.871,150,70328,0
2026-08-21 15:35:00+00:00,202166.907,202853.241,202166.907,202420.049,150,70328,0
2026-08-21 15:40:00+00:00,202457.013,203217.183,202414.714,202793.462,150,70328,0
2026-08-21 15:45:00+00:00,202768.172,203102.943,202650.55,202796.872,150,70328,0
2026-08-21 15:50:00+00:00,202736.163,203723.108,202606.367,203402.961,150,70328,0
2026-08-21 15:55:00+00:00,203389.053,203787.31,202765.446,202765.446,150,70328,0
2026-08-21 16:00:00+00:00,202825.625,202976.846,202635.503,202639.603,150,70328,0
2026-08-21 16:05:00+00:00,202614.834,202708.271,201697.761,202648.748,150,70328,0
2026-08-21 16:10:00+00:00,202553.327,202553.327,201694.574,201893.007,150,70328,0
2026-08-21 16:15:00+00:00,201947.642,202100.766,200721.248,201517.458,150,70328,0
2026-08-21 16:20:00+00:00,201480.916,201480.916,200977.659,201009.131,150,70328,0
2026-08-21 16:25:00+00:00,201045.625,201538.662,200668.627,200981.625,150,70328,0
2026-08-21 16:30:00+00:00,200937.138,201670.204,200723.403,201626.925,150,70328,0
2026-08-21 16:35:00+00:00,201637.196,202260.159,201573.173,202165.544,150,70328,0
2026-08-21 16:40:00+00:00,202090.786,202408.101,201622.991,202088.743,150,70328,0
2026-08-21 16:45:00+00:00,202021.299,202427.882,201840.809,202085.494,150,70328,0
2026-08-21 16:50:00+00:00,202103.533,202457.18,201784.96,202299.839,150,70328,0
2026-08-21 16:55:00+00:00,202345.565,202491.692,201577.657,201726.503,150,70328,0
2026-08-21 17:00:00+00:00,201712.585,201847.301,201031.196,201379.571,150,70328,0
2026-08-21 17:05:00+00:00,201427.544,201427.544,200331.276,200557.704,150,70328,0
2026-08-21 17:10:00+00:00,200543.432,200880.109,200341.748,200681.793,150,70328,0
2026-08-21 17:15:00+00:00,200724.096,201419.65,200532.393,200939.276,150,70328,0
2026-08-21 17:20:00+00:00,200862.685,200879.942,199878.703,200297.63,150,70328,0
2026-08-21 17:25:00+00:00,200310.912,200755.673,199929.686,200609.461,150,70328,0
2026-08-21 17:30:00+00:00,200603.441,201333.727,200350.587,200557.09,150,70328,0
2026-08-21 17:35:00+00:00,200509.576,200902.046,200289.384,200457.033,150,70328,0
2026-08-21 17:40:00+00:00,200502.583,200502.583,199622.179,200226.794,150,70328,0
2026-08-21 17:45:00+00:00,200160.127,200785.871,200149.316,200202.757,150,70328,0
2026-08-21 17:50:00+00:00,200277.57,200829.981,200236.965,200617.268,150,70328,0
2026-08-21 17:55:00+00:00,200607.787,200968.885,200159.15,200641.052,150,70328,0
2026-08-21 18:00:00+00:00,200591.674,200591.674,199540.092,199914.82,150,70328,0
2026-08-21 18:05:00+00:00,199884.483,200066.862,199468.016,199533.353,150,70328,0
2026-08-21 18:10:00+00:00,199512.654,199863.759,199351.055,199513.999,150,70328,0
2026-08-21 18:15:00+00:00,199474.08,199695.487,198494.573,199088.374,150,70328,0
2026-08-21 18:20:00+00:00,199107.065,199899.704,199107.065,199684.839,150,70328,0
2026-08-21 18:25:00+00:00,199624.4,200398.912,199608.933,200078.358,150,70328,0
2026-08-21 18:30:00+00:00,200091.703,200290.278,199012.196,199085.908,150,70328,0
2026-08-21 18:35:00+00:00,199032.279,199910.428,198936.988,199856.021,150,70328,0
2026-08-21 18:40:00+00:00,199837.506,200032.429,198994.794,198994.794,150,70328,0
2026-08-21 18:45:00+00:00,198975.565,199045.349,198062.47,198182.716,150,70328,0
2026-08-21 18:50:00+00:00,198129.056,198384.819,197948.111,197973.948,150,70328,0
2026-08-21 18:55:00+00:00,197998.269,198066.368,196962.52,197036.789,150,70328,0
2026-08-21 19:00:00+00:00,197086.634,197586.781,196765.761,197586.781,150,70328,0
2026-08-21 19:05:00+00:00,197525.547,198232.292,197377.79,197673.693,150,70328,0
2026-08-21 19:10:00+00:00,197644.04,198131.66,197493.413,197687.558,150,70328,0
2026-08-21 19:15:00+00:00,197706.426,198156.829,197638.471,197742.015,150,70328,0
2026-08-21 19:20:00+00:00,197734.386,198161.173,197289.856,197984.713,150,70328,0
2026-08-21 19:25:00+00:00,198023.409,198567.988,197642.611,198567.988,150,70328,0
2026-08-21 19:30:00+00:00,198591.744,198713.636,198147.191,198645.213,150,70328,0
2026-08-21 19:35:00+00:00,198670.212,199199.972,198218.479,198218.479,150,70328,0
2026-08-21 19:40:00+00:00,198167.908,198859.698,197932.135,198057.196,150,70328,0
2026-08-21 19:45:00+00:00,198053.197,199477.136,197886.79,199477.136,150,70328,0
2026-08-21 19:50:00+00:00,199459.076,199709.578,198952.229,199095.978,150,70328,0
2026-08-21 19:55:00+00:00,199042.403,199931.266,198946.99,199753.419,150,70328,0
2026-08-21 20:00:00+00:00,199819.12,200026.685,198791.892,199453.408,150,70328,0
2026-08-21 20:05:00+00:00,199474.187,199474.187,198588.155,198588.155,150,70328,0
2026-08-21 20:10:00+00:00,198648.144,199159.773,198556.474,198723.945,150,70328,0
2026-08-21 20:15:00+00:00,198747.452,198851.114,197974.548,198671.499,150,70328,0
2026-08-21 20:20:00+00:00,198735.431,198826.501,197818.933,197862.896,150,70328,0
2026-08-21 20:25:00+00:00,197793.218,198697.665,197767.559,198500.834,150,70328,0
2026-08-21 20:30:00+00:00,198524.902,198955.671,198200.092,198377.689,150,70328,0
2026-08-21 20:35:00+00:00,198295.896,198507.966,197641.369,197811.442,150,70328,0
2026-08-21 20:40:00+00:00,197815.509,198338.697,197636.068,198130.404,150,70328,0
2026-08-21 20:45:00+00:00,198165.319,199465.591,198160.501,199465.591,150,70328,0
2026-08-21 20:50:00+00:00,199530.164,200480.05,199530.164,200001.592,150,70328,0
2026-08-21 20:55:00+00:00,200040.087,200209.966,199503.254,199732.925,150,70328,0
2026-08-21 21:00:00+00:00,199801.603,199801.603,199168.112,199329.719,150,70328,0
2026-08-21 21:05:00+00:00,199284.494,199873.713,199284.494,199751.449,150,70328,0
2026-08-21 21:10:00+00:00,199727.227,199929.378,199404.278,199495.03,150,70328,0
2026-08-21 21:15:00+00:00,199550.795,200171.778,199114.451,199114.451,150,70328,0
2026-08-21 21:20:00+00:00,199138.569,199339.199,198455.677,198625.263,150,70328,0
2026-08-21 21:25:00+00:00,198659.284,198803.913,198152.962,198584.909,150,70328,0
2026-08-21 21:30:00+00:00,198624.818,198745.115,197547.487,197701.545,150,70328,0
2026-08-21 21:35:00+00:00,197771.808,198158.907,197644.272,197864.365,150,70328,0
2026-08-21 21:40:00+00:00,197822.507,198084.711,197513.938,197795.695,150,70328,0
2026-08-21 21:45:00+00:00,197818.977,197939.341,197311.514,197761.623,150,70328,0
2026-08-21 21:50:00+00:00,197842.896,198359.057,197696.704,198353.208,150,70328,0
2026-08-21 21:55:00+00:00,198420.561,198902.393,198376.185,198478.921,150,70328,0
2026-08-21 22:00:00+00:00,198447.25,199185.662,198189.697,198988.479,150,70328,0
2026-08-21 22:05:00+00:00,198986.23,199037.328,198549.265,198685.358,150,70328,0
2026-08-21 22:10:00+00:00,198645.273,199378.521,198456.344,199378.521,150,70328,0
2026-08-21 22:15:00+00:00,199441.834,200225.565,198991.19,200182.129,150,70328,0
2026-08-21 22:20:00+00:00,200179.438,200179.438,199501.897,199593.459,150,70328,0
2026-08-21 22:25:00+00:00,199569.12,199833.635,198777.723,199033.827,150,70328,0
2026-08-21 22:30:00+00:00,199110.078,199417.178,198894.082,199197.075,150,70328,0
2026-08-21 22:35:00+00:00,199199.305,199236.039,197919.13,198529.017,150,70328,0
2026-08-21 22:40:00+00:00,198547.114,198698.861,198337.207,198394.341,150,70328,0
2026-08-21 22:45:00+00:00,198351.748,198750.025,197922.286,198452.217,150,70328,0
2026-08-21 22:50:00+00:00,198413.626,198646.932,198112.782,198556.684,150,70328,0
2026-08-21 22:55:00+00:00,198560.446,199083.38,198560.446,198950.651,150,70328,0
2026-08-21 23:00:00+00:00,198916.46,199292.585,198347.46,198417.873,150,70328,0
2026-08-21 23:05:00+00:00,198435.466,198946.324,198274.518,198804.46,150,70328,0
2026-08-21 23:10:00+00:00,198796.518,199016.364,198495.289,199006.021,150,70328,0
2026-08-21 23:15:00+00:00,199014.611,199271.117,198091.618,198125.799,150,70328,0
2026-08-21 23:20:00+00:00,198226.638,198937.065,197985.012,198900.45,150,70328,0
2026-08-21 23:25:00+00:00,198797.458,199356.979,198564.216,198948.678,150,70328,0
2026-08-21 23:30:00+00:00,198991.87,199167.32,198091.94,198161.173,150,70328,0
2026-08-21 23:35:00+00:00,198206.964,198320.405,197477.558,197827.895,150,70328,0
2026-08-21 23:40:00+00:00,197805.345,198644.221,197511.437,197879.065,150,70328,0
2026-08-21 23:45:00+00:00,197857.752,197970.408,197025.173,197082.988,150,70328,0
2026-08-21 23:50:00+00:00,197059.99,197387.569,196956.839,196971.934,150,70328,0
2026-08-21 23:55:00+00:00,196916.602,197021.377,196350.693,196584.195,150,70328,0
2026-08-22 00:00:00+00:00,196586.965,197307.171,196270.252,196991.116,150,70328,0
2026-08-22 00:05:00+00:00,196987.308,197227.954,196630.936,197101.482,150,70328,0
2026-08-22 00:10:00+00:00,197101.984,197712.453,196945.585,197712.453,150,70328,0
2026-08-22 00:15:00+00:00,197807.118,198248.977,197430.753,197655.364,150,70328,0
2026-08-22 00:20:00+00:00,197693.71,197869.128,196980.866,197047.659,150,70328,0
2026-08-22 00:25:00+00:00,197057.448,197057.448,196229.997,196377.413,150,70328,0
2026-08-22 00:30:00+00:00,196406.564,196986.686,196204.952,196653.21,150,70328,0
2026-08-22 00:35:00+00:00,196615.897,197062.583,196481.417,197062.583,150,70328,0
2026-08-22 00:40:00+00:00,197115.653,197358.406,196935.13,197076.43,150,70328,0
2026-08-22 00:45:00+00:00,196971.154,197697.575,196814.979,197685.425,150,70328,0
2026-08-22 00:50:00+00:00,197792.74,198116.667,197685.02,197773.678,150,70328,0
2026-08-22 00:55:00+00:00,197815.408,198389.772,197535.283,198144.776,150,70328,0
2026-08-22 01:00:00+00:00,198156.504,198492.232,197839.011,198334.884,150,70328,0
2026-08-22 01:05:00+00:00,198333.928,198357.836,196787.89,196890.49,150,70328,0
2026-08-22 01:10:00+00:00,196861.458,196953.108,195650.508,196023.216,150,70328,0
2026-08-22 01:15:00+00:00,196123.878,196161.502,195609.692,196024.866,150,70328,0
2026-08-22 01:20:00+00:00,196080.761,197071.088,195979.136,196807.938,150,70328,0
2026-08-22 01:25:00+00:00,196851.796,196851.796,196471.528,196669.511,150,70328,0
2026-08-22 01:30:00+00:00,196701.134,196878.932,196198.557,196366.703,150,70328,0
2026-08-22 01:35:00+00:00,196342.738,196519.556,195490.077,195490.077,150,70328,0
2026-08-22 01:40:00+00:00,195518.732,195568.128,194900.873,195030.94,150,70328,0
2026-08-22 01:45:00+00:00,195045.554,195879.293,194921.73,195503.541,150,70328,0
2026-08-22 01:50:00+00:00,195472.12,196053.702,195332.668,195818.414,150,70328,0
2026-08-22 01:55:00+00:00,195863.702,196352.053,195542.531,196105.083,150,70328,0
2026-08-22 02:00:00+00:00,196149.787,196559.827,195726.736,195991.302,150,70328,0
2026-08-22 02:05:00+00:00,196054.595,196413.482,195911.632,196333.355,150,70328,0
2026-08-22 02:10:00+00:00,196341.677,197627.984,196225.268,197458.024,150,70328,0
2026-08-22 02:15:00+00:00,197472.776,197512.208,196760.297,196760.297,150,70328,0
2026-08-22 02:20:00+00:00,196707.512,196874.96,196178.929,196720.881,150,70328,0
2026-08-22 02:25:00+00:00,196709.19,197377.763,196575.191,197341.56,150,70328,0
2026-08-22 02:30:00+00:00,197324.082,197855.18,197074.836,197710.674,150,70328,0
2026-08-22 02:35:00+00:00,197715.283,197951.417,197348.498,197690.825,150,70328,0
2026-08-22 02:40:00+00:00,197688.033,198644.069,197551.032,198644.069,150,70328,0
2026-08-22 02:45:00+00:00,198598.631,199406.462,198535.992,198869.231,150,70328,0
2026-08-22 02:50:00+00:00,198777.48,198869.622,197486.704,197939.209,150,70328,0
2026-08-22 02:55:00+00:00,197931.447,198158.506,197308.111,197515.694,150,70328,0
2026-08-22 03:00:00+00:00,197544.539,198041.337,197398.431,197787.859,150,70328,0
2026-08-22 03:05:00+00:00,197722.245,197965.517,197395.182,197959.973,150,70328,0
2026-08-22 03:10:00+00:00,197942.652,197942.652,197066.359,197672.539,150,70328,0
2026-08-22 03:15:00+00:00,197680.287,198360.575,197317.962,198265.0,150,70328,0
2026-08-22 03:20:00+00:00,198258.424,198435.818,197680.672,197763.289,150,70328,0
2026-08-22 03:25:00+00:00,197850.4,197971.059,197281.492,197829.978,150,70328,0
2026-08-22 03:30:00+00:00,197818.659,197903.09,197174.113,197272.749,150,70328,0
2026-08-22 03:35:00+00:00,197355.338,197828.877,196997.261,197187.972,150,70328,0
2026-08-22 03:40:00+00:00,197203.353,197667.548,196650.298,197623.42,150,70328,0
2026-08-22 03:45:00+00:00,197725.705,198742.157,197674.083,198188.721,150,70328,0
2026-08-22 03:50:00+00:00,198174.642,199108.404,198068.212,199108.404,150,70328,0
2026-08-22 03:55:00+00:00,199114.02,199413.123,198785.479,198932.431,150,70328,0
2026-08-22 04:00:00+00:00,198934.532,199068.618,198336.091,198692.823,150,70328,0
2026-08-22 04:05:00+00:00,198609.994,199255.656,198297.124,199214.276,150,70328,0
2026-08-22 04:10:00+00:00,199210.955,199603.428,198882.235,199041.533,150,70328,0
2026-08-22 04:15:00+00:00,199054.928,200308.285,199026.809,200231.879,150,70328,0
2026-08-22 04:20:00+00:00,200218.401,200887.965,199624.481,199839.11,150,70328,0
2026-08-22 04:25:00+00:00,199863.83,200253.343,199463.772,199840.227,150,70328,0
2026-08-22 04:30:00+00:00,199832.227,200410.377,199242.934,200410.377,150,70328,0
2026-08-22 04:35:00+00:00,200341.223,200423.786,199824.026,200252.764,150,70328,0
2026-08-22 04:40:00+00:00,200179.912,200259.291,199744.437,199962.232,150,70328,0
2026-08-22 04:45:00+00:00,199987.989,200359.481,199756.91,200035.856,150,70328,0
2026-08-22 04:50:00+00:00,199952.848,200725.415,199708.629,200339.94,150,70328,0
2026-08-22 04:55:00+00:00,200327.229,200497.212,199379.58,199718.853,150,70328,0
2026-08-22 05:00:00+00:00,199714.403,200096.753,199426.487,199492.136,150,70328,0
2026-08-22 05:05:00+00:00,199443.108,199547.95,198611.573,198756.042,150,70328,0
2026-08-22 05:10:00+00:00,198694.663,198960.551,198214.503,198278.637,150,70328,0
2026-08-22 05:15:00+00:00,198234.579,198629.811,198142.989,198465.088,150,70328,0
2026-08-22 05:20:00+00:00,198494.453,198931.116,198296.227,198803.437,150,70328,0
2026-08-22 05:25:00+00:00,198819.98,199282.024,198637.84,199090.644,150,70328,0
2026-08-22 05:30:00+00:00,199150.593,199294.317,198512.417,198720.207,150,70328,0
2026-08-22 05:35:00+00:00,198672.976,198782.542,198408.865,198644.531,150,70328,0
2026-08-22 05:40:00+00:00,198650.788,199153.975,198609.198,198839.303,150,70328,0
2026-08-22 05:45:00+00:00,198775.322,199350.673,198488.257,198624.627,150,70328,0
2026-08-22 05:50:00+00:00,198638.386,199182.982,198513.659,199038.902,150,70328,0
2026-08-22 05:55:00+00:00,199062.495,199303.439,198511.931,198599.561,150,70328,0
2026-08-22 06:00:00+00:00,198586.578,199326.831,198459.589,198950.249,150,70328,0
2026-08-22 06:05:00+00:00,199029.267,199456.177,198781.712,198784.796,150,70328,0
2026-08-22 06:10:00+00:00,198765.645,199004.479,198408.804,198887.958,150,70328,0
2026-08-22 06:15:00+00:00,198801.715,199322.99,198632.005,198703.39,150,70328,0
2026-08-22 06:20:00+00:00,198757.172,199453.831,198586.498,199318.854,150,70328,0
2026-08-22 06:25:00+00:00,199256.117,199339.382,198631.099,198930.939,150,70328,0
2026-08-22 06:30:00+00:00,198960.916,199498.688,198814.436,198980.155,150,70328,0
2026-08-22 06:35:00+00:00,198951.866,198957.898,197805.045,197893.267,150,70328,0
2026-08-22 06:40:00+00:00,197898.293,198305.114,197634.767,197830.48,150,70328,0
2026-08-22 06:45:00+00:00,197767.396,198158.008,197411.049,197684.549,150,70328,0
2026-08-22 06:50:00+00:00,197640.504,198143.479,197483.164,198115.401,150,70328,0
2026-08-22 06:55:00+00:00,198234.291,198265.423,197538.932,197748.104,150,70328,0
2026-08-22 07:00:00+00:00,197783.205,198072.812,197553.255,197553.255,150,70328,0
2026-08-22 07:05:00+00:00,197556.147,198416.467,197452.437,197955.354,150,70328,0
2026-08-22 07:10:00+00:00,197930.601,198060.857,197596.77,197882.381,150,70328,0
2026-08-22 07:15:00+00:00,197872.44,198024.586,197211.928,197363.286,150,70328,0
2026-08-22 07:20:00+00:00,197379.846,198084.672,197171.802,197836.221,150,70328,0
2026-08-22 07:25:00+00:00,197849.403,198221.71,197695.917,197695.917,150,70328,0
2026-08-22 07:30:00+00:00,197733.428,198658.333,197733.428,198062.236,150,70328,0
2026-08-22 07:35:00+00:00,198014.962,198184.156,197466.981,197629.096,150,70328,0
2026-08-22 07:40:00+00:00,197663.046,198210.59,197225.143,197425.464,150,70328,0
2026-08-22 07:45:00+00:00,197467.22,197993.428,196889.066,197902.064,150,70328,0
2026-08-22 07:50:00+00:00,197917.581,198152.067,197390.947,197645.496,150,70328,0
2026-08-22 07:55:00+00:00,197689.118,197806.803,197069.702,197470.476,150,70328,0
2026-08-22 08:00:00+00:00,197510.249,197800.703,197162.265,197379.974,150,70328,0
2026-08-22 08:05:00+00:00,197373.485,197496.817,196549.456,196671.641,150,70328,0
2026-08-22 08:10:00+00:00,196726.377,197331.502,196669.589,197092.168,150,70328,0
2026-08-22 08:15:00+00:00,197014.151,197438.242,196736.814,197199.692,150,70328,0
2026-08-22 08:20:00+00:00,197221.163,198200.785,197109.067,198051.244,150,70328,0
2026-08-22 08:25:00+00:00,198151.891,198703.42,197927.513,198671.347,150,70328,0
2026-08-22 08:30:00+00:00,198652.332,198716.198,197938.667,198231.993,150,70328,0
2026-08-22 08:35:00+00:00,198231.849,198591.462,197685.549,197685.549,150,70328,0
2026-08-22 08:40:00+00:00,197670.491,198236.684,197489.729,197922.195,150,70328,0
2026-08-22 08:45:00+00:00,197894.741,197968.081,196167.475,196180.196,150,70328,0
2026-08-22 08:50:00+00:00,196270.688,197082.318,196144.834,197082.318,150,70328,0
2026-08-22 08:55:00+00:00,197114.104,198622.553,197114.104,198303.108,150,70328,0
2026-08-22 09:00:00+00:00,198349.141,199004.682,198064.862,198669.014,150,70328,0
2026-08-22 09:05:00+00:00,198610.736,199063.557,198172.761,198172.761,150,70328,0
2026-08-22 09:10:00+00:00,198156.636,198568.926,197970.852,198522.86,150,70328,0
2026-08-22 09:15:00+00:00,198518.624,199061.463,198254.017,198959.394,150,70328,0
2026-08-22 09:20:00+00:00,198936.209,199215.053,197907.493,198109.521,150,70328,0
2026-08-22 09:25:00+00:00,198173.662,198273.271,197432.525,197454.468,150,70328,0
2026-08-22 09:30:00+00:00,197543.196,197636.114,197031.43,197281.677,150,70328,0
2026-08-22 09:35:00+00:00,197238.802,197698.025,196730.718,196745.089,150,70328,0
2026-08-22 09:40:00+00:00,196770.586,197477.712,196692.561,197241.64,150,70328,0
2026-08-22 09:45:00+00:00,197306.373,197510.082,196657.001,196796.797,150,70328,0
2026-08-22 09:50:00+00:00,196751.921,197403.928,196751.921,197186.696,150,70328,0
2026-08-22 09:55:00+00:00,197277.02,197418.757,196752.437,197220.072,150,70328,0
2026-08-22 10:00:00+00:00,197247.075,197348.308,196715.991,196910.283,150,70328,0
2026-08-22 10:05:00+00:00,196967.373,197053.113,196042.066,196082.397,150,70328,0
2026-08-22 10:10:00+00:00,196108.265,196279.971,195440.222,195748.935,150,70328,0
2026-08-22 10:15:00+00:00,195700.853,196111.605,195487.056,195883.634,150,70328,0
2026-08-22 10:20:00+00:00,195875.928,196549.534,195725.94,196263.915,150,70328,0
2026-08-22 10:25:00+00:00,196285.831,196491.402,195854.388,195984.129,150,70328,0
2026-08-22 10:30:00+00:00,196063.341,196359.147,195822.337,196313.605,150,70328,0
2026-08-22 10:35:00+00:00,196280.443,196610.38,195958.886,196449.97,150,70328,0
2026-08-22 10:40:00+00:00,196407.429,196432.655,195930.327,196194.022,150,70328,0
2026-08-22 10:45:00+00:00,196181.146,196767.282,196167.762,196260.403,150,70328,0
2026-08-22 10:50:00+00:00,196254.812,196712.085,196166.091,196635.633,150,70328,0
2026-08-22 10:55:00+00:00,196573.962,196723.929,195971.585,196670.485,150,70328,0
2026-08-22 11:00:00+00:00,196689.874,197810.114,196562.841,197265.323,150,70328,0
2026-08-22 11:05:00+00:00,197309.896,197730.869,197003.585,197063.612,150,70328,0
2026-08-22 11:10:00+00:00,196984.599,197650.399,196915.839,197591.107,150,70328,0
2026-08-22 11:15:00+00:00,197543.057,198140.741,197543.057,197998.774,150,70328,0
2026-08-22 11:20:00+00:00,198041.763,199488.975,197917.276,199425.046,150,70328,0
2026-08-22 11:25:00+00:00,199410.381,199456.945,198556.029,198767.775,150,70328,0
2026-08-22 11:30:00+00:00,198753.555,198991.898,198363.53,198498.268,150,70328,0
2026-08-22 11:35:00+00:00,198527.948,198916.953,197814.166,197985.274,150,70328,0
2026-08-22 11:40:00+00:00,197918.507,198267.013,197702.722,197774.992,150,70328,0
2026-08-22 11:45:00+00:00,197802.009,198150.058,197386.422,197480.351,150,70328,0
2026-08-22 11:50:00+00:00,197415.396,197415.396,196663.929,197161.082,150,70328,0
2026-08-22 11:55:00+00:00,197147.3,197664.027,197067.091,197327.799,150,70328,0
2026-08-22 12:00:00+00:00,197352.082,197978.126,196996.921,197581.629,150,70328,0
2026-08-22 12:05:00+00:00,197611.211,197869.64,196874.125,196874.125,150,70328,0
2026-08-22 12:10:00+00:00,196852.373,196903.65,195924.022,196215.811,150,70328,0
2026-08-22 12:15:00+00:00,196181.745,196441.194,195898.369,196231.16,150,70328,0
2026-08-22 12:20:00+00:00,196219.097,197138.05,196108.95,197069.217,150,70328,0
2026-08-22 12:25:00+00:00,197043.373,197849.992,196953.586,197675.567,150,70328,0
2026-08-22 12:30:00+00:00,197642.737,198070.884,197281.671,197281.671,150,70328,0
2026-08-22 12:35:00+00:00,197232.536,198092.186,197228.626,197886.961,150,70328,0
2026-08-22 12:40:00+00:00,197928.366,198827.983,197855.616,198732.811,150,70328,0
2026-08-22 12:45:00+00:00,198788.479,198882.68,197828.037,197865.794,150,70328,0
2026-08-22 12:50:00+00:00,197861.605,197893.864,197030.753,197177.521,150,70328,0
2026-08-22 12:55:00+00:00,197238.758,197329.736,196761.593,197062.08,150,70328,0
2026-08-22 13:00:00+00:00,197102.072,197989.996,197073.388,197556.102,150,70328,0
2026-08-22 13:05:00+00:00,197602.861,198201.862,197590.81,197615.396,150,70328,0
2026-08-22 13:10:00+00:00,197592.058,197920.551,197280.052,197492.615,150,70328,0
2026-08-22 13:15:00+00:00,197420.548,198078.45,197357.177,197935.146,150,70328,0
2026-08-22 13:20:00+00:00,197939.087,198275.809,197712.463,198206.707,150,70328,0
2026-08-22 13:25:00+00:00,198104.431,198893.526,197733.017,198680.002,150,70328,0
2026-08-22 13:30:00+00:00,198745.912,199282.729,198634.401,198691.271,150,70328,0
2026-08-22 13:35:00+00:00,198717.513,198739.394,197585.716,197928.833,150,70328,0
2026-08-22 13:40:00+00:00,197918.249,197930.135,197125.643,197273.572,150,70328,0
2026-08-22 13:45:00+00:00,197260.883,197270.275,195778.591,195808.466,150,70328,0
2026-08-22 13:50:00+00:00,195787.734,196268.469,195548.983,196072.758,150,70328,0
2026-08-22 13:55:00+00:00,196067.438,196120.726,195431.903,195855.032,150,70328,0
2026-08-22 14:00:00+00:00,195844.425,196219.728,195632.436,196061.02,150,70328,0
2026-08-22 14:05:00+00:00,196196.015,196823.882,196124.015,196684.007,150,70328,0
2026-08-22 14:10:00+00:00,196756.168,197225.628,196525.955,197006.679,150,70328,0
2026-08-22 14:15:00+00:00,196946.836,197116.084,196236.112,196466.439,150,70328,0
2026-08-22 14:20:00+00:00,196450.492,196450.492,195181.012,195504.534,150,70328,0
2026-08-22 14:25:00+00:00,195523.417,195673.723,195037.364,195255.893,150,70328,0
2026-08-22 14:30:00+00:00,195201.304,195445.947,194584.91,194613.89,150,70328,0
2026-08-22 14:35:00+00:00,194686.358,195639.26,194578.383,195563.391,150,70328,0
2026-08-22 14:40:00+00:00,195493.625,196339.582,195410.668,196241.293,150,70328,0
2026-08-22 14:45:00+00:00,196133.635,196133.635,195194.751,195439.438,150,70328,0
2026-08-22 14:50:00+00:00,195480.928,195718.488,195093.678,195134.68,150,70328,0
2026-08-22 14:55:00+00:00,195116.369,195174.486,194491.074,194684.552,150,70328,0
2026-08-22 15:00:00+00:00,194714.727,194907.917,194295.446,194395.263,150,70328,0
2026-08-22 15:05:00+00:00,194411.023,194635.033,193976.169,194385.551,150,70328,0
2026-08-22 15:10:00+00:00,194349.005,194845.707,193808.478,194763.692,150,70328,0
2026-08-22 15:15:00+00:00,194759.242,195625.248,194557.84,195275.313,150,70328,0
2026-08-22 15:20:00+00:00,195313.79,195443.438,194747.691,195124.899,150,70328,0
2026-08-22 15:25:00+00:00,195095.2,195840.202,194882.757,195807.369,150,70328,0
2026-08-22 15:30:00+00:00,195795.459,196232.834,195768.398,196079.425,150,70328,0
2026-08-22 15:35:00+00:00,196014.097,196110.879,195479.864,195660.257,150,70328,0
2026-08-22 15:40:00+00:00,195648.565,195650.775,194715.716,195266.94,150,70328,0
2026-08-22 15:45:00+00:00,195174.793,195174.793,194199.06,194604.602,150,70328,0
2026-08-22 15:50:00+00:00,194522.916,195305.224,194380.241,194860.279,150,70328,0
2026-08-22 15:55:00+00:00,194873.744,194991.167,193812.681,193890.524,150,70328,0
2026-08-22 16:00:00+00:00,193861.381,194565.376,193613.733,193881.538,150,70328,0
2026-08-22 16:05:00+00:00,193849.016,194866.657,193849.016,194749.217,150,70328,0
2026-08-22 16:10:00+00:00,194736.58,195082.68,194426.576,194778.212,150,70328,0
2026-08-22 16:15:00+00:00,194762.763,194991.748,194347.864,194559.593,150,70328,0
2026-08-22 16:20:00+00:00,194545.004,195476.011,194545.004,194823.354,150,70328,0
2026-08-22 16:25:00+00:00,194745.51,195059.959,193797.097,193838.624,150,70328,0
2026-08-22 16:30:00+00:00,193903.781,194266.156,193091.142,193225.002,150,70328,0
2026-08-22 16:35:00+00:00,193208.653,194785.612,193056.566,194785.612,150,70328,0
2026-08-22 16:40:00+00:00,194826.85,195030.288,194603.491,194951.656,150,70328,0
2026-08-22 16:45:00+00:00,194931.2,196084.626,194753.778,196012.948,150,70328,0
2026-08-22 16:50:00+00:00,196025.31,196025.31,195060.262,195857.529,150,70328,0
2026-08-22 16:55:00+00:00,195832.625,196407.636,195488.248,195632.671,150,70328,0
2026-08-22 17:00:00+00:00,195657.264,196041.624,195438.975,195897.28,150,70328,0
2026-08-22 17:05:00+00:00,195911.312,196602.195,195884.69,196258.56,150,70328,0
2026-08-22 17:10:00+00:00,196246.683,197055.456,195900.055,196623.834,150,70328,0
2026-08-22 17:15:00+00:00,196580.794,196937.225,196197.914,196225.597,150,70328,0
2026-08-22 17:20:00+00:00,196254.455,196302.846,194912.926,194973.724,150,70328,0
2026-08-22 17:25:00+00:00,194945.658,195393.484,194742.847,195023.225,150,70328,0
2026-08-22 17:30:00+00:00,195041.243,195041.243,194158.093,194218.687,150,70328,0
2026-08-22 17:35:00+00:00,194226.026,194392.465,193618.814,194035.796,150,70328,0
2026-08-22 17:40:00+00:00,194008.414,194416.051,193746.403,193939.658,150,70328,0
2026-08-22 17:45:00+00:00,193918.347,195066.286,193918.347,194769.049,150,70328,0
2026-08-22 17:50:00+00:00,194782.287,194782.287,194226.739,194332.48,150,70328,0
2026-08-22 17:55:00+00:00,194316.159,194566.472,193802.396,193887.683,150,70328,0
2026-08-22 18:00:00+00:00,193907.719,194894.025,193796.382,194774.136,150,70328,0
2026-08-22 18:05:00+00:00,194725.411,194790.745,193548.83,193548.83,150,70328,0
2026-08-22 18:10:00+00:00,193572.114,193704.164,192820.796,192843.615,150,70328,0
2026-08-22 18:15:00+00:00,192789.0,193336.109,192728.888,192930.303,150,70328,0
2026-08-22 18:20:00+00:00,192926.912,193948.845,192914.143,193672.997,150,70328,0
2026-08-22 18:25:00+00:00,193704.596,193931.14,193002.631,193183.065,150,70328,0
2026-08-22 18:30:00+00:00,193182.372,194072.246,192922.766,193753.916,150,70328,0
2026-08-22 18:35:00+00:00,193785.931,194157.136,193215.519,193215.519,150,70328,0
2026-08-22 18:40:00+00:00,193128.851,193438.39,191846.398,191860.773,150,70328,0
2026-08-22 18:45:00+00:00,191842.337,191996.944,191378.486,191390.857,150,70328,0
2026-08-22 18:50:00+00:00,191410.826,192142.659,191250.833,191396.744,150,70328,0
2026-08-22 18:55:00+00:00,191455.136,192233.776,191453.451,191643.802,150,70328,0
2026-08-22 19:00:00+00:00,191655.482,192214.539,191544.428,192214.539,150,70328,0
2026-08-22 19:05:00+00:00,192210.929,192602.966,192156.607,192404.739,150,70328,0
2026-08-22 19:10:00+00:00,192348.942,193022.403,192123.822,192853.806,150,70328,0
2026-08-22 19:15:00+00:00,192869.519,193110.816,192505.709,192666.012,150,70328,0
2026-08-22 19:20:00+00:00,192672.904,193661.237,192591.044,193661.237,150,70328,0
2026-08-22 19:25:00+00:00,193683.836,193831.655,193286.938,193829.463,150,70328,0
2026-08-22 19:30:00+00:00,193819.207,194084.457,193055.703,193116.055,150,70328,0
2026-08-22 19:35:00+00:00,193107.607,193406.886,192803.264,193399.659,150,70328,0
2026-08-22 19:40:00+00:00,193418.317,194043.784,192987.665,193589.479,150,70328,0
2026-08-22 19:45:00+00:00,193566.456,195066.794,193559.212,194826.852,150,70328,0
2026-08-22 19:50:00+00:00,194850.392,195411.911,194507.652,195163.763,150,70328,0
2026-08-22 19:55:00+00:00,195104.943,195543.829,195033.899,195251.301,150,70328,0
2026-08-22 20:00:00+00:00,195211.479,195537.137,195040.969,195424.645,150,70328,0
2026-08-22 20:05:00+00:00,195435.584,195818.804,195038.449,195064.789,150,70328,0
2026-08-22 20:10:00+00:00,195119.013,195119.013,194328.658,194866.662,150,70328,0
2026-08-22 20:15:00+00:00,194838.663,195762.674,194718.313,195499.984,150,70328,0
2026-08-22 20:20:00+00:00,195520.389,195658.748,195036.154,195060.753,150,70328,0
2026-08-22 20:25:00+00:00,195038.323,195360.447,194777.666,195263.616,150,70328,0
2026-08-22 20:30:00+00:00,195291.008,196033.758,195004.601,195017.541,150,70328,0
2026-08-22 20:35:00+00:00,195024.318,195286.259,194535.498,194610.135,150,70328,0
2026-08-22 20:40:00+00:00,194556.961,195017.896,194147.701,194981.008,150,70328,0
2026-08-22 20:45:00+00:00,195056.579,195642.183,194926.14,195171.797,150,70328,0
2026-08-22 20:50:00+00:00,195226.052,195289.401,194283.067,194292.66,150,70328,0
2026-08-22 20:55:00+00:00,194365.662,194365.662,193178.821,193435.396,150,70328,0
2026-08-22 21:00:00+00:00,193448.502,193572.524,193043.668,193184.847,150,70328,0
2026-08-22 21:05:00+00:00,193262.319,193320.461,192232.131,192724.763,150,70328,0
2026-08-22 21:10:00+00:00,192692.135,193115.584,192307.444,192755.271,150,70328,0
2026-08-22 21:15:00+00:00,192813.931,192971.358,191794.247,192048.032,150,70328,0
2026-08-22 21:20:00+00:00,192078.973,192503.436,191664.08,191821.929,150,70328,0
2026-08-22 21:25:00+00:00,191926.372,192476.036,191591.489,192286.957,150,70328,0
2026-08-22 21:30:00+00:00,192289.128,192496.848,192089.613,192496.848,150,70328,0
2026-08-22 21:35:00+00:00,192542.612,193196.83,192374.979,192781.329,150,70328,0
2026-08-22 21:40:00+00:00,192844.141,193463.951,192821.392,193090.098,150,70328,0
2026-08-22 21:45:00+00:00,193156.884,194197.09,192992.493,193985.919,150,70328,0
2026-08-22 21:50:00+00:00,193997.05,194366.95,193932.595,194341.472,150,70328,0
2026-08-22 21:55:00+00:00,194343.84,194852.021,194178.727,194701.017,150,70328,0
2026-08-22 22:00:00+00:00,194702.608,194888.1,193662.613,193725.323,150,70328,0
2026-08-22 22:05:00+00:00,193708.725,194411.026,193705.539,194070.202,150,70328,0
2026-08-22 22:10:00+00:00,194075.676,194744.938,194065.356,194590.513,150,70328,0
2026-08-22 22:15:00+00:00,194587.506,195387.657,194518.876,195138.767,150,70328,0
2026-08-22 22:20:00+00:00,195222.012,195452.724,194951.422,195162.356,150,70328,0
2026-08-22 22:25:00+00:00,195233.359,196094.315,195182.847,195877.381,150,70328,0
2026-08-22 22:30:00+00:00,195866.541,196772.326,195718.13,195887.542,150,70328,0
2026-08-22 22:35:00+00:00,195877.19,196144.847,195627.659,196128.155,150,70328,0
2026-08-22 22:40:00+00:00,196040.434,196589.446,195606.67,195850.508,150,70328,0
2026-08-22 22:45:00+00:00,195868.088,196160.934,195540.572,195668.089,150,70328,0
2026-08-22 22:50:00+00:00,195682.767,196127.824,195682.767,196049.348,150,70328,0
2026-08-22 22:55:00+00:00,196059.283,196081.211,195113.93,195421.744,150,70328,0
2026-08-22 23:00:00+00:00,195439.344,195735.86,195115.427,195531.146,150,70328,0
2026-08-22 23:05:00+00:00,195527.009,195715.205,194993.647,195408.823,150,70328,0
2026-08-22 23:10:00+00:00,195462.85,195608.433,194527.223,194554.852,150,70328,0
2026-08-22 23:15:00+00:00,194589.078,194979.152,194242.399,194761.069,150,70328,0
2026-08-22 23:20:00+00:00,194769.308,195327.506,194293.011,195277.952,150,70328,0
2026-08-22 23:25:00+00:00,195255.371,195739.384,195115.475,195429.606,150,70328,0
2026-08-22 23:30:00+00:00,195438.338,195438.338,194311.273,194457.832,150,70328,0
2026-08-22 23:35:00+00:00,194425.117,194543.268,193465.587,193506.679,150,70328,0
2026-08-22 23:40:00+00:00,193477.005,193671.818,192553.528,192589.649,150,70328,0
2026-08-22 23:45:00+00:00,192534.883,192789.83,192335.64,192488.304,150,70328,0
2026-08-22 23:50:00+00:00,192559.864,193053.846,192356.937,192988.608,150,70328,0
2026-08-22 23:55:00+00:00,192986.376,193553.494,192669.284,192710.363,150,70328,0
2026-08-23 00:00:00+00:00,192789.589,193061.651,192345.954,193054.989,150,70328,0
2026-08-23 00:05:00+00:00,193028.298,193623.014,192848.575,192848.575,150,70328,0
2026-08-23 00:10:00+00:00,192864.233,193460.152,192784.959,193091.96,150,70328,0
2026-08-23 00:15:00+00:00,193090.324,193331.244,192662.645,193331.244,150,70328,0
2026-08-23 00:20:00+00:00,193314.034,193715.41,193195.341,193560.681,150,70328,0
2026-08-23 00:25:00+00:00,193628.543,193944.936,193264.105,193717.097,150,70328,0
2026-08-23 00:30:00+00:00,193716.959,193928.861,193313.883,193602.933,150,70328,0
2026-08-23 00:35:00+00:00,193566.22,194512.703,193427.034,194461.372,150,70328,0
2026-08-23 00:40:00+00:00,194494.04,194507.912,193519.128,193521.268,150,70328,0
2026-08-23 00:45:00+00:00,193491.65,193955.898,193413.147,193616.564,150,70328,0
2026-08-23 00:50:00+00:00,193646.074,194070.878,193363.943,193961.652,150,70328,0
2026-08-23 00:55:00+00:00,193956.671,194169.164,193548.464,193966.931,150,70328,0
2026-08-23 01:00:00+00:00,193944.638,194161.402,193311.196,193370.799,150,70328,0
2026-08-23 01:05:00+00:00,193323.419,193696.67,193067.372,193067.372,150,70328,0
2026-08-23 01:10:00+00:00,193122.072,193252.063,192641.38,192889.63,150,70328,0
2026-08-23 01:15:00+00:00,192917.624,193804.07,192917.624,193481.383,150,70328,0
2026-08-23 01:20:00+00:00,193490.741,194689.776,193490.741,194662.512,136,70328,0
2026-08-23 01:25:00+00:00,194692.899,195338.547,194505.492,194695.783,150,70328,0
2026-08-23 01:30:00+00:00,194666.378,194976.944,194367.576,194716.282,150,70328,0
2026-08-23 01:35:00+00:00,194636.472,194707.855,194176.151,194258.501,150,70328,0
2026-08-23 01:40:00+00:00,194253.497,194885.536,194148.399,194470.727,150,70328,0
2026-08-23 01:45:00+00:00,194423.697,194645.91,194237.173,194245.348,150,70328,0
2026-08-23 01:50:00+00:00,194227.349,194647.938,193952.764,194257.19,150,70328,0
2026-08-23 01:55:00+00:00,194312.352,194694.357,193807.945,194417.437,150,70328,0
2026-08-23 02:00:00+00:00,194376.699,195054.241,194141.19,195014.989,150,70328,0
2026-08-23 02:05:00+00:00,194920.038,195123.257,194598.228,194761.126,150,70328,0
2026-08-23 02:10:00+00:00,194723.139,195065.589,194323.559,194869.444,150,70328,0
2026-08-23 02:15:00+00:00,194740.423,195218.941,194608.587,195172.537,150,70328,0
2026-08-23 02:20:00+00:00,195171.403,196203.868,195128.761,195866.019,144,70328,0
2026-08-23 02:25:00+00:00,195849.21,196315.829,195152.972,196284.828,156,70328,0
2026-08-23 02:30:00+00:00,196249.161,196834.866,196122.141,196739.88,150,70328,0
2026-08-23 02:35:00+00:00,196762.065,197208.011,196625.848,197161.945,150,70328,0
2026-08-23 02:40:00+00:00,197114.216,197542.646,196918.51,197518.019,150,70328,0
2026-08-23 02:45:00+00:00,197528.827,197528.827,196844.334,197173.161,150,70328,0
2026-08-23 02:50:00+00:00,197184.646,197404.587,196242.262,196242.262,150,70328,0
2026-08-23 02:55:00+00:00,196219.74,196512.366,195614.217,195905.015,150,70328,0
2026-08-23 03:00:00+00:00,195870.386,196069.788,195227.676,195750.754,150,70328,0
2026-08-23 03:05:00+00:00,195747.632,195989.397,194900.066,194986.341,150,70328,0
2026-08-23 03:10:00+00:00,194991.908,195561.997,194804.02,195444.522,150,70328,0
2026-08-23 03:15:00+00:00,195414.492,195535.091,194810.46,195018.56,150,70328,0
2026-08-23 03:20:00+00:00,195078.228,195411.008,194891.371,194893.202,150,70328,0
2026-08-23 03:25:00+00:00,194874.745,195028.185,194426.818,194691.84,150,70328,0
2026-08-23 03:30:00+00:00,194711.155,195087.175,194532.914,194917.842,150,70328,0
2026-08-23 03:35:00+00:00,194849.922,195165.75,193950.121,194031.182,150,70328,0
2026-08-23 03:40:00+00:00,194113.539,194279.404,193526.737,194041.419,150,70328,0
2026-08-23 03:45:00+00:00,194019.165,194319.932,193727.987,194297.388,150,70328,0
2026-08-23 03:50:00+00:00,194348.306,194557.479,193910.508,194100.446,150,70328,0
2026-08-23 03:55:00+00:00,194123.602,194129.904,193055.519,193277.88,150,70328,0
2026-08-23 04:00:00+00:00,193336.307,193460.341,192687.884,193246.019,150,70328,0
2026-08-23 04:05:00+00:00,193240.018,194176.238,193238.673,193776.095,150,70328,0
2026-08-23 04:10:00+00:00,193746.884,194500.854,193620.471,194463.369,150,70328,0
2026-08-23 04:15:00+00:00,194476.572,195009.647,194327.247,194470.507,150,70328,0
2026-08-23 04:20:00+00:00,194461.456,194535.17,193181.164,193181.164,150,70328,0
2026-08-23 04:25:00+00:00,193243.127,194038.569,193174.712,193783.012,150,70328,0
2026-08-23 04:30:00+00:00,193785.486,194193.032,193539.105,193906.848,150,70328,0
2026-08-23 04:35:00+00:00,193849.103,193994.281,193166.977,193870.393,150,70328,0
2026-08-23 04:40:00+00:00,193852.709,194044.533,193454.685,194044.533,150,70328,0
2026-08-23 04:45:00+00:00,193975.515,194444.404,193975.515,194224.633,150,70328,0
2026-08-23 04:50:00+00:00,194194.375,194210.402,193355.064,193693.145,150,70328,0
2026-08-23 04:55:00+00:00,193758.428,194059.635,193543.652,193649.614,150,70328,0
2026-08-23 05:00:00+00:00,193607.932,193833.849,193273.523,193598.822,150,70328,0
2026-08-23 05:05:00+00:00,193663.863,193780.299,193036.184,193747.1,150,70328,0
2026-08-23 05:10:00+00:00,193720.151,194208.014,193502.151,193617.248,150,70328,0
2026-08-23 05:15:00+00:00,193599.158,194389.273,193462.394,194338.073,150,70328,0
2026-08-23 05:20:00+00:00,194303.664,194419.828,193246.718,193570.411,150,70328,0
2026-08-23 05:25:00+00:00,193650.426,193890.903,192945.182,193840.241,150,70328,0
2026-08-23 05:30:00+00:00,193829.859,194173.486,193526.886,193604.687,150,70328,0
2026-08-23 05:35:00+00:00,193592.874,193650.08,193116.505,193304.11,150,70328,0
2026-08-23 05:40:00+00:00,193377.756,193413.543,192612.402,192701.817,150,70328,0
2026-08-23 05:45:00+00:00,192609.375,192873.261,192314.682,192492.447,150,70328,0
2026-08-23 05:50:00+00:00,192405.632,192855.837,191857.081,192026.826,150,70328,0
2026-08-23 05:55:00+00:00,192105.337,192361.193,191828.24,191837.676,150,70328,0
2026-08-23 06:00:00+00:00,191793.827,192492.683,191565.361,192302.646,150,70328,0
2026-08-23 06:05:00+00:00,192323.095,193059.002,192319.22,193042.313,150,70328,0
2026-08-23 06:10:00+00:00,192990.361,193219.392,192655.475,192739.522,150,70328,0
2026-08-23 06:15:00+00:00,192794.19,192810.34,191803.469,191982.069,150,70328,0
2026-08-23 06:20:00+00:00,191985.017,192032.755,191379.014,191725.387,150,70328,0
2026-08-23 06:25:00+00:00,191795.971,192191.154,191706.159,191836.269,150,70328,0
2026-08-23 06:30:00+00:00,191899.533,191899.533,191130.581,191665.471,150,70328,0
2026-08-23 06:35:00+00:00,191670.828,192250.567,191581.381,191879.914,150,70328,0
2026-08-23 06:40:00+00:00,191911.27,192283.799,191671.539,191776.139,150,70328,0
2026-08-23 06:45:00+00:00,191842.317,192202.19,191494.39,191595.928,150,70328,0
2026-08-23 06:50:00+00:00,191547.897,191885.004,191181.029,191229.752,150,70328,0
2026-08-23 06:55:00+00:00,191253.483,191525.665,190975.472,190978.474,150,70328,0
2026-08-23 07:00:00+00:00,190989.423,191578.916,190805.992,191230.408,150,70328,0
2026-08-23 07:05:00+00:00,191226.771,191683.565,190948.494,191343.216,150,70328,0
2026-08-23 07:10:00+00:00,191424.351,191717.272,190829.785,190862.407,150,70328,0
2026-08-23 07:15:00+00:00,190904.659,191314.542,190786.248,190927.91,150,70328,0
2026-08-23 07:20:00+00:00,190841.004,191250.225,190799.389,191156.576,150,70328,0
2026-08-23 07:25:00+00:00,191140.251,192353.359,191072.044,191740.24,150,70328,0
2026-08-23 07:30:00+00:00,191820.94,192078.883,191637.751,191848.741,150,70328,0
2026-08-23 07:35:00+00:00,191882.611,192426.966,191727.27,192426.966,150,70328,0
2026-08-23 07:40:00+00:00,192449.133,192478.644,191661.419,191661.419,150,70328,0
2026-08-23 07:45:00+00:00,191651.707,192164.877,191458.412,192146.275,150,70328,0
2026-08-23 07:50:00+00:00,192106.003,192315.27,191435.72,191911.582,150,70328,0
2026-08-23 07:55:00+00:00,191945.019,192075.243,191704.824,191924.551,150,70328,0
2026-08-23 08:00:00+00:00,191903.149,192531.745,191565.685,192463.596,150,70328,0
2026-08-23 08:05:00+00:00,192450.79,192897.748,192077.586,192204.844,150,70328,0
2026-08-23 08:10:00+00:00,192193.694,192752.52,191922.494,192102.215,150,70328,0
2026-08-23 08:15:00+00:00,192105.644,192427.277,191715.029,192190.863,150,70328,0
2026-08-23 08:20:00+00:00,192193.925,192689.513,192154.809,192481.012,150,70328,0
2026-08-23 08:25:00+00:00,192443.296,192747.814,192185.69,192549.487,150,70328,0
2026-08-23 08:30:00+00:00,192518.328,193314.935,192405.108,193229.837,150,70328,0
2026-08-23 08:35:00+00:00,193258.638,193747.459,192929.863,193263.399,150,70328,0
2026-08-23 08:40:00+00:00,193288.377,193291.559,192876.543,193183.287,150,70328,0
2026-08-23 08:45:00+00:00,193192.522,193879.827,193099.61,193201.989,150,70328,0
2026-08-23 08:50:00+00:00,193129.888,193528.46,192325.445,192330.037,150,70328,0
2026-08-23 08:55:00+00:00,192337.535,192373.114,191737.179,192059.987,150,70328,0
2026-08-23 09:00:00+00:00,192005.102,192394.006,191954.807,192077.787,150,70328,0
2026-08-23 09:05:00+00:00,192081.775,192405.661,191814.315,192235.576,150,70328,0
2026-08-23 09:10:00+00:00,192237.558,192908.891,191763.487,192908.891,150,70328,0
2026-08-23 09:15:00+00:00,192876.667,192879.555,191891.92,191958.47,150,70328,0
2026-08-23 09:20:00+00:00,191966.36,192084.233,190996.288,191306.981,150,70328,0
2026-08-23 09:25:00+00:00,191223.431,191702.279,190950.815,191699.129,150,70328,0
2026-08-23 09:30:00+00:00,191677.526,192106.405,191648.19,191983.172,150,70328,0
2026-08-23 09:35:00+00:00,192027.579,192318.775,191686.483,191771.305,150,70328,0
2026-08-23 09:40:00+00:00,191719.789,191997.339,190833.492,191195.291,150,70328,0
2026-08-23 09:45:00+00:00,191213.876,191555.668,191125.342,191369.75,150,70328,0
2026-08-23 09:50:00+00:00,191387.068,192923.543,191387.068,192687.762,150,70328,0
2026-08-23 09:55:00+00:00,192726.558,193290.662,192275.223,192352.983,150,70328,0
2026-08-23 10:00:00+00:00,192360.565,192694.94,192135.773,192530.551,150,70328,0
2026-08-23 10:05:00+00:00,192494.168,192554.234,191913.745,192021.312,150,70328,0
2026-08-23 10:10:00+00:00,191995.502,192283.594,191781.437,192119.02,150,70328,0
2026-08-23 10:15:00+00:00,192095.048,192475.804,191851.345,192242.763,150,70328,0
2026-08-23 10:20:00+00:00,192159.41,192730.661,192072.246,192656.93,150,70328,0
2026-08-23 10:25:00+00:00,192653.061,192881.72,192269.0,192868.983,150,70328,0
2026-08-23 10:30:00+00:00,192836.738,193944.747,192836.738,193393.16,150,70328,0
2026-08-23 10:35:00+00:00,193341.957,194367.127,193214.211,194324.226,150,70328,0
2026-08-23 10:40:00+00:00,194361.754,194512.251,193217.261,193666.184,150,70328,0
2026-08-23 10:45:00+00:00,193558.729,194199.049,193482.516,193518.919,150,70328,0
2026-08-23 10:50:00+00:00,193459.074,193482.798,192571.362,192904.932,150,70328,0
2026-08-23 10:55:00+00:00,192859.928,193475.543,192734.802,193174.479,150,70328,0
2026-08-23 11:00:00+00:00,193207.081,193596.503,192951.027,193534.76,150,70328,0
2026-08-23 11:05:00+00:00,193570.92,193685.372,193126.745,193467.766,150,70328,0
2026-08-23 11:10:00+00:00,193492.275,194151.054,193341.631,193988.534,150,70328,0
2026-08-23 11:15:00+00:00,194016.03,194910.316,193948.355,194568.984,150,70328,0
2026-08-23 11:20:00+00:00,194654.79,195660.193,194627.706,195355.673,150,70328,0
2026-08-23 11:25:00+00:00,195413.934,195696.312,195029.926,195392.334,150,70328,0
2026-08-23 11:30:00+00:00,195393.333,195775.533,194923.849,195775.533,150,70328,0
2026-08-23 11:35:00+00:00,195895.135,195901.945,195150.33,195151.885,150,70328,0
2026-08-23 11:40:00+00:00,195162.625,195669.778,194931.1,194931.1,150,70328,0
2026-08-23 11:45:00+00:00,194917.8,195031.544,194523.349,194713.012,150,70328,0
2026-08-23 11:50:00+00:00,194645.816,195423.31,194440.851,195338.435,150,70328,0
2026-08-23 11:55:00+00:00,195346.462,196370.273,195242.82,196284.739,150,70328,0
2026-08-23 12:00:00+00:00,196261.774,196290.216,195549.94,195694.536,150,70328,0
2026-08-23 12:05:00+00:00,195714.307,195863.198,195062.323,195131.934,150,70328,0
2026-08-23 12:10:00+00:00,195127.347,195504.696,194491.031,194491.031,150,70328,0
2026-08-23 12:15:00+00:00,194474.811,195127.44,194175.268,194519.304,150,70328,0
2026-08-23 12:20:00+00:00,194597.475,194800.415,193993.216,193993.216,150,70328,0
2026-08-23 12:25:00+00:00,193955.566,194207.244,193512.64,193516.538,150,70328,0
2026-08-23 12:30:00+00:00,193547.933,193580.384,192498.07,192711.869,150,70328,0
2026-08-23 12:35:00+00:00,192710.677,192856.467,192310.843,192405.523,150,70328,0
2026-08-23 12:40:00+00:00,192455.913,193026.759,192288.327,192912.265,150,70328,0
2026-08-23 12:45:00+00:00,192802.443,193398.659,192802.443,193398.659,150,70328,0
2026-08-23 12:50:00+00:00,193429.662,193495.053,192279.046,192454.083,150,70328,0
2026-08-23 12:55:00+00:00,192504.957,193185.574,192446.856,193039.754,150,70328,0
2026-08-23 13:00:00+00:00,192990.239,193230.849,192657.218,192780.251,150,70328,0
2026-08-23 13:05:00+00:00,192778.818,192989.613,192370.971,192730.634,150,70328,0
2026-08-23 13:10:00+00:00,192641.357,193515.601,192542.361,193090.46,150,70328,0
2026-08-23 13:15:00+00:00,193092.389,193314.152,192753.567,193162.86,150,70328,0
2026-08-23 13:20:00+00:00,193220.648,193952.429,192920.758,193587.948,150,70328,0
2026-08-23 13:25:00+00:00,193682.622,194424.875,193491.811,193981.288,150,70328,0
2026-08-23 13:30:00+00:00,193996.852,194035.92,192804.559,192932.532,150,70328,0
2026-08-23 13:35:00+00:00,192976.121,193133.377,192633.76,192743.216,150,70328,0
2026-08-23 13:40:00+00:00,192754.46,193408.0,192633.866,192640.025,150,70328,0
2026-08-23 13:45:00+00:00,192730.45,192913.022,192141.347,192750.695,150,70328,0
2026-08-23 13:50:00+00:00,192809.563,192859.495,192173.053,192505.128,150,70328,0
2026-08-23 13:55:00+00:00,192492.841,192492.841,191193.878,191502.904,150,70328,0
2026-08-23 14:00:00+00:00,191492.718,192229.196,191491.444,192229.196,150,70328,0
2026-08-23 14:05:00+00:00,192272.091,192827.772,192203.419,192629.235,150,70328,0
2026-08-23 14:10:00+00:00,192622.012,192758.084,192074.795,192758.084,150,70328,0
2026-08-23 14:15:00+00:00,192810.817,192834.372,192220.285,192474.184,150,70328,0
2026-08-23 14:20:00+00:00,192420.94,193064.23,192261.237,192354.901,150,70328,0
2026-08-23 14:25:00+00:00,192406.839,192617.852,192152.093,192322.658,150,70328,0
2026-08-23 14:30:00+00:00,192312.955,192498.388,191660.94,191764.411,150,70328,0
2026-08-23 14:35:00+00:00,191748.856,191906.702,191015.412,191169.377,150,70328,0
2026-08-23 14:40:00+00:00,191113.402,191278.966,190593.419,190979.126,150,70328,0
2026-08-23 14:45:00+00:00,191020.003,191423.862,190753.463,191073.228,150,70328,0
2026-08-23 14:50:00+00:00,190977.032,191076.326,190254.817,190412.596,150,70328,0
2026-08-23 14:55:00+00:00,190397.427,191127.115,190024.768,191094.968,150,70328,0
2026-08-23 15:00:00+00:00,190972.316,191841.478,190920.833,191807.4,150,70328,0
2026-08-23 15:05:00+00:00,191768.984,192089.991,191427.49,191520.987,150,70328,0
2026-08-23 15:10:00+00:00,191477.739,193240.847,191408.059,193043.545,150,70328,0
2026-08-23 15:15:00+00:00,193112.058,193954.677,192986.663,193564.819,150,70328,0
2026-08-23 15:20:00+00:00,193498.41,194220.212,193162.477,193162.477,150,70328,0
2026-08-23 15:25:00+00:00,193197.957,193658.898,193026.757,193551.518,150,70328,0
2026-08-23 15:30:00+00:00,193515.87,193981.139,193176.794,193916.271,150,70328,0
2026-08-23 15:35:00+00:00,193929.0,194286.289,193765.994,193788.935,150,70328,0
2026-08-23 15:40:00+00:00,193795.08,194288.822,193737.106,193981.542,150,70328,0
2026-08-23 15:45:00+00:00,193906.965,195198.157,193906.965,194830.771,150,70328,0
2026-08-23 15:50:00+00:00,194844.072,195184.191,194527.145,194690.236,150,70328,0
2026-08-23 15:55:00+00:00,194662.53,194662.53,194066.46,194520.784,150,70328,0
2026-08-23 16:00:00+00:00,194491.537,194652.385,193965.439,194474.193,150,70328,0
2026-08-23 16:05:00+00:00,194498.551,195066.072,194496.959,194982.566,150,70328,0
2026-08-23 16:10:00+00:00,195029.694,195385.557,194283.595,194671.204,150,70328,0
2026-08-23 16:15:00+00:00,194736.054,195160.16,194707.283,194707.283,150,70328,0
2026-08-23 16:20:00+00:00,194689.858,194750.874,193738.298,193738.298,150,70328,0
2026-08-23 16:25:00+00:00,193708.371,193761.149,193118.754,193121.397,150,70328,0
2026-08-23 16:30:00+00:00,193136.685,193557.659,192955.721,193042.231,150,70328,0
2026-08-23 16:35:00+00:00,193007.855,193337.837,192536.369,192898.952,150,70328,0
2026-08-23 16:40:00+00:00,192943.725,194177.296,192907.412,193878.265,150,70328,0
2026-08-23 16:45:00+00:00,193864.029,194825.46,193864.029,194677.152,150,70328,0
2026-08-23 16:50:00+00:00,194629.821,194889.662,194311.552,194736.709,150,70328,0
2026-08-23 16:55:00+00:00,194681.118,194963.026,194497.182,194908.332,150,70328,0
2026-08-23 17:00:00+00:00,194841.34,195057.385,194517.418,194699.388,150,70328,0
2026-08-23 17:05:00+00:00,194703.958,195077.569,194389.029,194435.487,150,70328,0
2026-08-23 17:10:00+00:00,194413.591,194982.519,193885.672,193885.672,150,70328,0
2026-08-23 17:15:00+00:00,193919.447,194090.383,193623.006,193903.604,150,70328,0
2026-08-23 17:20:00+00:00,193878.983,194032.057,192734.204,193071.449,150,70328,0
2026-08-23 17:25:00+00:00,193076.766,193468.352,192850.371,193162.886,150,70328,0
2026-08-23 17:30:00+00:00,193187.603,193617.061,192790.144,193167.074,150,70328,0
2026-08-23 17:35:00+00:00,193217.197,193277.489,192272.786,192755.486,150,70328,0
2026-08-23 17:40:00+00:00,192761.934,193209.501,192567.529,192726.957,150,70328,0
2026-08-23 17:45:00+00:00,192769.554,192947.493,192315.114,192675.647,150,70328,0
2026-08-23 17:50:00+00:00,192674.591,192881.529,192370.962,192488.352,150,70328,0
2026-08-23 17:55:00+00:00,192432.125,192939.531,192116.413,192609.017,150,70328,0
2026-08-23 18:00:00+00:00,192596.205,192776.972,192257.925,192643.137,150,70328,0
2026-08-23 18:05:00+00:00,192701.039,193583.457,192533.959,193392.597,150,70328,0
2026-08-23 18:10:00+00:00,193289.625,193611.663,192961.628,193580.923,150,70328,0
2026-08-23 18:15:00+00:00,193502.616,193752.13,193043.581,193326.126,150,70328,0
2026-08-23 18:20:00+00:00,193243.518,193516.572,192872.964,193210.33,150,70328,0
2026-08-23 18:25:00+00:00,193270.492,193527.554,192949.693,192949.693,150,70328,0
2026-08-23 18:30:00+00:00,192986.879,193184.099,192666.451,192885.505,150,70328,0
2026-08-23 18:35:00+00:00,192877.388,192877.388,191999.395,192032.877,150,70328,0
2026-08-23 18:40:00+00:00,192099.155,192335.535,191878.627,191996.147,150,70328,0
2026-08-23 18:45:00+00:00,192091.58,193017.861,192071.798,192825.014,150,70328,0
2026-08-23 18:50:00+00:00,192756.55,192815.573,191970.644,192787.187,150,70328,0
2026-08-23 18:55:00+00:00,192783.256,193582.89,192613.747,192911.702,150,70328,0
2026-08-23 19:00:00+00:00,192863.746,192889.35,191890.348,191890.348,150,70328,0
2026-08-23 19:05:00+00:00,191884.312,192003.301,190992.939,191140.495,150,70328,0
2026-08-23 19:10:00+00:00,191150.35,191334.549,190853.152,190981.768,150,70328,0
2026-08-23 19:15:00+00:00,190924.048,192020.596,190924.048,191972.206,150,70328,0
2026-08-23 19:20:00+00:00,191943.49,192788.28,191925.688,192756.538,150,70328,0
2026-08-23 19:25:00+00:00,192768.64,193039.279,192219.988,192270.238,150,70328,0
2026-08-23 19:30:00+00:00,192254.851,192498.577,192056.63,192498.577,150,70328,0
2026-08-23 19:35:00+00:00,192421.121,193598.941,192365.6,193055.506,150,70328,0
2026-08-23 19:40:00+00:00,193095.804,194113.097,193095.804,194113.097,150,70328,0
2026-08-23 19:45:00+00:00,194088.724,194333.753,193129.629,193363.506,150,70328,0
2026-08-23 19:50:00+00:00,193394.007,194749.249,193177.739,194656.304,150,70328,0
2026-08-23 19:55:00+00:00,194622.481,194746.076,194166.218,194192.911,150,70328,0
2026-08-23 20:00:00+00:00,194096.2,194251.571,193027.03,193346.491,150,70328,0
2026-08-23 20:05:00+00:00,193390.639,193459.496,192928.892,193382.898,150,70328,0
2026-08-23 20:10:00+00:00,193428.248,193639.886,193034.695,193388.134,150,70328,0
2026-08-23 20:15:00+00:00,193414.071,193520.85,192832.845,192953.0,150,70328,0
2026-08-23 20:20:00+00:00,192950.385,192950.385,192481.301,192492.69,150,70328,0
2026-08-23 20:25:00+00:00,192525.81,192749.168,192290.375,192457.988,150,70328,0
2026-08-23 20:30:00+00:00,192482.682,192598.053,192020.923,192300.984,150,70328,0
2026-08-23 20:35:00+00:00,192362.077,193668.646,192281.863,193596.527,150,70328,0
2026-08-23 20:40:00+00:00,193620.523,194505.342,193429.531,194478.36,150,70328,0
2026-08-23 20:45:00+00:00,194477.697,194602.247,193850.135,194382.43,150,70328,0
2026-08-23 20:50:00+00:00,194337.234,194577.814,193509.807,193712.363,150,70328,0
2026-08-23 20:55:00+00:00,193765.295,193912.261,193128.815,193809.005,150,70328,0
2026-08-23 21:00:00+00:00,193867.124,194928.722,193779.554,194849.913,150,70328,0
2026-08-23 21:05:00+00:00,194854.444,195017.716,194316.894,194767.316,150,70328,0
2026-08-23 21:10:00+00:00,194740.477,194892.711,194241.288,194835.61,150,70328,0
2026-08-23 21:15:00+00:00,194770.713,194781.383,194032.533,194056.758,150,70328,0
2026-08-23 21:20:00+00:00,194074.427,194318.675,193695.471,193761.62,150,70328,0
2026-08-23 21:25:00+00:00,193786.728,193951.212,193449.933,193766.67,150,70328,0
2026-08-23 21:30:00+00:00,193761.158,194244.967,193419.905,193419.905,150,70328,0
2026-08-23 21:35:00+00:00,193438.348,193906.984,193030.871,193906.984,150,70328,0
2026-08-23 21:40:00+00:00,193958.519,194432.345,193781.321,194257.419,150,70328,0
2026-08-23 21:45:00+00:00,194245.976,195084.455,194072.847,194952.929,150,70328,0
2026-08-23 21:50:00+00:00,194912.914,195054.33,194497.898,195032.247,150,70328,0
2026-08-23 21:55:00+00:00,195015.53,195074.522,194378.621,194972.291,150,70328,0
2026-08-23 22:00:00+00:00,194989.503,194989.503,193909.69,194019.339,150,70328,0
2026-08-23 22:05:00+00:00,194013.711,194219.378,193555.458,194153.83,150,70328,0
2026-08-23 22:10:00+00:00,194200.13,194637.213,193790.156,194182.698,150,70328,0
2026-08-23 22:15:00+00:00,194184.197,194300.76,193603.482,194004.938,150,70328,0
2026-08-23 22:20:00+00:00,193971.674,194389.74,193655.604,194254.388,150,70328,0
2026-08-23 22:25:00+00:00,194233.0,194270.983,193599.276,194237.556,150,70328,0
2026-08-23 22:30:00+00:00,194135.014,194436.944,193920.874,193935.668,150,70328,0
2026-08-23 22:35:00+00:00,193934.126,194065.305,192804.556,193225.44,150,70328,0
2026-08-23 22:40:00+00:00,193251.719,194221.448,193030.076,193814.807,150,70328,0
2026-08-23 22:45:00+00:00,193867.912,194451.944,193697.098,194122.389,150,70328,0
2026-08-23 22:50:00+00:00,194152.458,194152.458,193233.61,193421.24,150,70328,0
2026-08-23 22:55:00+00:00,193406.146,193839.841,193305.392,193448.611,150,70328,0
2026-08-23 23:00:00+00:00,193401.537,193939.266,193107.909,193178.591,150,70328,0
2026-08-23 23:05:00+00:00,193174.241,193843.781,192964.299,193730.218,150,70328,0
2026-08-23 23:10:00+00:00,193734.147,193784.648,192872.448,193294.752,150,70328,0
2026-08-23 23:15:00+00:00,193237.735,193453.447,192728.445,192895.812,150,70328,0
2026-08-23 23:20:00+00:00,192885.732,193065.11,192615.739,192977.412,150,70328,0
2026-08-23 23:25:00+00:00,192961.587,193341.017,192711.676,193052.727,150,70328,0
2026-08-23 23:30:00+00:00,193021.808,193103.276,192276.019,192594.734,150,70328,0
2026-08-23 23:35:00+00:00,192650.409,192909.019,191924.486,191924.486,150,70328,0
2026-08-23 23:40:00+00:00,191906.81,192152.936,191565.474,192051.517,150,70328,0
2026-08-23 23:45:00+00:00,192088.345,192200.088,191681.96,191803.13,150,70328,0
2026-08-23 23:50:00+00:00,191796.52,191812.992,191274.209,191576.082,150,70328,0
2026-08-23 23:55:00+00:00,191581.927,192030.117,191454.078,191543.504,150,70328,0
2026-08-24 00:00:00+00:00,191544.414,191544.414,190606.899,191072.942,150,70328,0
2026-08-24 00:05:00+00:00,191081.063,191482.909,190869.205,191305.789,150,70328,0
2026-08-24 00:10:00+00:00,191235.583,191654.247,191109.754,191109.754,150,70328,0
2026-08-24 00:15:00+00:00,191147.179,191562.725,190691.838,191515.085,150,70328,0
2026-08-24 00:20:00+00:00,191492.975,191730.799,190836.874,190988.813,150,70328,0
2026-08-24 00:25:00+00:00,190992.581,191692.296,190872.544,191504.944,150,70328,0
2026-08-24 00:30:00+00:00,191486.922,191822.119,191065.954,191095.888,150,70328,0
2026-08-24 00:35:00+00:00,191191.573,191728.516,190549.049,190833.601,150,70328,0
2026-08-24 00:40:00+00:00,190854.224,191759.252,190510.808,191483.221,150,70328,0
2026-08-24 00:45:00+00:00,191446.106,191799.721,191246.786,191246.786,150,70328,0
2026-08-24 00:50:00+00:00,191171.407,191610.819,191022.653,191079.552,150,70328,0
2026-08-24 00:55:00+00:00,191003.111,191894.95,190715.834,191894.95,150,70328,0
2026-08-24 01:00:00+00:00,191839.162,191982.278,191388.415,191512.631,150,70328,0
2026-08-24 01:05:00+00:00,191424.964,191676.975,191287.538,191473.336,150,70328,0
2026-08-24 01:10:00+00:00,191517.205,191790.047,190559.192,190647.355,150,70328,0
2026-08-24 01:15:00+00:00,190605.925,190783.945,189902.202,190030.323,150,70328,0
2026-08-24 01:20:00+00:00,190073.148,190287.451,189400.616,189508.898,150,70328,0
2026-08-24 01:25:00+00:00,189495.615,189495.615,188953.621,189253.127,150,70328,0
2026-08-24 01:30:00+00:00,189288.264,190514.577,189243.08,190514.577,129,70328,0
